seed,Method,StepSize,N,Ninit,initMethod,npc,nBatch,Time,C,W,RMSEphi1,RMSEphi2,RMSEphi3,RMSEphi1.avg,RMSEphi2.avg,RMSEphi3.avg
18,OnlineFPCA-sgd,0.1,0,100,face,3,5,6.35740375518799,3,1,1.4185383741035869,1.4284146319782933,0.4377987864689434,0.10957338018728638,0.36197680389038267,0.4377987864689434
18,OnlineFPCA-sgd,0.1,100,100,face,3,5,0.352074146270752,3,1,1.4028372726942873,1.3708110379212262,1.5092889792533444,NA,NA,NA
18,OnlineFPCA-sgd,0.1,200,100,face,3,5,0.200685262680054,3,1,1.3784953496664145,1.4212626913289048,1.4174366256314528,NA,NA,NA
18,OnlineFPCA-sgd,0.1,300,100,face,3,5,0.193518877029419,3,1,1.4799521138309493,1.3900750625417477,1.1694436218277717,NA,NA,NA
18,OnlineFPCA-sgd,0.1,400,100,face,3,5,0.204936027526855,3,1,1.1611861935592835,1.3387599057618962,0.7395377600932201,NA,NA,NA
18,OnlineFPCA-sgd,0.1,500,100,face,3,5,0.205527782440186,3,1,0.9875443759287835,1.1063464137099532,1.220598382164428,NA,NA,NA
18,OnlineFPCA-sgd,0.1,600,100,face,3,5,0.205572366714478,3,1,0.16210134681051663,0.54446455970393,0.9604459276014577,NA,NA,NA
18,OnlineFPCA-sgd,0.1,700,100,face,3,5,0.204868316650391,3,1,0.13225423688649646,0.5455905999630779,0.9895416334668612,NA,NA,NA
18,OnlineFPCA-sgd,0.1,800,100,face,3,5,0.206099987030029,3,1,0.11481713565655066,0.5490857604663142,0.8754829091140344,NA,NA,NA
18,OnlineFPCA-sgd,0.1,900,100,face,3,5,0.375495195388794,3,1,0.10148172485698652,0.5517398650531601,0.7818384113827961,NA,NA,NA
18,OnlineFPCA-sgd,0.1,1000,100,face,3,5,0.193862438201904,3,1,0.09283387842527432,0.5533424920894447,0.7131015993088158,NA,NA,NA
18,OnlineFPCA-sgd,0.1,1100,100,face,3,5,0.279909372329712,3,1,0.08223194974663607,0.5569777021605727,0.5796178108497656,1.4368798932395364,1.4653822889867505,0.6159463023809116
18,OnlineFPCA-sgd,0.1,1200,100,face,3,5,0.255940437316895,3,1,1.1367121540814717,1.0771597714654642,0.430581895850217,1.1198118951986762,1.1434083193884295,0.3618740159169191
18,OnlineFPCA-sgd,0.1,1300,100,face,3,5,0.252419233322144,3,1,0.9120170815386431,0.825254123713408,0.4324614451427304,0.9910026356729299,0.9938991577104714,0.33948302610666375
18,OnlineFPCA-sgd,0.1,1400,100,face,3,5,0.251577615737915,3,1,0.9117859203067546,0.8251817313265091,0.4323286454134388,0.9313696352064288,0.9224739688312548,0.34944542335686624
18,OnlineFPCA-sgd,0.1,1500,100,face,3,5,0.252950429916382,3,1,0.9116678561841833,0.8251208020902863,0.43226621858506387,0.8975735038187195,0.8796784933639173,0.3606817608188423
18,OnlineFPCA-sgd,0.1,1600,100,face,3,5,0.2473464012146,3,1,0.911505028862282,0.8250296325195953,0.43209183761168685,0.875902318866432,0.8510985782875512,0.3699743620044795
18,OnlineFPCA-sgd,0.1,1700,100,face,3,5,0.253961801528931,3,1,0.9112229145993136,0.8248818682802769,0.43190664295989906,0.8608708368137018,0.830646248636594,0.3773635238694977
18,OnlineFPCA-sgd,0.1,1800,100,face,3,5,0.25037145614624,3,1,0.9110270380236402,0.8247521094229254,0.4317765022233037,0.849854501490046,0.815281196285387,0.3832649252999595
18,OnlineFPCA-sgd,0.1,1900,100,face,3,5,0.254133939743042,3,1,0.9108288006609473,0.8245797570095421,0.43173969892101843,0.8414445736601254,0.8033170195032949,0.3880611373626082
18,OnlineFPCA-sgd,0.1,2000,100,face,3,5,0.254009246826172,3,1,0.9105931083645181,0.8243713632406926,0.43158087870689105,0.834827788154751,0.7937465570753106,0.39201134887476774
18,OnlineFPCA-sgd,0.1,2100,100,face,3,5,0.248642444610596,3,1,0.9098575562023615,0.823764958732338,0.43123332120877916,0.8295118785672901,0.7859372770151638,0.39529616148089614
18,OnlineFPCA-sgd,0.1,2200,100,face,3,5,0.247440099716187,3,1,0.9090845347943326,0.8232166480985337,0.4305665694960839,0.8251691821323167,0.7794738302830466,0.39803044255684683
18,OnlineFPCA-sgd,0.1,2300,100,face,3,5,0.248706817626953,3,1,0.9085990563595777,0.8229723306096288,0.4302821854855307,0.8215401901904463,0.7740183150198349,0.40034991768121475
18,OnlineFPCA-sgd,0.1,2400,100,face,3,5,0.263515710830688,3,1,0.9078602774690672,0.8224127795004094,0.4299038507268625,0.8184730674474404,0.7693569580583101,0.40234083441080004
18,OnlineFPCA-sgd,0.1,2500,100,face,3,5,0.267446756362915,3,1,0.9073691210137932,0.8220662647321364,0.4296529621502989,0.8158512281399586,0.7653471097796896,0.4040607871473491
18,OnlineFPCA-sgd,0.1,2600,100,face,3,5,0.252849817276001,3,1,0.906779632161747,0.8215017822518803,0.42902467998660404,0.8135905582983923,0.7618665817537543,0.4055533666590615
18,OnlineFPCA-sgd,0.1,2700,100,face,3,5,0.249814510345459,3,1,0.9058883069828568,0.8208591865132481,0.42864115212121845,0.8116355440674717,0.7588257615577381,0.40684666395608243
18,OnlineFPCA-sgd,0.1,2800,100,face,3,5,0.252197265625,3,1,0.9053972041883429,0.820513232205846,0.4285482509191011,0.8099275972383382,0.7561442288023948,0.4079931173405
18,OnlineFPCA-sgd,0.1,2900,100,face,3,5,0.249834060668945,3,1,0.9046538783628504,0.8200144979476619,0.42839959999360694,0.8084277957105342,0.7537647365565973,0.4090173113298189
18,OnlineFPCA-sgd,0.1,3000,100,face,3,5,0.250247240066528,3,1,0.9038341927583963,0.8191867188629355,0.42812097729073834,0.8071113272287581,0.751658646029487,0.4099332210538257
18,OnlineFPCA-sgd,0.1,3100,100,face,3,5,0.255326747894287,3,1,0.9034374872384169,0.8189173836331809,0.42779519352750156,0.8059390461840606,0.7497781902119829,0.41075558899859504
18,OnlineFPCA-sgd,0.1,3200,100,face,3,5,0.252696514129639,3,1,0.9028505408054326,0.8184941191040687,0.4277360629462182,0.8048790552550312,0.7480852492770693,0.41149670599949056
18,OnlineFPCA-sgd,0.1,3300,100,face,3,5,0.252335786819458,3,1,0.9022479935490172,0.8179753077187605,0.42756131932767916,0.8039323129515993,0.7465622999252455,0.41216808438068386
18,OnlineFPCA-sgd,0.1,3400,100,face,3,5,0.254002332687378,3,1,0.9014442408495494,0.817531967700059,0.42722490347900266,0.80308579600166,0.7451866517598464,0.41277902534237804
18,OnlineFPCA-sgd,0.1,3500,100,face,3,5,0.25678277015686,3,1,0.9007764321967431,0.8171663655460776,0.4268764722454877,0.8023235713339504,0.7439398944016086,0.4133288466820577
18,OnlineFPCA-sgd,0.1,3600,100,face,3,5,0.256119728088379,3,1,0.9003026832008448,0.8167927480118556,0.426457019009894,0.8016317816634093,0.7427999490135129,0.4138258776771401
18,OnlineFPCA-sgd,0.1,3700,100,face,3,5,0.256713390350342,3,1,0.8996009024742139,0.8163057429752363,0.4261544035913385,0.8010036648589975,0.741757895221522,0.4142708606592213
18,OnlineFPCA-sgd,0.1,3800,100,face,3,5,0.269283056259155,3,1,0.8986872699550358,0.8155579751845319,0.4256015020091968,0.8004387262040825,0.7408097717251826,0.4146702151949868
18,OnlineFPCA-sgd,0.1,3900,100,face,3,5,0.251269340515137,3,1,0.8980990840404005,0.815074426023899,0.4253654806273508,0.7999286537331252,0.7399451533243948,0.4150303547502471
18,OnlineFPCA-sgd,0.1,4000,100,face,3,5,0.254582405090332,3,1,0.8749735724314056,0.7929363595998664,0.4153577907505288,0.7994646507106637,0.7391526944528068,0.4153577907505288
18,OnlineFPCA-sgd,0.1,4100,100,face,3,5,0.250389337539673,3,1,0.8744036703889638,0.7925993909390205,0.4148369882634597,0.7995158569106758,0.73921772265079,0.4151485083484143
18,OnlineFPCA-sgd,0.1,4200,100,face,3,5,0.253469944000244,3,1,0.873755687394533,0.7922374863312767,0.41445011403463977,0.7996820260321299,0.7394053995014201,0.414893342539153
18,OnlineFPCA-sgd,0.1,4300,100,face,3,5,0.251371383666992,3,1,0.8731503245880696,0.7918641686158501,0.41413969063232725,0.7998650736161421,0.73962430815578,0.41466709366310894
18,OnlineFPCA-sgd,0.1,4400,100,face,3,5,0.254015922546387,3,1,0.8725814792187832,0.7914572692707909,0.4137885849739753,0.8000174525291421,0.7398090972375486,0.4144868731978951
18,OnlineFPCA-sgd,0.1,4500,100,face,3,5,0.251624584197998,3,1,0.8717500676842196,0.7906654236947691,0.4134223220608389,0.8001887599228029,0.7400363605894547,0.4143084049103778
18,OnlineFPCA-sgd,0.1,4600,100,face,3,5,0.252149105072021,3,1,0.8712548449926361,0.7902741523279201,0.4131545077670736,0.8003745096553666,0.7402777902824107,0.4141313678720517
18,OnlineFPCA-sgd,0.1,4700,100,face,3,5,0.253856897354126,3,1,0.8708628068635216,0.7898996795679972,0.41286724524723833,0.8005380008008296,0.7404905843552463,0.41396891298629074
18,OnlineFPCA-sgd,0.1,4800,100,face,3,5,0.253534317016602,3,1,0.8703269994120101,0.7892684943557483,0.4126890461591433,0.8007050405825407,0.7407138534515085,0.41381839199257675
18,OnlineFPCA-sgd,0.1,4900,100,face,3,5,0.251342296600342,3,1,0.8697026455393263,0.7888160478975933,0.4122698328797766,0.800883964801779,0.7409523021006237,0.4136825569767302
18,OnlineFPCA-sgd,0.1,5000,100,face,3,5,0.252684593200684,3,1,0.8692957784297061,0.7885741312976683,0.41187517254956124,0.801047996865056,0.7411723402889023,0.41352375306361805
18,OnlineFPCA-sgd,0.1,5100,100,face,3,5,0.0997562408447266,3,1,0.8690213899388514,0.7882786390756604,0.411469859961945,0.8012059864975799,0.7413764473674668,0.41334976934092543
18,OnlineFPCA-sgd,0.1,5200,100,face,3,5,0.103741407394409,3,1,0.8684092963420166,0.7881155233910986,0.41107195279917824,0.8013504807562134,0.7415687852165709,0.41317399733288285
18,OnlineFPCA-sgd,0.1,5300,100,face,3,5,0.111445426940918,3,1,0.8675054807828394,0.7872646924231439,0.4105665889458736,0.8014924005398385,0.7417733650938472,0.4129872549378477
18,OnlineFPCA-sgd,0.1,5400,100,face,3,5,0.0977451801300049,3,1,0.8670396657627255,0.7868363855551059,0.410182035356812,0.8016493476920974,0.7419984032449183,0.41279935843768
18,OnlineFPCA-sgd,0.1,5500,100,face,3,5,0.0969550609588623,3,1,0.8662353708445228,0.7862465879959455,0.40981266026661345,0.8018024749492586,0.7422206216683879,0.41261409199361215
18,OnlineFPCA-sgd,0.1,5600,100,face,3,5,0.0998270511627197,3,1,0.8656122197464245,0.7856314456127548,0.4095707544519173,0.801960376922014,0.7424460657658932,0.4124299901910848
18,OnlineFPCA-sgd,0.1,5700,100,face,3,5,0.0942976474761963,3,1,0.864974426263513,0.7850516589941359,0.40923967531241634,0.8021359768276338,0.7426951278907454,0.41224875075390593
18,OnlineFPCA-sgd,0.1,5800,100,face,3,5,0.100437164306641,3,1,0.8643192854430622,0.7845490846638603,0.4087344263537122,0.8023082540612703,0.7429376858142189,0.41207232817358797
18,OnlineFPCA-sgd,0.1,5900,100,face,3,5,0.0949175357818604,3,1,0.8639935845834694,0.7842853689099735,0.4085042612072427,0.8024791988111104,0.7431806581049023,0.4118883074538124
18,OnlineFPCA-sgd,0.1,6000,100,face,3,5,0.103595495223999,3,1,0.8633494876657335,0.7838570842515584,0.4081587000319629,0.8026510905936028,0.7434202822588554,0.4117124062807122
18,OnlineFPCA-sgd,0.1,6100,100,face,3,5,0.0949203968048096,3,1,0.8627605047637326,0.7834349010420214,0.4081759151088059,0.8028210951905463,0.743655505940663,0.4115456901969747
18,OnlineFPCA-sgd,0.1,6200,100,face,3,5,0.0979290008544922,3,1,0.8621067852522566,0.7830527407082387,0.40770526967479087,0.8029926539747684,0.7438911005054761,0.4113842882476814
18,OnlineFPCA-sgd,0.1,6300,100,face,3,5,0.0993125438690186,3,1,0.8615492605338803,0.7827036013862066,0.40740048321473116,0.8031651257970118,0.7441194885268734,0.4112190859763068
18,OnlineFPCA-sgd,0.1,6400,100,face,3,5,0.0955898761749268,3,1,0.8610027131870096,0.7824470740789482,0.40698869605399457,0.8033404901693968,0.7443372585369178,0.4110482297619045
18,OnlineFPCA-sgd,0.1,6500,100,face,3,5,0.102025508880615,3,1,0.8606049937932002,0.7821365982147709,0.4068009744032347,0.8035109708430729,0.7445501448583317,0.41088139836587473
18,OnlineFPCA-sgd,0.1,6600,100,face,3,5,0.0958783626556396,3,1,0.8601338137432257,0.781896740204545,0.4065956760851316,0.8036754441581997,0.7447619878742049,0.4107209164812032
18,OnlineFPCA-sgd,0.1,6700,100,face,3,5,0.112270832061768,3,1,0.8594546905105612,0.7815257081115564,0.4060547672620183,0.8038382567234509,0.7449725100316953,0.41056002083009274
18,OnlineFPCA-sgd,0.1,6800,100,face,3,5,0.0954844951629639,3,1,0.8589024358993328,0.7811813388289207,0.40576643935745127,0.8039998346156838,0.7451784512136719,0.4103934601640325
18,OnlineFPCA-sgd,0.1,6900,100,face,3,5,0.101508378982544,3,1,0.8583600008408188,0.7806990898833415,0.40567543614021906,0.8041597311194032,0.7453828579924564,0.4102343379903426
18,OnlineFPCA-sgd,0.1,7000,100,face,3,5,0.0962982177734375,3,1,0.8577309436004399,0.7801785413531612,0.4053638520402417,0.8043239390175,0.7455912168897667,0.41007925699156034
18,OnlineFPCA-sgd,0.1,7100,100,face,3,5,0.101367712020874,3,1,0.8569713931976602,0.7795656882116425,0.4049964235235446,0.8044950130121459,0.745803606468115,0.4099214441713841
18,OnlineFPCA-sgd,0.1,7200,100,face,3,5,0.0963640213012695,3,1,0.8562104362576695,0.7790054106132505,0.4043262697849591,0.8046713163748543,0.7460224606805129,0.40975245476086875
18,OnlineFPCA-sgd,0.1,7300,100,face,3,5,0.102219581604004,3,1,0.8557517547707085,0.7787536677424318,0.4040961210296178,0.8048428730916037,0.7462364313732384,0.4095831266471144
18,OnlineFPCA-sgd,0.1,7400,100,face,3,5,0.0966289043426514,3,1,0.8550813219194604,0.7782061411031069,0.4037322033969191,0.8050130203227828,0.7464455877766313,0.4094159185647932
18,OnlineFPCA-sgd,0.1,7500,100,face,3,5,0.0968663692474365,3,1,0.8545898129013899,0.7778746749412059,0.403411470410418,0.8051816440622133,0.7466574996614426,0.4092473720151242
18,OnlineFPCA-sgd,0.1,7600,100,face,3,5,0.10328221321106,3,1,0.8540608255766211,0.7773045673568111,0.4027887914411631,0.8053497053379042,0.7468712563322871,0.40907581343758787
18,OnlineFPCA-sgd,0.1,7700,100,face,3,5,0.0961112976074219,3,1,0.8532349571499959,0.7766839033587344,0.4024386448343384,0.8055219009215975,0.7470878494087972,0.4088990921901469
18,OnlineFPCA-sgd,0.1,7800,100,face,3,5,0.102483034133911,3,1,0.8527972577752583,0.7763390974494353,0.40234596750406554,0.8056952074947868,0.7473036896838011,0.4087267048645916
18,OnlineFPCA-sgd,0.1,7900,100,face,3,5,0.0962302684783936,3,1,0.8520944626170951,0.7758567459973303,0.4021891157634592,0.8058702765871536,0.7475186706497686,0.40855884755993216
18,OnlineFPCA-sgd,0.1,8000,100,face,3,5,0.103136777877808,3,1,0.8513053225845848,0.7750276024746545,0.40190456506604383,0.806050358457183,0.7477408044236661,0.408393946894054
18,OnlineFPCA-sgd,0.1,8100,100,face,3,5,0.0991683006286621,3,1,0.8509363932764364,0.7747562732030481,0.4015996714569439,0.806229603676626,0.7479655779833954,0.4082316352581753
18,OnlineFPCA-sgd,0.1,8200,100,face,3,5,0.0986161231994629,3,1,0.8503956622555229,0.7743310343246831,0.4015419649138447,0.8064019300807623,0.7481889691094726,0.4080721826614131
18,OnlineFPCA-sgd,0.1,8300,100,face,3,5,0.0995075702667236,3,1,0.8498016800265003,0.7738323903761646,0.40137274164211567,0.8065760014346195,0.7484144404029889,0.4079160970968285
18,OnlineFPCA-sgd,0.1,8400,100,face,3,5,0.0986213684082031,3,1,0.849050720361058,0.7734155626981389,0.40103060803112356,0.8067526792740305,0.74864054502035,0.40776301772312096
18,OnlineFPCA-sgd,0.1,8500,100,face,3,5,0.103186845779419,3,1,0.8484666425345917,0.77308094053519,0.40069998924679917,0.8069292637403422,0.7488667092833311,0.4076092537144865
18,OnlineFPCA-sgd,0.1,8600,100,face,3,5,0.0959515571594238,3,1,0.8480465396090296,0.7727257959026628,0.40034702919513543,0.8071037064151744,0.7490891011902208,0.40745643499945833
18,OnlineFPCA-sgd,0.1,8700,100,face,3,5,0.102111101150513,3,1,0.847430547310692,0.7722828927917625,0.40008717656505455,0.8072768407067804,0.7493094637090547,0.4073018577050956
18,OnlineFPCA-sgd,0.1,8800,100,face,3,5,0.0966613292694092,3,1,0.8465804460556775,0.7715779529184277,0.39959455072895667,0.8074522681873171,0.7495313482447987,0.40714614861630394
18,OnlineFPCA-sgd,0.1,8900,100,face,3,5,0.102891206741333,3,1,0.8460447323280045,0.7711423304158583,0.39937417209129783,0.8076293359814456,0.7497542338410496,0.40698998573610823
18,OnlineFPCA-sgd,0.1,9000,100,face,3,5,0.0971229076385498,3,1,0.8458499468321101,0.771025451453267,0.39918537409458926,0.8078056109303307,0.7499760329314538,0.40683485796738783
18,OnlineFPCA-sgd,0.1,9100,100,face,3,5,0.0988438129425049,3,1,0.8452504448814921,0.7706786086606956,0.39864466501333956,0.8079779910261813,0.7501926069712986,0.40668046558874443
18,OnlineFPCA-sgd,0.1,9200,100,face,3,5,0.100252389907837,3,1,0.8445861370513763,0.770297673802979,0.39824287338219383,0.8081504551742261,0.7504082494713641,0.40652183580799417
18,OnlineFPCA-sgd,0.1,9300,100,face,3,5,0.0985579490661621,3,1,0.843933325799535,0.7699122512189724,0.3979486620069532,0.8083240573838848,0.7506251127953293,0.4063609643491862
18,OnlineFPCA-sgd,0.1,9400,100,face,3,5,0.102466583251953,3,1,0.8433853991215733,0.7695221625537372,0.3976082471056059,0.8084961097492135,0.7508396594282298,0.40620163528076114
18,OnlineFPCA-sgd,0.1,9500,100,face,3,5,0.0963397026062012,3,1,0.8425943435955741,0.7687357741343087,0.39725267491079036,0.8086690869373897,0.7510570582744152,0.40604186385497515
18,OnlineFPCA-sgd,0.1,9600,100,face,3,5,0.101999044418335,3,1,0.8421515174319473,0.7683535039075615,0.3970091666902839,0.8088432214023891,0.7512758702913296,0.40588208367438233
18,OnlineFPCA-sgd,0.1,9700,100,face,3,5,0.0949292182922363,3,1,0.8417674626110956,0.7679542242148767,0.3967352748001354,0.8090149818066608,0.7514920647192097,0.4057234943026581
18,OnlineFPCA-sgd,0.1,9800,100,face,3,5,0.100562810897827,3,1,0.8412546423270443,0.7673398874918972,0.3965121975198554,0.8091866529147449,0.7517090886558102,0.40556634363006155
18,OnlineFPCA-sgd,0.1,9900,100,face,3,5,0.0953326225280762,3,1,0.8406509105660483,0.7669062002808171,0.3961212576981695,0.8093598189826307,0.7519281744024596,0.4054116275930781
18,OnlineFPCA-sgd,0.1,10000,100,face,3,5,0.0971438884735107,3,1,0.8402523305638748,0.7666520180240897,0.3957350093895909,0.8095308646859692,0.7521448865564238,0.4052536256170101
18,OnlineFPCA-sgd,0.1,10100,100,face,3,5,0.097243070602417,3,1,0.8399510917295143,0.7663384908254969,0.3952822226256433,0.8097006905750637,0.7523588636952124,0.4050926247391205
18,OnlineFPCA-sgd,0.1,10200,100,face,3,5,0.0970866680145264,3,1,0.8393913397888988,0.7661812917143185,0.3948925008444208,0.8098675107798388,0.7525702737597071,0.40493061292714755
18,OnlineFPCA-sgd,0.1,10300,100,face,3,5,0.0981171131134033,3,1,0.8385632624545644,0.7653596242397444,0.39441652006328415,0.8100327418451233,0.7527833696613574,0.40476633628053893
18,OnlineFPCA-sgd,0.1,10400,100,face,3,5,0.0947363376617432,3,1,0.838119572811036,0.7649254743808067,0.39402338913722196,0.810200026616768,0.7530002349556117,0.40460122937004767
18,OnlineFPCA-sgd,0.1,10500,100,face,3,5,0.101142168045044,3,1,0.8373504600382635,0.7643400328252495,0.3936489855544217,0.8103661435724413,0.7532167327017868,0.40443603625320146
18,OnlineFPCA-sgd,0.1,10600,100,face,3,5,0.0950288772583008,3,1,0.8367447835231279,0.7637200004562159,0.3934159722021656,0.8105329210081753,0.7534341165792243,0.4042703412096494
18,OnlineFPCA-sgd,0.1,10700,100,face,3,5,0.10079288482666,3,1,0.8361196594809822,0.7631483658154198,0.39305846300202263,0.8107037155518352,0.7536574957869132,0.4041045545453346
18,OnlineFPCA-sgd,0.1,10800,100,face,3,5,0.0957345962524414,3,1,0.8354835254889412,0.7626350452072816,0.39253764702777844,0.8108738001926045,0.7538798325179775,0.4039395978301581
18,OnlineFPCA-sgd,0.1,10900,100,face,3,5,0.101500034332275,3,1,0.8351425521511119,0.7623648177164839,0.39227807462957726,0.8110434855930815,0.7541029980784754,0.40377177409135684
18,OnlineFPCA-sgd,0.1,11000,100,face,3,5,0.0981593132019043,3,1,0.8345374500992635,0.7619356534791564,0.3919236536680211,0.8112135823734982,0.7543257361624128,0.4036055584230599
18,OnlineFPCA-sgd,0.1,11100,100,face,3,5,0.0978987216949463,3,1,0.8339375403394476,0.7615246319145873,0.39195288076025325,0.8113833024569098,0.7545477934827111,0.40344176441998664
18,OnlineFPCA-sgd,0.1,11200,100,face,3,5,0.0990273952484131,3,1,0.833306926000043,0.7611575638560619,0.3914647283760592,0.8115535069989958,0.7547701119327576,0.4032796608083268
18,OnlineFPCA-sgd,0.1,11300,100,face,3,5,0.0957622528076172,3,1,0.8327462406718429,0.7607932253173342,0.39113435788929374,0.8117239318071509,0.7549902618977409,0.40311595664504046
18,OnlineFPCA-sgd,0.1,11400,100,face,3,5,0.101472616195679,3,1,0.8322025156441358,0.7605559002012992,0.3907005840289313,0.8118953939120854,0.755206788334761,0.4029498414600254
18,OnlineFPCA-sgd,0.1,11500,100,face,3,5,0.0965912342071533,3,1,0.831813058374957,0.7602471884628863,0.3905488950665338,0.8120654652738094,0.7554216453065367,0.40278535785567865
18,OnlineFPCA-sgd,0.1,11600,100,face,3,5,0.101946830749512,3,1,0.8313732242911739,0.7600170740754916,0.39037918396904925,0.8122336066925899,0.7556358966976983,0.40262332560337954
18,OnlineFPCA-sgd,0.1,11700,100,face,3,5,0.0970611572265625,3,1,0.830727718553553,0.7596710303856326,0.3898423161351684,0.8124009375023247,0.7558494080025102,0.40246126151435385
18,OnlineFPCA-sgd,0.1,11800,100,face,3,5,0.0996513366699219,3,1,0.8301804908297429,0.7593297623398544,0.38958690220664194,0.8125676667040772,0.7560609716450893,0.40229745940869405
18,OnlineFPCA-sgd,0.1,11900,100,face,3,5,0.100496292114258,3,1,0.8296508300984727,0.7588374236615772,0.3894862312653362,0.8127337193012365,0.7562718503810464,0.402136430099122
18,OnlineFPCA-sgd,0.1,12000,100,face,3,5,0.0968258380889893,3,1,0.8290675834644129,0.7583502737240763,0.38923743786989656,0.8129012361797814,0.7564839827484565,0.40197734494244225
18,OnlineFPCA-sgd,0.1,12100,100,face,3,5,0.104166507720947,3,1,0.8283390571451194,0.7577522614339577,0.3888623988447591,0.8130710989913992,0.7566972094231718,0.4018178114790981
18,OnlineFPCA-sgd,0.1,12200,100,face,3,5,0.0965569019317627,3,1,0.8275967409508337,0.7572007965204909,0.3881915838966944,0.8132426686315941,0.7569124955751692,0.40165373483344946
18,OnlineFPCA-sgd,0.1,12300,100,face,3,5,0.104386806488037,3,1,0.8271652621137858,0.7569588305743418,0.3879883999867852,0.8134124321324288,0.7571258255724654,0.40148958151491004
18,OnlineFPCA-sgd,0.1,12400,100,face,3,5,0.0982983112335205,3,1,0.826555470512733,0.7564327528664634,0.38762318663479145,0.8135816209805692,0.7573369279348444,0.40132637961210127
18,OnlineFPCA-sgd,0.1,12500,100,face,3,5,0.103052616119385,3,1,0.8260757933755214,0.7561175648347699,0.387236604911081,0.8137500877459427,0.7575489199448315,0.40116209183089707
18,OnlineFPCA-sgd,0.1,12600,100,face,3,5,0.0998334884643555,3,1,0.825597810369586,0.7555436002292599,0.3865957935966407,0.813918155931416,0.7577614317616382,0.4009959033980463
18,OnlineFPCA-sgd,0.1,12700,100,face,3,5,0.09942626953125,3,1,0.824826999467802,0.754949678431509,0.38626335299145204,0.8140877532765898,0.7579748779525904,0.40082748314759065
18,OnlineFPCA-sgd,0.1,12800,100,face,3,5,0.0998945236206055,3,1,0.8244295624842256,0.7546127782707648,0.3861624274159696,0.814257671410637,0.7581878017639336,0.4006607985446784
18,OnlineFPCA-sgd,0.1,12900,100,face,3,5,0.0958659648895264,3,1,0.8237608248241511,0.7541426876781326,0.38599448152487364,0.8144283837329653,0.7584002834087017,0.40049577772179124
18,OnlineFPCA-sgd,0.1,13000,100,face,3,5,0.102267026901245,3,1,0.8230078351295278,0.7533243890738494,0.38568290477850437,0.8146012106598416,0.7586156987206097,0.4003318770511217
18,OnlineFPCA-sgd,0.1,13100,100,face,3,5,0.0964784622192383,3,1,0.822660076387537,0.7530531204097778,0.38538586352769305,0.8147737777999231,0.758832335095731,0.4001689889688958
18,OnlineFPCA-sgd,0.1,13200,100,face,3,5,0.10352087020874,3,1,0.8221471844854892,0.7526275466524195,0.3853365476583736,0.8149432575903711,0.7590485046179013,0.4000075009505095
18,OnlineFPCA-sgd,0.1,13300,100,face,3,5,0.0962667465209961,3,1,0.8215644106853842,0.7521487636669811,0.3851608051300869,0.8151135417045265,0.759265712141072,0.39984764007702966
18,OnlineFPCA-sgd,0.1,13400,100,face,3,5,0.101754426956177,3,1,0.820838101379427,0.7517433103208997,0.3848028038713642,0.8152850939439525,0.7594831908382043,0.39968906637003776
18,OnlineFPCA-sgd,0.1,13500,100,face,3,5,0.0957708358764648,3,1,0.8203011234439505,0.7514182875666339,0.3844727946997481,0.8154565807657167,0.7597007795664433,0.399530246997585
18,OnlineFPCA-sgd,0.1,13600,100,face,3,5,0.0981731414794922,3,1,0.8199098586479838,0.7510768743945574,0.38415547089986685,0.8156270176000269,0.7599165964153716,0.39937222005300577
18,OnlineFPCA-sgd,0.1,13700,100,face,3,5,0.0994138717651367,3,1,0.819338748156849,0.7506616196026809,0.38390715303805956,0.8157967210311925,0.7601313603451539,0.3992136631346192
18,OnlineFPCA-sgd,0.1,13800,100,face,3,5,0.0951416492462158,3,1,0.8185260783858661,0.7499780561551777,0.3834365803922578,0.8159674106442389,0.7603467153489059,0.3990548306064078
18,OnlineFPCA-sgd,0.1,13900,100,face,3,5,0.250065803527832,3,1,0.8180157300702195,0.7495622964023017,0.3832122255067359,0.8161389516099581,0.7605624207811755,0.3988959218931892
18,OnlineFPCA-sgd,0.1,14000,100,face,3,5,0.0956676006317139,3,1,0.8178423819375996,0.7494369904897868,0.38302916675550563,0.8163101056185026,0.7607774949716998,0.39873758905657336
18,OnlineFPCA-sgd,0.1,14100,100,face,3,5,0.100617647171021,3,1,0.8172656234369353,0.7491065979614293,0.3825180608684472,0.8164793722362238,0.7609899450696057,0.39857984308286454
18,OnlineFPCA-sgd,0.1,14200,100,face,3,5,0.0957107543945312,3,1,0.816634784479538,0.7487384085783853,0.38211654812063767,0.8166486191646035,0.7612017876008451,0.39842018647928723
18,OnlineFPCA-sgd,0.1,14300,100,face,3,5,0.101071834564209,3,1,0.8159871589635104,0.7483704152442292,0.381843412900412,0.8168183912880934,0.7614141641290346,0.3982594533726878
18,OnlineFPCA-sgd,0.1,14400,100,face,3,5,0.0959010124206543,3,1,0.8154836345193089,0.7480158124571568,0.38151754684104044,0.8169873917932478,0.7616252529200912,0.39809971798067917
18,OnlineFPCA-sgd,0.1,14500,100,face,3,5,0.101122617721558,3,1,0.8147683103444561,0.7472803728989702,0.38118819633221906,0.8171566686954647,0.761837544084022,0.39793997453325064
18,OnlineFPCA-sgd,0.1,14600,100,face,3,5,0.0959677696228027,3,1,0.8143792590730349,0.746922663771791,0.38096105524737023,0.8173262976750976,0.7620501779967432,0.3977804704625503
18,OnlineFPCA-sgd,0.1,14700,100,face,3,5,0.0979073047637939,3,1,0.81401691122002,0.7465253338250298,0.38070655281519106,0.817494614568329,0.7622614018827982,0.3976216331042219
18,OnlineFPCA-sgd,0.1,14800,100,face,3,5,0.0987346172332764,3,1,0.8135503502260801,0.7459518329307858,0.3804697750745642,0.8176626886264419,0.7624727444676801,0.3974636965367562
18,OnlineFPCA-sgd,0.1,14900,100,face,3,5,0.0951809883117676,3,1,0.812973038356371,0.745543619352159,0.3800975177301456,0.8178314278193404,0.7626849014642854,0.39730710655485757
18,OnlineFPCA-sgd,0.1,15000,100,face,3,5,0.101630926132202,3,1,0.8125950198935744,0.7452928285182143,0.3797318180927405,0.8179990870911377,0.7628957713556692,0.3971488436404574
18,OnlineFPCA-sgd,0.1,0,100,face,3,5,6.35740375518799,4,1,2.0011133431060673,1.99867369630776,0.4377987864689434,2.0011133431060673,1.99867369630776,0.4377987864689434
18,OnlineFPCA-sgd,0.1,100,100,face,3,5,0.24617600440979,4,1,1.9388645366989086,1.625562893538898,1.509283280653943,NA,NA,NA
18,OnlineFPCA-sgd,0.1,200,100,face,3,5,0.244869947433472,4,1,1.874146005430976,1.0017888446739656,1.9069351732412947,NA,NA,NA
18,OnlineFPCA-sgd,0.1,300,100,face,3,5,0.24204158782959,4,1,1.82355919604063,1.7556143803907927,1.2186238339912776,NA,NA,NA
18,OnlineFPCA-sgd,0.1,400,100,face,3,5,0.241939783096313,4,1,1.958884092042591,0.3737910291405065,1.344435650948134,NA,NA,NA
18,OnlineFPCA-sgd,0.1,500,100,face,3,5,0.243744373321533,4,1,0.6188882052095204,0.8654195906163632,1.0001313232281042,NA,NA,NA
18,OnlineFPCA-sgd,0.1,600,100,face,3,5,0.245380163192749,4,1,0.6046819812570412,0.8585386375570769,0.9912472338790106,NA,NA,NA
18,OnlineFPCA-sgd,0.1,700,100,face,3,5,0.245695352554321,4,1,0.5938619507607595,0.852022734947592,0.9872934793157797,NA,NA,NA
18,OnlineFPCA-sgd,0.1,800,100,face,3,5,0.244283676147461,4,1,0.5717616441648453,0.8308129001142974,0.9750704251064253,NA,NA,NA
18,OnlineFPCA-sgd,0.1,900,100,face,3,5,0.245983839035034,4,1,0.5336674081248509,0.7898563829151392,0.944265300525605,NA,NA,NA
18,OnlineFPCA-sgd,0.1,1000,100,face,3,5,0.249712467193604,4,1,0.5060737158992558,0.7865002253039411,0.9074669419719579,NA,NA,NA
18,OnlineFPCA-sgd,0.1,1100,100,face,3,5,0.342359066009521,4,1,0.44194163647047796,0.7738020782751396,0.7906552081660926,0.45981122301702987,0.7803569201680756,0.8180993326847178
18,OnlineFPCA-sgd,0.1,1200,100,face,3,5,0.34681248664856,4,1,0.35233857911370325,0.74616277542327,0.7522116718612574,0.42333431267894156,0.7704675832692586,0.7849422076476728
18,OnlineFPCA-sgd,0.1,1300,100,face,3,5,0.338351964950562,4,1,0.9102429030724855,0.8035155830640954,0.6751955193793736,0.225587110141119,0.7245341322291198,0.7529032437022256
18,OnlineFPCA-sgd,0.1,1400,100,face,3,5,0.347857713699341,4,1,0.2750781146781909,0.7283022379315107,0.7094499635392489,0.16574447158348607,0.7095113743061823,0.7250715004594483
18,OnlineFPCA-sgd,0.1,1500,100,face,3,5,0.349858045578003,4,1,0.8971600518157021,0.6899067776294288,0.6546491817382468,0.14527612419804467,0.7023254919357237,0.7088038063288049
18,OnlineFPCA-sgd,0.1,1600,100,face,3,5,0.341803073883057,4,1,0.20184676182384773,0.6795024274093383,0.6595323276032973,0.1366048131437968,0.6970285134543344,0.6965813724498676
18,OnlineFPCA-sgd,0.1,1700,100,face,3,5,0.337725639343262,4,1,0.1967162139405736,0.6751736715869445,0.6562423980031771,0.13592382991261814,0.6931021772933448,0.6885187809833828
18,OnlineFPCA-sgd,0.1,1800,100,face,3,5,0.337305307388306,4,1,0.19277817285822213,0.6724453594865077,0.655354586830591,0.1374704965632435,0.6899774940616686,0.682669900950408
18,OnlineFPCA-sgd,0.1,1900,100,face,3,5,0.334725141525269,4,1,0.18834242571691617,0.6724633711447299,0.6558378173695887,0.13923455979202065,0.6875135694017251,0.6783837529164304
18,OnlineFPCA-sgd,0.1,2000,100,face,3,5,0.336540937423706,4,1,0.18704555088702027,0.6703405165299762,0.6561495674111034,0.14115874450293675,0.6855201622644165,0.6752284397031922
18,OnlineFPCA-sgd,0.1,2100,100,face,3,5,0.328339576721191,4,1,0.20616595705308013,0.6440214897443886,0.6488277513300381,0.1379565310508949,0.6822021836210738,0.6733094674554208
18,OnlineFPCA-sgd,0.1,2200,100,face,3,5,0.322027444839478,4,1,0.2984564092463821,0.5823551136858748,0.590713586925972,0.12974649345472214,0.6742558261768743,0.6676255625341326
18,OnlineFPCA-sgd,0.1,2300,100,face,3,5,0.331110000610352,4,1,0.10064128546166798,0.5751818610678456,0.5797181067785895,0.12247187509666264,0.6649607287648771,0.6607091227797947
18,OnlineFPCA-sgd,0.1,2400,100,face,3,5,0.332486867904663,4,1,0.2586936123033039,0.5913709264286905,0.5412876208338652,0.11817099152087979,0.6576324158291273,0.6537188385139642
18,OnlineFPCA-sgd,0.1,2500,100,face,3,5,0.353635311126709,4,1,0.21951707388385946,0.5238450004706973,0.5212530792537993,0.11041578298087379,0.648703410819261,0.6432789133105422
18,OnlineFPCA-sgd,0.1,2600,100,face,3,5,0.33084774017334,4,1,0.2723892157389807,0.5012459980674138,0.48034899780238427,0.09809708313429089,0.6382321660107734,0.6318282776674393
18,OnlineFPCA-sgd,0.1,2700,100,face,3,5,0.326899528503418,4,1,0.31358987769365326,0.5403874797724189,0.5004969304646707,0.0933479031813102,0.6287577812780214,0.6214848856628455
18,OnlineFPCA-sgd,0.1,2800,100,face,3,5,0.325347185134888,4,1,0.15943830884161067,0.5241710223235679,0.49049788623738705,0.09234597627013968,0.6222594884737204,0.6140862495502556
18,OnlineFPCA-sgd,0.1,2900,100,face,3,5,0.326748847961426,4,1,0.17650271556636515,0.5233154183513493,0.4934093274398854,0.09157255212811018,0.6156551838969879,0.6070917105051707
18,OnlineFPCA-sgd,0.1,3000,100,face,3,5,0.329292297363281,4,1,0.2260463134451779,0.48510857346798913,0.5006540294067766,0.08655638304933727,0.6097427720868549,0.6003446989304804
18,OnlineFPCA-sgd,0.1,3100,100,face,3,5,0.329248666763306,4,1,0.2102550337603394,0.4191852745753311,0.49460264846513563,0.08301678101011632,0.6001624147076788,0.5905581087299435
18,OnlineFPCA-sgd,0.1,3200,100,face,3,5,0.328099250793457,4,1,0.3419700248166601,0.4010111080225524,0.45195526721700874,0.07833899895915604,0.5881877497798227,0.5792050346951274
18,OnlineFPCA-sgd,0.1,3300,100,face,3,5,0.327286958694458,4,1,0.27738518514645316,0.45611622032670196,0.47258830883082004,0.0784309898056471,0.5770783757949663,0.5697983518483606
18,OnlineFPCA-sgd,0.1,3400,100,face,3,5,0.325497627258301,4,1,0.2201440928490087,0.42400845805686393,0.41094338954861415,0.08042389634570084,0.5691982484902555,0.5617885110698145
18,OnlineFPCA-sgd,0.1,3500,100,face,3,5,0.328393936157227,4,1,0.19097014736689874,0.34823504769212454,0.40964854330527484,0.07782698185116303,0.5605763432440669,0.5544856479646442
18,OnlineFPCA-sgd,0.1,3600,100,face,3,5,0.328264951705933,4,1,0.06191717948336015,0.38023099108196023,0.41637633594618967,0.07544427757017547,0.5527167844668903,0.5478092804383061
18,OnlineFPCA-sgd,0.1,3700,100,face,3,5,0.341196775436401,4,1,0.1632121218105903,0.3565283423119874,0.3790584584980674,0.0742341924683428,0.5448621256677418,0.5417707883673204
18,OnlineFPCA-sgd,0.1,3800,100,face,3,5,0.327861309051514,4,1,0.20128784296860136,0.3977022514353762,0.36281782723574485,0.07382984723122371,0.5367970653095008,0.5348301365750614
18,OnlineFPCA-sgd,0.1,3900,100,face,3,5,0.328283548355103,4,1,0.1547243711702597,0.3540396954373638,0.3603453502505031,0.07522728675563115,0.5284926907508111,0.5272488946162749
18,OnlineFPCA-sgd,0.1,4000,100,face,3,5,0.328925609588623,4,1,0.0729468579465233,0.5225476684169634,0.5212055558206266,0.0729468579465233,0.5225476684169634,0.5212055558206266
18,OnlineFPCA-sgd,0.1,4100,100,face,3,5,0.327634811401367,4,1,0.17339017162014592,0.46604323949322074,0.48956920103924984,0.0569983580751947,0.47962458824164583,0.4861114338828919
18,OnlineFPCA-sgd,0.1,4200,100,face,3,5,0.32958197593689,4,1,0.31519061430471024,0.46024730937786057,0.4539861174215685,0.05285786349700729,0.46658113666020296,0.47309084973410404
18,OnlineFPCA-sgd,0.1,4300,100,face,3,5,0.331194639205933,4,1,0.10123236949344878,0.42209305501028443,0.4515728228386156,0.04992820512766018,0.4553218517069317,0.4648712624008828
18,OnlineFPCA-sgd,0.1,4400,100,face,3,5,0.329941511154175,4,1,0.1828077868643973,0.4141656212482856,0.4069000621464481,0.04554648524830171,0.4414119378382242,0.45221836826982625
18,OnlineFPCA-sgd,0.1,4500,100,face,3,5,0.331243276596069,4,1,0.38043776216028213,0.44797099901520887,0.44399560452976333,0.03813629070929386,0.4316794146736378,0.4442647191869878
18,OnlineFPCA-sgd,0.1,4600,100,face,3,5,0.325222492218018,4,1,0.23598014121930097,0.448314734518951,0.41171823704916455,0.059873640738041065,0.4251269628376798,0.4395397950716001
18,OnlineFPCA-sgd,0.1,4700,100,face,3,5,0.329111576080322,4,1,0.1584940090536701,0.3995739332687947,0.3784427826389158,0.06430221069007287,0.41581879985177866,0.42978181436832297
18,OnlineFPCA-sgd,0.1,4800,100,face,3,5,0.341128826141357,4,1,0.1280934903325736,0.3449723463372015,0.41289216318318056,0.06878297055373957,0.4080947060354893,0.42351210804902173
18,OnlineFPCA-sgd,0.1,4900,100,face,3,5,0.32858419418335,4,1,0.11507300835519274,0.3852555305922939,0.365394949183959,0.06489780790541225,0.39890845765086763,0.4194213967006777
18,OnlineFPCA-sgd,0.1,5000,100,face,3,5,0.329709768295288,4,1,0.19187486982669927,0.36393357919811326,0.3661528816107019,0.062127058004599924,0.3892679752073285,0.4111241319568169
18,OnlineFPCA-sgd,0.1,5100,100,face,3,5,0.09934401512146,4,1,0.13542184248390926,0.3241473312866193,0.32228422037920657,0.05770979982151092,0.3807562774536574,0.40125780740504124
18,OnlineFPCA-sgd,0.1,5200,100,face,3,5,0.099128246307373,4,1,0.1863200288627601,0.2894053222866366,0.3375688186375135,0.05216841055841327,0.37292619599341853,0.39212689529593
18,OnlineFPCA-sgd,0.1,5300,100,face,3,5,0.0998008251190186,4,1,0.1249278355462161,0.32046980757005783,0.31541242874677744,0.04940580906673197,0.3649575850448443,0.38564252381753894
18,OnlineFPCA-sgd,0.1,5400,100,face,3,5,0.0995304584503174,4,1,0.1233802692033361,0.2668530687948816,0.2815704845945956,0.047245364610643215,0.3583953752735254,0.37906758397881046
18,OnlineFPCA-sgd,0.1,5500,100,face,3,5,0.0995943546295166,4,1,0.14080113894648022,0.24912953084179781,0.2770431556523433,0.04685534039352853,0.3502083449361037,0.3723475257015105
18,OnlineFPCA-sgd,0.1,5600,100,face,3,5,0.0996932983398438,4,1,0.20169837218646,0.253941836739849,0.2613058593487568,0.04807951874322273,0.34167365979566716,0.3642989725344585
18,OnlineFPCA-sgd,0.1,5700,100,face,3,5,0.0990138053894043,4,1,0.1379943944131401,0.22973960108023367,0.27179924406810313,0.04487372187937763,0.3342798408646941,0.3557722793298337
18,OnlineFPCA-sgd,0.1,5800,100,face,3,5,0.111327648162842,4,1,0.11970654687976524,0.24297224220436583,0.27668461780267545,0.043061847930695764,0.3267663312090328,0.34946264659477555
18,OnlineFPCA-sgd,0.1,5900,100,face,3,5,0.102364301681519,4,1,0.22165026339616362,0.2633621593234882,0.24924099305327177,0.0378507491500969,0.31913544330437527,0.3418910069082176
18,OnlineFPCA-sgd,0.1,6000,100,face,3,5,0.0986311435699463,4,1,0.1465140538728653,0.2499988059688873,0.25001666222811053,0.035372615237463684,0.31165484649864267,0.33471916937909413
18,OnlineFPCA-sgd,0.1,6100,100,face,3,5,0.0987439155578613,4,1,0.1363180012353142,0.20136288852793904,0.26931684476677464,0.03718251813152206,0.303891559484429,0.3286962210246065
18,OnlineFPCA-sgd,0.1,6200,100,face,3,5,0.0990996360778809,4,1,0.12469799960626685,0.17520646741907586,0.20598619334215265,0.0393416276299409,0.29633553712453875,0.32274879752872654
18,OnlineFPCA-sgd,0.1,6300,100,face,3,5,0.0950236320495605,4,1,0.1889728995520825,0.21895233782882534,0.24854745989677002,0.040730107454085805,0.28930102426185406,0.31611614909194663
18,OnlineFPCA-sgd,0.1,6400,100,face,3,5,0.0983736515045166,4,1,0.24611934417008569,0.17056255746393534,0.2654377052129025,0.044571185704140134,0.282570201228588,0.30847697431332355
18,OnlineFPCA-sgd,0.1,6500,100,face,3,5,0.0987780094146729,4,1,0.15340849529732759,0.247727486890214,0.21242428334155788,0.04585040580119273,0.27543112790288543,0.30215643472166054
18,OnlineFPCA-sgd,0.1,6600,100,face,3,5,0.0984270572662354,4,1,0.14150071123850916,0.21206837837264336,0.24240158992374577,0.045378284523503995,0.2687750881004907,0.2967564107145789
18,OnlineFPCA-sgd,0.1,6700,100,face,3,5,0.102257966995239,4,1,0.1258980196642006,0.18143649370744983,0.22759389191806986,0.04348811628923278,0.26233710027837687,0.2919715458142735
18,OnlineFPCA-sgd,0.1,6800,100,face,3,5,0.100149393081665,4,1,0.19548685208621275,0.20384591099354749,0.22188352533048944,0.04353963182216761,0.256332225634105,0.28729727876298256
18,OnlineFPCA-sgd,0.1,6900,100,face,3,5,0.101828813552856,4,1,0.23429808423186588,0.13713622483447493,0.27766837863897337,0.04260169206544202,0.2512800172552524,0.28381656073362865
18,OnlineFPCA-sgd,0.1,7000,100,face,3,5,0.101405620574951,4,1,0.17646485541311227,0.12547871055824275,0.32581509364464756,0.040974235213819356,0.24637622129998404,0.2815989575808938
18,OnlineFPCA-sgd,0.1,7100,100,face,3,5,0.099616527557373,4,1,0.18836601181218116,0.15147788406587506,0.28006484402527637,0.03922897332149416,0.24207791268555726,0.2804811800537811
18,OnlineFPCA-sgd,0.1,7200,100,face,3,5,0.0992283821105957,4,1,0.24596710421349993,0.16622280496529618,0.3054743711889162,0.03867169271379928,0.23779175785653064,0.27900906844246093
18,OnlineFPCA-sgd,0.1,7300,100,face,3,5,0.0990753173828125,4,1,0.07426246633994699,0.14114576386985692,0.32782810171394705,0.040139801148672896,0.23371587320211978,0.27811987876257777
18,OnlineFPCA-sgd,0.1,7400,100,face,3,5,0.0995166301727295,4,1,0.16090952093711086,0.22036709396135473,0.31823038004605875,0.04070447968494753,0.23059887764116424,0.2774418675650193
18,OnlineFPCA-sgd,0.1,7500,100,face,3,5,0.100077390670776,4,1,0.18199735146279283,0.17487451176909882,0.29930017639027084,0.03950497400179371,0.22787635676206303,0.27585232415536876
18,OnlineFPCA-sgd,0.1,7600,100,face,3,5,0.0997018814086914,4,1,0.25213002521748973,0.16488920407990398,0.2739686292811602,0.036156976641585833,0.2248483452334843,0.2738539985729776
18,OnlineFPCA-sgd,0.1,7700,100,face,3,5,0.0990691184997559,4,1,0.2538853523565057,0.1878591592804639,0.29321007412217365,0.033041896481357184,0.2221409791228751,0.27157872784199105
18,OnlineFPCA-sgd,0.1,7800,100,face,3,5,0.0971040725708008,4,1,0.15184533927320099,0.2182423514591345,0.25197640117350023,0.034809037854390164,0.21981901869085738,0.2701401298132414
18,OnlineFPCA-sgd,0.1,7900,100,face,3,5,0.0998172760009766,4,1,0.19314226442801316,0.27424181473973525,0.23137813649787384,0.03607312084034621,0.21748965351260363,0.267817521402823
18,OnlineFPCA-sgd,0.1,8000,100,face,3,5,0.101448535919189,4,1,0.142836482888459,0.2759719276651269,0.18809478918374165,0.03478586697820311,0.21579612795716654,0.2648697180727742
18,OnlineFPCA-sgd,0.1,8100,100,face,3,5,0.102814435958862,4,1,0.18129376184376741,0.1645272695378492,0.1712705726309528,0.036244900699564805,0.21358496566890373,0.2607510618106031
18,OnlineFPCA-sgd,0.1,8200,100,face,3,5,0.0998907089233398,4,1,0.27762946454690945,0.12440460600945931,0.17078646846795068,0.03715387081711195,0.21051972353406637,0.25596193967648745
18,OnlineFPCA-sgd,0.1,8300,100,face,3,5,0.101344585418701,4,1,0.21347544874813534,0.2525342111919728,0.205713097104229,0.03676771026097399,0.20716722570621496,0.25130721745305945
18,OnlineFPCA-sgd,0.1,8400,100,face,3,5,0.101257801055908,4,1,0.205907960600684,0.16718355699352042,0.19485441469798112,0.037887971247316736,0.20419115254257533,0.24750013435905832
18,OnlineFPCA-sgd,0.1,8500,100,face,3,5,0.100403308868408,4,1,0.10938519868812904,0.1154004893676024,0.19677393010093586,0.038103614099956044,0.20116716034632257,0.24392649714045503
18,OnlineFPCA-sgd,0.1,8600,100,face,3,5,0.0988514423370361,4,1,0.046971208387640934,0.15215900858207268,0.1918323033483037,0.036811499549325256,0.1986257157574193,0.2412787000802094
18,OnlineFPCA-sgd,0.1,8700,100,face,3,5,0.0996410846710205,4,1,0.1193446548672355,0.10253550082778508,0.1777252159504227,0.037126166792547044,0.1961402447983722,0.2389537865140271
18,OnlineFPCA-sgd,0.1,8800,100,face,3,5,0.0998587608337402,4,1,0.16522535382471995,0.17870683635190734,0.16521108578132637,0.03689518435386088,0.19360548468052796,0.23625363441314992
18,OnlineFPCA-sgd,0.1,8900,100,face,3,5,0.100101232528687,4,1,0.1190800829406639,0.1520103837791418,0.16524862326922254,0.03699106212543196,0.19096843859770266,0.2331317923116997
18,OnlineFPCA-sgd,0.1,9000,100,face,3,5,0.100810050964355,4,1,0.1393463597770166,0.23107051183856842,0.16513523337929523,0.037487966616564616,0.1896868649948233,0.2307316507451661
18,OnlineFPCA-sgd,0.1,9100,100,face,3,5,0.100982427597046,4,1,0.14641393156598237,0.1272735179613156,0.18424430690605323,0.0360168078372637,0.18804153341698907,0.22841879645491836
18,OnlineFPCA-sgd,0.1,9200,100,face,3,5,0.0989665985107422,4,1,0.23226117325408768,0.15130823274696995,0.1318532112231104,0.036240063879766964,0.18649693177693116,0.2258187103906035
18,OnlineFPCA-sgd,0.1,9300,100,face,3,5,0.0992422103881836,4,1,0.09433950436476381,0.10318247115377745,0.1575166892036865,0.036560872554892716,0.18478136052882702,0.22370898557494684
18,OnlineFPCA-sgd,0.1,9400,100,face,3,5,0.101572036743164,4,1,0.12768888584098106,0.14109129797292902,0.142584642106649,0.036394557180058205,0.18265830661415017,0.2217904324094062
18,OnlineFPCA-sgd,0.1,9500,100,face,3,5,0.0997695922851562,4,1,0.30417246422842525,0.19802662884632996,0.19068607554142472,0.03534951744467203,0.18059713536327124,0.22042539016851564
18,OnlineFPCA-sgd,0.1,9600,100,face,3,5,0.102253437042236,4,1,0.20044482268132163,0.21320758748728338,0.20162749501330582,0.03561521742726048,0.1789129131925771,0.2192076483325138
18,OnlineFPCA-sgd,0.1,9700,100,face,3,5,0.100376129150391,4,1,0.13794170891860083,0.17099251751746086,0.1712057388358504,0.03615210847348328,0.17729414709336738,0.21760563722240167
18,OnlineFPCA-sgd,0.1,9800,100,face,3,5,0.0996963977813721,4,1,0.13146923705936417,0.12413970202445196,0.21536301443027295,0.03591360240028129,0.17568493625194329,0.21655190710039582
18,OnlineFPCA-sgd,0.1,9900,100,face,3,5,0.0968921184539795,4,1,0.09009722013089716,0.1734499653167982,0.18552912200276955,0.03666738345135148,0.17416134367699485,0.21584477942491412
18,OnlineFPCA-sgd,0.1,10000,100,face,3,5,0.0998210906982422,4,1,0.1508562407712235,0.16449604201073006,0.20568449507917302,0.03714237369207096,0.17268127935984687,0.21468608391556315
18,OnlineFPCA-sgd,0.1,10100,100,face,3,5,0.100899457931519,4,1,0.11237743404669373,0.14288446144518444,0.16499972277177824,0.037452386613352796,0.17145843131218944,0.2133303555616285
18,OnlineFPCA-sgd,0.1,10200,100,face,3,5,0.100476503372192,4,1,0.138883138656811,0.11648454307194847,0.19431118204401945,0.036765246014427155,0.17031476441095472,0.21180173099713476
18,OnlineFPCA-sgd,0.1,10300,100,face,3,5,0.101006507873535,4,1,0.10609151191045212,0.16383801083784114,0.16068432944805103,0.036179988172262194,0.1689006763911795,0.2106451503321582
18,OnlineFPCA-sgd,0.1,10400,100,face,3,5,0.100211381912231,4,1,0.1257896247969019,0.11202273226424649,0.15555922013039433,0.03511897876709217,0.16766437778415597,0.20970801673415373
18,OnlineFPCA-sgd,0.1,10500,100,face,3,5,0.103352785110474,4,1,0.12975462337634489,0.12115169421148204,0.16098010753510605,0.03455787806946189,0.16626921974362857,0.20876874275197466
18,OnlineFPCA-sgd,0.1,10600,100,face,3,5,0.101771354675293,4,1,0.1702596219154196,0.13406108313073242,0.16253834937917336,0.034526205408967045,0.16458880620121985,0.20753087132607517
18,OnlineFPCA-sgd,0.1,10700,100,face,3,5,0.0998396873474121,4,1,0.12959956934455716,0.10466433830964363,0.18190208111693434,0.0339402045093305,0.16302212032218547,0.20627607275181173
18,OnlineFPCA-sgd,0.1,10800,100,face,3,5,0.10021448135376,4,1,0.09245117407476312,0.12869478668359147,0.18420502604352854,0.03331942528339099,0.16155782930240553,0.2055691714215074
18,OnlineFPCA-sgd,0.1,10900,100,face,3,5,0.100552558898926,4,1,0.15862583595812577,0.18156290627595364,0.1804209410153269,0.03315542242632983,0.16014302821338863,0.20462574130628802
18,OnlineFPCA-sgd,0.1,11000,100,face,3,5,0.100198030471802,4,1,0.11368900559965342,0.15316837521148444,0.17420945725621068,0.03300401394335415,0.15872938754950022,0.20353403653593247
18,OnlineFPCA-sgd,0.1,11100,100,face,3,5,0.100117444992065,4,1,0.13078466736275893,0.13147406390417754,0.21416815031432815,0.034086272045754006,0.15712842442100777,0.20272942752368087
18,OnlineFPCA-sgd,0.1,11200,100,face,3,5,0.100450992584229,4,1,0.12156385877355759,0.09615925860323868,0.1621345181352129,0.034876175707211875,0.1554201239683558,0.20202477559097176
18,OnlineFPCA-sgd,0.1,11300,100,face,3,5,0.100193500518799,4,1,0.16549094527826155,0.13985354721100232,0.20104011683031156,0.035267965779896576,0.15380518341710364,0.20086328728537675
18,OnlineFPCA-sgd,0.1,11400,100,face,3,5,0.110955238342285,4,1,0.20890258752126117,0.09557039283512692,0.21310748493543252,0.03579689689558943,0.15234967048658982,0.19934367528955937
18,OnlineFPCA-sgd,0.1,11500,100,face,3,5,0.100446939468384,4,1,0.13003447631014878,0.18467476492042992,0.18266984336465386,0.03644185810252248,0.15084606519333588,0.19823462819738283
18,OnlineFPCA-sgd,0.1,11600,100,face,3,5,0.100143909454346,4,1,0.09988785280506789,0.18155405046929773,0.20275414640594544,0.036546099637706976,0.14942725208228227,0.1974219047368994
18,OnlineFPCA-sgd,0.1,11700,100,face,3,5,0.100430965423584,4,1,0.09949859217408823,0.14429900230908702,0.19206629072968073,0.03593997637762424,0.14787484985341415,0.19673830764022374
18,OnlineFPCA-sgd,0.1,11800,100,face,3,5,0.100407123565674,4,1,0.16531689197881425,0.12427058992236302,0.19275630977331074,0.03585564468097466,0.14633196453077962,0.19605246819017988
18,OnlineFPCA-sgd,0.1,11900,100,face,3,5,0.100597381591797,4,1,0.18446824701012102,0.06925123780480383,0.23750220387085777,0.03584733837354604,0.14499839293372893,0.19562202484568347
18,OnlineFPCA-sgd,0.1,12000,100,face,3,5,0.100633382797241,4,1,0.14211166441013157,0.08069227850351568,0.2765667917788738,0.03553187572461287,0.14377416454383068,0.19573138276839824
18,OnlineFPCA-sgd,0.1,12100,100,face,3,5,0.096325159072876,4,1,0.16006685880059635,0.08145335624804893,0.24292647784696203,0.03480974797971855,0.1426302959463051,0.19613335006043583
18,OnlineFPCA-sgd,0.1,12200,100,face,3,5,0.100765466690063,4,1,0.20463417316831056,0.1262462204623082,0.26965927754742974,0.03450860243327205,0.14140505236893672,0.1963591455703244
18,OnlineFPCA-sgd,0.1,12300,100,face,3,5,0.100099325180054,4,1,0.060016923597465875,0.0959725225877764,0.2901517689250141,0.03501038619966213,0.14029038112504486,0.19679138976399066
18,OnlineFPCA-sgd,0.1,12400,100,face,3,5,0.101429224014282,4,1,0.1402768871243453,0.16868379660850658,0.29153053961210046,0.0350857002764635,0.13955419965821386,0.19730577510304786
18,OnlineFPCA-sgd,0.1,12500,100,face,3,5,0.100538969039917,4,1,0.14662451522261988,0.11981182012281803,0.2714996465453782,0.034653375706985415,0.13885606896393207,0.19748580869404145
18,OnlineFPCA-sgd,0.1,12600,100,face,3,5,0.0978636741638184,4,1,0.22989524942572306,0.12041236217250169,0.24877640687546176,0.0335298610667579,0.13811731335787497,0.19749652804790188
18,OnlineFPCA-sgd,0.1,12700,100,face,3,5,0.0949053764343262,4,1,0.21186767086140076,0.13891937372828947,0.2680713037405276,0.03215891328092713,0.13756216299408056,0.19729867396662315
18,OnlineFPCA-sgd,0.1,12800,100,face,3,5,0.0973615646362305,4,1,0.14706621162761985,0.177187246667353,0.23947476969105957,0.032584078383511156,0.1371474772919137,0.1973948992505879
18,OnlineFPCA-sgd,0.1,12900,100,face,3,5,0.0975978374481201,4,1,0.19006440645603773,0.24386894559095645,0.2184939747069588,0.03331541636240517,0.13669395915537283,0.19708751869603267
18,OnlineFPCA-sgd,0.1,13000,100,face,3,5,0.0981636047363281,4,1,0.1140643804672052,0.2537627290198666,0.1680838657870675,0.03312082921008495,0.13645570396330278,0.19645715362081823
18,OnlineFPCA-sgd,0.1,13100,100,face,3,5,0.0985887050628662,4,1,0.16834800597290903,0.15347885009481396,0.13010310625186078,0.033831706872712405,0.13607289961748667,0.19538644503209707
18,OnlineFPCA-sgd,0.1,13200,100,face,3,5,0.0976355075836182,4,1,0.24493618336798512,0.11482303144910441,0.14038536972242383,0.03418632482522724,0.135309308560778,0.19400451086075352
18,OnlineFPCA-sgd,0.1,13300,100,face,3,5,0.0986502170562744,4,1,0.17937173216446645,0.19489015463659326,0.1750226042989298,0.03418953330760816,0.13442885806290766,0.19265447144333991
18,OnlineFPCA-sgd,0.1,13400,100,face,3,5,0.095672607421875,4,1,0.19500727807949125,0.1283956937205858,0.16596710681958238,0.034692777255261896,0.13362673476093706,0.1914737231187879
18,OnlineFPCA-sgd,0.1,13500,100,face,3,5,0.099895715713501,4,1,0.0805059061641246,0.10411801790719218,0.16576765394244525,0.034932594558879135,0.13277845194209145,0.19027723023562126
18,OnlineFPCA-sgd,0.1,13600,100,face,3,5,0.108598232269287,4,1,0.041910816511990835,0.12014976610210343,0.1634287484778779,0.034434654763357865,0.1320650951437409,0.18940740544876106
18,OnlineFPCA-sgd,0.1,13700,100,face,3,5,0.098799467086792,4,1,0.0900555123968846,0.06998491047425331,0.15325131221616797,0.034482934528087386,0.13130752642509194,0.18859340235018482
18,OnlineFPCA-sgd,0.1,13800,100,face,3,5,0.0985634326934814,4,1,0.16236755071190714,0.13901689956104307,0.1489101603991995,0.034502199329744784,0.13044119615493013,0.18761610231820053
18,OnlineFPCA-sgd,0.1,13900,100,face,3,5,0.0997378826141357,4,1,0.10180742228384565,0.1258743361793,0.14529195812947002,0.034544490107790496,0.12947982271890549,0.18642985413782254
18,OnlineFPCA-sgd,0.1,14000,100,face,3,5,0.0992963314056396,4,1,0.12381579711396262,0.19026441041986264,0.150382060383585,0.03484381850463714,0.12915969404491864,0.1855108834761344
18,OnlineFPCA-sgd,0.1,14100,100,face,3,5,0.0962703227996826,4,1,0.12336221979215027,0.09885215204366495,0.151918323704734,0.034279260568371,0.12868496734831633,0.18466124432304903
18,OnlineFPCA-sgd,0.1,14200,100,face,3,5,0.0991709232330322,4,1,0.19604971215518643,0.12396190958677152,0.11092862247698793,0.03435658337592933,0.1282361662261084,0.1836568750106066
18,OnlineFPCA-sgd,0.1,14300,100,face,3,5,0.0997927188873291,4,1,0.09623398736683851,0.08255924937652175,0.13689211270064788,0.03459591781813301,0.1276560232760454,0.1828162366525024
18,OnlineFPCA-sgd,0.1,14400,100,face,3,5,0.0999412536621094,4,1,0.09562163604845461,0.1144589334405966,0.12519497113509823,0.03459087401457251,0.1268595768463662,0.18208980314340759
18,OnlineFPCA-sgd,0.1,14500,100,face,3,5,0.10018253326416,4,1,0.2633565472886334,0.15649507030941168,0.16300949655093466,0.03409703799907804,0.12605122395885163,0.18162312700800604
18,OnlineFPCA-sgd,0.1,14600,100,face,3,5,0.10325288772583,4,1,0.18420118925151274,0.1744319031731774,0.17438827450719557,0.034180697503611045,0.1253896480048119,0.1811904753349027
18,OnlineFPCA-sgd,0.1,14700,100,face,3,5,0.102799654006958,4,1,0.12587702283998634,0.1448672338791489,0.1549335653058201,0.03441807256362811,0.12481190394582586,0.18060663970856314
18,OnlineFPCA-sgd,0.1,14800,100,face,3,5,0.100666284561157,4,1,0.13038495289219457,0.10426662716070875,0.19153348710677445,0.03427665240023577,0.1242191859928622,0.1802837842340631
18,OnlineFPCA-sgd,0.1,14900,100,face,3,5,0.0978245735168457,4,1,0.08279612102423062,0.14167295495452836,0.1680515078567799,0.03467121566860023,0.12370741691733717,0.1801313139577328
18,OnlineFPCA-sgd,0.1,15000,100,face,3,5,0.100637435913086,4,1,0.13005409098801984,0.13530614797001725,0.18289260738684235,0.03491948797083507,0.12320782420235363,0.1797462434951413
18,OnlineFPCA-sgd,0.1,0,100,face,3,5,6.35740375518799,4,2,0.10957338018728638,1.6190827585742718,1.648523520232144,0.10957338018728638,1.6190827585742718,1.648523520232144
18,OnlineFPCA-sgd,0.1,100,100,face,3,5,0.250524282455444,4,2,0.7299313038110736,1.984624999539395,1.8489556922400547,NA,NA,NA
18,OnlineFPCA-sgd,0.1,200,100,face,3,5,0.245580911636353,4,2,0.7737730436220053,1.8739840448247043,1.731002300884985,NA,NA,NA
18,OnlineFPCA-sgd,0.1,300,100,face,3,5,0.241488933563232,4,2,0.4383871418730676,1.6027460253739436,1.7207628309449556,NA,NA,NA
18,OnlineFPCA-sgd,0.1,400,100,face,3,5,0.244298219680786,4,2,1.0931019501596895,0.9171702709842762,1.1423674235806285,NA,NA,NA
18,OnlineFPCA-sgd,0.1,500,100,face,3,5,0.246215105056763,4,2,0.6134862590342178,0.9098774279363497,0.8252553244379969,NA,NA,NA
18,OnlineFPCA-sgd,0.1,600,100,face,3,5,0.247879981994629,4,2,0.5882012680586536,0.907553347008974,0.8241175470125698,NA,NA,NA
18,OnlineFPCA-sgd,0.1,700,100,face,3,5,0.246729850769043,4,2,0.5539248277779144,0.9002614939684807,0.8196592056032912,NA,NA,NA
18,OnlineFPCA-sgd,0.1,800,100,face,3,5,0.241771221160889,4,2,0.49084782912133856,0.8782919630797098,0.8049801116106358,NA,NA,NA
18,OnlineFPCA-sgd,0.1,900,100,face,3,5,0.390336275100708,4,2,0.39785695760320866,0.8491498538966414,0.7782570485334696,NA,NA,NA
18,OnlineFPCA-sgd,0.1,1000,100,face,3,5,0.245501041412354,4,2,0.3226603223887107,0.8167053938031523,0.7625367827528704,NA,NA,NA
18,OnlineFPCA-sgd,0.1,1100,100,face,3,5,0.335113286972046,4,2,0.15102182809712503,0.7107819256588135,0.7373466707355346,0.22124964692057908,0.7512885943036317,0.7463376577713338
18,OnlineFPCA-sgd,0.1,1200,100,face,3,5,0.331811904907227,4,2,0.354674572376651,0.66066674793535,0.6772857481136613,0.17172960290677222,0.7004932590557451,0.7166196978161783
18,OnlineFPCA-sgd,0.1,1300,100,face,3,5,0.334560632705688,4,2,0.13035551880789392,0.6527651791790124,0.6684594246424497,0.1505799534191513,0.6824272668960749,0.6973503695647348
18,OnlineFPCA-sgd,0.1,1400,100,face,3,5,0.331682443618774,4,2,0.1781180072363597,0.6446494561909261,0.6595200134524755,0.1426620252982803,0.6733371941668952,0.6833466928160935
18,OnlineFPCA-sgd,0.1,1500,100,face,3,5,0.334875583648682,4,2,0.07607182480112447,0.6449411496118121,0.6496147918230178,0.13085230037006967,0.6682709568301066,0.6728637383374749
18,OnlineFPCA-sgd,0.1,1600,100,face,3,5,0.332747936248779,4,2,0.060711640916198906,0.6427721098678191,0.6489561428607227,0.11842230511843961,0.6647443713749228,0.6653240010024077
18,OnlineFPCA-sgd,0.1,1700,100,face,3,5,0.335310935974121,4,2,0.05610051175846079,0.6418025082447153,0.6475113387477823,0.10944738843836534,0.6619078182527471,0.6606240264359652
18,OnlineFPCA-sgd,0.1,1800,100,face,3,5,0.331634283065796,4,2,0.05250848446817129,0.6411085983446009,0.6469868683102797,0.10238897578041557,0.6596277273978237,0.6574356154155722
18,OnlineFPCA-sgd,0.1,1900,100,face,3,5,0.332329273223877,4,2,0.04832036894689127,0.6411800722323454,0.6470174703065604,0.09646996792319718,0.657774870637633,0.655189281022759
18,OnlineFPCA-sgd,0.1,2000,100,face,3,5,0.331242322921753,4,2,0.047953157846368735,0.6406123724804577,0.6469002454909693,0.09140140239962838,0.6561981131075699,0.6535491201467182
18,OnlineFPCA-sgd,0.1,2100,100,face,3,5,0.32606315612793,4,2,0.19247378477753704,0.6559793289211476,0.6634499400258003,0.08280433825979161,0.6546915739830327,0.653715939530434
18,OnlineFPCA-sgd,0.1,2200,100,face,3,5,0.324055671691895,4,2,0.2138552944433921,0.6238983413710831,0.6297467421822941,0.07901875760048434,0.6519340055120051,0.6527567204593581
18,OnlineFPCA-sgd,0.1,2300,100,face,3,5,0.327388286590576,4,2,0.08903648469990245,0.6123280857939394,0.6351086193542772,0.07500708213441665,0.6481935900799665,0.6510513919426216
18,OnlineFPCA-sgd,0.1,2400,100,face,3,5,0.325093507766724,4,2,0.23871532895531075,0.6286869170393323,0.593451032705251,0.07305665192835935,0.6446024814046049,0.647746459951948
18,OnlineFPCA-sgd,0.1,2500,100,face,3,5,0.3274245262146,4,2,0.25290639934794185,0.6018721849409343,0.6075229735073993,0.06135423206723495,0.64249964925197,0.6448280154438696
18,OnlineFPCA-sgd,0.1,2600,100,face,3,5,0.323458194732666,4,2,0.2668977909918558,0.5821707889277841,0.5834575605736592,0.04908227878549798,0.6391878761436137,0.6400708564919865
18,OnlineFPCA-sgd,0.1,2700,100,face,3,5,0.325852155685425,4,2,0.26071948867597666,0.6056260178368639,0.5846406379894025,0.045445657662529115,0.6363367080244389,0.6355918311563306
18,OnlineFPCA-sgd,0.1,2800,100,face,3,5,0.329332113265991,4,2,0.155221956875342,0.614429456511783,0.5975999122660988,0.050040382440036724,0.6344089063586218,0.6323337616350827
18,OnlineFPCA-sgd,0.1,2900,100,face,3,5,0.329316139221191,4,2,0.16040965879891067,0.6119554998033478,0.5960979120249987,0.05117120167264102,0.6316932641906706,0.6293160697207029
18,OnlineFPCA-sgd,0.1,3000,100,face,3,5,0.328246593475342,4,2,0.22007947054798302,0.5837888564801416,0.6170691946453929,0.04733722837940463,0.6290536146143852,0.6258285747358915
18,OnlineFPCA-sgd,0.1,3100,100,face,3,5,0.338752269744873,4,2,0.20504597710093833,0.5439972710690835,0.5818643633083769,0.047868436711778435,0.6252003195576938,0.6223167058787575
18,OnlineFPCA-sgd,0.1,3200,100,face,3,5,0.326518058776855,4,2,0.3319209885306008,0.5354215712732292,0.5499545889413832,0.048410329685232435,0.6202412714523283,0.617877870941363
18,OnlineFPCA-sgd,0.1,3300,100,face,3,5,0.329792737960815,4,2,0.27395187582214936,0.576149825515251,0.6143179553999388,0.049558984651842164,0.6156367818609446,0.6144626392324654
18,OnlineFPCA-sgd,0.1,3400,100,face,3,5,0.330044507980347,4,2,0.21738796934509727,0.6111966717705507,0.5965207472335853,0.053404237266867396,0.6135023598640056,0.6123277130199823
18,OnlineFPCA-sgd,0.1,3500,100,face,3,5,0.330767631530762,4,2,0.18937416982029695,0.5688214167682574,0.6041651137949428,0.052476863590530186,0.6118672665590101,0.611804480045203
18,OnlineFPCA-sgd,0.1,3600,100,face,3,5,0.328346490859985,4,2,0.058301384736261355,0.5768889227140716,0.612972914595479,0.05025005234374768,0.6103240281725819,0.6111357797946194
18,OnlineFPCA-sgd,0.1,3700,100,face,3,5,0.329314470291138,4,2,0.14500936918927618,0.5654964314570857,0.5763571801774637,0.049821769440734014,0.607977564328023,0.6102692460208827
18,OnlineFPCA-sgd,0.1,3800,100,face,3,5,0.325226306915283,4,2,0.19677477752559955,0.5887556669270293,0.5616597092005376,0.048895002933617975,0.6055333564999784,0.608419154433553
18,OnlineFPCA-sgd,0.1,3900,100,face,3,5,0.331711292266846,4,2,0.14911897679086178,0.5606353913069951,0.5638433559882525,0.05029637871169069,0.602784587833593,0.6063482037316243
18,OnlineFPCA-sgd,0.1,4000,100,face,3,5,0.33228325843811,4,2,0.04942797548280958,0.6011871485373161,0.6046316452646339,0.04942797548280958,0.6011871485373161,0.6046316452646339
18,OnlineFPCA-sgd,0.1,4100,100,face,3,5,0.331583023071289,4,2,0.1689979374647777,0.5748360713317618,0.5967219699082013,0.04883712613927231,0.5801617188665446,0.5875799720974063
18,OnlineFPCA-sgd,0.1,4200,100,face,3,5,0.485385417938232,4,2,0.30687108498384574,0.5659229229831282,0.5661500962672833,0.04981929814536109,0.5720859338812228,0.5821810690716757
18,OnlineFPCA-sgd,0.1,4300,100,face,3,5,0.328188419342041,4,2,0.09469632440023835,0.5465487333357483,0.5758148260004036,0.04922009425400763,0.5645715321672057,0.5772049954751388
18,OnlineFPCA-sgd,0.1,4400,100,face,3,5,0.322358369827271,4,2,0.18065393919261777,0.5453981510961062,0.5427832113735553,0.042604464018466,0.5567186776837197,0.5691576385297334
18,OnlineFPCA-sgd,0.1,4500,100,face,3,5,0.325979948043823,4,2,0.37405613494425405,0.5730047149266503,0.5825122669482018,0.0356797712998131,0.5521967206639578,0.5658311477099364
18,OnlineFPCA-sgd,0.1,4600,100,face,3,5,0.325306415557861,4,2,0.23636657636734354,0.5737205705477558,0.549061952415897,0.05764081847475376,0.5496613460387575,0.5640069736787847
18,OnlineFPCA-sgd,0.1,4700,100,face,3,5,0.325859546661377,4,2,0.15800230789250963,0.537346289243122,0.5193403211399439,0.0632685227777787,0.5438428861399747,0.5565295267331247
18,OnlineFPCA-sgd,0.1,4800,100,face,3,5,0.327725887298584,4,2,0.13192190134981463,0.5040063902727945,0.5524456202062574,0.06783177539539662,0.5389540477228726,0.5519008819926529
18,OnlineFPCA-sgd,0.1,4900,100,face,3,5,0.329298734664917,4,2,0.1164558896359414,0.522862911903518,0.5081302143027562,0.06356717862429631,0.5333217820600528,0.5492586818071071
18,OnlineFPCA-sgd,0.1,5000,100,face,3,5,0.326027870178223,4,2,0.19060513280282965,0.506320072510695,0.5015140305385091,0.060127639739887426,0.5268770942804675,0.5436167697283848
18,OnlineFPCA-sgd,0.1,5100,100,face,3,5,0.0989334583282471,4,2,0.1360725827861086,0.48364506064783513,0.4784307639196701,0.056141036765082246,0.5215759097508408,0.5368892989962005
18,OnlineFPCA-sgd,0.1,5200,100,face,3,5,0.101457834243774,4,2,0.18296986943301533,0.45230573066229984,0.4838078679754167,0.05145707366974861,0.5161813477873002,0.5304941450204566
18,OnlineFPCA-sgd,0.1,5300,100,face,3,5,0.0997681617736816,4,2,0.12400045978872769,0.45699413602859706,0.4657741341516002,0.04895136164583441,0.5102771040745572,0.525594362387376
18,OnlineFPCA-sgd,0.1,5400,100,face,3,5,0.0984325408935547,4,2,0.12494003763919895,0.42730266476576595,0.4308120032342479,0.0463891772985989,0.5046836002575796,0.519997601511305
18,OnlineFPCA-sgd,0.1,5500,100,face,3,5,0.0954995155334473,4,2,0.13709774114355772,0.4138835088436172,0.43415109035770144,0.045847406763122815,0.4980974568690229,0.5142597265481894
18,OnlineFPCA-sgd,0.1,5600,100,face,3,5,0.0986244678497314,4,2,0.20007563670938258,0.4155892485732829,0.41357179517337955,0.046618599900144914,0.4919114867505086,0.5080030647902627
18,OnlineFPCA-sgd,0.1,5700,100,face,3,5,0.0992960929870605,4,2,0.13280050599114884,0.399058368252871,0.41494008827886975,0.04287656822310706,0.4863346495630955,0.5007094047259489
18,OnlineFPCA-sgd,0.1,5800,100,face,3,5,0.099905252456665,4,2,0.11927054869711719,0.40173221568053075,0.420214844220783,0.04085625094439838,0.4805815754499743,0.49530246717866994
18,OnlineFPCA-sgd,0.1,5900,100,face,3,5,0.0993874073028564,4,2,0.22984433679713698,0.40385537647717357,0.3923812516463439,0.03571682586924787,0.4745695251970824,0.4889513147949789
18,OnlineFPCA-sgd,0.1,6000,100,face,3,5,0.0998775959014893,4,2,0.15372278571666825,0.4009274950762547,0.408120229574519,0.0330293701467095,0.4686379766243154,0.48306856638578294
18,OnlineFPCA-sgd,0.1,6100,100,face,3,5,0.096078634262085,4,2,0.1342430793186302,0.3789308301531978,0.406601681390799,0.03528014574451408,0.46280795526775215,0.478388063017358
18,OnlineFPCA-sgd,0.1,6200,100,face,3,5,0.0989534854888916,4,2,0.118693813404348,0.35630657157294693,0.3687374681266559,0.03769007075701847,0.45761194601524185,0.4739535897214842
18,OnlineFPCA-sgd,0.1,6300,100,face,3,5,0.0997891426086426,4,2,0.18358784873974085,0.3762090170850098,0.38429530014051094,0.03905797679628313,0.45241727994314407,0.4685638065331812
18,OnlineFPCA-sgd,0.1,6400,100,face,3,5,0.100464582443237,4,2,0.23784532237341094,0.341804938826206,0.3938988556964005,0.04299233860746839,0.4471923066388201,0.4621820918863802
18,OnlineFPCA-sgd,0.1,6500,100,face,3,5,0.0994386672973633,4,2,0.15281832332384732,0.37173470963988814,0.3391119965005998,0.044664278965048196,0.4415783652001487,0.4567863371807344
18,OnlineFPCA-sgd,0.1,6600,100,face,3,5,0.099984884262085,4,2,0.13078065267051267,0.3272878771151098,0.35972804834229777,0.04445885837542211,0.43567817294303823,0.4513233862328928
18,OnlineFPCA-sgd,0.1,6700,100,face,3,5,0.0993847846984863,4,2,0.1270932743468103,0.3088416141584667,0.33208340237162975,0.042827698175833664,0.4296045875585701,0.446013663209799
18,OnlineFPCA-sgd,0.1,6800,100,face,3,5,0.0988638401031494,4,2,0.1861913130944276,0.3426049892384635,0.3300797219854977,0.04308636104617946,0.424142949959489,0.44075507044036427
18,OnlineFPCA-sgd,0.1,6900,100,face,3,5,0.0994729995727539,4,2,0.23209298197301648,0.30332566721662496,0.37093196061864464,0.042264669503593,0.41971238540218514,0.4367934309705726
18,OnlineFPCA-sgd,0.1,7000,100,face,3,5,0.100044250488281,4,2,0.17224066860184767,0.28475561855197623,0.4031759237091171,0.04058763000645444,0.41518015492857735,0.4335584122531914
18,OnlineFPCA-sgd,0.1,7100,100,face,3,5,0.0998477935791016,4,2,0.18609839346128662,0.2962467707059651,0.3706206436609175,0.03870703195693959,0.41092581953783797,0.43102506244215805
18,OnlineFPCA-sgd,0.1,7200,100,face,3,5,0.0997934341430664,4,2,0.23829392380827125,0.2779031963530528,0.3717234034280713,0.03803634944947894,0.40613301384235306,0.4277894942052699
18,OnlineFPCA-sgd,0.1,7300,100,face,3,5,0.0996785163879395,4,2,0.07673233237530394,0.26732034039906744,0.3861408140264082,0.039542964653749374,0.40117749035346656,0.42471974856457123
18,OnlineFPCA-sgd,0.1,7400,100,face,3,5,0.099189281463623,4,2,0.15677758376963696,0.33059703647035055,0.3661517457258213,0.040063394462470044,0.39721855926324273,0.4218753350255938
18,OnlineFPCA-sgd,0.1,7500,100,face,3,5,0.0973057746887207,4,2,0.1803213500375991,0.2904407797302489,0.34685695338060285,0.03891013406245575,0.39379613084836174,0.41854418108397035
18,OnlineFPCA-sgd,0.1,7600,100,face,3,5,0.0977902412414551,4,2,0.24816132424839704,0.27342634795912607,0.31755849905736916,0.03563604043803679,0.39003273716794734,0.41478960179900287
18,OnlineFPCA-sgd,0.1,7700,100,face,3,5,0.0975496768951416,4,2,0.24930871549036232,0.29511816554567144,0.3363174651076203,0.032457576517264206,0.3866034596587825,0.41108466576795516
18,OnlineFPCA-sgd,0.1,7800,100,face,3,5,0.0992195606231689,4,2,0.14651609620418288,0.3105344400754355,0.31134715651493894,0.034156923505366144,0.38342402952814064,0.4079090330237314
18,OnlineFPCA-sgd,0.1,7900,100,face,3,5,0.0980081558227539,4,2,0.1893361204494492,0.34531451339788477,0.29376014185788596,0.03535797059161157,0.38002101618719575,0.40413249698595505
18,OnlineFPCA-sgd,0.1,8000,100,face,3,5,0.101634502410889,4,2,0.141712940351992,0.33369458570127397,0.2683324062436796,0.03395131975153383,0.3764865407169758,0.3995182082999065
18,OnlineFPCA-sgd,0.1,8100,100,face,3,5,0.098806619644165,4,2,0.1838801633457714,0.24432700271831528,0.2497865182725246,0.03543101861621343,0.372521089821684,0.3943063097589182
18,OnlineFPCA-sgd,0.1,8200,100,face,3,5,0.0984597206115723,4,2,0.2743718711076574,0.21518069807529813,0.24482189319849684,0.03652344220506045,0.36827730560592237,0.3889836281998404
18,OnlineFPCA-sgd,0.1,8300,100,face,3,5,0.0962176322937012,4,2,0.2172518256972161,0.29351037783160977,0.2884147571140213,0.03624228281872922,0.36407257747183563,0.38403362240968714
18,OnlineFPCA-sgd,0.1,8400,100,face,3,5,0.098663330078125,4,2,0.20577167416871206,0.24728377453839623,0.2653666114197527,0.03743667076569771,0.3602616856542521,0.37964772219290027
18,OnlineFPCA-sgd,0.1,8500,100,face,3,5,0.0995750427246094,4,2,0.10912916573496526,0.20846317545477708,0.26679851362904056,0.03764781953711232,0.3565809406862098,0.3756485607434121
18,OnlineFPCA-sgd,0.1,8600,100,face,3,5,0.106635570526123,4,2,0.04568568187285002,0.23383343673053256,0.272006145626957,0.036366751862131584,0.3532969505335646,0.3722797590847278
18,OnlineFPCA-sgd,0.1,8700,100,face,3,5,0.098534107208252,4,2,0.11501694779320022,0.20689454337235894,0.2538389574026493,0.036647531955782,0.35003809218427934,0.3692439878011185
18,OnlineFPCA-sgd,0.1,8800,100,face,3,5,0.0981335639953613,4,2,0.16264119444161088,0.2539479415578217,0.24823685439615487,0.03631568218178056,0.34694430401044013,0.3661633938398363
18,OnlineFPCA-sgd,0.1,8900,100,face,3,5,0.0984976291656494,4,2,0.11892066478650527,0.2300380619727877,0.24758797006759214,0.036367306252842777,0.3437964076231754,0.36298852124839526
18,OnlineFPCA-sgd,0.1,9000,100,face,3,5,0.0951683521270752,4,2,0.13703411758618253,0.28863438307928985,0.24869312821209097,0.03683444104210453,0.34114473762487474,0.35984737272413697
18,OnlineFPCA-sgd,0.1,9100,100,face,3,5,0.0975873470306396,4,2,0.1437930212285559,0.20862694224809733,0.2591314277899356,0.03531164832822094,0.3382654681099335,0.3567206077552367
18,OnlineFPCA-sgd,0.1,9200,100,face,3,5,0.0975475311279297,4,2,0.22761237879524904,0.21919108093046802,0.21569293877817455,0.035542172705702514,0.3354511466336407,0.35348032625576176
18,OnlineFPCA-sgd,0.1,9300,100,face,3,5,0.0976099967956543,4,2,0.09704836077360658,0.18205854118341674,0.22296380477040892,0.03596867653528252,0.3325982668487536,0.3505882170069945
18,OnlineFPCA-sgd,0.1,9400,100,face,3,5,0.0980918407440186,4,2,0.1257819672421025,0.19782228561471576,0.199779208735544,0.03580551498361274,0.3294211374680034,0.3476040217886907
18,OnlineFPCA-sgd,0.1,9500,100,face,3,5,0.0985784530639648,4,2,0.30087209083026695,0.24283871682530314,0.2390842539815965,0.03471916524242053,0.3262368439976527,0.34485894382657
18,OnlineFPCA-sgd,0.1,9600,100,face,3,5,0.0992228984832764,4,2,0.1986285310773395,0.25863339181144884,0.2452443467085698,0.03489026375162035,0.32340281347415195,0.34230744807459856
18,OnlineFPCA-sgd,0.1,9700,100,face,3,5,0.100086212158203,4,2,0.13595907963085543,0.22053558106155804,0.21672203458272762,0.03538394436257614,0.3206642257276308,0.33949353748170696
18,OnlineFPCA-sgd,0.1,9800,100,face,3,5,0.100137710571289,4,2,0.13256058310630256,0.18205188165967173,0.25324105306772166,0.035100513019895356,0.31791932278374135,0.33707342458070577
18,OnlineFPCA-sgd,0.1,9900,100,face,3,5,0.0988035202026367,4,2,0.08655416780335044,0.21836875304652203,0.22376736241387976,0.0358476159451017,0.3152702827170799,0.33501078927127964
18,OnlineFPCA-sgd,0.1,10000,100,face,3,5,0.0996220111846924,4,2,0.14784961790408432,0.20973447252844904,0.2365764303938116,0.036327744556308626,0.31262056198634686,0.3326000977872862
18,OnlineFPCA-sgd,0.1,10100,100,face,3,5,0.100258350372314,4,2,0.11408319778821453,0.18838440101947954,0.20102126996534458,0.03672096478058738,0.3101673624284524,0.3300846680843892
18,OnlineFPCA-sgd,0.1,10200,100,face,3,5,0.100416660308838,4,2,0.13343708708111426,0.16500901436213897,0.22809304012174594,0.036122660082017574,0.3076942677303245,0.3274545982200443
18,OnlineFPCA-sgd,0.1,10300,100,face,3,5,0.100554227828979,4,2,0.10443282101915792,0.19706821767662602,0.19930687214902687,0.03558956651098273,0.3050632116531518,0.32512114353487703
18,OnlineFPCA-sgd,0.1,10400,100,face,3,5,0.100335121154785,4,2,0.12638883507830834,0.1581393240138319,0.18861220469905682,0.03452763683954747,0.3025109386406298,0.32284246991062127
18,OnlineFPCA-sgd,0.1,10500,100,face,3,5,0.100326538085938,4,2,0.12977191642908728,0.1576527969241838,0.1923874856436166,0.03394953724335812,0.2998329093090035,0.3205900375036286
18,OnlineFPCA-sgd,0.1,10600,100,face,3,5,0.0995244979858398,4,2,0.16844784193938783,0.1657452845697081,0.18877704922152638,0.03386071350028222,0.2970562890554763,0.31817764805816573
18,OnlineFPCA-sgd,0.1,10700,100,face,3,5,0.0998125076293945,4,2,0.12784046510939556,0.14430654514269517,0.20288884177258695,0.033183131106460255,0.2943730490328167,0.31565128770105383
18,OnlineFPCA-sgd,0.1,10800,100,face,3,5,0.244230031967163,4,2,0.09270920202952827,0.16112937947791467,0.20296942896426728,0.032511740792820445,0.2917492501801036,0.3135282914035824
18,OnlineFPCA-sgd,0.1,10900,100,face,3,5,0.0993161201477051,4,2,0.158580688897416,0.19729730935763984,0.19257779271326306,0.032416364486113146,0.28912986793908224,0.31120017104332864
18,OnlineFPCA-sgd,0.1,11000,100,face,3,5,0.0999283790588379,4,2,0.11513453439114284,0.17513510297045137,0.18979512491833217,0.03232152678240561,0.28650803798917934,0.3087808732188036
18,OnlineFPCA-sgd,0.1,11100,100,face,3,5,0.0979759693145752,4,2,0.1303499870332362,0.15763122924921535,0.22122966159317883,0.033472310463028655,0.283778230439356,0.30655930062107556
18,OnlineFPCA-sgd,0.1,11200,100,face,3,5,0.0952892303466797,4,2,0.12127949892940529,0.12633859340178633,0.1746365338667977,0.03430718047890344,0.2810663502091173,0.3044355402362308
18,OnlineFPCA-sgd,0.1,11300,100,face,3,5,0.0971741676330566,4,2,0.16265084882600617,0.1627977484461765,0.20954160928775964,0.03471242451702722,0.2784392596561739,0.3020204632586148
18,OnlineFPCA-sgd,0.1,11400,100,face,3,5,0.0985231399536133,4,2,0.20724503417461826,0.12711887972576374,0.22216520098499795,0.03530279083958309,0.275961137263991,0.2994158427528959
18,OnlineFPCA-sgd,0.1,11500,100,face,3,5,0.098658561706543,4,2,0.12898198730557764,0.1992318977338213,0.18908753599946623,0.0360012119279378,0.27350890698267666,0.29718248720641166
18,OnlineFPCA-sgd,0.1,11600,100,face,3,5,0.0989670753479004,4,2,0.09570286028420168,0.18879547737056374,0.2099930371181909,0.03615181851133436,0.2709969160627531,0.2950878583678139
18,OnlineFPCA-sgd,0.1,11700,100,face,3,5,0.098015308380127,4,2,0.09765562265240046,0.15621525713307052,0.19751028147424565,0.035592323462186444,0.2683574334177965,0.2930588792367355
18,OnlineFPCA-sgd,0.1,11800,100,face,3,5,0.0986249446868896,4,2,0.1619452079513715,0.14664349658641987,0.20027503972355945,0.03553954059419867,0.26585745602886934,0.2910756058727387
18,OnlineFPCA-sgd,0.1,11900,100,face,3,5,0.0956544876098633,4,2,0.1822350047365063,0.10472701948029572,0.243323431023726,0.03553822715316888,0.26362408906931784,0.28943797945208605
18,OnlineFPCA-sgd,0.1,12000,100,face,3,5,0.0970320701599121,4,2,0.1400981566694655,0.10698882747931385,0.2806230044209746,0.03519287480000419,0.26140561985766403,0.2881073824197505
18,OnlineFPCA-sgd,0.1,12100,100,face,3,5,0.0972611904144287,4,2,0.1580574912071083,0.11085512756881545,0.24993161204536107,0.03444858183242396,0.259291609214319,0.28703992996774746
18,OnlineFPCA-sgd,0.1,12200,100,face,3,5,0.0971643924713135,4,2,0.20018365613442912,0.1400962457989193,0.2719362156525413,0.03412086453959873,0.25707901466801975,0.28579582776437273
18,OnlineFPCA-sgd,0.1,12300,100,face,3,5,0.0977616310119629,4,2,0.05944314674018965,0.11812334494175118,0.2918444699952895,0.03462482641427033,0.25492173166381,0.28469691116756174
18,OnlineFPCA-sgd,0.1,12400,100,face,3,5,0.0983843803405762,4,2,0.1381890998655814,0.18808379057649754,0.2914364264398581,0.034702957543353716,0.25317428037710454,0.28375614307747826
18,OnlineFPCA-sgd,0.1,12500,100,face,3,5,0.0957527160644531,4,2,0.14445208851338737,0.14145594347006207,0.2717165045611149,0.03428092933689085,0.25158221713698836,0.2826846237684968
18,OnlineFPCA-sgd,0.1,12600,100,face,3,5,0.0995316505432129,4,2,0.22746949483492376,0.1399042824275993,0.24757638735595328,0.03316216585877918,0.24989414558779877,0.2814390452373013
18,OnlineFPCA-sgd,0.1,12700,100,face,3,5,0.0991473197937012,4,2,0.20912027547891196,0.1591632839455379,0.26751037144911033,0.03177420086941783,0.2484033401872175,0.2801478763624064
18,OnlineFPCA-sgd,0.1,12800,100,face,3,5,0.101508378982544,4,2,0.14581827063583047,0.19244493484524533,0.242245118906235,0.032173204508403254,0.2470620594531358,0.2791062878834946
18,OnlineFPCA-sgd,0.1,12900,100,face,3,5,0.0994844436645508,4,2,0.18858554461856983,0.2537030495873523,0.22120826578561795,0.03289631473823125,0.24562936985123943,0.27776989628917814
18,OnlineFPCA-sgd,0.1,13000,100,face,3,5,0.100500345230103,4,2,0.11254641431641363,0.2605000007667132,0.17517755149471007,0.03268055467669808,0.24418159476675047,0.27610905984802125
18,OnlineFPCA-sgd,0.1,13100,100,face,3,5,0.0990700721740723,4,2,0.1679818506493098,0.16514129735780464,0.1388881055575264,0.033387434078343964,0.24257822735228113,0.27414903717937983
18,OnlineFPCA-sgd,0.1,13200,100,face,3,5,0.0992879867553711,4,2,0.2427519203032524,0.12898379333683938,0.14878879757516514,0.03377349972804329,0.24080338977801188,0.2720551988058827
18,OnlineFPCA-sgd,0.1,13300,100,face,3,5,0.0969724655151367,4,2,0.17810374900530887,0.19745698469580422,0.18858490140731154,0.033803242894731765,0.2390029118221324,0.270055529197979
18,OnlineFPCA-sgd,0.1,13400,100,face,3,5,0.099217414855957,4,2,0.19405603112762945,0.14077375810254888,0.17375120592243393,0.03433371720507113,0.2372898680231117,0.26817139895101155
18,OnlineFPCA-sgd,0.1,13500,100,face,3,5,0.0996012687683105,4,2,0.07924585187434481,0.11809393777303949,0.17463866753898052,0.034573506176459046,0.2355797255326505,0.2663258719202691
18,OnlineFPCA-sgd,0.1,13600,100,face,3,5,0.101036548614502,4,2,0.04138474490827383,0.1347272663615246,0.1768330355970001,0.03408880843384044,0.23404799809696186,0.2647702480549936
18,OnlineFPCA-sgd,0.1,13700,100,face,3,5,0.100518465042114,4,2,0.08805012605647333,0.0954559244729514,0.16606004269103644,0.03413412221659164,0.2325362066225937,0.263328505254413
18,OnlineFPCA-sgd,0.1,13800,100,face,3,5,0.100400924682617,4,2,0.1613877170588473,0.15303696039061204,0.16584770262616344,0.0341281644712874,0.23106294198330787,0.2618802075606104
18,OnlineFPCA-sgd,0.1,13900,100,face,3,5,0.10059380531311,4,2,0.1010668663657746,0.13964997745030608,0.16254907885665873,0.03416227603620291,0.22955927287084046,0.2603664982735008
18,OnlineFPCA-sgd,0.1,14000,100,face,3,5,0.0984270572662354,4,2,0.12254711770131554,0.1995626175258701,0.16629892588870201,0.03444723831354512,0.22833811161431555,0.25891640777657765
18,OnlineFPCA-sgd,0.1,14100,100,face,3,5,0.101049184799194,4,2,0.12168305953737917,0.1167743529811784,0.16777258840235684,0.03387017948876549,0.22701383407054768,0.2574991007951632
18,OnlineFPCA-sgd,0.1,14200,100,face,3,5,0.0998029708862305,4,2,0.19298852605156694,0.13687492119798908,0.12934225782673886,0.033939569593584525,0.22573559404468474,0.2560138191562089
18,OnlineFPCA-sgd,0.1,14300,100,face,3,5,0.100824117660522,4,2,0.0972363327199289,0.09950857400503517,0.14924307403978845,0.03421050620649927,0.22443015389122575,0.2546818965663625
18,OnlineFPCA-sgd,0.1,14400,100,face,3,5,0.0981941223144531,4,2,0.0930838008264215,0.12482922118776826,0.13479747595347746,0.03421497071236272,0.22296060194875666,0.2533530513644052
18,OnlineFPCA-sgd,0.1,14500,100,face,3,5,0.0979208946228027,4,2,0.26011622680732366,0.16415677953561414,0.1706867443827239,0.03371472701624215,0.22147701312964355,0.2521766516809975
18,OnlineFPCA-sgd,0.1,14600,100,face,3,5,0.0978915691375732,4,2,0.1826452295904657,0.1825803067673661,0.1816869009930292,0.03377330287804671,0.22013855176913383,0.2510681633632197
18,OnlineFPCA-sgd,0.1,14700,100,face,3,5,0.0974686145782471,4,2,0.12462245613429901,0.15397659031334904,0.16285383270723824,0.033982687826845714,0.21888561768700723,0.249854080346538
18,OnlineFPCA-sgd,0.1,14800,100,face,3,5,0.0950284004211426,4,2,0.1303606565887633,0.1172601227157554,0.19779162424201993,0.033827094416687284,0.2176273963347396,0.2488500444262019
18,OnlineFPCA-sgd,0.1,14900,100,face,3,5,0.100661277770996,4,2,0.08161902392221201,0.15057986405045506,0.1747223271167958,0.03421158667554966,0.2164372197179604,0.24802332034544183
18,OnlineFPCA-sgd,0.1,15000,100,face,3,5,0.0980117321014404,4,2,0.12799347905766353,0.14468111331420827,0.18773495572653462,0.03445793887653682,0.21526165155772733,0.24702266271415274
18,OnlineFPCA-sgd,0.1,0,100,face,3,5,6.35740375518799,6,1,0.10957338018728638,0.36197680389038267,1.970310309550978,0.10957338018728638,0.36197680389038267,1.970310309550978
18,OnlineFPCA-sgd,0.1,100,100,face,3,5,0.346299886703491,6,1,0.8488864313094966,1.5288290954819288,1.5528706159667933,NA,NA,NA
18,OnlineFPCA-sgd,0.1,200,100,face,3,5,0.354946851730347,6,1,0.7977702255470863,1.884425698136326,0.6889979193808038,NA,NA,NA
18,OnlineFPCA-sgd,0.1,300,100,face,3,5,0.344929456710815,6,1,0.8024185091489014,1.7779675764186826,1.400718231344298,NA,NA,NA
18,OnlineFPCA-sgd,0.1,400,100,face,3,5,0.343332290649414,6,1,0.994386187551967,0.9732190993119505,0.8859400968159602,NA,NA,NA
18,OnlineFPCA-sgd,0.1,500,100,face,3,5,0.348009347915649,6,1,0.820058293751128,0.8937859638551223,1.1284862419340687,NA,NA,NA
18,OnlineFPCA-sgd,0.1,600,100,face,3,5,0.342137336730957,6,1,0.7769905620881935,0.7665169170106741,1.118239988238496,NA,NA,NA
18,OnlineFPCA-sgd,0.1,700,100,face,3,5,0.351037740707397,6,1,0.7352052999073313,0.7395345710251606,1.1160156280025237,NA,NA,NA
18,OnlineFPCA-sgd,0.1,800,100,face,3,5,0.347465038299561,6,1,0.6750683499898303,0.6939827427402656,1.1128493093090945,NA,NA,NA
18,OnlineFPCA-sgd,0.1,900,100,face,3,5,0.346768856048584,6,1,0.617167566900161,0.6412743065022769,1.1094588908796887,NA,NA,NA
18,OnlineFPCA-sgd,0.1,1000,100,face,3,5,0.354832410812378,6,1,0.5522050152499655,0.6017778128466924,1.1016539531801595,NA,NA,NA
18,OnlineFPCA-sgd,0.1,1100,100,face,3,5,0.507145643234253,6,1,0.1951623842100108,0.5053917026380568,0.893453564501626,0.2528918910758277,0.5107292842521026,0.9991679991683085
18,OnlineFPCA-sgd,0.1,1200,100,face,3,5,0.495315074920654,6,1,0.13726164204412883,0.5082783302000131,0.6344433736847078,0.19571696404213657,0.5038977924083773,0.889217283104917
18,OnlineFPCA-sgd,0.1,1300,100,face,3,5,0.49891209602356,6,1,0.18927692288623008,0.48405553319824385,0.5323806977521529,0.1604521375423392,0.49893122912488025,0.7780514208853688
18,OnlineFPCA-sgd,0.1,1400,100,face,3,5,0.49711799621582,6,1,0.17568109829972542,0.4659074105254846,0.5324195277140292,0.15385005239901364,0.48883441949531137,0.6924450995375517
18,OnlineFPCA-sgd,0.1,1500,100,face,3,5,0.49665093421936,6,1,0.645070721706771,0.4726365014502888,0.4891566417987823,0.1317549886264277,0.4784878967381616,0.6381072515977494
18,OnlineFPCA-sgd,0.1,1600,100,face,3,5,0.48687481880188,6,1,0.05114966219362608,0.47278421836579476,0.4904197086120569,0.11748569022387324,0.4713246998951524,0.5989878290102807
18,OnlineFPCA-sgd,0.1,1700,100,face,3,5,0.486119508743286,6,1,0.06293649119696777,0.4624268156923786,0.4816867483186214,0.10712872958289456,0.467482321051413,0.5736793888588243
18,OnlineFPCA-sgd,0.1,1800,100,face,3,5,0.488739013671875,6,1,0.0612999217761932,0.458730460161008,0.4826895349226598,0.09933261537072749,0.4650198180191125,0.556235377727339
18,OnlineFPCA-sgd,0.1,1900,100,face,3,5,0.483356237411499,6,1,0.05017129261311252,0.4573262226991773,0.4827456717775865,0.09012688058501442,0.4630831428783994,0.5434244378615428
18,OnlineFPCA-sgd,0.1,2000,100,face,3,5,0.485452651977539,6,1,0.06515789620314139,0.45700120769624974,0.48231360104967624,0.08279527271727727,0.46166453687868736,0.5342282518390583
18,OnlineFPCA-sgd,0.1,2100,100,face,3,5,0.48203706741333,6,1,0.15277539198166185,0.4183763166899912,0.4472953214156292,0.07655364906573973,0.45893886007687684,0.5266824787484145
18,OnlineFPCA-sgd,0.1,2200,100,face,3,5,0.471491813659668,6,1,0.2539607312303327,0.4198557358752369,0.45452186262793703,0.07032646699570984,0.45425442500388674,0.5192524033359038
18,OnlineFPCA-sgd,0.1,2300,100,face,3,5,0.476929903030396,6,1,0.04538224351435987,0.3972417383679448,0.43612329635757735,0.06396402136960398,0.4487555727143402,0.5144803835025016
18,OnlineFPCA-sgd,0.1,2400,100,face,3,5,0.478216409683228,6,1,0.20780561176011705,0.38210265075658284,0.45040501340925976,0.06112569199365137,0.44340234460181177,0.5093023726406992
18,OnlineFPCA-sgd,0.1,2500,100,face,3,5,0.496734380722046,6,1,0.22145805532690796,0.3876285098653243,0.41828315979293357,0.056921255527698104,0.43900052581262006,0.5009852311485772
18,OnlineFPCA-sgd,0.1,2600,100,face,3,5,0.489477157592773,6,1,0.24933372764403727,0.37594281255765083,0.36503029586275676,0.04577622739054651,0.43393072586792364,0.49245554385778134
18,OnlineFPCA-sgd,0.1,2700,100,face,3,5,0.474511861801147,6,1,0.21826850286380342,0.3454511940404517,0.3712955804597872,0.04428732788301784,0.428720369124743,0.4832069942714713
18,OnlineFPCA-sgd,0.1,2800,100,face,3,5,0.474607706069946,6,1,0.15472617922968937,0.3422478182243823,0.3920210187411583,0.045384450180202165,0.4232925606378469,0.4776272010390958
18,OnlineFPCA-sgd,0.1,2900,100,face,3,5,0.482418775558472,6,1,0.12705951936025336,0.3889850954180436,0.3793777258967148,0.04379106723638473,0.41807336117223654,0.4714486019646146
18,OnlineFPCA-sgd,0.1,3000,100,face,3,5,0.479451417922974,6,1,0.19192966101592357,0.3741112456329819,0.3768328489423099,0.0396837939740547,0.41334401540072224,0.4655219169138061
18,OnlineFPCA-sgd,0.1,3100,100,face,3,5,0.482251882553101,6,1,0.1762766342116136,0.3493840610901257,0.3447746491673973,0.0364456358606214,0.4087872051407608,0.45902409228684704
18,OnlineFPCA-sgd,0.1,3200,100,face,3,5,0.4837965965271,6,1,0.2811796954646326,0.3460699201586014,0.36500890547564635,0.03316567131170051,0.40474990324217863,0.45261809947772597
18,OnlineFPCA-sgd,0.1,3300,100,face,3,5,0.482654333114624,6,1,0.22366134864434742,0.43529365509601636,0.34753143261017194,0.03144823020377824,0.40138941633926567,0.44697558345841254
18,OnlineFPCA-sgd,0.1,3400,100,face,3,5,0.486735105514526,6,1,0.19333042183537508,0.3197125704625772,0.3709382546493578,0.03239616956703054,0.3974973459965194,0.44311412659735494
18,OnlineFPCA-sgd,0.1,3500,100,face,3,5,0.481310367584229,6,1,0.1537083078591442,0.289869815681027,0.3511175062111072,0.031104105148552812,0.39337368386017535,0.43888593355429184
18,OnlineFPCA-sgd,0.1,3600,100,face,3,5,0.485395908355713,6,1,0.0497478145824525,0.29666412684590265,0.31390875078304403,0.02900638757021776,0.38848427409688097,0.43477210596061316
18,OnlineFPCA-sgd,0.1,3700,100,face,3,5,0.487231254577637,6,1,0.12198592251939083,0.2646485211487538,0.30349450065683337,0.029533590292185014,0.3833235654801869,0.42969199174581985
18,OnlineFPCA-sgd,0.1,3800,100,face,3,5,0.481573343276978,6,1,0.17596016501419018,0.2725514693417408,0.24652994966282263,0.02969976598480774,0.3778869384679906,0.42308382133383626
18,OnlineFPCA-sgd,0.1,3900,100,face,3,5,0.493113994598389,6,1,0.11540123950798346,0.24987136890523515,0.26426905804811335,0.03047368036459479,0.37281207201645833,0.4153876187553293
18,OnlineFPCA-sgd,0.1,4000,100,face,3,5,0.486023426055908,6,1,0.030796949995511164,0.36646973923679027,0.40760690784169873,0.030796949995511164,0.36646973923679027,0.40760690784169873
18,OnlineFPCA-sgd,0.1,4100,100,face,3,5,0.638164758682251,6,1,0.15527588158888458,0.35610590027243627,0.3610535796013624,0.053804621460316386,0.35732831914293045,0.3852133890809755
18,OnlineFPCA-sgd,0.1,4200,100,face,3,5,0.476871013641357,6,1,0.2598760556158329,0.3331038155720592,0.33754638623117206,0.05403942289675562,0.34957440711035465,0.3705115069068667
18,OnlineFPCA-sgd,0.1,4300,100,face,3,5,0.473084926605225,6,1,0.07997572807446651,0.3206975853357889,0.35862081305590093,0.05417512591449447,0.33919546634105896,0.3586745792833198
18,OnlineFPCA-sgd,0.1,4400,100,face,3,5,0.481752634048462,6,1,0.16189149374858602,0.33554379401040124,0.37955028606338187,0.04835424545449474,0.3323231099316753,0.35963922527124087
18,OnlineFPCA-sgd,0.1,4500,100,face,3,5,0.479182004928589,6,1,0.33762205005914064,0.3678436623689437,0.3761400137222127,0.037995294145775765,0.3283369204845699,0.36373724721865586
18,OnlineFPCA-sgd,0.1,4600,100,face,3,5,0.477458238601685,6,1,0.22280282846460067,0.3392966802138186,0.35139705352393763,0.05636217660122427,0.32271079965082616,0.36094393257774826
18,OnlineFPCA-sgd,0.1,4700,100,face,3,5,0.483567476272583,6,1,0.1541131837580622,0.33224578262984306,0.323735652781232,0.06252147149699884,0.316212612426715,0.3571432812715557
18,OnlineFPCA-sgd,0.1,4800,100,face,3,5,0.486446380615234,6,1,0.1322866186078726,0.29810093836892365,0.36528998022133247,0.06637668887281278,0.31188016514731615,0.3555117108526264
18,OnlineFPCA-sgd,0.1,4900,100,face,3,5,0.475887298583984,6,1,0.11464166291430511,0.3029555753537286,0.3266028442961169,0.06355364498223577,0.30530959379355027,0.35351444637636537
18,OnlineFPCA-sgd,0.1,5000,100,face,3,5,0.470515489578247,6,1,0.181376647359243,0.2327150292194334,0.34023280990843446,0.06072307775976585,0.29727078953509956,0.3487498427003328
18,OnlineFPCA-sgd,0.1,5100,100,face,3,5,0.0945823192596436,6,1,0.11027195575990903,0.23991902428582185,0.29181135664387986,0.05638094151962534,0.2901487844436403,0.34261446120591904
18,OnlineFPCA-sgd,0.1,5200,100,face,3,5,0.102119922637939,6,1,0.17251462363894585,0.22475270320969504,0.2865778711107614,0.05179385499856278,0.2827070751214807,0.3348603368812027
18,OnlineFPCA-sgd,0.1,5300,100,face,3,5,0.0989770889282227,6,1,0.12127564862669274,0.2408787583734688,0.24030068986028996,0.04926152967174895,0.276335186851209,0.3280785206627243
18,OnlineFPCA-sgd,0.1,5400,100,face,3,5,0.0959291458129883,6,1,0.12223080154098868,0.1720687971808527,0.22691868068515125,0.04632410825707066,0.2700788964731248,0.3215845523852434
18,OnlineFPCA-sgd,0.1,5500,100,face,3,5,0.103021860122681,6,1,0.12643090918456967,0.204128309942086,0.23887602031255148,0.04525776387498921,0.2636450510014283,0.3152360742912751
18,OnlineFPCA-sgd,0.1,5600,100,face,3,5,0.0966892242431641,6,1,0.181812223691847,0.21279315279082972,0.24395251888928982,0.046255241391170425,0.2582089794725668,0.3092686761300889
18,OnlineFPCA-sgd,0.1,5700,100,face,3,5,0.0989878177642822,6,1,0.12911732068536416,0.1909888030318239,0.2653172576299498,0.04335601013627865,0.25310168033639197,0.30419548099370025
18,OnlineFPCA-sgd,0.1,5800,100,face,3,5,0.10008692741394,6,1,0.0920236849331005,0.1951244060142051,0.28140760739292064,0.041848599857909445,0.24827301404435395,0.3014954630555507
18,OnlineFPCA-sgd,0.1,5900,100,face,3,5,0.0974264144897461,6,1,0.18031696025052685,0.25350517926365196,0.2865362789723915,0.03646833493178503,0.24341572042998064,0.2992799650420576
18,OnlineFPCA-sgd,0.1,6000,100,face,3,5,0.1010422706604,6,1,0.12343915681504816,0.2376577958948421,0.2711736623900854,0.03255045430282043,0.23945789450393654,0.29701674959403496
18,OnlineFPCA-sgd,0.1,6100,100,face,3,5,0.10091233253479,6,1,0.13528822730112747,0.20653166481519442,0.31543858680153475,0.03301549055008218,0.23646996124823993,0.29625353749786126
18,OnlineFPCA-sgd,0.1,6200,100,face,3,5,0.0982699394226074,6,1,0.11973325263629508,0.1843311688079439,0.257211271390159,0.03391611536196907,0.23365890756940919,0.29603822662981605
18,OnlineFPCA-sgd,0.1,6300,100,face,3,5,0.248405694961548,6,1,0.17755806924781586,0.20801416942061807,0.28064561820560413,0.03500969130906427,0.22973993951698463,0.2932389785169509
18,OnlineFPCA-sgd,0.1,6400,100,face,3,5,0.0976145267486572,6,1,0.21433677314592853,0.1906870414523588,0.28835167829524844,0.03777676760174977,0.22541225936237583,0.28830405556592287
18,OnlineFPCA-sgd,0.1,6500,100,face,3,5,0.100275039672852,6,1,0.1419405033619534,0.23852860540886173,0.2627657300008743,0.03957318918161275,0.2223687932103231,0.28574578114501004
18,OnlineFPCA-sgd,0.1,6600,100,face,3,5,0.100283861160278,6,1,0.12217439861844484,0.24450199790955437,0.26463606457174454,0.039829674345767584,0.21973818987492746,0.28390817297073434
18,OnlineFPCA-sgd,0.1,6700,100,face,3,5,0.100201845169067,6,1,0.1165973213760848,0.20300955983154087,0.24807744558885,0.03876120688164855,0.21721804356310978,0.2819400358154425
18,OnlineFPCA-sgd,0.1,6800,100,face,3,5,0.102775812149048,6,1,0.17854786627005098,0.16876076190689882,0.24103020748410242,0.039177455309414314,0.21399649216357997,0.2799640276535608
18,OnlineFPCA-sgd,0.1,6900,100,face,3,5,0.100259065628052,6,1,0.2042203728024798,0.11417427306098188,0.2831426753300593,0.03871085177615233,0.2103179906391605,0.2775898410040204
18,OnlineFPCA-sgd,0.1,7000,100,face,3,5,0.0999488830566406,6,1,0.14894763571719205,0.12633264374456993,0.31539507106015124,0.037475532696902826,0.20713452960991222,0.27693864207834956
18,OnlineFPCA-sgd,0.1,7100,100,face,3,5,0.1034996509552,6,1,0.16763986894643818,0.12448655652278859,0.27060362102695695,0.03580676199971273,0.20356626233332067,0.27630292336728096
18,OnlineFPCA-sgd,0.1,7200,100,face,3,5,0.0967533588409424,6,1,0.22648493413382756,0.17036638992862554,0.29630730107296166,0.03525452447696097,0.19992919829034145,0.2753637641357716
18,OnlineFPCA-sgd,0.1,7300,100,face,3,5,0.103319883346558,6,1,0.06592849273524047,0.1196922810793805,0.3157262778255684,0.03674742024828959,0.19621107089830575,0.2750472805269631
18,OnlineFPCA-sgd,0.1,7400,100,face,3,5,0.0984926223754883,6,1,0.14838130189436907,0.15459631046183714,0.31838652775970805,0.03713351032239224,0.19186114130211757,0.2746988531077686
18,OnlineFPCA-sgd,0.1,7500,100,face,3,5,0.100740909576416,6,1,0.155758077876777,0.10312742434427605,0.2908445073839266,0.03586138306564166,0.18771017292270972,0.2733472840867997
18,OnlineFPCA-sgd,0.1,7600,100,face,3,5,0.103777170181274,6,1,0.24035835297200106,0.11549348148666118,0.2687235238444507,0.03292623936505354,0.18389915798269693,0.27185047188828687
18,OnlineFPCA-sgd,0.1,7700,100,face,3,5,0.100196599960327,6,1,0.21936466116071907,0.10345729857731205,0.27926919837891817,0.029860742604607273,0.18002874189342435,0.269447707633228
18,OnlineFPCA-sgd,0.1,7800,100,face,3,5,0.100178718566895,6,1,0.14831566716889502,0.1638539419643796,0.2460785841488389,0.03132921560264417,0.17627375097087883,0.26792816554421134
18,OnlineFPCA-sgd,0.1,7900,100,face,3,5,0.104171752929688,6,1,0.18967346935316745,0.24417390662940222,0.23280216004430251,0.03223475234223578,0.17304691891441273,0.2655222282055447
18,OnlineFPCA-sgd,0.1,8000,100,face,3,5,0.0990583896636963,6,1,0.12413565101469659,0.25924158398099717,0.18472047343316952,0.031333179553206525,0.16988303793192444,0.26223711914614395
18,OnlineFPCA-sgd,0.1,8100,100,face,3,5,0.10305118560791,6,1,0.1728651584135965,0.1596782617299794,0.15668784355701854,0.03270318904126459,0.1670537255401656,0.2580318215000616
18,OnlineFPCA-sgd,0.1,8200,100,face,3,5,0.0977649688720703,6,1,0.25516455546585437,0.12940544920310698,0.15775150746447159,0.03368952998078779,0.16451927206052805,0.2535120988151422
18,OnlineFPCA-sgd,0.1,8300,100,face,3,5,0.0996599197387695,6,1,0.18759598005518732,0.227677932922352,0.17806658650808055,0.03317478525124927,0.16232887064493057,0.2490417146104071
18,OnlineFPCA-sgd,0.1,8400,100,face,3,5,0.103289365768433,6,1,0.19770912799518456,0.15377987390470801,0.19253077068718744,0.03390701614388954,0.1602522665946582,0.2457649901720514
18,OnlineFPCA-sgd,0.1,8500,100,face,3,5,0.0983583927154541,6,1,0.08797906667837693,0.12423827653388078,0.18482917457523734,0.03435789716861301,0.1583734904796966,0.24254402861401808
18,OnlineFPCA-sgd,0.1,8600,100,face,3,5,0.100135564804077,6,1,0.04423035779201594,0.1284703023377303,0.16278112064646094,0.033097494106432895,0.15621376049704366,0.23983611299101334
18,OnlineFPCA-sgd,0.1,8700,100,face,3,5,0.101523637771606,6,1,0.09630644116805089,0.06436269527653415,0.15053769732294753,0.03325458715959391,0.15397157212191886,0.23704377955735018
18,OnlineFPCA-sgd,0.1,8800,100,face,3,5,0.0962197780609131,6,1,0.16469975792116748,0.13405528116829424,0.12436326402005321,0.033125967331688835,0.15153915029779425,0.23359736311818674
18,OnlineFPCA-sgd,0.1,8900,100,face,3,5,0.0985541343688965,6,1,0.1018928745645905,0.12421674420991637,0.12806453677126634,0.032977458927860276,0.14942981381212023,0.2296819468921995
18,OnlineFPCA-sgd,0.1,9000,100,face,3,5,0.0955233573913574,6,1,0.12538536380999116,0.18227403587855545,0.127692775476217,0.0335981785102805,0.14665113238349697,0.22579439999924888
18,OnlineFPCA-sgd,0.1,9100,100,face,3,5,0.0986423492431641,6,1,0.12733133048333195,0.0837973496582251,0.13505991877241272,0.03242626402288268,0.14400048265576806,0.22231553188375064
18,OnlineFPCA-sgd,0.1,9200,100,face,3,5,0.0990824699401855,6,1,0.20361399313856568,0.10085910634590554,0.07154778506228153,0.032672915122917826,0.14134613110646735,0.21846678749395257
18,OnlineFPCA-sgd,0.1,9300,100,face,3,5,0.0976302623748779,6,1,0.09319908733392109,0.05101752603860012,0.12111970006239453,0.03312520620934953,0.13855773663898652,0.2150281437445413
18,OnlineFPCA-sgd,0.1,9400,100,face,3,5,0.099323034286499,6,1,0.10489803390002736,0.10538604068826002,0.12558279666804545,0.03310523920671534,0.1360428373953316,0.2125569285168505
18,OnlineFPCA-sgd,0.1,9500,100,face,3,5,0.0992670059204102,6,1,0.27222617715629804,0.15192866601244898,0.1628488872937876,0.032172703363376735,0.13344484274784013,0.21072834062882884
18,OnlineFPCA-sgd,0.1,9600,100,face,3,5,0.0957324504852295,6,1,0.18784435082062304,0.16467284116300798,0.17048382998068506,0.03246738834571052,0.13065584516290224,0.2086221827104251
18,OnlineFPCA-sgd,0.1,9700,100,face,3,5,0.102202653884888,6,1,0.12954392228468983,0.13647416460980843,0.14950586389993015,0.03315616915931966,0.12822139314328931,0.2065368389181498
18,OnlineFPCA-sgd,0.1,9800,100,face,3,5,0.095949649810791,6,1,0.13125151747855127,0.09255562964276685,0.19278503898934257,0.03303419810747963,0.12590762835231237,0.20495041932441171
18,OnlineFPCA-sgd,0.1,9900,100,face,3,5,0.10308313369751,6,1,0.08589729728983814,0.13239187344539974,0.16656581658801345,0.033802511761031565,0.12383353256935482,0.2035922480821796
18,OnlineFPCA-sgd,0.1,10000,100,face,3,5,0.0980398654937744,6,1,0.13537433544596486,0.11262023898366806,0.18380751512857527,0.034230052656778046,0.12176375325491308,0.20194013560254004
18,OnlineFPCA-sgd,0.1,10100,100,face,3,5,0.100304365158081,6,1,0.1032416331574707,0.10498670897572426,0.14467589995520844,0.034477322575764593,0.11976954509177529,0.20005226614944976
18,OnlineFPCA-sgd,0.1,10200,100,face,3,5,0.103773832321167,6,1,0.11774390923954257,0.07436507147009144,0.16535645970402843,0.03391713033660885,0.11747682295542299,0.19777472205725719
18,OnlineFPCA-sgd,0.1,10300,100,face,3,5,0.0981664657592773,6,1,0.10110077711826637,0.12114988057878513,0.13278574082358116,0.03338068676027106,0.11507424448322436,0.19572430914958516
18,OnlineFPCA-sgd,0.1,10400,100,face,3,5,0.0998959541320801,6,1,0.12500350201682384,0.0675528342353407,0.13552844006340387,0.03237439075229271,0.11248908252389063,0.1938792402814709
18,OnlineFPCA-sgd,0.1,10500,100,face,3,5,0.101133584976196,6,1,0.12144159845429893,0.09127258256179269,0.14469075829440706,0.03179541533936737,0.11019214916493315,0.19216569613969223
18,OnlineFPCA-sgd,0.1,10600,100,face,3,5,0.0972006320953369,6,1,0.15352111412250574,0.10493727056812054,0.14838522337170446,0.03182001888680634,0.10804559571361955,0.1904967864017907
18,OnlineFPCA-sgd,0.1,10700,100,face,3,5,0.101670980453491,6,1,0.12138136706349525,0.07401472186193607,0.167314481023424,0.031389716896987066,0.10592513538087056,0.18899372322478428
18,OnlineFPCA-sgd,0.1,10800,100,face,3,5,0.0996568202972412,6,1,0.08908347239342988,0.09557788743294698,0.17110687042366166,0.03085999605214678,0.10401397314936055,0.18810667852469906
18,OnlineFPCA-sgd,0.1,10900,100,face,3,5,0.0999228954315186,6,1,0.1325963175738668,0.1578124845477998,0.17201926788211278,0.030560673625645168,0.10227428008031592,0.18728375695597452
18,OnlineFPCA-sgd,0.1,11000,100,face,3,5,0.0997240543365479,6,1,0.10108536518883447,0.1303673091047066,0.16549842969107664,0.03026694674873839,0.1008438219866351,0.18645737265021095
18,OnlineFPCA-sgd,0.1,11100,100,face,3,5,0.0973167419433594,6,1,0.12763050877049673,0.11808688722733043,0.20672087889793175,0.03121300486740917,0.09957732732628702,0.1861135594633069
18,OnlineFPCA-sgd,0.1,11200,100,face,3,5,0.0997114181518555,6,1,0.11821964154066812,0.08129170292322767,0.1603348873349536,0.03185762066564474,0.09828970820828468,0.1860317280615865
18,OnlineFPCA-sgd,0.1,11300,100,face,3,5,0.099703311920166,6,1,0.15218460633143427,0.11531856740176295,0.19063083177337245,0.03220009122889942,0.09682297263688683,0.18529083019809975
18,OnlineFPCA-sgd,0.1,11400,100,face,3,5,0.0965471267700195,6,1,0.19409760206235321,0.0748600505192267,0.19824976410371406,0.03248890544235415,0.09533432590654627,0.1839963098350105
18,OnlineFPCA-sgd,0.1,11500,100,face,3,5,0.108949899673462,6,1,0.12059637875394498,0.15920465182906413,0.17356433351811024,0.03316404862100633,0.09416982565112066,0.18323229836113814
18,OnlineFPCA-sgd,0.1,11600,100,face,3,5,0.096580982208252,6,1,0.08468660486904252,0.16467832020940465,0.19102436227427355,0.03342838308361751,0.09319604310405191,0.18270584309820528
18,OnlineFPCA-sgd,0.1,11700,100,face,3,5,0.0991840362548828,6,1,0.0881226772567165,0.1297855073703478,0.1797495344017299,0.03302126217200065,0.09210558275073547,0.18222896887425033
18,OnlineFPCA-sgd,0.1,11800,100,face,3,5,0.0993058681488037,6,1,0.14708425516900286,0.0969175780594202,0.18271862907140837,0.03300057882610391,0.0907436989945351,0.18175471338504276
18,OnlineFPCA-sgd,0.1,11900,100,face,3,5,0.0995626449584961,6,1,0.16379576887048766,0.05276485259307116,0.22316721714955598,0.033086481322007213,0.08927997009841493,0.1812790203233175
18,OnlineFPCA-sgd,0.1,12000,100,face,3,5,0.102727174758911,6,1,0.12459562430546595,0.07175578488043799,0.25722190203081796,0.03287535012443724,0.088111078399827,0.18150100930881014
18,OnlineFPCA-sgd,0.1,12100,100,face,3,5,0.100799083709717,6,1,0.14201737944133555,0.05312536161150022,0.22863880836542932,0.032198175428282114,0.08670393579879454,0.18183490604121888
18,OnlineFPCA-sgd,0.1,12200,100,face,3,5,0.0999064445495605,6,1,0.179521030768459,0.10575338912813473,0.2505292387385437,0.031833392513546756,0.0851606349955574,0.18204098257004514
18,OnlineFPCA-sgd,0.1,12300,100,face,3,5,0.104446649551392,6,1,0.05361113138751566,0.07827875933854679,0.26815137765447883,0.032309197131341415,0.0835934948035372,0.18243364084519637
18,OnlineFPCA-sgd,0.1,12400,100,face,3,5,0.0994102954864502,6,1,0.12931052331312026,0.1439073537784367,0.27168167228383433,0.03235266419918797,0.08192233240285751,0.18280633014850223
18,OnlineFPCA-sgd,0.1,12500,100,face,3,5,0.102809906005859,6,1,0.1253374211000601,0.09068144459024281,0.2511652875329779,0.03189888932788467,0.08018708774236458,0.18282050199874536
18,OnlineFPCA-sgd,0.1,12600,100,face,3,5,0.0998620986938477,6,1,0.21438422351083133,0.09999200388029326,0.2263015128128912,0.030881896646529645,0.07869963387576308,0.18275279805959907
18,OnlineFPCA-sgd,0.1,12700,100,face,3,5,0.101295232772827,6,1,0.18569030679388937,0.1148413832063813,0.2444482417036928,0.02954757292455331,0.07728194848932808,0.18233021477947423
18,OnlineFPCA-sgd,0.1,12800,100,face,3,5,0.10328483581543,6,1,0.14291902382458935,0.15454083454793685,0.22431323957190885,0.029871072009058378,0.07600005964694653,0.1822349424064333
18,OnlineFPCA-sgd,0.1,12900,100,face,3,5,0.10126781463623,6,1,0.1807744335272366,0.22246495177259548,0.20592668844738715,0.03053217861386904,0.0749267873838633,0.18178041041394433
18,OnlineFPCA-sgd,0.1,13000,100,face,3,5,0.100831270217896,6,1,0.10504894574447009,0.23429406935682656,0.1610418589674943,0.03047694970118953,0.0739652637383455,0.18093066346444153
18,OnlineFPCA-sgd,0.1,13100,100,face,3,5,0.100110292434692,6,1,0.1610294407928599,0.14726798305847633,0.12089063590672203,0.031164432236259434,0.07302461678762964,0.17969315744658027
18,OnlineFPCA-sgd,0.1,13200,100,face,3,5,0.098578929901123,6,1,0.2272590323818086,0.11281117007382425,0.1326432135531648,0.03156585753271154,0.07195558343188616,0.17823536346461083
18,OnlineFPCA-sgd,0.1,13300,100,face,3,5,0.102667331695557,6,1,0.15850447979559415,0.16090398325423438,0.16491496376549258,0.031597129673991864,0.07097626895547492,0.17681187279452845
18,OnlineFPCA-sgd,0.1,13400,100,face,3,5,0.0979771614074707,6,1,0.1859322957181187,0.11270262545581523,0.1549380833117119,0.03201354486554821,0.0701959404022422,0.1756706709916692
18,OnlineFPCA-sgd,0.1,13500,100,face,3,5,0.100695848464966,6,1,0.07046671587903314,0.09834782515662022,0.15306711203730175,0.032332326694503775,0.06954955718079542,0.17449517777342802
18,OnlineFPCA-sgd,0.1,13600,100,face,3,5,0.103072166442871,6,1,0.040612118545392005,0.10203379055685922,0.15102507084888395,0.03188171449309883,0.06876756858274895,0.17354146219022545
18,OnlineFPCA-sgd,0.1,13700,100,face,3,5,0.0976278781890869,6,1,0.07310243593669542,0.05484788723910103,0.14177712641353554,0.03185509518906487,0.06787314972186417,0.1725529915864631
18,OnlineFPCA-sgd,0.1,13800,100,face,3,5,0.10791015625,6,1,0.15716129772024715,0.1159646700106279,0.13938726055734818,0.0318594793156404,0.06674374244193616,0.1713174313337703
18,OnlineFPCA-sgd,0.1,13900,100,face,3,5,0.103641271591187,6,1,0.0929340610256636,0.10971344130651679,0.1349500797298277,0.031813212144077,0.0657171995593784,0.1698863976871699
18,OnlineFPCA-sgd,0.1,14000,100,face,3,5,0.0978267192840576,6,1,0.11319520070791206,0.16506672356489696,0.14439407118992714,0.03212524557556707,0.06475017998562303,0.16850920095274577
18,OnlineFPCA-sgd,0.1,14100,100,face,3,5,0.101213932037354,6,1,0.10841571116736509,0.0835678967880466,0.13808269794583125,0.03167385807892983,0.06380938747532612,0.16730012172396333
18,OnlineFPCA-sgd,0.1,14200,100,face,3,5,0.0981016159057617,6,1,0.17223512592747287,0.1080525996588019,0.10616587012112354,0.031737743524038714,0.06286554611334659,0.16592721931871338
18,OnlineFPCA-sgd,0.1,14300,100,face,3,5,0.101079702377319,6,1,0.09755345108384544,0.07174278150001716,0.12930824183428882,0.03202528362766497,0.06171011759219616,0.16469675386430296
18,OnlineFPCA-sgd,0.1,14400,100,face,3,5,0.102027893066406,6,1,0.07405787475740955,0.09778898158297926,0.1198685748144312,0.03208477758150877,0.060608414776893244,0.16380976947099124
18,OnlineFPCA-sgd,0.1,14500,100,face,3,5,0.098820686340332,6,1,0.2348827320827778,0.1284789241989692,0.14989274461137295,0.03167054628365433,0.059420348764474565,0.16321412761012202
18,OnlineFPCA-sgd,0.1,14600,100,face,3,5,0.10064959526062,6,1,0.17228243297541443,0.1470891575730175,0.1597760119436408,0.031766105917412996,0.05813798081776642,0.16252698357341305
18,OnlineFPCA-sgd,0.1,14700,100,face,3,5,0.101762771606445,6,1,0.11727569788316938,0.1267929615601734,0.14752402732882353,0.032033625018815376,0.05710127926448964,0.16180075830906837
18,OnlineFPCA-sgd,0.1,14800,100,face,3,5,0.0981647968292236,6,1,0.12737831564517513,0.09184960770806147,0.18019941638545386,0.03195594918852056,0.05608757837877468,0.16133523725474164
18,OnlineFPCA-sgd,0.1,14900,100,face,3,5,0.102871179580688,6,1,0.08011595985229335,0.12162659285628219,0.160663378726786,0.03234313225194262,0.05531943729120869,0.16101863422007287
18,OnlineFPCA-sgd,0.1,15000,100,face,3,5,0.0982027053833008,6,1,0.11587055842767517,0.11558446457065728,0.17271173286132574,0.03257710681925925,0.054632315914247144,0.16051607359993136
18,OnlineFPCA-sgd,0.1,0,100,face,3,5,6.35740375518799,6,2,0.10957338018728638,1.99867369630776,1.970310309550978,0.10957338018728638,1.99867369630776,1.970310309550978
18,OnlineFPCA-sgd,0.1,100,100,face,3,5,0.351420164108276,6,2,0.6927644575351098,1.6291159727376765,1.419088930418423,NA,NA,NA
18,OnlineFPCA-sgd,0.1,200,100,face,3,5,0.356425285339355,6,2,0.9317765346635613,1.175032940725431,0.939247883032579,NA,NA,NA
18,OnlineFPCA-sgd,0.1,300,100,face,3,5,0.503303289413452,6,2,0.7866253570687409,1.0698682997882147,0.928962134805934,NA,NA,NA
18,OnlineFPCA-sgd,0.1,400,100,face,3,5,0.344752788543701,6,2,1.0235382165776041,0.9603369744172257,1.1993726718097153,NA,NA,NA
18,OnlineFPCA-sgd,0.1,500,100,face,3,5,0.349599123001099,6,2,0.754321464187265,1.642465145431953,1.5320334805682936,NA,NA,NA
18,OnlineFPCA-sgd,0.1,600,100,face,3,5,0.34009051322937,6,2,0.8169765162878239,0.6525594486447702,0.8371538325965795,NA,NA,NA
18,OnlineFPCA-sgd,0.1,700,100,face,3,5,0.343630075454712,6,2,0.6725432282473104,0.6279024544919563,0.8187290773867624,NA,NA,NA
18,OnlineFPCA-sgd,0.1,800,100,face,3,5,0.345029592514038,6,2,0.3520958060161379,0.5591881740473853,0.7773858112424881,NA,NA,NA
18,OnlineFPCA-sgd,0.1,900,100,face,3,5,0.343666315078735,6,2,0.2817923147326702,0.5118339586610298,0.7550060104408609,NA,NA,NA
18,OnlineFPCA-sgd,0.1,1000,100,face,3,5,0.33803129196167,6,2,0.20504059962596363,0.4542845400463329,0.7204179202972306,NA,NA,NA
18,OnlineFPCA-sgd,0.1,1100,100,face,3,5,0.483848094940186,6,2,0.23392636882923484,0.34587569281933367,0.5522519036235112,0.21179492413316842,0.3606569221965713,0.6285733967905712
18,OnlineFPCA-sgd,0.1,1200,100,face,3,5,0.491866588592529,6,2,0.10859164374362516,0.40535676525968334,0.4550562735404686,0.08192690338684967,0.3925448041872063,0.59773088463615065
18,OnlineFPCA-sgd,0.1,1300,100,face,3,5,0.47801661491394,6,2,0.18608031643328057,0.40336403954543026,0.4235436666226465,0.08499710254799808,0.3945190455090024,0.5359674583418005
18,OnlineFPCA-sgd,0.1,1400,100,face,3,5,0.486230134963989,6,2,0.16435619565294554,0.3860019972836579,0.45961433630141063,0.10367663020881777,0.39105479807380505,0.49308111922136866
18,OnlineFPCA-sgd,0.1,1500,100,face,3,5,0.488678932189941,6,2,0.16196998520235478,0.4018522967601525,0.42974000933045153,0.09173097303748598,0.3849741778503283,0.4732046116177397
18,OnlineFPCA-sgd,0.1,1600,100,face,3,5,0.480098724365234,6,2,0.0908201162401049,0.3996674399642416,0.4427431322697891,0.08555928774783962,0.38343596832039845,0.45829005612245116
18,OnlineFPCA-sgd,0.1,1700,100,face,3,5,0.475465774536133,6,2,0.08434655939691432,0.3934675136806208,0.4311733296389728,0.08174577518520723,0.38267485933116824,0.44992961483745886
18,OnlineFPCA-sgd,0.1,1800,100,face,3,5,0.477997064590454,6,2,0.09070645455193198,0.3876057459065329,0.4365207243668912,0.0806333187622953,0.38252920670031015,0.4448307549485075
18,OnlineFPCA-sgd,0.1,1900,100,face,3,5,0.486248970031738,6,2,0.0895109928732579,0.3869364746053599,0.4397371344691472,0.07743731768278364,0.3824143739640319,0.44146829552693
18,OnlineFPCA-sgd,0.1,2000,100,face,3,5,0.484084844589233,6,2,0.06361177605412462,0.38892708135183035,0.4382004380262352,0.07380548206540916,0.3824165665242097,0.4397518912792132
18,OnlineFPCA-sgd,0.1,2100,100,face,3,5,0.480867624282837,6,2,0.17611058038813496,0.3683901696759241,0.4014267551752408,0.06868365170722852,0.3811112247960049,0.43870975341572505
18,OnlineFPCA-sgd,0.1,2200,100,face,3,5,0.477318525314331,6,2,0.31041927369343514,0.395774041608716,0.41028720951669645,0.06675964881663009,0.3787246476692919,0.4355783937854956
18,OnlineFPCA-sgd,0.1,2300,100,face,3,5,0.47905421257019,6,2,0.08921550681452316,0.376543197326609,0.43903134613574607,0.06461104968493511,0.3759685050720433,0.43481947113029534
18,OnlineFPCA-sgd,0.1,2400,100,face,3,5,0.482297897338867,6,2,0.23715504610783425,0.36186516610572417,0.4660932462596835,0.060953465965300165,0.37239620621986314,0.43500902039092526
18,OnlineFPCA-sgd,0.1,2500,100,face,3,5,0.474635124206543,6,2,0.21311865437168695,0.34828242333933346,0.4143750037048551,0.05898048439007403,0.36956346646920113,0.4316787298938691
18,OnlineFPCA-sgd,0.1,2600,100,face,3,5,0.48529577255249,6,2,0.281437400346679,0.35474148613814394,0.3800614563357097,0.05167889700681806,0.36644222180641106,0.4264555734601271
18,OnlineFPCA-sgd,0.1,2700,100,face,3,5,0.623472690582275,6,2,0.2857151994989301,0.3242666604870035,0.3756317872923749,0.04806995953230423,0.3630547092067463,0.4193428615164423
18,OnlineFPCA-sgd,0.1,2800,100,face,3,5,0.471592903137207,6,2,0.16265674004282848,0.3348360727329832,0.3473201940692158,0.049185253930264745,0.3595531820004353,0.4156160974715452
18,OnlineFPCA-sgd,0.1,2900,100,face,3,5,0.483606815338135,6,2,0.1711001528506844,0.39153675918365266,0.3551317698525119,0.047410806351371425,0.356523831251441,0.4099824768536165
18,OnlineFPCA-sgd,0.1,3000,100,face,3,5,0.477119207382202,6,2,0.21400659382701712,0.3966826320257412,0.35204027521020775,0.042815523209503256,0.35355350550395487,0.4034595248224369
18,OnlineFPCA-sgd,0.1,3100,100,face,3,5,0.478025674819946,6,2,0.20256443254729872,0.3330288503171143,0.3958919432573423,0.0448076421818616,0.3509109030154169,0.3955803374485971
18,OnlineFPCA-sgd,0.1,3200,100,face,3,5,0.474486112594604,6,2,0.3308472821409332,0.3400988506827421,0.3727073256729355,0.04844224786386258,0.348885153793713,0.3885140275950597
18,OnlineFPCA-sgd,0.1,3300,100,face,3,5,0.472460031509399,6,2,0.24574383468031005,0.4725599928651205,0.34948307762074277,0.04663691987398601,0.3476074197972038,0.38249376642892124
18,OnlineFPCA-sgd,0.1,3400,100,face,3,5,0.485025644302368,6,2,0.21324631850297604,0.3484876928665566,0.36001399288116176,0.04743010146948444,0.3454596509231223,0.37981806124148926
18,OnlineFPCA-sgd,0.1,3500,100,face,3,5,0.469419002532959,6,2,0.17484741495847914,0.27887726354550874,0.33704867886573814,0.047296850554933614,0.3426496894274624,0.37675685029003386
18,OnlineFPCA-sgd,0.1,3600,100,face,3,5,0.469881534576416,6,2,0.06154923627990102,0.28750785869620643,0.27605024552000773,0.043892997893915146,0.33877654610331276,0.37353772158708026
18,OnlineFPCA-sgd,0.1,3700,100,face,3,5,0.475210189819336,6,2,0.15212337314715493,0.23243696790375656,0.25924737279184573,0.043490869114628135,0.3343402657679409,0.3690815206730359
18,OnlineFPCA-sgd,0.1,3800,100,face,3,5,0.470686435699463,6,2,0.1974554453373269,0.2573623523087245,0.20833069631758933,0.040336400704698835,0.32930103924530335,0.3626777794603174
18,OnlineFPCA-sgd,0.1,3900,100,face,3,5,0.472941398620605,6,2,0.1315985540889533,0.2324673340069583,0.22995194173213582,0.03810582251906484,0.3248500298493471,0.3552550971514935
18,OnlineFPCA-sgd,0.1,4000,100,face,3,5,0.469212055206299,6,2,0.038856703324033924,0.31895322547860483,0.3475816902018335,0.038856703324033924,0.31895322547860483,0.3475816902018335
18,OnlineFPCA-sgd,0.1,4100,100,face,3,5,0.469617128372192,6,2,0.17540197964238716,0.3143943848279776,0.31558000012130266,0.06407778522727023,0.31045110601540077,0.32932025665678916
18,OnlineFPCA-sgd,0.1,4200,100,face,3,5,0.483646631240845,6,2,0.3026626521274707,0.2848639084040992,0.28519320078144406,0.06264675559453525,0.3039611613839718,0.31598336700068025
18,OnlineFPCA-sgd,0.1,4300,100,face,3,5,0.474574327468872,6,2,0.08242451110534962,0.27403074728810717,0.31764827933026213,0.06100664569471544,0.2921167423033416,0.30560567473196837
18,OnlineFPCA-sgd,0.1,4400,100,face,3,5,0.473967790603638,6,2,0.1774583171142442,0.2985403246369156,0.34144211538917846,0.05110257970261347,0.2843295495530389,0.3087989959472849
18,OnlineFPCA-sgd,0.1,4500,100,face,3,5,0.4783935546875,6,2,0.36487713100732866,0.3508709452775426,0.3490396704878553,0.041464708889003304,0.2807738044428862,0.31568583831441765
18,OnlineFPCA-sgd,0.1,4600,100,face,3,5,0.479088068008423,6,2,0.23456263795543497,0.3177839379706713,0.32630157891952194,0.05873367312051693,0.27584587501553376,0.3150462305897735
18,OnlineFPCA-sgd,0.1,4700,100,face,3,5,0.47789478302002,6,2,0.16571003659605069,0.30045522968206134,0.2910746908574544,0.06450759885491185,0.2699745704212473,0.3128467820526685
18,OnlineFPCA-sgd,0.1,4800,100,face,3,5,0.480817079544067,6,2,0.12951589317778145,0.262994246157552,0.3440376565136185,0.06795766993542968,0.26625253594141063,0.3126685959645133
18,OnlineFPCA-sgd,0.1,4900,100,face,3,5,0.623025417327881,6,2,0.12536059653483517,0.2765999099660792,0.2963671367093649,0.06433926037559677,0.258905695696262,0.31169358992441026
18,OnlineFPCA-sgd,0.1,5000,100,face,3,5,0.477438926696777,6,2,0.19822931128355092,0.19755910643303776,0.31811759544280127,0.06089205272591009,0.2500809921582877,0.30784058167327394
18,OnlineFPCA-sgd,0.1,5100,100,face,3,5,0.0979537963867188,6,2,0.11401750209714792,0.20536201632817935,0.26393677179984804,0.05628762132774959,0.24298975238350506,0.30203030215176296
18,OnlineFPCA-sgd,0.1,5200,100,face,3,5,0.0991199016571045,6,2,0.19440855853386457,0.1882194162257394,0.26231771096101486,0.05198645655441544,0.23559513939059426,0.2944899087343061
18,OnlineFPCA-sgd,0.1,5300,100,face,3,5,0.0998883247375488,6,2,0.12889402305789618,0.21834253676126036,0.20852485061236023,0.050030635920878384,0.22933661236601385,0.28845009403041566
18,OnlineFPCA-sgd,0.1,5400,100,face,3,5,0.0965235233306885,6,2,0.12092491721551424,0.1249957738804446,0.18881593452820283,0.046945801533047456,0.22321524490774838,0.28199107335468643
18,OnlineFPCA-sgd,0.1,5500,100,face,3,5,0.100027084350586,6,2,0.12940226584816608,0.1692240983757088,0.20854626864948148,0.04607786516653603,0.21663993157274103,0.2756409520637591
18,OnlineFPCA-sgd,0.1,5600,100,face,3,5,0.0964343547821045,6,2,0.1945187953573095,0.18833344940214025,0.21779403819542578,0.04710490133791499,0.21114629927411077,0.2695802338012551
18,OnlineFPCA-sgd,0.1,5700,100,face,3,5,0.099912166595459,6,2,0.1347874827077848,0.15339132966855734,0.24291693995035316,0.0435467647824829,0.20611724997147146,0.26447055160634914
18,OnlineFPCA-sgd,0.1,5800,100,face,3,5,0.0993771553039551,6,2,0.10350543241060133,0.16796914008619243,0.26525488998560787,0.04170693390638867,0.20115597272318889,0.2621959448931751
18,OnlineFPCA-sgd,0.1,5900,100,face,3,5,0.0969326496124268,6,2,0.20135357904304504,0.2406253281486171,0.26850949745367647,0.035904258773380895,0.196322425342047,0.2604167737572843
18,OnlineFPCA-sgd,0.1,6000,100,face,3,5,0.0995364189147949,6,2,0.13394419323432935,0.22719602441258824,0.2507072432699854,0.03205234971903891,0.19267531997222548,0.25855363104327567
18,OnlineFPCA-sgd,0.1,6100,100,face,3,5,0.0995926856994629,6,2,0.13848571471705906,0.1805978045348227,0.3015410136154969,0.03320914950686574,0.19018282715664583,0.25866584286392497
18,OnlineFPCA-sgd,0.1,6200,100,face,3,5,0.0958006381988525,6,2,0.12323877243949165,0.15882933768656007,0.23295863295559127,0.03473494168184575,0.18786541599972292,0.2593346344788815
18,OnlineFPCA-sgd,0.1,6300,100,face,3,5,0.0994365215301514,6,2,0.1894352774360229,0.1969646700362214,0.2700487089346589,0.035932276347617295,0.18414318596123247,0.25707363326641314
18,OnlineFPCA-sgd,0.1,6400,100,face,3,5,0.0963373184204102,6,2,0.23218332100647515,0.17269846416801832,0.2816881618763448,0.03897221605324419,0.179872019714124,0.25212490013145805
18,OnlineFPCA-sgd,0.1,6500,100,face,3,5,0.0976371765136719,6,2,0.15165948904647122,0.23864675943575997,0.2520977179024863,0.04077873360960333,0.17722356077419296,0.2500697825891062
18,OnlineFPCA-sgd,0.1,6600,100,face,3,5,0.100078344345093,6,2,0.14316870149631566,0.237969026216111,0.2584825620724191,0.0410215495453799,0.17519688684365547,0.24886321429901542
18,OnlineFPCA-sgd,0.1,6700,100,face,3,5,0.0961639881134033,6,2,0.12684328664518488,0.191638781060251,0.24407850449188195,0.039711542146521304,0.1731730863434444,0.2476383216293928
18,OnlineFPCA-sgd,0.1,6800,100,face,3,5,0.102002859115601,6,2,0.1945865598808594,0.1660354456659541,0.2318546014898286,0.04037335911037218,0.17021807791047272,0.24638224945777784
18,OnlineFPCA-sgd,0.1,6900,100,face,3,5,0.0997724533081055,6,2,0.22552856852146919,0.08634842843703631,0.2808970262562847,0.040058201880093396,0.16665918038951513,0.2446066631807398
18,OnlineFPCA-sgd,0.1,7000,100,face,3,5,0.0986354351043701,6,2,0.16784041896936464,0.1000934355684142,0.3213555900414058,0.03872760679546217,0.16384826388519086,0.24481523399849095
18,OnlineFPCA-sgd,0.1,7100,100,face,3,5,0.104133129119873,6,2,0.18261471117869904,0.1131361420420409,0.26929543362303027,0.0369154356763522,0.1604927532781243,0.24510933083254202
18,OnlineFPCA-sgd,0.1,7200,100,face,3,5,0.0976066589355469,6,2,0.24591133190448516,0.16319051177527966,0.30228650220759135,0.036514665067450075,0.15696414147548785,0.24509419690952083
18,OnlineFPCA-sgd,0.1,7300,100,face,3,5,0.102219820022583,6,2,0.07287434295697648,0.10382007785412849,0.325352975223305,0.038118550399340645,0.15341302877386961,0.24591450664883527
18,OnlineFPCA-sgd,0.1,7400,100,face,3,5,0.101141452789307,6,2,0.15857106664175438,0.1581222201672804,0.32427371402217264,0.038520504546489746,0.14921085231347564,0.24658730139860435
18,OnlineFPCA-sgd,0.1,7500,100,face,3,5,0.0998682975769043,6,2,0.1743558045946003,0.10655372728605013,0.299536866980169,0.03736478536532965,0.14529705707981547,0.24598946378122238
18,OnlineFPCA-sgd,0.1,7600,100,face,3,5,0.0994741916656494,6,2,0.25180890727888666,0.11325712284250719,0.28189504469865573,0.034298643911318434,0.14172926818153359,0.24525722314685675
18,OnlineFPCA-sgd,0.1,7700,100,face,3,5,0.0969314575195312,6,2,0.24277616195309656,0.10766957502529531,0.29212566517215116,0.031173326983390225,0.13802851726746732,0.2434653699607981
18,OnlineFPCA-sgd,0.1,7800,100,face,3,5,0.0997419357299805,6,2,0.15165853520220102,0.17049779717314767,0.2475551341757056,0.03285908189749724,0.13444992095625513,0.24255879005276687
18,OnlineFPCA-sgd,0.1,7900,100,face,3,5,0.100306987762451,6,2,0.19327452505384665,0.24984181138128697,0.23282782163292065,0.03390631458748609,0.13148042444992536,0.24049320673777744
18,OnlineFPCA-sgd,0.1,8000,100,face,3,5,0.0960004329681396,6,2,0.13797589541896604,0.26473263581467316,0.1789418868508279,0.03283096496782176,0.12863923782853637,0.2373027438797246
18,OnlineFPCA-sgd,0.1,8100,100,face,3,5,0.0990402698516846,6,2,0.17848054548162992,0.15029607005588547,0.15900541348869668,0.03438231855550809,0.1262141021895685,0.23291559187189806
18,OnlineFPCA-sgd,0.1,8200,100,face,3,5,0.0964512825012207,6,2,0.2718529715071863,0.11529868143184971,0.15666319833980047,0.035472131302808,0.12399534472635812,0.22816600866075593
18,OnlineFPCA-sgd,0.1,8300,100,face,3,5,0.103506326675415,6,2,0.20340995861849975,0.2505526520718628,0.18005916231830135,0.03488645520836806,0.12217559185724146,0.2233600918119562
18,OnlineFPCA-sgd,0.1,8400,100,face,3,5,0.1013023853302,6,2,0.2037639124964986,0.16024144586814773,0.19415100601459007,0.03569076550451509,0.12055958596958807,0.22010785679467512
18,OnlineFPCA-sgd,0.1,8500,100,face,3,5,0.101404428482056,6,2,0.10277665277405952,0.11613695208573871,0.189502282978015,0.03607941071555324,0.11917431783669426,0.21697918812786293
18,OnlineFPCA-sgd,0.1,8600,100,face,3,5,0.103733539581299,6,2,0.04667793682202554,0.13401611416746348,0.1666568750467901,0.034696763584398584,0.117439542497254,0.21450066296868237
18,OnlineFPCA-sgd,0.1,8700,100,face,3,5,0.100801706314087,6,2,0.1127660048980958,0.059997134101825264,0.1533787913067843,0.03494444635593795,0.11551115435190679,0.21197426547002596
18,OnlineFPCA-sgd,0.1,8800,100,face,3,5,0.0996854305267334,6,2,0.16589721075126487,0.14632565950237572,0.12517445469824134,0.034698800988813734,0.1132319644608625,0.2086518956527592
18,OnlineFPCA-sgd,0.1,8900,100,face,3,5,0.102911233901978,6,2,0.11220849613445097,0.1276625810632451,0.13055728187702434,0.034530181021140784,0.11135461286937502,0.20473992478881928
18,OnlineFPCA-sgd,0.1,9000,100,face,3,5,0.0974321365356445,6,2,0.1349229528560009,0.20135509853428907,0.12564333559899293,0.035172293531288534,0.10885470319433695,0.20078331816176537
18,OnlineFPCA-sgd,0.1,9100,100,face,3,5,0.10091233253479,6,2,0.14159613612966224,0.09248292963990266,0.14771538619715774,0.03381281545903206,0.1065047578188035,0.1973590654152063
18,OnlineFPCA-sgd,0.1,9200,100,face,3,5,0.100802659988403,6,2,0.2251303371188694,0.11256077491983697,0.07694514498383732,0.03411524305415223,0.10418555274916637,0.19346933799523464
18,OnlineFPCA-sgd,0.1,9300,100,face,3,5,0.101408243179321,6,2,0.09215325869995747,0.05632721145622176,0.12617557600447654,0.034495643042554786,0.1015972182530394,0.19015253665597381
18,OnlineFPCA-sgd,0.1,9400,100,face,3,5,0.246123552322388,6,2,0.12213308369574553,0.1169080432146404,0.1271666912767815,0.03438802365385053,0.09924066897829067,0.18799352819377235
18,OnlineFPCA-sgd,0.1,9500,100,face,3,5,0.0988011360168457,6,2,0.2959254607397471,0.1754742408887571,0.17402144301222358,0.033410011997168546,0.09675509689019317,0.1866218364371419
18,OnlineFPCA-sgd,0.1,9600,100,face,3,5,0.101950407028198,6,2,0.19772127688768462,0.1875561265198474,0.18307413910031242,0.03370536383663853,0.09404549866876066,0.18493956121702865
18,OnlineFPCA-sgd,0.1,9700,100,face,3,5,0.100083589553833,6,2,0.13655305009246355,0.14894577927081978,0.154694592140938,0.03442983150376039,0.09184118893139365,0.18320259483688756
18,OnlineFPCA-sgd,0.1,9800,100,face,3,5,0.100091218948364,6,2,0.1314557053416174,0.10132134756154944,0.20187429893630393,0.03424142313554198,0.0897704672604532,0.18205113422524852
18,OnlineFPCA-sgd,0.1,9900,100,face,3,5,0.100226402282715,6,2,0.09010926710262346,0.1494897127042744,0.1718751674595634,0.03503691094598403,0.08801678439094437,0.18113948221503837
18,OnlineFPCA-sgd,0.1,10000,100,face,3,5,0.0976228713989258,6,2,0.1478547517952164,0.13349835147636957,0.1924520469936151,0.035457316306651145,0.08624580724078798,0.17990028511871495
18,OnlineFPCA-sgd,0.1,10100,100,face,3,5,0.100259780883789,6,2,0.10885928850492299,0.1192553434197795,0.15142335951446415,0.03571617518881717,0.08466152611683947,0.1783506329076863
18,OnlineFPCA-sgd,0.1,10200,100,face,3,5,0.10134482383728,6,2,0.13472074260646275,0.08899705008536611,0.17730911207672576,0.035103451122331014,0.08271220201406765,0.17634528340891864
18,OnlineFPCA-sgd,0.1,10300,100,face,3,5,0.0975403785705566,6,2,0.10526474807922047,0.14129253734981823,0.1412644172988519,0.034599510663848414,0.08052599238400955,0.174662685389279
18,OnlineFPCA-sgd,0.1,10400,100,face,3,5,0.0999536514282227,6,2,0.1256037613830044,0.08205067561223818,0.13935168016920893,0.033508246486835785,0.07812931609432835,0.17320032749971476
18,OnlineFPCA-sgd,0.1,10500,100,face,3,5,0.100087642669678,6,2,0.12708478167082676,0.10268300027591087,0.14864896078622425,0.03296129228373382,0.07606422055344877,0.17184424269789542
18,OnlineFPCA-sgd,0.1,10600,100,face,3,5,0.0959877967834473,6,2,0.165890160383125,0.11842463610346576,0.15266444437193502,0.03298990190095135,0.07407681510326233,0.17049026086106758
18,OnlineFPCA-sgd,0.1,10700,100,face,3,5,0.0996766090393066,6,2,0.1276201733289003,0.08493813462213018,0.17358405702732474,0.032442818968055766,0.07213319618579121,0.16933151686169096
18,OnlineFPCA-sgd,0.1,10800,100,face,3,5,0.0957942008972168,6,2,0.09062204428094107,0.11102424069432536,0.17833591524864614,0.03184878245627666,0.07048783154425577,0.16889679331581356
18,OnlineFPCA-sgd,0.1,10900,100,face,3,5,0.102357625961304,6,2,0.15148539511322112,0.17282064268771638,0.17803912632699798,0.03161312488013601,0.06912161748506701,0.16849767591886433
18,OnlineFPCA-sgd,0.1,11000,100,face,3,5,0.0996060371398926,6,2,0.10978141722432318,0.1436617716368806,0.1715977155353917,0.03135129688209091,0.06818377777301934,0.16805427570980574
18,OnlineFPCA-sgd,0.1,11100,100,face,3,5,0.0974256992340088,6,2,0.13015244899348571,0.12398428595344804,0.21406680624102414,0.03240917483232517,0.06739190697196223,0.16817332884627242
18,OnlineFPCA-sgd,0.1,11200,100,face,3,5,0.100898504257202,6,2,0.1204680363962567,0.08757088309928603,0.16290643542069033,0.03313321933241479,0.06650134422576373,0.16856902029512294
18,OnlineFPCA-sgd,0.1,11300,100,face,3,5,0.100699663162231,6,2,0.16236154968647537,0.13035038756417547,0.19987251576836157,0.03348391302369844,0.06530726653760073,0.16820181475312235
18,OnlineFPCA-sgd,0.1,11400,100,face,3,5,0.0966050624847412,6,2,0.2045714462670305,0.08625975242597181,0.21034364519255114,0.03382767987335293,0.0640845811508902,0.1671825697900388
18,OnlineFPCA-sgd,0.1,11500,100,face,3,5,0.101726531982422,6,2,0.12764642749393618,0.1761797228617929,0.1820897682988525,0.03451393580102432,0.06334064039011145,0.16679215152414412
18,OnlineFPCA-sgd,0.1,11600,100,face,3,5,0.0975863933563232,6,2,0.09620891953386432,0.17779554648033377,0.20012118792319503,0.03473357296820781,0.06290658519379834,0.16666192678947073
18,OnlineFPCA-sgd,0.1,11700,100,face,3,5,0.247408628463745,6,2,0.09684340827611211,0.13979586384721943,0.18929696832433132,0.0342173256184795,0.06219762949327551,0.16660202347746406
18,OnlineFPCA-sgd,0.1,11800,100,face,3,5,0.0994267463684082,6,2,0.16109176784001536,0.1126104504669851,0.19010214288782137,0.034217739368291374,0.0610388486133796,0.1665260510620867
18,OnlineFPCA-sgd,0.1,11900,100,face,3,5,0.0970039367675781,6,2,0.17895975261988387,0.0563684241632301,0.23374119494127277,0.03432956119054449,0.059742252756997676,0.16643760649977976
18,OnlineFPCA-sgd,0.1,12000,100,face,3,5,0.102140188217163,6,2,0.13748284000967548,0.07373836994652742,0.2712042601050606,0.034097858568878314,0.058949961698792956,0.1671377406215078
18,OnlineFPCA-sgd,0.1,12100,100,face,3,5,0.0998237133026123,6,2,0.15567512302875022,0.06769722778795799,0.23852168670862928,0.033377789738452276,0.057786755813846416,0.1679719641857905
18,OnlineFPCA-sgd,0.1,12200,100,face,3,5,0.0993530750274658,6,2,0.19907939711193756,0.11927747415904569,0.2651114446217653,0.03307939490184154,0.0563440003558977,0.16865967022511438
18,OnlineFPCA-sgd,0.1,12300,100,face,3,5,0.102678060531616,6,2,0.058463090389016925,0.08669803640989485,0.28494184971478725,0.033603760604534405,0.05491167402791968,0.1695890952459958
18,OnlineFPCA-sgd,0.1,12400,100,face,3,5,0.0966038703918457,6,2,0.13793813458499707,0.157255878520674,0.2872445276904878,0.03365291144671546,0.05346189178019568,0.17048230926273136
18,OnlineFPCA-sgd,0.1,12500,100,face,3,5,0.101865530014038,6,2,0.1414366948206419,0.10627390359027017,0.26643438512382606,0.033234834704666455,0.05191789996883027,0.17092105111258735
18,OnlineFPCA-sgd,0.1,12600,100,face,3,5,0.101701974868774,6,2,0.22648268128254248,0.11001317815566371,0.24408755317541278,0.032175685197630706,0.05069511793574585,0.17126642407781914
18,OnlineFPCA-sgd,0.1,12700,100,face,3,5,0.0955560207366943,6,2,0.20518114511103447,0.12642091116170326,0.2627855832868485,0.030808419858916743,0.04961861337115488,0.17121193966128295
18,OnlineFPCA-sgd,0.1,12800,100,face,3,5,0.0998797416687012,6,2,0.14609519433346116,0.16766822149716062,0.2359571860362351,0.031217412218408194,0.04878266808523337,0.17150805498095537
18,OnlineFPCA-sgd,0.1,12900,100,face,3,5,0.099586009979248,6,2,0.18847677955645797,0.23688031616848362,0.21579427752077118,0.031934004323157135,0.04821132948466428,0.17134459983800332
18,OnlineFPCA-sgd,0.1,13000,100,face,3,5,0.0995025634765625,6,2,0.11144044214699454,0.24826540141778464,0.16522919157339777,0.03180959145131272,0.04785375173325215,0.17070386118879652
18,OnlineFPCA-sgd,0.1,13100,100,face,3,5,0.100138664245605,6,2,0.16656995789695125,0.15014111619906492,0.12562443372391183,0.032549195129462374,0.04747909062960739,0.16957143967157334
18,OnlineFPCA-sgd,0.1,13200,100,face,3,5,0.0974087715148926,6,2,0.24038381243762397,0.11192839868667188,0.13588791307149384,0.03295984060640309,0.046737913829179585,0.1681653758519643
18,OnlineFPCA-sgd,0.1,13300,100,face,3,5,0.100289583206177,6,2,0.17392591409249772,0.1859114725841082,0.16940117762622955,0.032956753632747984,0.04610182542406618,0.16675565425209157
18,OnlineFPCA-sgd,0.1,13400,100,face,3,5,0.100226879119873,6,2,0.19303935572064831,0.12273097103563016,0.16195719298146305,0.03339768118778303,0.04580296811006515,0.16570118472855705
18,OnlineFPCA-sgd,0.1,13500,100,face,3,5,0.0992918014526367,6,2,0.07750214069025795,0.10165319418586378,0.1610210555072622,0.03368946529614812,0.04564883013840082,0.16461386484069893
18,OnlineFPCA-sgd,0.1,13600,100,face,3,5,0.103687763214111,6,2,0.04157799230407332,0.11364567375167331,0.15782536583392487,0.03318329873719135,0.04532390887143875,0.16380311410757215
18,OnlineFPCA-sgd,0.1,13700,100,face,3,5,0.0989596843719482,6,2,0.08552452853672184,0.061292125401677645,0.1478543638875779,0.03320137954402595,0.04478600092148407,0.1629703934372879
18,OnlineFPCA-sgd,0.1,13800,100,face,3,5,0.104731321334839,6,2,0.16158340854005085,0.13053794456860016,0.1431996141075391,0.03320630903563534,0.043812525641722985,0.1618440822523518
18,OnlineFPCA-sgd,0.1,13900,100,face,3,5,0.101516723632812,6,2,0.09918984652355974,0.11984829928119947,0.13960352408838314,0.03317518158991138,0.04294449080269862,0.16046728774013436
18,OnlineFPCA-sgd,0.1,14000,100,face,3,5,0.0996086597442627,6,2,0.12114451920887478,0.1819713812466017,0.14563162895733855,0.033505449813519377,0.0424255321521917,0.15915334828238178
18,OnlineFPCA-sgd,0.1,14100,100,face,3,5,0.103524446487427,6,2,0.11953120107421396,0.09192311502898867,0.14521430482964923,0.032977118866022496,0.04187752977962934,0.15803385034410747
18,OnlineFPCA-sgd,0.1,14200,100,face,3,5,0.100594520568848,6,2,0.1902037701952514,0.11708652802938453,0.10520472420191199,0.03306616144441907,0.041336007053826423,0.15671074073734823
18,OnlineFPCA-sgd,0.1,14300,100,face,3,5,0.101771354675293,6,2,0.09643772590586946,0.07626623667665804,0.13207505237136982,0.033325935980378356,0.040402576818735686,0.1555749099932095
18,OnlineFPCA-sgd,0.1,14400,100,face,3,5,0.104242324829102,6,2,0.09024542409915648,0.10835858161082128,0.12195565303236981,0.033344851051927395,0.0394170209121803,0.1548339385860478
18,OnlineFPCA-sgd,0.1,14500,100,face,3,5,0.0977239608764648,6,2,0.2563786039885461,0.1480647001384404,0.15813915413790253,0.03288221922560192,0.03827493098733116,0.15443235025546384
18,OnlineFPCA-sgd,0.1,14600,100,face,3,5,0.104283809661865,6,2,0.1813837429139941,0.16616452392903833,0.169111737916075,0.032974026201801794,0.037024331474549255,0.15393411750719732
18,OnlineFPCA-sgd,0.1,14700,100,face,3,5,0.101450443267822,6,2,0.12383653167021383,0.13888422212626106,0.15151810066988464,0.03326153266755759,0.036169350770116244,0.15336046495077582
18,OnlineFPCA-sgd,0.1,14800,100,face,3,5,0.100050449371338,6,2,0.12981044605103906,0.0992073844500891,0.18736517251693832,0.033145857096198876,0.03533382758858957,0.153076618746093
18,OnlineFPCA-sgd,0.1,14900,100,face,3,5,0.10291862487793,6,2,0.08210250605182494,0.13486061829575183,0.16478376630639077,0.03355258732201337,0.03490553318009521,0.1529471456999048
18,OnlineFPCA-sgd,0.1,15000,100,face,3,5,0.0999865531921387,6,2,0.12662826311081665,0.12823944107793783,0.1788830189975918,0.03378445576364564,0.03456856205703485,0.15261111903165694
18,OnlineFPCA-sgd,0.1,0,100,face,3,5,6.35740375518799,6,3,2.0011133431060673,1.6190827585742718,1.648523520232144,2.0011133431060673,1.6190827585742718,1.648523520232144
18,OnlineFPCA-sgd,0.1,100,100,face,3,5,0.354515790939331,6,3,1.6776002466613118,1.7436531785568008,1.7489337306391959,NA,NA,NA
18,OnlineFPCA-sgd,0.1,200,100,face,3,5,0.348819971084595,6,3,1.6905304267790708,1.7578421686773757,1.7437692658220014,NA,NA,NA
18,OnlineFPCA-sgd,0.1,300,100,face,3,5,0.353627920150757,6,3,1.8212257296363092,1.6922321430229326,1.7188385947093603,NA,NA,NA
18,OnlineFPCA-sgd,0.1,400,100,face,3,5,0.356869220733643,6,3,1.9254303275914468,0.7441173657536982,1.2768814332400222,NA,NA,NA
18,OnlineFPCA-sgd,0.1,500,100,face,3,5,0.361695766448975,6,3,1.8123907979491263,1.4970897382193942,1.3472908846317493,NA,NA,NA
18,OnlineFPCA-sgd,0.1,600,100,face,3,5,0.358758211135864,6,3,0.907510909411184,0.9744268912273472,1.0384427153996085,NA,NA,NA
18,OnlineFPCA-sgd,0.1,700,100,face,3,5,0.349623441696167,6,3,0.8755100677201508,0.9704113212409731,1.0390058139936216,NA,NA,NA
18,OnlineFPCA-sgd,0.1,800,100,face,3,5,0.353703260421753,6,3,0.8396847510082188,0.9666051634823023,1.0369003681102364,NA,NA,NA
18,OnlineFPCA-sgd,0.1,900,100,face,3,5,0.352703094482422,6,3,0.8125569612298381,0.9631058742548453,1.0352560734463694,NA,NA,NA
18,OnlineFPCA-sgd,0.1,1000,100,face,3,5,0.350351572036743,6,3,0.7642395799243391,0.9601119765655071,1.0332556497173222,NA,NA,NA
18,OnlineFPCA-sgd,0.1,1100,100,face,3,5,0.490660667419434,6,3,0.21615409106216646,0.6935774432920688,0.8345087022277464,0.28729331935155183,0.8658488182216265,0.9270115672573787
18,OnlineFPCA-sgd,0.1,1200,100,face,3,5,0.494573831558228,6,3,0.1317517606438648,0.5267700191494058,0.6605894571308203,0.21753150704206606,0.6916290016141723,0.839163848774746
18,OnlineFPCA-sgd,0.1,1300,100,face,3,5,0.641787528991699,6,3,0.21231138337136704,0.5288507257613638,0.5952356572979002,0.18101254248989682,0.609162500398735,0.7663432003938502
18,OnlineFPCA-sgd,0.1,1400,100,face,3,5,0.486118793487549,6,3,0.244692753238941,0.4705244953106519,0.5807895275125674,0.17823578524717495,0.5566528954794767,0.6999046622233134
18,OnlineFPCA-sgd,0.1,1500,100,face,3,5,0.488081693649292,6,3,0.23760761454382381,0.4606086031586394,0.4489374789707153,0.1540701693199718,0.526707320262805,0.6388101544317512
18,OnlineFPCA-sgd,0.1,1600,100,face,3,5,0.491638898849487,6,3,0.1715416639523617,0.4021167439045288,0.4763577029757129,0.12954318151982624,0.5121819640819099,0.5853424932437604
18,OnlineFPCA-sgd,0.1,1700,100,face,3,5,0.492072820663452,6,3,0.1582881097813654,0.3972923483835306,0.40086607429859206,0.11735934542157861,0.49595561142459704,0.5495309421918761
18,OnlineFPCA-sgd,0.1,1800,100,face,3,5,0.485387563705444,6,3,0.1421549032375904,0.38926852934210976,0.44755552123675085,0.11328289938272874,0.48382699550936065,0.5242286299161907
18,OnlineFPCA-sgd,0.1,1900,100,face,3,5,0.487288951873779,6,3,0.11327449918472833,0.39227250513030215,0.4561705482399592,0.10063060686918074,0.4733853636818519,0.5076985278236466
18,OnlineFPCA-sgd,0.1,2000,100,face,3,5,0.489326000213623,6,3,0.2906660665635006,0.3804482723136605,0.44281600932898624,0.09286491424982457,0.4607308950052372,0.4955531208544405
18,OnlineFPCA-sgd,0.1,2100,100,face,3,5,0.487311124801636,6,3,0.16347078833002712,0.3581590032245399,0.4071314467673464,0.08171661145188715,0.45045579720059004,0.4871500839382932
18,OnlineFPCA-sgd,0.1,2200,100,face,3,5,0.480455160140991,6,3,0.25008812293735083,0.34889574511823274,0.3777580150079735,0.07612572815775735,0.44111208317711986,0.4759828312492808
18,OnlineFPCA-sgd,0.1,2300,100,face,3,5,0.475305080413818,6,3,0.06437858134925463,0.3333886342818221,0.38724413696400767,0.07094423920214389,0.4313703691567447,0.46876683138093733
18,OnlineFPCA-sgd,0.1,2400,100,face,3,5,0.473432302474976,6,3,0.22887615913840256,0.3660424698159598,0.36748557876635685,0.0678332960752901,0.42473093606362594,0.46176831808130764
18,OnlineFPCA-sgd,0.1,2500,100,face,3,5,0.472901582717896,6,3,0.23518891111556253,0.3395649511332481,0.36226286918974476,0.06622100814545487,0.41830600646484856,0.4527936650162165
18,OnlineFPCA-sgd,0.1,2600,100,face,3,5,0.477419853210449,6,3,0.23576433191580126,0.31014893229812723,0.3240557317728662,0.056261404376888216,0.4116507537093296,0.44321299365407346
18,OnlineFPCA-sgd,0.1,2700,100,face,3,5,0.476048707962036,6,3,0.23915283527234543,0.34657480011770725,0.3351040599007333,0.05377720775208014,0.4067799767503361,0.43446351583934917
18,OnlineFPCA-sgd,0.1,2800,100,face,3,5,0.493725299835205,6,3,0.16347038229206948,0.3438100813920334,0.35113400999696204,0.05514555343675087,0.40256720935639617,0.4285541499434449
18,OnlineFPCA-sgd,0.1,2900,100,face,3,5,0.477563858032227,6,3,0.13190361761587813,0.35428721666132795,0.3539656102288229,0.053334599487346646,0.3972832767095259,0.4248056375294984
18,OnlineFPCA-sgd,0.1,3000,100,face,3,5,0.482956171035767,6,3,0.20189453466914134,0.3423133899087842,0.3510904123197004,0.048462956636447195,0.39357674564855705,0.4196647680952811
18,OnlineFPCA-sgd,0.1,3100,100,face,3,5,0.482283353805542,6,3,0.1730927167757184,0.3165390927934533,0.29330534407399544,0.046662482939313736,0.38891828628241437,0.4124446935046179
18,OnlineFPCA-sgd,0.1,3200,100,face,3,5,0.476460218429565,6,3,0.27432602806486367,0.30464078037364606,0.3223139963571913,0.0442102814214105,0.38372266090824647,0.4086607481573648
18,OnlineFPCA-sgd,0.1,3300,100,face,3,5,0.482618093490601,6,3,0.23726814800510093,0.3807990921472943,0.3801918458415514,0.04351123797557052,0.3782447547698303,0.4041092020342426
18,OnlineFPCA-sgd,0.1,3400,100,face,3,5,0.484904289245605,6,3,0.19927151138298588,0.3457091086546507,0.3464718515248432,0.04390336325522029,0.3749114278718464,0.4004464091334389
18,OnlineFPCA-sgd,0.1,3500,100,face,3,5,0.482278347015381,6,3,0.1624129370877564,0.29758369142267266,0.35734383923531987,0.04325937274190276,0.3716409035677407,0.3983610162796697
18,OnlineFPCA-sgd,0.1,3600,100,face,3,5,0.630851984024048,6,3,0.05190039845275266,0.3297222570488172,0.37622866711181474,0.04027046687017754,0.36868961211477025,0.3967114281434214
18,OnlineFPCA-sgd,0.1,3700,100,face,3,5,0.478597640991211,6,3,0.13119078058259492,0.31228615296079965,0.3527587304697406,0.03961954002363649,0.3652733214572066,0.39489790239006173
18,OnlineFPCA-sgd,0.1,3800,100,face,3,5,0.482932090759277,6,3,0.1811885629089601,0.35147727966783,0.33847901925006396,0.037540719881350854,0.3623393487869561,0.39232707159074737
18,OnlineFPCA-sgd,0.1,3900,100,face,3,5,0.481144189834595,6,3,0.13996891852691065,0.3160293804759222,0.3370990457826803,0.03620676033327079,0.3589825093730872,0.38909133767864806
18,OnlineFPCA-sgd,0.1,4000,100,face,3,5,0.473054647445679,6,3,0.03679508920715,0.35733252433184803,0.38587937955264007,0.03679508920715,0.35733252433184803,0.38587937955264007
18,OnlineFPCA-sgd,0.1,4100,100,face,3,5,0.482112407684326,6,3,0.15873377186000645,0.3400495520402247,0.36090882447451955,0.05939300446289682,0.33599752018782636,0.36050053898950873
18,OnlineFPCA-sgd,0.1,4200,100,face,3,5,0.477516889572144,6,3,0.2745167229809312,0.33699448714626923,0.34070054329915156,0.05384029385261662,0.33005832200004903,0.3526272877835434
18,OnlineFPCA-sgd,0.1,4300,100,face,3,5,0.481711626052856,6,3,0.09905194992259907,0.30094751685637905,0.3611851577613667,0.05405101465981444,0.32363034767194104,0.3507670197792218
18,OnlineFPCA-sgd,0.1,4400,100,face,3,5,0.483073711395264,6,3,0.16717584251268322,0.30569482849657836,0.3256427818008867,0.04842672476266503,0.31261847036504586,0.3441030858673408
18,OnlineFPCA-sgd,0.1,4500,100,face,3,5,0.474726915359497,6,3,0.34905020459878683,0.3509703485840637,0.3597469939356381,0.040175065278540374,0.3065923670758387,0.3423565369577211
18,OnlineFPCA-sgd,0.1,4600,100,face,3,5,0.482579708099365,6,3,0.22146936657946326,0.36065417746647055,0.336029313448987,0.05906434367716659,0.3042944967316226,0.34210503799635616
18,OnlineFPCA-sgd,0.1,4700,100,face,3,5,0.479030847549438,6,3,0.14792279641961603,0.3158189828184343,0.3070355957220138,0.0635384355579271,0.29885058541891635,0.33544688360651387
18,OnlineFPCA-sgd,0.1,4800,100,face,3,5,0.470117092132568,6,3,0.12940979194248872,0.2680001140233601,0.3503819982863667,0.06799884266919826,0.2946145546032373,0.3332893004727266
18,OnlineFPCA-sgd,0.1,4900,100,face,3,5,0.479779720306396,6,3,0.1019570431373468,0.3090227484916122,0.3071337010060521,0.06408623583330365,0.28817446480594344,0.3334760027424217
18,OnlineFPCA-sgd,0.1,5000,100,face,3,5,0.475683927536011,6,3,0.1712907101940398,0.2911934441606163,0.31126605552905223,0.06021157292065568,0.28209056469353233,0.3285636595666288
18,OnlineFPCA-sgd,0.1,5100,100,face,3,5,0.107301235198975,6,3,0.12896443841971078,0.25851201959357717,0.2654910282101598,0.05541187233622264,0.27776347251038425,0.3219908577535098
18,OnlineFPCA-sgd,0.1,5200,100,face,3,5,0.1015305519104,6,3,0.16318490063143196,0.23240904693190675,0.28944024871026247,0.050350465866962145,0.273437588538557,0.31461243195156774
18,OnlineFPCA-sgd,0.1,5300,100,face,3,5,0.0991387367248535,6,3,0.11778851499800647,0.26361079249010866,0.2651470327606194,0.04785319571032598,0.26900533175563807,0.31048549772574696
18,OnlineFPCA-sgd,0.1,5400,100,face,3,5,0.0978147983551025,6,3,0.12329992764137877,0.2123154617467365,0.24456039039519242,0.045703555478933906,0.2653175934293838,0.30633957617915253
18,OnlineFPCA-sgd,0.1,5500,100,face,3,5,0.101817846298218,6,3,0.13909790907089334,0.20775178417823204,0.2458258194659215,0.04499763808235808,0.2601596450178539,0.3024782141838545
18,OnlineFPCA-sgd,0.1,5600,100,face,3,5,0.0947558879852295,6,3,0.1886849040783509,0.21320235433590018,0.2382118848124971,0.04640980055854253,0.25509469332205587,0.29735747026478865
18,OnlineFPCA-sgd,0.1,5700,100,face,3,5,0.101598978042603,6,3,0.132112141248681,0.192405479177794,0.24764417048087706,0.0434566394375858,0.2506449275022485,0.291781185110333
18,OnlineFPCA-sgd,0.1,5800,100,face,3,5,0.0955624580383301,6,3,0.10443823707783882,0.20976208721405226,0.2498780786757914,0.04181998603615164,0.24591141476651462,0.2885008108550918
18,OnlineFPCA-sgd,0.1,5900,100,face,3,5,0.0977890491485596,6,3,0.19542025199419663,0.2381266617729185,0.22986690001898433,0.036362878893279674,0.24107787159131203,0.2837807321456085
18,OnlineFPCA-sgd,0.1,6000,100,face,3,5,0.100942850112915,6,3,0.13399755249151005,0.22183720122894415,0.22998032249625414,0.0329182311077382,0.23623073926529237,0.27912037443143883
18,OnlineFPCA-sgd,0.1,6100,100,face,3,5,0.0959811210632324,6,3,0.13210963629082972,0.19047139788631004,0.2545484046032642,0.03379210968950055,0.23133607541487317,0.27583152752406687
18,OnlineFPCA-sgd,0.1,6200,100,face,3,5,0.0999565124511719,6,3,0.12336593040432721,0.1637434975693058,0.19936263077463415,0.035219259832952356,0.2269914529869629,0.2729560164251731
18,OnlineFPCA-sgd,0.1,6300,100,face,3,5,0.102381944656372,6,3,0.1769674136890126,0.20665534962268295,0.23235274613061413,0.03676250081183184,0.22269485994070487,0.2684932576040927
18,OnlineFPCA-sgd,0.1,6400,100,face,3,5,0.0971543788909912,6,3,0.22617449325909783,0.16292113803498054,0.24932851792571512,0.04057520649756298,0.21859521730950465,0.2629543471313541
18,OnlineFPCA-sgd,0.1,6500,100,face,3,5,0.101310253143311,6,3,0.14216415225220674,0.22867013483162696,0.20074524278198522,0.042163328899267834,0.2146108983097728,0.2592931610828655
18,OnlineFPCA-sgd,0.1,6600,100,face,3,5,0.0976521968841553,6,3,0.11540699762387127,0.19419378546789132,0.2315880496183029,0.042125238625093084,0.21068071946163724,0.2564361156824482
18,OnlineFPCA-sgd,0.1,6700,100,face,3,5,0.10019588470459,6,3,0.1124933967396173,0.1728913677146145,0.21620817854052857,0.041001225610861315,0.20665183871392667,0.25387561731151737
18,OnlineFPCA-sgd,0.1,6800,100,face,3,5,0.100385427474976,6,3,0.17700104210046155,0.19080425632997985,0.21826665544204543,0.04127749418727658,0.20309268667881875,0.2513427848285727
18,OnlineFPCA-sgd,0.1,6900,100,face,3,5,0.0972301959991455,6,3,0.21161758387356044,0.13927638232384015,0.26900931747719503,0.04041337108263677,0.20035270234867875,0.24997279063865346
18,OnlineFPCA-sgd,0.1,7000,100,face,3,5,0.0997848510742188,6,3,0.15721905715291992,0.1306236924893916,0.3126878318971295,0.03893075186061635,0.19765162747663922,0.24999302284086145
18,OnlineFPCA-sgd,0.1,7100,100,face,3,5,0.0999572277069092,6,3,0.1725327547765665,0.14665264001992082,0.27361313870075926,0.03729370748104815,0.19521325871762354,0.25071036797395047
18,OnlineFPCA-sgd,0.1,7200,100,face,3,5,0.0962395668029785,6,3,0.22362745531361197,0.15991428117057913,0.28915421382869944,0.03652832596644514,0.19229887367066262,0.25053612751086707
18,OnlineFPCA-sgd,0.1,7300,100,face,3,5,0.108276844024658,6,3,0.0647004729790991,0.14194684925534984,0.30890134902988065,0.03779449769641774,0.18945755422173502,0.2506750282717076
18,OnlineFPCA-sgd,0.1,7400,100,face,3,5,0.0972855091094971,6,3,0.1485963276276063,0.21769117161010806,0.3025916734498484,0.03821968633485824,0.18766357253040936,0.25107300507608665
18,OnlineFPCA-sgd,0.1,7500,100,face,3,5,0.100582122802734,6,3,0.16017264435832412,0.1638947614481505,0.2825666954404664,0.036882256842354966,0.18645929572456355,0.2507190152838057
18,OnlineFPCA-sgd,0.1,7600,100,face,3,5,0.10345983505249,6,3,0.2386267693435726,0.16408045173028502,0.24375421337383033,0.033637314185945656,0.18483670500526625,0.24981297395626237
18,OnlineFPCA-sgd,0.1,7700,100,face,3,5,0.0979490280151367,6,3,0.22929962734003004,0.18552678083552412,0.26223585307685565,0.03068661577454995,0.18358235571926704,0.24843197035226425
18,OnlineFPCA-sgd,0.1,7800,100,face,3,5,0.100094556808472,6,3,0.15011969349583568,0.2121724457737058,0.2379426523754492,0.032286661169311975,0.1826036144515698,0.247777294688474
18,OnlineFPCA-sgd,0.1,7900,100,face,3,5,0.102685928344727,6,3,0.18610200795025075,0.26478448912736774,0.22130574792169214,0.03325617297993233,0.18137813221329427,0.24612212389408158
18,OnlineFPCA-sgd,0.1,8000,100,face,3,5,0.100190877914429,6,3,0.1278568599356249,0.26183889486589823,0.19367548216317568,0.03205738725952889,0.18019014521870438,0.2435170812136888
18,OnlineFPCA-sgd,0.1,8100,100,face,3,5,0.0995798110961914,6,3,0.1746090320036087,0.16937335250700583,0.16665013766696876,0.03318071138856705,0.17860639687667326,0.23995845029741977
18,OnlineFPCA-sgd,0.1,8200,100,face,3,5,0.0966763496398926,6,3,0.25907045162400355,0.1360500122271407,0.1726635751054509,0.033951626127500634,0.17659071594617368,0.23607703231755564
18,OnlineFPCA-sgd,0.1,8300,100,face,3,5,0.0995047092437744,6,3,0.19891980978416698,0.2240042370204901,0.21248106457275248,0.033503343667689915,0.17447874032008814,0.2327126013161249
18,OnlineFPCA-sgd,0.1,8400,100,face,3,5,0.10352635383606,6,3,0.19781221440797991,0.1632735406012197,0.19435617370312147,0.0344272495522188,0.17269753115396716,0.22999373683191235
18,OnlineFPCA-sgd,0.1,8500,100,face,3,5,0.0960781574249268,6,3,0.09302011600043483,0.12524498894950903,0.1937333426587075,0.03463981957166695,0.17093325302881915,0.22753857940965044
18,OnlineFPCA-sgd,0.1,8600,100,face,3,5,0.106542825698853,6,3,0.0431260729699263,0.15168431292658244,0.1946356418626365,0.03344491753321405,0.16957035394738898,0.22590476302403037
18,OnlineFPCA-sgd,0.1,8700,100,face,3,5,0.0995316505432129,6,3,0.10192737851795738,0.11775535987945172,0.18218620072144837,0.033711706487598206,0.16817547206702116,0.22445498636379413
18,OnlineFPCA-sgd,0.1,8800,100,face,3,5,0.100850582122803,6,3,0.16317279731850626,0.17735580711424054,0.17715525152460787,0.0335684321563486,0.1668356203936642,0.222762440176335
18,OnlineFPCA-sgd,0.1,8900,100,face,3,5,0.100796937942505,6,3,0.10900691700069635,0.15546989999662672,0.17478074052407774,0.033596323963810674,0.16545566856190988,0.22078414423073617
18,OnlineFPCA-sgd,0.1,9000,100,face,3,5,0.096707820892334,6,3,0.12919995741674206,0.22054420327052693,0.1810206479148823,0.03412577673922865,0.16470485041961613,0.2189539599334152
18,OnlineFPCA-sgd,0.1,9100,100,face,3,5,0.0997166633605957,6,3,0.13115015161861493,0.13476270440003452,0.18721009944605435,0.032891502290619386,0.1636830748992409,0.2172047350648497
18,OnlineFPCA-sgd,0.1,9200,100,face,3,5,0.0996890068054199,6,3,0.2077942997570515,0.1540144772689476,0.14599319402215705,0.0331579731560627,0.16273495558822718,0.2151975480577378
18,OnlineFPCA-sgd,0.1,9300,100,face,3,5,0.0971853733062744,6,3,0.0967615819392785,0.11343594412612361,0.16738702623578758,0.03361683064498676,0.16166502010660924,0.21365122172941575
18,OnlineFPCA-sgd,0.1,9400,100,face,3,5,0.100579261779785,6,3,0.11023942489769904,0.1396718679620636,0.15211281814589284,0.03358552752829167,0.16023731408194392,0.21223943364065853
18,OnlineFPCA-sgd,0.1,9500,100,face,3,5,0.107331991195679,6,3,0.2775878161017692,0.18169274353977355,0.18778559420487714,0.032648600847451914,0.15878200624989736,0.21125247731753735
18,OnlineFPCA-sgd,0.1,9600,100,face,3,5,0.0988492965698242,6,3,0.1887269599985945,0.1999144279419201,0.19869243256029429,0.032989836778756755,0.15763879287432098,0.2103626391097102
18,OnlineFPCA-sgd,0.1,9700,100,face,3,5,0.101460456848145,6,3,0.12985971103577332,0.168693022818044,0.1761549170699047,0.03351746865482539,0.15667170849756695,0.2092108154242678
18,OnlineFPCA-sgd,0.1,9800,100,face,3,5,0.0974738597869873,6,3,0.1318754796713005,0.13034332400174983,0.21621902041205868,0.03339373637445803,0.15567224502942478,0.2085839595504237
18,OnlineFPCA-sgd,0.1,9900,100,face,3,5,0.102661609649658,6,3,0.08356100475426002,0.16915114859456276,0.1913840083425285,0.03412711336169801,0.154754445814142,0.20837619934059778
18,OnlineFPCA-sgd,0.1,10000,100,face,3,5,0.099776029586792,6,3,0.1353766896202493,0.15891647778159906,0.2068325655355117,0.034579602871667774,0.15385329784004395,0.20764251661828156
18,OnlineFPCA-sgd,0.1,10100,100,face,3,5,0.0960037708282471,6,3,0.10761998196750919,0.14037363741240294,0.16879209871567585,0.03488145861858062,0.15318534858768343,0.20671936587123976
18,OnlineFPCA-sgd,0.1,10200,100,face,3,5,0.102352619171143,6,3,0.11937475331463421,0.11964371184282584,0.19375700587815664,0.0342838939380338,0.15246101452823524,0.20547772572132425
18,OnlineFPCA-sgd,0.1,10300,100,face,3,5,0.0998053550720215,6,3,0.10136567033648074,0.1554251694474161,0.16492717431259965,0.033722980922463765,0.15149736707290637,0.20459915006856705
18,OnlineFPCA-sgd,0.1,10400,100,face,3,5,0.0989100933074951,6,3,0.1254130977971196,0.11441148691411702,0.16555448946037293,0.032757457778587,0.15057337797608264,0.20387186171991847
18,OnlineFPCA-sgd,0.1,10500,100,face,3,5,0.102246761322021,6,3,0.1248050494542246,0.12191377752517656,0.16907711142722956,0.03216194099669734,0.14953977293419005,0.20323023095339446
18,OnlineFPCA-sgd,0.1,10600,100,face,3,5,0.0978415012359619,6,3,0.1577792786570988,0.12982556319671398,0.17061844032996853,0.032156422484264174,0.14834845620122536,0.20235699045970906
18,OnlineFPCA-sgd,0.1,10700,100,face,3,5,0.10341739654541,6,3,0.12211662870402433,0.10742821067851327,0.18494834949448544,0.0316939456204258,0.14723491674262815,0.20144248135254272
18,OnlineFPCA-sgd,0.1,10800,100,face,3,5,0.102797746658325,6,3,0.0904006324460551,0.12594102939357346,0.18286978942661444,0.03114834522961549,0.14618894888753117,0.20102417563509484
18,OnlineFPCA-sgd,0.1,10900,100,face,3,5,0.0969343185424805,6,3,0.1387627743047402,0.17187592410412394,0.17802623065284964,0.030898909122995658,0.14518699208811942,0.20035505911137355
18,OnlineFPCA-sgd,0.1,11000,100,face,3,5,0.1036376953125,6,3,0.10572188004799954,0.14705555815599228,0.1700862995782064,0.03068660288677494,0.14419362263582844,0.19955141742951185
18,OnlineFPCA-sgd,0.1,11100,100,face,3,5,0.0994603633880615,6,3,0.12726010793114947,0.13469950838874156,0.20591323528980876,0.03164988892777482,0.14304954082266189,0.19900386329683095
18,OnlineFPCA-sgd,0.1,11200,100,face,3,5,0.0993030071258545,6,3,0.11961434942187538,0.10093411863763124,0.1592986677488404,0.032357432126852714,0.14186480975921792,0.1985720903290391
18,OnlineFPCA-sgd,0.1,11300,100,face,3,5,0.100980997085571,6,3,0.15432577930603572,0.1350730114896151,0.1882074220671745,0.03277339754503059,0.14070582592292288,0.19760469872435726
18,OnlineFPCA-sgd,0.1,11400,100,face,3,5,0.101872682571411,6,3,0.1969522284997641,0.09746790633140011,0.1986469151001313,0.03328477411201761,0.13968097895430778,0.19630706829869743
18,OnlineFPCA-sgd,0.1,11500,100,face,3,5,0.100286245346069,6,3,0.12203381689226021,0.1713459216610746,0.16981662147732676,0.0339651354242142,0.13872438169682189,0.19547277517017475
18,OnlineFPCA-sgd,0.1,11600,100,face,3,5,0.0995452404022217,6,3,0.08437868810249223,0.16375639158807595,0.1941136012723597,0.034159027017410935,0.13777452014724983,0.19492822126297776
18,OnlineFPCA-sgd,0.1,11700,100,face,3,5,0.0972895622253418,6,3,0.08974633129921303,0.13490396534646207,0.1827135851408571,0.03373353940417918,0.13663077375500554,0.19445060081332294
18,OnlineFPCA-sgd,0.1,11800,100,face,3,5,0.102306604385376,6,3,0.14863571037717385,0.12096795130260297,0.18739054808733216,0.033684567628488205,0.1355371468646436,0.1939639776628296
18,OnlineFPCA-sgd,0.1,11900,100,face,3,5,0.0956423282623291,6,3,0.16869159426292687,0.08450874888204389,0.22907959540099532,0.03367518847005599,0.1346349337324689,0.19375647833447956
18,OnlineFPCA-sgd,0.1,12000,100,face,3,5,0.101467609405518,6,3,0.12728834031005537,0.09059010776454365,0.26568826033495174,0.03339367385516598,0.13379129355906458,0.1940600192767722
18,OnlineFPCA-sgd,0.1,12100,100,face,3,5,0.0987977981567383,6,3,0.1452314166978945,0.08698092133360523,0.2360264974764223,0.0327206237584456,0.1329733458765876,0.1945846263278647
18,OnlineFPCA-sgd,0.1,12200,100,face,3,5,0.0979239940643311,6,3,0.18238372565297092,0.11858170825726194,0.2524043221275198,0.032351897988861206,0.13200362554214382,0.1948399194274084
18,OnlineFPCA-sgd,0.1,12300,100,face,3,5,0.101541042327881,6,3,0.05322232124493298,0.09989785554260139,0.27007675334680553,0.032805028460286566,0.1310906429130203,0.19520627017453746
18,OnlineFPCA-sgd,0.1,12400,100,face,3,5,0.096743106842041,6,3,0.1294464146578378,0.16902310696793613,0.27218487768005006,0.03286168379262193,0.130572261718177,0.19568082296702174
18,OnlineFPCA-sgd,0.1,12500,100,face,3,5,0.09987473487854,6,3,0.12737229046752052,0.11663254463757887,0.2538335214112212,0.032369359294790366,0.13017370483175641,0.19593509381047183
18,OnlineFPCA-sgd,0.1,12600,100,face,3,5,0.100173950195312,6,3,0.21624736311195894,0.12366608481825163,0.22118927150712528,0.031274366163683225,0.1296884359194107,0.19598487624422997
18,OnlineFPCA-sgd,0.1,12700,100,face,3,5,0.0969488620758057,6,3,0.19027680383227027,0.1419332070004384,0.23946688550717646,0.029958560707969536,0.12939264557033223,0.19581760749949179
18,OnlineFPCA-sgd,0.1,12800,100,face,3,5,0.100061178207397,6,3,0.14445924582749736,0.17295752085744992,0.22155751020234568,0.030331963610048078,0.1292526311199006,0.19592050618853468
18,OnlineFPCA-sgd,0.1,12900,100,face,3,5,0.0965268611907959,6,3,0.17925184038092998,0.23241149208756534,0.20436997512563515,0.030993410954975365,0.12901520512859027,0.19564768289236117
18,OnlineFPCA-sgd,0.1,13000,100,face,3,5,0.0987148284912109,6,3,0.10658995742765771,0.2380122153013008,0.1694237815270902,0.03084465119568874,0.12880893872752935,0.19501924479703978
18,OnlineFPCA-sgd,0.1,13100,100,face,3,5,0.0996661186218262,6,3,0.16210848573030096,0.15493738204371274,0.13329074256448442,0.03146463217312757,0.12844762442693744,0.19401774983978143
18,OnlineFPCA-sgd,0.1,13200,100,face,3,5,0.0969009399414062,6,3,0.2308728648033792,0.1235802385802866,0.1467995439721649,0.031794937680008635,0.1278403790374413,0.19280880253791352
18,OnlineFPCA-sgd,0.1,13300,100,face,3,5,0.100021839141846,6,3,0.16468155510100718,0.16977106996630748,0.18355394366392455,0.03181164382495805,0.12717755319434249,0.19175485888786836
18,OnlineFPCA-sgd,0.1,13400,100,face,3,5,0.0999765396118164,6,3,0.18597439874399926,0.12687680871180204,0.1668253306769987,0.032272021902538514,0.12660860837066068,0.1908247273848992
18,OnlineFPCA-sgd,0.1,13500,100,face,3,5,0.0965034961700439,6,3,0.07162499695578499,0.10735691256378696,0.165698144007297,0.03251105448833217,0.12601560093273856,0.18989941828650042
18,OnlineFPCA-sgd,0.1,13600,100,face,3,5,0.10268497467041,6,3,0.04026615667095284,0.11755713777476616,0.1668937415598269,0.032062759537123516,0.12555636273702697,0.1892662782507042
18,OnlineFPCA-sgd,0.1,13700,100,face,3,5,0.0964560508728027,6,3,0.0772184631044827,0.08375570173671419,0.15748824102184436,0.03207863321289721,0.1250541044556333,0.18866611835665117
18,OnlineFPCA-sgd,0.1,13800,100,face,3,5,0.0991578102111816,6,3,0.15807570898758583,0.1365336707617218,0.1580607844439403,0.0320959071490458,0.12451117895922909,0.18797749728623342
18,OnlineFPCA-sgd,0.1,13900,100,face,3,5,0.0997726917266846,6,3,0.09516794150185424,0.12529586069514675,0.15317527450274032,0.03211162079396774,0.12391531588884754,0.18716976117915884
18,OnlineFPCA-sgd,0.1,14000,100,face,3,5,0.0994274616241455,6,3,0.11507393504526199,0.18010708769338,0.16243957667813227,0.03239652137050194,0.12367480039625849,0.18645147228479816
18,OnlineFPCA-sgd,0.1,14100,100,face,3,5,0.101156234741211,6,3,0.11126886272781021,0.10459429153665821,0.1578405312811159,0.031919915660979355,0.12331195815649369,0.1857756320656086
18,OnlineFPCA-sgd,0.1,14200,100,face,3,5,0.0995769500732422,6,3,0.1756888327595265,0.1254031782635561,0.12783881528179303,0.03199695806704228,0.12296464269574767,0.18496912423227882
18,OnlineFPCA-sgd,0.1,14300,100,face,3,5,0.0981097221374512,6,3,0.09803517749927286,0.09095335406841781,0.14676775127742583,0.03227877105356563,0.12252714094934963,0.18431071168051108
18,OnlineFPCA-sgd,0.1,14400,100,face,3,5,0.102882623672485,6,3,0.07915056782232639,0.11236836735566154,0.13432399219760258,0.03232587284689398,0.12191305811875867,0.18371363276104388
18,OnlineFPCA-sgd,0.1,14500,100,face,3,5,0.0972387790679932,6,3,0.2394654794562406,0.14232324058767293,0.16281067543109237,0.0318992948087282,0.12127148809719959,0.18331679028857223
18,OnlineFPCA-sgd,0.1,14600,100,face,3,5,0.102893114089966,6,3,0.17317295090830942,0.16101058552570943,0.1733007559762087,0.032009217556450184,0.1207485606968463,0.18294131788322002
18,OnlineFPCA-sgd,0.1,14700,100,face,3,5,0.101184606552124,6,3,0.11861089279126412,0.139840719099664,0.15976077357115914,0.032226697897484655,0.12033520435197742,0.18245617558004926
18,OnlineFPCA-sgd,0.1,14800,100,face,3,5,0.243365526199341,6,3,0.12832359189793385,0.10774143208811768,0.19283446562102363,0.03213528131359294,0.11989654806808484,0.1822168476613124
18,OnlineFPCA-sgd,0.1,14900,100,face,3,5,0.101970911026001,6,3,0.0794935768522352,0.13731887180093857,0.17320670690635254,0.03250826641397931,0.1195320618286553,0.18217817134808528
18,OnlineFPCA-sgd,0.1,15000,100,face,3,5,0.0991141796112061,6,3,0.11695772063054083,0.13018185904524718,0.18550444698412644,0.03275486676959454,0.1191716580392576,0.18189072679989365
18,OnlineFPCA-sgd,0.1,0,100,face,3,5,6.35740375518799,8,1,0.10957338018728638,1.99867369630776,1.970310309550978,0.10957338018728638,1.99867369630776,1.970310309550978
18,OnlineFPCA-sgd,0.1,100,100,face,3,5,0.459798097610474,8,1,0.5582899739088618,1.3084476805642293,1.662645936339786,NA,NA,NA
18,OnlineFPCA-sgd,0.1,200,100,face,3,5,0.458258867263794,8,1,0.8652372201107746,0.8655596676559332,0.7193653493136057,NA,NA,NA
18,OnlineFPCA-sgd,0.1,300,100,face,3,5,0.462585210800171,8,1,0.6746463227628158,1.2381878003017,1.021838498973651,NA,NA,NA
18,OnlineFPCA-sgd,0.1,400,100,face,3,5,0.462402105331421,8,1,0.9227928990131254,0.7521063791824989,0.5830102933556789,NA,NA,NA
18,OnlineFPCA-sgd,0.1,500,100,face,3,5,0.4592125415802,8,1,0.9926368472207875,0.8960966342628501,1.0307024418344688,NA,NA,NA
18,OnlineFPCA-sgd,0.1,600,100,face,3,5,0.462043523788452,8,1,0.794008140499699,0.6489217319557755,1.0695921426670885,NA,NA,NA
18,OnlineFPCA-sgd,0.1,700,100,face,3,5,0.462194442749023,8,1,0.6995066947201644,0.6415350519414477,1.0545683708405948,NA,NA,NA
18,OnlineFPCA-sgd,0.1,800,100,face,3,5,0.459998846054077,8,1,0.6001945762601497,0.6311808710168942,1.0373987274673073,NA,NA,NA
18,OnlineFPCA-sgd,0.1,900,100,face,3,5,0.463154792785645,8,1,0.5317098476354137,0.61951515337239,1.022216719426223,NA,NA,NA
18,OnlineFPCA-sgd,0.1,1000,100,face,3,5,0.458653688430786,8,1,0.502578958357471,0.6053589547343211,1.0101802830429447,NA,NA,NA
18,OnlineFPCA-sgd,0.1,1100,100,face,3,5,0.645848512649536,8,1,0.4244724482711936,0.43667987880113673,0.6545846829326029,0.4461250482565468,0.47171788326420594,0.8231378996847664
18,OnlineFPCA-sgd,0.1,1200,100,face,3,5,0.654896020889282,8,1,0.20208464767695186,0.3070125338316451,0.3857248413979352,0.38526830544471136,0.41320661389581237,0.6801898700179532
18,OnlineFPCA-sgd,0.1,1300,100,face,3,5,0.643822431564331,8,1,0.5579551897925331,0.38585544525762044,0.35887531287454477,0.2644553054373453,0.3180916855678544,0.5537017066170346
18,OnlineFPCA-sgd,0.1,1400,100,face,3,5,0.646432399749756,8,1,0.2440608583490468,0.33814660432839766,0.43767469304808054,0.2067107032532933,0.2854863445148278,0.4601813794661249
18,OnlineFPCA-sgd,0.1,1500,100,face,3,5,0.64396595954895,8,1,0.4177194186225752,0.3570416508356494,0.3980446437349405,0.16515017281288757,0.2834670474550642,0.41860391253762064
18,OnlineFPCA-sgd,0.1,1600,100,face,3,5,0.650898933410645,8,1,0.1808318019266271,0.34962838880930924,0.39185403268994756,0.14261724501323855,0.2890539746120854,0.3942779697806152
18,OnlineFPCA-sgd,0.1,1700,100,face,3,5,0.640093326568604,8,1,0.17655572252831714,0.3460370237843062,0.3658858506685291,0.1343181892396486,0.29380453393731504,0.38064231601962195
18,OnlineFPCA-sgd,0.1,1800,100,face,3,5,0.628967046737671,8,1,0.16647455858572505,0.3318504128036303,0.3712193720874063,0.13155131403889084,0.29654903857816317,0.371660419452103
18,OnlineFPCA-sgd,0.1,1900,100,face,3,5,0.631994009017944,8,1,0.15017463532808378,0.3255624789901753,0.37197498004179164,0.1259421718417486,0.29789752730690944,0.3664493908554819
18,OnlineFPCA-sgd,0.1,2000,100,face,3,5,0.633071660995483,8,1,0.14677403010931744,0.3185341742529812,0.377116910928682,0.12201941595054044,0.29949174543134893,0.3644886285360662
18,OnlineFPCA-sgd,0.1,2100,100,face,3,5,0.628157138824463,8,1,0.1411149933219034,0.28879722256249707,0.3440324859564276,0.11810256320421267,0.29952460100051376,0.3641940518771086
18,OnlineFPCA-sgd,0.1,2200,100,face,3,5,0.632999420166016,8,1,0.2462684595178457,0.3110442677697224,0.33950479360817787,0.10816278191626687,0.2952570002427428,0.360262757296927
18,OnlineFPCA-sgd,0.1,2300,100,face,3,5,0.646621227264404,8,1,0.04713051911543134,0.2804008547394783,0.34938207568199414,0.09877258711301558,0.2920836287185393,0.35879861965260007
18,OnlineFPCA-sgd,0.1,2400,100,face,3,5,0.661178827285767,8,1,0.2143423279928729,0.3082089040385933,0.32150295557606745,0.09425394326519032,0.290226724452726,0.35714719128477934
18,OnlineFPCA-sgd,0.1,2500,100,face,3,5,0.63366174697876,8,1,0.23227232735608308,0.29255652111545366,0.31595497606581546,0.08872011374932251,0.2888644019672578,0.35161661616305034
18,OnlineFPCA-sgd,0.1,2600,100,face,3,5,0.645266532897949,8,1,0.239980112971261,0.2715888219074079,0.28381105080603897,0.07857212927035162,0.287419034283164,0.3450196850413754
18,OnlineFPCA-sgd,0.1,2700,100,face,3,5,0.642302274703979,8,1,0.21947113366722232,0.2980088414621151,0.3040527736859009,0.07678404305342683,0.2863139631385563,0.3398947934958556
18,OnlineFPCA-sgd,0.1,2800,100,face,3,5,0.63604211807251,8,1,0.15768475051886335,0.28997468697136103,0.3369971218094258,0.07411360448453938,0.2855761424058076,0.33817580938544345
18,OnlineFPCA-sgd,0.1,2900,100,face,3,5,0.642292976379395,8,1,0.12446116137232086,0.31636787342347233,0.31813531791672756,0.06934167216562971,0.28333023183891415,0.3360441612423763
18,OnlineFPCA-sgd,0.1,3000,100,face,3,5,0.619882583618164,8,1,0.19876933913095982,0.3020926806920925,0.3159184175870138,0.06435086267475686,0.2828344759355249,0.33348449424548604
18,OnlineFPCA-sgd,0.1,3100,100,face,3,5,0.631018161773682,8,1,0.15312456882999384,0.27995042460444847,0.2596382104310351,0.05732148778975298,0.2810311010335454,0.3304512040285621
18,OnlineFPCA-sgd,0.1,3200,100,face,3,5,0.63164210319519,8,1,0.2528345155127726,0.2704187668910253,0.29609802007986413,0.05013586240495268,0.27916465376857774,0.32732673566881465
18,OnlineFPCA-sgd,0.1,3300,100,face,3,5,0.631807804107666,8,1,0.22429191669860216,0.3372195722988144,0.31554430671837774,0.0447778901072701,0.2767273938222577,0.3250266291912015
18,OnlineFPCA-sgd,0.1,3400,100,face,3,5,0.789680242538452,8,1,0.1725426994199488,0.258848762683328,0.2995582823382176,0.04043241036121827,0.27523749712061124,0.3225441301839783
18,OnlineFPCA-sgd,0.1,3500,100,face,3,5,0.623441457748413,8,1,0.1700473786841259,0.22027139044157637,0.30250209216948626,0.03771907098200851,0.27295548070987785,0.3211266633757223
18,OnlineFPCA-sgd,0.1,3600,100,face,3,5,0.630281448364258,8,1,0.03829320643484395,0.2652193368482428,0.32746383034148496,0.035384800000458703,0.2709515023215827,0.32047901605223844
18,OnlineFPCA-sgd,0.1,3700,100,face,3,5,0.633394718170166,8,1,0.12085147583573573,0.24580559857525533,0.3120050519873742,0.03532124187650145,0.26899921399659893,0.3200428309796647
18,OnlineFPCA-sgd,0.1,3800,100,face,3,5,0.632597923278809,8,1,0.1709247907902436,0.2898865263068493,0.301777906394206,0.035224264606760515,0.2669104968757225,0.31854853589887894
18,OnlineFPCA-sgd,0.1,3900,100,face,3,5,0.63536810874939,8,1,0.12719046623482957,0.2524846510668233,0.30563679495970403,0.0341665530805853,0.26417201099511356,0.31620664443840735
18,OnlineFPCA-sgd,0.1,4000,100,face,3,5,0.631705522537231,8,1,0.034216773967526086,0.2641247610561541,0.31439698661231263,0.034216773967526086,0.2641247610561541,0.31439698661231263
18,OnlineFPCA-sgd,0.1,4100,100,face,3,5,0.632161378860474,8,1,0.16165140157305274,0.2614002983196654,0.301576873333324,0.0715118663335041,0.2555697758525291,0.30023820900861387
18,OnlineFPCA-sgd,0.1,4200,100,face,3,5,0.626521348953247,8,1,0.2589834424360947,0.27379447038899124,0.28950795410915064,0.06017214891331986,0.2519696944770402,0.2931518207584662
18,OnlineFPCA-sgd,0.1,4300,100,face,3,5,0.631107807159424,8,1,0.09420984346119993,0.23811346512405696,0.3214158373047272,0.05586981063153422,0.2493595498736346,0.2933545367729996
18,OnlineFPCA-sgd,0.1,4400,100,face,3,5,0.634205341339111,8,1,0.16404293035617049,0.24169523189572886,0.2862459457733191,0.04932898908446609,0.24112886021468108,0.2896131016662099
18,OnlineFPCA-sgd,0.1,4500,100,face,3,5,0.634747982025146,8,1,0.32726537977573794,0.2766804042070733,0.3099051128646035,0.04509912840073829,0.23695125659070282,0.2909976278191889
18,OnlineFPCA-sgd,0.1,4600,100,face,3,5,0.652207612991333,8,1,0.2176350641603596,0.3077289256093392,0.29109018149092447,0.06225316738083021,0.2351076928137654,0.29199214297402526
18,OnlineFPCA-sgd,0.1,4700,100,face,3,5,0.635754585266113,8,1,0.153636413980029,0.27231472737308793,0.2693867951600406,0.06606227248023754,0.23186099600532795,0.28700405326529954
18,OnlineFPCA-sgd,0.1,4800,100,face,3,5,0.637612581253052,8,1,0.13167263056032566,0.21900463084382585,0.3244917178291543,0.07039593877366622,0.22954573136303053,0.287247665803104
18,OnlineFPCA-sgd,0.1,4900,100,face,3,5,0.635353088378906,8,1,0.10134270289939754,0.2664869300552449,0.27469378336570416,0.06639428741124033,0.2243245228936135,0.29069921281404554
18,OnlineFPCA-sgd,0.1,5000,100,face,3,5,0.634522199630737,8,1,0.1688583791026866,0.2497244509112498,0.2836855830060078,0.062033090804581525,0.21934585885009542,0.28653469464643333
18,OnlineFPCA-sgd,0.1,5100,100,face,3,5,0.245964288711548,8,1,0.11972270836902407,0.21017986035676559,0.22674247559845284,0.05644319803664438,0.21626163709520416,0.28041720713044993
18,OnlineFPCA-sgd,0.1,5200,100,face,3,5,0.0995633602142334,8,1,0.15713712947277877,0.1913197179145914,0.26400068603607485,0.05117474698881652,0.21289555177779712,0.2730151406395128
18,OnlineFPCA-sgd,0.1,5300,100,face,3,5,0.0995538234710693,8,1,0.11919011628220348,0.22952996755416444,0.23656982931707687,0.048489446499633104,0.2094590699315741,0.2698318956047325
18,OnlineFPCA-sgd,0.1,5400,100,face,3,5,0.102160215377808,8,1,0.12053968954674188,0.1704020965384035,0.22630626628666214,0.046559677320605466,0.20670191903254065,0.2666710704951873
18,OnlineFPCA-sgd,0.1,5500,100,face,3,5,0.0970442295074463,8,1,0.1381868058235446,0.1680382477493385,0.2201934268620431,0.04574199530090393,0.20269111438779583,0.26428017575004836
18,OnlineFPCA-sgd,0.1,5600,100,face,3,5,0.0993862152099609,8,1,0.18421845244815863,0.17170577059471975,0.21597884904477901,0.04719992997791915,0.19834352363356167,0.25958645324028357
18,OnlineFPCA-sgd,0.1,5700,100,face,3,5,0.10050892829895,8,1,0.12628478374339425,0.15391615672787978,0.22455238637489433,0.044828122969848457,0.19474148603126126,0.25470514479465123
18,OnlineFPCA-sgd,0.1,5800,100,face,3,5,0.0968697071075439,8,1,0.10210676936779031,0.17370636557285418,0.2264466863889271,0.04349734956831011,0.19066710166241144,0.2520774598215738
18,OnlineFPCA-sgd,0.1,5900,100,face,3,5,0.102429866790771,8,1,0.18819028482642497,0.2141640876486163,0.2082139402230972,0.0374921009288728,0.18646121699870097,0.24775632721145238
18,OnlineFPCA-sgd,0.1,6000,100,face,3,5,0.101600885391235,8,1,0.13046902412608,0.19296472650068458,0.20744328637617654,0.033333631697820595,0.18228283071006005,0.24351021176411472
18,OnlineFPCA-sgd,0.1,6100,100,face,3,5,0.0968897342681885,8,1,0.13049491101584942,0.15564009653012692,0.24063967630739894,0.033179153962397935,0.17776583795536527,0.240719183717706
18,OnlineFPCA-sgd,0.1,6200,100,face,3,5,0.101468563079834,8,1,0.121862045690896,0.12657845546980942,0.1749570668421419,0.03394575174283292,0.17337872909889537,0.23810669704983634
18,OnlineFPCA-sgd,0.1,6300,100,face,3,5,0.0987722873687744,8,1,0.17623562672265966,0.18045166972238624,0.20603698780816293,0.035370159735076685,0.1694785494602288,0.23365936706066806
18,OnlineFPCA-sgd,0.1,6400,100,face,3,5,0.102120637893677,8,1,0.21862539105599893,0.12011611016131193,0.22211697609678369,0.03899322378842021,0.16588657894240733,0.22798139199667367
18,OnlineFPCA-sgd,0.1,6500,100,face,3,5,0.101194143295288,8,1,0.14252718754110907,0.19286906804968038,0.1670691969524056,0.04033169284245126,0.1620426929510045,0.22422867412050937
18,OnlineFPCA-sgd,0.1,6600,100,face,3,5,0.100445747375488,8,1,0.11222029046407715,0.1545342224254795,0.21557779921172956,0.040241486357728756,0.1587510541890541,0.22210697428065745
18,OnlineFPCA-sgd,0.1,6700,100,face,3,5,0.103338479995728,8,1,0.112948404066498,0.1470446084091397,0.19874966227593888,0.03938934489189117,0.15529182692572857,0.22028014770023555
18,OnlineFPCA-sgd,0.1,6800,100,face,3,5,0.0998024940490723,8,1,0.17239869225932913,0.16612266376163712,0.20918874220001352,0.0398016247967836,0.15215545147088824,0.21837915624870324
18,OnlineFPCA-sgd,0.1,6900,100,face,3,5,0.0984337329864502,8,1,0.2118781875745878,0.10847485099875963,0.2618245677376476,0.03894580535460259,0.14962522805543615,0.2177339771393742
18,OnlineFPCA-sgd,0.1,7000,100,face,3,5,0.0992326736450195,8,1,0.1565703060467923,0.09800634566323695,0.3044624685968686,0.03765107717978989,0.14738165444997572,0.21885198640967668
18,OnlineFPCA-sgd,0.1,7100,100,face,3,5,0.0987837314605713,8,1,0.1691208668928344,0.11519277822452459,0.26381954251784945,0.03618401026267887,0.14542543863865237,0.22060126966777277
18,OnlineFPCA-sgd,0.1,7200,100,face,3,5,0.0991199016571045,8,1,0.22356406482316257,0.14266858047843756,0.2792983414618889,0.035483020430723634,0.1431944576775035,0.22130025221314312
18,OnlineFPCA-sgd,0.1,7300,100,face,3,5,0.0997664928436279,8,1,0.06148159469415349,0.12477256578560073,0.29814580611477665,0.03658980674476959,0.14120328241532548,0.22229273236083136
18,OnlineFPCA-sgd,0.1,7400,100,face,3,5,0.100143671035767,8,1,0.14837460340341582,0.1960988517752772,0.2928767417461833,0.03686852280618173,0.14031713020528164,0.22350373877185578
18,OnlineFPCA-sgd,0.1,7500,100,face,3,5,0.100336074829102,8,1,0.15257948258008927,0.12732636412323012,0.2694444295683871,0.03538969897841135,0.13962614223256195,0.22366576127976226
18,OnlineFPCA-sgd,0.1,7600,100,face,3,5,0.0982234477996826,8,1,0.23572589230149904,0.14956054528025114,0.2106326129123477,0.0321159339635854,0.13850924131785575,0.22307118689929747
18,OnlineFPCA-sgd,0.1,7700,100,face,3,5,0.101306915283203,8,1,0.22215054646232058,0.16915311855753265,0.2264197000822031,0.02938014225958065,0.1378100720487394,0.22163856961576683
18,OnlineFPCA-sgd,0.1,7800,100,face,3,5,0.101382732391357,8,1,0.15199426526157622,0.18766373645298237,0.21075714458478711,0.031034312311934993,0.13751883231088835,0.22106624380348297
18,OnlineFPCA-sgd,0.1,7900,100,face,3,5,0.101907253265381,8,1,0.17416595110064428,0.23804085284903764,0.20092562866231947,0.03184560995273916,0.13721378694296096,0.2196004428154815
18,OnlineFPCA-sgd,0.1,8000,100,face,3,5,0.100553035736084,8,1,0.13024354361221974,0.23060435444510996,0.18947600992303626,0.030632013844567776,0.13747246650399175,0.2175515884589364
18,OnlineFPCA-sgd,0.1,8100,100,face,3,5,0.0970268249511719,8,1,0.16972833919132022,0.15469818090228987,0.15588015024013316,0.031579865141951706,0.13705077992603396,0.21462244437261618
18,OnlineFPCA-sgd,0.1,8200,100,face,3,5,0.10067081451416,8,1,0.2539503833671785,0.12793410803993222,0.16596254834684135,0.0322114862712622,0.13572584381236022,0.21131053741261902
18,OnlineFPCA-sgd,0.1,8300,100,face,3,5,0.103558540344238,8,1,0.1985204616220713,0.20928544381660297,0.19598428388046404,0.03164365306208479,0.13407172197099262,0.20863330074924322
18,OnlineFPCA-sgd,0.1,8400,100,face,3,5,0.0978138446807861,8,1,0.1922024148960932,0.1443036067224488,0.17596051210386582,0.032391217572107056,0.13267641208731135,0.20648786480010609
18,OnlineFPCA-sgd,0.1,8500,100,face,3,5,0.248206853866577,8,1,0.09364861669639057,0.09916818995951043,0.1729522594244142,0.03249248966118283,0.1311940137553913,0.20457455369825164
18,OnlineFPCA-sgd,0.1,8600,100,face,3,5,0.0991272926330566,8,1,0.04281374813904952,0.12952463234623351,0.17636092584789637,0.03127816047060444,0.13005187281447156,0.20346377538846444
18,OnlineFPCA-sgd,0.1,8700,100,face,3,5,0.0960807800292969,8,1,0.09919131544171667,0.10016597707529643,0.17000166211236323,0.031589245973900004,0.12880073823823535,0.2023904244733723
18,OnlineFPCA-sgd,0.1,8800,100,face,3,5,0.104020357131958,8,1,0.16345288142587935,0.16211537325543213,0.16277610155748465,0.03148555918729393,0.12750780006360501,0.20098009971384084
18,OnlineFPCA-sgd,0.1,8900,100,face,3,5,0.0970661640167236,8,1,0.1063996751288134,0.13565020362161262,0.16153794916829683,0.03146263289682656,0.12612221579444727,0.1991469872427741
18,OnlineFPCA-sgd,0.1,9000,100,face,3,5,0.10073184967041,8,1,0.12621868541154144,0.20360169941778972,0.17581855410570252,0.03194124075196611,0.1258866590355765,0.19780380282139906
18,OnlineFPCA-sgd,0.1,9100,100,face,3,5,0.101019620895386,8,1,0.12872671812758749,0.11689646158796102,0.18155989149715412,0.030811249204439287,0.125311508325181,0.19652043011560383
18,OnlineFPCA-sgd,0.1,9200,100,face,3,5,0.0977797508239746,8,1,0.20223167237023412,0.14273563470426945,0.14617249869686527,0.03115547299308706,0.1247438619664348,0.19494587765372842
18,OnlineFPCA-sgd,0.1,9300,100,face,3,5,0.103739976882935,8,1,0.09631001793492566,0.0988670522252057,0.172449308661346,0.0315813628013247,0.1240129284249238,0.19382143917708372
18,OnlineFPCA-sgd,0.1,9400,100,face,3,5,0.102290153503418,8,1,0.11099870038518422,0.12493040987196624,0.15691942546709173,0.031554329687446384,0.12292799099084699,0.19284665435803117
18,OnlineFPCA-sgd,0.1,9500,100,face,3,5,0.100840330123901,8,1,0.269810777725078,0.15906226523636097,0.18602054913176935,0.030753031480712477,0.12189159372757755,0.1923711221785362
18,OnlineFPCA-sgd,0.1,9600,100,face,3,5,0.102827072143555,8,1,0.1838285337743348,0.1816738692048777,0.19805797460255817,0.031178367874468687,0.12117550604341099,0.19195364839582443
18,OnlineFPCA-sgd,0.1,9700,100,face,3,5,0.10068678855896,8,1,0.13102510318228894,0.15768689428036942,0.17805628359318545,0.03169515886938724,0.12059415220983938,0.1912114017724652
18,OnlineFPCA-sgd,0.1,9800,100,face,3,5,0.102472543716431,8,1,0.13157907325503493,0.11969918827150813,0.22166315573979165,0.03162627676521483,0.11996363024694935,0.19104972313176763
18,OnlineFPCA-sgd,0.1,9900,100,face,3,5,0.101999998092651,8,1,0.08389944624378999,0.16011276671127136,0.1936493161300769,0.03233778716951605,0.11932432771586143,0.19132313380529825
18,OnlineFPCA-sgd,0.1,10000,100,face,3,5,0.0970766544342041,8,1,0.13214100734629133,0.1480932464312944,0.20920372880513322,0.0327905338085262,0.11867497859440204,0.1908882207662226
18,OnlineFPCA-sgd,0.1,10100,100,face,3,5,0.102927923202515,8,1,0.10543417713628682,0.12336979560558241,0.16609982330894038,0.03304741608834172,0.11829028604790379,0.19022932788619568
18,OnlineFPCA-sgd,0.1,10200,100,face,3,5,0.100804328918457,8,1,0.11726811887861019,0.10790949242995443,0.19425536245351882,0.03246691649805676,0.1179002486503501,0.18923137101186316
18,OnlineFPCA-sgd,0.1,10300,100,face,3,5,0.0968458652496338,8,1,0.10149025199557711,0.14609234535736138,0.16593087345793642,0.03194854913130109,0.1172449088070279,0.18867005984216664
18,OnlineFPCA-sgd,0.1,10400,100,face,3,5,0.101147890090942,8,1,0.12331730551908282,0.09864410796051802,0.17269606558860465,0.031001709616126305,0.1166727131417078,0.18831130106236077
18,OnlineFPCA-sgd,0.1,10500,100,face,3,5,0.0990281105041504,8,1,0.12405268188133406,0.1091403402099272,0.1710446289566796,0.03041531892571716,0.11597702824657273,0.1880504505404887
18,OnlineFPCA-sgd,0.1,10600,100,face,3,5,0.0987436771392822,8,1,0.15674406552696943,0.11350621326444106,0.17449395070399445,0.03045474236242338,0.11504433323276783,0.18745288732883603
18,OnlineFPCA-sgd,0.1,10700,100,face,3,5,0.0992870330810547,8,1,0.11858464251013198,0.09232011665798778,0.18497190108579042,0.030113723291945046,0.11423303532451871,0.1868204339807542
18,OnlineFPCA-sgd,0.1,10800,100,face,3,5,0.100231409072876,8,1,0.08935121123940834,0.11376704401678124,0.18019084098257926,0.029679156833244746,0.11347067541691912,0.18666942402478168
18,OnlineFPCA-sgd,0.1,10900,100,face,3,5,0.101988554000854,8,1,0.1354795949225148,0.16659675481360273,0.17603224172190862,0.029391070357685053,0.1127404896694074,0.18622032735466454
18,OnlineFPCA-sgd,0.1,11000,100,face,3,5,0.0999686717987061,8,1,0.10481593419360265,0.13903812690822617,0.16758973091572457,0.029118923536401376,0.11201034223441289,0.1856302041317741
18,OnlineFPCA-sgd,0.1,11100,100,face,3,5,0.09963059425354,8,1,0.12366493541009212,0.12488622032730574,0.20504998619378276,0.029982159707201403,0.11107177221093058,0.1853132706431077
18,OnlineFPCA-sgd,0.1,11200,100,face,3,5,0.100841283798218,8,1,0.11912574050070836,0.0908998002757564,0.15482878686955703,0.030625515981155926,0.11001759465775546,0.18507561668107547
18,OnlineFPCA-sgd,0.1,11300,100,face,3,5,0.0990550518035889,8,1,0.15375979794607064,0.12813203467775322,0.17848504653908473,0.0310464381338245,0.10907048012613452,0.18424115340585692
18,OnlineFPCA-sgd,0.1,11400,100,face,3,5,0.101846933364868,8,1,0.19320587871731235,0.08108482555705547,0.18674162996278834,0.0315241759703723,0.10828748708469962,0.18303263976099232
18,OnlineFPCA-sgd,0.1,11500,100,face,3,5,0.101333379745483,8,1,0.12107554986683476,0.1554003323403785,0.15587713668875705,0.032174223619028705,0.1074830059305603,0.1822704123305972
18,OnlineFPCA-sgd,0.1,11600,100,face,3,5,0.0996062755584717,8,1,0.08144449333048881,0.140224994372381,0.19179748646096773,0.03236334376365425,0.10677217180602086,0.1819453075220726
18,OnlineFPCA-sgd,0.1,11700,100,face,3,5,0.100720882415771,8,1,0.09063792038700849,0.12054399296111663,0.17997075193647116,0.03198615392854499,0.1058482301483323,0.1816943857885089
18,OnlineFPCA-sgd,0.1,11800,100,face,3,5,0.0983519554138184,8,1,0.1453917348141635,0.1157547633555744,0.1886818367925973,0.031947479611932623,0.10495139945298146,0.18140835673629882
18,OnlineFPCA-sgd,0.1,11900,100,face,3,5,0.100390672683716,8,1,0.16910478025728207,0.0782601720234311,0.23068157333961323,0.03193882726386355,0.10422677290774629,0.18143023092963617
18,OnlineFPCA-sgd,0.1,12000,100,face,3,5,0.101943016052246,8,1,0.12592865406043846,0.08109251828049172,0.2672155716372913,0.031702594613144355,0.10361321910127147,0.18203618204710303
18,OnlineFPCA-sgd,0.1,12100,100,face,3,5,0.0973303318023682,8,1,0.1430797686538265,0.07814283453138716,0.2357101326802055,0.031072015995343778,0.10303258187420082,0.18284563266323825
18,OnlineFPCA-sgd,0.1,12200,100,face,3,5,0.103069543838501,8,1,0.18104300368254367,0.11098561299163386,0.24835637614882197,0.030739941390474052,0.10234039315169866,0.18334181981028513
18,OnlineFPCA-sgd,0.1,12300,100,face,3,5,0.100608110427856,8,1,0.050100124810417535,0.09457893257699725,0.26503158318674225,0.031186265621958538,0.10175036903994011,0.18393769215742686
18,OnlineFPCA-sgd,0.1,12400,100,face,3,5,0.10071873664856,8,1,0.1270356692261792,0.16328132582211216,0.2673131767592962,0.03121535621582255,0.10158800147593244,0.1846362631219925
18,OnlineFPCA-sgd,0.1,12500,100,face,3,5,0.102583885192871,8,1,0.12168994681890885,0.10090038473878074,0.24883825354575947,0.030670282396405384,0.1014210821610554,0.18505496368990415
18,OnlineFPCA-sgd,0.1,12600,100,face,3,5,0.0976057052612305,8,1,0.21366973622952418,0.1218563825512896,0.20145836319721078,0.029564171146271672,0.1011773917117426,0.1852198649930273
18,OnlineFPCA-sgd,0.1,12700,100,face,3,5,0.0992507934570312,8,1,0.1852064936376672,0.13889321112636333,0.21682025921877118,0.028328039019789177,0.10113439271158146,0.1850700461791092
18,OnlineFPCA-sgd,0.1,12800,100,face,3,5,0.100642204284668,8,1,0.14572777652378666,0.1618466086648494,0.20392481641191804,0.028782894883664277,0.10126074348378455,0.1851800295374459
18,OnlineFPCA-sgd,0.1,12900,100,face,3,5,0.0961892604827881,8,1,0.16947392889108573,0.2158126925029003,0.19174555429918513,0.02942768527853691,0.10135477592462491,0.18495026881449833
18,OnlineFPCA-sgd,0.1,13000,100,face,3,5,0.103740453720093,8,1,0.10689766360512964,0.21584762072159672,0.1712596166384425,0.029259428372041037,0.1016407078303927,0.18447116096030627
18,OnlineFPCA-sgd,0.1,13100,100,face,3,5,0.100275754928589,8,1,0.15799126338244696,0.14534280022955687,0.13589998696985414,0.029825179678628775,0.10173143852977927,0.18366547484938534
18,OnlineFPCA-sgd,0.1,13200,100,face,3,5,0.0989902019500732,8,1,0.22773441969746694,0.12080592301545985,0.15218502725693994,0.030116073369543084,0.10142761904242854,0.18265067705650445
18,OnlineFPCA-sgd,0.1,13300,100,face,3,5,0.10044264793396,8,1,0.16521135629345007,0.15888748524488291,0.1830177211568706,0.03010622375550468,0.10100952419998814,0.18184778224639045
18,OnlineFPCA-sgd,0.1,13400,100,face,3,5,0.0991215705871582,8,1,0.18063805470861233,0.11957062342148252,0.16317046072203728,0.03052827247274215,0.10066343261978596,0.18113823979339194
18,OnlineFPCA-sgd,0.1,13500,100,face,3,5,0.100042104721069,8,1,0.07048898235689428,0.09376777997311017,0.15985054076886943,0.030717055123769925,0.10026737813031002,0.18044698917200758
18,OnlineFPCA-sgd,0.1,13600,100,face,3,5,0.0996932983398438,8,1,0.03994301559637617,0.10531710333645573,0.1617603260042239,0.030261418423207873,0.09997169292632194,0.18003976018703113
18,OnlineFPCA-sgd,0.1,13700,100,face,3,5,0.0983800888061523,8,1,0.0768992864112394,0.07800221047732751,0.15581447397475345,0.030299129829839993,0.09958697405422158,0.17962076769404947
18,OnlineFPCA-sgd,0.1,13800,100,face,3,5,0.101946115493774,8,1,0.1575192421807319,0.13199735791059683,0.15440879131330384,0.0303321168904639,0.09911047902463099,0.17908906500065447
18,OnlineFPCA-sgd,0.1,13900,100,face,3,5,0.0965228080749512,8,1,0.09422017120074287,0.11658721124460537,0.149380909829214,0.03033895667036319,0.09855084065897705,0.17840442756318575
18,OnlineFPCA-sgd,0.1,14000,100,face,3,5,0.0977890491485596,8,1,0.11257649278533274,0.17204076316325473,0.16638075313834538,0.030605460556182268,0.09853789484579309,0.17790405454525712
18,OnlineFPCA-sgd,0.1,14100,100,face,3,5,0.098813533782959,8,1,0.10950242623124422,0.09765983659483478,0.1619539611556612,0.030157721073201988,0.09838195886535513,0.17743255650598247
18,OnlineFPCA-sgd,0.1,14200,100,face,3,5,0.0992121696472168,8,1,0.17132704526355524,0.12206065044826683,0.13748190654209289,0.030274407854770587,0.09821332495209743,0.17682279800276973
18,OnlineFPCA-sgd,0.1,14300,100,face,3,5,0.10183048248291,8,1,0.09740725810967156,0.08648330000440817,0.15739406276300913,0.030535896502259754,0.09793295060679222,0.17635195354815153
18,OnlineFPCA-sgd,0.1,14400,100,face,3,5,0.0966169834136963,8,1,0.08049784377580635,0.10590089274160548,0.14539998441366309,0.030578665806587527,0.09747588714378683,0.1759331381187915
18,OnlineFPCA-sgd,0.1,14500,100,face,3,5,0.103686332702637,8,1,0.23372579508048366,0.12985608338823848,0.1688189783804125,0.030198194453292054,0.09702403937728013,0.175736602529584
18,OnlineFPCA-sgd,0.1,14600,100,face,3,5,0.104014873504639,8,1,0.1678592104324497,0.1500979412097402,0.17970265340219654,0.03033615894810933,0.09670705397657363,0.17555621311233008
18,OnlineFPCA-sgd,0.1,14700,100,face,3,5,0.097386360168457,8,1,0.11893888092547922,0.1339205517547466,0.1677779060826931,0.030541399062370148,0.09649031602634592,0.17525058375872318
18,OnlineFPCA-sgd,0.1,14800,100,face,3,5,0.102946043014526,8,1,0.12770271530114202,0.10397039515603818,0.20241954783538132,0.03046623587286771,0.09623590516708032,0.17520911954452348
18,OnlineFPCA-sgd,0.1,14900,100,face,3,5,0.0974178314208984,8,1,0.07901885543015771,0.13548218145060362,0.18151496281469504,0.03082509496378835,0.09601168872729425,0.1753736266342365
18,OnlineFPCA-sgd,0.1,15000,100,face,3,5,0.102494716644287,8,1,0.11379031000995292,0.12559903383726242,0.19439428900738293,0.031074106706816006,0.09577382248887328,0.17522065016546867
18,OnlineFPCA-sgd,0.1,0,100,face,3,5,6.35740375518799,8,2,0.10957338018728638,1.99867369630776,1.970310309550978,0.10957338018728638,1.99867369630776,1.970310309550978
18,OnlineFPCA-sgd,0.1,100,100,face,3,5,0.458004474639893,8,2,0.8776895163858044,1.0746665687157821,0.6615657871800983,NA,NA,NA
18,OnlineFPCA-sgd,0.1,200,100,face,3,5,0.459156513214111,8,2,0.8189150498693145,0.7555361645626808,0.6397180922693944,NA,NA,NA
18,OnlineFPCA-sgd,0.1,300,100,face,3,5,0.462619543075562,8,2,0.8687146122488173,1.227533571458772,0.7628663245026897,NA,NA,NA
18,OnlineFPCA-sgd,0.1,400,100,face,3,5,0.597716093063354,8,2,0.9023601590391396,1.0950392504817985,0.7895381082840209,NA,NA,NA
18,OnlineFPCA-sgd,0.1,500,100,face,3,5,0.452295541763306,8,2,0.6861638343488735,0.6164039789122899,0.7270010366891333,NA,NA,NA
18,OnlineFPCA-sgd,0.1,600,100,face,3,5,0.455158710479736,8,2,0.9179745457357366,0.8558060279935168,0.9587128652945308,NA,NA,NA
18,OnlineFPCA-sgd,0.1,700,100,face,3,5,0.451339960098267,8,2,0.8546308189159301,0.8356721466157306,0.9534514414860841,NA,NA,NA
18,OnlineFPCA-sgd,0.1,800,100,face,3,5,0.448058128356934,8,2,0.731317438737438,0.8210405406791471,0.9521818236686699,NA,NA,NA
18,OnlineFPCA-sgd,0.1,900,100,face,3,5,0.445899486541748,8,2,0.6409803463526597,0.8028676333975313,0.9491732214624046,NA,NA,NA
18,OnlineFPCA-sgd,0.1,1000,100,face,3,5,0.454972743988037,8,2,0.5384365713094338,0.7833330859720541,0.9435611971598393,NA,NA,NA
18,OnlineFPCA-sgd,0.1,1100,100,face,3,5,0.648703336715698,8,2,0.12414158854463155,0.5038793103382383,0.7988994586795723,0.21477811212144435,0.6026371491050994,0.8784692420900669
18,OnlineFPCA-sgd,0.1,1200,100,face,3,5,0.640687227249146,8,2,0.12414468569033414,0.48088633222980587,0.5974419959412024,0.15735244006782295,0.5239427217552322,0.7985721786017694
18,OnlineFPCA-sgd,0.1,1300,100,face,3,5,0.639983415603638,8,2,0.184147659113082,0.46873741911803063,0.5118860810043824,0.13250975639724716,0.5028421138689595,0.7121345531073552
18,OnlineFPCA-sgd,0.1,1400,100,face,3,5,0.652158260345459,8,2,0.1192289642238883,0.4555186714191205,0.5218317797824478,0.14058388504557437,0.4844779428416379,0.6428167764729937
18,OnlineFPCA-sgd,0.1,1500,100,face,3,5,0.649953365325928,8,2,0.2946428643045864,0.5656037746792234,0.525572049066162,0.12119304717162331,0.4726567690506221,0.6030926399802946
18,OnlineFPCA-sgd,0.1,1600,100,face,3,5,0.663180112838745,8,2,0.08908801128914462,0.454889118774951,0.4891534546391263,0.09672794865056533,0.45558237689306696,0.5680770141058393
18,OnlineFPCA-sgd,0.1,1700,100,face,3,5,0.647467851638794,8,2,0.10211376418579104,0.44161757527191925,0.46938745086357536,0.08880538644502213,0.44981005632079296,0.5479813966892362
18,OnlineFPCA-sgd,0.1,1800,100,face,3,5,0.653562307357788,8,2,0.10448301514328746,0.43439774585767954,0.47301298666092323,0.08492713270619778,0.4465562927190392,0.533988541138999
18,OnlineFPCA-sgd,0.1,1900,100,face,3,5,0.64951229095459,8,2,0.09308767225340481,0.43143447002870394,0.4690554433216194,0.07651911309922696,0.44325315785654645,0.523186353324176
18,OnlineFPCA-sgd,0.1,2000,100,face,3,5,0.653086185455322,8,2,0.10860325011756582,0.43114166634803436,0.4691519395048316,0.0704940914853967,0.44045742603328,0.5157282587212261
18,OnlineFPCA-sgd,0.1,2100,100,face,3,5,0.641717672348022,8,2,0.15261489951776103,0.3979947479257075,0.42808212250496613,0.06404055502668012,0.4371691448102192,0.5091999525121785
18,OnlineFPCA-sgd,0.1,2200,100,face,3,5,0.791465997695923,8,2,0.24100365307949434,0.39360515079977293,0.4386243796904437,0.060650948016450476,0.43292934630426766,0.5022513433245198
18,OnlineFPCA-sgd,0.1,2300,100,face,3,5,0.637825727462769,8,2,0.04597115896733551,0.3700017952519331,0.4133260441119166,0.05685976126744128,0.42767122101864913,0.4974306642177813
18,OnlineFPCA-sgd,0.1,2400,100,face,3,5,0.634908437728882,8,2,0.2213886593112255,0.3508875755353273,0.42175912091333934,0.05470662479928724,0.42226355794021375,0.49163409517586104
18,OnlineFPCA-sgd,0.1,2500,100,face,3,5,0.641704797744751,8,2,0.2440483208028565,0.3634460036817512,0.39971919007738926,0.054177527625186225,0.41706872039211434,0.4832668939939714
18,OnlineFPCA-sgd,0.1,2600,100,face,3,5,0.635594367980957,8,2,0.2429150014894467,0.35087386862369935,0.34053238859126567,0.045801703426200775,0.4112717111360762,0.474634322033271
18,OnlineFPCA-sgd,0.1,2700,100,face,3,5,0.636713981628418,8,2,0.2119268045850485,0.31305734783995737,0.3482187868974878,0.043883636351220924,0.40542043229229646,0.46503516048395316
18,OnlineFPCA-sgd,0.1,2800,100,face,3,5,0.646502017974854,8,2,0.16107080395891443,0.31033720196489045,0.3781519657183174,0.044816108290434566,0.3996981231619326,0.4593348446056977
18,OnlineFPCA-sgd,0.1,2900,100,face,3,5,0.635039567947388,8,2,0.1250714242472834,0.35364782439092074,0.357877948857915,0.04217132032978791,0.3945327559684429,0.45293560233967256
18,OnlineFPCA-sgd,0.1,3000,100,face,3,5,0.636634826660156,8,2,0.19406700761143336,0.3296028986320179,0.35844671840689163,0.037243223998889755,0.38992348194441995,0.4470775574658356
18,OnlineFPCA-sgd,0.1,3100,100,face,3,5,0.622087240219116,8,2,0.1500294708808869,0.3179579452125942,0.32300096349570995,0.03569970530467216,0.3851602171805125,0.4415538504313756
18,OnlineFPCA-sgd,0.1,3200,100,face,3,5,0.629403591156006,8,2,0.2653524255692359,0.3026753515196377,0.35870269463346716,0.03591175151096569,0.38052384745010703,0.4362397581495249
18,OnlineFPCA-sgd,0.1,3300,100,face,3,5,0.63422417640686,8,2,0.21515917856868277,0.3983072202951923,0.32544257576846713,0.034646866758691774,0.3763710313918668,0.4309445822338296
18,OnlineFPCA-sgd,0.1,3400,100,face,3,5,0.630600929260254,8,2,0.17447706783714476,0.2723692050884912,0.3533251290580144,0.03497917923860435,0.3718214678632775,0.42699235054541984
18,OnlineFPCA-sgd,0.1,3500,100,face,3,5,0.634867668151855,8,2,0.16474489503323753,0.2496919263173171,0.3366071794377489,0.03391669618320828,0.36721357282245626,0.4225704887360463
18,OnlineFPCA-sgd,0.1,3600,100,face,3,5,0.632141351699829,8,2,0.04603967240980057,0.2628632690273732,0.2967422495361986,0.03164099020806614,0.3617727973073063,0.4182546113110005
18,OnlineFPCA-sgd,0.1,3700,100,face,3,5,0.633951663970947,8,2,0.12477810896488697,0.21951022484908178,0.2888076551022603,0.03142235113846938,0.35598751108173604,0.4128944808485807
18,OnlineFPCA-sgd,0.1,3800,100,face,3,5,0.624483823776245,8,2,0.1738472346694498,0.23237781490227108,0.23159267035905517,0.029306201027982294,0.3499963274714373,0.40596284775463465
18,OnlineFPCA-sgd,0.1,3900,100,face,3,5,0.769403457641602,8,2,0.11588220929694582,0.20999662369494151,0.2505072188140955,0.027731897114963162,0.34441391381854963,0.3981133453385087
18,OnlineFPCA-sgd,0.1,4000,100,face,3,5,0.623426675796509,8,2,0.02786958106569814,0.33741105020430096,0.3900868440863743,0.02786958106569814,0.33741105020430096,0.3900868440863743
18,OnlineFPCA-sgd,0.1,4100,100,face,3,5,0.622245788574219,8,2,0.1619959548064245,0.32823039840851653,0.34329260226658626,0.06133056189786494,0.33007862364081336,0.37067448844223944
18,OnlineFPCA-sgd,0.1,4200,100,face,3,5,0.625273942947388,8,2,0.2568252598364436,0.3089328080005522,0.31906633081397506,0.05945725992916127,0.3225321038061057,0.3534203419290869
18,OnlineFPCA-sgd,0.1,4300,100,face,3,5,0.625538110733032,8,2,0.07938630362247244,0.291608612860449,0.34972127739118813,0.05719213605941494,0.3117143399522027,0.34185393484946736
18,OnlineFPCA-sgd,0.1,4400,100,face,3,5,0.62896990776062,8,2,0.1596699087522568,0.29634517922420334,0.3611391271246771,0.04777353185181566,0.3039788099450683,0.34273396679404877
18,OnlineFPCA-sgd,0.1,4500,100,face,3,5,0.63619589805603,8,2,0.3229981969849392,0.31189481748099634,0.35785161811240507,0.03999054425707506,0.29869956945957754,0.3461423062550221
18,OnlineFPCA-sgd,0.1,4600,100,face,3,5,0.634356021881104,8,2,0.22064215123740086,0.29956206791871326,0.33482423860713423,0.0548055286670645,0.2915061597312182,0.34280280083798437
18,OnlineFPCA-sgd,0.1,4700,100,face,3,5,0.630501747131348,8,2,0.15880378341669338,0.3057759370726831,0.3026266652271781,0.060337317550750426,0.2842493882449095,0.3382965782806004
18,OnlineFPCA-sgd,0.1,4800,100,face,3,5,0.635594367980957,8,2,0.1298667878948213,0.2731877648507765,0.35090918141414634,0.06460721136475499,0.27961947309224044,0.3370562933642968
18,OnlineFPCA-sgd,0.1,4900,100,face,3,5,0.629924297332764,8,2,0.11778591817451455,0.2768313255036431,0.3026765247959894,0.06139528809881039,0.2738803333463806,0.33618155085097795
18,OnlineFPCA-sgd,0.1,5000,100,face,3,5,0.645886182785034,8,2,0.17589888287770042,0.20436413165555117,0.3125634086873556,0.05796386770727094,0.2658303624367561,0.3304248128325165
18,OnlineFPCA-sgd,0.1,5100,100,face,3,5,0.103328227996826,8,2,0.10814843667668217,0.20714187587483712,0.2528930752472299,0.053064690648989866,0.25854206197274454,0.32302960033809625
18,OnlineFPCA-sgd,0.1,5200,100,face,3,5,0.0973007678985596,8,2,0.17204322335147001,0.1923781091819004,0.26189054311512633,0.048839748529234055,0.2506880569074316,0.31356516531284984
18,OnlineFPCA-sgd,0.1,5300,100,face,3,5,0.10336446762085,8,2,0.12420877793578143,0.21284743396888292,0.21370912314177373,0.046707310415948514,0.243818756034607,0.30639773573562673
18,OnlineFPCA-sgd,0.1,5400,100,face,3,5,0.0984725952148438,8,2,0.11991152723923984,0.13431923071665086,0.21282781196379585,0.04388491453663901,0.23699632107300594,0.2998572438559908
18,OnlineFPCA-sgd,0.1,5500,100,face,3,5,0.0990655422210693,8,2,0.12854437628768223,0.17123792045705236,0.2203398255405228,0.042936102428383326,0.23040970296903918,0.2938605094149935
18,OnlineFPCA-sgd,0.1,5600,100,face,3,5,0.0995886325836182,8,2,0.18277044919142998,0.1804278266870538,0.23170037760155465,0.04421025355899484,0.22480871461305627,0.2879860162019082
18,OnlineFPCA-sgd,0.1,5700,100,face,3,5,0.0962798595428467,8,2,0.12480998957555582,0.15212231182660976,0.24663865683220365,0.04188058515152442,0.21932261297704633,0.2830923219408295
18,OnlineFPCA-sgd,0.1,5800,100,face,3,5,0.100948333740234,8,2,0.09334004383152965,0.16420859046757152,0.2579444256179981,0.04081203685193867,0.2144652018866252,0.28054853128580354
18,OnlineFPCA-sgd,0.1,5900,100,face,3,5,0.0992879867553711,8,2,0.1797308308048463,0.2344932134580367,0.2603606901827383,0.03507131346581149,0.20966058845606422,0.27795430771651636
18,OnlineFPCA-sgd,0.1,6000,100,face,3,5,0.0968484878540039,8,2,0.12545579798110731,0.21511621173532858,0.24692653542647272,0.030862623163266958,0.205902926153424,0.2753826302503031
18,OnlineFPCA-sgd,0.1,6100,100,face,3,5,0.101746559143066,8,2,0.1317416865153731,0.18408772626563766,0.29453921944781797,0.03088461823020246,0.20315327437279773,0.274517695692257
18,OnlineFPCA-sgd,0.1,6200,100,face,3,5,0.0968489646911621,8,2,0.12002834610752003,0.15974666596689177,0.22936552691100776,0.031648998231574535,0.20052969103619372,0.27420617748579196
18,OnlineFPCA-sgd,0.1,6300,100,face,3,5,0.101895093917847,8,2,0.17889446971539016,0.1921416960306666,0.24561098070806892,0.03283298462299926,0.19671020511417234,0.27087634651866244
18,OnlineFPCA-sgd,0.1,6400,100,face,3,5,0.10014009475708,8,2,0.21279582079553888,0.15335418548323512,0.2534527791465865,0.03569625501955495,0.19252703861121795,0.26535164445768145
18,OnlineFPCA-sgd,0.1,6500,100,face,3,5,0.0994470119476318,8,2,0.14430598464778066,0.20650605933611163,0.21146617128566803,0.037331356750794326,0.18969503784478242,0.2622073297480531
18,OnlineFPCA-sgd,0.1,6600,100,face,3,5,0.0999763011932373,8,2,0.11900314370606785,0.19667706407476154,0.2348722237826989,0.03757482189348486,0.18721032635738152,0.26018136425813293
18,OnlineFPCA-sgd,0.1,6700,100,face,3,5,0.0970020294189453,8,2,0.11766139531024963,0.17039354976065704,0.22122381858565,0.036737180341631925,0.1848150376493966,0.258127599349357
18,OnlineFPCA-sgd,0.1,6800,100,face,3,5,0.0981905460357666,8,2,0.17446667541554928,0.15402664577525066,0.22688229778832117,0.037253175245437205,0.18161339225539921,0.25620381000613557
18,OnlineFPCA-sgd,0.1,6900,100,face,3,5,0.0978500843048096,8,2,0.20989086156779552,0.0922607605945813,0.2726170913755645,0.036794906613775706,0.1779960514974123,0.2543122262158613
18,OnlineFPCA-sgd,0.1,7000,100,face,3,5,0.0981669425964355,8,2,0.1532850384437048,0.09983806662696297,0.3085467307663199,0.03565953314198101,0.1749326840966943,0.25426108200725644
18,OnlineFPCA-sgd,0.1,7100,100,face,3,5,0.100778102874756,8,2,0.16687363371960912,0.1017389081735614,0.2632948386055521,0.034057005004879334,0.17134890352194385,0.2542426602090856
18,OnlineFPCA-sgd,0.1,7200,100,face,3,5,0.0961358547210693,8,2,0.2273694425973523,0.14636394982083437,0.28323380818878086,0.03359208063066485,0.16763599567625836,0.2536197547388134
18,OnlineFPCA-sgd,0.1,7300,100,face,3,5,0.102228403091431,8,2,0.060607709173699106,0.10340532381649226,0.30033083891586987,0.034924294938587716,0.16386791865467945,0.253476465059613
18,OnlineFPCA-sgd,0.1,7400,100,face,3,5,0.101154804229736,8,2,0.14922459965792656,0.149434654099189,0.3009413182163361,0.03511952490301767,0.15950982999293134,0.25326068634206234
18,OnlineFPCA-sgd,0.1,7500,100,face,3,5,0.0965316295623779,8,2,0.14949768827444238,0.0731826655088429,0.27227418191206065,0.03367359566749099,0.15543447833555904,0.2520272763575781
18,OnlineFPCA-sgd,0.1,7600,100,face,3,5,0.102091073989868,8,2,0.23764621186480828,0.11645859017472934,0.2150637942750952,0.030632208708001114,0.15177950931338222,0.2503662844273804
18,OnlineFPCA-sgd,0.1,7700,100,face,3,5,0.101710557937622,8,2,0.2176024934656955,0.10889015629125735,0.22177992104085797,0.027865132866497694,0.1480412267472481,0.2474068952927498
18,OnlineFPCA-sgd,0.1,7800,100,face,3,5,0.0964503288269043,8,2,0.15320188549578775,0.14959747915156013,0.20204482415532377,0.029624716759566898,0.144387417570112,0.2453860513447996
18,OnlineFPCA-sgd,0.1,7900,100,face,3,5,0.103107929229736,8,2,0.17442793941456974,0.21840542708042454,0.19533999460341137,0.03041298192230281,0.1411897413301317,0.24249415819036269
18,OnlineFPCA-sgd,0.1,8000,100,face,3,5,0.0969681739807129,8,2,0.1299056755037589,0.2189353345133662,0.1773112142171115,0.029391694927790032,0.1381343696563667,0.23891327608172253
18,OnlineFPCA-sgd,0.1,8100,100,face,3,5,0.0998761653900146,8,2,0.1689811914742587,0.1387284102596958,0.14754664975592305,0.03062598260065294,0.13536656379397413,0.23472440817962462
18,OnlineFPCA-sgd,0.1,8200,100,face,3,5,0.0985500812530518,8,2,0.253475029709346,0.11202148277861748,0.1574008222918214,0.03156385763548286,0.13278905097942031,0.23048527220671408
18,OnlineFPCA-sgd,0.1,8300,100,face,3,5,0.0959973335266113,8,2,0.19382244101452273,0.21078446701661413,0.17609236200014386,0.03100365727979585,0.13051920505257353,0.22678146919756967
18,OnlineFPCA-sgd,0.1,8400,100,face,3,5,0.104876518249512,8,2,0.1916060537478158,0.1368164667484375,0.17933268811784706,0.031704641279806337,0.12849598100641108,0.22415619185615254
18,OnlineFPCA-sgd,0.1,8500,100,face,3,5,0.100796699523926,8,2,0.09233731728143364,0.09414426803813973,0.171771755159219,0.03198373816875136,0.12676296029632655,0.2217458408515543
18,OnlineFPCA-sgd,0.1,8600,100,face,3,5,0.100027799606323,8,2,0.04362430993345756,0.11079441461583132,0.1595133314153686,0.030748065313465467,0.12471338554477052,0.21989974144188226
18,OnlineFPCA-sgd,0.1,8700,100,face,3,5,0.100645780563354,8,2,0.09740851511465919,0.06452168003952215,0.15332698604479258,0.031015326976292997,0.12249613173830241,0.2178364599285949
18,OnlineFPCA-sgd,0.1,8800,100,face,3,5,0.100094079971313,8,2,0.1645101431535331,0.13491754245432686,0.12877510653745694,0.030878283563964656,0.11997918175821072,0.2150863135414278
18,OnlineFPCA-sgd,0.1,8900,100,face,3,5,0.101178169250488,8,2,0.10331437953781056,0.11294222438118605,0.13194176554481155,0.03071244780336991,0.11781822121099947,0.21183501727169593
18,OnlineFPCA-sgd,0.1,9000,100,face,3,5,0.100539445877075,8,2,0.12481020142218086,0.17807876824959648,0.14817084352000856,0.03125520045540295,0.1152226770486428,0.20867758461187735
18,OnlineFPCA-sgd,0.1,9100,100,face,3,5,0.0999820232391357,8,2,0.1274132635532098,0.08304485340856248,0.15337830278363943,0.030126651071594308,0.11273127870053982,0.20581077798981126
18,OnlineFPCA-sgd,0.1,9200,100,face,3,5,0.102340221405029,8,2,0.20103745947442275,0.10896264794833103,0.10712511977690202,0.030488998448897076,0.11025732908571788,0.20257999740384275
18,OnlineFPCA-sgd,0.1,9300,100,face,3,5,0.100688457489014,8,2,0.09374168291132143,0.05622044583781787,0.14880956976672527,0.030880911214617484,0.10755878726179535,0.19978785928166484
18,OnlineFPCA-sgd,0.1,9400,100,face,3,5,0.0998952388763428,8,2,0.11007327447102579,0.1024271686761384,0.1441154075326273,0.0308475066109597,0.10514275502961073,0.19782067967519537
18,OnlineFPCA-sgd,0.1,9500,100,face,3,5,0.0989758968353271,8,2,0.26808453452680064,0.13766803605455866,0.17307873578470073,0.03003912212004831,0.10269135906537245,0.19649060641264127
18,OnlineFPCA-sgd,0.1,9600,100,face,3,5,0.106222867965698,8,2,0.18356162708255547,0.1586775912647246,0.18379905117477804,0.030370464236107154,0.10008803169723667,0.19491281663265514
18,OnlineFPCA-sgd,0.1,9700,100,face,3,5,0.101572751998901,8,2,0.1315779626103114,0.1387185892753031,0.16417706656183206,0.03095800583261601,0.0979023620552334,0.19330883955444025
18,OnlineFPCA-sgd,0.1,9800,100,face,3,5,0.0985875129699707,8,2,0.13147471125088478,0.09908146333916121,0.21164898085155404,0.030845485344916598,0.09581935989342874,0.19230486520631715
18,OnlineFPCA-sgd,0.1,9900,100,face,3,5,0.102233171463013,8,2,0.08564727567885883,0.140794719119331,0.1818571564846949,0.03156672331936404,0.09400019333940544,0.19164691595520342
18,OnlineFPCA-sgd,0.1,10000,100,face,3,5,0.105102300643921,8,2,0.1326403888404921,0.12050027831678502,0.19873700209929585,0.032002657532393,0.09215207278386602,0.1904209832938413
18,OnlineFPCA-sgd,0.1,10100,100,face,3,5,0.0993390083312988,8,2,0.10336791113101836,0.1004295046197282,0.15375119975860624,0.03222380373593329,0.09043551470940556,0.18892326157774955
18,OnlineFPCA-sgd,0.1,10200,100,face,3,5,0.10232138633728,8,2,0.11797088805240397,0.0802631010417599,0.17930118737428252,0.031682209883035,0.08836068008335769,0.18692864273325657
18,OnlineFPCA-sgd,0.1,10300,100,face,3,5,0.105075359344482,8,2,0.1020164604785074,0.1261434701348674,0.14828893680851243,0.03122258678765769,0.08611466445314278,0.18532382302816172
18,OnlineFPCA-sgd,0.1,10400,100,face,3,5,0.0997083187103271,8,2,0.12287144518068814,0.06592676104107091,0.1588939589872049,0.030211714206523556,0.08369398311802445,0.18396619583900362
18,OnlineFPCA-sgd,0.1,10500,100,face,3,5,0.105750560760498,8,2,0.12287867856164383,0.09083227522109613,0.15993661913050042,0.02962807778652223,0.08160108132706552,0.1827929655182035
18,OnlineFPCA-sgd,0.1,10600,100,face,3,5,0.100433826446533,8,2,0.15577382768323275,0.09856775365781331,0.16634670353640782,0.029680043466868884,0.07962208144370894,0.18157252813848232
18,OnlineFPCA-sgd,0.1,10700,100,face,3,5,0.104858160018921,8,2,0.11819187343161315,0.07030364395015574,0.17794376233806866,0.0293695120120402,0.0776867948835366,0.1804660142480453
18,OnlineFPCA-sgd,0.1,10800,100,face,3,5,0.104004621505737,8,2,0.08856526017568656,0.09684761037305029,0.17565696849498164,0.028958125233500245,0.07600961022287016,0.17995648761675676
18,OnlineFPCA-sgd,0.1,10900,100,face,3,5,0.098811149597168,8,2,0.13346924716163225,0.16068319624184368,0.1747314375336502,0.028672742987816406,0.0745431760540731,0.1793711308126644
18,OnlineFPCA-sgd,0.1,11000,100,face,3,5,0.101776123046875,8,2,0.10326608162133954,0.13184480046852207,0.16603546028532953,0.028369930474080762,0.07343302742699721,0.17875715873647827
18,OnlineFPCA-sgd,0.1,11100,100,face,3,5,0.102818012237549,8,2,0.12345694441194008,0.11757165230486404,0.2066302739697612,0.029255409474505487,0.07245413079483298,0.17861342930325813
18,OnlineFPCA-sgd,0.1,11200,100,face,3,5,0.100408792495728,8,2,0.11862573285387233,0.08260786195567346,0.1554118164605887,0.029880785091453317,0.07142104591142528,0.17867939192627694
18,OnlineFPCA-sgd,0.1,11300,100,face,3,5,0.100826740264893,8,2,0.15344534305301152,0.1211872258503508,0.17874074972487405,0.03025482722901909,0.07018517994886317,0.1779653460032552
18,OnlineFPCA-sgd,0.1,11400,100,face,3,5,0.097693920135498,8,2,0.19228418539543474,0.07072967967167682,0.1856712714514921,0.030559134234825296,0.06894209363128707,0.17667634066554896
18,OnlineFPCA-sgd,0.1,11500,100,face,3,5,0.103650808334351,8,2,0.12076722060559357,0.14957792673993806,0.1549042675562556,0.031217875265781823,0.06805542537134492,0.1759278754200837
18,OnlineFPCA-sgd,0.1,11600,100,face,3,5,0.102297067642212,8,2,0.08182005009307763,0.13773598822257324,0.18956732274040486,0.03146150797827173,0.06736272915494748,0.1755640166291831
18,OnlineFPCA-sgd,0.1,11700,100,face,3,5,0.101219415664673,8,2,0.09070768707424265,0.11589042116192426,0.17820105694182758,0.031085500320445443,0.06645950960717291,0.17525483333316366
18,OnlineFPCA-sgd,0.1,11800,100,face,3,5,0.10516357421875,8,2,0.14507021432525402,0.10646307119070905,0.18674364171676763,0.03105570616940203,0.06526112868210941,0.1749397303724465
18,OnlineFPCA-sgd,0.1,11900,100,face,3,5,0.0988779067993164,8,2,0.16832990613160959,0.06496191766531387,0.22881451717217208,0.031123527544361547,0.06398968339960656,0.17475825795143834
18,OnlineFPCA-sgd,0.1,12000,100,face,3,5,0.100982189178467,8,2,0.12499509965087109,0.07161389417567089,0.26503050450070753,0.03093776959030174,0.06306477914459785,0.1752942873690344
18,OnlineFPCA-sgd,0.1,12100,100,face,3,5,0.102419137954712,8,2,0.1421766767760091,0.06518869211003281,0.23294240021347812,0.030285414583272892,0.06183809395495749,0.17593804988975495
18,OnlineFPCA-sgd,0.1,12200,100,face,3,5,0.102683544158936,8,2,0.18083465322731024,0.10403734299488085,0.24644621660774665,0.02997068946469349,0.06043549819489832,0.17632620346276337
18,OnlineFPCA-sgd,0.1,12300,100,face,3,5,0.104774236679077,8,2,0.04969859472271722,0.08388361736044667,0.26285525603435805,0.030444720750535188,0.059026352393802696,0.17684140822623984
18,OnlineFPCA-sgd,0.1,12400,100,face,3,5,0.100549221038818,8,2,0.1268241565256637,0.15301281723190305,0.26574868023713505,0.030447837770522495,0.05758396040359891,0.1773531121776373
18,OnlineFPCA-sgd,0.1,12500,100,face,3,5,0.100330114364624,8,2,0.12063182925846881,0.08709858827100009,0.24650648178570406,0.029912504042601252,0.05607544827808933,0.17752741220729393
18,OnlineFPCA-sgd,0.1,12600,100,face,3,5,0.10395359992981,8,2,0.2133760984592511,0.11232632158067261,0.1987161535506917,0.028857320939282,0.05484281559896155,0.1775128552692598
18,OnlineFPCA-sgd,0.1,12700,100,face,3,5,0.0982799530029297,8,2,0.18376282139020866,0.12717116134680567,0.2134333423606618,0.02762431795887062,0.0536961973289466,0.1770314632595211
18,OnlineFPCA-sgd,0.1,12800,100,face,3,5,0.101544380187988,8,2,0.14563556594812796,0.15324279795956275,0.20051079393480353,0.02810127353008938,0.05272083173790247,0.17685851044126466
18,OnlineFPCA-sgd,0.1,12900,100,face,3,5,0.108816385269165,8,2,0.1691490319108042,0.21020274456487775,0.1887598164187225,0.02875693372089289,0.05190584051808649,0.176329029826078
18,OnlineFPCA-sgd,0.1,13000,100,face,3,5,0.0984463691711426,8,2,0.10664716883294462,0.2112990663060479,0.16728503846681994,0.028638735241259056,0.05123854922188563,0.17547697440218332
18,OnlineFPCA-sgd,0.1,13100,100,face,3,5,0.103384256362915,8,2,0.15757976873457102,0.13979843723654894,0.1315193337754839,0.029264882884689373,0.050531717640156404,0.17431893412908595
18,OnlineFPCA-sgd,0.1,13200,100,face,3,5,0.0974371433258057,8,2,0.2270398988712729,0.1144649983979942,0.1480056781474285,0.029629992948651138,0.049580689038187326,0.17301631922129318
18,OnlineFPCA-sgd,0.1,13300,100,face,3,5,0.103135347366333,8,2,0.16395433498455517,0.1546469883493807,0.17796481389584876,0.029639365931222825,0.04869230035613759,0.17192978479200025
18,OnlineFPCA-sgd,0.1,13400,100,face,3,5,0.101940155029297,8,2,0.18025097954132593,0.11453271776613624,0.1608338785390189,0.030051285283177208,0.048103160898233736,0.17109197188111716
18,OnlineFPCA-sgd,0.1,13500,100,face,3,5,0.0988998413085938,8,2,0.07009288083644641,0.08878164400086386,0.15708485801339148,0.030290639719220087,0.04767281050745028,0.17029224608351007
18,OnlineFPCA-sgd,0.1,13600,100,face,3,5,0.105288028717041,8,2,0.040060666466427836,0.09878213367016186,0.15745562896353058,0.029835164110218932,0.04708992593724878,0.16974660251933127
18,OnlineFPCA-sgd,0.1,13700,100,face,3,5,0.102565765380859,8,2,0.07615601323631534,0.06848981536279504,0.15152026083013256,0.02986115477109213,0.04631555900121426,0.1691385939415171
18,OnlineFPCA-sgd,0.1,13800,100,face,3,5,0.101992607116699,8,2,0.15734474445483707,0.12547576182296016,0.14840687914935677,0.02988368004922133,0.0452118669491447,0.16830886278233617
18,OnlineFPCA-sgd,0.1,13900,100,face,3,5,0.103558540344238,8,2,0.09364358399989815,0.1109247553608077,0.14369449334051557,0.02984915892123377,0.04422058695496933,0.16729832792927396
18,OnlineFPCA-sgd,0.1,14000,100,face,3,5,0.0990633964538574,8,2,0.11204998148981327,0.16652556844135338,0.16150312632044972,0.030133805669121657,0.043525889857661565,0.16636782277175471
18,OnlineFPCA-sgd,0.1,14100,100,face,3,5,0.102584600448608,8,2,0.10875992073520446,0.09062033992252459,0.15681786229839034,0.029690644395991637,0.04280221574702241,0.16553684912230382
18,OnlineFPCA-sgd,0.1,14200,100,face,3,5,0.101073980331421,8,2,0.17040702136155575,0.11581079401140497,0.13171471927543368,0.029813628853351787,0.04206016938916856,0.16454045111080737
18,OnlineFPCA-sgd,0.1,14300,100,face,3,5,0.100305318832397,8,2,0.0971088785605792,0.07934874470766336,0.1532112722473818,0.03006991564925281,0.04100727517747389,0.16369150657516254
18,OnlineFPCA-sgd,0.1,14400,100,face,3,5,0.102015495300293,8,2,0.07973867068258118,0.10089627287631525,0.14260704628880413,0.030114379003217083,0.03998739533164578,0.1630915777984358
18,OnlineFPCA-sgd,0.1,14500,100,face,3,5,0.100959300994873,8,2,0.23257253285002752,0.1247808861935121,0.16600295315657906,0.029738160022409314,0.03890124331023226,0.16276933875384417
18,OnlineFPCA-sgd,0.1,14600,100,face,3,5,0.101701259613037,8,2,0.1673404203864968,0.14513766853415608,0.17675363593846655,0.02985281000080069,0.037767905339876624,0.1623737077688447
18,OnlineFPCA-sgd,0.1,14700,100,face,3,5,0.102022171020508,8,2,0.11871193768692952,0.1296453664205833,0.16517533867850998,0.030079610373377304,0.03698642923304163,0.16191754366536232
18,OnlineFPCA-sgd,0.1,14800,100,face,3,5,0.10109806060791,8,2,0.12751497117572788,0.09946786006961195,0.20027812496021108,0.029997696454922756,0.03619949626815806,0.1617525666951837
18,OnlineFPCA-sgd,0.1,14900,100,face,3,5,0.100365877151489,8,2,0.07915924854380589,0.1314128925375174,0.17926489055236028,0.030358239542639002,0.03570033153304257,0.16178743295309753
18,OnlineFPCA-sgd,0.1,15000,100,face,3,5,0.101230621337891,8,2,0.1134139043294708,0.12053409309477792,0.1922418080513975,0.03059733920259662,0.03524850824134449,0.16152022324513277
18,OnlineFPCA-sgd,0.1,0,100,face,3,5,6.35740375518799,8,4,0.10957338018728638,1.99867369630776,1.970310309550978,0.10957338018728638,1.99867369630776,1.970310309550978
18,OnlineFPCA-sgd,0.1,100,100,face,3,5,0.464767217636108,8,4,1.1015492390288828,1.4473107538604766,1.3585705731950497,NA,NA,NA
18,OnlineFPCA-sgd,0.1,200,100,face,3,5,0.459886312484741,8,4,1.1103899465629874,1.321943919687533,0.974512192329332,NA,NA,NA
18,OnlineFPCA-sgd,0.1,300,100,face,3,5,0.469638109207153,8,4,0.6481775019709577,1.6233158479478185,1.5526420635444793,NA,NA,NA
18,OnlineFPCA-sgd,0.1,400,100,face,3,5,0.462446451187134,8,4,0.33404312027309047,0.8190966007298286,0.8607557371764019,NA,NA,NA
18,OnlineFPCA-sgd,0.1,500,100,face,3,5,0.460849761962891,8,4,0.4979444744305587,1.630132276614174,1.7767942218079942,NA,NA,NA
18,OnlineFPCA-sgd,0.1,600,100,face,3,5,0.46734094619751,8,4,0.6756322431122775,0.75299739718218,0.9205757349409476,NA,NA,NA
18,OnlineFPCA-sgd,0.1,700,100,face,3,5,0.468039512634277,8,4,0.6257007134169084,0.7508319113854995,0.8057571825237103,NA,NA,NA
18,OnlineFPCA-sgd,0.1,800,100,face,3,5,0.46454906463623,8,4,0.5392051214381224,0.6934995418741399,0.8029187680397484,NA,NA,NA
18,OnlineFPCA-sgd,0.1,900,100,face,3,5,0.468230724334717,8,4,0.41554093830886213,0.6654988368103747,0.8260269679205484,NA,NA,NA
18,OnlineFPCA-sgd,0.1,1000,100,face,3,5,0.460926532745361,8,4,0.3483236500022061,0.655383906196515,0.816450130019898,NA,NA,NA
18,OnlineFPCA-sgd,0.1,1100,100,face,3,5,0.644238948822021,8,4,0.5267851842411339,0.8044900922666514,0.8191660639272643,0.4257457440547467,0.7802797084730434,0.7894670559534992
18,OnlineFPCA-sgd,0.1,1200,100,face,3,5,0.64337682723999,8,4,0.34294566697581125,0.6340579414738472,0.6443337787323111,0.09086712602705845,0.6325947848517414,0.74771249056803335
18,OnlineFPCA-sgd,0.1,1300,100,face,3,5,0.652734279632568,8,4,0.20503760742660374,0.6242716979816305,0.6233051178396536,0.09329830461651968,0.6368552998293516,0.7163784829944061
18,OnlineFPCA-sgd,0.1,1400,100,face,3,5,0.651294946670532,8,4,0.16835620405331667,0.6299780863449106,0.6543567430293302,0.10600006424498656,0.6296873479886168,0.6828125859184555
18,OnlineFPCA-sgd,0.1,1500,100,face,3,5,0.663992166519165,8,4,0.2540041568292282,0.5632516132576084,0.5671721943763397,0.09997453927994199,0.594555442047588,0.6351088771124093
18,OnlineFPCA-sgd,0.1,1600,100,face,3,5,0.652656316757202,8,4,0.11518621774834381,0.5547384811848773,0.5761389528562423,0.09881681848624799,0.5820427027405557,0.6158110214128516
18,OnlineFPCA-sgd,0.1,1700,100,face,3,5,0.656148910522461,8,4,0.10819535472473835,0.5478992575078588,0.5681544775250159,0.09703649687638065,0.5749659507048209,0.6054437744418316
18,OnlineFPCA-sgd,0.1,1800,100,face,3,5,0.644766330718994,8,4,0.10936889701418367,0.5434391886533119,0.5712788363362394,0.09632544976761118,0.5700752376448143,0.5987135014048166
18,OnlineFPCA-sgd,0.1,1900,100,face,3,5,0.651180267333984,8,4,0.10050740912419302,0.54180625823935,0.5688665150301512,0.09370171812463797,0.56636402056682,0.5936880582228793
18,OnlineFPCA-sgd,0.1,2000,100,face,3,5,0.652334213256836,8,4,0.07061845658155821,0.544362788962867,0.5643562588134885,0.09028137168984406,0.5634901740563139,0.5899303289634701
18,OnlineFPCA-sgd,0.1,2100,100,face,3,5,0.651378154754639,8,4,0.11911197808540944,0.5189888174402801,0.5327498751704778,0.08434832318778145,0.5603496807565005,0.5865087583818115
18,OnlineFPCA-sgd,0.1,2200,100,face,3,5,0.643159627914429,8,4,0.24509345999767426,0.519420911828347,0.5464038680368614,0.0809607024206245,0.5562489643620073,0.5824835436014718
18,OnlineFPCA-sgd,0.1,2300,100,face,3,5,0.64903450012207,8,4,0.04848372122918529,0.5103207378791645,0.532016799381324,0.07742182027076261,0.5518279035282774,0.5796584398384709
18,OnlineFPCA-sgd,0.1,2400,100,face,3,5,0.645128488540649,8,4,0.2124799646612244,0.49944160355328143,0.5530563902111675,0.07300361561852965,0.5472901957301284,0.5766005373788965
18,OnlineFPCA-sgd,0.1,2500,100,face,3,5,0.644919872283936,8,4,0.23048972193494646,0.4964422442154352,0.5132376231140855,0.07282842474912632,0.543437232575731,0.5716828974582808
18,OnlineFPCA-sgd,0.1,2600,100,face,3,5,0.647153377532959,8,4,0.2530441454909281,0.48775659118162634,0.47607525368757647,0.06597694360259058,0.5393045479371156,0.5663379281332859
18,OnlineFPCA-sgd,0.1,2700,100,face,3,5,0.637003660202026,8,4,0.22265964207253872,0.4635743452348252,0.48296689502095597,0.06263890378085481,0.5349180238365657,0.5599520240754362
18,OnlineFPCA-sgd,0.1,2800,100,face,3,5,0.636561632156372,8,4,0.1526940521026533,0.45729461633312657,0.4865563395246562,0.06192385731904329,0.5299822824267542,0.5553204920599141
18,OnlineFPCA-sgd,0.1,2900,100,face,3,5,0.636842012405396,8,4,0.12520343849110951,0.49548613158195803,0.4767588228218913,0.057444143612149355,0.5255342103749846,0.5502421798607212
18,OnlineFPCA-sgd,0.1,3000,100,face,3,5,0.640395402908325,8,4,0.2058545971946467,0.4775715302456834,0.4768224776821098,0.05268395417345027,0.5212528927376986,0.5453498957970767
18,OnlineFPCA-sgd,0.1,3100,100,face,3,5,0.665731906890869,8,4,0.1732558659957258,0.45812807306214814,0.45282928882903484,0.05285817511178903,0.5171181280562781,0.5399541136492791
18,OnlineFPCA-sgd,0.1,3200,100,face,3,5,0.645882129669189,8,4,0.2878635396229625,0.45875534267869433,0.4685278711303329,0.055024962334413126,0.5135611511370537,0.5354463177571601
18,OnlineFPCA-sgd,0.1,3300,100,face,3,5,0.639146089553833,8,4,0.23419719311141454,0.5377148180946604,0.4476610884037404,0.05306141175520138,0.5107129537207155,0.5313049012177101
18,OnlineFPCA-sgd,0.1,3400,100,face,3,5,0.638350963592529,8,4,0.19616913785118653,0.41454684208723175,0.4668496570193203,0.05231049107100954,0.5068150264806605,0.528383919361609
18,OnlineFPCA-sgd,0.1,3500,100,face,3,5,0.629751205444336,8,4,0.1663663653769915,0.3932187421653897,0.44187160491893673,0.051841492710469346,0.5025004686400883,0.5240886155146423
18,OnlineFPCA-sgd,0.1,3600,100,face,3,5,0.629021883010864,8,4,0.05403844892918477,0.3976783518869876,0.39972456608267914,0.04857814875972095,0.4974498112701961,0.5199167774964473
18,OnlineFPCA-sgd,0.1,3700,100,face,3,5,0.63762640953064,8,4,0.12426288367027928,0.3681997420958518,0.3875077557414939,0.04737985931441321,0.49218688469356914,0.5146783867356955
18,OnlineFPCA-sgd,0.1,3800,100,face,3,5,0.645183324813843,8,4,0.1821778285505186,0.36310892665519356,0.33242615216742016,0.04370135089349993,0.48671311217430535,0.5082011789008358
18,OnlineFPCA-sgd,0.1,3900,100,face,3,5,0.642735481262207,8,4,0.11757297722346717,0.34223387864131716,0.347308639894044,0.040076868141962346,0.48151627787429313,0.5010149159865231
18,OnlineFPCA-sgd,0.1,4000,100,face,3,5,0.643486976623535,8,4,0.04011818243414774,0.47490811627178275,0.49395826678656723,0.04011818243414774,0.47490811627178275,0.49395826678656723
18,OnlineFPCA-sgd,0.1,4100,100,face,3,5,0.645185947418213,8,4,0.1674467742359032,0.4607335614824258,0.4612634777673144,0.0701328066221423,0.46393910566339225,0.47853170291783276
18,OnlineFPCA-sgd,0.1,4200,100,face,3,5,0.645764350891113,8,4,0.2678613999300437,0.4424836377558056,0.4340021316374898,0.06556024717887272,0.45735706878769367,0.4656908184737192
18,OnlineFPCA-sgd,0.1,4300,100,face,3,5,0.639462471008301,8,4,0.08064340494365134,0.4289487936773502,0.45007606469554917,0.06379863980676148,0.4479742908488659,0.45442140954038224
18,OnlineFPCA-sgd,0.1,4400,100,face,3,5,0.802314281463623,8,4,0.1662265730596515,0.4312922247365628,0.4618012315417086,0.05277659272280939,0.4405564461988024,0.4529346223730799
18,OnlineFPCA-sgd,0.1,4500,100,face,3,5,0.634770393371582,8,4,0.3395699356948825,0.44719407819072465,0.45436568089962015,0.043006199872324416,0.435435300110931,0.45319215578442823
18,OnlineFPCA-sgd,0.1,4600,100,face,3,5,0.634778022766113,8,4,0.22754997681538813,0.42469901933307497,0.4418921021123525,0.05718392551155716,0.4290002596103373,0.4494070730222295
18,OnlineFPCA-sgd,0.1,4700,100,face,3,5,0.637189865112305,8,4,0.16117319377985706,0.4301281008553803,0.4121224429061252,0.06198741535951342,0.4227756263916171,0.44623671774357376
18,OnlineFPCA-sgd,0.1,4800,100,face,3,5,0.638880968093872,8,4,0.13414135082862633,0.4027289582839986,0.4490179843614845,0.06552261022002259,0.41845809284849705,0.4444118846029049
18,OnlineFPCA-sgd,0.1,4900,100,face,3,5,0.654456615447998,8,4,0.12116855931641186,0.39962219658332593,0.412249101711852,0.061823033934726566,0.4129445803251484,0.44258618271860445
18,OnlineFPCA-sgd,0.1,5000,100,face,3,5,0.634443998336792,8,4,0.18603419622866862,0.32903557819178975,0.4237601715419354,0.058257932604651855,0.40513026156658744,0.4374610012879559
18,OnlineFPCA-sgd,0.1,5100,100,face,3,5,0.100463628768921,8,4,0.10719268457623572,0.33259927252739535,0.3694816843131699,0.053841389315900365,0.39782222497871883,0.43126070834066077
18,OnlineFPCA-sgd,0.1,5200,100,face,3,5,0.101226806640625,8,4,0.17997047361223834,0.3240924581522362,0.36856903771974914,0.050363618454957404,0.3901902475916922,0.42373460238558053
18,OnlineFPCA-sgd,0.1,5300,100,face,3,5,0.100273609161377,8,4,0.12697254327301677,0.3284955331514904,0.3198123460461786,0.048428124766571594,0.38339105207305274,0.4167148986721331
18,OnlineFPCA-sgd,0.1,5400,100,face,3,5,0.101120471954346,8,4,0.1210660337839447,0.27096074778253837,0.3118531173063495,0.04538112890433263,0.37672893871022656,0.4098239012776477
18,OnlineFPCA-sgd,0.1,5500,100,face,3,5,0.0985081195831299,8,4,0.12624737902066657,0.2919823235728927,0.31435249355276,0.04423035683735476,0.3698297151931409,0.40302253418165723
18,OnlineFPCA-sgd,0.1,5600,100,face,3,5,0.0999658107757568,8,4,0.18521364584247835,0.29336954603965143,0.3189802238806853,0.0449540278291416,0.3636897346162477,0.3964113076066183
18,OnlineFPCA-sgd,0.1,5700,100,face,3,5,0.103718519210815,8,4,0.12522697050025589,0.27922211085684645,0.3370786001574294,0.041745362416626075,0.35780811633610526,0.39084615056465055
18,OnlineFPCA-sgd,0.1,5800,100,face,3,5,0.0979647636413574,8,4,0.09541794358595154,0.2755250528132717,0.34720046255866227,0.04019921412725275,0.3525113943121829,0.38714554829038333
18,OnlineFPCA-sgd,0.1,5900,100,face,3,5,0.101251840591431,8,4,0.1877391102530996,0.3194460049576307,0.35148547604619956,0.03450120396691383,0.3471009344408008,0.38404316797590404
18,OnlineFPCA-sgd,0.1,6000,100,face,3,5,0.0979518890380859,8,4,0.1298151341620026,0.30815812607837645,0.3334623535043701,0.030306798986708697,0.34247653830467245,0.3809148566225138
18,OnlineFPCA-sgd,0.1,6100,100,face,3,5,0.10002613067627,8,4,0.13545623604479032,0.2805620134181534,0.374233321259876,0.030838072508290845,0.33865723314198504,0.37887400017681433
18,OnlineFPCA-sgd,0.1,6200,100,face,3,5,0.100438594818115,8,4,0.11870234523823964,0.25912108198124467,0.31646366078348614,0.03196437243798868,0.3348942737336047,0.37722452395346195
18,OnlineFPCA-sgd,0.1,6300,100,face,3,5,0.0954945087432861,8,4,0.18259306737680675,0.272388088055966,0.3239791846474508,0.03312551481293217,0.3300466403892489,0.3731015700833636
18,OnlineFPCA-sgd,0.1,6400,100,face,3,5,0.101258993148804,8,4,0.21444102581657817,0.26107735104888563,0.33023475548867176,0.03610147482870556,0.3249648091422048,0.36715593423224846
18,OnlineFPCA-sgd,0.1,6500,100,face,3,5,0.100065231323242,8,4,0.14912104587687633,0.28515961874889906,0.30125408860969627,0.037941767443929054,0.3212257076352112,0.3634957718721647
18,OnlineFPCA-sgd,0.1,6600,100,face,3,5,0.0966489315032959,8,4,0.12949862372322668,0.2845737611861854,0.30289827178925827,0.03831386907034098,0.31768726464533475,0.3606321875787705
18,OnlineFPCA-sgd,0.1,6700,100,face,3,5,0.100514888763428,8,4,0.12568067513668676,0.25238169651720216,0.28529854935990573,0.037442370680587415,0.31423941739981925,0.3574942305125429
18,OnlineFPCA-sgd,0.1,6800,100,face,3,5,0.100525140762329,8,4,0.17976404582638772,0.2246762720377507,0.2852924318187802,0.03816622838101883,0.3101481064486821,0.3544439448221377
18,OnlineFPCA-sgd,0.1,6900,100,face,3,5,0.0994091033935547,8,4,0.21596147082621173,0.18077916917374676,0.3226205538546149,0.03782181209018178,0.3056506683838152,0.3510925030931225
18,OnlineFPCA-sgd,0.1,7000,100,face,3,5,0.10024619102478,8,4,0.1533021167079221,0.1845500877566007,0.3488074443370856,0.03661350200976876,0.30143065762036003,0.3490785518388684
18,OnlineFPCA-sgd,0.1,7100,100,face,3,5,0.0968477725982666,8,4,0.16939125794419282,0.18273650960254864,0.3022441191870896,0.03487091565973251,0.29688064547294035,0.34695208131768446
18,OnlineFPCA-sgd,0.1,7200,100,face,3,5,0.107383728027344,8,4,0.23576183958366018,0.21527318880530225,0.3184271616642373,0.03445956527817856,0.29238982965991817,0.34449231772368527
18,OnlineFPCA-sgd,0.1,7300,100,face,3,5,0.100548505783081,8,4,0.06631777881577863,0.17101214585246705,0.3350096665825319,0.03596189409479124,0.28779222841604796,0.3424763053792801
18,OnlineFPCA-sgd,0.1,7400,100,face,3,5,0.100187301635742,8,4,0.15246315077389833,0.18384982425519272,0.33821553618692846,0.036173899957559964,0.28260180772720084,0.3405161870339216
18,OnlineFPCA-sgd,0.1,7500,100,face,3,5,0.104126214981079,8,4,0.15496773161225533,0.1377343629221991,0.30694912488230686,0.034782336126001026,0.27765684564169507,0.3378443890574868
18,OnlineFPCA-sgd,0.1,7600,100,face,3,5,0.097862720489502,8,4,0.24363666123144775,0.15937798110537402,0.2663163488213632,0.03179655641039737,0.2730154795550394,0.33490048982003534
18,OnlineFPCA-sgd,0.1,7700,100,face,3,5,0.103662729263306,8,4,0.22162818821270489,0.13620403416377605,0.26909339142728605,0.028817250087476095,0.26832183824385175,0.3309942656807208
18,OnlineFPCA-sgd,0.1,7800,100,face,3,5,0.0979568958282471,8,4,0.1516786260401148,0.1817372177717664,0.24204453100553514,0.030442383648765184,0.2637375429649148,0.3279600049988873
18,OnlineFPCA-sgd,0.1,7900,100,face,3,5,0.100080013275146,8,4,0.17922301793799902,0.252411779158659,0.23525201803589665,0.031267042457149744,0.2596069318746795,0.32419598877233535
18,OnlineFPCA-sgd,0.1,8000,100,face,3,5,0.1019606590271,8,4,0.13374166759545925,0.25936640192573046,0.20997726179113896,0.0302134744463355,0.2554751985764623,0.3198109438837027
18,OnlineFPCA-sgd,0.1,8100,100,face,3,5,0.0959091186523438,8,4,0.17389267188761387,0.1804657439294242,0.19122555321505072,0.031666855504042676,0.25168334602240167,0.31486133991908283
18,OnlineFPCA-sgd,0.1,8200,100,face,3,5,0.101016283035278,8,4,0.26054678077845017,0.1619527662892706,0.19247036988422525,0.03280625522459984,0.24829927724476183,0.30992208213650574
18,OnlineFPCA-sgd,0.1,8300,100,face,3,5,0.0989110469818115,8,4,0.19622542952196276,0.2549366580995223,0.2018195602806795,0.03226868916264841,0.24528652322676364,0.30530328216250774
18,OnlineFPCA-sgd,0.1,8400,100,face,3,5,0.0984842777252197,8,4,0.1954822804597261,0.17993039694155644,0.21769432501886235,0.032994163553589535,0.24231724045002206,0.3018343746347055
18,OnlineFPCA-sgd,0.1,8500,100,face,3,5,0.101810455322266,8,4,0.09595549144502899,0.14457438472055562,0.20530399825698067,0.03335972367647981,0.2395043434547686,0.29846552407834326
18,OnlineFPCA-sgd,0.1,8600,100,face,3,5,0.0959739685058594,8,4,0.04537936457518295,0.14700504176093981,0.17898518776314912,0.032047106302965166,0.236415219252353,0.2954817403436845
18,OnlineFPCA-sgd,0.1,8700,100,face,3,5,0.101928472518921,8,4,0.10030453847022255,0.10132480165541985,0.169283191747092,0.03228811147704629,0.2332608689584158,0.29228421332213655
18,OnlineFPCA-sgd,0.1,8800,100,face,3,5,0.0988621711730957,8,4,0.1661033908656851,0.15267361811563446,0.13142661208283785,0.03207489651377375,0.22996012485447326,0.2884610371054608
18,OnlineFPCA-sgd,0.1,8900,100,face,3,5,0.0987718105316162,8,4,0.10289124884186816,0.1371814867914176,0.13914748315477002,0.03182168896186467,0.22695669670433358,0.284226511505838
18,OnlineFPCA-sgd,0.1,9000,100,face,3,5,0.0986232757568359,8,4,0.12604463293157483,0.18659362363158594,0.14626455360184762,0.032349111228186796,0.22321823203261149,0.2799529251152537
18,OnlineFPCA-sgd,0.1,9100,100,face,3,5,0.0996971130371094,8,4,0.13116747251607877,0.0956839828125636,0.15120991757630095,0.031110668874589627,0.21959390789883562,0.27598078196870024
18,OnlineFPCA-sgd,0.1,9200,100,face,3,5,0.10050630569458,8,4,0.20833430695706173,0.10714969575932376,0.08855969379823136,0.031430588611136054,0.21594873631768313,0.2716548728227453
18,OnlineFPCA-sgd,0.1,9300,100,face,3,5,0.101260185241699,8,4,0.09184873905114758,0.05902607792301635,0.14104533386188975,0.03185372045359442,0.2122327472782233,0.2676450180132396
18,OnlineFPCA-sgd,0.1,9400,100,face,3,5,0.0998692512512207,8,4,0.11479551155184596,0.11164783615836982,0.1470918333067891,0.03177435652890762,0.20885031033983176,0.26451859446296194
18,OnlineFPCA-sgd,0.1,9500,100,face,3,5,0.0990338325500488,8,4,0.2771222220134546,0.15030662241542808,0.17600947774416137,0.03087786009732001,0.20544335589348467,0.2619345282635644
18,OnlineFPCA-sgd,0.1,9600,100,face,3,5,0.0989561080932617,8,4,0.18907405235900082,0.16296914052686595,0.18273133069340847,0.031134062997824844,0.2018605707981206,0.25904756482395713
18,OnlineFPCA-sgd,0.1,9700,100,face,3,5,0.0981407165527344,8,4,0.133803118787406,0.1427439287653423,0.16090717287941764,0.031746534242930634,0.19859836005505868,0.2562582325372444
18,OnlineFPCA-sgd,0.1,9800,100,face,3,5,0.101807832717896,8,4,0.1324938448284677,0.10159772686091934,0.2105666015726485,0.031546007351630136,0.19546017096711987,0.2539264254892669
18,OnlineFPCA-sgd,0.1,9900,100,face,3,5,0.0968992710113525,8,4,0.08839162593888286,0.14066388568146926,0.17997582321428665,0.032271132908014664,0.19251956702708953,0.2518378229086785
18,OnlineFPCA-sgd,0.1,10000,100,face,3,5,0.103044509887695,8,4,0.13856505779632897,0.10984683514413468,0.1985132122088929,0.032694137022726624,0.18953517878341408,0.24940352074910785
18,OnlineFPCA-sgd,0.1,10100,100,face,3,5,0.102746725082397,8,4,0.10373622291900872,0.09801784487106056,0.15320804078200048,0.03293508397960432,0.18658914154162304,0.2467760208266456
18,OnlineFPCA-sgd,0.1,10200,100,face,3,5,0.09678053855896,8,4,0.12446794293992797,0.07094315184290613,0.17358656489618493,0.03240554725449265,0.18338238632278836,0.24373149662897664
18,OnlineFPCA-sgd,0.1,10300,100,face,3,5,0.102959156036377,8,4,0.10399029731778664,0.12167240933915219,0.13689985390708212,0.03198088595103816,0.18017293780349122,0.24093860650922017
18,OnlineFPCA-sgd,0.1,10400,100,face,3,5,0.0971815586090088,8,4,0.12370040127718845,0.04872538346960071,0.14821778398853105,0.03093124791309096,0.1768351739650477,0.2383283976980781
18,OnlineFPCA-sgd,0.1,10500,100,face,3,5,0.0998494625091553,8,4,0.12389007361877562,0.08783236079665513,0.15310080084696592,0.030360341453389467,0.17378166448767599,0.23588457062145304
18,OnlineFPCA-sgd,0.1,10600,100,face,3,5,0.101757287979126,8,4,0.15868833633973253,0.10045467277268161,0.16107837634124625,0.030395916467973794,0.17093687453439788,0.233516695548489
18,OnlineFPCA-sgd,0.1,10700,100,face,3,5,0.0967493057250977,8,4,0.12068812642618693,0.06545103872965587,0.1765707454814386,0.029949102600250882,0.1681270976955187,0.23132446659774952
18,OnlineFPCA-sgd,0.1,10800,100,face,3,5,0.10250186920166,8,4,0.08843783893802225,0.09318978439264912,0.1780887041628887,0.029435756619684002,0.16550566809117112,0.22967794656416737
18,OnlineFPCA-sgd,0.1,10900,100,face,3,5,0.100744962692261,8,4,0.13861513993092206,0.1632768821838546,0.17984764849427406,0.02917455158568267,0.16302823192020852,0.22811592955159038
18,OnlineFPCA-sgd,0.1,11000,100,face,3,5,0.0962021350860596,8,4,0.10472887092677918,0.1349572059832188,0.17026388289879332,0.02888381776703543,0.16082826505234923,0.22659545684405474
18,OnlineFPCA-sgd,0.1,11100,100,face,3,5,0.0999650955200195,8,4,0.12614600456656683,0.11820423021310884,0.2136288861165312,0.02987047064682977,0.15882315463590838,0.22553679050841827
18,OnlineFPCA-sgd,0.1,11200,100,face,3,5,0.0973999500274658,8,4,0.11883232138796848,0.0831465691479217,0.16105091575012523,0.030535080948897755,0.15685644391426126,0.2247136321840189
18,OnlineFPCA-sgd,0.1,11300,100,face,3,5,0.102242231369019,8,4,0.1564689263631591,0.12312520260177114,0.18703040066430385,0.030886057634648485,0.15475034386518918,0.22322728910904124
18,OnlineFPCA-sgd,0.1,11400,100,face,3,5,0.0995604991912842,8,4,0.19592279130554044,0.07428274302984343,0.19469148455242663,0.031165907500870654,0.15261328992583126,0.22121582361802228
18,OnlineFPCA-sgd,0.1,11500,100,face,3,5,0.0967838764190674,8,4,0.12337023343377625,0.15599825046671278,0.16357079985638814,0.03185481922387302,0.15075690871459305,0.21972590716713863
18,OnlineFPCA-sgd,0.1,11600,100,face,3,5,0.102080821990967,8,4,0.0869696203688084,0.1499331488389978,0.19184265863863006,0.0321269798239606,0.14902031847876848,0.21853651167313742
18,OnlineFPCA-sgd,0.1,11700,100,face,3,5,0.0996997356414795,8,4,0.09341450306678707,0.12181847224458764,0.18051568720071864,0.031720822121563005,0.14724434226700758,0.21738902214613506
18,OnlineFPCA-sgd,0.1,11800,100,face,3,5,0.0963311195373535,8,4,0.15003420802601616,0.10491905979453155,0.18654810933515864,0.03173155647601669,0.14529240923418854,0.21626594854745806
18,OnlineFPCA-sgd,0.1,11900,100,face,3,5,0.101654052734375,8,4,0.17261976886991243,0.05398328114657123,0.2302466929533869,0.03185238810220036,0.14325202466767276,0.21516935735135811
18,OnlineFPCA-sgd,0.1,12000,100,face,3,5,0.0990846157073975,8,4,0.12741890931846384,0.06666430614010743,0.2673487950566322,0.03167210641270553,0.14141563866349874,0.21471718306016835
18,OnlineFPCA-sgd,0.1,12100,100,face,3,5,0.0982577800750732,8,4,0.1457900600735568,0.05995533184203368,0.2334424550733612,0.030988230023938405,0.13939871178496238,0.21433444641745167
18,OnlineFPCA-sgd,0.1,12200,100,face,3,5,0.0993547439575195,8,4,0.18761947832987633,0.10574682687925506,0.25003694460277687,0.030682570247094854,0.13734475514126876,0.21380832943638792
18,OnlineFPCA-sgd,0.1,12300,100,face,3,5,0.0962464809417725,8,4,0.05202249177128337,0.07803525060402362,0.2670305124219162,0.031194015239005685,0.13527846236623617,0.21342505476533746
18,OnlineFPCA-sgd,0.1,12400,100,face,3,5,0.100762367248535,8,4,0.13032852138918388,0.14871015482342337,0.2697844634267376,0.031202920130092415,0.13305552063650725,0.21301474963758596
18,OnlineFPCA-sgd,0.1,12500,100,face,3,5,0.0999758243560791,8,4,0.1263494670467714,0.08295303169120155,0.24945752970631155,0.03070547486914567,0.13080676901891267,0.2123230213990286
18,OnlineFPCA-sgd,0.1,12600,100,face,3,5,0.0994973182678223,8,4,0.21805542746868342,0.10545513848233211,0.2070970281122411,0.02966653794701587,0.12877301889659204,0.21153691509158243
18,OnlineFPCA-sgd,0.1,12700,100,face,3,5,0.102864027023315,8,4,0.19016966342647001,0.11893668967307225,0.22266219848498492,0.02836681012452118,0.1267465398377585,0.21033812345224956
18,OnlineFPCA-sgd,0.1,12800,100,face,3,5,0.0980584621429443,8,4,0.14592373574720197,0.15263986018250186,0.2059021882312861,0.02880758144909525,0.12479627179653591,0.20944501533846707
18,OnlineFPCA-sgd,0.1,12900,100,face,3,5,0.0996179580688477,8,4,0.17540426536545253,0.21583477392904157,0.1920835250683911,0.029489835005298393,0.12300715607804805,0.20824195619992936
18,OnlineFPCA-sgd,0.1,13000,100,face,3,5,0.0992000102996826,8,4,0.10867628542677513,0.2201069598315904,0.16379739441611058,0.02938040677486306,0.1212570103775803,0.2067139815108692
18,OnlineFPCA-sgd,0.1,13100,100,face,3,5,0.0991115570068359,8,4,0.1614947719131001,0.13913280497475786,0.12818445435667203,0.030078440741311406,0.11957250908698273,0.20490831720146976
18,OnlineFPCA-sgd,0.1,13200,100,face,3,5,0.101742744445801,8,4,0.23247370528584257,0.10935621612877074,0.1427822756942021,0.03050619126160292,0.11791017405882558,0.2030012940778831
18,OnlineFPCA-sgd,0.1,13300,100,face,3,5,0.0967288017272949,8,4,0.16773349540733012,0.16215513380943597,0.17351984820261526,0.030528563840541874,0.11636188677630038,0.20124824780101383
18,OnlineFPCA-sgd,0.1,13400,100,face,3,5,0.0989751815795898,8,4,0.18457951875645273,0.11500855145414217,0.16212743142517397,0.030951664754392635,0.11497358711343884,0.19981783599436176
18,OnlineFPCA-sgd,0.1,13500,100,face,3,5,0.101572513580322,8,4,0.07262314632565661,0.08960791498295949,0.1580742451871481,0.03123404300127237,0.11371817450578406,0.19842978767169395
18,OnlineFPCA-sgd,0.1,13600,100,face,3,5,0.0965266227722168,8,4,0.04085856635090406,0.09907179681722501,0.1545899996527777,0.030759934689884003,0.1123382265020489,0.1972540237890336
18,OnlineFPCA-sgd,0.1,13700,100,face,3,5,0.101888179779053,8,4,0.07918994748978626,0.058907505209385626,0.14642112041630892,0.03077833468183612,0.11089381642327908,0.1960207086660768
18,OnlineFPCA-sgd,0.1,13800,100,face,3,5,0.0967123508453369,8,4,0.15926611954092165,0.12324739995455335,0.14088036748553107,0.030781105528959577,0.10931078697434113,0.19455611830386182
18,OnlineFPCA-sgd,0.1,13900,100,face,3,5,0.0994415283203125,8,4,0.09501228565263144,0.11019830256867565,0.13687719266044482,0.030722098812774188,0.10785946573631316,0.19293603551627123
18,OnlineFPCA-sgd,0.1,14000,100,face,3,5,0.101083517074585,8,4,0.114831056091567,0.1679182319045287,0.15216839727626433,0.031019954940921544,0.10631170808807858,0.19133047468131323
18,OnlineFPCA-sgd,0.1,14100,100,face,3,5,0.0969192981719971,8,4,0.11185775461763556,0.08588403080306607,0.14817552127650369,0.03053741774275775,0.10482199121496634,0.18987439856272986
18,OnlineFPCA-sgd,0.1,14200,100,face,3,5,0.108325242996216,8,4,0.17692068816775783,0.11160650293339301,0.11765512212808177,0.030644295879692095,0.10333521905992708,0.18826274828731535
18,OnlineFPCA-sgd,0.1,14300,100,face,3,5,0.100391626358032,8,4,0.09694450865596575,0.07273114999472714,0.14309439608112698,0.03091222498779189,0.1017278958355427,0.18679082190571022
18,OnlineFPCA-sgd,0.1,14400,100,face,3,5,0.0970156192779541,8,4,0.08360422950323566,0.10018392394201696,0.13434758893236473,0.030947808785834398,0.10025254827379163,0.18565532821082256
18,OnlineFPCA-sgd,0.1,14500,100,face,3,5,0.100599050521851,8,4,0.24077143365388234,0.1292971201650189,0.16092918916340215,0.030538297434868522,0.0987435833146442,0.184794626856434
18,OnlineFPCA-sgd,0.1,14600,100,face,3,5,0.0990438461303711,8,4,0.1723876301998576,0.14879298367123542,0.17158634592349722,0.030631263011739854,0.09715068533325727,0.18382810156072343
18,OnlineFPCA-sgd,0.1,14700,100,face,3,5,0.0984725952148438,8,4,0.1203301032999563,0.13025569433934048,0.15837867812900366,0.030873731596741387,0.09575484441880243,0.18285213429967237
18,OnlineFPCA-sgd,0.1,14800,100,face,3,5,0.0988478660583496,8,4,0.12870387438255704,0.09621681464583234,0.19488515976143833,0.03076550853575272,0.09438984258924513,0.18214012562134546
18,OnlineFPCA-sgd,0.1,14900,100,face,3,5,0.0999691486358643,8,4,0.0801920857303332,0.13038830797808212,0.17391387017253632,0.03113571704642338,0.09318625264790242,0.18160252133096663
18,OnlineFPCA-sgd,0.1,15000,100,face,3,5,0.0992181301116943,8,4,0.11776309889659117,0.11870806662493127,0.18807389065493155,0.031362881266419014,0.09202494222797596,0.18084304952134073
18,OnlineFPCA-adagrad,0.1,0,100,face,3,5,6.35740375518799,3,1,0.10957338018728638,0.36197680389038267,0.4377987864689434,0.10957338018728638,0.36197680389038267,0.4377987864689434
18,OnlineFPCA-adagrad,0.1,100,100,face,3,5,0.191330909729004,3,1,0.6934779458617563,1.253584007261894,1.5092889792533444,NA,NA,NA
18,OnlineFPCA-adagrad,0.1,200,100,face,3,5,0.192967414855957,3,1,0.7944750267726594,1.3564405550374983,1.4174366256314528,NA,NA,NA
18,OnlineFPCA-adagrad,0.1,300,100,face,3,5,0.201250076293945,3,1,0.68005262735129135,1.1574861484555505,1.1694436218277717,NA,NA,NA
18,OnlineFPCA-adagrad,0.1,400,100,face,3,5,0.193195581436157,3,1,0.7372562706854564,0.7554770768575837,0.7395377600932201,NA,NA,NA
18,OnlineFPCA-adagrad,0.1,500,100,face,3,5,0.19463038444519,3,1,1.4703633976853623,1.5352973496498854,1.220598382164428,NA,NA,NA
18,OnlineFPCA-adagrad,0.1,600,100,face,3,5,0.193924427032471,3,1,1.4346061241584926,1.4468499553448346,0.9604459276014577,NA,NA,NA
18,OnlineFPCA-adagrad,0.1,700,100,face,3,5,0.193464517593384,3,1,1.4353144388658063,1.4497634008592097,0.9895416334668612,NA,NA,NA
18,OnlineFPCA-adagrad,0.1,800,100,face,3,5,0.193789005279541,3,1,1.4357227761909146,1.4559906237199967,0.8754829091140344,NA,NA,NA
18,OnlineFPCA-adagrad,0.1,900,100,face,3,5,0.189446210861206,3,1,1.4361551696274477,1.4602136306155074,0.7818384113827961,NA,NA,NA
18,OnlineFPCA-adagrad,0.1,1000,100,face,3,5,0.196023225784302,3,1,1.4364304160204258,1.4627942540971797,0.7131015993088158,NA,NA,NA
18,OnlineFPCA-adagrad,0.1,1100,100,face,3,5,0.260994911193848,3,1,1.4372272369718468,1.4661170739264018,0.5796178108497656,1.4368798932395364,1.4653822889867505,0.6159463023809116
18,OnlineFPCA-adagrad,0.1,1200,100,face,3,5,0.263089418411255,3,1,1.08133467033743,1.1343353930736575,0.430581895850217,1.1198118951986762,1.1434083193884295,0.3618740159169191
18,OnlineFPCA-adagrad,0.1,1300,100,face,3,5,0.260337829589844,3,1,0.7786305878078453,0.7056221821354055,0.4324614451427304,0.9910026356729299,0.9938991577104714,0.33948302610666375
18,OnlineFPCA-adagrad,0.1,1400,100,face,3,5,0.261751174926758,3,1,0.7786846417080844,0.705738136259369,0.4323286454134388,0.9313696352064288,0.9224739688312548,0.34944542335686624
18,OnlineFPCA-adagrad,0.1,1500,100,face,3,5,0.258418560028076,3,1,0.7787950075725948,0.706038471233793,0.43226621858506387,0.8975735038187195,0.8796784933639173,0.3606817608188423
18,OnlineFPCA-adagrad,0.1,1600,100,face,3,5,0.260818719863892,3,1,0.7788993476784187,0.706201432521263,0.43209183761168685,0.875902318866432,0.8510985782875512,0.3699743620044795
18,OnlineFPCA-adagrad,0.1,1700,100,face,3,5,0.262165069580078,3,1,0.7790460797302777,0.7063629760781608,0.43190664295989906,0.8608708368137018,0.830646248636594,0.3773635238694977
18,OnlineFPCA-adagrad,0.1,1800,100,face,3,5,0.266665935516357,3,1,0.7791259753685904,0.7064446199288195,0.4317765022233037,0.849854501490046,0.815281196285387,0.3832649252999595
18,OnlineFPCA-adagrad,0.1,1900,100,face,3,5,0.260035037994385,3,1,0.7792786982667583,0.7066471170573999,0.43173969892101843,0.8414445736601254,0.8033170195032949,0.3880611373626082
18,OnlineFPCA-adagrad,0.1,2000,100,face,3,5,0.258425951004028,3,1,0.7794322188468729,0.7068495644674647,0.43158087870689105,0.834827788154751,0.7937465570753106,0.39201134887476774
18,OnlineFPCA-adagrad,0.1,2100,100,face,3,5,0.254080533981323,3,1,0.7798927270953798,0.7074029006741888,0.43123332120877916,0.8295118785672901,0.7859372770151638,0.39529616148089614
18,OnlineFPCA-adagrad,0.1,2200,100,face,3,5,0.255744695663452,3,1,0.7802943270576996,0.7078807905437818,0.4305665694960839,0.8251691821323167,0.7794738302830466,0.39803044255684683
18,OnlineFPCA-adagrad,0.1,2300,100,face,3,5,0.253560543060303,3,1,0.780438584684044,0.7080788794500817,0.4302821854855307,0.8215401901904463,0.7740183150198349,0.40034991768121475
18,OnlineFPCA-adagrad,0.1,2400,100,face,3,5,0.256689310073853,3,1,0.780776758968598,0.7086488073398889,0.4299038507268625,0.8184730674474404,0.7693569580583101,0.40234083441080004
18,OnlineFPCA-adagrad,0.1,2500,100,face,3,5,0.257636547088623,3,1,0.78100194929238,0.7090033818711963,0.4296529621502989,0.8158512281399586,0.7653471097796896,0.4040607871473491
18,OnlineFPCA-adagrad,0.1,2600,100,face,3,5,0.276566743850708,3,1,0.8322638292180123,0.7999446009161434,0.4120899094681307,0.8143709261076285,0.764979655989361,0.39301341559120617
18,OnlineFPCA-adagrad,0.1,2700,100,face,3,5,0.284381866455078,3,1,0.8459659618783236,0.8878085936795729,0.40277882801217885,0.8139295576830855,0.7613896387431942,0.36946288880861383
18,OnlineFPCA-adagrad,0.1,2800,100,face,3,5,0.277025461196899,3,1,0.7164040947813687,0.7664440015287812,0.48838436977834465,0.8095645381775092,0.7569368264508127,0.3485583017478741
18,OnlineFPCA-adagrad,0.1,2900,100,face,3,5,0.276852130889893,3,1,0.541975136726416,0.6597648936869988,0.4607473614539127,0.7985681652613217,0.7459803440452734,0.3187077325268703
18,OnlineFPCA-adagrad,0.1,3000,100,face,3,5,0.279382944107056,3,1,0.44257338939251983,0.5082489771403231,0.45743597732391517,0.7771101474632995,0.7259809083694936,0.2887666508563291
18,OnlineFPCA-adagrad,0.1,3100,100,face,3,5,0.279494047164917,3,1,0.3345470563701234,0.4058428859304189,0.6477039600640095,0.751823644615869,0.7062347428939246,0.2562922505918074
18,OnlineFPCA-adagrad,0.1,3200,100,face,3,5,0.427417039871216,3,1,0.378047531853513,0.2927069057916526,0.4443904649212089,0.723151282006364,0.683997372974209,0.22657560271109864
18,OnlineFPCA-adagrad,0.1,3300,100,face,3,5,0.277020215988159,3,1,0.2985868999280772,0.42599777632189756,0.39806022536489444,0.6978228273574288,0.6605584766619994,0.21197252602078512
18,OnlineFPCA-adagrad,0.1,3400,100,face,3,5,0.275928497314453,3,1,0.21664026828111252,0.2589923617794689,0.3497049523252823,0.6748456668650571,0.6407366267206615,0.20010677065632462
18,OnlineFPCA-adagrad,0.1,3500,100,face,3,5,0.272531747817993,3,1,0.12520890950897795,0.17860736769697305,0.34202455048774505,0.6487620272633599,0.6167932267690793,0.19303685013038457
18,OnlineFPCA-adagrad,0.1,3600,100,face,3,5,0.275465488433838,3,1,0.06473952144465613,0.26593092446918937,0.3509781105190774,0.6246974066439913,0.594527389442433,0.18803687656552165
18,OnlineFPCA-adagrad,0.1,3700,100,face,3,5,0.276562929153442,3,1,0.1344683282688653,0.20596352291229753,0.30805157384565773,0.6011476801197579,0.5726596938066881,0.18469720906332143
18,OnlineFPCA-adagrad,0.1,3800,100,face,3,5,0.276714324951172,3,1,0.1971895600063424,0.29918699864385995,0.26345164363805035,0.5808409278721669,0.5519999151638357,0.18112401260964053
18,OnlineFPCA-adagrad,0.1,3900,100,face,3,5,0.278933763504028,3,1,0.12175171101590077,0.20612473449462726,0.2464010892147891,0.5642829973750015,0.5359651423558659,0.17532380814057233
18,OnlineFPCA-adagrad,0.1,4000,100,face,3,5,0.276250839233398,3,1,0.5448634779251696,0.5185562315359658,0.16999552636367818,0.5448634779251696,0.5185562315359658,0.16999552636367818
18,OnlineFPCA-adagrad,0.1,4100,100,face,3,5,0.277227401733398,3,1,0.5830729412015918,0.5290291369132043,0.3836965581774433,0.5389479551861314,0.5212941015213348,0.1948073721127392
18,OnlineFPCA-adagrad,0.1,4200,100,face,3,5,0.276930332183838,3,1,0.5053937129162831,0.4979505677723521,0.2007438871930213,0.5196234663319313,0.5129857940472983,0.22078339909035807
18,OnlineFPCA-adagrad,0.1,4300,100,face,3,5,0.279676198959351,3,1,0.3953713797187926,0.3801188266838336,0.19810241954466226,0.4799270799438128,0.47699672955355177,0.1759264083411749
18,OnlineFPCA-adagrad,0.1,4400,100,face,3,5,0.2733154296875,3,1,0.30830896810091596,0.3431572917141211,0.2608558709420533,0.44680255910524336,0.441564847098599,0.1560130612099805
18,OnlineFPCA-adagrad,0.1,4500,100,face,3,5,0.282261371612549,3,1,0.3295806030576133,0.3202423217235714,0.2972529271168901,0.39846865741486226,0.4002202305808071,0.16592767003982045
18,OnlineFPCA-adagrad,0.1,4600,100,face,3,5,0.272728204727173,3,1,0.2212691575754335,0.2915804920484907,0.2163675421188923,0.35780506398957845,0.36044063038361807,0.17733555830013487
18,OnlineFPCA-adagrad,0.1,4700,100,face,3,5,0.271008729934692,3,1,0.15736444651321452,0.17735350982452183,0.20888568030699595,0.32171162387298174,0.3226814738619858,0.17130409603145788
18,OnlineFPCA-adagrad,0.1,4800,100,face,3,5,0.275579452514648,3,1,0.11645191566822766,0.16224957366938358,0.3487673930538341,0.2921510670257774,0.2922453672684216,0.1783943271043945
18,OnlineFPCA-adagrad,0.1,4900,100,face,3,5,0.275256156921387,3,1,0.13868196670459898,0.21291272427807906,0.19780472585908412,0.26770723992092027,0.26431725916537496,0.18254777908147052
18,OnlineFPCA-adagrad,0.1,5000,100,face,3,5,0.273424863815308,3,1,0.13695719712058688,0.22067597086974042,0.24567311935084385,0.2513557294424146,0.2468798172736266,0.17976666947261932
18,OnlineFPCA-adagrad,0.1,5100,100,face,3,5,0.106233358383179,3,1,0.1536974655935023,0.16720803256074462,0.17563867995054705,0.23461015433630558,0.23129862176212104,0.16957179987651425
18,OnlineFPCA-adagrad,0.1,5200,100,face,3,5,0.107171058654785,3,1,0.151884336143644,0.11259164918413182,0.26453903011564595,0.21675938380973311,0.21683238870866323,0.16150315568124565
18,OnlineFPCA-adagrad,0.1,5300,100,face,3,5,0.106708526611328,3,1,0.1078166450533032,0.21120801759622126,0.20234380934359095,0.2001290861498411,0.20223111439620928,0.16219522096311365
18,OnlineFPCA-adagrad,0.1,5400,100,face,3,5,0.10910701751709,3,1,0.13470089763850104,0.1050886781632119,0.14780614328571431,0.186047528213027,0.19116872102770982,0.15904603053616967
18,OnlineFPCA-adagrad,0.1,5500,100,face,3,5,0.106667280197144,3,1,0.13692778587986487,0.1437769803792874,0.16893587091207987,0.1740855284482679,0.1798527519076122,0.15750567373984223
18,OnlineFPCA-adagrad,0.1,5600,100,face,3,5,0.103911638259888,3,1,0.16318780537249783,0.15385012681797272,0.209428938289195,0.16328567343783693,0.16837286057451753,0.15346341076739833
18,OnlineFPCA-adagrad,0.1,5700,100,face,3,5,0.106529235839844,3,1,0.11752059783842812,0.11124594566422845,0.22520210758463494,0.1557482020187159,0.16124851105697824,0.14941883584390442
18,OnlineFPCA-adagrad,0.1,5800,100,face,3,5,0.116630554199219,3,1,0.10602152611344243,0.12059328789144343,0.3200666592278556,0.14816422275045543,0.15350089362196057,0.1529581652501758
18,OnlineFPCA-adagrad,0.1,5900,100,face,3,5,0.107144355773926,3,1,0.18259046239333054,0.2229620982960181,0.2488888994342396,0.14248533010693887,0.14935960914373242,0.15350409063843498
18,OnlineFPCA-adagrad,0.1,6000,100,face,3,5,0.109705209732056,3,1,0.14382831525683268,0.1825869711190873,0.24494745080898056,0.13924514108281932,0.14619703355372626,0.15323326032735343
18,OnlineFPCA-adagrad,0.1,6100,100,face,3,5,0.108173608779907,3,1,0.12476870100272007,0.15676598832264138,0.30881212507775446,0.13635274505416137,0.14257902743906814,0.15768357483089637
18,OnlineFPCA-adagrad,0.1,6200,100,face,3,5,0.10767936706543,3,1,0.11668335943881039,0.09939159036690443,0.1627151963393607,0.1332960583775875,0.1387253311251257,0.16243338889200626
18,OnlineFPCA-adagrad,0.1,6300,100,face,3,5,0.106903314590454,3,1,0.15121824862911484,0.20662279996355135,0.3231814543375864,0.128898716707692,0.13226439563751735,0.16107916829544522
18,OnlineFPCA-adagrad,0.1,6400,100,face,3,5,0.106034755706787,3,1,0.18547902962407226,0.12926427808298596,0.36219103595854457,0.12566231143978873,0.1257935497137226,0.15419998746333743
18,OnlineFPCA-adagrad,0.1,6500,100,face,3,5,0.107481956481934,3,1,0.11795454247583283,0.2224633272499104,0.2863534232299451,0.1219730478164641,0.11993274752510047,0.1547114755138417
18,OnlineFPCA-adagrad,0.1,6600,100,face,3,5,0.106219291687012,3,1,0.08530060044891746,0.2272030516296484,0.28830162397716474,0.11696786386960958,0.11503361461154009,0.15542679992759306
18,OnlineFPCA-adagrad,0.1,6700,100,face,3,5,0.106550693511963,3,1,0.0890148734575469,0.16293353506858005,0.24203429045367728,0.11123793960013564,0.10968667514354447,0.156891870112125
18,OnlineFPCA-adagrad,0.1,6800,100,face,3,5,0.106735944747925,3,1,0.14222900230403246,0.16659862032094713,0.23106876239505691,0.10534204872287135,0.10341425130775592,0.15789140338307772
18,OnlineFPCA-adagrad,0.1,6900,100,face,3,5,0.105958700180054,3,1,0.1400949947843527,0.07940666150362881,0.3861717795024953,0.10109883968548165,0.09921128823777493,0.1595507251644414
18,OnlineFPCA-adagrad,0.1,7000,100,face,3,5,0.107102155685425,3,1,0.16002536920633015,0.10910153863400454,0.4154271593558734,0.09718622939294215,0.09616893093653456,0.16609019763977093
18,OnlineFPCA-adagrad,0.1,7100,100,face,3,5,0.108578205108643,3,1,0.13915611298021527,0.10461447576767044,0.30241110252090136,0.09380392826079054,0.09363363711439618,0.17208355546089765
18,OnlineFPCA-adagrad,0.1,7200,100,face,3,5,0.106570720672607,3,1,0.16026578048543905,0.14278573369979547,0.37355557254069544,0.09100095275573,0.09085365823974323,0.17682037493091873
18,OnlineFPCA-adagrad,0.1,7300,100,face,3,5,0.104114770889282,3,1,0.06379018927965656,0.13133461745012673,0.375602626669899,0.08909535284759165,0.08848597214779973,0.18286904819110844
18,OnlineFPCA-adagrad,0.1,7400,100,face,3,5,0.107757329940796,3,1,0.13233590560491582,0.20930944438532648,0.32464102716377236,0.08737657515371074,0.08660711449634952,0.1872413118913684
18,OnlineFPCA-adagrad,0.1,7500,100,face,3,5,0.108020067214966,3,1,0.12257859852148276,0.1424457528528868,0.31328088314741687,0.08423959273347162,0.08521793982260223,0.18727173121246096
18,OnlineFPCA-adagrad,0.1,7600,100,face,3,5,0.108430147171021,3,1,0.1970085621291306,0.1989778590171701,0.26509509536411013,0.0811432245708657,0.08458776521248396,0.1863680623377285
18,OnlineFPCA-adagrad,0.1,7700,100,face,3,5,0.110449314117432,3,1,0.16391317033569358,0.2191528374524677,0.3131194095804399,0.07807356760907436,0.08402903663007051,0.18460901622135079
18,OnlineFPCA-adagrad,0.1,7800,100,face,3,5,0.108863592147827,3,1,0.1426357084113755,0.22886745573927325,0.2536018820170004,0.07755472256162882,0.08504410751089521,0.1855365883140057
18,OnlineFPCA-adagrad,0.1,7900,100,face,3,5,0.108436822891235,3,1,0.16961037957048758,0.31832013546604426,0.2908767257817208,0.07709638019515994,0.08586578779246877,0.18380330705071724
18,OnlineFPCA-adagrad,0.1,8000,100,face,3,5,0.107871294021606,3,1,0.12421174503199384,0.27951147123544434,0.327589230702991,0.07572161018027335,0.08767812133447549,0.17973802529670296
18,OnlineFPCA-adagrad,0.1,8100,100,face,3,5,0.109064102172852,3,1,0.19123908911444235,0.17281955338960145,0.37965429155871216,0.07573240748753295,0.08958103536493141,0.17298734472345526
18,OnlineFPCA-adagrad,0.1,8200,100,face,3,5,0.109068632125854,3,1,0.2598393912339117,0.13173887187627317,0.32924476617823056,0.07564783396089052,0.08995257208321901,0.16519539175100906
18,OnlineFPCA-adagrad,0.1,8300,100,face,3,5,0.105455636978149,3,1,0.15635504315358803,0.2577955829699124,0.288791160517992,0.07563337564740577,0.08985142229538363,0.15877673172582324
18,OnlineFPCA-adagrad,0.1,8400,100,face,3,5,0.108092069625854,3,1,0.17914213303480211,0.1712871661051671,0.2510507777092456,0.07660716984937874,0.09082577360354575,0.15600378747444021
18,OnlineFPCA-adagrad,0.1,8500,100,face,3,5,0.108242273330688,3,1,0.07548873613847192,0.11834266243232808,0.23071914891956224,0.07633503774966105,0.09077091145955835,0.1539823618549545
18,OnlineFPCA-adagrad,0.1,8600,100,face,3,5,0.107713937759399,3,1,0.042270778869420184,0.16445159875778936,0.228862356130258,0.07557353959008155,0.09108466665053938,0.15356019869308465
18,OnlineFPCA-adagrad,0.1,8700,100,face,3,5,0.106843709945679,3,1,0.09089290687656523,0.1184606995824617,0.21415115510343144,0.07478467238018442,0.09087082964732282,0.15343174054053302
18,OnlineFPCA-adagrad,0.1,8800,100,face,3,5,0.106459379196167,3,1,0.17922321291411814,0.20920014209400034,0.23017038825872504,0.07409822854781567,0.09022827521554226,0.1518479706547177
18,OnlineFPCA-adagrad,0.1,8900,100,face,3,5,0.107499361038208,3,1,0.09328279025588504,0.1603075205156999,0.2227619210379678,0.07434108972069764,0.08996961366305394,0.14939006515707182
18,OnlineFPCA-adagrad,0.1,9000,100,face,3,5,0.107330322265625,3,1,0.10902741654169457,0.27061994014814816,0.19758390886861898,0.07372916609617788,0.09105760138900153,0.14766682518898713
18,OnlineFPCA-adagrad,0.1,9100,100,face,3,5,0.108072519302368,3,1,0.11749061469311024,0.14272951172333537,0.2908295207343574,0.0722275314644663,0.0910770861841887,0.14611369494124232
18,OnlineFPCA-adagrad,0.1,9200,100,face,3,5,0.108503580093384,3,1,0.16834130713627482,0.18672169395120933,0.1850442048917672,0.0712756026909365,0.0912728960421882,0.14396946917511766
18,OnlineFPCA-adagrad,0.1,9300,100,face,3,5,0.107780694961548,3,1,0.11825393184891507,0.11399814706891767,0.20773842556641256,0.07048983149232264,0.09108358521008691,0.14316686836074505
18,OnlineFPCA-adagrad,0.1,9400,100,face,3,5,0.108387231826782,3,1,0.04255628512392254,0.14985109132950833,0.19829342579730588,0.06985270548451322,0.0902116301552304,0.14312778231487067
18,OnlineFPCA-adagrad,0.1,9500,100,face,3,5,0.108244895935059,3,1,0.21320039585406034,0.198485974965608,0.24339039201188375,0.06826804427154898,0.08912776521107692,0.14423637427567287
18,OnlineFPCA-adagrad,0.1,9600,100,face,3,5,0.110141038894653,3,1,0.18880993128314397,0.23032453307852674,0.23789519956394395,0.06694517548531025,0.08813522293529233,0.1449142199894472
18,OnlineFPCA-adagrad,0.1,9700,100,face,3,5,0.108045101165771,3,1,0.11707735289731146,0.15832653131286967,0.20047033826264893,0.06571545207296374,0.08708211087453692,0.14498463621322802
18,OnlineFPCA-adagrad,0.1,9800,100,face,3,5,0.109083890914917,3,1,0.1210303494703152,0.13531912692472764,0.2827131427978874,0.06436803137607057,0.08600852250626839,0.14620487256549553
18,OnlineFPCA-adagrad,0.1,9900,100,face,3,5,0.107860326766968,3,1,0.07751134103587866,0.1861340149231001,0.192250303905717,0.06369987572685697,0.08545473004932877,0.14745459786342902
18,OnlineFPCA-adagrad,0.1,10000,100,face,3,5,0.105616092681885,3,1,0.08822006453757975,0.17529225419342537,0.23557628240621947,0.06345443449174142,0.08528642123965093,0.14741098966567917
18,OnlineFPCA-adagrad,0.1,10100,100,face,3,5,0.107260704040527,3,1,0.09713062979198135,0.14282942581574393,0.1710322429911001,0.06297562363794051,0.08539066306923693,0.14666957472896225
18,OnlineFPCA-adagrad,0.1,10200,100,face,3,5,0.11046290397644,3,1,0.11223619631365742,0.11975514037276744,0.2297977095090606,0.06182091902683819,0.08543556111737362,0.1454947926782299
18,OnlineFPCA-adagrad,0.1,10300,100,face,3,5,0.108834266662598,3,1,0.08541344092374663,0.18195594221247235,0.1584609989520671,0.06050576346127329,0.08479461541577643,0.1451032298566987
18,OnlineFPCA-adagrad,0.1,10400,100,face,3,5,0.109157085418701,3,1,0.11852848312673098,0.11625730254450316,0.14733203533342015,0.059312852165894374,0.08441958951891666,0.14491895316063694
18,OnlineFPCA-adagrad,0.1,10500,100,face,3,5,0.108527183532715,3,1,0.12213374959009224,0.13784167044460877,0.1529616419931717,0.05823114974066333,0.08380141316623795,0.14491381609008372
18,OnlineFPCA-adagrad,0.1,10600,100,face,3,5,0.10907506942749,3,1,0.13300142593447284,0.1446121416423669,0.17267105658750173,0.057371033061676235,0.08264430251445869,0.14447722755810072
18,OnlineFPCA-adagrad,0.1,10700,100,face,3,5,0.108908414840698,3,1,0.11234517487466165,0.11221199461272754,0.19082261717357837,0.0569219407521023,0.081854737494846,0.14407451389927467
18,OnlineFPCA-adagrad,0.1,10800,100,face,3,5,0.112250089645386,3,1,0.09275615832217819,0.11089097991353955,0.24478577056346615,0.05620006239550605,0.08119605275042875,0.1450958175748112
18,OnlineFPCA-adagrad,0.1,10900,100,face,3,5,0.105964183807373,3,1,0.1343012886359901,0.18826765591224948,0.20877108639548772,0.05569473751391294,0.08105852333364817,0.14554605011113167
18,OnlineFPCA-adagrad,0.1,11000,100,face,3,5,0.109076499938965,3,1,0.11599462109386094,0.14955330717001875,0.20814864590407456,0.055635072165021206,0.08102163378252114,0.1455821829023395
18,OnlineFPCA-adagrad,0.1,11100,100,face,3,5,0.256572961807251,3,1,0.12094715518132089,0.13624764090319652,0.26908960840563023,0.05605168057117449,0.08063494169754415,0.1463947812235582
18,OnlineFPCA-adagrad,0.1,11200,100,face,3,5,0.108996868133545,3,1,0.10974286793368011,0.07792074985778237,0.16852172889382613,0.0563918741813186,0.0799502203675066,0.14744843011131537
18,OnlineFPCA-adagrad,0.1,11300,100,face,3,5,0.108797550201416,3,1,0.12772294006422,0.17359622022261423,0.2809038803243614,0.05631416705664422,0.07898318378617919,0.14687647372952883
18,OnlineFPCA-adagrad,0.1,11400,100,face,3,5,0.108856439590454,3,1,0.16683158061662018,0.10994415416116854,0.3032325278751527,0.05625408293388742,0.07820462957010835,0.14523604268103904
18,OnlineFPCA-adagrad,0.1,11500,100,face,3,5,0.111166000366211,3,1,0.1079117151358085,0.19449977211600417,0.23763046617267516,0.05620784048476753,0.07746064156460321,0.14501943659029948
18,OnlineFPCA-adagrad,0.1,11600,100,face,3,5,0.109294652938843,3,1,0.08036909739190637,0.20864521186864984,0.23872172325733937,0.05569834979236708,0.07690525926676278,0.14520362581900004
18,OnlineFPCA-adagrad,0.1,11700,100,face,3,5,0.106441020965576,3,1,0.07393497721467118,0.14740776957284965,0.1988337044208698,0.05476867475077588,0.07598271568791855,0.1455696199129597
18,OnlineFPCA-adagrad,0.1,11800,100,face,3,5,0.108988046646118,3,1,0.11564936707268532,0.1268186076967434,0.20007819270216254,0.05373310289572431,0.07471422215728632,0.14579337267697032
18,OnlineFPCA-adagrad,0.1,11900,100,face,3,5,0.108323097229004,3,1,0.11512108341719055,0.07887523276239367,0.3166480994751079,0.053095485626909564,0.07394758321586067,0.14644664642322763
18,OnlineFPCA-adagrad,0.1,12000,100,face,3,5,0.106914520263672,3,1,0.13111737933495868,0.10737712750297568,0.3533107760288055,0.05237958498658187,0.0735441561432492,0.14850750661599602
18,OnlineFPCA-adagrad,0.1,12100,100,face,3,5,0.109972953796387,3,1,0.10936869037500192,0.08199972309053452,0.2715826090376147,0.05154841143257653,0.07317380326509466,0.15064740718266048
18,OnlineFPCA-adagrad,0.1,12200,100,face,3,5,0.107100963592529,3,1,0.11658665104928156,0.12514371029086563,0.3268901801600738,0.050804912252915536,0.07263422790363186,0.15231489698827683
18,OnlineFPCA-adagrad,0.1,12300,100,face,3,5,0.106979608535767,3,1,0.05097977299090393,0.11308563190935844,0.33803829912715283,0.0505365312611468,0.07224636965461463,0.1543675351561184
18,OnlineFPCA-adagrad,0.1,12400,100,face,3,5,0.107955455780029,3,1,0.11075656375833842,0.19024635131001866,0.30463719979669707,0.050264990014796194,0.07234254162470842,0.15616823180021233
18,OnlineFPCA-adagrad,0.1,12500,100,face,3,5,0.106915712356567,3,1,0.0982313595170185,0.12266663799925312,0.2797573817998765,0.049440760568665365,0.0723811680562609,0.1568475375613168
18,OnlineFPCA-adagrad,0.1,12600,100,face,3,5,0.106724739074707,3,1,0.16783054614847884,0.1744407850685652,0.24111426998962715,0.04848306199444285,0.07265511189822693,0.15711205266142644
18,OnlineFPCA-adagrad,0.1,12700,100,face,3,5,0.103752136230469,3,1,0.1310920974477275,0.18264489608961618,0.2918041573029201,0.047339304712590055,0.07319612778068982,0.15697330664454426
18,OnlineFPCA-adagrad,0.1,12800,100,face,3,5,0.10598349571228,3,1,0.1279229987255829,0.20201813899911802,0.23666269705232224,0.04722464312036226,0.07408703690045779,0.1577626731363998
18,OnlineFPCA-adagrad,0.1,12900,100,face,3,5,0.10986065864563,3,1,0.1412439919146743,0.28911826344013736,0.2599384068636353,0.04737582015761215,0.07490789076116132,0.15770223986291507
18,OnlineFPCA-adagrad,0.1,13000,100,face,3,5,0.107330083847046,3,1,0.10724241427204642,0.27305411714468697,0.2717756519769324,0.04720437010510656,0.07609069129322167,0.1568039722448856
18,OnlineFPCA-adagrad,0.1,13100,100,face,3,5,0.108017683029175,3,1,0.1697412421584513,0.16972483138980493,0.2867549211928969,0.047538995565841576,0.07711228234378406,0.1549126975192496
18,OnlineFPCA-adagrad,0.1,13200,100,face,3,5,0.107357025146484,3,1,0.23184110220576057,0.13253735165832706,0.2611077743782304,0.047771250788740977,0.0774214670540115,0.15241314935852643
18,OnlineFPCA-adagrad,0.1,13300,100,face,3,5,0.107024908065796,3,1,0.13194669970148715,0.19818182547462976,0.2591986502471737,0.04800174723576174,0.07753371830198252,0.15030481165762175
18,OnlineFPCA-adagrad,0.1,13400,100,face,3,5,0.107541799545288,3,1,0.16780888823234028,0.14929152504301646,0.22659374676046484,0.04859110629095654,0.07794838358405597,0.1491332808525035
18,OnlineFPCA-adagrad,0.1,13500,100,face,3,5,0.106910228729248,3,1,0.07896020761805587,0.11638837298723433,0.20591270885388013,0.04884357830595655,0.07810763308646335,0.14807977281076715
18,OnlineFPCA-adagrad,0.1,13600,100,face,3,5,0.103279829025269,3,1,0.04286314544531899,0.14026773751970895,0.20055231393593734,0.048747910223753604,0.07844035853554496,0.14761099998747645
18,OnlineFPCA-adagrad,0.1,13700,100,face,3,5,0.106784582138062,3,1,0.07660150071434048,0.09974066061731975,0.19117419419932238,0.04863237888418368,0.07856316994832119,0.1472510397375069
18,OnlineFPCA-adagrad,0.1,13800,100,face,3,5,0.105700016021729,3,1,0.16388218754162265,0.17262335541743953,0.21900694876411778,0.04858192335056488,0.07843279358842548,0.14642249251265188
18,OnlineFPCA-adagrad,0.1,13900,100,face,3,5,0.107543468475342,3,1,0.0882361255247909,0.14395134789804725,0.21363323045329122,0.048804123683005,0.07824692798185684,0.14535676716494378
18,OnlineFPCA-adagrad,0.1,14000,100,face,3,5,0.10810661315918,3,1,0.09784690920392501,0.2412922465609604,0.18585051320801232,0.048841967457360136,0.07899961938755039,0.14465880173728582
18,OnlineFPCA-adagrad,0.1,14100,100,face,3,5,0.108278274536133,3,1,0.10253605746803977,0.1254184141234771,0.2479495651157279,0.04842713210560053,0.07928262390975266,0.14406854254878357
18,OnlineFPCA-adagrad,0.1,14200,100,face,3,5,0.10817289352417,3,1,0.1373813040689554,0.1641469953380263,0.16407790549224188,0.048205971827120234,0.07956748849287812,0.1432218399406563
18,OnlineFPCA-adagrad,0.1,14300,100,face,3,5,0.108582258224487,3,1,0.11313424965131434,0.10691331101528674,0.18552073613144654,0.04813640160629403,0.07964104821618008,0.14282437369221598
18,OnlineFPCA-adagrad,0.1,14400,100,face,3,5,0.109941244125366,3,1,0.024905244804292938,0.1340810201188415,0.17062304228102626,0.04809484489886403,0.07933397242981535,0.14268764238369933
18,OnlineFPCA-adagrad,0.1,14500,100,face,3,5,0.109127283096313,3,1,0.18065238319594068,0.1667288859010825,0.21326285417174926,0.04759974234639677,0.07895626097578728,0.1430403982763121
18,OnlineFPCA-adagrad,0.1,14600,100,face,3,5,0.10906982421875,3,1,0.17555774274473834,0.19565436352603602,0.2156947420679582,0.04724989817154019,0.07866956392084862,0.14325033881089852
18,OnlineFPCA-adagrad,0.1,14700,100,face,3,5,0.10877513885498,3,1,0.11128113189030603,0.14221557166448515,0.1901024832290546,0.04695138469581766,0.0784130974229822,0.1432327198362049
18,OnlineFPCA-adagrad,0.1,14800,100,face,3,5,0.112552404403687,3,1,0.11668576113234047,0.11967798703720607,0.2531996195064018,0.04653883931234666,0.07808683364376187,0.14373883364067291
18,OnlineFPCA-adagrad,0.1,14900,100,face,3,5,0.107721328735352,3,1,0.07411774492297499,0.16846252776246812,0.1869906121846383,0.046427683962364324,0.07799047015250386,0.14434617765764507
18,OnlineFPCA-adagrad,0.1,15000,100,face,3,5,0.254379034042358,3,1,0.07679781771702796,0.15412187005686062,0.2221174195747168,0.046452828115275464,0.0779922401727524,0.14436219482839213
18,OnlineFPCA-adagrad,0.1,0,100,face,3,5,6.35740375518799,4,1,2.0011133431060673,1.99867369630776,0.4377987864689434,2.0011133431060673,1.99867369630776,0.4377987864689434
18,OnlineFPCA-adagrad,0.1,100,100,face,3,5,0.24944806098938,4,1,1.9388645366989086,1.625562893538898,1.509283280653943,NA,NA,NA
18,OnlineFPCA-adagrad,0.1,200,100,face,3,5,0.247750043869019,4,1,1.874146005430976,1.0017888446739656,1.9069351732412947,NA,NA,NA
18,OnlineFPCA-adagrad,0.1,300,100,face,3,5,0.245260953903198,4,1,1.82355919604063,1.7556143803907927,1.2186238339912776,NA,NA,NA
18,OnlineFPCA-adagrad,0.1,400,100,face,3,5,0.246145009994507,4,1,1.958884092042591,0.3737910291405065,1.344435650948134,NA,NA,NA
18,OnlineFPCA-adagrad,0.1,500,100,face,3,5,0.249711990356445,4,1,0.6188882052095204,0.8654195906163632,1.0001313232281042,NA,NA,NA
18,OnlineFPCA-adagrad,0.1,600,100,face,3,5,0.2482750415802,4,1,0.6046819812570412,0.8585386375570769,0.9912472338790106,NA,NA,NA
18,OnlineFPCA-adagrad,0.1,700,100,face,3,5,0.248216867446899,4,1,0.5938619507607595,0.852022734947592,0.9872934793157797,NA,NA,NA
18,OnlineFPCA-adagrad,0.1,800,100,face,3,5,0.253947019577026,4,1,0.5717616441648453,0.8308129001142974,0.9750704251064253,NA,NA,NA
18,OnlineFPCA-adagrad,0.1,900,100,face,3,5,0.25114369392395,4,1,0.5336674081248509,0.7898563829151392,0.944265300525605,NA,NA,NA
18,OnlineFPCA-adagrad,0.1,1000,100,face,3,5,0.245356559753418,4,1,0.5060737158992558,0.7865002253039411,0.9074669419719579,NA,NA,NA
18,OnlineFPCA-adagrad,0.1,1100,100,face,3,5,0.342659711837769,4,1,0.44194163647047796,0.7738020782751396,0.7906552081660926,0.45981122301702987,0.7803569201680756,0.8180993326847178
18,OnlineFPCA-adagrad,0.1,1200,100,face,3,5,0.341923475265503,4,1,0.35233857911370325,0.74616277542327,0.7522116718612574,0.42333431267894156,0.7704675832692586,0.7849422076476728
18,OnlineFPCA-adagrad,0.1,1300,100,face,3,5,0.351378679275513,4,1,0.9102429030724855,0.8035155830640954,0.6751955193793736,0.225587110141119,0.7245341322291198,0.7529032437022256
18,OnlineFPCA-adagrad,0.1,1400,100,face,3,5,0.330155849456787,4,1,0.2750781146781909,0.7283022379315107,0.7094499635392489,0.16574447158348607,0.7095113743061823,0.7250715004594483
18,OnlineFPCA-adagrad,0.1,1500,100,face,3,5,0.338007211685181,4,1,0.8971600518157021,0.6899067776294288,0.6546491817382468,0.14527612419804467,0.7023254919357237,0.7088038063288049
18,OnlineFPCA-adagrad,0.1,1600,100,face,3,5,0.339496612548828,4,1,0.20184676182384773,0.6795024274093383,0.6595323276032973,0.1366048131437968,0.6970285134543344,0.6965813724498676
18,OnlineFPCA-adagrad,0.1,1700,100,face,3,5,0.337815523147583,4,1,0.1967162139405736,0.6751736715869445,0.6562423980031771,0.13592382991261814,0.6931021772933448,0.6885187809833828
18,OnlineFPCA-adagrad,0.1,1800,100,face,3,5,0.330272197723389,4,1,0.19277817285822213,0.6724453594865077,0.655354586830591,0.1374704965632435,0.6899774940616686,0.682669900950408
18,OnlineFPCA-adagrad,0.1,1900,100,face,3,5,0.334298133850098,4,1,0.18834242571691617,0.6724633711447299,0.6558378173695887,0.13923455979202065,0.6875135694017251,0.6783837529164304
18,OnlineFPCA-adagrad,0.1,2000,100,face,3,5,0.33886981010437,4,1,0.18704555088702027,0.6703405165299762,0.6561495674111034,0.14115874450293675,0.6855201622644165,0.6752284397031922
18,OnlineFPCA-adagrad,0.1,2100,100,face,3,5,0.329717874526978,4,1,0.20616595705308013,0.6440214897443886,0.6488277513300381,0.1379565310508949,0.6822021836210738,0.6733094674554208
18,OnlineFPCA-adagrad,0.1,2200,100,face,3,5,0.331274509429932,4,1,0.2984564092463821,0.5823551136858748,0.590713586925972,0.12974649345472214,0.6742558261768743,0.6676255625341326
18,OnlineFPCA-adagrad,0.1,2300,100,face,3,5,0.327374219894409,4,1,0.10064128546166798,0.5751818610678456,0.5797181067785895,0.12247187509666264,0.6649607287648771,0.6607091227797947
18,OnlineFPCA-adagrad,0.1,2400,100,face,3,5,0.340957641601562,4,1,0.2586936123033039,0.5913709264286905,0.5412876208338652,0.11817099152087979,0.6576324158291273,0.6537188385139642
18,OnlineFPCA-adagrad,0.1,2500,100,face,3,5,0.329964876174927,4,1,0.21951707388385946,0.5238450004706973,0.5212530792537993,0.11041578298087379,0.648703410819261,0.6432789133105422
18,OnlineFPCA-adagrad,0.1,2600,100,face,3,5,0.355646133422852,4,1,0.22449867371868892,0.507966274998071,0.47560334664690335,0.09932466117100561,0.6380723352988162,0.6305904054650524
18,OnlineFPCA-adagrad,0.1,2700,100,face,3,5,0.360246181488037,4,1,0.20261012507447385,0.5800529350084354,0.5311643947625514,0.0946579187140539,0.6299428708239094,0.6205866693123574
18,OnlineFPCA-adagrad,0.1,2800,100,face,3,5,0.361756801605225,4,1,0.15470085194046798,0.5612400789989686,0.5706191094240776,0.09309176018362003,0.6256995163958416,0.6160389745057222
18,OnlineFPCA-adagrad,0.1,2900,100,face,3,5,0.362470149993896,4,1,0.19245515347726902,0.6000170935745566,0.6073865616153817,0.09219500408565595,0.6221660872753312,0.6130503725237083
18,OnlineFPCA-adagrad,0.1,3000,100,face,3,5,0.360395193099976,4,1,0.17488021778687698,0.51657847280268,0.6118075188457834,0.08796481613178361,0.6193865516681685,0.609381928422119
18,OnlineFPCA-adagrad,0.1,3100,100,face,3,5,0.357476711273193,4,1,0.219085142781351,0.45302396972538833,0.5855813132982359,0.08420427082780658,0.6111717622298326,0.6014850926474109
18,OnlineFPCA-adagrad,0.1,3200,100,face,3,5,0.356789588928223,4,1,0.2919139925432368,0.41937225037734416,0.5047207744813704,0.07945904667151883,0.599103826423166,0.5904172489965616
18,OnlineFPCA-adagrad,0.1,3300,100,face,3,5,0.356557369232178,4,1,0.20420480439760402,0.4679401760160761,0.5161728445969398,0.07906253354400695,0.5878578548842857,0.5815295693258135
18,OnlineFPCA-adagrad,0.1,3400,100,face,3,5,0.498920679092407,4,1,0.18539343084115006,0.44392337118479325,0.45240540922992933,0.08115065314904168,0.5801448518507005,0.573876610019758
18,OnlineFPCA-adagrad,0.1,3500,100,face,3,5,0.356649160385132,4,1,0.08309348226390323,0.37437889653856604,0.45184196194220605,0.07977379370144742,0.5722946444366095,0.5679527183061193
18,OnlineFPCA-adagrad,0.1,3600,100,face,3,5,0.356648683547974,4,1,0.03918429935529292,0.40520530063153726,0.47958747091173265,0.077765628297994,0.564879216499977,0.5621080040255514
18,OnlineFPCA-adagrad,0.1,3700,100,face,3,5,0.356002330780029,4,1,0.09766987433732026,0.35508956003482806,0.42189654366583584,0.07570245337482896,0.5570819477274531,0.5565677496100216
18,OnlineFPCA-adagrad,0.1,3800,100,face,3,5,0.357324600219727,4,1,0.18776702529938466,0.4203216483300107,0.3819766120043765,0.07543959729082438,0.5485920459495429,0.549486467274638
18,OnlineFPCA-adagrad,0.1,3900,100,face,3,5,0.352916240692139,4,1,0.10388921847468784,0.3280006290275193,0.3559866210155914,0.07715048582939546,0.5394413521897008,0.5412542108149166
18,OnlineFPCA-adagrad,0.1,4000,100,face,3,5,0.355952739715576,4,1,0.07597769664081044,0.5328122669558193,0.5343013662853585,0.07597769664081044,0.5328122669558193,0.5343013662853585
18,OnlineFPCA-adagrad,0.1,4100,100,face,3,5,0.356816291809082,4,1,0.1467021596943949,0.44434169915258703,0.48827168731485776,0.08444854601725742,0.46147183128083813,0.4707454780835297
18,OnlineFPCA-adagrad,0.1,4200,100,face,3,5,0.352429389953613,4,1,0.21200681037180039,0.43185336024931587,0.410843150499334,0.06704589334353753,0.4383503334896232,0.4493491390629792
18,OnlineFPCA-adagrad,0.1,4300,100,face,3,5,0.355805397033691,4,1,0.13388468697573325,0.34168309342215053,0.39965813276086,0.06267924717294196,0.419623989193635,0.43066950525741715
18,OnlineFPCA-adagrad,0.1,4400,100,face,3,5,0.363231420516968,4,1,0.08558259432888342,0.3418762781138873,0.34461028558075196,0.06171522467334429,0.39190049958826456,0.40613850624871584
18,OnlineFPCA-adagrad,0.1,4500,100,face,3,5,0.35651159286499,4,1,0.2589845968664007,0.39277110049051783,0.42250476726155,0.04183081112277557,0.37285898286831237,0.3960757589807581
18,OnlineFPCA-adagrad,0.1,4600,100,face,3,5,0.355492115020752,4,1,0.2067037445183532,0.4162817960225638,0.34107180748200583,0.05746570662155566,0.3619411190144112,0.3907471276270123
18,OnlineFPCA-adagrad,0.1,4700,100,face,3,5,0.358400583267212,4,1,0.12608976397022073,0.29271785989023125,0.30222448163040355,0.06206000366839633,0.3415579889681603,0.3739808236819764
18,OnlineFPCA-adagrad,0.1,4800,100,face,3,5,0.356626033782959,4,1,0.1256267368244335,0.2391887273976663,0.40491994466711456,0.06673579396116613,0.32557838246092274,0.3646373430760826
18,OnlineFPCA-adagrad,0.1,4900,100,face,3,5,0.356916189193726,4,1,0.0937519632403502,0.2979938420969823,0.2625095182889328,0.06386587966184441,0.3096261374097059,0.35704224081836694
18,OnlineFPCA-adagrad,0.1,5000,100,face,3,5,0.355192422866821,4,1,0.11597406927504712,0.30389344349022424,0.2906591764684614,0.06106700867026306,0.2960236442217911,0.3428916085999854
18,OnlineFPCA-adagrad,0.1,5100,100,face,3,5,0.105601787567139,4,1,0.13799781427653235,0.2212755463123583,0.22055536633148473,0.05575656046945407,0.2844274885571375,0.32650522781576446
18,OnlineFPCA-adagrad,0.1,5200,100,face,3,5,0.108084678649902,4,1,0.14105253021128752,0.18462454879805754,0.2984090035726647,0.04987900747729567,0.27474939662384085,0.31305131595236574
18,OnlineFPCA-adagrad,0.1,5300,100,face,3,5,0.105448484420776,4,1,0.10397847489752853,0.2693115821081801,0.22916546526081075,0.04626381122959909,0.2643958940517227,0.30543680265881734
18,OnlineFPCA-adagrad,0.1,5400,100,face,3,5,0.112522840499878,4,1,0.13327398878526409,0.15559644575286447,0.18219236184387935,0.04527773163032773,0.25720112213728347,0.295765022489684
18,OnlineFPCA-adagrad,0.1,5500,100,face,3,5,0.104363441467285,4,1,0.1388598056439396,0.18272164879689598,0.17494916546071823,0.044513759216476274,0.24742336188839073,0.28739886209970233
18,OnlineFPCA-adagrad,0.1,5600,100,face,3,5,0.104511260986328,4,1,0.15837493013067266,0.17954706242210883,0.20333846539178027,0.04642654487213105,0.23718171637069604,0.27694396346746886
18,OnlineFPCA-adagrad,0.1,5700,100,face,3,5,0.102256536483765,4,1,0.11653597592335302,0.13587223096820775,0.22329033212744917,0.04548044715657164,0.22830333488101584,0.2657780099312972
18,OnlineFPCA-adagrad,0.1,5800,100,face,3,5,0.104835510253906,4,1,0.10619218081777482,0.1447450406779979,0.30183488073165204,0.043460084199229754,0.21941656202901696,0.2601923835339103
18,OnlineFPCA-adagrad,0.1,5900,100,face,3,5,0.105453252792358,4,1,0.1829665357401403,0.23460786926058733,0.23331072751306586,0.03707410476352728,0.2107321754884712,0.2521950067774338
18,OnlineFPCA-adagrad,0.1,6000,100,face,3,5,0.1053786277771,4,1,0.14841359399692877,0.19163893750812713,0.23921702431093428,0.034287778265866514,0.20190082234713286,0.24412686317263682
18,OnlineFPCA-adagrad,0.1,6100,100,face,3,5,0.104677438735962,4,1,0.12356040239191636,0.15942238955312615,0.29819401098856896,0.03465886435420386,0.1927430552517385,0.23919832627846724
18,OnlineFPCA-adagrad,0.1,6200,100,face,3,5,0.104838371276855,4,1,0.11677187497059732,0.09928509180282316,0.1584630503546899,0.03595878129711099,0.18407795316008171,0.2349977961421198
18,OnlineFPCA-adagrad,0.1,6300,100,face,3,5,0.104258060455322,4,1,0.14888585075289296,0.22639341401880544,0.3148642076276249,0.03757949273849889,0.17642934488756798,0.22790926649391385
18,OnlineFPCA-adagrad,0.1,6400,100,face,3,5,0.105724096298218,4,1,0.18326720676154484,0.13790251118299396,0.35580717800099854,0.040335840090900875,0.16996152797581351,0.21799915003381867
18,OnlineFPCA-adagrad,0.1,6500,100,face,3,5,0.106935262680054,4,1,0.1160865745805398,0.23409830983105487,0.2779795685769969,0.04208896801803493,0.16280648045100946,0.21307071883418482
18,OnlineFPCA-adagrad,0.1,6600,100,face,3,5,0.107177734375,4,1,0.0848046592551796,0.23376864287931187,0.28019194905183376,0.04203478686673811,0.15680538392739302,0.20939493051537994
18,OnlineFPCA-adagrad,0.1,6700,100,face,3,5,0.10828423500061,4,1,0.09167682481098548,0.1669662587612271,0.23707078026724246,0.041285986392537125,0.15154296158613,0.2068742055682718
18,OnlineFPCA-adagrad,0.1,6800,100,face,3,5,0.107851982116699,4,1,0.14119525093128357,0.1886564668061732,0.22572537526101652,0.04066636304048576,0.14626796910385045,0.2043432274353912
18,OnlineFPCA-adagrad,0.1,6900,100,face,3,5,0.104902267456055,4,1,0.13767402075814936,0.09040446114809991,0.38085457122719746,0.03980347313582586,0.1425806346114725,0.20370407733622273
18,OnlineFPCA-adagrad,0.1,7000,100,face,3,5,0.102547407150269,4,1,0.15714165938783195,0.11538124959275227,0.4090125063485137,0.038349573323751246,0.13938762531496812,0.20671797904878803
18,OnlineFPCA-adagrad,0.1,7100,100,face,3,5,0.108594179153442,4,1,0.1372983208526737,0.11560168796477292,0.3032086111183956,0.03672993866083295,0.13721388715410418,0.21037419955992165
18,OnlineFPCA-adagrad,0.1,7200,100,face,3,5,0.110004186630249,4,1,0.15655407313396652,0.15105647303525566,0.3721233430105445,0.03524596801815693,0.1347825909932555,0.21295765561263258
18,OnlineFPCA-adagrad,0.1,7300,100,face,3,5,0.105947017669678,4,1,0.06429702709412856,0.1410434700491719,0.3752029230767446,0.03583845705007378,0.13295867567082548,0.21680424252355138
18,OnlineFPCA-adagrad,0.1,7400,100,face,3,5,0.112218141555786,4,1,0.1303786322245952,0.21951679131341567,0.3215045813178111,0.036583692974551905,0.13213382962049014,0.21968142089854964
18,OnlineFPCA-adagrad,0.1,7500,100,face,3,5,0.105519533157349,4,1,0.12085326347516696,0.15126619978782171,0.3109495360935011,0.03499971459851287,0.13165207136479926,0.2192413391940367
18,OnlineFPCA-adagrad,0.1,7600,100,face,3,5,0.10316276550293,4,1,0.1942361881493604,0.21075804743939058,0.26242838937581364,0.032072109129680414,0.13132728427779686,0.2179089997661641
18,OnlineFPCA-adagrad,0.1,7700,100,face,3,5,0.105682611465454,4,1,0.1616849337384292,0.2270218212482547,0.31270598054591536,0.029348337560961734,0.1319316980624058,0.2161678799754405
18,OnlineFPCA-adagrad,0.1,7800,100,face,3,5,0.106245756149292,4,1,0.14226734244234107,0.23434526711608822,0.2554175225341162,0.030296520356481626,0.13301409109822612,0.21688110516800768
18,OnlineFPCA-adagrad,0.1,7900,100,face,3,5,0.10613751411438,4,1,0.16747119650004413,0.3274721677028213,0.2903612007096913,0.030743731688922093,0.13399487897801557,0.21554384155438988
18,OnlineFPCA-adagrad,0.1,8000,100,face,3,5,0.106003046035767,4,1,0.12512874269028526,0.2820070045868253,0.324280298487997,0.029980547696690514,0.13598570808007085,0.21245537938849063
18,OnlineFPCA-adagrad,0.1,8100,100,face,3,5,0.105518817901611,4,1,0.19143059645041866,0.1753147516609168,0.3702870149552681,0.030762535774609585,0.13672519271289985,0.2069971535346084
18,OnlineFPCA-adagrad,0.1,8200,100,face,3,5,0.103418827056885,4,1,0.2590950593925867,0.13632295048057108,0.3238556859279996,0.03163467440989126,0.1355835669106343,0.20017608638468606
18,OnlineFPCA-adagrad,0.1,8300,100,face,3,5,0.105413198471069,4,1,0.15503809354882014,0.26723625833005354,0.28695245638093736,0.03200422736706521,0.13387550595076103,0.19448220587865409
18,OnlineFPCA-adagrad,0.1,8400,100,face,3,5,0.106330633163452,4,1,0.1772003958259736,0.17745601979383083,0.25216238534916113,0.03322069995442856,0.1326418590593432,0.19142174007935422
18,OnlineFPCA-adagrad,0.1,8500,100,face,3,5,0.105796098709106,4,1,0.07463909111802676,0.11908797792126291,0.23440382487398334,0.03391647484562763,0.13123494334153382,0.18902292328382964
18,OnlineFPCA-adagrad,0.1,8600,100,face,3,5,0.105492830276489,4,1,0.04157359240115313,0.16928034851295268,0.23234126231958152,0.033503032938294534,0.13055882820667034,0.18815481295471165
18,OnlineFPCA-adagrad,0.1,8700,100,face,3,5,0.104792833328247,4,1,0.08859406272085482,0.122415839889989,0.2169073574290184,0.03358977634832353,0.1299156062067528,0.18769381767457016
18,OnlineFPCA-adagrad,0.1,8800,100,face,3,5,0.1044602394104,4,1,0.1791141278254671,0.2165088422906568,0.22959495090022644,0.0336695103965147,0.1290880479484317,0.1861524217231226
18,OnlineFPCA-adagrad,0.1,8900,100,face,3,5,0.107943296432495,4,1,0.09286769442106174,0.16366247701894615,0.22122603523833145,0.03409842106899524,0.1279443992282955,0.18389936637705762
18,OnlineFPCA-adagrad,0.1,9000,100,face,3,5,0.102948188781738,4,1,0.10851027049648329,0.27768153793475536,0.19778537772294777,0.03458660342444619,0.12878607370863446,0.18247556260994394
18,OnlineFPCA-adagrad,0.1,9100,100,face,3,5,0.106537103652954,4,1,0.11614656515471722,0.14704851455071238,0.28595495361682166,0.033788559006382064,0.12866760583882614,0.18088633336817572
18,OnlineFPCA-adagrad,0.1,9200,100,face,3,5,0.105565071105957,4,1,0.16642568225144458,0.1906649827889504,0.18354722042569258,0.03375879404372483,0.12862074645003763,0.1788808041615317
18,OnlineFPCA-adagrad,0.1,9300,100,face,3,5,0.105105876922607,4,1,0.119097271798679,0.11599723406717177,0.2061345632582323,0.034111614482029394,0.12843299183408058,0.17803613391872558
18,OnlineFPCA-adagrad,0.1,9400,100,face,3,5,0.245527267456055,4,1,0.04103909976002776,0.15509817205121784,0.19564516848782387,0.034419123790184185,0.12723061562915888,0.177300426691786
18,OnlineFPCA-adagrad,0.1,9500,100,face,3,5,0.103259086608887,4,1,0.21127359253546057,0.2051995237163002,0.2413886969143335,0.03361815973573009,0.1260219733804868,0.17746625409091926
18,OnlineFPCA-adagrad,0.1,9600,100,face,3,5,0.100428342819214,4,1,0.18832381001657933,0.23787350677951477,0.23623346415067278,0.03383741350481436,0.12529347226130919,0.17747842845060557
18,OnlineFPCA-adagrad,0.1,9700,100,face,3,5,0.103169441223145,4,1,0.11763480148358958,0.16250123228576524,0.20042521210056155,0.034168286028684054,0.12429526872458944,0.1768374007581491
18,OnlineFPCA-adagrad,0.1,9800,100,face,3,5,0.102931022644043,4,1,0.12129233162279675,0.13957339779738054,0.28108991122083576,0.034122193148998364,0.1232538515674264,0.17722308992749702
18,OnlineFPCA-adagrad,0.1,9900,100,face,3,5,0.10509204864502,4,1,0.07718566315668567,0.19016505006877032,0.19274997799012888,0.034501361392471994,0.1223912958001291,0.1777619309420482
18,OnlineFPCA-adagrad,0.1,10000,100,face,3,5,0.105662107467651,4,1,0.08751374935851694,0.18010396487870214,0.2351285962539912,0.03483098025454971,0.1216347709615287,0.17715602332392397
18,OnlineFPCA-adagrad,0.1,10100,100,face,3,5,0.106281518936157,4,1,0.0966137074277642,0.1457749790177806,0.17035874995081496,0.034892506959053896,0.12118808699417027,0.17604699388026174
18,OnlineFPCA-adagrad,0.1,10200,100,face,3,5,0.103866577148438,4,1,0.11104962606490415,0.12217991924118363,0.22842623569146478,0.034230142807001956,0.12085985361403352,0.1746602673852803
18,OnlineFPCA-adagrad,0.1,10300,100,face,3,5,0.104103803634644,4,1,0.08499245835271599,0.1859274244720357,0.1584046437159,0.033432705031521626,0.1200800221475842,0.17401772618052772
18,OnlineFPCA-adagrad,0.1,10400,100,face,3,5,0.104667663574219,4,1,0.11786610083735112,0.11662723753996317,0.14779609953333833,0.03279750741850552,0.11957484660098303,0.17351809556743375
18,OnlineFPCA-adagrad,0.1,10500,100,face,3,5,0.104680776596069,4,1,0.12185327011141092,0.1412217148880308,0.1530253205065343,0.032209171087586946,0.11874819630889538,0.17314498605808462
18,OnlineFPCA-adagrad,0.1,10600,100,face,3,5,0.104822158813477,4,1,0.13211879008091496,0.147342746533238,0.17175390745544633,0.032189764219198884,0.1174823057368281,0.17227915469897748
18,OnlineFPCA-adagrad,0.1,10700,100,face,3,5,0.10441255569458,4,1,0.112016669876982,0.11387786481050506,0.19039522536063447,0.032167782973914004,0.11629579954065726,0.1713377859596654
18,OnlineFPCA-adagrad,0.1,10800,100,face,3,5,0.103884220123291,4,1,0.09262277163541294,0.11225216034595686,0.24259946595549647,0.03170795035861769,0.11520859661011396,0.17162583558458938
18,OnlineFPCA-adagrad,0.1,10900,100,face,3,5,0.101107358932495,4,1,0.13355360939276364,0.1919116516107092,0.2080160385702323,0.031004890157391014,0.11423528102898167,0.1713534203320792
18,OnlineFPCA-adagrad,0.1,11000,100,face,3,5,0.103718757629395,4,1,0.11672015199453464,0.1515921962696774,0.20723408122212597,0.030777472045453107,0.11319094515695242,0.17069389821544842
18,OnlineFPCA-adagrad,0.1,11100,100,face,3,5,0.104416608810425,4,1,0.12095062865830575,0.1374535480661918,0.268162838870849,0.031470091987883045,0.11184572305550132,0.17065084961638824
18,OnlineFPCA-adagrad,0.1,11200,100,face,3,5,0.104402303695679,4,1,0.10951961371255635,0.0780509587992336,0.16914736282841875,0.032170775900514766,0.11032917931915211,0.17079395838529102
18,OnlineFPCA-adagrad,0.1,11300,100,face,3,5,0.104560613632202,4,1,0.12719878501554596,0.17913299794705403,0.2795160174122516,0.03267400013155123,0.10897050463706272,0.16960589193978495
18,OnlineFPCA-adagrad,0.1,11400,100,face,3,5,0.113860368728638,4,1,0.16627433364967636,0.11305599530646362,0.302386068067785,0.03308719180111624,0.10791575796774282,0.16756595433077587
18,OnlineFPCA-adagrad,0.1,11500,100,face,3,5,0.105377197265625,4,1,0.10749677452840485,0.19821513227086326,0.23744273043780792,0.03367820745836057,0.10675149378060778,0.16673247047267908
18,OnlineFPCA-adagrad,0.1,11600,100,face,3,5,0.106725931167603,4,1,0.08032288288163697,0.21218861433627137,0.23762730519907171,0.033839714374875665,0.10576819380229695,0.16635354531870508
18,OnlineFPCA-adagrad,0.1,11700,100,face,3,5,0.105916500091553,4,1,0.07494432618971461,0.14875654557800502,0.1987962013369775,0.033575327397193315,0.10466272350777737,0.1661801581325421
18,OnlineFPCA-adagrad,0.1,11800,100,face,3,5,0.107978820800781,4,1,0.11561761712516759,0.13167912355115377,0.1996429182715065,0.03332175528548033,0.10342044973606097,0.16590716600248173
18,OnlineFPCA-adagrad,0.1,11900,100,face,3,5,0.108062028884888,4,1,0.11457558851040053,0.0792502112798396,0.3158730057223166,0.033270291738775354,0.10254787030092768,0.1661568703757647
18,OnlineFPCA-adagrad,0.1,12000,100,face,3,5,0.108146190643311,4,1,0.13011694063375678,0.10837651061244537,0.35159365845253976,0.033006605609371,0.1018819260739975,0.16760556199866813
18,OnlineFPCA-adagrad,0.1,12100,100,face,3,5,0.104920625686646,4,1,0.10872262138054607,0.08336700320934934,0.2715172075815135,0.0324253821332115,0.10135191837394242,0.1692456609012208
18,OnlineFPCA-adagrad,0.1,12200,100,face,3,5,0.105485677719116,4,1,0.1155897051317751,0.12756962232949998,0.326970235789662,0.031822284162577714,0.10068876925066547,0.1704507825359712
18,OnlineFPCA-adagrad,0.1,12300,100,face,3,5,0.108277320861816,4,1,0.05118770646018772,0.11403345569465949,0.33804216769653206,0.03194790281580567,0.10020805843395235,0.17203145009193221
18,OnlineFPCA-adagrad,0.1,12400,100,face,3,5,0.105927467346191,4,1,0.11015209844686838,0.19232252801833663,0.3039804263892799,0.03205406277391571,0.10020119817560619,0.17344996356548006
18,OnlineFPCA-adagrad,0.1,12500,100,face,3,5,0.105487585067749,4,1,0.09763050078321805,0.12303321903796427,0.2787744964439461,0.03148865763604492,0.10017427803008119,0.1739169370688486
18,OnlineFPCA-adagrad,0.1,12600,100,face,3,5,0.105603218078613,4,1,0.16673048493727186,0.17756277264562106,0.24028362190688418,0.030543295446978796,0.1002548764003468,0.1739850918368869
18,OnlineFPCA-adagrad,0.1,12700,100,face,3,5,0.105187654495239,4,1,0.13032636115554908,0.18352793568393053,0.29093888145817765,0.029349822551835877,0.10068652667775035,0.17373842360392613
18,OnlineFPCA-adagrad,0.1,12800,100,face,3,5,0.102402687072754,4,1,0.1277136557247017,0.20282322530148547,0.2363222957787458,0.029417523464285736,0.1012873852655458,0.17434518350813544
18,OnlineFPCA-adagrad,0.1,12900,100,face,3,5,0.104077816009521,4,1,0.1404261823813908,0.2921714103714106,0.2586400667864006,0.029792842376754138,0.10183494833416004,0.1742191052313366
18,OnlineFPCA-adagrad,0.1,13000,100,face,3,5,0.108182430267334,4,1,0.1075777452664535,0.2742901319555227,0.2690701934605741,0.0297927619691275,0.10274143352195231,0.17339585100742913
18,OnlineFPCA-adagrad,0.1,13100,100,face,3,5,0.105810880661011,4,1,0.1695809214976442,0.1693801365248209,0.28233599436829965,0.030299271426005872,0.10331887637971164,0.17167948875193312
18,OnlineFPCA-adagrad,0.1,13200,100,face,3,5,0.105018854141235,4,1,0.23134264903832644,0.13228342065476595,0.2580585235468898,0.030687989390505856,0.10319513954462552,0.16933754782580435
18,OnlineFPCA-adagrad,0.1,13300,100,face,3,5,0.106445550918579,4,1,0.13171211616405487,0.20128227129261006,0.25738698506813507,0.030958086928272757,0.10285619208220581,0.16733907996728054
18,OnlineFPCA-adagrad,0.1,13400,100,face,3,5,0.104704141616821,4,1,0.16706461695729896,0.1508862531583192,0.2261648413271164,0.03148335869911447,0.102654509481628,0.16610945601644955
18,OnlineFPCA-adagrad,0.1,13500,100,face,3,5,0.111987829208374,4,1,0.07885858866260233,0.11595487182982875,0.20634009455356195,0.03189995095815766,0.10235977523916227,0.16499090468466615
18,OnlineFPCA-adagrad,0.1,13600,100,face,3,5,0.107842683792114,4,1,0.04268558373715227,0.14098802990231324,0.20072694292426116,0.031801454759576554,0.10230134624230748,0.16443878998078648
18,OnlineFPCA-adagrad,0.1,13700,100,face,3,5,0.108073234558105,4,1,0.07564265719939438,0.09955967431408373,0.19110835857443617,0.03179976338066518,0.10216858380694682,0.1640099892414493
18,OnlineFPCA-adagrad,0.1,13800,100,face,3,5,0.107675790786743,4,1,0.16366510287681338,0.17494601401418367,0.21769983018125438,0.03187805445399119,0.10187972929359662,0.1631854689210076
18,OnlineFPCA-adagrad,0.1,13900,100,face,3,5,0.10505223274231,4,1,0.08807164995858707,0.1450860259647641,0.21220382790844594,0.032031749429646365,0.10140633430785746,0.16214734191567612
18,OnlineFPCA-adagrad,0.1,14000,100,face,3,5,0.105547666549683,4,1,0.09757705568328615,0.24425349046699268,0.18511825097248547,0.03229475372157421,0.10192523015533733,0.16150091554496562
18,OnlineFPCA-adagrad,0.1,14100,100,face,3,5,0.10295581817627,4,1,0.10197056037225524,0.12623096514283677,0.24531717166035746,0.032028866275420724,0.10204044023636195,0.1608863116651579
18,OnlineFPCA-adagrad,0.1,14200,100,face,3,5,0.105749845504761,4,1,0.13654416332685954,0.16520617730850481,0.16283456028502605,0.03199428758898756,0.10215261503107488,0.16005385559897492
18,OnlineFPCA-adagrad,0.1,14300,100,face,3,5,0.105674982070923,4,1,0.1133069386489273,0.1069760985869123,0.18437420847647756,0.032207094285577664,0.10213993932066469,0.15964612758011357
18,OnlineFPCA-adagrad,0.1,14400,100,face,3,5,0.107093095779419,4,1,0.0245828331211157,0.13613971485843268,0.16931038036896268,0.03238901697938907,0.10169120351509907,0.159350291425506
18,OnlineFPCA-adagrad,0.1,14500,100,face,3,5,0.106472969055176,4,1,0.17968387841091316,0.1695005756459753,0.21208220504540312,0.032108791681936394,0.10122631241073825,0.15948284225605752
18,OnlineFPCA-adagrad,0.1,14600,100,face,3,5,0.105113744735718,4,1,0.17518682874546804,0.19885782955054593,0.21455644290968856,0.03219566280439085,0.10095537769970186,0.15952948314726834
18,OnlineFPCA-adagrad,0.1,14700,100,face,3,5,0.10295033454895,4,1,0.11142225346935022,0.14400429067846218,0.18973496181268668,0.03235341976237193,0.10066013800537679,0.159332106155176
18,OnlineFPCA-adagrad,0.1,14800,100,face,3,5,0.105278491973877,4,1,0.11677854455107636,0.12138891767477338,0.25237369342601446,0.032331941784776295,0.1003081990285017,0.15962416999829795
18,OnlineFPCA-adagrad,0.1,14900,100,face,3,5,0.104771614074707,4,1,0.07395783258191004,0.17051629840991842,0.1869865339512966,0.032535840126534286,0.10007865005859774,0.16003716279822386
18,OnlineFPCA-adagrad,0.1,15000,100,face,3,5,0.108530759811401,4,1,0.07654520663369298,0.1559752026105405,0.2216841483565139,0.03272654531103778,0.09987120083606396,0.15989452688018285
18,OnlineFPCA-adagrad,0.1,0,100,face,3,5,6.35740375518799,4,2,0.10957338018728638,1.6190827585742718,1.648523520232144,0.10957338018728638,1.6190827585742718,1.648523520232144
18,OnlineFPCA-adagrad,0.1,100,100,face,3,5,0.244476318359375,4,2,0.7299313038110736,1.984624999539395,1.8489556922400547,NA,NA,NA
18,OnlineFPCA-adagrad,0.1,200,100,face,3,5,0.243246555328369,4,2,0.7737730436220053,1.8739840448247043,1.731002300884985,NA,NA,NA
18,OnlineFPCA-adagrad,0.1,300,100,face,3,5,0.247255802154541,4,2,0.4383871418730676,1.6027460253739436,1.7207628309449556,NA,NA,NA
18,OnlineFPCA-adagrad,0.1,400,100,face,3,5,0.251526117324829,4,2,1.0931019501596895,0.9171702709842762,1.1423674235806285,NA,NA,NA
18,OnlineFPCA-adagrad,0.1,500,100,face,3,5,0.244927644729614,4,2,0.6134862590342178,0.9098774279363497,0.8252553244379969,NA,NA,NA
18,OnlineFPCA-adagrad,0.1,600,100,face,3,5,0.38196325302124,4,2,0.5882012680586536,0.907553347008974,0.8241175470125698,NA,NA,NA
18,OnlineFPCA-adagrad,0.1,700,100,face,3,5,0.240546703338623,4,2,0.5539248277779144,0.9002614939684807,0.8196592056032912,NA,NA,NA
18,OnlineFPCA-adagrad,0.1,800,100,face,3,5,0.239874124526978,4,2,0.49084782912133856,0.8782919630797098,0.8049801116106358,NA,NA,NA
18,OnlineFPCA-adagrad,0.1,900,100,face,3,5,0.241840839385986,4,2,0.39785695760320866,0.8491498538966414,0.7782570485334696,NA,NA,NA
18,OnlineFPCA-adagrad,0.1,1000,100,face,3,5,0.243288516998291,4,2,0.3226603223887107,0.8167053938031523,0.7625367827528704,NA,NA,NA
18,OnlineFPCA-adagrad,0.1,1100,100,face,3,5,0.332683801651001,4,2,0.15102182809712503,0.7107819256588135,0.7373466707355346,0.22124964692057908,0.7512885943036317,0.7463376577713338
18,OnlineFPCA-adagrad,0.1,1200,100,face,3,5,0.33192777633667,4,2,0.354674572376651,0.66066674793535,0.6772857481136613,0.17172960290677222,0.7004932590557451,0.7166196978161783
18,OnlineFPCA-adagrad,0.1,1300,100,face,3,5,0.327106237411499,4,2,0.13035551880789392,0.6527651791790124,0.6684594246424497,0.1505799534191513,0.6824272668960749,0.6973503695647348
18,OnlineFPCA-adagrad,0.1,1400,100,face,3,5,0.331750154495239,4,2,0.1781180072363597,0.6446494561909261,0.6595200134524755,0.1426620252982803,0.6733371941668952,0.6833466928160935
18,OnlineFPCA-adagrad,0.1,1500,100,face,3,5,0.332732200622559,4,2,0.07607182480112447,0.6449411496118121,0.6496147918230178,0.13085230037006967,0.6682709568301066,0.6728637383374749
18,OnlineFPCA-adagrad,0.1,1600,100,face,3,5,0.334226131439209,4,2,0.060711640916198906,0.6427721098678191,0.6489561428607227,0.11842230511843961,0.6647443713749228,0.6653240010024077
18,OnlineFPCA-adagrad,0.1,1700,100,face,3,5,0.331895589828491,4,2,0.05610051175846079,0.6418025082447153,0.6475113387477823,0.10944738843836534,0.6619078182527471,0.6606240264359652
18,OnlineFPCA-adagrad,0.1,1800,100,face,3,5,0.330457448959351,4,2,0.05250848446817129,0.6411085983446009,0.6469868683102797,0.10238897578041557,0.6596277273978237,0.6574356154155722
18,OnlineFPCA-adagrad,0.1,1900,100,face,3,5,0.333917140960693,4,2,0.04832036894689127,0.6411800722323454,0.6470174703065604,0.09646996792319718,0.657774870637633,0.655189281022759
18,OnlineFPCA-adagrad,0.1,2000,100,face,3,5,0.330116033554077,4,2,0.047953157846368735,0.6406123724804577,0.6469002454909693,0.09140140239962838,0.6561981131075699,0.6535491201467182
18,OnlineFPCA-adagrad,0.1,2100,100,face,3,5,0.32166862487793,4,2,0.19247378477753704,0.6559793289211476,0.6634499400258003,0.08280433825979161,0.6546915739830327,0.653715939530434
18,OnlineFPCA-adagrad,0.1,2200,100,face,3,5,0.326796054840088,4,2,0.2138552944433921,0.6238983413710831,0.6297467421822941,0.07901875760048434,0.6519340055120051,0.6527567204593581
18,OnlineFPCA-adagrad,0.1,2300,100,face,3,5,0.324271202087402,4,2,0.08903648469990245,0.6123280857939394,0.6351086193542772,0.07500708213441665,0.6481935900799665,0.6510513919426216
18,OnlineFPCA-adagrad,0.1,2400,100,face,3,5,0.319598436355591,4,2,0.23871532895531075,0.6286869170393323,0.593451032705251,0.07305665192835935,0.6446024814046049,0.647746459951948
18,OnlineFPCA-adagrad,0.1,2500,100,face,3,5,0.328392267227173,4,2,0.25570920802251906,0.6025512828117665,0.6070871529861512,0.061351135887647054,0.6425016381750993,0.6448279658107917
18,OnlineFPCA-adagrad,0.1,2600,100,face,3,5,0.352995872497559,4,2,0.1955513323766031,0.5650671286488209,0.5856227606725316,0.04645943761621522,0.6384075166056254,0.6398113358065993
18,OnlineFPCA-adagrad,0.1,2700,100,face,3,5,0.350821018218994,4,2,0.100178311486719,0.6005802310374017,0.5873850391330429,0.03895056882578337,0.6352018598782054,0.6355248813856699
18,OnlineFPCA-adagrad,0.1,2800,100,face,3,5,0.364838600158691,4,2,0.11334975847964533,0.6194957296644866,0.6358487923747497,0.037684362138151246,0.6327545669994968,0.6337088156688228
18,OnlineFPCA-adagrad,0.1,2900,100,face,3,5,0.356458425521851,4,2,0.14900267130038217,0.6481291417940351,0.6568641197173936,0.038387224917472554,0.6307732263012622,0.6324482714218005
18,OnlineFPCA-adagrad,0.1,3000,100,face,3,5,0.353663444519043,4,2,0.13044904004655514,0.6104732288525304,0.6697905216573615,0.03661290246338067,0.6294423941888163,0.6303200080243624
18,OnlineFPCA-adagrad,0.1,3100,100,face,3,5,0.355462074279785,4,2,0.18333626964334424,0.5770555513956966,0.6049626920674578,0.036814179532705014,0.6276919429205786,0.6284074170588766
18,OnlineFPCA-adagrad,0.1,3200,100,face,3,5,0.364195346832275,4,2,0.22695231886859382,0.5834669596390379,0.5714506935135691,0.03763695305226618,0.6250739360701754,0.6249804998985174
18,OnlineFPCA-adagrad,0.1,3300,100,face,3,5,0.350403070449829,4,2,0.16232013405892334,0.5951978320009321,0.6504113805590205,0.03995525239051011,0.6219213551670347,0.6226054912827008
18,OnlineFPCA-adagrad,0.1,3400,100,face,3,5,0.35278844833374,4,2,0.16956206088685463,0.6862812642443353,0.6769660114008867,0.044076523643113895,0.6219333712953296,0.6222168843748697
18,OnlineFPCA-adagrad,0.1,3500,100,face,3,5,0.356917381286621,4,2,0.0750574891324915,0.6737783659491909,0.6937847758240624,0.045553915584384305,0.6238398055952307,0.6249810326389664
18,OnlineFPCA-adagrad,0.1,3600,100,face,3,5,0.35425877571106,4,2,0.028576009887219235,0.6548072539773904,0.7029792436408662,0.04469689100171002,0.6255124848765364,0.6273807813786658
18,OnlineFPCA-adagrad,0.1,3700,100,face,3,5,0.357713937759399,4,2,0.06975065610744344,0.6325333134315908,0.6536298483356093,0.04294207350402213,0.6255163561279923,0.6289167188128444
18,OnlineFPCA-adagrad,0.1,3800,100,face,3,5,0.493340730667114,4,2,0.16741732571652035,0.6455670938308934,0.6189483254937423,0.04197314710368029,0.6247071496365978,0.6286986030806748
18,OnlineFPCA-adagrad,0.1,3900,100,face,3,5,0.349728345870972,4,2,0.08536062665972398,0.6034705142054541,0.6124767603567681,0.04384840841961376,0.622817479076206,0.6276474305133349
18,OnlineFPCA-adagrad,0.1,4000,100,face,3,5,0.350023508071899,4,2,0.04369968509504419,0.622451684614735,0.6268062148028287,0.04369968509504419,0.622451684614735,0.6268062148028287
18,OnlineFPCA-adagrad,0.1,4100,100,face,3,5,0.352190494537354,4,2,0.12305055389292917,0.5858393372618452,0.6112211555922564,0.0668331896694976,0.5926907989002025,0.6019878266729022
18,OnlineFPCA-adagrad,0.1,4200,100,face,3,5,0.351043701171875,4,2,0.19674606824035987,0.5685851435379493,0.5570276997431874,0.054359303998091614,0.5772407902422363,0.5900310366538684
18,OnlineFPCA-adagrad,0.1,4300,100,face,3,5,0.350589513778687,4,2,0.133737390211479,0.5152771703505917,0.5649023350339424,0.056230633136313574,0.5628354389557388,0.576786100769483
18,OnlineFPCA-adagrad,0.1,4400,100,face,3,5,0.355944395065308,4,2,0.08186283139156883,0.5356641432515598,0.5250887066677766,0.05441212589351456,0.5483599740505649,0.5632393798807724
18,OnlineFPCA-adagrad,0.1,4500,100,face,3,5,0.352059125900269,4,2,0.25138983786419694,0.5823499869890943,0.6147309043475712,0.033294439437722256,0.5424693755832386,0.5624342294385658
18,OnlineFPCA-adagrad,0.1,4600,100,face,3,5,0.352080583572388,4,2,0.20722510853268167,0.5852298004392877,0.5299704790391461,0.04996665268123026,0.5391452556440819,0.56119684108698
18,OnlineFPCA-adagrad,0.1,4700,100,face,3,5,0.351840496063232,4,2,0.12699118978685386,0.492454669203239,0.4885176051801939,0.05792605996292019,0.5256541019862854,0.5476041727842809
18,OnlineFPCA-adagrad,0.1,4800,100,face,3,5,0.360708475112915,4,2,0.127311199189262,0.44824776899249036,0.5699890257029632,0.06374519619354702,0.5149072185118881,0.5395207348462105
18,OnlineFPCA-adagrad,0.1,4900,100,face,3,5,0.352365970611572,4,2,0.09464130142852968,0.4820385604348174,0.44921205824812066,0.06035750186634838,0.503373360859682,0.5327812075985771
18,OnlineFPCA-adagrad,0.1,5000,100,face,3,5,0.35649847984314,4,2,0.11333212388090995,0.45685495837066653,0.4328210408114801,0.05665903676996886,0.49289259263600016,0.521381134190229
18,OnlineFPCA-adagrad,0.1,5100,100,face,3,5,0.104948282241821,4,2,0.1431607225309152,0.40426805624777695,0.3980057437697384,0.05223987390226265,0.48263681462644725,0.5076312141123057
18,OnlineFPCA-adagrad,0.1,5200,100,face,3,5,0.108564615249634,4,2,0.12434114427411168,0.36470974539074436,0.4279253278957397,0.04780577123468433,0.4730462077769165,0.4956071920124427
18,OnlineFPCA-adagrad,0.1,5300,100,face,3,5,0.105607509613037,4,2,0.09917602719683057,0.38914333580549076,0.36584531566594125,0.04468235175865553,0.4622301220875823,0.4863755647305435
18,OnlineFPCA-adagrad,0.1,5400,100,face,3,5,0.105355739593506,4,2,0.1334797166734932,0.2977182231527067,0.3003139728866471,0.04329766717924777,0.4522231832468428,0.4746206698517141
18,OnlineFPCA-adagrad,0.1,5500,100,face,3,5,0.104656219482422,4,2,0.1399278262732075,0.3013696764465927,0.299514645780274,0.04260987194782745,0.4394472290791843,0.46268211321252417
18,OnlineFPCA-adagrad,0.1,5600,100,face,3,5,0.105273008346558,4,2,0.15646200874548422,0.29638424674251385,0.2969012492497546,0.04427657193243815,0.42816989363344404,0.4507105922534917
18,OnlineFPCA-adagrad,0.1,5700,100,face,3,5,0.101583480834961,4,2,0.11471225766548682,0.26350881561339684,0.3061813127042018,0.04260722855158467,0.41749907289792904,0.4372859791405947
18,OnlineFPCA-adagrad,0.1,5800,100,face,3,5,0.104923963546753,4,2,0.11026085176827036,0.272917418467015,0.35563676068352457,0.04045873711062709,0.4074317265145977,0.4284937699778698
18,OnlineFPCA-adagrad,0.1,5900,100,face,3,5,0.10627269744873,4,2,0.19421957293883046,0.3021124725111324,0.27561691079711964,0.034196632453041685,0.3978339225454815,0.41840717800930666
18,OnlineFPCA-adagrad,0.1,6000,100,face,3,5,0.106488704681396,4,2,0.15930869281585888,0.27927420602165764,0.31131073526453085,0.031203988228012593,0.38804434036973695,0.40856934757950664
18,OnlineFPCA-adagrad,0.1,6100,100,face,3,5,0.104949712753296,4,2,0.12129995340192258,0.25371139568899226,0.3283395311088376,0.032213715455023495,0.3784011017625243,0.40089705483340893
18,OnlineFPCA-adagrad,0.1,6200,100,face,3,5,0.10556173324585,4,2,0.11714757956563493,0.21113866384481483,0.23119855882465298,0.03386706133564189,0.36988791585509967,0.3940349094321992
18,OnlineFPCA-adagrad,0.1,6300,100,face,3,5,0.102972030639648,4,2,0.14510676968850197,0.30209758324768005,0.3388606075678427,0.035604042407738665,0.36163887863656907,0.38530242808684295
18,OnlineFPCA-adagrad,0.1,6400,100,face,3,5,0.105939626693726,4,2,0.1848036542721768,0.2274302567449396,0.3740667361504781,0.03863383600371502,0.35399569104038575,0.3748817137509564
18,OnlineFPCA-adagrad,0.1,6500,100,face,3,5,0.106097459793091,4,2,0.11725374851744126,0.28884736885888274,0.2754784406343444,0.040832787141498066,0.34639658605399226,0.36761277953041094
18,OnlineFPCA-adagrad,0.1,6600,100,face,3,5,0.106798410415649,4,2,0.08004726769340585,0.2501613770907872,0.28814003210798195,0.04121375519125856,0.33790636871881624,0.35975196057974457
18,OnlineFPCA-adagrad,0.1,6700,100,face,3,5,0.106242895126343,4,2,0.09191682687469616,0.19851664707655073,0.23990796764167083,0.04060349564708058,0.32936262479188005,0.35234790740320526
18,OnlineFPCA-adagrad,0.1,6800,100,face,3,5,0.246570110321045,4,2,0.13767490405943353,0.2536801468983204,0.2349810685627201,0.04031797606907828,0.32173675407979185,0.34538218995454684
18,OnlineFPCA-adagrad,0.1,6900,100,face,3,5,0.105768442153931,4,2,0.13762266927484582,0.17322024776892342,0.3739909165403594,0.03972330341426691,0.31616089343799164,0.34086448870654346
18,OnlineFPCA-adagrad,0.1,7000,100,face,3,5,0.104276418685913,4,2,0.15084280199718822,0.16406241274680786,0.4079736118741829,0.038100490666397986,0.31007203620271817,0.3379104815691526
18,OnlineFPCA-adagrad,0.1,7100,100,face,3,5,0.106585502624512,4,2,0.13671935482784991,0.177665867383713,0.3215995439813453,0.0362819840602852,0.3048571985920668,0.3361002516692226
18,OnlineFPCA-adagrad,0.1,7200,100,face,3,5,0.107000350952148,4,2,0.15217980489463775,0.17956635613335112,0.36392007881479466,0.03476953635720947,0.29922590775600705,0.33351460161271557
18,OnlineFPCA-adagrad,0.1,7300,100,face,3,5,0.104725122451782,4,2,0.06358099735182644,0.18153082549316585,0.37432486911639484,0.0354713033696009,0.29391802012417745,0.33188545077400355
18,OnlineFPCA-adagrad,0.1,7400,100,face,3,5,0.104823350906372,4,2,0.12771873354205815,0.2626355583611047,0.32423436413733625,0.03617654739985038,0.2900968980182756,0.33032458778607543
18,OnlineFPCA-adagrad,0.1,7500,100,face,3,5,0.104521036148071,4,2,0.12012308038037933,0.19509735429640176,0.32078833829917136,0.03473307396538993,0.28702117065035204,0.32733747987511896
18,OnlineFPCA-adagrad,0.1,7600,100,face,3,5,0.102137565612793,4,2,0.1931261626101802,0.23833483921725068,0.26761382431172875,0.03186711837483474,0.2836531092237744,0.3235259856163959
18,OnlineFPCA-adagrad,0.1,7700,100,face,3,5,0.104117631912231,4,2,0.1625640398145386,0.25700813805234723,0.31888459085842835,0.029005892091774992,0.2813048534610893,0.31995488349483264
18,OnlineFPCA-adagrad,0.1,7800,100,face,3,5,0.104412078857422,4,2,0.14201285884925716,0.27177975156880035,0.2819348085994648,0.029899115691532155,0.2794777108979293,0.31820017143962076
18,OnlineFPCA-adagrad,0.1,7900,100,face,3,5,0.108355760574341,4,2,0.16597716122141792,0.35587918393128926,0.31552549841522526,0.03036058114936288,0.2773979905889881,0.31519334261753745
18,OnlineFPCA-adagrad,0.1,8000,100,face,3,5,0.104535579681396,4,2,0.12640021872339963,0.30299898172509576,0.34357746944748596,0.029546331143592414,0.2751718591115291,0.31049249308342175
18,OnlineFPCA-adagrad,0.1,8100,100,face,3,5,0.104423761367798,4,2,0.19181944798327114,0.20235876971210745,0.3724040526782855,0.030452920895577527,0.27236173338920666,0.30453983360780057
18,OnlineFPCA-adagrad,0.1,8200,100,face,3,5,0.103678464889526,4,2,0.25812911837620267,0.1649606504195252,0.3275194542789401,0.03157914314421975,0.2690235934998858,0.2981998966873644
18,OnlineFPCA-adagrad,0.1,8300,100,face,3,5,0.104866981506348,4,2,0.1567546906094532,0.28313160817117156,0.31544088235259315,0.03200512125255257,0.2654865147066001,0.29275420724739093
18,OnlineFPCA-adagrad,0.1,8400,100,face,3,5,0.106661319732666,4,2,0.1756471176476671,0.22529068169510866,0.2800912130403348,0.03324906710304945,0.2627050837119299,0.2890064262843247
18,OnlineFPCA-adagrad,0.1,8500,100,face,3,5,0.107450246810913,4,2,0.07321557798329771,0.17316809826834537,0.2676152731083152,0.033927503521812785,0.26019638030636977,0.28614378323237766
18,OnlineFPCA-adagrad,0.1,8600,100,face,3,5,0.107578039169312,4,2,0.040582296349975074,0.2194682366472165,0.27954909256105803,0.03346553758075771,0.25826379821609746,0.28435693310497767
18,OnlineFPCA-adagrad,0.1,8700,100,face,3,5,0.105591535568237,4,2,0.0868502556741047,0.18307920481368256,0.2570362242316148,0.033474521786739125,0.25633723963936417,0.2830089395957408
18,OnlineFPCA-adagrad,0.1,8800,100,face,3,5,0.104498147964478,4,2,0.1770461019548593,0.2586700303527337,0.2628859284755534,0.03340503653768143,0.25464068691484104,0.28130366157941894
18,OnlineFPCA-adagrad,0.1,8900,100,face,3,5,0.103386878967285,4,2,0.09298634537101921,0.20351290573167244,0.2526980577710626,0.033773407873579714,0.2526372717641554,0.27917239066497757
18,OnlineFPCA-adagrad,0.1,9000,100,face,3,5,0.105348825454712,4,2,0.10816036075001682,0.308720096906218,0.2381980857640393,0.034224403322337275,0.2513826829511387,0.27697017210604075
18,OnlineFPCA-adagrad,0.1,9100,100,face,3,5,0.10508131980896,4,2,0.11524533741975511,0.19119520838544307,0.311215298213231,0.03333723770670523,0.2496396078938432,0.27464343300884186
18,OnlineFPCA-adagrad,0.1,9200,100,face,3,5,0.105842351913452,4,2,0.16527560788698523,0.21738430695215946,0.21175678992775662,0.03330643634839725,0.24790788325109858,0.27207813380972745
18,OnlineFPCA-adagrad,0.1,9300,100,face,3,5,0.104837656021118,4,2,0.12107440762379576,0.14541648598901946,0.22178637692597977,0.03378107473704959,0.24606985809088375,0.2701848906122084
18,OnlineFPCA-adagrad,0.1,9400,100,face,3,5,0.103980302810669,4,2,0.041054349963942506,0.17461713637548767,0.20348052155393664,0.03411138706870519,0.24341458317675835,0.2679516488349638
18,OnlineFPCA-adagrad,0.1,9500,100,face,3,5,0.100330352783203,4,2,0.21077294757424953,0.22582383704985728,0.25405883467016305,0.03324635511885441,0.24070613200692803,0.26620343353512865
18,OnlineFPCA-adagrad,0.1,9600,100,face,3,5,0.104081869125366,4,2,0.18788750109017052,0.2590605983428547,0.24816489815393777,0.033339196935568985,0.23855571994775157,0.2646392950427934
18,OnlineFPCA-adagrad,0.1,9700,100,face,3,5,0.104180574417114,4,2,0.11779771287443135,0.18038004012555997,0.21200895200831543,0.033630608151012084,0.23628114894109145,0.2626024951769021
18,OnlineFPCA-adagrad,0.1,9800,100,face,3,5,0.107177495956421,4,2,0.12150738362356311,0.15751059939807888,0.28950804386022505,0.03354799174067887,0.23387678322333788,0.26123894761548716
18,OnlineFPCA-adagrad,0.1,9900,100,face,3,5,0.104700088500977,4,2,0.07512590254566302,0.2081752133284852,0.206274280867548,0.033925486818433395,0.23161260205818304,0.2601682678691301
18,OnlineFPCA-adagrad,0.1,10000,100,face,3,5,0.104190587997437,4,2,0.08705020259452073,0.19776535141163298,0.2425203040092325,0.03424740346894319,0.229598934782296,0.25841063486967186
18,OnlineFPCA-adagrad,0.1,10100,100,face,3,5,0.103151798248291,4,2,0.09781003747609894,0.16340607390414666,0.18293273352228742,0.03438214411924331,0.22784814242475526,0.2563874468891578
18,OnlineFPCA-adagrad,0.1,10200,100,face,3,5,0.101430416107178,4,2,0.10728190917591575,0.1401111750399902,0.2374510127308709,0.03379797642765432,0.2260314778521862,0.2541090523359132
18,OnlineFPCA-adagrad,0.1,10300,100,face,3,5,0.103673458099365,4,2,0.08455446651532152,0.19621005227847121,0.16837605662520716,0.03304481458980656,0.22399629978489966,0.2524458069929756
18,OnlineFPCA-adagrad,0.1,10400,100,face,3,5,0.105250358581543,4,2,0.1175178156592883,0.125581030143845,0.15511545508451716,0.03238429763864359,0.22212680268516075,0.2507763347321408
18,OnlineFPCA-adagrad,0.1,10500,100,face,3,5,0.104278802871704,4,2,0.12193444081998617,0.15205306233634536,0.16184866249101107,0.03177032139782728,0.2199864618369242,0.24919077963434252
18,OnlineFPCA-adagrad,0.1,10600,100,face,3,5,0.103411912918091,4,2,0.13156266354913573,0.15751677463654243,0.1767169459423582,0.03170296010471436,0.21774090325009823,0.24734130852091785
18,OnlineFPCA-adagrad,0.1,10700,100,face,3,5,0.103490591049194,4,2,0.11176128518546798,0.12463569224413291,0.19443130952176937,0.031599631035647176,0.215447052042508,0.24521070807499631
18,OnlineFPCA-adagrad,0.1,10800,100,face,3,5,0.101341724395752,4,2,0.0928569071958318,0.12699748870011843,0.24155167171649192,0.03110157397187478,0.2132837998760133,0.24404373039540125
18,OnlineFPCA-adagrad,0.1,10900,100,face,3,5,0.104896068572998,4,2,0.13429066111091909,0.1973396558906132,0.20498048049189055,0.030465356154253803,0.21125614740993093,0.24246925254541796
18,OnlineFPCA-adagrad,0.1,11000,100,face,3,5,0.103400707244873,4,2,0.11864135479590111,0.16042576990251084,0.20788773362276958,0.030280191514781382,0.20915724842362518,0.24062823703592018
18,OnlineFPCA-adagrad,0.1,11100,100,face,3,5,0.103914499282837,4,2,0.12064167449007443,0.146156329741839,0.26284846104735476,0.031042185699436953,0.20685470204911938,0.23919883472712009
18,OnlineFPCA-adagrad,0.1,11200,100,face,3,5,0.104139566421509,4,2,0.1098135218876501,0.08910610508715752,0.16959046607622136,0.03178080975685714,0.20455449823885374,0.23794243560813044
18,OnlineFPCA-adagrad,0.1,11300,100,face,3,5,0.106692314147949,4,2,0.1267182442587824,0.1901714518306413,0.2760046408239699,0.032294371036723904,0.2023416970619718,0.23574270386971782
18,OnlineFPCA-adagrad,0.1,11400,100,face,3,5,0.103961229324341,4,2,0.1663804937144551,0.12743879398168384,0.2993862040374664,0.03275014912728888,0.20039673150413428,0.23300575525974568
18,OnlineFPCA-adagrad,0.1,11500,100,face,3,5,0.106830835342407,4,2,0.10760718129324433,0.20712804065673102,0.22953784710782058,0.033394467308391726,0.1985608335600499,0.23130168885879918
18,OnlineFPCA-adagrad,0.1,11600,100,face,3,5,0.104188203811646,4,2,0.07908697854398176,0.21381801312260482,0.23396110802964123,0.0336088428674308,0.19654810209639698,0.2297805397496775
18,OnlineFPCA-adagrad,0.1,11700,100,face,3,5,0.106964826583862,4,2,0.07475836640101141,0.1522686678686323,0.19661756073120856,0.03336755383661674,0.19438664257712768,0.2283799929361478
18,OnlineFPCA-adagrad,0.1,11800,100,face,3,5,0.104540348052979,4,2,0.11501234636019153,0.14523888046442618,0.19853957001941333,0.03315445754710752,0.1923619135651344,0.22700521746721747
18,OnlineFPCA-adagrad,0.1,11900,100,face,3,5,0.105570793151855,4,2,0.1145537100873563,0.09445171958548976,0.3109813720455459,0.03313364476148215,0.19078695185666086,0.2262571636501383
18,OnlineFPCA-adagrad,0.1,12000,100,face,3,5,0.103961706161499,4,2,0.1284564738012517,0.11669134910955445,0.34821834736898444,0.03284024914694287,0.18917776886622562,0.22624820229364562
18,OnlineFPCA-adagrad,0.1,12100,100,face,3,5,0.10413122177124,4,2,0.10854656916736605,0.09907059980888946,0.2731862250625734,0.03222529427786155,0.18774201003935498,0.22651742766663233
18,OnlineFPCA-adagrad,0.1,12200,100,face,3,5,0.102067470550537,4,2,0.11462411748459736,0.13293264579517683,0.32299129605763344,0.03161772073037694,0.18618969395655888,0.22641941539709629
18,OnlineFPCA-adagrad,0.1,12300,100,face,3,5,0.104214906692505,4,2,0.05103839769164638,0.12123474253199472,0.3354914317171427,0.03176006206930151,0.184766722823641,0.22663399324437528
18,OnlineFPCA-adagrad,0.1,12400,100,face,3,5,0.10798168182373,4,2,0.1094342914663484,0.2021048143140419,0.3028568920867364,0.031864308358073086,0.18388782299676307,0.22690039678540305
18,OnlineFPCA-adagrad,0.1,12500,100,face,3,5,0.107319831848145,4,2,0.09718633526114678,0.13157586026153956,0.2793982167463666,0.0313174937149986,0.18316230459245136,0.22662925959583446
18,OnlineFPCA-adagrad,0.1,12600,100,face,3,5,0.107042551040649,4,2,0.16635931325645736,0.1830701544196005,0.23897449356159453,0.03038052237321581,0.18236499286852212,0.22597101521601884
18,OnlineFPCA-adagrad,0.1,12700,100,face,3,5,0.105079650878906,4,2,0.13054553751593542,0.1877912497147337,0.28906509832337435,0.029163523399417957,0.18191912289087703,0.2251959963929194
18,OnlineFPCA-adagrad,0.1,12800,100,face,3,5,0.104812145233154,4,2,0.12788005221754634,0.21230262095779426,0.241050949473239,0.02922136554669965,0.1816491815468387,0.22510282225899567
18,OnlineFPCA-adagrad,0.1,12900,100,face,3,5,0.102425813674927,4,2,0.14008553125618284,0.3006159941358619,0.2640533815297142,0.029600289988879702,0.18122769055050933,0.22442076571812888
18,OnlineFPCA-adagrad,0.1,13000,100,face,3,5,0.103835582733154,4,2,0.10782186354404978,0.27966341243152376,0.27275824844115576,0.029589896346284176,0.18073835959800696,0.2230270255324571
18,OnlineFPCA-adagrad,0.1,13100,100,face,3,5,0.103603601455688,4,2,0.16942592283006563,0.17524073763236736,0.28014043009230777,0.030114371339314203,0.17998398013146336,0.22096048425954518
18,OnlineFPCA-adagrad,0.1,13200,100,face,3,5,0.102547883987427,4,2,0.23066730416638245,0.13868640734520146,0.2563397442181386,0.03054760221922101,0.17898345469742274,0.2185743225856824
18,OnlineFPCA-adagrad,0.1,13300,100,face,3,5,0.103546380996704,4,2,0.13222771844543435,0.20757914994490057,0.26551479287012797,0.030834390868996607,0.17791023915884907,0.21652363995077145
18,OnlineFPCA-adagrad,0.1,13400,100,face,3,5,0.103697299957275,4,2,0.16640169943508745,0.16700945430341937,0.23367073101704774,0.03137566001624713,0.17704329383660508,0.2150490292710726
18,OnlineFPCA-adagrad,0.1,13500,100,face,3,5,0.101500988006592,4,2,0.07811297936234275,0.13312190867477622,0.2172418178205366,0.03179340361965127,0.17618212985183399,0.2137401591347198
18,OnlineFPCA-adagrad,0.1,13600,100,face,3,5,0.105695009231567,4,2,0.042238172508896166,0.16082748678453454,0.2180551913651112,0.03168892409760192,0.17557943063961956,0.2129309122383463
18,OnlineFPCA-adagrad,0.1,13700,100,face,3,5,0.106951475143433,4,2,0.07491889448748917,0.12507696389072268,0.20562452843934104,0.031674748948042925,0.1749717171440061,0.21229555997776883
18,OnlineFPCA-adagrad,0.1,13800,100,face,3,5,0.105764389038086,4,2,0.16283419009996267,0.19301910302791564,0.2289364246971681,0.03172073567289427,0.174416208774821,0.21150871723821282
18,OnlineFPCA-adagrad,0.1,13900,100,face,3,5,0.113862276077271,4,2,0.08814078755312553,0.16126562977632194,0.22371597015824674,0.03185955516069713,0.17373062856529378,0.21061024553811797
18,OnlineFPCA-adagrad,0.1,14000,100,face,3,5,0.105485916137695,4,2,0.09751087750777772,0.25645802661002737,0.20074679613962657,0.03211250684247684,0.173481814196982,0.2097705442258217
18,OnlineFPCA-adagrad,0.1,14100,100,face,3,5,0.102539539337158,4,2,0.10165966260399377,0.14607251421670772,0.25555865654436066,0.03182531895073098,0.17297426858393558,0.20893300426510508
18,OnlineFPCA-adagrad,0.1,14200,100,face,3,5,0.104978561401367,4,2,0.13604177324704475,0.17561443145363176,0.17370620784006618,0.03178658483846905,0.17247055926113572,0.20794961396893152
18,OnlineFPCA-adagrad,0.1,14300,100,face,3,5,0.105528116226196,4,2,0.11397567046447438,0.11824133226571724,0.19047593513369843,0.032031133214801756,0.1719010699140073,0.20728095837878838
18,OnlineFPCA-adagrad,0.1,14400,100,face,3,5,0.108718395233154,4,2,0.024622913688878898,0.1450669494941704,0.1730850018909647,0.03222318314312581,0.17096536791892608,0.20655537427739498
18,OnlineFPCA-adagrad,0.1,14500,100,face,3,5,0.107911586761475,4,2,0.1794206292248104,0.17987290519014001,0.21724158163515847,0.03192818474452643,0.16999076620390405,0.2061110514008789
18,OnlineFPCA-adagrad,0.1,14600,100,face,3,5,0.107706785202026,4,2,0.17486078356522092,0.20918189170089502,0.21942961821298018,0.031980664296361774,0.16923319813857296,0.20568756302823682
18,OnlineFPCA-adagrad,0.1,14700,100,face,3,5,0.105200290679932,4,2,0.1114018521032198,0.1531205801334137,0.1947095918085392,0.0321195418605962,0.1684886018643071,0.20506563689684715
18,OnlineFPCA-adagrad,0.1,14800,100,face,3,5,0.105812311172485,4,2,0.11688964820037714,0.13190963392981475,0.2565255737853096,0.032082088929345366,0.16766950685616155,0.20481724229277334
18,OnlineFPCA-adagrad,0.1,14900,100,face,3,5,0.106638431549072,4,2,0.07301725762985097,0.1797220049753974,0.19321663889852883,0.032282187155729114,0.16693926069972378,0.20472794631429114
18,OnlineFPCA-adagrad,0.1,15000,100,face,3,5,0.105846881866455,4,2,0.07639750927023425,0.16419733060770744,0.2248526166506427,0.03246989199922351,0.1662784655845353,0.20422727505970636
18,OnlineFPCA-adagrad,0.1,0,100,face,3,5,6.35740375518799,6,1,0.10957338018728638,0.36197680389038267,1.970310309550978,0.10957338018728638,0.36197680389038267,1.970310309550978
18,OnlineFPCA-adagrad,0.1,100,100,face,3,5,0.34817361831665,6,1,0.8488864313094966,1.5288290954819288,1.5528706159667933,NA,NA,NA
18,OnlineFPCA-adagrad,0.1,200,100,face,3,5,0.353202342987061,6,1,0.7977702255470863,1.884425698136326,0.6889979193808038,NA,NA,NA
18,OnlineFPCA-adagrad,0.1,300,100,face,3,5,0.351303815841675,6,1,0.8024185091489014,1.7779675764186826,1.400718231344298,NA,NA,NA
18,OnlineFPCA-adagrad,0.1,400,100,face,3,5,0.354598760604858,6,1,0.994386187551967,0.9732190993119505,0.8859400968159602,NA,NA,NA
18,OnlineFPCA-adagrad,0.1,500,100,face,3,5,0.368347883224487,6,1,0.820058293751128,0.8937859638551223,1.1284862419340687,NA,NA,NA
18,OnlineFPCA-adagrad,0.1,600,100,face,3,5,0.353384017944336,6,1,0.7769905620881935,0.7665169170106741,1.118239988238496,NA,NA,NA
18,OnlineFPCA-adagrad,0.1,700,100,face,3,5,0.351311445236206,6,1,0.7352052999073313,0.7395345710251606,1.1160156280025237,NA,NA,NA
18,OnlineFPCA-adagrad,0.1,800,100,face,3,5,0.501835584640503,6,1,0.6750683499898303,0.6939827427402656,1.1128493093090945,NA,NA,NA
18,OnlineFPCA-adagrad,0.1,900,100,face,3,5,0.348565101623535,6,1,0.617167566900161,0.6412743065022769,1.1094588908796887,NA,NA,NA
18,OnlineFPCA-adagrad,0.1,1000,100,face,3,5,0.345639705657959,6,1,0.5522050152499655,0.6017778128466924,1.1016539531801595,NA,NA,NA
18,OnlineFPCA-adagrad,0.1,1100,100,face,3,5,0.479892492294312,6,1,0.1951623842100108,0.5053917026380568,0.893453564501626,0.2528918910758277,0.5107292842521026,0.9991679991683085
18,OnlineFPCA-adagrad,0.1,1200,100,face,3,5,0.484116077423096,6,1,0.13726164204412883,0.5082783302000131,0.6344433736847078,0.19571696404213657,0.5038977924083773,0.889217283104917
18,OnlineFPCA-adagrad,0.1,1300,100,face,3,5,0.479678630828857,6,1,0.18927692288623008,0.48405553319824385,0.5323806977521529,0.1604521375423392,0.49893122912488025,0.7780514208853688
18,OnlineFPCA-adagrad,0.1,1400,100,face,3,5,0.481462001800537,6,1,0.17568109829972542,0.4659074105254846,0.5324195277140292,0.15385005239901364,0.48883441949531137,0.6924450995375517
18,OnlineFPCA-adagrad,0.1,1500,100,face,3,5,0.48627495765686,6,1,0.645070721706771,0.4726365014502888,0.4891566417987823,0.1317549886264277,0.4784878967381616,0.6381072515977494
18,OnlineFPCA-adagrad,0.1,1600,100,face,3,5,0.489614009857178,6,1,0.05114966219362608,0.47278421836579476,0.4904197086120569,0.11748569022387324,0.4713246998951524,0.5989878290102807
18,OnlineFPCA-adagrad,0.1,1700,100,face,3,5,0.486379623413086,6,1,0.06293649119696777,0.4624268156923786,0.4816867483186214,0.10712872958289456,0.467482321051413,0.5736793888588243
18,OnlineFPCA-adagrad,0.1,1800,100,face,3,5,0.477078676223755,6,1,0.0612999217761932,0.458730460161008,0.4826895349226598,0.09933261537072749,0.4650198180191125,0.556235377727339
18,OnlineFPCA-adagrad,0.1,1900,100,face,3,5,0.482558250427246,6,1,0.05017129261311252,0.4573262226991773,0.4827456717775865,0.09012688058501442,0.4630831428783994,0.5434244378615428
18,OnlineFPCA-adagrad,0.1,2000,100,face,3,5,0.477894306182861,6,1,0.06515789620314139,0.45700120769624974,0.48231360104967624,0.08279527271727727,0.46166453687868736,0.5342282518390583
18,OnlineFPCA-adagrad,0.1,2100,100,face,3,5,0.466594219207764,6,1,0.15277539198166185,0.4183763166899912,0.4472953214156292,0.07655364906573973,0.45893886007687684,0.5266824787484145
18,OnlineFPCA-adagrad,0.1,2200,100,face,3,5,0.467820882797241,6,1,0.2539607312303327,0.4198557358752369,0.45452186262793703,0.07032646699570984,0.45425442500388674,0.5192524033359038
18,OnlineFPCA-adagrad,0.1,2300,100,face,3,5,0.471263408660889,6,1,0.04538224351435987,0.3972417383679448,0.43612329635757735,0.06396402136960398,0.4487555727143402,0.5144803835025016
18,OnlineFPCA-adagrad,0.1,2400,100,face,3,5,0.476118326187134,6,1,0.20780561176011705,0.38210265075658284,0.45040501340925976,0.06112569199365137,0.44340234460181177,0.5093023726406992
18,OnlineFPCA-adagrad,0.1,2500,100,face,3,5,0.475485324859619,6,1,0.22145805532690796,0.3876285098653243,0.41828315979293357,0.056921255527698104,0.43900052581262006,0.5009852311485772
18,OnlineFPCA-adagrad,0.1,2600,100,face,3,5,0.515895128250122,6,1,0.19795788976927592,0.36842412984067474,0.3465246958685296,0.04623176773957106,0.4331226439704437,0.49123466299580776
18,OnlineFPCA-adagrad,0.1,2700,100,face,3,5,0.51723575592041,6,1,0.1348374901161712,0.317107592552498,0.35684495351419937,0.04314183400122906,0.42654381532767427,0.4807523101715696
18,OnlineFPCA-adagrad,0.1,2800,100,face,3,5,0.517357349395752,6,1,0.1423502522850258,0.3333368876005983,0.4055921359288669,0.042434155512507246,0.4197305265800344,0.47531918353646063
18,OnlineFPCA-adagrad,0.1,2900,100,face,3,5,0.512445449829102,6,1,0.10476988943903356,0.40897995587501756,0.3667689573070863,0.04076576603085435,0.4131839197288311,0.4679788014510239
18,OnlineFPCA-adagrad,0.1,3000,100,face,3,5,0.655741930007935,6,1,0.1404548826863901,0.3434857176770622,0.3778299302163492,0.03709114626494078,0.4072071280776093,0.46134913839536806
18,OnlineFPCA-adagrad,0.1,3100,100,face,3,5,0.509250402450562,6,1,0.16460552666087452,0.32140716676169284,0.317489227602775,0.03330595374757687,0.4013275212812817,0.4550462144761201
18,OnlineFPCA-adagrad,0.1,3200,100,face,3,5,0.506999492645264,6,1,0.24874416939955168,0.3009808656253903,0.34989982637142913,0.02903886178039236,0.39523330367609716,0.44780573882494196
18,OnlineFPCA-adagrad,0.1,3300,100,face,3,5,0.510800838470459,6,1,0.16537631129624783,0.4329557640668642,0.30789047652906587,0.02792278221858957,0.3898107489494212,0.4405220613485999
18,OnlineFPCA-adagrad,0.1,3400,100,face,3,5,0.50812840461731,6,1,0.1628016217891251,0.24758308805413207,0.33698566921080814,0.02970109240748175,0.3835718439275589,0.43505811382602455
18,OnlineFPCA-adagrad,0.1,3500,100,face,3,5,0.51472020149231,6,1,0.07181646720394945,0.18830518441393573,0.31255827729896185,0.029399485196334025,0.3766373215354918,0.42883382996839353
18,OnlineFPCA-adagrad,0.1,3600,100,face,3,5,0.513557910919189,6,1,0.03488656141744632,0.20721616123071335,0.2786606182774552,0.02812812412919961,0.36746917698744797,0.42198013049179717
18,OnlineFPCA-adagrad,0.1,3700,100,face,3,5,0.522238731384277,6,1,0.09184239910860838,0.12850798586971246,0.27873755733975814,0.028125752618965476,0.35747777574844436,0.4137093490022406
18,OnlineFPCA-adagrad,0.1,3800,100,face,3,5,0.512598991394043,6,1,0.1870391494487276,0.19272300791103786,0.2154999452627374,0.029244467214887437,0.34694365211951644,0.40285054546960647
18,OnlineFPCA-adagrad,0.1,3900,100,face,3,5,0.514652490615845,6,1,0.0933374291311457,0.1487753729583501,0.2342847162690374,0.030845796037234703,0.3372756061361981,0.39098259466475965
18,OnlineFPCA-adagrad,0.1,4000,100,face,3,5,0.518803119659424,6,1,0.03162408817560114,0.3255944774734768,0.37843180630194073,0.03162408817560114,0.3255944774734768,0.37843180630194073
18,OnlineFPCA-adagrad,0.1,4100,100,face,3,5,0.515088558197021,6,1,0.13822403765893318,0.2744787659109242,0.3057374565300551,0.0633569979132037,0.29180721873400073,0.3516825646074147
18,OnlineFPCA-adagrad,0.1,4200,100,face,3,5,0.513174057006836,6,1,0.1968906593429892,0.21771958973797198,0.2245891525480363,0.04888082360385309,0.2596588405968598,0.3024645747884536
18,OnlineFPCA-adagrad,0.1,4300,100,face,3,5,0.515363693237305,6,1,0.11225800407628131,0.1705037373623603,0.31940438607302274,0.05495300341052812,0.22422729301937674,0.27302600069959826
18,OnlineFPCA-adagrad,0.1,4400,100,face,3,5,0.525614500045776,6,1,0.08010006508295223,0.23252680467376632,0.34075451279225727,0.051716465318274424,0.20884775431368183,0.2773199993252447
18,OnlineFPCA-adagrad,0.1,4500,100,face,3,5,0.517080068588257,6,1,0.24684279470642068,0.2565104124974408,0.3262565188558956,0.03158587897967911,0.19840566888998803,0.28717902483457414
18,OnlineFPCA-adagrad,0.1,4600,100,face,3,5,0.511219263076782,6,1,0.20435570126929248,0.2834512727623813,0.24904332279662456,0.048742621601547305,0.18041072042588793,0.27949484886576803
18,OnlineFPCA-adagrad,0.1,4700,100,face,3,5,0.515121221542358,6,1,0.13449665961773788,0.23338215517160854,0.23267040474957035,0.05658417749399772,0.16425183838447907,0.2696283713123894
18,OnlineFPCA-adagrad,0.1,4800,100,face,3,5,0.515668392181396,6,1,0.12861848475848967,0.21753240408787825,0.35612638567987814,0.06306424731838839,0.15628421690442684,0.271625321718984
18,OnlineFPCA-adagrad,0.1,4900,100,face,3,5,0.518937110900879,6,1,0.10678752285160485,0.2044545160647199,0.20707331595905432,0.061307484235109,0.14586340174119278,0.2708636815841852
18,OnlineFPCA-adagrad,0.1,5000,100,face,3,5,0.518000841140747,6,1,0.11817601065527636,0.19118904782665783,0.24380594840740463,0.058119647925074826,0.13341815778018296,0.25883157526421324
18,OnlineFPCA-adagrad,0.1,5100,100,face,3,5,0.106655836105347,6,1,0.12426405623304566,0.15012583563521262,0.16317153854307512,0.05199921953403563,0.12401067880327861,0.2427740293406057
18,OnlineFPCA-adagrad,0.1,5200,100,face,3,5,0.100888252258301,6,1,0.15513561404205667,0.1193482087867771,0.2630435536370604,0.04654308705278299,0.11340167717544929,0.22609653290657739
18,OnlineFPCA-adagrad,0.1,5300,100,face,3,5,0.103377342224121,6,1,0.1062539224100208,0.2101732212334321,0.1673835355196167,0.044090400831901626,0.10400263783465277,0.2181619257376016
18,OnlineFPCA-adagrad,0.1,5400,100,face,3,5,0.103134155273438,6,1,0.1320310460062973,0.05723156066742476,0.15404677206584735,0.04326298246007262,0.09590789367236219,0.20916535352411195
18,OnlineFPCA-adagrad,0.1,5500,100,face,3,5,0.107480525970459,6,1,0.13553287472840236,0.1471739420990189,0.15570234442156272,0.04271890966201825,0.08796498365348107,0.20333883981830256
18,OnlineFPCA-adagrad,0.1,5600,100,face,3,5,0.104634761810303,6,1,0.1576508612247573,0.14498858938861847,0.19658564236957712,0.045022072837830815,0.08191827032958274,0.19628106111419052
18,OnlineFPCA-adagrad,0.1,5700,100,face,3,5,0.102009534835815,6,1,0.11571625610194838,0.10413456859628235,0.21816306531386562,0.044145188662326154,0.07683244521782492,0.19097993905304742
18,OnlineFPCA-adagrad,0.1,5800,100,face,3,5,0.104462146759033,6,1,0.10225724197634334,0.11484910303936627,0.3062177699192244,0.04231636433692498,0.07246701788265443,0.1929587859281764
18,OnlineFPCA-adagrad,0.1,5900,100,face,3,5,0.103421449661255,6,1,0.17679179853730367,0.23620733354964343,0.24763138858533595,0.03520753852095069,0.06947732040373124,0.1929520668731383
18,OnlineFPCA-adagrad,0.1,6000,100,face,3,5,0.106106996536255,6,1,0.14410020309496224,0.18814300984705068,0.2418087443731256,0.031073996523877368,0.06896713553123357,0.19219267974316273
18,OnlineFPCA-adagrad,0.1,6100,100,face,3,5,0.103967428207397,6,1,0.12314566660335713,0.16796453387176294,0.31284400971671705,0.03037928968588383,0.06998314369853978,0.19587295567654336
18,OnlineFPCA-adagrad,0.1,6200,100,face,3,5,0.100762605667114,6,1,0.11571089755237186,0.10814269740716632,0.16470338844544932,0.03106162561921314,0.07116995316796977,0.1998340379871146
18,OnlineFPCA-adagrad,0.1,6300,100,face,3,5,0.106847047805786,6,1,0.14817994345474947,0.22489690234322368,0.2857511128180559,0.032723253322445967,0.06776628199772183,0.196051416372617
18,OnlineFPCA-adagrad,0.1,6400,100,face,3,5,0.104093790054321,6,1,0.18334289238486123,0.1294260492038926,0.33251971055383334,0.03513247032111273,0.06261350123373831,0.1876633319711992
18,OnlineFPCA-adagrad,0.1,6500,100,face,3,5,0.113843679428101,6,1,0.11657703045434431,0.2189377911835091,0.22802514521652867,0.0371268301792993,0.06139799552620597,0.18654344787565078
18,OnlineFPCA-adagrad,0.1,6600,100,face,3,5,0.102405071258545,6,1,0.08584558112899111,0.20999264084202235,0.2559105918068407,0.03751072833450179,0.06240067622823723,0.1862095699060063
18,OnlineFPCA-adagrad,0.1,6700,100,face,3,5,0.104509592056274,6,1,0.09436931383925627,0.1552791316957103,0.20339510702777397,0.03732230242177677,0.06289835094471237,0.18593923165140827
18,OnlineFPCA-adagrad,0.1,6800,100,face,3,5,0.107531309127808,6,1,0.13941675219007726,0.1814938954092974,0.22799623951393605,0.03728282732506207,0.060544654185166184,0.18543169994872857
18,OnlineFPCA-adagrad,0.1,6900,100,face,3,5,0.103772401809692,6,1,0.1384600421377529,0.09173729218119309,0.3730850210101296,0.03673611499537917,0.05704744908622959,0.18605492463568518
18,OnlineFPCA-adagrad,0.1,7000,100,face,3,5,0.105284690856934,6,1,0.15766622426475002,0.10546647826581784,0.3919845088758165,0.035526988833650894,0.056053235893023905,0.19134710944664327
18,OnlineFPCA-adagrad,0.1,7100,100,face,3,5,0.1037917137146,6,1,0.1362099334838969,0.1092252083675654,0.29516537601499754,0.03396807826454576,0.05298847255305271,0.1956124855669479
18,OnlineFPCA-adagrad,0.1,7200,100,face,3,5,0.104113101959229,6,1,0.15695464793922947,0.14368014975037396,0.3619469112321035,0.032553601993278496,0.048314778173884,0.1983548753589205
18,OnlineFPCA-adagrad,0.1,7300,100,face,3,5,0.106343984603882,6,1,0.06147371398620433,0.13542740484823132,0.3606545653622102,0.03322971150586565,0.043736792736082525,0.20225151312049586
18,OnlineFPCA-adagrad,0.1,7400,100,face,3,5,0.103756189346313,6,1,0.12666165612756003,0.21376581078282042,0.31090368803580315,0.0338656738821451,0.038267608726880294,0.20460923069643241
18,OnlineFPCA-adagrad,0.1,7500,100,face,3,5,0.104495525360107,6,1,0.11793259182235137,0.1353149670587554,0.29506611839122965,0.03231973931161987,0.03419117666369355,0.2032599901302617
18,OnlineFPCA-adagrad,0.1,7600,100,face,3,5,0.101110935211182,6,1,0.1942344507030538,0.20439156406580486,0.2108503962839337,0.029425699123833013,0.03084663239773506,0.20068880036240047
18,OnlineFPCA-adagrad,0.1,7700,100,face,3,5,0.106915473937988,6,1,0.15884723632739578,0.22828108197960395,0.26025058314543037,0.02680518700121447,0.02742098450626079,0.1963847554029648
18,OnlineFPCA-adagrad,0.1,7800,100,face,3,5,0.108138084411621,6,1,0.14424863826754944,0.22473395069125246,0.23916184659078904,0.02784876140866958,0.024917964761118117,0.19518197779544127
18,OnlineFPCA-adagrad,0.1,7900,100,face,3,5,0.104362487792969,6,1,0.16607562565393752,0.31172456611680366,0.2790041694780714,0.028202628154032724,0.02247461017910755,0.19197418774981045
18,OnlineFPCA-adagrad,0.1,8000,100,face,3,5,0.102145910263062,6,1,0.12564118870805285,0.26392205139091046,0.3151267288995935,0.027443908364937895,0.023513873458713717,0.1870383362318493
18,OnlineFPCA-adagrad,0.1,8100,100,face,3,5,0.104038953781128,6,1,0.18780533454539752,0.17584024736095485,0.32475956747287443,0.028166378368786202,0.02463831044894337,0.18049464740606935
18,OnlineFPCA-adagrad,0.1,8200,100,face,3,5,0.106361150741577,6,1,0.2558917376668931,0.13960829316950515,0.26063289800368145,0.029086899709267124,0.023613745160989387,0.17357535695683504
18,OnlineFPCA-adagrad,0.1,8300,100,face,3,5,0.103241443634033,6,1,0.15747946273761956,0.2614962300700759,0.24938687060611875,0.02930716184706478,0.022599404221774675,0.1686223098041259
18,OnlineFPCA-adagrad,0.1,8400,100,face,3,5,0.105536222457886,6,1,0.17375894661027302,0.17149967332731433,0.21882796440755786,0.030269357508329237,0.02402996743400434,0.1664215803405541
18,OnlineFPCA-adagrad,0.1,8500,100,face,3,5,0.101115703582764,6,1,0.07372558502307248,0.11225108360717449,0.19905122245042248,0.030925395698926675,0.025363737280050085,0.16495961935564762
18,OnlineFPCA-adagrad,0.1,8600,100,face,3,5,0.102887868881226,6,1,0.040573581021527506,0.16762039931345227,0.22216676972759228,0.030381105241912086,0.026452137628312222,0.1649077521043152
18,OnlineFPCA-adagrad,0.1,8700,100,face,3,5,0.105167388916016,6,1,0.08867851868095479,0.13129472930808547,0.21482382779543324,0.030471597780142152,0.026494965276934533,0.16474119709583462
18,OnlineFPCA-adagrad,0.1,8800,100,face,3,5,0.103233098983765,6,1,0.1798670403374315,0.2195720802607796,0.21612880715192903,0.030553348790316723,0.024884409552328363,0.16310018131719978
18,OnlineFPCA-adagrad,0.1,8900,100,face,3,5,0.104777574539185,6,1,0.09280961209880537,0.1612496803733087,0.2144236724295919,0.030788925148816006,0.024160443374565504,0.1605187586657835
18,OnlineFPCA-adagrad,0.1,9000,100,face,3,5,0.104846715927124,6,1,0.10793052816155184,0.2697354152187498,0.20929874445461086,0.03131895107852807,0.027402077262477734,0.15843651051578336
18,OnlineFPCA-adagrad,0.1,9100,100,face,3,5,0.104408979415894,6,1,0.11483095579588318,0.14818892282232538,0.28467557352596107,0.030598291970686906,0.02907002302724752,0.15638578527247413
18,OnlineFPCA-adagrad,0.1,9200,100,face,3,5,0.109052658081055,6,1,0.1614806339992195,0.1930269258946457,0.19076026025049506,0.030662069085726676,0.03073974799625576,0.15381553481886392
18,OnlineFPCA-adagrad,0.1,9300,100,face,3,5,0.103939056396484,6,1,0.11849276254644521,0.11579659957003088,0.21570079292439756,0.031069128433731677,0.031221314248507784,0.1526247387724982
18,OnlineFPCA-adagrad,0.1,9400,100,face,3,5,0.101439952850342,6,1,0.0423488342616354,0.15276148637805884,0.1902379890874997,0.03140770680371616,0.030839428653670613,0.15233915465159925
18,OnlineFPCA-adagrad,0.1,9500,100,face,3,5,0.101923227310181,6,1,0.20826179779101722,0.19454800207245773,0.2294045091039237,0.0307031960200848,0.030488360528514474,0.15316786136511396
18,OnlineFPCA-adagrad,0.1,9600,100,face,3,5,0.103948593139648,6,1,0.18607465228062697,0.2313704074205286,0.22532309977737558,0.03103504212589444,0.030490400355533246,0.15344659363097948
18,OnlineFPCA-adagrad,0.1,9700,100,face,3,5,0.106994390487671,6,1,0.11526803178828147,0.16886981976802348,0.20216420113767797,0.03149052228494966,0.030918920060660066,0.15338537723519657
18,OnlineFPCA-adagrad,0.1,9800,100,face,3,5,0.104618072509766,6,1,0.12168236514658894,0.1379371872229544,0.28675306401845896,0.03154545287818443,0.03127830254274957,0.15454812783177738
18,OnlineFPCA-adagrad,0.1,9900,100,face,3,5,0.105196475982666,6,1,0.07696418827771395,0.18744600586334487,0.1966355719874807,0.03197993065129398,0.03228779210911518,0.15588719462423195
18,OnlineFPCA-adagrad,0.1,10000,100,face,3,5,0.104430913925171,6,1,0.08639825667562728,0.1786197125204372,0.2382546928952817,0.03230972285863998,0.03320699868383158,0.15562595585073724
18,OnlineFPCA-adagrad,0.1,10100,100,face,3,5,0.104667663574219,6,1,0.09726810166359358,0.13887497578416175,0.16970667719223612,0.032348946517727434,0.034855905016947734,0.1547202772074151
18,OnlineFPCA-adagrad,0.1,10200,100,face,3,5,0.10725474357605,6,1,0.11006736748817578,0.12396970839014482,0.23568106458657562,0.031727060482241436,0.036129702317168326,0.1531721315513553
18,OnlineFPCA-adagrad,0.1,10300,100,face,3,5,0.104121446609497,6,1,0.085555445125182,0.18316341663075844,0.1595152812274802,0.03102948289799999,0.03611441381169217,0.15257820319272403
18,OnlineFPCA-adagrad,0.1,10400,100,face,3,5,0.101946115493774,6,1,0.11712316894590136,0.10959385593963246,0.1657614946820838,0.030444250644812355,0.03638187287043903,0.1522115891225017
18,OnlineFPCA-adagrad,0.1,10500,100,face,3,5,0.101392269134521,6,1,0.12159152247071033,0.1368841948094331,0.15648492911823425,0.029893277234180754,0.03636855471268442,0.15214711934952702
18,OnlineFPCA-adagrad,0.1,10600,100,face,3,5,0.107034921646118,6,1,0.13156281485983048,0.13798642903499989,0.17537796212102402,0.029950422123416753,0.03567952054650911,0.1516229605210677
18,OnlineFPCA-adagrad,0.1,10700,100,face,3,5,0.107448101043701,6,1,0.11156239238910354,0.10368811762090575,0.19163609339724286,0.030001657273173683,0.03521049564406728,0.151163011587411
18,OnlineFPCA-adagrad,0.1,10800,100,face,3,5,0.104261636734009,6,1,0.09220551179532618,0.10704065337795465,0.2382617868081172,0.029601662744735312,0.035168617139199915,0.15211931841692464
18,OnlineFPCA-adagrad,0.1,10900,100,face,3,5,0.102858781814575,6,1,0.1328372452829118,0.19098684884065056,0.20403364588134404,0.028865142024951142,0.035699208606793556,0.152516995468133
18,OnlineFPCA-adagrad,0.1,11000,100,face,3,5,0.10427451133728,6,1,0.11626706078443207,0.14992431190978406,0.203178751233755,0.02856953353520705,0.03644351177599692,0.15254007043445122
18,OnlineFPCA-adagrad,0.1,11100,100,face,3,5,0.107448577880859,6,1,0.11962840111953497,0.13622125192325768,0.2647100518451779,0.029221729846851466,0.036629568424110456,0.1533684229059819
18,OnlineFPCA-adagrad,0.1,11200,100,face,3,5,0.1055748462677,6,1,0.10964763902944019,0.077710624563510175,0.1593173401982609,0.02989244478731363,0.036354927826462165,0.15442278063648235
18,OnlineFPCA-adagrad,0.1,11300,100,face,3,5,0.244961738586426,6,1,0.12651311772450752,0.179287450813462,0.25118621706863475,0.030411114777451235,0.0358066063999052,0.15361310637816084
18,OnlineFPCA-adagrad,0.1,11400,100,face,3,5,0.1040358543396,6,1,0.16669590344134658,0.10670952632562532,0.276761860149952,0.030764224533667103,0.035557111696099736,0.15175765441968606
18,OnlineFPCA-adagrad,0.1,11500,100,face,3,5,0.103166341781616,6,1,0.10704991330934584,0.1871811814064979,0.1931148360481215,0.0313674227368639,0.035695248188169784,0.1513517308457765
18,OnlineFPCA-adagrad,0.1,11600,100,face,3,5,0.107036352157593,6,1,0.08003441538317198,0.18736029209327038,0.22110948459503224,0.03157186791182697,0.036374451261136295,0.15149766407828572
18,OnlineFPCA-adagrad,0.1,11700,100,face,3,5,0.104138851165771,6,1,0.07609823219441195,0.13563956969725766,0.1776352829361886,0.03137185275727057,0.03639393141042235,0.1517131694703503
18,OnlineFPCA-adagrad,0.1,11800,100,face,3,5,0.101020574569702,6,1,0.11410154270811677,0.13678341519954537,0.19885796749045523,0.031189005292825898,0.035781051281434356,0.15179295530154474
18,OnlineFPCA-adagrad,0.1,11900,100,face,3,5,0.102153062820435,6,1,0.11491200713123992,0.08953627845087604,0.31199154461760664,0.031182951890154853,0.03556322152297516,0.1524548814853235
18,OnlineFPCA-adagrad,0.1,12000,100,face,3,5,0.103828430175781,6,1,0.12891929048539896,0.10401717909765977,0.3455096319923805,0.030980234927395274,0.03615911984288114,0.154566707327947
18,OnlineFPCA-adagrad,0.1,12100,100,face,3,5,0.105369091033936,6,1,0.10782994155957239,0.08989457331509398,0.26903785538234865,0.03043081005485812,0.03643652242739023,0.15663163682287937
18,OnlineFPCA-adagrad,0.1,12200,100,face,3,5,0.102552652359009,6,1,0.11475328458737012,0.1248767138632903,0.31325175229629926,0.029849274235778957,0.0362144632306639,0.1580829814066947
18,OnlineFPCA-adagrad,0.1,12300,100,face,3,5,0.100311756134033,6,1,0.04918816703280303,0.11684761464039357,0.32436290698319165,0.03000675747357324,0.03614305083194445,0.159846065217828
18,OnlineFPCA-adagrad,0.1,12400,100,face,3,5,0.105345726013184,6,1,0.10665387866278866,0.1983220802081358,0.2928235891498378,0.030096178242985362,0.03684648587974619,0.16138766034193255
18,OnlineFPCA-adagrad,0.1,12500,100,face,3,5,0.103231191635132,6,1,0.09489217421755679,0.12312147412689589,0.27155615142668177,0.029520613313643335,0.037435555603547964,0.1619222125305515
18,OnlineFPCA-adagrad,0.1,12600,100,face,3,5,0.106578826904297,6,1,0.1669722840568373,0.1782293999730023,0.20061882935118686,0.02857100020585591,0.03831085050689626,0.16194935048457032
18,OnlineFPCA-adagrad,0.1,12700,100,face,3,5,0.101061105728149,6,1,0.12871156076381135,0.19224435588093253,0.2518798765719431,0.02740345534007828,0.039659721909958374,0.161377040217551
18,OnlineFPCA-adagrad,0.1,12800,100,face,3,5,0.104049205780029,6,1,0.1287360239035987,0.20243534489833565,0.2216544789580179,0.027533106923814044,0.04131080200234691,0.16175818013554863
18,OnlineFPCA-adagrad,0.1,12900,100,face,3,5,0.106519460678101,6,1,0.14022690041007232,0.2831794588082356,0.25088910845510876,0.027955134984906826,0.04280670204940521,0.16141979872597453
18,OnlineFPCA-adagrad,0.1,13000,100,face,3,5,0.102673053741455,6,1,0.1082980933953839,0.2603816875268174,0.2700657683068974,0.027977512160829852,0.04474188225361967,0.16037919104337026
18,OnlineFPCA-adagrad,0.1,13100,100,face,3,5,0.103919506072998,6,1,0.16777783064171117,0.1689296380714518,0.26033153067602277,0.028483999252443923,0.04620546463233685,0.15854321128877116
18,OnlineFPCA-adagrad,0.1,13200,100,face,3,5,0.100896596908569,6,1,0.22890643134595762,0.13810515357618286,0.22210952903385847,0.02887984217397381,0.046703606971265896,0.1562794619819594
18,OnlineFPCA-adagrad,0.1,13300,100,face,3,5,0.104238748550415,6,1,0.13404225643276732,0.19847496751468982,0.23457216424908184,0.02913742025382588,0.046989131852916206,0.1546649046974056
18,OnlineFPCA-adagrad,0.1,13400,100,face,3,5,0.103405237197876,6,1,0.16429404229477926,0.15112093818133202,0.19800214762048052,0.02962333855909053,0.047640839769501744,0.1537840179874278
18,OnlineFPCA-adagrad,0.1,13500,100,face,3,5,0.105297088623047,6,1,0.07663495576654872,0.11369387001280538,0.1751580781205268,0.030019126289039973,0.048180152247019034,0.15303703108253447
18,OnlineFPCA-adagrad,0.1,13600,100,face,3,5,0.102845907211304,6,1,0.04190711204924319,0.1419313118623683,0.18719547364091385,0.02988441260474561,0.0488354115301931,0.15287157891801256
18,OnlineFPCA-adagrad,0.1,13700,100,face,3,5,0.100145578384399,6,1,0.07598967171167849,0.11186119638928882,0.18095088833512393,0.02988449360896426,0.04923469346610797,0.15271956664997863
18,OnlineFPCA-adagrad,0.1,13800,100,face,3,5,0.106386184692383,6,1,0.16419980284625385,0.18432534779051546,0.2001640293317861,0.029980443366320397,0.049248385445568525,0.15213219060857522
18,OnlineFPCA-adagrad,0.1,13900,100,face,3,5,0.103819847106934,6,1,0.08853820500339353,0.14802113012244214,0.2016406622859428,0.030093704124500572,0.049169599686405975,0.15126550861216717
18,OnlineFPCA-adagrad,0.1,14000,100,face,3,5,0.105997323989868,6,1,0.09720700903740226,0.2393704216413867,0.19881358749120828,0.03035692432916235,0.050374174668842704,0.1507028943954312
18,OnlineFPCA-adagrad,0.1,14100,100,face,3,5,0.100381374359131,6,1,0.10104777382903615,0.13119925261820778,0.25032653695576557,0.030113748100338376,0.051079049866936566,0.15014200824318089
18,OnlineFPCA-adagrad,0.1,14200,100,face,3,5,0.102427244186401,6,1,0.13302633718995835,0.17010316972970485,0.1791192150396544,0.030110489588542712,0.051731208532337036,0.14933431011342585
18,OnlineFPCA-adagrad,0.1,14300,100,face,3,5,0.106813192367554,6,1,0.11293963683533002,0.11013405883441452,0.19803281661694583,0.03033272612106709,0.052088607518721824,0.1489759343209333
18,OnlineFPCA-adagrad,0.1,14400,100,face,3,5,0.104383230209351,6,1,0.025145446541656864,0.13546986792633411,0.17392133045282943,0.030519734542529448,0.05200552685254034,0.1488452259926792
18,OnlineFPCA-adagrad,0.1,14500,100,face,3,5,0.104336261749268,6,1,0.17763530970314256,0.16405569860372923,0.20854964876324114,0.030265217656192053,0.051913548466172584,0.1491860435140126
18,OnlineFPCA-adagrad,0.1,14600,100,face,3,5,0.101906061172485,6,1,0.17293710172604762,0.19526388252080484,0.2106894440605792,0.03038216607757158,0.05200279343517316,0.1493618735332423
18,OnlineFPCA-adagrad,0.1,14700,100,face,3,5,0.101722955703735,6,1,0.1093854108964429,0.14987140017528364,0.1936342031655368,0.03056312579896929,0.05218245502656146,0.14936674272143566
18,OnlineFPCA-adagrad,0.1,14800,100,face,3,5,0.10638165473938,6,1,0.1170324069210727,0.12261988031901339,0.25920531081037357,0.030562592427759945,0.05226915894086315,0.14991280733250964
18,OnlineFPCA-adagrad,0.1,14900,100,face,3,5,0.102721452713013,6,1,0.07345678520201217,0.17026352552227042,0.1929083617656884,0.030776853767725335,0.052559330020692456,0.15062353814586626
18,OnlineFPCA-adagrad,0.1,15000,100,face,3,5,0.103364944458008,6,1,0.07510649953708518,0.15588029032097028,0.22788329131640153,0.03096971452048068,0.052843937356201284,0.15062188239406052
18,OnlineFPCA-adagrad,0.1,0,100,face,3,5,6.35740375518799,6,2,0.10957338018728638,1.99867369630776,1.970310309550978,0.10957338018728638,1.99867369630776,1.970310309550978
18,OnlineFPCA-adagrad,0.1,100,100,face,3,5,0.345854997634888,6,2,0.6927644575351098,1.6291159727376765,1.419088930418423,NA,NA,NA
18,OnlineFPCA-adagrad,0.1,200,100,face,3,5,0.34920859336853,6,2,0.9317765346635613,1.175032940725431,0.939247883032579,NA,NA,NA
18,OnlineFPCA-adagrad,0.1,300,100,face,3,5,0.343777656555176,6,2,0.7866253570687409,1.0698682997882147,0.928962134805934,NA,NA,NA
18,OnlineFPCA-adagrad,0.1,400,100,face,3,5,0.347475051879883,6,2,1.0235382165776041,0.9603369744172257,1.1993726718097153,NA,NA,NA
18,OnlineFPCA-adagrad,0.1,500,100,face,3,5,0.480393886566162,6,2,0.754321464187265,1.642465145431953,1.5320334805682936,NA,NA,NA
18,OnlineFPCA-adagrad,0.1,600,100,face,3,5,0.367467164993286,6,2,0.8169765162878239,0.6525594486447702,0.8371538325965795,NA,NA,NA
18,OnlineFPCA-adagrad,0.1,700,100,face,3,5,0.342538595199585,6,2,0.6725432282473104,0.6279024544919563,0.8187290773867624,NA,NA,NA
18,OnlineFPCA-adagrad,0.1,800,100,face,3,5,0.339549541473389,6,2,0.3520958060161379,0.5591881740473853,0.7773858112424881,NA,NA,NA
18,OnlineFPCA-adagrad,0.1,900,100,face,3,5,0.339713096618652,6,2,0.2817923147326702,0.5118339586610298,0.7550060104408609,NA,NA,NA
18,OnlineFPCA-adagrad,0.1,1000,100,face,3,5,0.340362310409546,6,2,0.20504059962596363,0.4542845400463329,0.7204179202972306,NA,NA,NA
18,OnlineFPCA-adagrad,0.1,1100,100,face,3,5,0.477331399917603,6,2,0.23392636882923484,0.34587569281933367,0.5522519036235112,0.21179492413316842,0.3606569221965713,0.6285733967905712
18,OnlineFPCA-adagrad,0.1,1200,100,face,3,5,0.468408584594727,6,2,0.10859164374362516,0.40535676525968334,0.4550562735404686,0.08192690338684967,0.3925448041872063,0.59773088463615065
18,OnlineFPCA-adagrad,0.1,1300,100,face,3,5,0.48958945274353,6,2,0.18608031643328057,0.40336403954543026,0.4235436666226465,0.08499710254799808,0.3945190455090024,0.5359674583418005
18,OnlineFPCA-adagrad,0.1,1400,100,face,3,5,0.472277164459229,6,2,0.16435619565294554,0.3860019972836579,0.45961433630141063,0.10367663020881777,0.39105479807380505,0.49308111922136866
18,OnlineFPCA-adagrad,0.1,1500,100,face,3,5,0.4708571434021,6,2,0.16196998520235478,0.4018522967601525,0.42974000933045153,0.09173097303748598,0.3849741778503283,0.4732046116177397
18,OnlineFPCA-adagrad,0.1,1600,100,face,3,5,0.47935962677002,6,2,0.0908201162401049,0.3996674399642416,0.4427431322697891,0.08555928774783962,0.38343596832039845,0.45829005612245116
18,OnlineFPCA-adagrad,0.1,1700,100,face,3,5,0.473371744155884,6,2,0.08434655939691432,0.3934675136806208,0.4311733296389728,0.08174577518520723,0.38267485933116824,0.44992961483745886
18,OnlineFPCA-adagrad,0.1,1800,100,face,3,5,0.474463939666748,6,2,0.09070645455193198,0.3876057459065329,0.4365207243668912,0.0806333187622953,0.38252920670031015,0.4448307549485075
18,OnlineFPCA-adagrad,0.1,1900,100,face,3,5,0.476336479187012,6,2,0.0895109928732579,0.3869364746053599,0.4397371344691472,0.07743731768278364,0.3824143739640319,0.44146829552693
18,OnlineFPCA-adagrad,0.1,2000,100,face,3,5,0.486202955245972,6,2,0.06361177605412462,0.38892708135183035,0.4382004380262352,0.07380548206540916,0.3824165665242097,0.4397518912792132
18,OnlineFPCA-adagrad,0.1,2100,100,face,3,5,0.474298477172852,6,2,0.17611058038813496,0.3683901696759241,0.4014267551752408,0.06868365170722852,0.3811112247960049,0.43870975341572505
18,OnlineFPCA-adagrad,0.1,2200,100,face,3,5,0.469338893890381,6,2,0.31041927369343514,0.395774041608716,0.41028720951669645,0.06675964881663009,0.3787246476692919,0.4355783937854956
18,OnlineFPCA-adagrad,0.1,2300,100,face,3,5,0.471589803695679,6,2,0.08921550681452316,0.376543197326609,0.43903134613574607,0.06461104968493511,0.3759685050720433,0.43481947113029534
18,OnlineFPCA-adagrad,0.1,2400,100,face,3,5,0.472083330154419,6,2,0.23715504610783425,0.36186516610572417,0.4660932462596835,0.060953465965300165,0.37239620621986314,0.43500902039092526
18,OnlineFPCA-adagrad,0.1,2500,100,face,3,5,0.468114852905273,6,2,0.21311865437168695,0.34828242333933346,0.4143750037048551,0.05898048439007403,0.36956346646920113,0.4316787298938691
18,OnlineFPCA-adagrad,0.1,2600,100,face,3,5,0.513742208480835,6,2,0.2287028565413133,0.3587811504268376,0.36275088809375905,0.051344298917261076,0.3651539442977929,0.42404284517490043
18,OnlineFPCA-adagrad,0.1,2700,100,face,3,5,0.507435083389282,6,2,0.18027582239048057,0.2894405603546205,0.3310669061913188,0.04597992306000709,0.3593430349074942,0.4139168635584393
18,OnlineFPCA-adagrad,0.1,2800,100,face,3,5,0.655725717544556,6,2,0.16606380226710896,0.29395399219897816,0.3000794060120552,0.044927885546245015,0.3532208299895157,0.4076791444717978
18,OnlineFPCA-adagrad,0.1,2900,100,face,3,5,0.506143808364868,6,2,0.19491104331482614,0.40061722186782384,0.32287167145029805,0.04362502903321253,0.34753648834344586,0.3983384462470651
18,OnlineFPCA-adagrad,0.1,3000,100,face,3,5,0.509042024612427,6,2,0.15377037170858524,0.35885283055670564,0.36794668238773065,0.0405343731532912,0.3419043553829202,0.388442464865955
18,OnlineFPCA-adagrad,0.1,3100,100,face,3,5,0.506913900375366,6,2,0.20941005115217964,0.2881112576779662,0.43586970261189734,0.04228288423257251,0.3365179494035967,0.3775334754385016
18,OnlineFPCA-adagrad,0.1,3200,100,face,3,5,0.507419586181641,6,2,0.29451714910333265,0.30077080244834564,0.3896615351507705,0.045980086373681305,0.3322090722994308,0.36812135127885454
18,OnlineFPCA-adagrad,0.1,3300,100,face,3,5,0.512584209442139,6,2,0.17749662320666168,0.46692170569303665,0.304268039453931,0.04588334259397354,0.32870119485415056,0.3602533193156043
18,OnlineFPCA-adagrad,0.1,3400,100,face,3,5,0.522535085678101,6,2,0.19058440190843928,0.2857922904000173,0.33770551636464247,0.04679618910675439,0.32425224192303226,0.35643992748259506
18,OnlineFPCA-adagrad,0.1,3500,100,face,3,5,0.514431715011597,6,2,0.0794176894445926,0.17963299383177128,0.3113049797024361,0.047751389044034885,0.3187740578820926,0.3520448099209796
18,OnlineFPCA-adagrad,0.1,3600,100,face,3,5,0.504166126251221,6,2,0.04231654691852579,0.19976231286916832,0.24615972382903753,0.04528205556990249,0.3105650605146063,0.3462842281364049
18,OnlineFPCA-adagrad,0.1,3700,100,face,3,5,0.508342981338501,6,2,0.09625552123363887,0.11225720898733124,0.23796105952230762,0.04355805556181677,0.30119311719296343,0.33853440101598314
18,OnlineFPCA-adagrad,0.1,3800,100,face,3,5,0.511067628860474,6,2,0.1997795293643575,0.23056840114931815,0.19477988333906152,0.041292005658404365,0.2911297586667621,0.32793289534133496
18,OnlineFPCA-adagrad,0.1,3900,100,face,3,5,0.517343759536743,6,2,0.09992704954838359,0.1582204930470963,0.2154869151876908,0.04037136181144469,0.28224195761691945,0.3167576710051618
18,OnlineFPCA-adagrad,0.1,4000,100,face,3,5,0.519642353057861,6,2,0.0405382610113093,0.2715941981018465,0.30502252199310165,0.0405382610113093,0.2715941981018465,0.30502252199310165
18,OnlineFPCA-adagrad,0.1,4100,100,face,3,5,0.516441106796265,6,2,0.14312603009409375,0.23499685647863836,0.30326846079744546,0.06504453198797154,0.24245949419456553,0.30758360355246506
18,OnlineFPCA-adagrad,0.1,4200,100,face,3,5,0.516139507293701,6,2,0.20858781114744412,0.18393139620212876,0.1817414739529689,0.051430950274170974,0.21440764609398197,0.2756721394614136
18,OnlineFPCA-adagrad,0.1,4300,100,face,3,5,0.511107921600342,6,2,0.11791652880634323,0.14233005091839965,0.30512726266623685,0.057809377156201956,0.18260720317410947,0.2464068930890222
18,OnlineFPCA-adagrad,0.1,4400,100,face,3,5,0.507200956344604,6,2,0.07670615071206306,0.23463251028214194,0.34349845081177816,0.05518265079383359,0.1710009589642272,0.2553786646648904
18,OnlineFPCA-adagrad,0.1,4500,100,face,3,5,0.508728504180908,6,2,0.2528625385494102,0.290130651788834,0.32906566285560046,0.03232616077970902,0.16622826865946602,0.2713661873854078
18,OnlineFPCA-adagrad,0.1,4600,100,face,3,5,0.506597518920898,6,2,0.2062976306167804,0.2941840504199909,0.25435271191130177,0.048343589093556766,0.1542154891359643,0.26715508182864284
18,OnlineFPCA-adagrad,0.1,4700,100,face,3,5,0.511874675750732,6,2,0.13583858327552356,0.2184054394208821,0.23015148043406333,0.05670315879038161,0.1385712493428148,0.2578236650913759
18,OnlineFPCA-adagrad,0.1,4800,100,face,3,5,0.643706083297729,6,2,0.12867028951988316,0.21475657682998134,0.35864678802850924,0.06313919858144185,0.13256447412204994,0.25924343598993255
18,OnlineFPCA-adagrad,0.1,4900,100,face,3,5,0.506996631622314,6,2,0.1064783691151357,0.20827928410070667,0.19881695330331195,0.061500999325341255,0.12092182348537901,0.2565235501863814
18,OnlineFPCA-adagrad,0.1,5000,100,face,3,5,0.506721258163452,6,2,0.11843405935639292,0.19823330170527978,0.24231959663805563,0.05841755440346018,0.10920492877380547,0.24646196273102317
18,OnlineFPCA-adagrad,0.1,5100,100,face,3,5,0.102590799331665,6,2,0.12489149072413795,0.15869545415426203,0.17040057153278826,0.05268669740354724,0.10145295334918009,0.23099271036361615
18,OnlineFPCA-adagrad,0.1,5200,100,face,3,5,0.103882312774658,6,2,0.15630915256917055,0.11573136396159076,0.2567286293287632,0.04741066980592065,0.09316026154136213,0.21716902507130292
18,OnlineFPCA-adagrad,0.1,5300,100,face,3,5,0.103193283081055,6,2,0.10495232542507268,0.21593670613967617,0.17244366441207284,0.044858179143954645,0.08559239933322398,0.21052119899661767
18,OnlineFPCA-adagrad,0.1,5400,100,face,3,5,0.102724552154541,6,2,0.1328413467405872,0.07172527338748004,0.13222840172083153,0.04372594901021551,0.08052859759003811,0.2010237861102408
18,OnlineFPCA-adagrad,0.1,5500,100,face,3,5,0.106313705444336,6,2,0.13586497084437169,0.15409594958861567,0.1567044306066943,0.04309748582059323,0.07349032275788134,0.1943629397762819
18,OnlineFPCA-adagrad,0.1,5600,100,face,3,5,0.102121353149414,6,2,0.1583398768748706,0.15700393580437227,0.20136614559419952,0.045281338229908714,0.0681565731639568,0.18696200327681076
18,OnlineFPCA-adagrad,0.1,5700,100,face,3,5,0.0998711585998535,6,2,0.11642935129570389,0.11398534992733432,0.22154116202012833,0.04419086748946364,0.0643135274314082,0.18070476667427296
18,OnlineFPCA-adagrad,0.1,5800,100,face,3,5,0.104940176010132,6,2,0.10315746540791218,0.11889774828692283,0.31377770474485683,0.04219020090423968,0.060111688245183974,0.1828626437972347
18,OnlineFPCA-adagrad,0.1,5900,100,face,3,5,0.101368188858032,6,2,0.17761603687583305,0.23740411211855,0.2545212098218787,0.03524663135223329,0.05772579436883619,0.18362661173836664
18,OnlineFPCA-adagrad,0.1,6000,100,face,3,5,0.101143836975098,6,2,0.14453379544217998,0.19141415683153418,0.24653924832615232,0.03127549378569141,0.057887508410726624,0.1834405881809646
18,OnlineFPCA-adagrad,0.1,6100,100,face,3,5,0.0992429256439209,6,2,0.12441711777630497,0.16699047144015558,0.3142807864475268,0.030867494743186088,0.059673671454252133,0.18795717398249118
18,OnlineFPCA-adagrad,0.1,6200,100,face,3,5,0.102126836776733,6,2,0.11546112629186993,0.10798618840871138,0.17211998090889635,0.0316986557823345,0.06163222118359094,0.19266722346319395
18,OnlineFPCA-adagrad,0.1,6300,100,face,3,5,0.104659080505371,6,2,0.14872285412225347,0.22357619946692078,0.3219634379588949,0.033345892831440654,0.058263783233050356,0.19034831277481587
18,OnlineFPCA-adagrad,0.1,6400,100,face,3,5,0.100962162017822,6,2,0.1822232220444494,0.14226299272500567,0.36406614477165145,0.035725775574015316,0.05249054262421542,0.18227162532991822
18,OnlineFPCA-adagrad,0.1,6500,100,face,3,5,0.101850748062134,6,2,0.11581697117256827,0.2327647123782776,0.29032745865972737,0.03784097575367892,0.05087893636408234,0.18230523529961032
18,OnlineFPCA-adagrad,0.1,6600,100,face,3,5,0.0996232032775879,6,2,0.08622224001047081,0.23820704109261268,0.28551282131421624,0.03832672571748087,0.052527595348828525,0.1827059899746177
18,OnlineFPCA-adagrad,0.1,6700,100,face,3,5,0.106050729751587,6,2,0.09235135139050037,0.1677482208864616,0.24067699587657623,0.038063242935716675,0.05373025843309727,0.18346603723653238
18,OnlineFPCA-adagrad,0.1,6800,100,face,3,5,0.103418588638306,6,2,0.14145666781200966,0.18055884921805895,0.22978326467096316,0.037958378191763745,0.05182561408641931,0.183857787268664
18,OnlineFPCA-adagrad,0.1,6900,100,face,3,5,0.106640100479126,6,2,0.1373112470097384,0.07799242871429199,0.3859761677254789,0.03745393537873261,0.04863583816867943,0.18447229981784538
18,OnlineFPCA-adagrad,0.1,7000,100,face,3,5,0.0999851226806641,6,2,0.15817957739337477,0.11131613095060142,0.41084088175378375,0.03616871045926894,0.048352893917465126,0.18977086318205275
18,OnlineFPCA-adagrad,0.1,7100,100,face,3,5,0.102348327636719,6,2,0.13690080595366294,0.10563636616824906,0.30094863883684203,0.03450648512275794,0.04594649004828044,0.1942447024655855
18,OnlineFPCA-adagrad,0.1,7200,100,face,3,5,0.106003999710083,6,2,0.156989583632201,0.14653754254122567,0.37446045550385454,0.033051348345687306,0.0415032320978747,0.19772700212448616
18,OnlineFPCA-adagrad,0.1,7300,100,face,3,5,0.103418350219727,6,2,0.0643048248393683,0.13237528051669295,0.37502515042368495,0.03376829025132571,0.03709787614558972,0.2025476803481013
18,OnlineFPCA-adagrad,0.1,7400,100,face,3,5,0.102967500686646,6,2,0.13042420421632528,0.2105502481248069,0.32020875623312456,0.034495326161329505,0.03147140258957235,0.20554340402906898
18,OnlineFPCA-adagrad,0.1,7500,100,face,3,5,0.100851058959961,6,2,0.1205266248156789,0.13999955530157115,0.30732699049527196,0.03303187662570678,0.02773406010738361,0.2043402526972369
18,OnlineFPCA-adagrad,0.1,7600,100,face,3,5,0.103545188903809,6,2,0.1940979458808548,0.2048184730747606,0.2581074205210018,0.030189713101614887,0.02470047011126403,0.20219796563783343
18,OnlineFPCA-adagrad,0.1,7700,100,face,3,5,0.105473518371582,6,2,0.16070092146846493,0.2196077176094174,0.30731644828439003,0.027489140378756858,0.02142570739621782,0.19885551558375728
18,OnlineFPCA-adagrad,0.1,7800,100,face,3,5,0.103356838226318,6,2,0.14222047739706778,0.2274314074647196,0.2501191101860411,0.02844439594564096,0.019297529483006653,0.19840071234870174
18,OnlineFPCA-adagrad,0.1,7900,100,face,3,5,0.103286981582642,6,2,0.16761944641541868,0.3224248225275286,0.2865682419936438,0.028768299221603323,0.017405851951265726,0.19537345050769042
18,OnlineFPCA-adagrad,0.1,8000,100,face,3,5,0.104491949081421,6,2,0.12498638525229863,0.2780962709131831,0.3222990444679011,0.028027052457262547,0.02014900806118033,0.19000989452428807
18,OnlineFPCA-adagrad,0.1,8100,100,face,3,5,0.103222131729126,6,2,0.1911402446468302,0.17185954008015739,0.3699134751669485,0.02881441646897302,0.02277279956711665,0.18236324738848242
18,OnlineFPCA-adagrad,0.1,8200,100,face,3,5,0.112051963806152,6,2,0.25901353883423706,0.1325451379936019,0.3209807429473776,0.029815554171808093,0.022591647221142624,0.17402317094027506
18,OnlineFPCA-adagrad,0.1,8300,100,face,3,5,0.10240912437439,6,2,0.15461719195666185,0.26556243396012646,0.281962974873539,0.030113883541678252,0.02230073858840682,0.1670416208978287
18,OnlineFPCA-adagrad,0.1,8400,100,face,3,5,0.100810766220093,6,2,0.17707764422155828,0.17445479358743884,0.24932547304857205,0.031124905997304938,0.024245608463263745,0.16390124859688698
18,OnlineFPCA-adagrad,0.1,8500,100,face,3,5,0.105546474456787,6,2,0.0748598973914593,0.11641306619924251,0.23031791065049678,0.031872310254693365,0.025870023818461665,0.16156652717932907
18,OnlineFPCA-adagrad,0.1,8600,100,face,3,5,0.102188587188721,6,2,0.04162344705580076,0.16597239979690015,0.22795002399081035,0.03139660924554971,0.027480366918108914,0.16072731155860973
18,OnlineFPCA-adagrad,0.1,8700,100,face,3,5,0.106106042861938,6,2,0.08900670192537606,0.11884140333970616,0.21338383914655162,0.03147531207179344,0.028020418747545295,0.16005874000081438
18,OnlineFPCA-adagrad,0.1,8800,100,face,3,5,0.100497961044312,6,2,0.1793744619907862,0.21378388033706505,0.22588939409014056,0.03150648371348093,0.026887800595923047,0.1577814374503228
18,OnlineFPCA-adagrad,0.1,8900,100,face,3,5,0.102737188339233,6,2,0.09284031620365386,0.1613264399961711,0.21866343646678774,0.031764524714849356,0.02624071508340337,0.154684102393758
18,OnlineFPCA-adagrad,0.1,9000,100,face,3,5,0.101898193359375,6,2,0.1083458650194126,0.27509829500843613,0.1964406815831732,0.03231783794411725,0.029680378075056732,0.15210138448380192
18,OnlineFPCA-adagrad,0.1,9100,100,face,3,5,0.10405969619751,6,2,0.11605040446499279,0.1449270619432896,0.2861357702084231,0.03155334988555244,0.031479433728876884,0.14988523290955807
18,OnlineFPCA-adagrad,0.1,9200,100,face,3,5,0.105188608169556,6,2,0.1661192652077254,0.18911643551794682,0.18273191509486106,0.031583010560617804,0.033290439490078656,0.14707889697325277
18,OnlineFPCA-adagrad,0.1,9300,100,face,3,5,0.0999033451080322,6,2,0.11892977541408045,0.11405624626922033,0.2063252831348935,0.031997578886415835,0.033922010025756684,0.14570938793972543
18,OnlineFPCA-adagrad,0.1,9400,100,face,3,5,0.102883815765381,6,2,0.04090050004057662,0.1536959851650369,0.19595561982351578,0.03233957391492235,0.03360244679003355,0.14546791985953114
18,OnlineFPCA-adagrad,0.1,9500,100,face,3,5,0.102497816085815,6,2,0.21102034806675046,0.20325202194781167,0.2404938365462636,0.0315922563530699,0.033247107606228746,0.14644664066455831
18,OnlineFPCA-adagrad,0.1,9600,100,face,3,5,0.106470584869385,6,2,0.18830302885264166,0.2359417960207767,0.23508816667988797,0.03189387485213149,0.033220576808398156,0.14678089121362353
18,OnlineFPCA-adagrad,0.1,9700,100,face,3,5,0.102569341659546,6,2,0.11723334218885544,0.16180785442081375,0.19998491597905038,0.0323721168632415,0.03353304921775919,0.14669553486537673
18,OnlineFPCA-adagrad,0.1,9800,100,face,3,5,0.10110068321228,6,2,0.12120183112257227,0.13853059458197342,0.2818443998796008,0.03242626762366232,0.03378496726053234,0.1478323353504156
18,OnlineFPCA-adagrad,0.1,9900,100,face,3,5,0.105134248733521,6,2,0.07727695597944996,0.189086807796039,0.19259209358475646,0.03286573568949304,0.034733587215720785,0.14898728684180654
18,OnlineFPCA-adagrad,0.1,10000,100,face,3,5,0.102810144424438,6,2,0.08738339316034653,0.17870514840183188,0.2355340107441914,0.033192039043602566,0.03560663814835225,0.14879440055384993
18,OnlineFPCA-adagrad,0.1,10100,100,face,3,5,0.105623006820679,6,2,0.09660923726932132,0.1444772674154831,0.17040918914626252,0.03325086018405099,0.037203985138175105,0.1478855558694411
18,OnlineFPCA-adagrad,0.1,10200,100,face,3,5,0.100441694259644,6,2,0.11137099682795602,0.12139614718887072,0.22912307382302388,0.032629956213524394,0.03854509459964494,0.14647613813867744
18,OnlineFPCA-adagrad,0.1,10300,100,face,3,5,0.101187705993652,6,2,0.08504323902946974,0.1849849739030221,0.15781309579528846,0.03190195582953329,0.03856139868038961,0.1458764232737791
18,OnlineFPCA-adagrad,0.1,10400,100,face,3,5,0.105958461761475,6,2,0.11782182152254707,0.11569121447570335,0.1485467436083268,0.031283009300724085,0.03888147788981212,0.1454589624039587
18,OnlineFPCA-adagrad,0.1,10500,100,face,3,5,0.102071523666382,6,2,0.12186141758050388,0.14046902490502436,0.15292913755392046,0.030723883539335223,0.03887372063694131,0.14529134318764012
18,OnlineFPCA-adagrad,0.1,10600,100,face,3,5,0.106013298034668,6,2,0.13206098523069068,0.14641661825073335,0.17218145900039195,0.030765802885768325,0.03813148232507615,0.14475120277228906
18,OnlineFPCA-adagrad,0.1,10700,100,face,3,5,0.10113525390625,6,2,0.11194493641109585,0.11301442865017299,0.1907733767966664,0.030779351450725117,0.03756075149034604,0.14428048622763548
18,OnlineFPCA-adagrad,0.1,10800,100,face,3,5,0.102638959884644,6,2,0.09266718569514816,0.11145856713578835,0.24320415695469755,0.03034302435342152,0.03743176742381223,0.1453648963345287
18,OnlineFPCA-adagrad,0.1,10900,100,face,3,5,0.106637954711914,6,2,0.1335796014916324,0.19146614600119014,0.20828304407806827,0.029610100068298565,0.03790441983607604,0.14597333313529684
18,OnlineFPCA-adagrad,0.1,11000,100,face,3,5,0.103431224822998,6,2,0.11654007172227383,0.15120335608287425,0.20736529930424552,0.029322345033982483,0.03859414213848703,0.1461666730604302
18,OnlineFPCA-adagrad,0.1,11100,100,face,3,5,0.101979970932007,6,2,0.1208204668230299,0.13729219247454658,0.26841151428008697,0.029999852558726732,0.03877720647138758,0.14720577347440145
18,OnlineFPCA-adagrad,0.1,11200,100,face,3,5,0.0993969440460205,6,2,0.10951171182800021,0.07797002979277888,0.1684168086076204,0.030686691486090753,0.03850806508928332,0.14849940787361804
18,OnlineFPCA-adagrad,0.1,11300,100,face,3,5,0.103213548660278,6,2,0.12711204920968264,0.17855638072266117,0.2786577017623911,0.031195535210141713,0.03789747906206145,0.14799689016870635
18,OnlineFPCA-adagrad,0.1,11400,100,face,3,5,0.10465669631958,6,2,0.1662548261797559,0.1123313372974221,0.3016015547249514,0.03154843286950102,0.03753590822721843,0.14632135423645595
18,OnlineFPCA-adagrad,0.1,11500,100,face,3,5,0.10256814956665,6,2,0.10744917357231988,0.1972204794146923,0.235455775736936,0.03216319311845929,0.037555942756881434,0.146193809962155
18,OnlineFPCA-adagrad,0.1,11600,100,face,3,5,0.101553678512573,6,2,0.08037876997068857,0.21055009569012395,0.23670637035616723,0.03238765822277979,0.03816863563312848,0.1464778162554582
18,OnlineFPCA-adagrad,0.1,11700,100,face,3,5,0.102311611175537,6,2,0.07485549678920057,0.14782658399962745,0.19720026536177043,0.03217756024299653,0.038238667946811,0.14690837113414376
18,OnlineFPCA-adagrad,0.1,11800,100,face,3,5,0.105837345123291,6,2,0.1154333035218125,0.13133963654414196,0.19916292905548658,0.03198726329215606,0.03760170183330478,0.14719754186363565
18,OnlineFPCA-adagrad,0.1,11900,100,face,3,5,0.102341651916504,6,2,0.11448450795569874,0.0798328325613305,0.31612173074066985,0.03199715587191563,0.03730727748370349,0.14787580033480138
18,OnlineFPCA-adagrad,0.1,12000,100,face,3,5,0.105764627456665,6,2,0.13022399385396727,0.1079766501859165,0.351937307042312,0.031777705112517346,0.037827251541958616,0.1500169200519201
18,OnlineFPCA-adagrad,0.1,12100,100,face,3,5,0.101850748062134,6,2,0.10851388991653689,0.08361504390488061,0.2712690570559122,0.031200286268638456,0.03805155105237942,0.15217276919169553
18,OnlineFPCA-adagrad,0.1,12200,100,face,3,5,0.103915691375732,6,2,0.11542333541190464,0.12696935611237237,0.3260416195021195,0.03060295614989231,0.03775295777209634,0.15385675926473033
18,OnlineFPCA-adagrad,0.1,12300,100,face,3,5,0.106289625167847,6,2,0.05098545049710858,0.11404522047009147,0.3370566556810276,0.03075755322227087,0.037608097884775704,0.15592639174813785
18,OnlineFPCA-adagrad,0.1,12400,100,face,3,5,0.103824138641357,6,2,0.10986895223072787,0.19268813099347387,0.30285449131067815,0.030867532409818065,0.038128414530397114,0.15768675138659002
18,OnlineFPCA-adagrad,0.1,12500,100,face,3,5,0.103296279907227,6,2,0.09746036044277238,0.12318518036415846,0.2781789722672825,0.030323015002169593,0.0385991341398874,0.15828667422629872
18,OnlineFPCA-adagrad,0.1,12600,100,face,3,5,0.1012282371521,6,2,0.16665826321013064,0.17744148719202377,0.23762648153929797,0.029393384552839446,0.039417641170614436,0.1584593941694535
18,OnlineFPCA-adagrad,0.1,12700,100,face,3,5,0.103196144104004,6,2,0.13006310408610589,0.18434822200129358,0.2885775091764319,0.0282024114749348,0.04067528455109322,0.15814344910380962
18,OnlineFPCA-adagrad,0.1,12800,100,face,3,5,0.107006549835205,6,2,0.12764104912231192,0.2030235777173114,0.23529723024689095,0.028285989173616723,0.042193802664488245,0.15880258113001897
18,OnlineFPCA-adagrad,0.1,12900,100,face,3,5,0.103835821151733,6,2,0.14037494069005402,0.2916573055081432,0.2586280013913773,0.0286690388548045,0.043600362812393635,0.15859512755748265
18,OnlineFPCA-adagrad,0.1,13000,100,face,3,5,0.10467267036438,6,2,0.10762986822427492,0.27351617218538143,0.2705389295740657,0.028688918621365033,0.045501987123841084,0.15751518744241103
18,OnlineFPCA-adagrad,0.1,13100,100,face,3,5,0.103262662887573,6,2,0.16956703534262454,0.1694579299999571,0.2834854387821426,0.029215789633109897,0.04697778598815217,0.15546601273583874
18,OnlineFPCA-adagrad,0.1,13200,100,face,3,5,0.103334188461304,6,2,0.2313295555197745,0.13262631014257412,0.25758847639496346,0.029639852189448666,0.0474658882178338,0.15285641428105456
18,OnlineFPCA-adagrad,0.1,13300,100,face,3,5,0.105808258056641,6,2,0.13178575209251647,0.2008665661947413,0.2565840085480784,0.029914803227325093,0.04773765905652008,0.15065638181125285
18,OnlineFPCA-adagrad,0.1,13400,100,face,3,5,0.103484869003296,6,2,0.166916455780046,0.15079120033443277,0.22482830194345657,0.03041158967722995,0.04833807650405442,0.1494497113584269
18,OnlineFPCA-adagrad,0.1,13500,100,face,3,5,0.101147174835205,6,2,0.07883011195391973,0.11597653454732942,0.20430012598370925,0.030842931733928717,0.04882294503806744,0.14837057747195845
18,OnlineFPCA-adagrad,0.1,13600,100,face,3,5,0.10632586479187,6,2,0.042676759804109246,0.1410818795886891,0.19941556631944454,0.03073491393109652,0.0494710309046303,0.14786812615771353
18,OnlineFPCA-adagrad,0.1,13700,100,face,3,5,0.111074447631836,6,2,0.07589784577484622,0.10051837398752432,0.18974594420050533,0.03073076308033231,0.049871173859634,0.1474493205041965
18,OnlineFPCA-adagrad,0.1,13800,100,face,3,5,0.106249332427979,6,2,0.1637640383673301,0.1755001237056006,0.2162169823597325,0.03080162009779506,0.04985305318722078,0.1465121278087248
18,OnlineFPCA-adagrad,0.1,13900,100,face,3,5,0.100347757339478,6,2,0.08812393276652393,0.1452931061164016,0.21128295209130205,0.030917627000663608,0.049684691487769626,0.14533573310854592
18,OnlineFPCA-adagrad,0.1,14000,100,face,3,5,0.103661060333252,6,2,0.09753032879111335,0.24376809230328217,0.18597371332286947,0.031190969617514407,0.050908364623619015,0.14449074958777539
18,OnlineFPCA-adagrad,0.1,14100,100,face,3,5,0.102844715118408,6,2,0.1019206137246017,0.12661714422360926,0.24632645624498026,0.0309327416109826,0.0516043857926986,0.143780933174692
18,OnlineFPCA-adagrad,0.1,14200,100,face,3,5,0.106581687927246,6,2,0.13632969271173387,0.16560004808578035,0.16413220045833526,0.030910233151977034,0.05225992337109943,0.14280585529435957
18,OnlineFPCA-adagrad,0.1,14300,100,face,3,5,0.103049278259277,6,2,0.11330958171849628,0.10728494251367045,0.18550844990232712,0.031137583251685984,0.052586639448849476,0.1423073719500077
18,OnlineFPCA-adagrad,0.1,14400,100,face,3,5,0.101654529571533,6,2,0.024550924182630184,0.13590115319054086,0.17014423676693188,0.031326988182182665,0.052458169339913006,0.14214825161314198
18,OnlineFPCA-adagrad,0.1,14500,100,face,3,5,0.107243299484253,6,2,0.1795515983433457,0.16892810754274679,0.21210180010228022,0.031061530704880547,0.05230420365225719,0.14250099282751907
18,OnlineFPCA-adagrad,0.1,14600,100,face,3,5,0.102898359298706,6,2,0.17516032163057163,0.19831544794175887,0.21441996588177611,0.031168087992466117,0.05232173915478261,0.14265806453445373
18,OnlineFPCA-adagrad,0.1,14700,100,face,3,5,0.105077266693115,6,2,0.11120555603187803,0.14417189452151938,0.1899242945420745,0.0313617265784608,0.052439567621110766,0.14262301952278467
18,OnlineFPCA-adagrad,0.1,14800,100,face,3,5,0.101454973220825,6,2,0.11674251719877811,0.12125048188857596,0.25302655236218047,0.03136653695094168,0.05246827147714078,0.14313462773443036
18,OnlineFPCA-adagrad,0.1,14900,100,face,3,5,0.104247331619263,6,2,0.07392994933202506,0.17035658269144396,0.18741566956580105,0.03158764790558512,0.0527514305875287,0.1437491698206724
18,OnlineFPCA-adagrad,0.1,15000,100,face,3,5,0.107202529907227,6,2,0.07640657327832376,0.1556947782287801,0.2224731891311464,0.031780407876778126,0.05303686868701101,0.14374889851322706
18,OnlineFPCA-adagrad,0.1,0,100,face,3,5,6.35740375518799,6,3,2.0011133431060673,1.6190827585742718,1.648523520232144,2.0011133431060673,1.6190827585742718,1.648523520232144
18,OnlineFPCA-adagrad,0.1,100,100,face,3,5,0.486753940582275,6,3,1.6776002466613118,1.7436531785568008,1.7489337306391959,NA,NA,NA
18,OnlineFPCA-adagrad,0.1,200,100,face,3,5,0.341777086257935,6,3,1.6905304267790708,1.7578421686773757,1.7437692658220014,NA,NA,NA
18,OnlineFPCA-adagrad,0.1,300,100,face,3,5,0.338674068450928,6,3,1.8212257296363092,1.6922321430229326,1.7188385947093603,NA,NA,NA
18,OnlineFPCA-adagrad,0.1,400,100,face,3,5,0.341377973556519,6,3,1.9254303275914468,0.7441173657536982,1.2768814332400222,NA,NA,NA
18,OnlineFPCA-adagrad,0.1,500,100,face,3,5,0.342751264572144,6,3,1.8123907979491263,1.4970897382193942,1.3472908846317493,NA,NA,NA
18,OnlineFPCA-adagrad,0.1,600,100,face,3,5,0.34250283241272,6,3,0.907510909411184,0.9744268912273472,1.0384427153996085,NA,NA,NA
18,OnlineFPCA-adagrad,0.1,700,100,face,3,5,0.343382835388184,6,3,0.8755100677201508,0.9704113212409731,1.0390058139936216,NA,NA,NA
18,OnlineFPCA-adagrad,0.1,800,100,face,3,5,0.337131261825562,6,3,0.8396847510082188,0.9666051634823023,1.0369003681102364,NA,NA,NA
18,OnlineFPCA-adagrad,0.1,900,100,face,3,5,0.342576265335083,6,3,0.8125569612298381,0.9631058742548453,1.0352560734463694,NA,NA,NA
18,OnlineFPCA-adagrad,0.1,1000,100,face,3,5,0.353667497634888,6,3,0.7642395799243391,0.9601119765655071,1.0332556497173222,NA,NA,NA
18,OnlineFPCA-adagrad,0.1,1100,100,face,3,5,0.471343755722046,6,3,0.21615409106216646,0.6935774432920688,0.8345087022277464,0.28729331935155183,0.8658488182216265,0.9270115672573787
18,OnlineFPCA-adagrad,0.1,1200,100,face,3,5,0.465136766433716,6,3,0.1317517606438648,0.5267700191494058,0.6605894571308203,0.21753150704206606,0.6916290016141723,0.839163848774746
18,OnlineFPCA-adagrad,0.1,1300,100,face,3,5,0.473003149032593,6,3,0.21231138337136704,0.5288507257613638,0.5952356572979002,0.18101254248989682,0.609162500398735,0.7663432003938502
18,OnlineFPCA-adagrad,0.1,1400,100,face,3,5,0.466382265090942,6,3,0.244692753238941,0.4705244953106519,0.5807895275125674,0.17823578524717495,0.5566528954794767,0.6999046622233134
18,OnlineFPCA-adagrad,0.1,1500,100,face,3,5,0.474724531173706,6,3,0.23760761454382381,0.4606086031586394,0.4489374789707153,0.1540701693199718,0.526707320262805,0.6388101544317512
18,OnlineFPCA-adagrad,0.1,1600,100,face,3,5,0.476190328598022,6,3,0.1715416639523617,0.4021167439045288,0.4763577029757129,0.12954318151982624,0.5121819640819099,0.5853424932437604
18,OnlineFPCA-adagrad,0.1,1700,100,face,3,5,0.478480815887451,6,3,0.1582881097813654,0.3972923483835306,0.40086607429859206,0.11735934542157861,0.49595561142459704,0.5495309421918761
18,OnlineFPCA-adagrad,0.1,1800,100,face,3,5,0.476155281066895,6,3,0.1421549032375904,0.38926852934210976,0.44755552123675085,0.11328289938272874,0.48382699550936065,0.5242286299161907
18,OnlineFPCA-adagrad,0.1,1900,100,face,3,5,0.472674608230591,6,3,0.11327449918472833,0.39227250513030215,0.4561705482399592,0.10063060686918074,0.4733853636818519,0.5076985278236466
18,OnlineFPCA-adagrad,0.1,2000,100,face,3,5,0.480742931365967,6,3,0.2906660665635006,0.3804482723136605,0.44281600932898624,0.09286491424982457,0.4607308950052372,0.4955531208544405
18,OnlineFPCA-adagrad,0.1,2100,100,face,3,5,0.473200559616089,6,3,0.16347078833002712,0.3581590032245399,0.4071314467673464,0.08171661145188715,0.45045579720059004,0.4871500839382932
18,OnlineFPCA-adagrad,0.1,2200,100,face,3,5,0.469760894775391,6,3,0.25008812293735083,0.34889574511823274,0.3777580150079735,0.07612572815775735,0.44111208317711986,0.4759828312492808
18,OnlineFPCA-adagrad,0.1,2300,100,face,3,5,0.465274810791016,6,3,0.06437858134925463,0.3333886342818221,0.38724413696400767,0.07094423920214389,0.4313703691567447,0.46876683138093733
18,OnlineFPCA-adagrad,0.1,2400,100,face,3,5,0.468554496765137,6,3,0.22887615913840256,0.3660424698159598,0.36748557876635685,0.0678332960752901,0.42473093606362594,0.46176831808130764
18,OnlineFPCA-adagrad,0.1,2500,100,face,3,5,0.605160474777222,6,3,0.23518891111556253,0.3395649511332481,0.36226286918974476,0.06622100814545487,0.41830600646484856,0.4527936650162165
18,OnlineFPCA-adagrad,0.1,2600,100,face,3,5,0.504763841629028,6,3,0.18298947245647726,0.3055166741637685,0.33399709890599416,0.05662971500444758,0.41171183008646206,0.4425354839661837
18,OnlineFPCA-adagrad,0.1,2700,100,face,3,5,0.497524261474609,6,3,0.14141470446667645,0.3675375806496183,0.39512372053688427,0.052765231190264085,0.40723625320539064,0.43506823530874333
18,OnlineFPCA-adagrad,0.1,2800,100,face,3,5,0.501460552215576,6,3,0.1446587761184725,0.4086861058501747,0.4618640355214806,0.05165740021474573,0.40559628894525834,0.4320986853218692
18,OnlineFPCA-adagrad,0.1,2900,100,face,3,5,0.499960899353027,6,3,0.11965913767755847,0.45785771873371695,0.4754930558956782,0.05042861403858836,0.40362969621709105,0.4312856388944515
18,OnlineFPCA-adagrad,0.1,3000,100,face,3,5,0.503416299819946,6,3,0.14727441799325688,0.40327846866540046,0.4285588505148576,0.04602351967280073,0.4027381629326873,0.42972253292194756
18,OnlineFPCA-adagrad,0.1,3100,100,face,3,5,0.500476598739624,6,3,0.1685423267735369,0.38409107489204,0.36026774474645457,0.04297145216933576,0.40076000194162026,0.4270240145104731
18,OnlineFPCA-adagrad,0.1,3200,100,face,3,5,0.510367155075073,6,3,0.23147062265351795,0.36570642085290556,0.3667234986432019,0.040600520007359364,0.39810922251014585,0.42308307392749545
18,OnlineFPCA-adagrad,0.1,3300,100,face,3,5,0.505286455154419,6,3,0.17869786341557597,0.4494684061884903,0.45517344719034003,0.03986117584957387,0.39475350577019724,0.42104620358847356
18,OnlineFPCA-adagrad,0.1,3400,100,face,3,5,0.503777265548706,6,3,0.15588438544249206,0.4782163449994665,0.5078787323048849,0.040752159855708465,0.39543536734836787,0.42080946967053146
18,OnlineFPCA-adagrad,0.1,3500,100,face,3,5,0.508715152740479,6,3,0.07661204232490025,0.4562657490233358,0.5111819542370067,0.04123370713292301,0.3972457500381925,0.4243366426085636
18,OnlineFPCA-adagrad,0.1,3600,100,face,3,5,0.512225389480591,6,3,0.0331613173842616,0.46634240100025953,0.5401030511001531,0.03884019805526442,0.398914268145806,0.4277780623279056
18,OnlineFPCA-adagrad,0.1,3700,100,face,3,5,0.510492324829102,6,3,0.0941306127790059,0.4355466102414336,0.49514982960001,0.036018422890868505,0.3997142281975856,0.4308599012435206
18,OnlineFPCA-adagrad,0.1,3800,100,face,3,5,0.502995491027832,6,3,0.16733201375005446,0.45605137646286603,0.45702466008191667,0.034895703545306814,0.4002882864800346,0.43146177312168504
18,OnlineFPCA-adagrad,0.1,3900,100,face,3,5,0.516946315765381,6,3,0.09349844587079174,0.3970616741988574,0.4312671973407797,0.034956905666509795,0.39932978322938467,0.43034356763554227
18,OnlineFPCA-adagrad,0.1,4000,100,face,3,5,0.511212825775146,6,3,0.03466045336378436,0.399679381954136,0.42834957737767665,0.03466045336378436,0.399679381954136,0.42834957737767665
18,OnlineFPCA-adagrad,0.1,4100,100,face,3,5,0.510024309158325,6,3,0.12462562288075493,0.3542008784745151,0.3942651402699262,0.07074453069384426,0.3559979587138785,0.39274198968504925
18,OnlineFPCA-adagrad,0.1,4200,100,face,3,5,0.512466907501221,6,3,0.1947742161927317,0.3565003048394277,0.36292707550085324,0.05025708708218588,0.3438980835248934,0.3801051036439883
18,OnlineFPCA-adagrad,0.1,4300,100,face,3,5,0.506145238876343,6,3,0.1157645969415582,0.25319516352979365,0.3653156350572305,0.053185954976489,0.32789701004754834,0.36919145375256895
18,OnlineFPCA-adagrad,0.1,4400,100,face,3,5,0.507340669631958,6,3,0.09293698974280751,0.2584246878657858,0.29981109721087074,0.0495598283179378,0.30183760989714326,0.3494758215543736
18,OnlineFPCA-adagrad,0.1,4500,100,face,3,5,0.647366523742676,6,3,0.24029060936706945,0.287487594041825,0.3644260518780207,0.03365960004410019,0.28555959825074173,0.344571771281204
18,OnlineFPCA-adagrad,0.1,4600,100,face,3,5,0.508760213851929,6,3,0.1961329018403709,0.3651324571514998,0.3030826048829586,0.052488192649266636,0.2772308549784244,0.34155483412348314
18,OnlineFPCA-adagrad,0.1,4700,100,face,3,5,0.511818408966064,6,3,0.12447530872532737,0.2676156920169485,0.2805294667741429,0.05676906390394814,0.261190233502295,0.3280606663533486
18,OnlineFPCA-adagrad,0.1,4800,100,face,3,5,0.502774715423584,6,3,0.12026161671367294,0.21178503914787686,0.38415376881858027,0.06324993560999866,0.24922707204262096,0.324325219900877
18,OnlineFPCA-adagrad,0.1,4900,100,face,3,5,0.505704164505005,6,3,0.09458378210667727,0.25303396895885677,0.24019704758085075,0.0600118599022536,0.23751726097234976,0.3228272346282283
18,OnlineFPCA-adagrad,0.1,5000,100,face,3,5,0.50849986076355,6,3,0.11362492336237547,0.26481155397362455,0.2646240469116448,0.05537676761057112,0.22857706386921547,0.3100339249416238
18,OnlineFPCA-adagrad,0.1,5100,100,face,3,5,0.102278709411621,6,3,0.13382956999918977,0.17912756979092986,0.19773206495602508,0.04888147732803632,0.22048978007361722,0.29588379891905403
18,OnlineFPCA-adagrad,0.1,5200,100,face,3,5,0.112295150756836,6,3,0.1371163867767888,0.18157890578304223,0.32248651836910025,0.04340853139992367,0.2141694149398841,0.28326740319484617
18,OnlineFPCA-adagrad,0.1,5300,100,face,3,5,0.102665185928345,6,3,0.1073505620219292,0.23384793366915893,0.21238143818442423,0.04085800262251863,0.206975253285095,0.2785957390581255
18,OnlineFPCA-adagrad,0.1,5400,100,face,3,5,0.10003662109375,6,3,0.12679026101948565,0.10900945509930095,0.1901128324888865,0.04046460185574192,0.20141363534427806,0.27145262053352226
18,OnlineFPCA-adagrad,0.1,5500,100,face,3,5,0.105407476425171,6,3,0.13444633240665776,0.13554673891835395,0.17316403358420523,0.03964875267147105,0.19365313215402497,0.26562208423965245
18,OnlineFPCA-adagrad,0.1,5600,100,face,3,5,0.102402687072754,6,3,0.1542339299850797,0.12161005585349005,0.2021203882562501,0.04192451633487474,0.18640685161822151,0.25712965243027797
18,OnlineFPCA-adagrad,0.1,5700,100,face,3,5,0.105634689331055,6,3,0.11121991150678226,0.11778656784911284,0.19811287856808754,0.04180588948784639,0.17950939583770953,0.2482426781275247
18,OnlineFPCA-adagrad,0.1,5800,100,face,3,5,0.100519418716431,6,3,0.10382717515643,0.13651132243453007,0.28893551608583307,0.040513485466963706,0.17359855121047235,0.24502738779727534
18,OnlineFPCA-adagrad,0.1,5900,100,face,3,5,0.101672887802124,6,3,0.17861338586706918,0.22443744200305968,0.22253314596702656,0.03332135681736012,0.16841893595993596,0.23952807981055943
18,OnlineFPCA-adagrad,0.1,6000,100,face,3,5,0.105398416519165,6,3,0.14688492499094458,0.1676796980350917,0.23530138655030292,0.0295758447051537,0.16292560766144631,0.23402200648133897
18,OnlineFPCA-adagrad,0.1,6100,100,face,3,5,0.1029212474823,6,3,0.1133727983559648,0.1588576078595332,0.29038883888642714,0.028865711498574812,0.15676546915840495,0.23234478417662618
18,OnlineFPCA-adagrad,0.1,6200,100,face,3,5,0.105865240097046,6,3,0.11685560185996614,0.10210667066744164,0.13930379197933934,0.029798080376404804,0.15157520435157837,0.2307943467874896
18,OnlineFPCA-adagrad,0.1,6300,100,face,3,5,0.100892305374146,6,3,0.14656841523915096,0.23521876889535578,0.21852864905832797,0.0318082401101171,0.14644437959041906,0.22419585138796216
18,OnlineFPCA-adagrad,0.1,6400,100,face,3,5,0.103354454040527,6,3,0.18376396480637128,0.10934758514950946,0.2441234981770332,0.035017240952987874,0.14270885937086725,0.2150693939876625
18,OnlineFPCA-adagrad,0.1,6500,100,face,3,5,0.106361150741577,6,3,0.115741285551547,0.19621622680168535,0.13688527117353871,0.036596635675516576,0.13997517887824815,0.21112332173448914
18,OnlineFPCA-adagrad,0.1,6600,100,face,3,5,0.102840423583984,6,3,0.0782549593686408,0.15596167369696307,0.28129960620760774,0.0365235725869057,0.13734308037068732,0.20901836985364308
18,OnlineFPCA-adagrad,0.1,6700,100,face,3,5,0.10283374786377,6,3,0.09552220139291075,0.14800651866038747,0.1911634219178137,0.03635323969672166,0.13411138742421466,0.20719486041694876
18,OnlineFPCA-adagrad,0.1,6800,100,face,3,5,0.100096940994263,6,3,0.13507619182335712,0.18077402557129252,0.25343161044159596,0.03618243678083755,0.13127778878218047,0.20543893115744094
18,OnlineFPCA-adagrad,0.1,6900,100,face,3,5,0.104140281677246,6,3,0.13851941403420284,0.1288598281875413,0.3500799101379748,0.035251493460484985,0.1297949937987221,0.20693607435157244
18,OnlineFPCA-adagrad,0.1,7000,100,face,3,5,0.104691028594971,6,3,0.1613496509470735,0.12201741284764908,0.3665631703615584,0.03409903859278142,0.12832130967421856,0.21075149144972402
18,OnlineFPCA-adagrad,0.1,7100,100,face,3,5,0.102078676223755,6,3,0.13585820587023828,0.12360381990444415,0.2917667277305864,0.03285626059197624,0.12710249184575098,0.2145535024873284
18,OnlineFPCA-adagrad,0.1,7200,100,face,3,5,0.100675344467163,6,3,0.15520074832208108,0.14908167715411078,0.3238753413385697,0.031532291409233505,0.1250204666996106,0.21622185444983674
18,OnlineFPCA-adagrad,0.1,7300,100,face,3,5,0.101475477218628,6,3,0.05370822104000617,0.15933826615050578,0.33429471610601813,0.03197881715444115,0.12338446236348515,0.21879638201005155
18,OnlineFPCA-adagrad,0.1,7400,100,face,3,5,0.10554313659668,6,3,0.12110263040645765,0.2217977544569205,0.3121011162882361,0.03245345714614714,0.12343083591963583,0.22101150686857368
18,OnlineFPCA-adagrad,0.1,7500,100,face,3,5,0.103341102600098,6,3,0.11730238506573984,0.13436938278249755,0.2582807644929327,0.030741011000957275,0.12366311972597759,0.22041728474056704
18,OnlineFPCA-adagrad,0.1,7600,100,face,3,5,0.105266571044922,6,3,0.1922148177498941,0.2027516890593531,0.14583169463786408,0.027623646354684426,0.12370277212974923,0.21776944501897263
18,OnlineFPCA-adagrad,0.1,7700,100,face,3,5,0.10279369354248,6,3,0.1510393170737803,0.23402926932507526,0.2071163492967213,0.025444050135829996,0.12490059179667246,0.2143957543176509
18,OnlineFPCA-adagrad,0.1,7800,100,face,3,5,0.102886199951172,6,3,0.1458841141702121,0.22422374331296865,0.25882663093858216,0.026721129137685755,0.12667151911848967,0.21409570529817382
18,OnlineFPCA-adagrad,0.1,7900,100,face,3,5,0.106642246246338,6,3,0.15002857424957097,0.29732865889059884,0.29307579568812714,0.027128230917108115,0.1279741270749018,0.21300664193184077
18,OnlineFPCA-adagrad,0.1,8000,100,face,3,5,0.103346824645996,6,3,0.12646851438551399,0.24899522670265803,0.2855350076982486,0.026146434444148093,0.12945145178712164,0.21061138375276187
18,OnlineFPCA-adagrad,0.1,8100,100,face,3,5,0.100199460983276,6,3,0.16985063169869227,0.208670022831061,0.20554653447891919,0.026373273949335325,0.13040935274484156,0.20795307123622755
18,OnlineFPCA-adagrad,0.1,8200,100,face,3,5,0.103019952774048,6,3,0.23553212505721924,0.17924716378098493,0.20860898445678103,0.026623378626296927,0.13056887186824126,0.20524167904148263
18,OnlineFPCA-adagrad,0.1,8300,100,face,3,5,0.102548360824585,6,3,0.16123215757433107,0.2805803293165629,0.2658481628652159,0.02664286787106063,0.1304480602203497,0.20401428216597825
18,OnlineFPCA-adagrad,0.1,8400,100,face,3,5,0.105800628662109,6,3,0.16035939563810953,0.2231908102073789,0.25610731107144474,0.027732938652702183,0.13151458205413077,0.20333727720615455
18,OnlineFPCA-adagrad,0.1,8500,100,face,3,5,0.103371381759644,6,3,0.06732881336666,0.1843087234216279,0.25515092410817247,0.028049525323135267,0.13254552213678134,0.20377917843588628
18,OnlineFPCA-adagrad,0.1,8600,100,face,3,5,0.100713968276978,6,3,0.0369487885149546,0.2339037695850039,0.3055517994640395,0.02747525996291589,0.13373027230712037,0.20521536522630304
18,OnlineFPCA-adagrad,0.1,8700,100,face,3,5,0.103606939315796,6,3,0.08900226597241111,0.20925137066222096,0.29778632303263175,0.027645106948124124,0.13464428035451367,0.20670694496781306
18,OnlineFPCA-adagrad,0.1,8800,100,face,3,5,0.10161018371582,6,3,0.17019781014381358,0.26155533539149234,0.28745402756515764,0.02781105919350351,0.13561766912760487,0.2075169701922345
18,OnlineFPCA-adagrad,0.1,8900,100,face,3,5,0.105000257492065,6,3,0.09149921320928292,0.20642370249486053,0.27440523349095813,0.028251933584554963,0.1363628198629192,0.20758249104601506
18,OnlineFPCA-adagrad,0.1,9000,100,face,3,5,0.102351665496826,6,3,0.10638048680669983,0.2915215947511466,0.2661304379267085,0.028694408685521988,0.13791718937046926,0.20727987591450442
18,OnlineFPCA-adagrad,0.1,9100,100,face,3,5,0.100440979003906,6,3,0.11227748019390621,0.2000613018600263,0.3138817761790669,0.02806418808792677,0.1386660905266816,0.20675673966634203
18,OnlineFPCA-adagrad,0.1,9200,100,face,3,5,0.105460643768311,6,3,0.14680996676480862,0.22900095888843447,0.2577146954365046,0.028218686563596426,0.13927787182623622,0.2061925691513736
18,OnlineFPCA-adagrad,0.1,9300,100,face,3,5,0.10274863243103,6,3,0.11519169851326728,0.15141684851286877,0.25636547082027983,0.028579648253954478,0.13965736962696992,0.20622256717412238
18,OnlineFPCA-adagrad,0.1,9400,100,face,3,5,0.106265544891357,6,3,0.046741342070362076,0.1656239321370909,0.21052679414982386,0.02889746597328522,0.13917194812999947,0.20602771668938458
18,OnlineFPCA-adagrad,0.1,9500,100,face,3,5,0.100423097610474,6,3,0.19937355833401318,0.18831186142013323,0.2540113539524261,0.028290887514343593,0.13866905152845393,0.2065037994086552
18,OnlineFPCA-adagrad,0.1,9600,100,face,3,5,0.100196599960327,6,3,0.17710573857246117,0.24074136926347706,0.2505778987916137,0.0286534083931068,0.13856727406435526,0.2069844213486786
18,OnlineFPCA-adagrad,0.1,9700,100,face,3,5,0.10254168510437,6,3,0.11375690844903798,0.1946560875798498,0.2311418740184709,0.028941826799003596,0.13818020934976782,0.206850070918738
18,OnlineFPCA-adagrad,0.1,9800,100,face,3,5,0.10568904876709,6,3,0.11791145299285516,0.15605294886980403,0.3086798335398293,0.0289701149196631,0.13760571376459735,0.20756555930585446
18,OnlineFPCA-adagrad,0.1,9900,100,face,3,5,0.105503559112549,6,3,0.0746517103910419,0.19141608397052295,0.21180729978021184,0.02936009510130739,0.13708147637003648,0.2085938790417701
18,OnlineFPCA-adagrad,0.1,10000,100,face,3,5,0.100555658340454,6,3,0.08223982542359091,0.19347300869723355,0.24377639132554915,0.029735030636036632,0.13667827538914942,0.2080888145633483
18,OnlineFPCA-adagrad,0.1,10100,100,face,3,5,0.103010654449463,6,3,0.09971243921984764,0.1416509353162409,0.17883310900122343,0.029796192369205603,0.13643751330592335,0.20721038410965462
18,OnlineFPCA-adagrad,0.1,10200,100,face,3,5,0.103089094161987,6,3,0.1039904442055513,0.14557440602884208,0.2647636198480747,0.029208839995153113,0.13609495968024535,0.20586671207448193
18,OnlineFPCA-adagrad,0.1,10300,100,face,3,5,0.105522632598877,6,3,0.08601597730035104,0.18451372818316275,0.18521591707606883,0.02855766497865392,0.13545635772743667,0.20554633972536282
18,OnlineFPCA-adagrad,0.1,10400,100,face,3,5,0.103627443313599,6,3,0.11338929589116278,0.10135803823824462,0.1863060134266083,0.02802219918926986,0.1349266728358357,0.2051054321995111
18,OnlineFPCA-adagrad,0.1,10500,100,face,3,5,0.0998625755310059,6,3,0.11903878667412707,0.12396925989667837,0.1695434418514337,0.027421761570207173,0.1340311939086455,0.20472335681433337
18,OnlineFPCA-adagrad,0.1,10600,100,face,3,5,0.106378316879272,6,3,0.12934416325707657,0.11299605795576717,0.1882624301690413,0.02741554107018297,0.13299833738880598,0.20380866692722543
18,OnlineFPCA-adagrad,0.1,10700,100,face,3,5,0.237565755844116,6,3,0.10955829869924909,0.09773790009973174,0.18579942900661908,0.02759575691899067,0.1320064676287301,0.20263542821289185
18,OnlineFPCA-adagrad,0.1,10800,100,face,3,5,0.104862213134766,6,3,0.09044537807354938,0.11288794915819726,0.23418276693018344,0.027350320171964173,0.13114249152521854,0.20247695675216434
18,OnlineFPCA-adagrad,0.1,10900,100,face,3,5,0.0997869968414307,6,3,0.1314054134802145,0.19124040377920618,0.20122381802056752,0.026653932084505397,0.13038877115647302,0.2018083811230471
18,OnlineFPCA-adagrad,0.1,11000,100,face,3,5,0.0992569923400879,6,3,0.11661096978845743,0.1444176536546295,0.20419867176368914,0.02640758815426509,0.12952143264634994,0.2009084022352628
18,OnlineFPCA-adagrad,0.1,11100,100,face,3,5,0.104652881622314,6,3,0.11170570038911587,0.14001648676372458,0.2620717370739391,0.026967718002762688,0.12832872891628644,0.20071962234668783
18,OnlineFPCA-adagrad,0.1,11200,100,face,3,5,0.102418661117554,6,3,0.10935655943183058,0.08757072256169465,0.15007899964194016,0.027614913008151713,0.12713949010851244,0.20059277021368835
18,OnlineFPCA-adagrad,0.1,11300,100,face,3,5,0.105234384536743,6,3,0.12508451239849422,0.19080663989857155,0.20796505837579918,0.028193186242351113,0.1260172373326053,0.199083998736914
18,OnlineFPCA-adagrad,0.1,11400,100,face,3,5,0.101195335388184,6,3,0.1657470124905332,0.106628956954747,0.22134815868111862,0.028680579242808413,0.12521739392085798,0.19685816538104448
18,OnlineFPCA-adagrad,0.1,11500,100,face,3,5,0.102641582489014,6,3,0.10457537905627134,0.16948710577688667,0.135380186794867,0.02925049507869654,0.12457924821252153,0.19579736622981583
18,OnlineFPCA-adagrad,0.1,11600,100,face,3,5,0.107044458389282,6,3,0.07564707104078307,0.14389397264986525,0.24423452039466434,0.029364156029051635,0.12387762650107108,0.1953703281013557
18,OnlineFPCA-adagrad,0.1,11700,100,face,3,5,0.103710412979126,6,3,0.07827447848452901,0.12835536912023704,0.1829745389653479,0.02917743947154233,0.12288191488569838,0.19497313098976027
18,OnlineFPCA-adagrad,0.1,11800,100,face,3,5,0.104338645935059,6,3,0.11178023416135996,0.14779744482429877,0.2277713899822597,0.028959167587444483,0.1220045462520704,0.19451235524777558
18,OnlineFPCA-adagrad,0.1,11900,100,face,3,5,0.10160756111145,6,3,0.1131472479319045,0.11667025533348349,0.3111329423852011,0.028836719679512048,0.1215108552290569,0.1949459786719549
18,OnlineFPCA-adagrad,0.1,12000,100,face,3,5,0.103872299194336,6,3,0.12976583417766663,0.11397388039973887,0.33417287878104945,0.028616688334458296,0.12097654548732431,0.19615914353445038
18,OnlineFPCA-adagrad,0.1,12100,100,face,3,5,0.106540679931641,6,3,0.10883500118974933,0.10432090626604795,0.27315971406341627,0.028148637862174728,0.12051480816743732,0.19741292845403688
18,OnlineFPCA-adagrad,0.1,12200,100,face,3,5,0.103267669677734,6,3,0.11345314659655857,0.13110708094675547,0.29605307900791306,0.027633365221117662,0.11988933148291563,0.19804286225760795
18,OnlineFPCA-adagrad,0.1,12300,100,face,3,5,0.104465961456299,6,3,0.04442988733687478,0.1352826621416105,0.3107232489262098,0.027775777136748607,0.11940089744226008,0.19894954107130222
18,OnlineFPCA-adagrad,0.1,12400,100,face,3,5,0.101166963577271,6,3,0.10078478270284658,0.20250826856741713,0.29487138443577693,0.027835959031110066,0.11949290885106008,0.19989777519888977
18,OnlineFPCA-adagrad,0.1,12500,100,face,3,5,0.104990243911743,6,3,0.09207609370851408,0.12142127817207474,0.25386521668194956,0.027190455406899832,0.11956517716362311,0.20011274734025614
18,OnlineFPCA-adagrad,0.1,12600,100,face,3,5,0.103275060653687,6,3,0.1660366248880545,0.17916930585771293,0.14646271230967645,0.026170465812825155,0.1195534468432039,0.19957996385843382
18,OnlineFPCA-adagrad,0.1,12700,100,face,3,5,0.106874942779541,6,3,0.1224578389692714,0.19966049625232218,0.20002476310417824,0.025156064645707882,0.11992829674857586,0.19869448018604216
18,OnlineFPCA-adagrad,0.1,12800,100,face,3,5,0.1040198802948,6,3,0.1302467936407386,0.195910392438671,0.2265530486682018,0.025458667986196424,0.1205021397140397,0.19862291507682217
18,OnlineFPCA-adagrad,0.1,12900,100,face,3,5,0.100096940994263,6,3,0.13148430902422575,0.26116278460126796,0.2554077459807728,0.025936044421092822,0.12090552672638756,0.19823013523667088
18,OnlineFPCA-adagrad,0.1,13000,100,face,3,5,0.10520601272583,6,3,0.1073605940220156,0.23504197404853802,0.24713654204602511,0.025879824146318536,0.1213225916903485,0.19733272006197866
18,OnlineFPCA-adagrad,0.1,13100,100,face,3,5,0.103906869888306,6,3,0.15353106009193365,0.18548683487847187,0.17279791721546034,0.026202825493069817,0.12159039759602923,0.19621305897518038
18,OnlineFPCA-adagrad,0.1,13200,100,face,3,5,0.106125116348267,6,3,0.21219015898866636,0.1666265523501421,0.1852344198914135,0.02636141328344575,0.12157717600832399,0.19504876125692364
18,OnlineFPCA-adagrad,0.1,13300,100,face,3,5,0.10083270072937,6,3,0.13585069261524202,0.2163392142488126,0.2401039723248118,0.026506928258901285,0.12151225554414746,0.19447216090239045
18,OnlineFPCA-adagrad,0.1,13400,100,face,3,5,0.101505994796753,6,3,0.15359477350509004,0.1827435430854788,0.20540312103514907,0.026992861824145918,0.12176756171032817,0.193990111994797
18,OnlineFPCA-adagrad,0.1,13500,100,face,3,5,0.106268644332886,6,3,0.06645667108294001,0.15004261521301498,0.20380487263564265,0.027240740528757145,0.12196805561421717,0.19378021574755733
18,OnlineFPCA-adagrad,0.1,13600,100,face,3,5,0.104205369949341,6,3,0.03782332618679446,0.18451237294064704,0.24610886795821652,0.02705861104864155,0.12227697250050684,0.19404174302483815
18,OnlineFPCA-adagrad,0.1,13700,100,face,3,5,0.106470346450806,6,3,0.07622771151140953,0.1685652912557286,0.24674260330208383,0.027098211939801897,0.12249177770838317,0.19435485407675995
18,OnlineFPCA-adagrad,0.1,13800,100,face,3,5,0.101808786392212,6,3,0.15757776848042349,0.21606931189534181,0.2520763762164641,0.027244380872452716,0.12271561761379488,0.19453926938899127
18,OnlineFPCA-adagrad,0.1,13900,100,face,3,5,0.103401899337769,6,3,0.08751186532598519,0.17601575089805663,0.2463693811735045,0.02742056982506562,0.1228609810916715,0.1945203024822299
18,OnlineFPCA-adagrad,0.1,14000,100,face,3,5,0.10713529586792,6,3,0.09592303175130446,0.25040605992416715,0.24356825318502762,0.027663864638407774,0.12343570735149344,0.19442684142722994
18,OnlineFPCA-adagrad,0.1,14100,100,face,3,5,0.104824781417847,6,3,0.10056955642986636,0.16836752155369736,0.2794271784975491,0.02745886992070219,0.1236692510622809,0.1942296206113134
18,OnlineFPCA-adagrad,0.1,14200,100,face,3,5,0.10457706451416,6,3,0.12176734179069734,0.1955106721872664,0.23553233378867153,0.027512155952199566,0.12384772338136481,0.1939868775697192
18,OnlineFPCA-adagrad,0.1,14300,100,face,3,5,0.104073524475098,6,3,0.10885338590721098,0.1342870167554097,0.23793074039907372,0.027701496027470712,0.12394361636633835,0.19397685147483784
18,OnlineFPCA-adagrad,0.1,14400,100,face,3,5,0.103738307952881,6,3,0.027956288218354754,0.14493629023973767,0.19784542798650862,0.027873080270881763,0.12368584228351116,0.19386769969485768
18,OnlineFPCA-adagrad,0.1,14500,100,face,3,5,0.106687307357788,6,3,0.17096688718243824,0.16152354478282865,0.2330235025793919,0.027659497101060474,0.1234278525735188,0.19407538646842776
18,OnlineFPCA-adagrad,0.1,14600,100,face,3,5,0.103114128112793,6,3,0.16392329059246252,0.20123558127231653,0.23496703013866568,0.027806697107908795,0.12334722781922293,0.1942833772606021
18,OnlineFPCA-adagrad,0.1,14700,100,face,3,5,0.102102279663086,6,3,0.10754525038589789,0.170724784468793,0.22147052685044638,0.027935036786699733,0.12320860827639502,0.19425589202422844
18,OnlineFPCA-adagrad,0.1,14800,100,face,3,5,0.10141396522522,6,3,0.11416221850859075,0.14069714140814657,0.2832933816863527,0.02792756875269701,0.12297107933404772,0.19463072127148684
18,OnlineFPCA-adagrad,0.1,14900,100,face,3,5,0.105028867721558,6,3,0.07111202668333419,0.17481929111329136,0.20857210231005113,0.028121414778748157,0.12276530477921442,0.19520513223033617
18,OnlineFPCA-adagrad,0.1,15000,100,face,3,5,0.10549521446228,6,3,0.0704916607130795,0.16930009573917176,0.2366548570554201,0.02832921707754386,0.12258881797762329,0.19506696134894239
18,OnlineFPCA-adagrad,0.1,0,100,face,3,5,6.35740375518799,8,1,0.10957338018728638,1.99867369630776,1.970310309550978,0.10957338018728638,1.99867369630776,1.970310309550978
18,OnlineFPCA-adagrad,0.1,100,100,face,3,5,0.449530363082886,8,1,0.5582899739088618,1.3084476805642293,1.662645936339786,NA,NA,NA
18,OnlineFPCA-adagrad,0.1,200,100,face,3,5,0.448163509368896,8,1,0.8652372201107746,0.8655596676559332,0.7193653493136057,NA,NA,NA
18,OnlineFPCA-adagrad,0.1,300,100,face,3,5,0.447754621505737,8,1,0.6746463227628158,1.2381878003017,1.021838498973651,NA,NA,NA
18,OnlineFPCA-adagrad,0.1,400,100,face,3,5,0.451189279556274,8,1,0.9227928990131254,0.7521063791824989,0.5830102933556789,NA,NA,NA
18,OnlineFPCA-adagrad,0.1,500,100,face,3,5,0.4599769115448,8,1,0.9926368472207875,0.8960966342628501,1.0307024418344688,NA,NA,NA
18,OnlineFPCA-adagrad,0.1,600,100,face,3,5,0.446703672409058,8,1,0.794008140499699,0.6489217319557755,1.0695921426670885,NA,NA,NA
18,OnlineFPCA-adagrad,0.1,700,100,face,3,5,0.446086645126343,8,1,0.6995066947201644,0.6415350519414477,1.0545683708405948,NA,NA,NA
18,OnlineFPCA-adagrad,0.1,800,100,face,3,5,0.446859121322632,8,1,0.6001945762601497,0.6311808710168942,1.0373987274673073,NA,NA,NA
18,OnlineFPCA-adagrad,0.1,900,100,face,3,5,0.45096492767334,8,1,0.5317098476354137,0.61951515337239,1.022216719426223,NA,NA,NA
18,OnlineFPCA-adagrad,0.1,1000,100,face,3,5,0.445828914642334,8,1,0.502578958357471,0.6053589547343211,1.0101802830429447,NA,NA,NA
18,OnlineFPCA-adagrad,0.1,1100,100,face,3,5,0.626083374023438,8,1,0.4244724482711936,0.43667987880113673,0.6545846829326029,0.4461250482565468,0.47171788326420594,0.8231378996847664
18,OnlineFPCA-adagrad,0.1,1200,100,face,3,5,0.630685091018677,8,1,0.20208464767695186,0.3070125338316451,0.3857248413979352,0.38526830544471136,0.41320661389581237,0.6801898700179532
18,OnlineFPCA-adagrad,0.1,1300,100,face,3,5,0.618878126144409,8,1,0.5579551897925331,0.38585544525762044,0.35887531287454477,0.2644553054373453,0.3180916855678544,0.5537017066170346
18,OnlineFPCA-adagrad,0.1,1400,100,face,3,5,0.624187707901001,8,1,0.2440608583490468,0.33814660432839766,0.43767469304808054,0.2067107032532933,0.2854863445148278,0.4601813794661249
18,OnlineFPCA-adagrad,0.1,1500,100,face,3,5,0.62146520614624,8,1,0.4177194186225752,0.3570416508356494,0.3980446437349405,0.16515017281288757,0.2834670474550642,0.41860391253762064
18,OnlineFPCA-adagrad,0.1,1600,100,face,3,5,0.625384092330933,8,1,0.1808318019266271,0.34962838880930924,0.39185403268994756,0.14261724501323855,0.2890539746120854,0.3942779697806152
18,OnlineFPCA-adagrad,0.1,1700,100,face,3,5,0.767726182937622,8,1,0.17655572252831714,0.3460370237843062,0.3658858506685291,0.1343181892396486,0.29380453393731504,0.38064231601962195
18,OnlineFPCA-adagrad,0.1,1800,100,face,3,5,0.613212823867798,8,1,0.16647455858572505,0.3318504128036303,0.3712193720874063,0.13155131403889084,0.29654903857816317,0.371660419452103
18,OnlineFPCA-adagrad,0.1,1900,100,face,3,5,0.616205930709839,8,1,0.15017463532808378,0.3255624789901753,0.37197498004179164,0.1259421718417486,0.29789752730690944,0.3664493908554819
18,OnlineFPCA-adagrad,0.1,2000,100,face,3,5,0.623326778411865,8,1,0.14677403010931744,0.3185341742529812,0.377116910928682,0.12201941595054044,0.29949174543134893,0.3644886285360662
18,OnlineFPCA-adagrad,0.1,2100,100,face,3,5,0.614132404327393,8,1,0.1411149933219034,0.28879722256249707,0.3440324859564276,0.11810256320421267,0.29952460100051376,0.3641940518771086
18,OnlineFPCA-adagrad,0.1,2200,100,face,3,5,0.616224527359009,8,1,0.2462684595178457,0.3110442677697224,0.33950479360817787,0.10816278191626687,0.2952570002427428,0.360262757296927
18,OnlineFPCA-adagrad,0.1,2300,100,face,3,5,0.628588438034058,8,1,0.04713051911543134,0.2804008547394783,0.34938207568199414,0.09877258711301558,0.2920836287185393,0.35879861965260007
18,OnlineFPCA-adagrad,0.1,2400,100,face,3,5,0.623588562011719,8,1,0.2143423279928729,0.3082089040385933,0.32150295557606745,0.09425394326519032,0.290226724452726,0.35714719128477934
18,OnlineFPCA-adagrad,0.1,2500,100,face,3,5,0.617082357406616,8,1,0.23227232735608308,0.29255652111545366,0.31595497606581546,0.08872011374932251,0.2888644019672578,0.35161661616305034
18,OnlineFPCA-adagrad,0.1,2600,100,face,3,5,0.678768396377563,8,1,0.19133704309348204,0.26708235766097216,0.29231385808943944,0.07910439876343747,0.2873134431825437,0.34388061170820067
18,OnlineFPCA-adagrad,0.1,2700,100,face,3,5,0.672430038452148,8,1,0.14707566274041556,0.3282061772921039,0.356158280839704,0.07659964504281701,0.2870846637414616,0.33970500253762426
18,OnlineFPCA-adagrad,0.1,2800,100,face,3,5,0.689649105072021,8,1,0.13395227633622578,0.32597860909608106,0.42120739002049107,0.07300669252755182,0.28793408923255076,0.34155845597504914
18,OnlineFPCA-adagrad,0.1,2900,100,face,3,5,0.676584720611572,8,1,0.08928768187161949,0.3756990975826961,0.38924261980287506,0.06804188425766852,0.28782990342685877,0.34150031687675597
18,OnlineFPCA-adagrad,0.1,3000,100,face,3,5,0.672996997833252,8,1,0.1413764752887284,0.3226570647938502,0.3588375523870103,0.06304173084085284,0.28945270260361267,0.34051299421364556
18,OnlineFPCA-adagrad,0.1,3100,100,face,3,5,0.667767763137817,8,1,0.1505855306450831,0.3083482045054872,0.2959236464144209,0.055534901397087444,0.2891348122581032,0.3396425236613724
18,OnlineFPCA-adagrad,0.1,3200,100,face,3,5,0.679160118103027,8,1,0.2221947389695363,0.2869266647173065,0.31728245555702983,0.04733203457236373,0.28807153772114164,0.33747877883158156
18,OnlineFPCA-adagrad,0.1,3300,100,face,3,5,0.812760353088379,8,1,0.17253318052548014,0.36414996072406153,0.3512379379588706,0.04217886155520412,0.2858608305174943,0.3355680356390616
18,OnlineFPCA-adagrad,0.1,3400,100,face,3,5,0.665751218795776,8,1,0.14900783429192013,0.25838301167050787,0.34472660411711825,0.038117702419405056,0.2843115211906864,0.33288846891507523
18,OnlineFPCA-adagrad,0.1,3500,100,face,3,5,0.66788387298584,8,1,0.0791339881756667,0.23326456268286164,0.33748203848242303,0.035529537128045866,0.28208502511649663,0.3321156973308747
18,OnlineFPCA-adagrad,0.1,3600,100,face,3,5,0.660800457000732,8,1,0.03097717044199615,0.2982663085715784,0.38817350772636716,0.033191077518565135,0.2802486258970012,0.33232602088715135
18,OnlineFPCA-adagrad,0.1,3700,100,face,3,5,0.665642499923706,8,1,0.10101093332754166,0.25265468919977885,0.35996305350961993,0.032944869837194496,0.27860410434286004,0.33304607501217187
18,OnlineFPCA-adagrad,0.1,3800,100,face,3,5,0.668797254562378,8,1,0.17212379070110667,0.30662065199123434,0.3317841757542976,0.034121022682719715,0.27676231288083486,0.3318278709249674
18,OnlineFPCA-adagrad,0.1,3900,100,face,3,5,0.67638111114502,8,1,0.09722480150929233,0.23415516844303955,0.30507639834901434,0.03330325422554628,0.27364810989309235,0.3290129438832059
18,OnlineFPCA-adagrad,0.1,4000,100,face,3,5,0.667529582977295,8,1,0.03363718029510733,0.27333725758589383,0.3262880777139865,0.03363718029510733,0.27333725758589383,0.3262880777139865
18,OnlineFPCA-adagrad,0.1,4100,100,face,3,5,0.669460773468018,8,1,0.13590508230967174,0.24384666418138887,0.3320573687172908,0.07862568175553039,0.23627834133293324,0.31158648584634707
18,OnlineFPCA-adagrad,0.1,4200,100,face,3,5,0.66672945022583,8,1,0.1989598058583795,0.2847582796102383,0.30141158575113897,0.05412998211685614,0.2333737866994686,0.3002030607393596
18,OnlineFPCA-adagrad,0.1,4300,100,face,3,5,0.674885749816895,8,1,0.11496709447625104,0.1741500409151696,0.3210727088186825,0.05142810138253863,0.22851831105294063,0.294723962199058
18,OnlineFPCA-adagrad,0.1,4400,100,face,3,5,0.676111698150635,8,1,0.09015514815572312,0.1923867508672809,0.2577209256656304,0.048863463640672865,0.20262085096990048,0.27770420394853906
18,OnlineFPCA-adagrad,0.1,4500,100,face,3,5,0.675231218338013,8,1,0.24463531733340263,0.21748710380044323,0.3134606968420837,0.03641947399114688,0.18698436850409653,0.2763592050856917
18,OnlineFPCA-adagrad,0.1,4600,100,face,3,5,0.668188095092773,8,1,0.19733676154515553,0.3126313527140166,0.2623650906552112,0.05728500560658558,0.18007607516525193,0.2762812191472068
18,OnlineFPCA-adagrad,0.1,4700,100,face,3,5,0.675817012786865,8,1,0.12761656478786954,0.22888257123119324,0.2456530767654421,0.062185525180248315,0.1673519404371966,0.26708896013507694
18,OnlineFPCA-adagrad,0.1,4800,100,face,3,5,0.693136692047119,8,1,0.12218299192516861,0.17637413165193486,0.35727472496790363,0.06768049219850572,0.15956576302397427,0.2692938584472737
18,OnlineFPCA-adagrad,0.1,4900,100,face,3,5,0.82506275177002,8,1,0.09868016046244267,0.21198007406010164,0.20708025463705027,0.0643172492063797,0.1495403481255543,0.2718845573663702
18,OnlineFPCA-adagrad,0.1,5000,100,face,3,5,0.655248641967773,8,1,0.11449961464764474,0.2356383046590982,0.2462983979330125,0.06012909190669432,0.14266606247895186,0.26054623417027983
18,OnlineFPCA-adagrad,0.1,5100,100,face,3,5,0.105291843414307,8,1,0.13097663016356365,0.15192793700654,0.16925099311054217,0.05300418205276401,0.1388609778097443,0.24778660595238214
18,OnlineFPCA-adagrad,0.1,5200,100,face,3,5,0.0990762710571289,8,1,0.14441665422202155,0.15133084106034647,0.30262861185731627,0.04689102186110355,0.1353789492307728,0.2351580949576869
18,OnlineFPCA-adagrad,0.1,5300,100,face,3,5,0.105838537216187,8,1,0.10823907537554872,0.2257593809198051,0.19932902568778516,0.04417353100194234,0.13105036678813065,0.23284361365750875
18,OnlineFPCA-adagrad,0.1,5400,100,face,3,5,0.101235866546631,8,1,0.12911676019739243,0.09664454526588528,0.1851057512580258,0.04391335250148072,0.12948943672754434,0.22758749433668474
18,OnlineFPCA-adagrad,0.1,5500,100,face,3,5,0.107713222503662,8,1,0.13552163925888366,0.1338340184567612,0.15998072261931706,0.043213658941866136,0.1251309956628664,0.22447035877623503
18,OnlineFPCA-adagrad,0.1,5600,100,face,3,5,0.100737810134888,8,1,0.15544850059324394,0.12099081916452219,0.19394637229937975,0.04549888244780073,0.12013297475830734,0.21712733310758867
18,OnlineFPCA-adagrad,0.1,5700,100,face,3,5,0.107046365737915,8,1,0.1129840180261112,0.09982322369549257,0.19873406922382797,0.04499714053231359,0.11554667565983598,0.20994978337898584
18,OnlineFPCA-adagrad,0.1,5800,100,face,3,5,0.100290536880493,8,1,0.10300058041592224,0.11861050805780712,0.29108873571225763,0.043374718560415464,0.11083921571320397,0.20842477423111372
18,OnlineFPCA-adagrad,0.1,5900,100,face,3,5,0.106664657592773,8,1,0.17719356695578345,0.22590902289593295,0.22728737304736707,0.03591155876298576,0.10667221865113474,0.20415712838034658
18,OnlineFPCA-adagrad,0.1,6000,100,face,3,5,0.101426839828491,8,1,0.14474097169279493,0.17003667060545066,0.23252772825950674,0.03171614372805525,0.10225306304142884,0.199782134900804
18,OnlineFPCA-adagrad,0.1,6100,100,face,3,5,0.103212594985962,8,1,0.1178893100695535,0.15932087760809865,0.30239872276612717,0.03051906450831381,0.0967476684540069,0.19970550538275852
18,OnlineFPCA-adagrad,0.1,6200,100,face,3,5,0.101858854293823,8,1,0.11620236509989827,0.09759432238344116,0.14473027047572018,0.031042491288916722,0.09153255741995749,0.1996009783833604
18,OnlineFPCA-adagrad,0.1,6300,100,face,3,5,0.104076147079468,8,1,0.14750284943169575,0.22464225343628966,0.23132949339659942,0.03285532403937405,0.08671118582192062,0.19358281550078937
18,OnlineFPCA-adagrad,0.1,6400,100,face,3,5,0.237884521484375,8,1,0.18449786411339128,0.09290733026728658,0.26453700111752504,0.035732690563728596,0.08322880632814485,0.18423684544203608
18,OnlineFPCA-adagrad,0.1,6500,100,face,3,5,0.103795289993286,8,1,0.11661349966304752,0.19376637011407594,0.13611286134717393,0.03732234810808925,0.08020569352657211,0.1806628604627032
18,OnlineFPCA-adagrad,0.1,6600,100,face,3,5,0.102646827697754,8,1,0.0819130795638138,0.16511635040722658,0.26475440005864376,0.03730908651908586,0.07900966301761424,0.17962884420673267
18,OnlineFPCA-adagrad,0.1,6700,100,face,3,5,0.103338479995728,8,1,0.09609367120158979,0.14230577045532072,0.18576256814199762,0.037193663396297955,0.0771369554975633,0.1788374753408417
18,OnlineFPCA-adagrad,0.1,6800,100,face,3,5,0.105677366256714,8,1,0.13704931288758504,0.1742440425049785,0.24314543798647084,0.037098883376802304,0.07472344257712779,0.17802556683200518
18,OnlineFPCA-adagrad,0.1,6900,100,face,3,5,0.100735425949097,8,1,0.13891106867257416,0.10932066636469577,0.3568837957606688,0.03624219181420498,0.07344416566376172,0.18030322361816611
18,OnlineFPCA-adagrad,0.1,7000,100,face,3,5,0.10951042175293,8,1,0.16120832487317366,0.10807051478178104,0.36908066386982513,0.03509642326809384,0.07350838882673405,0.1860077679953328
18,OnlineFPCA-adagrad,0.1,7100,100,face,3,5,0.100899457931519,8,1,0.13615515681574597,0.11060895587586932,0.2897563586070713,0.0337995543851499,0.07349502323325309,0.1912225723622124
18,OnlineFPCA-adagrad,0.1,7200,100,face,3,5,0.106854438781738,8,1,0.15658697735045582,0.14570697870792917,0.3378227379691973,0.03242042956104611,0.07230895078029154,0.19412714406970155
18,OnlineFPCA-adagrad,0.1,7300,100,face,3,5,0.0999269485473633,8,1,0.055924731127867014,0.14956621731883027,0.3416374391242616,0.032891305470492536,0.07183383700706855,0.19802437002483184
18,OnlineFPCA-adagrad,0.1,7400,100,face,3,5,0.106686115264893,8,1,0.12241098810502185,0.21679097140739767,0.31278899680009503,0.03341315217366956,0.07306194325018509,0.20115233830631488
18,OnlineFPCA-adagrad,0.1,7500,100,face,3,5,0.10014796257019,8,1,0.11691976048626866,0.13123975691766288,0.2700284303393282,0.03171648873329746,0.07433390192262733,0.20093944842423478
18,OnlineFPCA-adagrad,0.1,7600,100,face,3,5,0.106125354766846,8,1,0.19334015541924296,0.203955537911698,0.15536741453983977,0.0286442010794833,0.07565693250414839,0.1986797994919981
18,OnlineFPCA-adagrad,0.1,7700,100,face,3,5,0.100638866424561,8,1,0.15400027661407645,0.23927020960005893,0.21559040246923183,0.026339305745323713,0.07822330544243136,0.19513817949858156
18,OnlineFPCA-adagrad,0.1,7800,100,face,3,5,0.110318660736084,8,1,0.14615448526347105,0.2192541663562241,0.24485439997022262,0.027493499385237506,0.08141198449078624,0.1949090252293621
18,OnlineFPCA-adagrad,0.1,7900,100,face,3,5,0.10059380531311,8,1,0.1565590430640297,0.2946113921984077,0.2817690076556427,0.027797372816168498,0.08387595724036506,0.19353416010953597
18,OnlineFPCA-adagrad,0.1,8000,100,face,3,5,0.105801105499268,8,1,0.1262586577907831,0.2456852567792368,0.29015086648808924,0.02684969088202074,0.08733797800661298,0.190961135314588
18,OnlineFPCA-adagrad,0.1,8100,100,face,3,5,0.0996389389038086,8,1,0.1762738968131332,0.1916116312620368,0.22521959493719165,0.027159024056052087,0.08941684716432942,0.18751030132778448
18,OnlineFPCA-adagrad,0.1,8200,100,face,3,5,0.105003595352173,8,1,0.24321405231257534,0.1597686468226757,0.2022662635300367,0.02753599823930054,0.09002846470975812,0.18384636427922443
18,OnlineFPCA-adagrad,0.1,8300,100,face,3,5,0.102606058120728,8,1,0.1612437127448422,0.2621485760652943,0.2348014787420609,0.027520638675654338,0.09001188160237321,0.18196537296256632
18,OnlineFPCA-adagrad,0.1,8400,100,face,3,5,0.104039907455444,8,1,0.16559346323416446,0.16825028454497545,0.20839356312778032,0.028469030745930237,0.09056813829651825,0.18073538500115627
18,OnlineFPCA-adagrad,0.1,8500,100,face,3,5,0.10315465927124,8,1,0.06983695831701778,0.11419220661639201,0.2018850153614669,0.02886044703035161,0.09069193674436347,0.18017889275340382
18,OnlineFPCA-adagrad,0.1,8600,100,face,3,5,0.103029012680054,8,1,0.0386375713629875,0.17936910947600498,0.25117608766738647,0.028265902161304243,0.09117085951887614,0.18096778409705075
18,OnlineFPCA-adagrad,0.1,8700,100,face,3,5,0.105534553527832,8,1,0.08910757239364231,0.15102550211801993,0.2496746413794824,0.028442310988504773,0.09150624963405637,0.18178234696003723
18,OnlineFPCA-adagrad,0.1,8800,100,face,3,5,0.100987672805786,8,1,0.17540736234499044,0.2228739676788482,0.2422809112401979,0.02862115819119806,0.09167001683098085,0.1817346124233228
18,OnlineFPCA-adagrad,0.1,8900,100,face,3,5,0.106362342834473,8,1,0.09195890305153791,0.16206086062110367,0.23505328117584764,0.02895077331278629,0.09162404767314508,0.18080389168612288
18,OnlineFPCA-adagrad,0.1,9000,100,face,3,5,0.100251913070679,8,1,0.1073820274810582,0.26363173123456035,0.22729832441708261,0.029428850763125947,0.09346630662615582,0.18016011596982257
18,OnlineFPCA-adagrad,0.1,9100,100,face,3,5,0.104658365249634,8,1,0.11360467845568026,0.15584172535871482,0.2845589235769264,0.028794769528972277,0.09421459029922055,0.17925625746397064
18,OnlineFPCA-adagrad,0.1,9200,100,face,3,5,0.100067615509033,8,1,0.15173941988495973,0.20149975357240546,0.22193922599732396,0.028918479752279357,0.09494592132129279,0.17821653569008689
18,OnlineFPCA-adagrad,0.1,9300,100,face,3,5,0.106874704360962,8,1,0.11527925093094919,0.12181988520976611,0.23554823841768313,0.029266775561345104,0.09547349342253206,0.17810064386146074
18,OnlineFPCA-adagrad,0.1,9400,100,face,3,5,0.100350379943848,8,1,0.04498275897443356,0.14799655353161645,0.19383024048975164,0.029583519896751655,0.09499147172321754,0.17798537081156895
18,OnlineFPCA-adagrad,0.1,9500,100,face,3,5,0.107610702514648,8,1,0.2023812068041062,0.17261127378197066,0.23453372092696878,0.028990112176642057,0.09454570007358695,0.17869689265636787
18,OnlineFPCA-adagrad,0.1,9600,100,face,3,5,0.101519823074341,8,1,0.18016138644276364,0.22281963619939518,0.23260143965568128,0.029432302455602754,0.09452993188816498,0.17926902298514844
18,OnlineFPCA-adagrad,0.1,9700,100,face,3,5,0.105833768844604,8,1,0.11422032429389035,0.17717150045384794,0.2148329055062333,0.029818582840010377,0.09430818918481094,0.17929495863858194
18,OnlineFPCA-adagrad,0.1,9800,100,face,3,5,0.0996720790863037,8,1,0.11969847394287049,0.1390939081229352,0.2956034322660035,0.02989754310854284,0.09399396530017802,0.18035899328311172
18,OnlineFPCA-adagrad,0.1,9900,100,face,3,5,0.106249570846558,8,1,0.07650709520289746,0.1803448430810044,0.20025675012214642,0.030313881124065387,0.09372752734283585,0.1817082677412334
18,OnlineFPCA-adagrad,0.1,10000,100,face,3,5,0.100025177001953,8,1,0.08378268359104861,0.1802303390487426,0.2369154822872508,0.030671060852296456,0.09352413105446622,0.1813531857492184
18,OnlineFPCA-adagrad,0.1,10100,100,face,3,5,0.107677698135376,8,1,0.09813327069050103,0.1288049666788721,0.16550566186319776,0.030694551411699102,0.09362004776987244,0.1805403357279952
18,OnlineFPCA-adagrad,0.1,10200,100,face,3,5,0.100558042526245,8,1,0.10742794630520927,0.12940277211707787,0.2506332388534911,0.030074726478708284,0.09376182973953587,0.17924023596896002
18,OnlineFPCA-adagrad,0.1,10300,100,face,3,5,0.103832244873047,8,1,0.08623749740773426,0.17937752712917895,0.1729640790359941,0.02940549847914386,0.09341003441955888,0.17902604331496666
18,OnlineFPCA-adagrad,0.1,10400,100,face,3,5,0.0997254848480225,8,1,0.11487320553704164,0.09774548255146019,0.18145850315474746,0.02888083982366285,0.09331860066664728,0.178840469886387
18,OnlineFPCA-adagrad,0.1,10500,100,face,3,5,0.106772184371948,8,1,0.120004390868428,0.12324417946741181,0.16106705345605823,0.028319203725028483,0.09286962834104062,0.1788031260791581
18,OnlineFPCA-adagrad,0.1,10600,100,face,3,5,0.102935552597046,8,1,0.13018218915019922,0.11482518305483208,0.1803993730941264,0.028368660231756958,0.09206012721681979,0.17810888507372674
18,OnlineFPCA-adagrad,0.1,10700,100,face,3,5,0.103668689727783,8,1,0.11054805054735581,0.08747389127480064,0.18477354286502568,0.02851474427949093,0.0913736465532779,0.17727654327808626
18,OnlineFPCA-adagrad,0.1,10800,100,face,3,5,0.105626344680786,8,1,0.09080624644905948,0.10056049017573827,0.2328163957041834,0.02821691538956587,0.0907371262979192,0.17750746169341058
18,OnlineFPCA-adagrad,0.1,10900,100,face,3,5,0.100870132446289,8,1,0.131028366536745,0.18932924237858162,0.19976229143516896,0.027469747283707494,0.09021812379460932,0.17715414677998784
18,OnlineFPCA-adagrad,0.1,11000,100,face,3,5,0.106251955032349,8,1,0.11545321763569326,0.14230921998245832,0.20061372771867864,0.027171759058169268,0.08961381331030581,0.17651702436791236
18,OnlineFPCA-adagrad,0.1,11100,100,face,3,5,0.102351665496826,8,1,0.11513483825398602,0.134153900412991,0.264082290692454,0.02773236247893557,0.08858653740603051,0.17663283927946366
18,OnlineFPCA-adagrad,0.1,11200,100,face,3,5,0.105537176132202,8,1,0.10938790350101167,0.07731351583775113,0.1498857604152423,0.028365182460707454,0.08737747269315276,0.1768301175908835
18,OnlineFPCA-adagrad,0.1,11300,100,face,3,5,0.101040601730347,8,1,0.1256154065591015,0.1806085724931679,0.21461073960335075,0.028921483501952658,0.08638363688028243,0.17550093173851997
18,OnlineFPCA-adagrad,0.1,11400,100,face,3,5,0.106236934661865,8,1,0.1664771882030232,0.0920497864702128,0.23277566770427283,0.029347033380147002,0.08575656973895279,0.17333857779536146
18,OnlineFPCA-adagrad,0.1,11500,100,face,3,5,0.100960731506348,8,1,0.10557178823596135,0.1670324283107802,0.13445934834419968,0.0299204765540226,0.08511911398901875,0.17235543409806475
18,OnlineFPCA-adagrad,0.1,11600,100,face,3,5,0.106911659240723,8,1,0.07808507981519365,0.15026908573584857,0.22902793407992697,0.030058744818411743,0.08470824162700132,0.17213333646728038
18,OnlineFPCA-adagrad,0.1,11700,100,face,3,5,0.101068735122681,8,1,0.07820341413784034,0.12250813668441701,0.17444326375837635,0.029874877199899015,0.08394140904037677,0.17194979858574852
18,OnlineFPCA-adagrad,0.1,11800,100,face,3,5,0.106223106384277,8,1,0.11285504804373876,0.1385570326288566,0.21634178945431876,0.029676278584755245,0.08311155879543118,0.17167949226310633
18,OnlineFPCA-adagrad,0.1,11900,100,face,3,5,0.099839448928833,8,1,0.1140221979884955,0.10056344828600691,0.3105556277968225,0.02959464939516824,0.08264925061224355,0.17226561217512454
18,OnlineFPCA-adagrad,0.1,12000,100,face,3,5,0.107136011123657,8,1,0.12978575503434467,0.10284656902528462,0.33457183105699395,0.029392676507574256,0.08244741777941816,0.1739442376407029
18,OnlineFPCA-adagrad,0.1,12100,100,face,3,5,0.0999147891998291,8,1,0.10843384764492062,0.0908388374582503,0.26875972133252846,0.028906840125270238,0.08228886660735381,0.175617406993655
18,OnlineFPCA-adagrad,0.1,12200,100,face,3,5,0.106707572937012,8,1,0.11433048349001473,0.1255487095766476,0.30178050510110704,0.028371273415588948,0.08192953240974761,0.1766228044376136
18,OnlineFPCA-adagrad,0.1,12300,100,face,3,5,0.099698543548584,8,1,0.04602407836405126,0.12478107662298274,0.3136662136087113,0.028522225260610698,0.08174876101750608,0.17793368271345045
18,OnlineFPCA-adagrad,0.1,12400,100,face,3,5,0.105758666992188,8,1,0.10244347232480086,0.1973743921490889,0.2937588786121093,0.02859541842040877,0.08219747679351579,0.17922034356441252
18,OnlineFPCA-adagrad,0.1,12500,100,face,3,5,0.098604679107666,8,1,0.09229401623892292,0.11633377908106775,0.2598474037979346,0.027964970204631467,0.0825218342978924,0.17964402487083847
18,OnlineFPCA-adagrad,0.1,12600,100,face,3,5,0.106206655502319,8,1,0.16673097551742433,0.17739416311708486,0.15427589958029667,0.02696102445262218,0.08288791804824612,0.1793567725065064
18,OnlineFPCA-adagrad,0.1,12700,100,face,3,5,0.10127067565918,8,1,0.12473154191237651,0.19838858664460995,0.20784409038391355,0.025889760117682466,0.08367355985358767,0.1785643240357925
18,OnlineFPCA-adagrad,0.1,12800,100,face,3,5,0.102136135101318,8,1,0.13013333873623045,0.19314924938187572,0.21684505135679358,0.0261352385109712,0.08469898918029357,0.17865831791931294
18,OnlineFPCA-adagrad,0.1,12900,100,face,3,5,0.101295948028564,8,1,0.13554566715936803,0.26226675479068634,0.24764580675172593,0.026593597128660083,0.08555940776590566,0.17832347624163694
18,OnlineFPCA-adagrad,0.1,13000,100,face,3,5,0.103508710861206,8,1,0.10800833821718839,0.23656488667207043,0.2515858346196233,0.026565936736353248,0.08669862005563574,0.1775137748110441
18,OnlineFPCA-adagrad,0.1,13100,100,face,3,5,0.10286808013916,8,1,0.15897970137779657,0.1737372505229166,0.1887998009383829,0.026949791684167414,0.08748792038731223,0.1762623720479379
18,OnlineFPCA-adagrad,0.1,13200,100,face,3,5,0.102992057800293,8,1,0.21863434840793802,0.15229553948949812,0.17875988749854232,0.027183731205774466,0.0877192105387617,0.17482820527143156
18,OnlineFPCA-adagrad,0.1,13300,100,face,3,5,0.101422071456909,8,1,0.13610143926625276,0.19979747346862992,0.22044261469545717,0.0273543019341349,0.08777512368867012,0.17405565038865814
18,OnlineFPCA-adagrad,0.1,13400,100,face,3,5,0.103133916854858,8,1,0.15763682949196767,0.15121396912101456,0.17850103354945795,0.027819297544237113,0.08801233914356103,0.1734534403536394
18,OnlineFPCA-adagrad,0.1,13500,100,face,3,5,0.105671167373657,8,1,0.07045175663610406,0.11195105816206848,0.16891770991345076,0.02810905586657573,0.08809457030393895,0.17299651556667967
18,OnlineFPCA-adagrad,0.1,13600,100,face,3,5,0.100636959075928,8,1,0.039616653663657526,0.14905570011537506,0.207859073099214,0.027933079006522595,0.08830381202179972,0.17308659226742543
18,OnlineFPCA-adagrad,0.1,13700,100,face,3,5,0.114363193511963,8,1,0.0763195810145603,0.13001204048453566,0.2104457720013014,0.027962852975065233,0.08841275568378963,0.1732000037527559
18,OnlineFPCA-adagrad,0.1,13800,100,face,3,5,0.100640535354614,8,1,0.16113019435328038,0.1908534038378216,0.2190886216499326,0.02810287714138891,0.0884210263021327,0.17309990699169223
18,OnlineFPCA-adagrad,0.1,13900,100,face,3,5,0.106502056121826,8,1,0.08807852800796039,0.1490626248408878,0.21782604785326865,0.028245881541791622,0.08831151216230938,0.17273712826740523
18,OnlineFPCA-adagrad,0.1,14000,100,face,3,5,0.1008460521698,8,1,0.09666983791912755,0.2339877847546989,0.21875770466298292,0.02849595949905743,0.08904682105025503,0.17254706636383627
18,OnlineFPCA-adagrad,0.1,14100,100,face,3,5,0.107324361801147,8,1,0.10083944081407666,0.1390243014268624,0.2587279352898553,0.0282831043499012,0.08937409580184767,0.1722600104291226
18,OnlineFPCA-adagrad,0.1,14200,100,face,3,5,0.100275278091431,8,1,0.12549565946988225,0.1772815147419685,0.20899992589345148,0.028317472570138825,0.08967118973647005,0.17187057809196615
18,OnlineFPCA-adagrad,0.1,14300,100,face,3,5,0.105757236480713,8,1,0.10980382664776901,0.115107039018857,0.22059272660557117,0.02851065870861645,0.08986803485130249,0.17181145667966274
18,OnlineFPCA-adagrad,0.1,14400,100,face,3,5,0.101351499557495,8,1,0.026760740447731152,0.1326241532182478,0.18332678489284437,0.028683791642210837,0.08964633567310012,0.17172994571849332
18,OnlineFPCA-adagrad,0.1,14500,100,face,3,5,0.107620239257812,8,1,0.17318195634108477,0.15044321750094852,0.21737848384376746,0.028467450179417188,0.08943957006693748,0.1720267219744488
18,OnlineFPCA-adagrad,0.1,14600,100,face,3,5,0.0990986824035645,8,1,0.16700263956061384,0.1888320888853935,0.22035115024112764,0.028627735834203822,0.08941944946674357,0.17227088324450363
18,OnlineFPCA-adagrad,0.1,14700,100,face,3,5,0.106003522872925,8,1,0.10799934183735782,0.15696865688510303,0.20787308855816108,0.028787640298877353,0.08936726788444758,0.17229971648822331
18,OnlineFPCA-adagrad,0.1,14800,100,face,3,5,0.0994257926940918,8,1,0.11556738401719657,0.12620004468382545,0.27184705304628204,0.028794572699878992,0.08924319487878271,0.1728024130464374
18,OnlineFPCA-adagrad,0.1,14900,100,face,3,5,0.106054782867432,8,1,0.07255168724551107,0.16685550871379573,0.19926381480324798,0.028999787906583214,0.08916263064610355,0.17349933045980723
18,OnlineFPCA-adagrad,0.1,15000,100,face,3,5,0.102086782455444,8,1,0.07213995993322747,0.15845408573350234,0.23083124940160843,0.029202485933927456,0.08908652883625832,0.17342941651273122
18,OnlineFPCA-adagrad,0.1,0,100,face,3,5,6.35740375518799,8,2,0.10957338018728638,1.99867369630776,1.970310309550978,0.10957338018728638,1.99867369630776,1.970310309550978
18,OnlineFPCA-adagrad,0.1,100,100,face,3,5,0.447561979293823,8,2,0.8776895163858044,1.0746665687157821,0.6615657871800983,NA,NA,NA
18,OnlineFPCA-adagrad,0.1,200,100,face,3,5,0.440639495849609,8,2,0.8189150498693145,0.7555361645626808,0.6397180922693944,NA,NA,NA
18,OnlineFPCA-adagrad,0.1,300,100,face,3,5,0.448116302490234,8,2,0.8687146122488173,1.227533571458772,0.7628663245026897,NA,NA,NA
18,OnlineFPCA-adagrad,0.1,400,100,face,3,5,0.447248458862305,8,2,0.9023601590391396,1.0950392504817985,0.7895381082840209,NA,NA,NA
18,OnlineFPCA-adagrad,0.1,500,100,face,3,5,0.450036764144897,8,2,0.6861638343488735,0.6164039789122899,0.7270010366891333,NA,NA,NA
18,OnlineFPCA-adagrad,0.1,600,100,face,3,5,0.447011470794678,8,2,0.9179745457357366,0.8558060279935168,0.9587128652945308,NA,NA,NA
18,OnlineFPCA-adagrad,0.1,700,100,face,3,5,0.450026988983154,8,2,0.8546308189159301,0.8356721466157306,0.9534514414860841,NA,NA,NA
18,OnlineFPCA-adagrad,0.1,800,100,face,3,5,0.451447486877441,8,2,0.731317438737438,0.8210405406791471,0.9521818236686699,NA,NA,NA
18,OnlineFPCA-adagrad,0.1,900,100,face,3,5,0.45456600189209,8,2,0.6409803463526597,0.8028676333975313,0.9491732214624046,NA,NA,NA
18,OnlineFPCA-adagrad,0.1,1000,100,face,3,5,0.452346801757812,8,2,0.5384365713094338,0.7833330859720541,0.9435611971598393,NA,NA,NA
18,OnlineFPCA-adagrad,0.1,1100,100,face,3,5,0.622307777404785,8,2,0.12414158854463155,0.5038793103382383,0.7988994586795723,0.21477811212144435,0.6026371491050994,0.8784692420900669
18,OnlineFPCA-adagrad,0.1,1200,100,face,3,5,0.618683576583862,8,2,0.12414468569033414,0.48088633222980587,0.5974419959412024,0.15735244006782295,0.5239427217552322,0.7985721786017694
18,OnlineFPCA-adagrad,0.1,1300,100,face,3,5,0.624184131622314,8,2,0.184147659113082,0.46873741911803063,0.5118860810043824,0.13250975639724716,0.5028421138689595,0.7121345531073552
18,OnlineFPCA-adagrad,0.1,1400,100,face,3,5,0.644072532653809,8,2,0.1192289642238883,0.4555186714191205,0.5218317797824478,0.14058388504557437,0.4844779428416379,0.6428167764729937
18,OnlineFPCA-adagrad,0.1,1500,100,face,3,5,0.625473499298096,8,2,0.2946428643045864,0.5656037746792234,0.525572049066162,0.12119304717162331,0.4726567690506221,0.6030926399802946
18,OnlineFPCA-adagrad,0.1,1600,100,face,3,5,0.633493423461914,8,2,0.08908801128914462,0.454889118774951,0.4891534546391263,0.09672794865056533,0.45558237689306696,0.5680770141058393
18,OnlineFPCA-adagrad,0.1,1700,100,face,3,5,0.621582508087158,8,2,0.10211376418579104,0.44161757527191925,0.46938745086357536,0.08880538644502213,0.44981005632079296,0.5479813966892362
18,OnlineFPCA-adagrad,0.1,1800,100,face,3,5,0.618091106414795,8,2,0.10448301514328746,0.43439774585767954,0.47301298666092323,0.08492713270619778,0.4465562927190392,0.533988541138999
18,OnlineFPCA-adagrad,0.1,1900,100,face,3,5,0.620710372924805,8,2,0.09308767225340481,0.43143447002870394,0.4690554433216194,0.07651911309922696,0.44325315785654645,0.523186353324176
18,OnlineFPCA-adagrad,0.1,2000,100,face,3,5,0.624092578887939,8,2,0.10860325011756582,0.43114166634803436,0.4691519395048316,0.0704940914853967,0.44045742603328,0.5157282587212261
18,OnlineFPCA-adagrad,0.1,2100,100,face,3,5,0.622856140136719,8,2,0.15261489951776103,0.3979947479257075,0.42808212250496613,0.06404055502668012,0.4371691448102192,0.5091999525121785
18,OnlineFPCA-adagrad,0.1,2200,100,face,3,5,0.618483781814575,8,2,0.24100365307949434,0.39360515079977293,0.4386243796904437,0.060650948016450476,0.43292934630426766,0.5022513433245198
18,OnlineFPCA-adagrad,0.1,2300,100,face,3,5,0.618098258972168,8,2,0.04597115896733551,0.3700017952519331,0.4133260441119166,0.05685976126744128,0.42767122101864913,0.4974306642177813
18,OnlineFPCA-adagrad,0.1,2400,100,face,3,5,0.61890697479248,8,2,0.2213886593112255,0.3508875755353273,0.42175912091333934,0.05470662479928724,0.42226355794021375,0.49163409517586104
18,OnlineFPCA-adagrad,0.1,2500,100,face,3,5,0.616676330566406,8,2,0.2440483208028565,0.3634460036817512,0.39971919007738926,0.054177527625186225,0.41706872039211434,0.4832668939939714
18,OnlineFPCA-adagrad,0.1,2600,100,face,3,5,0.670788049697876,8,2,0.18500427559228705,0.3430928723279459,0.3271555634728874,0.045950898688636194,0.41066440646062324,0.47354331741920375
18,OnlineFPCA-adagrad,0.1,2700,100,face,3,5,0.820871114730835,8,2,0.12191223894365556,0.2863414106550868,0.34575311689914273,0.0420322257011709,0.40356590181885177,0.46294415320326093
18,OnlineFPCA-adagrad,0.1,2800,100,face,3,5,0.660140037536621,8,2,0.13326415555934037,0.3045971437452608,0.3939979060361097,0.0408792115602011,0.3965417385985716,0.4574560953544505
18,OnlineFPCA-adagrad,0.1,2900,100,face,3,5,0.666826963424683,8,2,0.08695509777066665,0.36908870978576885,0.34884997013047253,0.03819249680283152,0.39039089493316387,0.44994333933768554
18,OnlineFPCA-adagrad,0.1,3000,100,face,3,5,0.66409707069397,8,2,0.13174414090294018,0.3019622517739069,0.3609757073081435,0.03367860244457622,0.38482234647553487,0.44342824637236183
18,OnlineFPCA-adagrad,0.1,3100,100,face,3,5,0.670487642288208,8,2,0.14438747269593002,0.2959632158049797,0.30898837409737345,0.031248927912168163,0.37887723444489774,0.43772201844961595
18,OnlineFPCA-adagrad,0.1,3200,100,face,3,5,0.676753759384155,8,2,0.23168884704906975,0.2686108898018323,0.3373262193185992,0.031428263901769095,0.3724825217065281,0.43140438107876483
18,OnlineFPCA-adagrad,0.1,3300,100,face,3,5,0.673028230667114,8,2,0.1545938382182805,0.4031837738249102,0.2971515669828434,0.030835590052851428,0.36651145797647994,0.4243624079248601
18,OnlineFPCA-adagrad,0.1,3400,100,face,3,5,0.669452667236328,8,2,0.1532971124350267,0.216813965513028,0.3224988468159521,0.0314777753914731,0.36006260476726437,0.41881540374786697
18,OnlineFPCA-adagrad,0.1,3500,100,face,3,5,0.676104545593262,8,2,0.06773998204216386,0.1666173785546244,0.3020631489813199,0.03129855557186869,0.35317665848452906,0.41270261983439
18,OnlineFPCA-adagrad,0.1,3600,100,face,3,5,0.664057493209839,8,2,0.03145004956146651,0.19614228344696766,0.27409796040952034,0.029215050745642387,0.34411736638252655,0.40604142475699717
18,OnlineFPCA-adagrad,0.1,3700,100,face,3,5,0.679279088973999,8,2,0.09338822243528055,0.0963259590901411,0.2769807939951636,0.02818947840500749,0.3341090990104835,0.3980728769811533
18,OnlineFPCA-adagrad,0.1,3800,100,face,3,5,0.66468334197998,8,2,0.1803984453849455,0.17436972178673366,0.22011640539165533,0.0264574812323846,0.32363783652074835,0.3874412056144586
18,OnlineFPCA-adagrad,0.1,3900,100,face,3,5,0.665620565414429,8,2,0.09173773448766766,0.1342148851805053,0.23718050542937952,0.025875213874920925,0.3141285987223694,0.376310718724079
18,OnlineFPCA-adagrad,0.1,4000,100,face,3,5,0.665629863739014,8,2,0.02593670820548781,0.3026230025394193,0.3644065759596839,0.02593670820548781,0.3026230025394193,0.3644065759596839
18,OnlineFPCA-adagrad,0.1,4100,100,face,3,5,0.66790771484375,8,2,0.13280680645637133,0.25397543984552273,0.3142723231501796,0.06511404354901108,0.27301917219820987,0.3490695844278195
18,OnlineFPCA-adagrad,0.1,4200,100,face,3,5,0.811918497085571,8,2,0.19355003687962902,0.20601455388605128,0.22743369154883622,0.050190285576577065,0.2420952414786267,0.2984600849255592
18,OnlineFPCA-adagrad,0.1,4300,100,face,3,5,0.66330361366272,8,2,0.10727157280854041,0.1552639942579945,0.31768023292802033,0.05636625147202001,0.20706866701723617,0.2709318326995129
18,OnlineFPCA-adagrad,0.1,4400,100,face,3,5,0.661439418792725,8,2,0.08325071020462371,0.20413068490004893,0.31882841786449884,0.05012713358062788,0.191148941486767,0.27282052258803363
18,OnlineFPCA-adagrad,0.1,4500,100,face,3,5,0.661706924438477,8,2,0.23625659867163973,0.19921464002893519,0.3215361100231591,0.03120654454201148,0.1796199162020164,0.2805658791837403
18,OnlineFPCA-adagrad,0.1,4600,100,face,3,5,0.668501377105713,8,2,0.19681004262595705,0.2626738419554371,0.2517582114394129,0.04651915680963506,0.1604049224291322,0.27380435141475035
18,OnlineFPCA-adagrad,0.1,4700,100,face,3,5,0.662324666976929,8,2,0.13497130972775984,0.23104130379037446,0.2354199799710335,0.0536852336666022,0.14591559538208493,0.26471487042287684
18,OnlineFPCA-adagrad,0.1,4800,100,face,3,5,0.681427955627441,8,2,0.1238690177642441,0.2071058386509825,0.35095758381353165,0.06030313280859408,0.1385427192037525,0.2682795938486919
18,OnlineFPCA-adagrad,0.1,4900,100,face,3,5,0.663636684417725,8,2,0.10675241305858772,0.1796234307738659,0.203585171281196,0.058456816489020354,0.13096751826805883,0.2690902200741054
18,OnlineFPCA-adagrad,0.1,5000,100,face,3,5,0.670814752578735,8,2,0.11457802676394133,0.18411874449302174,0.22406973354061632,0.05533600705421719,0.11972944882870153,0.2564565780013257
18,OnlineFPCA-adagrad,0.1,5100,100,face,3,5,0.100111246109009,8,2,0.12237209947965325,0.13001960997472595,0.14485379235938778,0.04897425144969803,0.11096438256352499,0.24042256093845027
18,OnlineFPCA-adagrad,0.1,5200,100,face,3,5,0.106286287307739,8,2,0.1509114811042773,0.12706071009836684,0.28390153577641725,0.04374578720772858,0.1004650727505653,0.22462321387459938
18,OnlineFPCA-adagrad,0.1,5300,100,face,3,5,0.100358724594116,8,2,0.107638613869144,0.20075322990574473,0.17475412718900446,0.04170089402560884,0.09120271916740684,0.21887060764859884
18,OnlineFPCA-adagrad,0.1,5400,100,face,3,5,0.105550527572632,8,2,0.1279421304505773,0.05313328028612544,0.16535196425287663,0.04095512655040089,0.082869478897907,0.2112469910754565
18,OnlineFPCA-adagrad,0.1,5500,100,face,3,5,0.0996637344360352,8,2,0.1330390937441151,0.12022793607071913,0.1577875926582504,0.04031236971976011,0.07603074816672459,0.2064839679851754
18,OnlineFPCA-adagrad,0.1,5600,100,face,3,5,0.10683012008667,8,2,0.15485446431688873,0.11172075078467834,0.1967023478053076,0.04265079703649685,0.07067060724196418,0.20012738816331618
18,OnlineFPCA-adagrad,0.1,5700,100,face,3,5,0.0997686386108398,8,2,0.11241054627302545,0.09340717226908744,0.19932253435690034,0.042348673032202126,0.06557455393854074,0.19474861201176977
18,OnlineFPCA-adagrad,0.1,5800,100,face,3,5,0.107377767562866,8,2,0.10035869894591114,0.10821166303167096,0.29579820596509965,0.04101750086747245,0.062191385305402976,0.1958393515252904
18,OnlineFPCA-adagrad,0.1,5900,100,face,3,5,0.100960254669189,8,2,0.17367061865985414,0.2295812238802588,0.23654695848369267,0.03386205834621167,0.06024798692817831,0.19504146147473966
18,OnlineFPCA-adagrad,0.1,6000,100,face,3,5,0.105504512786865,8,2,0.14304671922553142,0.1707584520095666,0.23746590874842377,0.029592159343440255,0.0606304453198675,0.19379107141091692
18,OnlineFPCA-adagrad,0.1,6100,100,face,3,5,0.100277662277222,8,2,0.11732424703776988,0.16622277483684414,0.310511356335997,0.02852966804831259,0.061840152926464255,0.19751260031745901
18,OnlineFPCA-adagrad,0.1,6200,100,face,3,5,0.107157230377197,8,2,0.11531536804419279,0.10472314308361048,0.15359286373538109,0.029063418317082337,0.06317402500867919,0.20092421363175855
18,OnlineFPCA-adagrad,0.1,6300,100,face,3,5,0.103616714477539,8,2,0.14715819794345825,0.22540631142985576,0.22840757842160747,0.030787435477099542,0.05989941328652235,0.1965981292681606
18,OnlineFPCA-adagrad,0.1,6400,100,face,3,5,0.10380220413208,8,2,0.18329396346894383,0.09101124959736628,0.2588579146275265,0.03328832732268791,0.05537908712130076,0.18746092803395636
18,OnlineFPCA-adagrad,0.1,6500,100,face,3,5,0.105424880981445,8,2,0.11613887467527538,0.19047888389713052,0.13638040583236855,0.03508404092861106,0.05471281447386197,0.18453141990680574
18,OnlineFPCA-adagrad,0.1,6600,100,face,3,5,0.101963520050049,8,2,0.08208359084150545,0.16566747252295486,0.26854478008587057,0.035328662248987966,0.05582613250304043,0.18334609622941492
18,OnlineFPCA-adagrad,0.1,6700,100,face,3,5,0.104326963424683,8,2,0.0970795079850624,0.1405170215266263,0.18722038578132438,0.03528742333433598,0.0560729228574365,0.18244700009827805
18,OnlineFPCA-adagrad,0.1,6800,100,face,3,5,0.105395317077637,8,2,0.13677614949187455,0.16754624961043668,0.24658240259047412,0.035301272103681176,0.05359217973300962,0.18168502971404912
18,OnlineFPCA-adagrad,0.1,6900,100,face,3,5,0.106536149978638,8,2,0.13845914343420923,0.10295692221627653,0.354980097415748,0.03465466125322038,0.05031439653936016,0.1831163833978435
18,OnlineFPCA-adagrad,0.1,7000,100,face,3,5,0.100242137908936,8,2,0.1614922067451297,0.105331539547546,0.3657723968813529,0.03355772205689225,0.04986338693554471,0.18818128344459667
18,OnlineFPCA-adagrad,0.1,7100,100,face,3,5,0.106637239456177,8,2,0.13588249628242857,0.10339793640329681,0.2867203544377453,0.03217684022473316,0.04687520948740335,0.19230170425444396
18,OnlineFPCA-adagrad,0.1,7200,100,face,3,5,0.101516723632812,8,2,0.15626077909331812,0.1424063361367667,0.3334546348769823,0.030869349777182944,0.042009772675593325,0.19456224471329348
18,OnlineFPCA-adagrad,0.1,7300,100,face,3,5,0.107483863830566,8,2,0.05510073946625278,0.14614116400663238,0.3379316150622396,0.0314587715600562,0.037347951314375544,0.19795716459134988
18,OnlineFPCA-adagrad,0.1,7400,100,face,3,5,0.100462675094604,8,2,0.12190021459327752,0.2103679396941321,0.31132172912385553,0.031912387847865153,0.03245011695779878,0.20015434948994792
18,OnlineFPCA-adagrad,0.1,7500,100,face,3,5,0.105873346328735,8,2,0.11670693059542925,0.12359524163192077,0.26184409941343145,0.030265444645516906,0.028735186644592594,0.1987086053037834
18,OnlineFPCA-adagrad,0.1,7600,100,face,3,5,0.100156784057617,8,2,0.19284942865367719,0.19925854638087637,0.14550905044490947,0.027274818728043417,0.02658380581778968,0.1953291497608646
18,OnlineFPCA-adagrad,0.1,7700,100,face,3,5,0.106034994125366,8,2,0.15235265783742225,0.23316063267336667,0.20818272911091862,0.02497069129381594,0.025074191367437777,0.19014126143921953
18,OnlineFPCA-adagrad,0.1,7800,100,face,3,5,0.0993242263793945,8,2,0.14606144278755134,0.2119822091884243,0.24231585817214782,0.02625282202513096,0.024630639558711507,0.18849760941879282
18,OnlineFPCA-adagrad,0.1,7900,100,face,3,5,0.112451076507568,8,2,0.15432639884384322,0.2885339170233804,0.27805949031995025,0.026606040966815517,0.023282529575470168,0.1858285774105067
18,OnlineFPCA-adagrad,0.1,8000,100,face,3,5,0.0995030403137207,8,2,0.12600149217066497,0.23954455207695113,0.2810976652629197,0.025729080976149326,0.02515311157928748,0.18191249735356707
18,OnlineFPCA-adagrad,0.1,8100,100,face,3,5,0.10591983795166,8,2,0.17372998391021935,0.18972883788453324,0.20861107768925488,0.02617401912500263,0.026506625650800943,0.1776025929393098
18,OnlineFPCA-adagrad,0.1,8200,100,face,3,5,0.0994527339935303,8,2,0.24051248826713545,0.15831559595476552,0.19751661096408915,0.02673640703540773,0.0263196379259228,0.17341975572676444
18,OnlineFPCA-adagrad,0.1,8300,100,face,3,5,0.106303215026855,8,2,0.16071281732528758,0.26186719360036387,0.23099398507953414,0.02678224070008509,0.0260458854817182,0.1710642707708384
18,OnlineFPCA-adagrad,0.1,8400,100,face,3,5,0.105395555496216,8,2,0.16403841901988325,0.16408718408194628,0.20813889531104535,0.027733861231374043,0.02786998049410597,0.16967417886479644
18,OnlineFPCA-adagrad,0.1,8500,100,face,3,5,0.103668212890625,8,2,0.06898009957500041,0.110773521553214,0.20359067763375457,0.02817747857089667,0.029203122784710406,0.16912008891740332
18,OnlineFPCA-adagrad,0.1,8600,100,face,3,5,0.102850675582886,8,2,0.0382815574571611,0.1780376803906779,0.2530124401725515,0.02757238986663992,0.030262814734086856,0.1698803516447694
18,OnlineFPCA-adagrad,0.1,8700,100,face,3,5,0.104807138442993,8,2,0.08896928138667358,0.14943685848655297,0.25242808119983023,0.02772482458298605,0.030644804680992375,0.1704993872136775
18,OnlineFPCA-adagrad,0.1,8800,100,face,3,5,0.106144428253174,8,2,0.17445028079537298,0.22018787233774612,0.24395393835519305,0.027843014330431095,0.03014276334677729,0.16993503555008807
18,OnlineFPCA-adagrad,0.1,8900,100,face,3,5,0.101677179336548,8,2,0.09171713729453683,0.16006490887730063,0.23598927668921768,0.028109779129644675,0.030353252396458644,0.16843028752249373
18,OnlineFPCA-adagrad,0.1,9000,100,face,3,5,0.105685949325562,8,2,0.10708854171899453,0.2607279943844294,0.2272936430240465,0.028589565235178346,0.0337697477231217,0.16705900710637828
18,OnlineFPCA-adagrad,0.1,9100,100,face,3,5,0.100540637969971,8,2,0.11312641910852154,0.15471507100502302,0.28288008566814254,0.027943363262757655,0.03548590133167087,0.16565363264701544
18,OnlineFPCA-adagrad,0.1,9200,100,face,3,5,0.10855770111084,8,2,0.15014540758587114,0.20109452326132973,0.2249091151206129,0.028089598534531374,0.0371849195428968,0.16410427290616225
18,OnlineFPCA-adagrad,0.1,9300,100,face,3,5,0.100158214569092,8,2,0.11450922869638795,0.12088602365606935,0.2367302258447595,0.028447119192411566,0.03812036252633954,0.16355678436181478
18,OnlineFPCA-adagrad,0.1,9400,100,face,3,5,0.104558229446411,8,2,0.04524817080016787,0.1460610399155505,0.19478192271253342,0.02875819266228826,0.03813747115575263,0.16355148129131591
18,OnlineFPCA-adagrad,0.1,9500,100,face,3,5,0.09952712059021,8,2,0.2009567984252012,0.16794820223880916,0.23582117197933733,0.028166781776338915,0.03830105895419617,0.16452483466240866
18,OnlineFPCA-adagrad,0.1,9600,100,face,3,5,0.106090307235718,8,2,0.1788962138593827,0.22093392635933815,0.23385348588558544,0.028548928302620978,0.03880987921058147,0.1651565265506306
18,OnlineFPCA-adagrad,0.1,9700,100,face,3,5,0.0993473529815674,8,2,0.11421552734924326,0.17767671110338995,0.21635964807717672,0.028937122317986966,0.039394119262211834,0.16536955480155233
18,OnlineFPCA-adagrad,0.1,9800,100,face,3,5,0.107220888137817,8,2,0.11916786363331551,0.13883831100126948,0.2962664046360855,0.02900807494148601,0.03985618411535711,0.1667321570674785
18,OnlineFPCA-adagrad,0.1,9900,100,face,3,5,0.100036382675171,8,2,0.07650788380593909,0.17807426848593524,0.19991818123210464,0.029427867343708565,0.040650708297576534,0.16830791034703999
18,OnlineFPCA-adagrad,0.1,10000,100,face,3,5,0.107028961181641,8,2,0.08320001636114062,0.17961886581787867,0.23611820106374637,0.02978684743344659,0.041421580462731714,0.16805090114804336
18,OnlineFPCA-adagrad,0.1,10100,100,face,3,5,0.102055072784424,8,2,0.09798218889624567,0.12665215355982873,0.1645599207013075,0.029813347398749118,0.04267268241069706,0.16723012396574335
18,OnlineFPCA-adagrad,0.1,10200,100,face,3,5,0.104470491409302,8,2,0.10692026659761043,0.1296669114054939,0.25227707566020385,0.029223200687043392,0.043671769217395656,0.16585152420644964
18,OnlineFPCA-adagrad,0.1,10300,100,face,3,5,0.102956771850586,8,2,0.08621712828645052,0.17834523687319767,0.17450482127828792,0.02859700791356767,0.04373547335839272,0.16564572372743938
18,OnlineFPCA-adagrad,0.1,10400,100,face,3,5,0.104212760925293,8,2,0.11429363529871628,0.09564691961416225,0.18180831431886316,0.028048968064594195,0.04408812851797988,0.16549147775643563
18,OnlineFPCA-adagrad,0.1,10500,100,face,3,5,0.102796792984009,8,2,0.1195336253783963,0.12019732773102974,0.1615840360000193,0.027477180922059825,0.04414932581679184,0.16551845567113826
18,OnlineFPCA-adagrad,0.1,10600,100,face,3,5,0.102377414703369,8,2,0.12983298930585477,0.11051681990463298,0.1813475136587087,0.02751789122313986,0.043740500291152756,0.16500956176215345
18,OnlineFPCA-adagrad,0.1,10700,100,face,3,5,0.105593204498291,8,2,0.11026600336768717,0.08592504996373494,0.1833459155771066,0.027695099205702463,0.04354861951893086,0.1643858384254139
18,OnlineFPCA-adagrad,0.1,10800,100,face,3,5,0.099539041519165,8,2,0.09047887374977506,0.09955794251342154,0.23231784929234273,0.0274308709918262,0.043621716400369666,0.16495784848084433
18,OnlineFPCA-adagrad,0.1,10900,100,face,3,5,0.105324983596802,8,2,0.13047362511406488,0.1888035872864961,0.19991702555059168,0.026715368163690904,0.04402761193727136,0.16500313273337142
18,OnlineFPCA-adagrad,0.1,11000,100,face,3,5,0.100811243057251,8,2,0.11523220421905815,0.14034901279422202,0.20066958213781627,0.02642247083313519,0.04447435173762869,0.1647692113900165
18,OnlineFPCA-adagrad,0.1,11100,100,face,3,5,0.104945421218872,8,2,0.1141111517992961,0.1338707236305899,0.2643396244565533,0.026992820371744653,0.044301015196677014,0.1654418951362778
18,OnlineFPCA-adagrad,0.1,11200,100,face,3,5,0.0998258590698242,8,2,0.10923696148549343,0.07716829159576322,0.14924658381008263,0.027625338889491844,0.04381358809467177,0.1662105439001176
18,OnlineFPCA-adagrad,0.1,11300,100,face,3,5,0.106365919113159,8,2,0.12543826500807176,0.18096480105564158,0.2106026094956469,0.0281724121942287,0.0433084444163138,0.16521958109355853
18,OnlineFPCA-adagrad,0.1,11400,100,face,3,5,0.0992810726165771,8,2,0.16613030530280437,0.08961490189027886,0.22637204061703525,0.02854155962403605,0.04320583883296317,0.16318519571263798
18,OnlineFPCA-adagrad,0.1,11500,100,face,3,5,0.106694221496582,8,2,0.10514313754020731,0.16393718280450095,0.1303604971840884,0.029114714880991953,0.0433674080548262,0.1624270676656961
18,OnlineFPCA-adagrad,0.1,11600,100,face,3,5,0.0993120670318604,8,2,0.07760893948059365,0.14625870087980505,0.23250335909818745,0.02927287424816126,0.04389642536464057,0.16241174380852214
18,OnlineFPCA-adagrad,0.1,11700,100,face,3,5,0.106018781661987,8,2,0.07850486941085687,0.12154862611647602,0.17583902627492093,0.029094863251862408,0.043754421270193855,0.162434133119281
18,OnlineFPCA-adagrad,0.1,11800,100,face,3,5,0.0995328426361084,8,2,0.11264383687164256,0.13752797947324136,0.21937159325264158,0.028898025750254328,0.04329598913866918,0.1623833308183349
18,OnlineFPCA-adagrad,0.1,11900,100,face,3,5,0.107077598571777,8,2,0.11365131129808273,0.10116457312300017,0.31028661183531103,0.02883525512075549,0.04324307548129608,0.16315391522408604
18,OnlineFPCA-adagrad,0.1,12000,100,face,3,5,0.102311134338379,8,2,0.1298740445508642,0.10280186093704656,0.3331172020617418,0.028645940547245726,0.043751961748277744,0.16508110725830075
18,OnlineFPCA-adagrad,0.1,12100,100,face,3,5,0.103086709976196,8,2,0.10850159184121261,0.09019177896588247,0.2687241274549754,0.028153105194528058,0.04402318310963351,0.1669222651269976
18,OnlineFPCA-adagrad,0.1,12200,100,face,3,5,0.10393214225769,8,2,0.11405009388867053,0.1255409229839112,0.29971452262329734,0.02762842544773647,0.04390623050014847,0.16809720711738613
18,OnlineFPCA-adagrad,0.1,12300,100,face,3,5,0.100277662277222,8,2,0.04546008158599747,0.1260399615611037,0.3121994659874681,0.027796657007836886,0.04398520232871294,0.1695983776101517
18,OnlineFPCA-adagrad,0.1,12400,100,face,3,5,0.102947950363159,8,2,0.10182253729132328,0.19640708169071103,0.29371360208654385,0.02785602189584104,0.04481731660355607,0.17099129931076384
18,OnlineFPCA-adagrad,0.1,12500,100,face,3,5,0.103835344314575,8,2,0.09206413205809054,0.11514256771864242,0.2566539170541544,0.027227948382455538,0.04544528839404987,0.17140547475137297
18,OnlineFPCA-adagrad,0.1,12600,100,face,3,5,0.104520320892334,8,2,0.16645181874092532,0.17670103298744708,0.14903699718700683,0.026236430518135158,0.046273253686603594,0.17106459071977806
18,OnlineFPCA-adagrad,0.1,12700,100,face,3,5,0.0994026660919189,8,2,0.12375700362022284,0.19812798026035222,0.20370251982573798,0.025181297725599853,0.04757535734231002,0.17011401298776954
18,OnlineFPCA-adagrad,0.1,12800,100,face,3,5,0.104236602783203,8,2,0.13013059674044022,0.19084516039691607,0.2175471098631712,0.025463038970657062,0.049146690630184814,0.17012219639389986
18,OnlineFPCA-adagrad,0.1,12900,100,face,3,5,0.0992236137390137,8,2,0.13417901397474769,0.25884739023219305,0.24743409090714036,0.025939665711690894,0.050441072756356585,0.16970577081963506
18,OnlineFPCA-adagrad,0.1,13000,100,face,3,5,0.104601860046387,8,2,0.10776362122072396,0.23311120055306767,0.2471174535966766,0.025923892167916972,0.052053832066471135,0.16877363123987074
18,OnlineFPCA-adagrad,0.1,13100,100,face,3,5,0.0984375476837158,8,2,0.15701323868359168,0.17458956438332623,0.17832078615099392,0.026322660640912366,0.053268706505092044,0.16747221876452098
18,OnlineFPCA-adagrad,0.1,13200,100,face,3,5,0.106641530990601,8,2,0.21639535144786473,0.15418537681596287,0.1775508043281206,0.026579351406890928,0.05382693860298373,0.1660596159546331
18,OnlineFPCA-adagrad,0.1,13300,100,face,3,5,0.100193738937378,8,2,0.13591151668712245,0.20081991812551542,0.22037850656472185,0.02676145013441504,0.054227540686393634,0.1653248433384137
18,OnlineFPCA-adagrad,0.1,13400,100,face,3,5,0.108219861984253,8,2,0.15635342663150378,0.15090790055733314,0.17903150181124927,0.027230288493743034,0.05492793081552138,0.16478109232844548
18,OnlineFPCA-adagrad,0.1,13500,100,face,3,5,0.103341579437256,8,2,0.06924970983453921,0.11179673472094134,0.17200753056234735,0.02752655606698943,0.05544691035755907,0.16441744102477127
18,OnlineFPCA-adagrad,0.1,13600,100,face,3,5,0.241885185241699,8,2,0.039180589075391584,0.15033762449679847,0.21241051795207683,0.027348753088298934,0.05602027087661674,0.164607905495101
18,OnlineFPCA-adagrad,0.1,13700,100,face,3,5,0.100156307220459,8,2,0.07625401475278978,0.13194288042943836,0.21575190001227498,0.02737893632079514,0.05641127915362732,0.16479272968234404
18,OnlineFPCA-adagrad,0.1,13800,100,face,3,5,0.105422735214233,8,2,0.16028045610575842,0.19094641749493702,0.2231822158751945,0.02751107958693402,0.05659167082652482,0.16469851629034363
18,OnlineFPCA-adagrad,0.1,13900,100,face,3,5,0.102922201156616,8,2,0.08788060029716668,0.14911310473505426,0.22087472891929139,0.027641552940175403,0.05672345728472854,0.16431516171062
18,OnlineFPCA-adagrad,0.1,14000,100,face,3,5,0.103463172912598,8,2,0.09645957843574943,0.23301869232684516,0.22086766158162383,0.027890126867358946,0.057876882533396595,0.16405772089107412
18,OnlineFPCA-adagrad,0.1,14100,100,face,3,5,0.106358051300049,8,2,0.10069886750568445,0.13997183982092987,0.259704306284867,0.027676936245071285,0.05853228132904516,0.16373159024884573
18,OnlineFPCA-adagrad,0.1,14200,100,face,3,5,0.101135492324829,8,2,0.1242039821538002,0.1782267851970861,0.2134348585636057,0.027719572987714186,0.05913969944164009,0.16330524246935058
18,OnlineFPCA-adagrad,0.1,14300,100,face,3,5,0.105837106704712,8,2,0.10911904519508374,0.11572607116475116,0.22342677030071895,0.02791254517482838,0.05955563383721265,0.1632119488387373
18,OnlineFPCA-adagrad,0.1,14400,100,face,3,5,0.100296020507812,8,2,0.027031886530827887,0.13185911690620658,0.1853393035094543,0.028082837929622247,0.059554922022388254,0.16320377858252755
18,OnlineFPCA-adagrad,0.1,14500,100,face,3,5,0.105438470840454,8,2,0.1722087764430326,0.14790788074633496,0.21950059426623447,0.027870481609532413,0.05958158270019388,0.16361043506917597
18,OnlineFPCA-adagrad,0.1,14600,100,face,3,5,0.0995025634765625,8,2,0.16579992943311261,0.18786178042846438,0.2224156873158511,0.028018381324049067,0.05978444269081622,0.16392132060134593
18,OnlineFPCA-adagrad,0.1,14700,100,face,3,5,0.104848623275757,8,2,0.10786875426076102,0.15789141345377855,0.2100552158976546,0.02817612362950346,0.059999786814061706,0.16404031984012227
18,OnlineFPCA-adagrad,0.1,14800,100,face,3,5,0.0999009609222412,8,2,0.1151225428382485,0.1266620032621913,0.27341096726298386,0.028180522635120938,0.06012212056325134,0.16466126331990683
18,OnlineFPCA-adagrad,0.1,14900,100,face,3,5,0.109285831451416,8,2,0.07240978731281858,0.16575786299823297,0.1997812608950158,0.02838438509043716,0.06034168781718139,0.16546271876069252
18,OnlineFPCA-adagrad,0.1,15000,100,face,3,5,0.0992960929870605,8,2,0.071552381260966,0.15875751298613933,0.23095084498561486,0.028587274971819687,0.06055731052393844,0.16545360998968497
18,OnlineFPCA-adagrad,0.1,0,100,face,3,5,6.35740375518799,8,4,0.10957338018728638,1.99867369630776,1.970310309550978,0.10957338018728638,1.99867369630776,1.970310309550978
18,OnlineFPCA-adagrad,0.1,100,100,face,3,5,0.449942827224731,8,4,1.1015492390288828,1.4473107538604766,1.3585705731950497,NA,NA,NA
18,OnlineFPCA-adagrad,0.1,200,100,face,3,5,0.446791887283325,8,4,1.1103899465629874,1.321943919687533,0.974512192329332,NA,NA,NA
18,OnlineFPCA-adagrad,0.1,300,100,face,3,5,0.447351932525635,8,4,0.6481775019709577,1.6233158479478185,1.5526420635444793,NA,NA,NA
18,OnlineFPCA-adagrad,0.1,400,100,face,3,5,0.451475620269775,8,4,0.33404312027309047,0.8190966007298286,0.8607557371764019,NA,NA,NA
18,OnlineFPCA-adagrad,0.1,500,100,face,3,5,0.450137376785278,8,4,0.4979444744305587,1.630132276614174,1.7767942218079942,NA,NA,NA
18,OnlineFPCA-adagrad,0.1,600,100,face,3,5,0.447205305099487,8,4,0.6756322431122775,0.75299739718218,0.9205757349409476,NA,NA,NA
18,OnlineFPCA-adagrad,0.1,700,100,face,3,5,0.450442790985107,8,4,0.6257007134169084,0.7508319113854995,0.8057571825237103,NA,NA,NA
18,OnlineFPCA-adagrad,0.1,800,100,face,3,5,0.460099697113037,8,4,0.5392051214381224,0.6934995418741399,0.8029187680397484,NA,NA,NA
18,OnlineFPCA-adagrad,0.1,900,100,face,3,5,0.451962232589722,8,4,0.41554093830886213,0.6654988368103747,0.8260269679205484,NA,NA,NA
18,OnlineFPCA-adagrad,0.1,1000,100,face,3,5,0.447847366333008,8,4,0.3483236500022061,0.655383906196515,0.816450130019898,NA,NA,NA
18,OnlineFPCA-adagrad,0.1,1100,100,face,3,5,0.618883609771729,8,4,0.5267851842411339,0.8044900922666514,0.8191660639272643,0.4257457440547467,0.7802797084730434,0.7894670559534992
18,OnlineFPCA-adagrad,0.1,1200,100,face,3,5,0.616807222366333,8,4,0.34294566697581125,0.6340579414738472,0.6443337787323111,0.09086712602705845,0.6325947848517414,0.74771249056803335
18,OnlineFPCA-adagrad,0.1,1300,100,face,3,5,0.615689992904663,8,4,0.20503760742660374,0.6242716979816305,0.6233051178396536,0.09329830461651968,0.6368552998293516,0.7163784829944061
18,OnlineFPCA-adagrad,0.1,1400,100,face,3,5,0.628262519836426,8,4,0.16835620405331667,0.6299780863449106,0.6543567430293302,0.10600006424498656,0.6296873479886168,0.6828125859184555
18,OnlineFPCA-adagrad,0.1,1500,100,face,3,5,0.622387409210205,8,4,0.2540041568292282,0.5632516132576084,0.5671721943763397,0.09997453927994199,0.594555442047588,0.6351088771124093
18,OnlineFPCA-adagrad,0.1,1600,100,face,3,5,0.618969440460205,8,4,0.11518621774834381,0.5547384811848773,0.5761389528562423,0.09881681848624799,0.5820427027405557,0.6158110214128516
18,OnlineFPCA-adagrad,0.1,1700,100,face,3,5,0.625278949737549,8,4,0.10819535472473835,0.5478992575078588,0.5681544775250159,0.09703649687638065,0.5749659507048209,0.6054437744418316
18,OnlineFPCA-adagrad,0.1,1800,100,face,3,5,0.62000036239624,8,4,0.10936889701418367,0.5434391886533119,0.5712788363362394,0.09632544976761118,0.5700752376448143,0.5987135014048166
18,OnlineFPCA-adagrad,0.1,1900,100,face,3,5,0.623589038848877,8,4,0.10050740912419302,0.54180625823935,0.5688665150301512,0.09370171812463797,0.56636402056682,0.5936880582228793
18,OnlineFPCA-adagrad,0.1,2000,100,face,3,5,0.759339809417725,8,4,0.07061845658155821,0.544362788962867,0.5643562588134885,0.09028137168984406,0.5634901740563139,0.5899303289634701
18,OnlineFPCA-adagrad,0.1,2100,100,face,3,5,0.614448308944702,8,4,0.11911197808540944,0.5189888174402801,0.5327498751704778,0.08434832318778145,0.5603496807565005,0.5865087583818115
18,OnlineFPCA-adagrad,0.1,2200,100,face,3,5,0.614623308181763,8,4,0.24509345999767426,0.519420911828347,0.5464038680368614,0.0809607024206245,0.5562489643620073,0.5824835436014718
18,OnlineFPCA-adagrad,0.1,2300,100,face,3,5,0.608423233032227,8,4,0.04848372122918529,0.5103207378791645,0.532016799381324,0.07742182027076261,0.5518279035282774,0.5796584398384709
18,OnlineFPCA-adagrad,0.1,2400,100,face,3,5,0.610543012619019,8,4,0.2124799646612244,0.49944160355328143,0.5530563902111675,0.07300361561852965,0.5472901957301284,0.5766005373788965
18,OnlineFPCA-adagrad,0.1,2500,100,face,3,5,0.609554290771484,8,4,0.23048972193494646,0.4964422442154352,0.5132376231140855,0.07282842474912632,0.543437232575731,0.5716828974582808
18,OnlineFPCA-adagrad,0.1,2600,100,face,3,5,0.674434185028076,8,4,0.2001171462690094,0.47885243807836453,0.4593988801017087,0.06556084373926893,0.538462114032741,0.5652364526373761
18,OnlineFPCA-adagrad,0.1,2700,100,face,3,5,0.663911581039429,8,4,0.12260654646176647,0.43701560808263684,0.47017794731924484,0.06306178862768916,0.5324456762301137,0.5575135255090669
18,OnlineFPCA-adagrad,0.1,2800,100,face,3,5,0.667980432510376,8,4,0.1384176458433015,0.4531677552967165,0.49541951374403653,0.058900031576804374,0.5271253249829897,0.5533460010273165
18,OnlineFPCA-adagrad,0.1,2900,100,face,3,5,0.675447702407837,8,4,0.10180765564442444,0.5130734439803495,0.4620912845475482,0.05465897529860844,0.5216440897979773,0.5472194757362894
18,OnlineFPCA-adagrad,0.1,3000,100,face,3,5,0.670051097869873,8,4,0.1441661977455488,0.44203928822624655,0.4714807145626982,0.050202826461855,0.516166619696202,0.5415547468903003
18,OnlineFPCA-adagrad,0.1,3100,100,face,3,5,0.682420015335083,8,4,0.1554146427494554,0.42552039860873997,0.4270606159821853,0.048794729299504326,0.510901014675753,0.5363155418093073
18,OnlineFPCA-adagrad,0.1,3200,100,face,3,5,0.660853147506714,8,4,0.233051727811633,0.3984633119965571,0.43971611159111723,0.05045289828255143,0.5050542067899964,0.5313473228241398
18,OnlineFPCA-adagrad,0.1,3300,100,face,3,5,0.670098304748535,8,4,0.16623500044653716,0.510932442489094,0.3936488251348042,0.049517034502605764,0.49978683119254597,0.5251378109695749
18,OnlineFPCA-adagrad,0.1,3400,100,face,3,5,0.661539316177368,8,4,0.16019912587152493,0.3219631387538503,0.40370964040045476,0.04825996091302289,0.4928064237182022,0.5195787752031571
18,OnlineFPCA-adagrad,0.1,3500,100,face,3,5,0.669312000274658,8,4,0.07534928354943415,0.2631238712335072,0.37515078362042803,0.047454729809448294,0.4848704976991428,0.5126444776984037
18,OnlineFPCA-adagrad,0.1,3600,100,face,3,5,0.664629697799683,8,4,0.03217224969583478,0.26987853051002186,0.318922150505298,0.04477491929084233,0.47470593959391627,0.5043628983898182
18,OnlineFPCA-adagrad,0.1,3700,100,face,3,5,0.664195775985718,8,4,0.08894901270746754,0.18857364463543388,0.31551471853536617,0.042721543061344736,0.46381194512938556,0.4947165390377866
18,OnlineFPCA-adagrad,0.1,3800,100,face,3,5,0.662781715393066,8,4,0.18089490164076388,0.208072624578604,0.23744331217728296,0.03907980950437914,0.4523071749890423,0.4829052820117184
18,OnlineFPCA-adagrad,0.1,3900,100,face,3,5,0.660303592681885,8,4,0.0886847671134029,0.18328477437554314,0.2668886777788789,0.03608976986437937,0.4414952442837243,0.47089957267558663
18,OnlineFPCA-adagrad,0.1,4000,100,face,3,5,0.652416229248047,8,4,0.03495342927043958,0.42838147444146607,0.45797093958971763,0.03495342927043958,0.42838147444146607,0.45797093958971763
18,OnlineFPCA-adagrad,0.1,4100,100,face,3,5,0.664661884307861,8,4,0.12289938214790724,0.3648630408109726,0.39274350438893774,0.07190472615147418,0.3911550595723481,0.42918368247150535
18,OnlineFPCA-adagrad,0.1,4200,100,face,3,5,0.655479907989502,8,4,0.1841261202516095,0.3056925756472069,0.3072593459592709,0.05373588317014802,0.36105941955108767,0.3816318719719175
18,OnlineFPCA-adagrad,0.1,4300,100,face,3,5,0.654982328414917,8,4,0.10365928436066733,0.2635413761707933,0.36560505619065164,0.060298082244750605,0.32588257559524864,0.35180468740725296
18,OnlineFPCA-adagrad,0.1,4400,100,face,3,5,0.658438682556152,8,4,0.0844527711539281,0.27146945115049986,0.3653032976924965,0.051350498963650675,0.3073275446781158,0.3485254942717593
18,OnlineFPCA-adagrad,0.1,4500,100,face,3,5,0.655442476272583,8,4,0.22167619603979152,0.25182924613616287,0.35614843755811726,0.03155998866647289,0.2914815448183861,0.3479923275055248
18,OnlineFPCA-adagrad,0.1,4600,100,face,3,5,0.673462867736816,8,4,0.19073733778244706,0.2842261280356975,0.2884166998434788,0.042053593058339084,0.2703866240620153,0.33629697383676493
18,OnlineFPCA-adagrad,0.1,4700,100,face,3,5,0.661004781723022,8,4,0.1401940034313673,0.27452042770675356,0.2663298159045745,0.04886398370118874,0.2534619948209573,0.3241344547218997
18,OnlineFPCA-adagrad,0.1,4800,100,face,3,5,0.666055679321289,8,4,0.12522915281821384,0.2534388783612127,0.36671591312359314,0.057032005169631285,0.24158614065863449,0.32188778325018386
18,OnlineFPCA-adagrad,0.1,4900,100,face,3,5,0.65886378288269,8,4,0.10985213710833733,0.1884718512514819,0.22437586029736487,0.05530097199777658,0.23094155637638408,0.31797538635564904
18,OnlineFPCA-adagrad,0.1,5000,100,face,3,5,0.668907642364502,8,4,0.11393129755493928,0.17383159404300677,0.23117730385925347,0.052820210417979345,0.21599879478204967,0.30332886609500376
18,OnlineFPCA-adagrad,0.1,5100,100,face,3,5,0.0992987155914307,8,4,0.11547839164190973,0.13683576628240868,0.15265603830956023,0.046439610735387625,0.20211616091500098,0.28502067981312806
18,OnlineFPCA-adagrad,0.1,5200,100,face,3,5,0.104485988616943,8,4,0.15138259605889004,0.13593811650825194,0.2864674576669852,0.041754938057859674,0.18782116910181398,0.2682996983755713
18,OnlineFPCA-adagrad,0.1,5300,100,face,3,5,0.0988540649414062,8,4,0.10633103310556387,0.19059277985658465,0.16711375749272916,0.04003244628875123,0.1748887965516051,0.2588789621039491
18,OnlineFPCA-adagrad,0.1,5400,100,face,3,5,0.104684591293335,8,4,0.1245102046093964,0.054195225984811024,0.15911461464075521,0.03907444952097958,0.16232227276206296,0.2479838688484747
18,OnlineFPCA-adagrad,0.1,5500,100,face,3,5,0.0987744331359863,8,4,0.12953782873320677,0.10597099020807728,0.166013320228197,0.038329796408112876,0.15214960313095813,0.2400120086770588
18,OnlineFPCA-adagrad,0.1,5600,100,face,3,5,0.105195760726929,8,4,0.1533858817269133,0.10218832079685512,0.20426329922981598,0.040590531608297356,0.1437397255470088,0.23202425469952803
18,OnlineFPCA-adagrad,0.1,5700,100,face,3,5,0.0981597900390625,8,4,0.1099549872759038,0.10087536239293834,0.19790641917387727,0.040589061390558144,0.1359876078682258,0.2250790324361437
18,OnlineFPCA-adagrad,0.1,5800,100,face,3,5,0.104696273803711,8,4,0.09720663680556954,0.10557111300250992,0.2962270082618765,0.039598783608512024,0.13005763568164977,0.22384032842450174
18,OnlineFPCA-adagrad,0.1,5900,100,face,3,5,0.10020637512207,8,4,0.16992275876419033,0.2312698156031878,0.24071792725830288,0.03251588714081743,0.12519723994274945,0.22170544126383737
18,OnlineFPCA-adagrad,0.1,6000,100,face,3,5,0.10599160194397,8,4,0.1421535597811945,0.16471734398598992,0.24308888184643979,0.0280749221527012,0.1224158332111184,0.21952619810398005
18,OnlineFPCA-adagrad,0.1,6100,100,face,3,5,0.1001877784729,8,4,0.11315571960820046,0.169964157292975,0.3124309277435709,0.026761922636227134,0.12081701259456808,0.22213276711305496
18,OnlineFPCA-adagrad,0.1,6200,100,face,3,5,0.115112781524658,8,4,0.11408493045734767,0.1099975899835112,0.15743370684837174,0.02716937396866035,0.1196252580235546,0.22432364462612409
18,OnlineFPCA-adagrad,0.1,6300,100,face,3,5,0.102373838424683,8,4,0.1467973763646025,0.226686423311549,0.2104136746040636,0.028906795651697167,0.11523029867729251,0.21949480172761585
18,OnlineFPCA-adagrad,0.1,6400,100,face,3,5,0.103754043579102,8,4,0.17979198125870746,0.07889321787097116,0.2326384519034146,0.03140962001200068,0.10978873076515315,0.20979878739936636
18,OnlineFPCA-adagrad,0.1,6500,100,face,3,5,0.103287220001221,8,4,0.11458808262531885,0.1790382161869565,0.139844321563682,0.03313586744013544,0.10697042420538913,0.20585602708869377
18,OnlineFPCA-adagrad,0.1,6600,100,face,3,5,0.104696989059448,8,4,0.08016529338094633,0.16117101575190473,0.2831665521141203,0.03338161100304019,0.10497308977471606,0.2037949086908147
18,OnlineFPCA-adagrad,0.1,6700,100,face,3,5,0.105469226837158,8,4,0.09870180409061177,0.13673222790072298,0.1928121856989638,0.033439349334187636,0.10275640057350907,0.20206886474474223
18,OnlineFPCA-adagrad,0.1,6800,100,face,3,5,0.101246118545532,8,4,0.13544420579167799,0.15293777994980914,0.2576970568078567,0.03355470538636099,0.09897697720861644,0.20051641841334603
18,OnlineFPCA-adagrad,0.1,6900,100,face,3,5,0.103052616119385,8,4,0.13763112184850426,0.10075242493711525,0.3454589465313906,0.032934317536687,0.09451407617980395,0.20075831942292116
18,OnlineFPCA-adagrad,0.1,7000,100,face,3,5,0.0999457836151123,8,4,0.1619501981853461,0.10674361344805251,0.35859421742791203,0.03195471766588872,0.09179018763246577,0.20394331269890312
18,OnlineFPCA-adagrad,0.1,7100,100,face,3,5,0.105929613113403,8,4,0.13562471788350605,0.095153125495323565,0.2799999478005947,0.030675891558664764,0.08715110080554296,0.20631183536172912
18,OnlineFPCA-adagrad,0.1,7200,100,face,3,5,0.0998308658599854,8,4,0.15519338808053565,0.13958638155534536,0.31711987009952675,0.029444970964574903,0.08168902004263677,0.20709289812403464
18,OnlineFPCA-adagrad,0.1,7300,100,face,3,5,0.105149030685425,8,4,0.052111134666906346,0.14849134789846383,0.3270485003162019,0.029977949851046473,0.07628214648324155,0.20897332513574482
18,OnlineFPCA-adagrad,0.1,7400,100,face,3,5,0.100129365921021,8,4,0.12064379517192865,0.20163327263367187,0.30679999493236043,0.030330940526428794,0.0702412696406308,0.20974040498984547
18,OnlineFPCA-adagrad,0.1,7500,100,face,3,5,0.106709003448486,8,4,0.11707107086398708,0.11765635289787119,0.24199704185472187,0.028695708797950463,0.06506781807230605,0.20712673078175545
18,OnlineFPCA-adagrad,0.1,7600,100,face,3,5,0.0995373725891113,8,4,0.1913838557848218,0.18916550502491528,0.12658770730107885,0.025699591443684118,0.061070259784558725,0.20270116720777778
18,OnlineFPCA-adagrad,0.1,7700,100,face,3,5,0.107186317443848,8,4,0.14760000118695688,0.22263916259562946,0.19841481731857247,0.023613853370996363,0.05660385875033576,0.196700263020576
18,OnlineFPCA-adagrad,0.1,7800,100,face,3,5,0.0994758605957031,8,4,0.1452940198040299,0.19993285093307267,0.2480722755305347,0.024987870540186873,0.05217969214838416,0.19415631224491828
18,OnlineFPCA-adagrad,0.1,7900,100,face,3,5,0.106436729431152,8,4,0.14481140866384673,0.2765080579491436,0.275415142582961,0.025307041528687842,0.04712068230383078,0.1909425804578474
18,OnlineFPCA-adagrad,0.1,8000,100,face,3,5,0.0999140739440918,8,4,0.12512656517272827,0.22686012049558027,0.25919726240059954,0.024379341292686787,0.04339129758993729,0.18658694825009894
18,OnlineFPCA-adagrad,0.1,8100,100,face,3,5,0.107820272445679,8,4,0.16403736461018031,0.19070203139946135,0.17316168314052705,0.0246423061005328,0.04019941766008865,0.18260071062928462
18,OnlineFPCA-adagrad,0.1,8200,100,face,3,5,0.104050636291504,8,4,0.23046669208754564,0.1627751802146614,0.19679462683065757,0.02498450155641273,0.03700671403658186,0.1789531516805304
18,OnlineFPCA-adagrad,0.1,8300,100,face,3,5,0.103220462799072,8,4,0.15839618606396086,0.2639315078872357,0.23127303977362385,0.024934597819674335,0.034306500495569235,0.1767049509354738
18,OnlineFPCA-adagrad,0.1,8400,100,face,3,5,0.101901292800903,8,4,0.15792263201524182,0.15512344347188267,0.21652192781174473,0.025858056384933933,0.03326664587216653,0.1751059075464248
18,OnlineFPCA-adagrad,0.1,8500,100,face,3,5,0.102095127105713,8,4,0.06581657369981433,0.10858054812104755,0.2172819445121531,0.026198776087196125,0.032313782715008635,0.17449028786894852
18,OnlineFPCA-adagrad,0.1,8600,100,face,3,5,0.106279134750366,8,4,0.03679840771466292,0.18096309254172255,0.26579561295189913,0.025579790636638483,0.030721203003681412,0.17501926205797244
18,OnlineFPCA-adagrad,0.1,8700,100,face,3,5,0.0991721153259277,8,4,0.08885035357508758,0.1504972185010122,0.2667035882895825,0.02576100715648789,0.028502552643999816,0.17542443342428315
18,OnlineFPCA-adagrad,0.1,8800,100,face,3,5,0.105256319046021,8,4,0.17033906584534309,0.215699276026797,0.2542015505809877,0.02588149905613057,0.025317239767931876,0.17463653834894827
18,OnlineFPCA-adagrad,0.1,8900,100,face,3,5,0.100054502487183,8,4,0.09096670742278982,0.15874605726773658,0.24266846154769028,0.026167783133825933,0.02348087824643671,0.17301332367880415
18,OnlineFPCA-adagrad,0.1,9000,100,face,3,5,0.103123426437378,8,4,0.1061746512050791,0.25264660703149716,0.23126104921704976,0.026633930270461906,0.024755321446722503,0.17128164690915265
18,OnlineFPCA-adagrad,0.1,9100,100,face,3,5,0.100303173065186,8,4,0.11146285558993459,0.1539675573660377,0.2822855912171584,0.026038800911659478,0.02480752133394643,0.1697216321535193
18,OnlineFPCA-adagrad,0.1,9200,100,face,3,5,0.106682300567627,8,4,0.1455040010810467,0.20254048854652906,0.23566587875679645,0.026253506144177208,0.025171721059171242,0.1681522215117361
18,OnlineFPCA-adagrad,0.1,9300,100,face,3,5,0.101258277893066,8,4,0.11170160730040125,0.12139261386754976,0.2423624012468258,0.026574260091106167,0.02462332845712303,0.16735867431582796
18,OnlineFPCA-adagrad,0.1,9400,100,face,3,5,0.107771873474121,8,4,0.04732046179994867,0.14028273979248804,0.2001391391688739,0.026869770875750973,0.023847871454819865,0.1672941361097915
18,OnlineFPCA-adagrad,0.1,9500,100,face,3,5,0.101222515106201,8,4,0.1958231794110386,0.15297431557995514,0.2425052842253432,0.026340145338305244,0.023475221243465034,0.1682047646528077
18,OnlineFPCA-adagrad,0.1,9600,100,face,3,5,0.109112977981567,8,4,0.173960922643069,0.2159290361114847,0.23946961462829436,0.02674591966784626,0.02322778141312406,0.1687612890591173
18,OnlineFPCA-adagrad,0.1,9700,100,face,3,5,0.103454113006592,8,4,0.11451082305339569,0.18018195387852637,0.22282224044030047,0.02712356147968026,0.02351373126156386,0.16893919265499885
18,OnlineFPCA-adagrad,0.1,9800,100,face,3,5,0.105093240737915,8,4,0.11687865646716078,0.13833969662098705,0.2995265358999217,0.027221268134362726,0.023712807700493152,0.170259291988692
18,OnlineFPCA-adagrad,0.1,9900,100,face,3,5,0.100518703460693,8,4,0.07647490928357875,0.16945870803154775,0.19857295306227826,0.0276457354014475,0.02465320322247517,0.17173198905244155
18,OnlineFPCA-adagrad,0.1,10000,100,face,3,5,0.103318214416504,8,4,0.08137462974899752,0.17701204574581642,0.2342298726493209,0.02802840007372512,0.0255046749316375,0.1713660795401822
18,OnlineFPCA-adagrad,0.1,10100,100,face,3,5,0.102800130844116,8,4,0.09753246876477051,0.11979579056963229,0.16274587531206475,0.028051272061102087,0.026927366596791808,0.17044648159756232
18,OnlineFPCA-adagrad,0.1,10200,100,face,3,5,0.104188680648804,8,4,0.10515832994024885,0.13127758570623593,0.2581919807460461,0.027483434506318086,0.02783337600851145,0.16904548098815791
18,OnlineFPCA-adagrad,0.1,10300,100,face,3,5,0.111292839050293,8,4,0.08609429184979016,0.17520428171767674,0.17986241833851022,0.026899790150065925,0.027535504596317057,0.16885456357073325
18,OnlineFPCA-adagrad,0.1,10400,100,face,3,5,0.103336095809937,8,4,0.11212753794065884,0.09146500855937838,0.18162442521911581,0.026358421522601646,0.027592267734344127,0.16860300857409316
18,OnlineFPCA-adagrad,0.1,10500,100,face,3,5,0.105471134185791,8,4,0.11769508464038701,0.10842334220584819,0.16507757394726114,0.02577169149758941,0.027565076278593004,0.16852515221758718
18,OnlineFPCA-adagrad,0.1,10600,100,face,3,5,0.0998210906982422,8,4,0.12891757636422474,0.09515898052282558,0.18611337694054722,0.025802949727026382,0.027077118678480627,0.16801679108271309
18,OnlineFPCA-adagrad,0.1,10700,100,face,3,5,0.105131864547729,8,4,0.1089717158606712,0.08485850391412039,0.1797493616841999,0.02608163668249784,0.02693244740281674,0.1673147805507294
18,OnlineFPCA-adagrad,0.1,10800,100,face,3,5,0.0993936061859131,8,4,0.08916293333413462,0.09686821893474762,0.23218930445720273,0.02592016805457018,0.027316372784093167,0.16780935176019857
18,OnlineFPCA-adagrad,0.1,10900,100,face,3,5,0.107802152633667,8,4,0.12877308876918317,0.18607809557945415,0.20161454176288598,0.025218233366028138,0.02820334058079267,0.16785799059539377
18,OnlineFPCA-adagrad,0.1,11000,100,face,3,5,0.099764347076416,8,4,0.11458837285996595,0.13211246843760063,0.20248135646890913,0.024921304656190326,0.029219049432059125,0.16766201393971328
18,OnlineFPCA-adagrad,0.1,11100,100,face,3,5,0.106210708618164,8,4,0.10962703298362904,0.13269128079612033,0.26482612692490537,0.025428914756811614,0.029375000742099432,0.16847627514345861
18,OnlineFPCA-adagrad,0.1,11200,100,face,3,5,0.0998737812042236,8,4,0.10863996555484866,0.07663310886294336,0.14751644207002132,0.02603198157730949,0.029216176413577738,0.16930202661287708
18,OnlineFPCA-adagrad,0.1,11300,100,face,3,5,0.107270956039429,8,4,0.12513595653244536,0.18182749300552375,0.1984073471369665,0.02659221787605541,0.028839942784082133,0.16838341112884536
18,OnlineFPCA-adagrad,0.1,11400,100,face,3,5,0.100038290023804,8,4,0.16431589885061793,0.08117452350298819,0.20596850394294722,0.026964942827788687,0.028920139017844786,0.1663032829428538
18,OnlineFPCA-adagrad,0.1,11500,100,face,3,5,0.105570554733276,8,4,0.1032828175882461,0.1528094723100419,0.12905457562333247,0.02751338649362072,0.029533577792842172,0.1655389158711327
18,OnlineFPCA-adagrad,0.1,11600,100,face,3,5,0.101835966110229,8,4,0.07543944376364117,0.13614345737025438,0.24699988250603222,0.027647057897648215,0.030566408537376025,0.16559903849428312
18,OnlineFPCA-adagrad,0.1,11700,100,face,3,5,0.103527307510376,8,4,0.07962032531311465,0.11920313357414346,0.18332744307416207,0.027478835468360375,0.030661950884978993,0.16569883429827684
18,OnlineFPCA-adagrad,0.1,11800,100,face,3,5,0.102235794067383,8,4,0.11203749635957423,0.13104354301889104,0.23141437747478738,0.027272051892752325,0.03029221543797818,0.16572595649955238
18,OnlineFPCA-adagrad,0.1,11900,100,face,3,5,0.104275465011597,8,4,0.11236906156795833,0.1028891667702573,0.308847768658431,0.027181437193665486,0.030350354039522392,0.16656231048363343
18,OnlineFPCA-adagrad,0.1,12000,100,face,3,5,0.104625701904297,8,4,0.13012582010044305,0.1033822399582352,0.3297211835931407,0.027013406135227513,0.03116850431560599,0.16839765530320427
18,OnlineFPCA-adagrad,0.1,12100,100,face,3,5,0.100398540496826,8,4,0.10912840477798433,0.08788586289431682,0.2685495114084943,0.026564026517995075,0.03145876993615322,0.17013678878043295
18,OnlineFPCA-adagrad,0.1,12200,100,face,3,5,0.105846166610718,8,4,0.11332891658255091,0.1252226535045984,0.2918364156365013,0.026077706783586445,0.03125231533614936,0.1712240808465718
18,OnlineFPCA-adagrad,0.1,12300,100,face,3,5,0.103144407272339,8,4,0.04334507699043504,0.13091829266886143,0.3069583573418236,0.02624950415823877,0.03130285132017495,0.17263380992193017
18,OnlineFPCA-adagrad,0.1,12400,100,face,3,5,0.106062412261963,8,4,0.09998965757836353,0.19162941632897995,0.2919979897427139,0.026294806275223348,0.032145738044139414,0.1738988223957898
18,OnlineFPCA-adagrad,0.1,12500,100,face,3,5,0.101381540298462,8,4,0.09188547025800996,0.112484159083297,0.24423864829977968,0.025655385966834802,0.032704190098483486,0.1741363815550789
18,OnlineFPCA-adagrad,0.1,12600,100,face,3,5,0.105382204055786,8,4,0.16553528356253205,0.17226722421018947,0.13566276468918198,0.024653619650217944,0.03368119078485318,0.17356221703254807
18,OnlineFPCA-adagrad,0.1,12700,100,face,3,5,0.0995702743530273,8,4,0.11999962094815206,0.19489312353445698,0.1941897085305733,0.023686212507176715,0.03511129168608494,0.17244110511440233
18,OnlineFPCA-adagrad,0.1,12800,100,face,3,5,0.105993747711182,8,4,0.12991029967043682,0.18184028965621346,0.22289355171019123,0.024055428222817463,0.036790505209752786,0.17229701657998975
18,OnlineFPCA-adagrad,0.1,12900,100,face,3,5,0.0992708206176758,8,4,0.12805565353741938,0.2468912821827598,0.24673146267719986,0.02454395455210961,0.03804145110872703,0.17183703885868118
18,OnlineFPCA-adagrad,0.1,13000,100,face,3,5,0.10544490814209,8,4,0.10626396680255161,0.22146219320052268,0.23111153334739104,0.0245013055828714,0.039634734645787574,0.17087291574565724
18,OnlineFPCA-adagrad,0.1,13100,100,face,3,5,0.0998411178588867,8,4,0.14893063701486542,0.17680948101713745,0.15290184367845155,0.024823175488681348,0.040862522518977124,0.16977872776909095
18,OnlineFPCA-adagrad,0.1,13200,100,face,3,5,0.106335639953613,8,4,0.20770089505210634,0.15959117882676216,0.1817521211181443,0.02498176146861987,0.041535332160140166,0.16869526594167536
18,OnlineFPCA-adagrad,0.1,13300,100,face,3,5,0.102294683456421,8,4,0.13400336408730706,0.2054234363060876,0.2233419206527706,0.025111388931705676,0.04210451994487927,0.16816592013362736
18,OnlineFPCA-adagrad,0.1,13400,100,face,3,5,0.104398727416992,8,4,0.15125820594799996,0.14827896754296077,0.18637775633411893,0.025566082307100953,0.04302318187723417,0.16768535199628237
18,OnlineFPCA-adagrad,0.1,13500,100,face,3,5,0.102453231811523,8,4,0.06435827863191362,0.11138727191681946,0.1870968957035121,0.025809391881316937,0.04370634049110181,0.16745605812341105
18,OnlineFPCA-adagrad,0.1,13600,100,face,3,5,0.103548288345337,8,4,0.03750591638881907,0.154916107911755,0.22885869133171577,0.025617430417773323,0.04436609670414186,0.16774325158061473
18,OnlineFPCA-adagrad,0.1,13700,100,face,3,5,0.102150678634644,8,4,0.07603999177148374,0.1369791671587817,0.23425184005984104,0.025668612948091245,0.044824177064442895,0.1680322286491333
18,OnlineFPCA-adagrad,0.1,13800,100,face,3,5,0.103247165679932,8,4,0.15683646809505686,0.18989099638871568,0.23709733873755182,0.025817448205139225,0.04506776170343686,0.16804935419827904
18,OnlineFPCA-adagrad,0.1,13900,100,face,3,5,0.105626106262207,8,4,0.08706058161965217,0.14931323482701342,0.2309155856888102,0.025964974315644113,0.045332230292775104,0.16778003634291386
18,OnlineFPCA-adagrad,0.1,14000,100,face,3,5,0.100566864013672,8,4,0.09559928897778236,0.22806043643592663,0.22739847297544014,0.02621158547417321,0.04666415890566412,0.1675243857605015
18,OnlineFPCA-adagrad,0.1,14100,100,face,3,5,0.102053165435791,8,4,0.10004849424736509,0.1423528670214383,0.2639453165115433,0.026021434546592,0.04741141093152976,0.16723560903442694
18,OnlineFPCA-adagrad,0.1,14200,100,face,3,5,0.0994026660919189,8,4,0.12012264594249737,0.18098134799548132,0.22715482133270395,0.026097880078187537,0.04811495248967553,0.16691395364692765
18,OnlineFPCA-adagrad,0.1,14300,100,face,3,5,0.105165958404541,8,4,0.1063304080162641,0.11749325522863484,0.23208267168385024,0.026267596261684636,0.048600612799910896,0.16683854661153455
18,OnlineFPCA-adagrad,0.1,14400,100,face,3,5,0.0988600254058838,8,4,0.02863651775405733,0.1283729118924111,0.19309459952368324,0.026426089407864024,0.04869716187908723,0.1668780640519358
18,OnlineFPCA-adagrad,0.1,14500,100,face,3,5,0.238613605499268,8,4,0.16851124375748744,0.1381336456262184,0.22759327123304995,0.02623913094344512,0.04884506473055227,0.16732738013244222
18,OnlineFPCA-adagrad,0.1,14600,100,face,3,5,0.0971465110778809,8,4,0.1609804850344052,0.18426106209194298,0.22977980712609788,0.026406690878932017,0.04914685034366329,0.16768500264650224
18,OnlineFPCA-adagrad,0.1,14700,100,face,3,5,0.102906942367554,8,4,0.10761716084224177,0.16070172509475064,0.21756360356920165,0.02656117021092414,0.049462935142570864,0.1678471320519072
18,OnlineFPCA-adagrad,0.1,14800,100,face,3,5,0.0973160266876221,8,4,0.11314766738876483,0.12759163437832322,0.2788220497252994,0.02657795324813686,0.0496761337245395,0.1685030279649527
18,OnlineFPCA-adagrad,0.1,14900,100,face,3,5,0.103326320648193,8,4,0.07197488627171962,0.1599921929476765,0.2007019401134863,0.026781792614349296,0.05000253268892941,0.16931465972987186
18,OnlineFPCA-adagrad,0.1,15000,100,face,3,5,0.0978727340698242,8,4,0.06948800761146003,0.15878506987668667,0.2312614462294882,0.026994930496243335,0.050323209764593056,0.16929641010837468
