seed,Method,StepSize,N,Ninit,initMethod,npc,nBatch,Time,C,W,RMSEphi1,RMSEphi2,RMSEphi3,RMSEphi1.avg,RMSEphi2.avg,RMSEphi3.avg
14,OnlineFPCA-sgd,0.1,0,100,face,3,5,6.38382577896118,3,1,0.011488913551722588,0.12793891021275938,0.62316145541387,0.011488913551722588,0.12793891021275938,0.62316145541387
14,OnlineFPCA-sgd,0.1,100,100,face,3,5,0.367043733596802,3,1,0.8440137868058303,0.8309704392655014,0.6676087161586106,NA,NA,NA
14,OnlineFPCA-sgd,0.1,200,100,face,3,5,0.221167325973511,3,1,0.4358910121014169,0.5971193435092024,1.2071432124269652,NA,NA,NA
14,OnlineFPCA-sgd,0.1,300,100,face,3,5,0.217689752578735,3,1,0.4416653845250746,0.8287755880296438,1.3069211481399554,NA,NA,NA
14,OnlineFPCA-sgd,0.1,400,100,face,3,5,0.221105575561523,3,1,0.4398311440780813,0.9233860685696276,0.9766887086427033,NA,NA,NA
14,OnlineFPCA-sgd,0.1,500,100,face,3,5,0.214739084243774,3,1,0.4072163075436762,0.8009809869168855,1.0325924330246523,NA,NA,NA
14,OnlineFPCA-sgd,0.1,600,100,face,3,5,0.215314388275146,3,1,0.40059285318539556,0.8007745436401597,1.0320610993082764,NA,NA,NA
14,OnlineFPCA-sgd,0.1,700,100,face,3,5,0.220679044723511,3,1,0.3622064679054911,0.7990423022703679,1.0308631794204144,NA,NA,NA
14,OnlineFPCA-sgd,0.1,800,100,face,3,5,0.23149299621582,3,1,0.22620990097650479,0.8100562282361464,1.02289245523996,NA,NA,NA
14,OnlineFPCA-sgd,0.1,900,100,face,3,5,0.369799137115479,3,1,0.1109900008951581,0.8295095727962479,0.9104030713862814,NA,NA,NA
14,OnlineFPCA-sgd,0.1,1000,100,face,3,5,0.206709623336792,3,1,0.11032111028310826,0.8298948301835781,0.89041232905588,NA,NA,NA
14,OnlineFPCA-sgd,0.1,1100,100,face,3,5,0.293982744216919,3,1,0.11017288476094515,0.8354401413029845,0.875045245058152,0.1101871293350872,0.832752109221581,0.8815620459323993
14,OnlineFPCA-sgd,0.1,1200,100,face,3,5,0.284816980361938,3,1,0.10991279844858345,0.8400286247662111,0.8650773178968447,0.11003817516473018,0.8350190677411253,0.8749060494627586
14,OnlineFPCA-sgd,0.1,1300,100,face,3,5,0.281268358230591,3,1,0.10981476457542652,0.8403726100984049,0.8643352977150182,0.10995176555069909,0.8365171096070642,0.8711524491814966
14,OnlineFPCA-sgd,0.1,1400,100,face,3,5,0.282248020172119,3,1,0.10983917843549425,0.844613042251897,0.8575803818851997,0.1098919760978139,0.837760946373505,0.8681590863220091
14,OnlineFPCA-sgd,0.1,1500,100,face,3,5,0.280165433883667,3,1,0.10956489024532533,0.8441828506696819,0.858233987022206,0.10982355564729455,0.8388042946017883,0.8658593178252537
14,OnlineFPCA-sgd,0.1,1600,100,face,3,5,0.277880668640137,3,1,0.10934713793665164,0.846667757024084,0.8550257122675292,0.10975497121205685,0.83974391331585,0.8638892646038595
14,OnlineFPCA-sgd,0.1,1700,100,face,3,5,0.28654146194458,3,1,0.10904849574036936,0.8485289899690134,0.8528857171523693,0.10964476736849324,0.8406513045998343,0.8619871628019157
14,OnlineFPCA-sgd,0.1,1800,100,face,3,5,0.285744667053223,3,1,0.10858080277610221,0.8500428225820177,0.8514043584438203,0.10950884449248044,0.8415062134637697,0.8602560225175175
14,OnlineFPCA-sgd,0.1,1900,100,face,3,5,0.28144907951355,3,1,0.10848716353172047,0.8512933826186823,0.8503683451208355,0.10936908613764565,0.8423040333547884,0.8587247832103416
14,OnlineFPCA-sgd,0.1,2000,100,face,3,5,0.285796642303467,3,1,0.10816038109722355,0.8523328256336691,0.8496892376068719,0.10922659800217425,0.843046844111914,0.8573968370554723
14,OnlineFPCA-sgd,0.1,2100,100,face,3,5,0.272735834121704,3,1,1.0601389758368207,1.144579222918829,0.40601717234588985,0.032178666066802,0.8016257773024165,0.8175662035842248
14,OnlineFPCA-sgd,0.1,2200,100,face,3,5,0.280197143554688,3,1,0.7051202897342084,0.7392630310332875,0.528182945269571,0.07248749080632905,0.767524010214058,0.7831586988905263
14,OnlineFPCA-sgd,0.1,2300,100,face,3,5,0.272598266601562,3,1,0.3560544105430047,0.5569375207879934,0.5003068277386863,0.1007906993655594,0.7457987981537043,0.7610622175773761
14,OnlineFPCA-sgd,0.1,2400,100,face,3,5,0.290814161300659,3,1,0.1755807921438863,0.4731869553719512,0.4603654430766502,0.11237975330459703,0.7263876495435396,0.7390493762615952
14,OnlineFPCA-sgd,0.1,2500,100,face,3,5,0.272412776947021,3,1,0.08400079357279461,0.4405339192734435,0.4686107471092011,0.10942320866096147,0.7065950194020487,0.7201838910023117
14,OnlineFPCA-sgd,0.1,2600,100,face,3,5,0.280555248260498,3,1,0.12367260568510519,0.4415876509163184,0.4957538333653887,0.10077001053952563,0.6875240724148356,0.7047067037403091
14,OnlineFPCA-sgd,0.1,2700,100,face,3,5,0.278970003128052,3,1,0.10051431247537113,0.43844784085745925,0.4675295989489089,0.09484155726629742,0.6718334714784916,0.6901591321537379
14,OnlineFPCA-sgd,0.1,2800,100,face,3,5,0.301429510116577,3,1,0.20027194717026742,0.438204757450229,0.4778132549439675,0.08834682705472068,0.6579192028100194,0.6773577591423652
14,OnlineFPCA-sgd,0.1,2900,100,face,3,5,0.284879922866821,3,1,0.24420622633889658,0.42363353342846893,0.4653932623145827,0.08092813968454222,0.6449212153020046,0.6649805030753222
14,OnlineFPCA-sgd,0.1,3000,100,face,3,5,0.285732746124268,3,1,0.29592996472832966,0.4135215870177964,0.4408696620974659,0.07453378277630127,0.6326210149059989,0.6528627906502324
14,OnlineFPCA-sgd,0.1,3100,100,face,3,5,0.283361434936523,3,1,0.16587626278406278,0.393751827658116,0.4917570861181759,0.07199298648853845,0.6204067933948092,0.6430788158012529
14,OnlineFPCA-sgd,0.1,3200,100,face,3,5,0.286619663238525,3,1,0.17159904766634837,0.4164852553715469,0.3995427554183436,0.07108988679379746,0.6089253896072648,0.6323244010676508
14,OnlineFPCA-sgd,0.1,3300,100,face,3,5,0.27937126159668,3,1,0.24812955671820808,0.3901573805691449,0.4290025833678231,0.0727457108325061,0.5989019145756256,0.6209030317963334
14,OnlineFPCA-sgd,0.1,3400,100,face,3,5,0.286628484725952,3,1,0.19374585985142473,0.39404115441839926,0.39212648833185,0.07190766916940873,0.5886330428642305,0.6096635803571977
14,OnlineFPCA-sgd,0.1,3500,100,face,3,5,0.280449867248535,3,1,0.07812026545797096,0.35352221402842565,0.372041991424535,0.07019710133561749,0.5787472569023573,0.5988339110894602
14,OnlineFPCA-sgd,0.1,3600,100,face,3,5,0.278549432754517,3,1,0.13144066887743788,0.35408193195617554,0.3874015919895434,0.06763012830893513,0.5692705764725511,0.589703487414168
14,OnlineFPCA-sgd,0.1,3700,100,face,3,5,0.283624649047852,3,1,0.22160258291746654,0.38425397251547766,0.3979233544300409,0.060583123686928315,0.5595840462631994,0.5795123341308474
14,OnlineFPCA-sgd,0.1,3800,100,face,3,5,0.294460535049438,3,1,0.1936834647130762,0.36889062994711397,0.4335863572314943,0.05377373180323544,0.5504022294657661,0.5701692546575508
14,OnlineFPCA-sgd,0.1,3900,100,face,3,5,0.287769079208374,3,1,0.3155767089534,0.3280549638574507,0.3662490488802469,0.04938252059344423,0.5404875234752796,0.5602440944126932
14,OnlineFPCA-sgd,0.1,4000,100,face,3,5,0.278417587280273,3,1,0.04834071750100737,0.5307031438053038,0.5511236235165132,0.04834071750100737,0.5307031438053038,0.5511236235165132
14,OnlineFPCA-sgd,0.1,4100,100,face,3,5,0.287325859069824,3,1,0.20560422566093892,0.5281859779984465,0.5490989934586769,0.1203831986622339,0.524607145388089,0.544603458719199
14,OnlineFPCA-sgd,0.1,4200,100,face,3,5,0.28211784362793,3,1,0.20670403152328667,0.5570524435088081,0.5292696448144769,0.08852329695449161,0.5235375768004086,0.5425748575495434
14,OnlineFPCA-sgd,0.1,4300,100,face,3,5,0.282525300979614,3,1,0.20740674698549796,0.5266725042448521,0.47675543703884427,0.08552622998187023,0.524475097663669,0.5225307130649991
14,OnlineFPCA-sgd,0.1,4400,100,face,3,5,0.283492565155029,3,1,0.09133499823909089,0.4630654829302307,0.46713302752194613,0.0745274369914463,0.5109437827223631,0.5055175326693808
14,OnlineFPCA-sgd,0.1,4500,100,face,3,5,0.281839609146118,3,1,0.21400092618501443,0.48958700465686233,0.47847975456500413,0.0626076334401402,0.5024453944381678,0.49474320679366657
14,OnlineFPCA-sgd,0.1,4600,100,face,3,5,0.276766777038574,3,1,0.11194877683151176,0.45093953443484336,0.4684413530324274,0.0464167977631082,0.4941780077009243,0.48902616950495764
14,OnlineFPCA-sgd,0.1,4700,100,face,3,5,0.27855396270752,3,1,0.18764673827344563,0.4422986307245121,0.4425212031311799,0.04089838790690522,0.4876711036600051,0.4833870990612492
14,OnlineFPCA-sgd,0.1,4800,100,face,3,5,0.284712314605713,3,1,0.05259668208056083,0.4452023852941974,0.43134330373225305,0.033861778539744446,0.48400196308946647,0.4773587519053458
14,OnlineFPCA-sgd,0.1,4900,100,face,3,5,0.285201072692871,3,1,0.15130590457670168,0.42863437569010954,0.4795753579095988,0.03031451849101657,0.47769883133447133,0.47126821405677627
14,OnlineFPCA-sgd,0.1,5000,100,face,3,5,0.282073736190796,3,1,0.28161132118028626,0.406032449436187,0.49471348618695704,0.03069800817803001,0.46952138991415215,0.46974534486216024
14,OnlineFPCA-sgd,0.1,5100,100,face,3,5,0.121119022369385,3,1,0.15390681677350904,0.3790560726214308,0.42462423111393205,0.032595988524871285,0.4601417051203336,0.46607383245315026
14,OnlineFPCA-sgd,0.1,5200,100,face,3,5,0.283041477203369,3,1,0.13276528275436247,0.3887864196889239,0.3913024496042175,0.029930027732167158,0.45112739544323627,0.45887447090968186
14,OnlineFPCA-sgd,0.1,5300,100,face,3,5,0.104778289794922,3,1,0.15845360258842953,0.367149721144765,0.3879614854865381,0.03596103110529718,0.4445401204298296,0.45218515939653436
14,OnlineFPCA-sgd,0.1,5400,100,face,3,5,0.108884572982788,3,1,0.258856205949564,0.3692892283302985,0.395528838688792,0.03563401768399538,0.4381185385411004,0.44642702745028506
14,OnlineFPCA-sgd,0.1,5500,100,face,3,5,0.109678268432617,3,1,0.1513412494431791,0.36361812867458787,0.38907977810614064,0.032470449764465316,0.43254583225491183,0.44098265580069984
14,OnlineFPCA-sgd,0.1,5600,100,face,3,5,0.107968091964722,3,1,0.1287205746691449,0.401225126171496,0.39638493129688346,0.029273890195969536,0.42791052627593335,0.43752772568011633
14,OnlineFPCA-sgd,0.1,5700,100,face,3,5,0.109534978866577,3,1,0.17157562734250392,0.3835734956624735,0.4069806241224912,0.033647495585981915,0.42414980623958026,0.4344229341877648
14,OnlineFPCA-sgd,0.1,5800,100,face,3,5,0.110103368759155,3,1,0.15380570861318008,0.3933853873977938,0.3900252410053063,0.0337035971365784,0.4215560176969557,0.4320709656924667
14,OnlineFPCA-sgd,0.1,5900,100,face,3,5,0.110718250274658,3,1,0.20819878864857452,0.38640248708008623,0.40195887640632977,0.03256756256739057,0.41836449524463126,0.4294483306408352
14,OnlineFPCA-sgd,0.1,6000,100,face,3,5,0.109848022460938,3,1,0.18829664856295197,0.3430644121198655,0.3714952971538907,0.03324438143977477,0.414636429954886,0.42691904870758035
14,OnlineFPCA-sgd,0.1,6100,100,face,3,5,0.111286640167236,3,1,0.17729238454840993,0.35384434029720024,0.3257241903665587,0.033966452471110783,0.4102664988721345,0.4224172839483275
14,OnlineFPCA-sgd,0.1,6200,100,face,3,5,0.10960578918457,3,1,0.14146104709415322,0.3583677439284957,0.32742505105004477,0.035319346088845655,0.4062896318720846,0.41769081554942417
14,OnlineFPCA-sgd,0.1,6300,100,face,3,5,0.10903525352478,3,1,0.1841626305390589,0.37251255433291236,0.3150176538992358,0.03598460869953724,0.4029402067345838,0.4127914250315629
14,OnlineFPCA-sgd,0.1,6400,100,face,3,5,0.110173940658569,3,1,0.12109948548882031,0.3448862443009221,0.29587230950509363,0.035699820334423094,0.3999028614438204,0.4076787102511692
14,OnlineFPCA-sgd,0.1,6500,100,face,3,5,0.108269691467285,3,1,0.17122886098726986,0.285235665100593,0.2787840843416593,0.03391837905970735,0.39491985435765053,0.40126811335189216
14,OnlineFPCA-sgd,0.1,6600,100,face,3,5,0.117457628250122,3,1,0.15006719214145664,0.29097436792880993,0.27191623290041483,0.03373661342497047,0.3896825682551056,0.3957247472026851
14,OnlineFPCA-sgd,0.1,6700,100,face,3,5,0.111865520477295,3,1,0.19618139049293046,0.2724207914336811,0.26144100413070603,0.03600546253295129,0.3842451045627261,0.3905160193651955
14,OnlineFPCA-sgd,0.1,6800,100,face,3,5,0.107300519943237,3,1,0.1660986096826309,0.28392380166112957,0.2517681849327614,0.03748774005003807,0.37839958296513604,0.3849453606376676
14,OnlineFPCA-sgd,0.1,6900,100,face,3,5,0.114988327026367,3,1,0.2537863644001202,0.22724094327763605,0.23030561643608727,0.040382096451455254,0.3726353957211312,0.37921091733269596
14,OnlineFPCA-sgd,0.1,7000,100,face,3,5,0.104850053787231,3,1,0.14108280777628768,0.25590681104920965,0.2882382121610408,0.042003674441456945,0.3669596266421147,0.3735010894989308
14,OnlineFPCA-sgd,0.1,7100,100,face,3,5,0.114286184310913,3,1,0.21653003641621954,0.22952427686545754,0.2622276931186742,0.042772231629999546,0.3609841980629094,0.3672285492540026
14,OnlineFPCA-sgd,0.1,7200,100,face,3,5,0.109375476837158,3,1,0.18260004946609915,0.23717956645592697,0.2374849464527136,0.04272421894418877,0.3554558302178044,0.3614796033139248
14,OnlineFPCA-sgd,0.1,7300,100,face,3,5,0.111444234848022,3,1,0.10198473513798266,0.17435914842388495,0.2351214789840583,0.04380523206292221,0.34963624691166356,0.35669892238518563
14,OnlineFPCA-sgd,0.1,7400,100,face,3,5,0.109833717346191,3,1,0.09455555370803856,0.17409242456607715,0.21061461162529385,0.04224382949302667,0.34405294402080977,0.3519298066002801
14,OnlineFPCA-sgd,0.1,7500,100,face,3,5,0.109735488891602,3,1,0.11618162177998485,0.2042921373675077,0.19153863460776113,0.041700894346580315,0.33878192644432936,0.34697037091092753
14,OnlineFPCA-sgd,0.1,7600,100,face,3,5,0.109318494796753,3,1,0.12286988538947696,0.20384151161520045,0.21691413360589595,0.039276610586890894,0.3335156071468078,0.34197894059740347
14,OnlineFPCA-sgd,0.1,7700,100,face,3,5,0.11181902885437,3,1,0.1334096447950153,0.18600968319513392,0.2409734107818024,0.0381210588386325,0.3289453299494933,0.3373579766449019
14,OnlineFPCA-sgd,0.1,7800,100,face,3,5,0.108343839645386,3,1,0.20378754141906127,0.20608599679134468,0.22339136463193685,0.03668079286448289,0.3242796064776779,0.3333973596186814
14,OnlineFPCA-sgd,0.1,7900,100,face,3,5,0.110227584838867,3,1,0.2369189812036253,0.20046407949883008,0.22097450394715792,0.03394787148407371,0.3197571791581737,0.32975839722733963
14,OnlineFPCA-sgd,0.1,8000,100,face,3,5,0.111684322357178,3,1,0.2438971998403351,0.17958544559649325,0.21705427439330438,0.032239499923308386,0.3150269740636173,0.32600581675937584
14,OnlineFPCA-sgd,0.1,8100,100,face,3,5,0.11748480796814,3,1,0.16502870813547893,0.1655007644103086,0.23945367271894152,0.031254051793439055,0.3107145877919689,0.3224995522416345
14,OnlineFPCA-sgd,0.1,8200,100,face,3,5,0.106905460357666,3,1,0.12289515749198368,0.22045696678358595,0.17219702386414584,0.032338837046282064,0.30665276315965406,0.318384278349269
14,OnlineFPCA-sgd,0.1,8300,100,face,3,5,0.113211870193481,3,1,0.195746659550116,0.18960016635644297,0.22072728592139015,0.034029957250710605,0.3031948077767282,0.31449689855192947
14,OnlineFPCA-sgd,0.1,8400,100,face,3,5,0.103761672973633,3,1,0.1340562530489889,0.2047636296211006,0.20987301842795866,0.03338502267566313,0.29972133266301293,0.31072914921301165
14,OnlineFPCA-sgd,0.1,8500,100,face,3,5,0.112172842025757,3,1,0.0646567375820557,0.16061773785628117,0.19225395853201815,0.03233088669028513,0.29607458868627,0.3070367947326169
14,OnlineFPCA-sgd,0.1,8600,100,face,3,5,0.108301639556885,3,1,0.10635739302730003,0.14327567041498104,0.24442925194340046,0.032275595981368,0.29199821401854587,0.30358995414664514
14,OnlineFPCA-sgd,0.1,8700,100,face,3,5,0.109261512756348,3,1,0.18412880181023003,0.19562704661439245,0.2563460438669832,0.02981971344148766,0.2875533991173184,0.3002201639614081
14,OnlineFPCA-sgd,0.1,8800,100,face,3,5,0.107608079910278,3,1,0.16031184811812443,0.21622698960004796,0.3143030772945233,0.028308714676259172,0.2831545138161744,0.29707603973390106
14,OnlineFPCA-sgd,0.1,8900,100,face,3,5,0.11017107963562,3,1,0.2810122087087481,0.18029086591736582,0.27052668791582113,0.026360556656301017,0.2788006876741078,0.2936076119317828
14,OnlineFPCA-sgd,0.1,9000,100,face,3,5,0.108169317245483,3,1,0.170264039583964,0.14673027870912284,0.28539497621698917,0.02639202610700471,0.2743062350221961,0.2906248547162271
14,OnlineFPCA-sgd,0.1,9100,100,face,3,5,0.110168218612671,3,1,0.1927307950496804,0.1269404519946641,0.2871016643474591,0.02668437552252863,0.26997123726243893,0.28759289161301577
14,OnlineFPCA-sgd,0.1,9200,100,face,3,5,0.108816146850586,3,1,0.1875012065256678,0.19080254591720683,0.27601499729222795,0.025615036581507374,0.26593766379670863,0.28469265399942995
14,OnlineFPCA-sgd,0.1,9300,100,face,3,5,0.111142873764038,3,1,0.18109494759830005,0.21509687337068065,0.24057582935873154,0.024123527943016802,0.2622829841359808,0.28150592387188716
14,OnlineFPCA-sgd,0.1,9400,100,face,3,5,0.106348037719727,3,1,0.0966535989711781,0.13662241445806447,0.21623016384378235,0.02306263364263968,0.25863039886822853,0.27855877819402447
14,OnlineFPCA-sgd,0.1,9500,100,face,3,5,0.109444141387939,3,1,0.17971219022871954,0.19292597953421525,0.23774001985142013,0.023776868496318982,0.2554294090049405,0.2758891761918062
14,OnlineFPCA-sgd,0.1,9600,100,face,3,5,0.105626583099365,3,1,0.1263723113553001,0.13351935319072158,0.21326927117052952,0.023420361525752977,0.2523247601777803,0.2735237627754089
14,OnlineFPCA-sgd,0.1,9700,100,face,3,5,0.111766338348389,3,1,0.16368073813460124,0.12255558026506427,0.17267811450252687,0.022983631774628557,0.24947548158411945,0.27125580529577337
14,OnlineFPCA-sgd,0.1,9800,100,face,3,5,0.106173992156982,3,1,0.055921575369295436,0.16638425730511086,0.18932028512851254,0.022922042872686614,0.24708506118863574,0.26889438219319395
14,OnlineFPCA-sgd,0.1,9900,100,face,3,5,0.112178325653076,3,1,0.1194928745165374,0.16962155365087378,0.22602830342072425,0.022327045848183368,0.24465565059872277,0.2665635266466291
14,OnlineFPCA-sgd,0.1,10000,100,face,3,5,0.104456901550293,3,1,0.21006399672571027,0.148413356240326,0.23838588107835923,0.022510368460363885,0.24208574932408594,0.26476895288208363
14,OnlineFPCA-sgd,0.1,10100,100,face,3,5,0.109739542007446,3,1,0.15142283170575802,0.08154200171105655,0.191672216069656,0.023242376419653675,0.2392771216889836,0.2629560081825993
14,OnlineFPCA-sgd,0.1,10200,100,face,3,5,0.110560178756714,3,1,0.13301164030655488,0.11809389312262679,0.16250088402071716,0.023056417487122012,0.23616835103917147,0.2605178410903262
14,OnlineFPCA-sgd,0.1,10300,100,face,3,5,0.10944652557373,3,1,0.1286888549579773,0.13550592753719382,0.1454615177910415,0.024266682829777852,0.2332979917937973,0.25811388330218976
14,OnlineFPCA-sgd,0.1,10400,100,face,3,5,0.110431671142578,3,1,0.23230714564676813,0.11197988833398693,0.1613307691085973,0.024642533182180702,0.23069709121855314,0.25584261294389016
14,OnlineFPCA-sgd,0.1,10500,100,face,3,5,0.110564231872559,3,1,0.13961859813151334,0.12999481761636061,0.1529977646487531,0.024855599438184973,0.22837983740842632,0.25353980282802846
14,OnlineFPCA-sgd,0.1,10600,100,face,3,5,0.108600616455078,3,1,0.12999832083112578,0.18273667427093537,0.17168131722955732,0.024199154792839357,0.22629275223734857,0.25167986159107253
14,OnlineFPCA-sgd,0.1,10700,100,face,3,5,0.111427783966064,3,1,0.15740434570361755,0.14090284336912878,0.1787932544064417,0.025047991298224836,0.2243051739590877,0.24988907786982567
14,OnlineFPCA-sgd,0.1,10800,100,face,3,5,0.109534978866577,3,1,0.1312883739118881,0.18001715146170513,0.15269183612762316,0.025160281011991498,0.22263867663479875,0.24827459714069636
14,OnlineFPCA-sgd,0.1,10900,100,face,3,5,0.111294984817505,3,1,0.17760839149212543,0.19559595765306106,0.18830255430663895,0.02479191245192666,0.22099950406758254,0.24670733016029373
14,OnlineFPCA-sgd,0.1,11000,100,face,3,5,0.109472036361694,3,1,0.16323282111530105,0.17819597854360586,0.18118786372599252,0.024733818427958888,0.21947357535840223,0.2453382048601495
14,OnlineFPCA-sgd,0.1,11100,100,face,3,5,0.113545656204224,3,1,0.14360798854004542,0.19866032378294673,0.14410006454312146,0.025196341771133043,0.21787181475501774,0.24353063817091514
14,OnlineFPCA-sgd,0.1,11200,100,face,3,5,0.107033491134644,3,1,0.12806223667817104,0.20513284557007522,0.1555873182696968,0.02603379531005256,0.21639948195592248,0.24179089586111255
14,OnlineFPCA-sgd,0.1,11300,100,face,3,5,0.11178183555603,3,1,0.16700686935009088,0.21543054129737607,0.1385000332487965,0.026462404731100172,0.21507344590334807,0.2399922423913903
14,OnlineFPCA-sgd,0.1,11400,100,face,3,5,0.10793662071228,3,1,0.09487488777054613,0.18353798688160067,0.12460744274527338,0.026529040479086802,0.21371195168251378,0.23805553840788482
14,OnlineFPCA-sgd,0.1,11500,100,face,3,5,0.110823392868042,3,1,0.16057072193834215,0.10490511319241119,0.11200622472887754,0.02618567921480859,0.21186853186911456,0.23575943562796275
14,OnlineFPCA-sgd,0.1,11600,100,face,3,5,0.109874248504639,3,1,0.12150127440590149,0.12284744536281464,0.10135193789949043,0.026147028087272508,0.2098354664477519,0.23356880035524286
14,OnlineFPCA-sgd,0.1,11700,100,face,3,5,0.111158847808838,3,1,0.16560163573762596,0.1246630525221697,0.09220638467858948,0.02696443077817823,0.207722607602328,0.2314265656165499
14,OnlineFPCA-sgd,0.1,11800,100,face,3,5,0.108774423599243,3,1,0.12912773290459384,0.15911991698852854,0.12165319381776382,0.027552167356004208,0.20547612879436988,0.22917056602778635
14,OnlineFPCA-sgd,0.1,11900,100,face,3,5,0.113003969192505,3,1,0.2232906889632618,0.09189116436132892,0.1159259050264145,0.028620530486114733,0.20315415140834284,0.2269526178820376
14,OnlineFPCA-sgd,0.1,12000,100,face,3,5,0.110816478729248,3,1,0.12869045956232553,0.16241780672124745,0.19674119360029405,0.02934149112091634,0.20095812575631597,0.22490569813349673
14,OnlineFPCA-sgd,0.1,12100,100,face,3,5,0.109459400177002,3,1,0.171842645519852,0.1232817954080396,0.15154206464895262,0.02966097520697594,0.1986085210167138,0.2227826619690214
14,OnlineFPCA-sgd,0.1,12200,100,face,3,5,0.107089281082153,3,1,0.15388838017543188,0.13783625460256724,0.14698216358346491,0.029762704107882024,0.19648952755123386,0.22078805957245215
14,OnlineFPCA-sgd,0.1,12300,100,face,3,5,0.110503196716309,3,1,0.07640536985902778,0.06003884379592317,0.14182473259270484,0.030030310850771784,0.1943199775321378,0.21911583475379934
14,OnlineFPCA-sgd,0.1,12400,100,face,3,5,0.104942083358765,3,1,0.08254865258455642,0.09035640198442063,0.13554469714447123,0.029518924408702255,0.19227732611214793,0.21741621655936544
14,OnlineFPCA-sgd,0.1,12500,100,face,3,5,0.112133264541626,3,1,0.10904361653527118,0.12648809377380119,0.10259567043295538,0.029765535090616583,0.19047056076712507,0.21556573041360041
14,OnlineFPCA-sgd,0.1,12600,100,face,3,5,0.103841781616211,3,1,0.10714903611843499,0.12128970609663971,0.10080036067717908,0.029330447509120186,0.18859255020025073,0.21350364419974513
14,OnlineFPCA-sgd,0.1,12700,100,face,3,5,0.113308668136597,3,1,0.12472807785058793,0.08724060639814506,0.14120805928786564,0.029041283494360928,0.18691947140948517,0.2117075435684609
14,OnlineFPCA-sgd,0.1,12800,100,face,3,5,0.108110189437866,3,1,0.16152274970893907,0.09070516807860525,0.12560732583015133,0.02858352485461897,0.1851060275225206,0.21026820958534242
14,OnlineFPCA-sgd,0.1,12900,100,face,3,5,0.113649606704712,3,1,0.20015425602163747,0.12962688306666312,0.13466033080311096,0.02757865456376317,0.18332752925484466,0.20886368172471412
14,OnlineFPCA-sgd,0.1,13000,100,face,3,5,0.106394290924072,3,1,0.21289005035848288,0.10331760883015051,0.1351905797660826,0.02676140395930742,0.1814615251707083,0.20739175497159065
14,OnlineFPCA-sgd,0.1,13100,100,face,3,5,0.114798784255981,3,1,0.14881650504090857,0.09477092840382371,0.15100220340788656,0.026190084718640375,0.17983961668850867,0.20594841816691006
14,OnlineFPCA-sgd,0.1,13200,100,face,3,5,0.105865240097046,3,1,0.10329618490220431,0.1528725572921558,0.08892155611006143,0.026593389353818497,0.17837108296448365,0.20426912796413493
14,OnlineFPCA-sgd,0.1,13300,100,face,3,5,0.113362789154053,3,1,0.1658638521077065,0.113696931434898,0.14776067827160938,0.02735120515072144,0.17714635071781215,0.2028306054378397
14,OnlineFPCA-sgd,0.1,13400,100,face,3,5,0.104183435440063,3,1,0.10357082607564498,0.13797073045164682,0.1473308847177383,0.027225667827714118,0.17593404097265408,0.20157087107575467
14,OnlineFPCA-sgd,0.1,13500,100,face,3,5,0.113792181015015,3,1,0.06100137373703082,0.09513114829695835,0.13239024555200474,0.02698020773375347,0.174557020221296,0.20025512759477956
14,OnlineFPCA-sgd,0.1,13600,100,face,3,5,0.105005741119385,3,1,0.09704758408332101,0.06835896335070639,0.20327146362264184,0.026970122521364343,0.17292064241852304,0.19916374482697868
14,OnlineFPCA-sgd,0.1,13700,100,face,3,5,0.114368915557861,3,1,0.16470066923693888,0.13607990680020235,0.21640812929093406,0.02620143898624497,0.17106711421270357,0.19830362528423293
14,OnlineFPCA-sgd,0.1,13800,100,face,3,5,0.1096510887146,3,1,0.14448192500328444,0.17449860140399784,0.27880003632728884,0.025764103725144052,0.16922769722185563,0.197615479645875
14,OnlineFPCA-sgd,0.1,13900,100,face,3,5,0.112329006195068,3,1,0.2597865618116035,0.1430590727917885,0.24634699296106902,0.025128834135693653,0.16756542585757545,0.19685434355809017
14,OnlineFPCA-sgd,0.1,14000,100,face,3,5,0.106666326522827,3,1,0.15076741485950815,0.11401565922217924,0.2557361699729932,0.025163922443201942,0.1657010582616104,0.19626301937250465
14,OnlineFPCA-sgd,0.1,14100,100,face,3,5,0.111706495285034,3,1,0.17062708375854763,0.11154300755565692,0.25956450139940934,0.025393573638502913,0.1640162705276159,0.19561066832049512
14,OnlineFPCA-sgd,0.1,14200,100,face,3,5,0.107882976531982,3,1,0.169467314164221,0.15288181500208392,0.25330686310201483,0.02487157296005553,0.16248106918418137,0.19493535124070926
14,OnlineFPCA-sgd,0.1,14300,100,face,3,5,0.113500595092773,3,1,0.16521509300220186,0.18523738235833886,0.2305094258654847,0.024031191530426054,0.16127836111720062,0.19417046407842165
14,OnlineFPCA-sgd,0.1,14400,100,face,3,5,0.109018325805664,3,1,0.09750603110606788,0.1221509918688636,0.19737102700895318,0.02338280742301756,0.15996889654802537,0.1934117463199806
14,OnlineFPCA-sgd,0.1,14500,100,face,3,5,0.111742973327637,3,1,0.15817529022321197,0.17090859755544785,0.21942406710254883,0.02361708042916242,0.1588693395850339,0.19273080121101802
14,OnlineFPCA-sgd,0.1,14600,100,face,3,5,0.10976767539978,3,1,0.12001962870066388,0.11928287349140612,0.20136264889448807,0.02354088691314274,0.1577472011533271,0.19216277668717466
14,OnlineFPCA-sgd,0.1,14700,100,face,3,5,0.116429090499878,3,1,0.14686358825496615,0.11284951659062732,0.1702020506240244,0.023267708055039447,0.1567587251108657,0.1916293221615818
14,OnlineFPCA-sgd,0.1,14800,100,face,3,5,0.110764026641846,3,1,0.05226621424207255,0.14583494326771823,0.18884116471484305,0.023250237385652288,0.15605263823186538,0.19105114155031347
14,OnlineFPCA-sgd,0.1,14900,100,face,3,5,0.115466833114624,3,1,0.10410258327695204,0.15425633129702962,0.20976392411318945,0.022970609740074373,0.15531126810570214,0.19044917716694376
14,OnlineFPCA-sgd,0.1,15000,100,face,3,5,0.10947322845459,3,1,0.17557428063794359,0.1375004389494778,0.21608234247952407,0.02304915902301733,0.15445668012034697,0.1900611538312569
14,OnlineFPCA-sgd,0.1,0,100,face,3,5,6.38382577896118,4,1,0.011488913551722588,1.4472298556119578,1.4344145744635683,0.011488913551722588,1.4472298556119578,1.4344145744635683
14,OnlineFPCA-sgd,0.1,100,100,face,3,5,0.262856483459473,4,1,0.6998071244526721,1.3329176694790223,1.275102486611992,NA,NA,NA
14,OnlineFPCA-sgd,0.1,200,100,face,3,5,0.279527187347412,4,1,0.5235370171063882,1.4631342771892693,1.6696427848164295,NA,NA,NA
14,OnlineFPCA-sgd,0.1,300,100,face,3,5,0.264086246490479,4,1,0.8643593597383747,1.5133448033468682,1.4726651868538345,NA,NA,NA
14,OnlineFPCA-sgd,0.1,400,100,face,3,5,0.260475635528564,4,1,0.4492922872157521,1.395461563209462,1.4078179318167139,NA,NA,NA
14,OnlineFPCA-sgd,0.1,500,100,face,3,5,0.263205528259277,4,1,0.9135615959794231,1.3372608734159186,1.3745417628751704,NA,NA,NA
14,OnlineFPCA-sgd,0.1,600,100,face,3,5,0.263118982315063,4,1,0.761006531917792,1.4256855831001383,1.3737933189602647,NA,NA,NA
14,OnlineFPCA-sgd,0.1,700,100,face,3,5,0.266179084777832,4,1,0.7213027250699775,1.4124616388047133,1.3737942021718959,NA,NA,NA
14,OnlineFPCA-sgd,0.1,800,100,face,3,5,0.268211603164673,4,1,0.6700730212532265,1.403645371138126,1.3741214615209707,NA,NA,NA
14,OnlineFPCA-sgd,0.1,900,100,face,3,5,0.269240856170654,4,1,0.5729738512773799,1.4063695163102738,1.3828840310498045,NA,NA,NA
14,OnlineFPCA-sgd,0.1,1000,100,face,3,5,0.263851642608643,4,1,0.4426322762302289,1.4040164455654707,1.396385530248611,NA,NA,NA
14,OnlineFPCA-sgd,0.1,1100,100,face,3,5,0.38309383392334,4,1,0.7050363865597741,0.36712093556437275,0.5769218603574244,0.5876599822929761,0.5648601875720801,0.7152561894214381
14,OnlineFPCA-sgd,0.1,1200,100,face,3,5,0.374760627746582,4,1,0.43480513806643256,0.2598640936585045,0.4325130532497618,0.5616617777119162,0.41184251468431565,0.5839558084666487
14,OnlineFPCA-sgd,0.1,1300,100,face,3,5,0.373712062835693,4,1,0.727108497750784,0.25232988029164133,0.35712931155249966,0.48037862323969455,0.3444702149717287,0.5014897942499472
14,OnlineFPCA-sgd,0.1,1400,100,face,3,5,0.381395101547241,4,1,0.23596787913931747,0.21637206546505552,0.2747770809900226,0.4095046926424181,0.3116532332691235,0.445294495525976
14,OnlineFPCA-sgd,0.1,1500,100,face,3,5,0.376496076583862,4,1,0.14450359460529277,0.21716519066815806,0.2775606527894847,0.35477793295104587,0.2917907958583933,0.40388470381272823
14,OnlineFPCA-sgd,0.1,1600,100,face,3,5,0.38426399230957,4,1,0.14335757603476126,0.21668635050734802,0.2790520965406503,0.3189545026685101,0.2782881391028878,0.3786564602820852
14,OnlineFPCA-sgd,0.1,1700,100,face,3,5,0.380273580551147,4,1,0.14194932083032125,0.2153783191552534,0.2788192803901442,0.29321378046611984,0.2686134326462476,0.36148322688449863
14,OnlineFPCA-sgd,0.1,1800,100,face,3,5,0.381312847137451,4,1,0.13989122717466726,0.21362219118932868,0.2775614822605309,0.2737980515223757,0.26127322958902305,0.3490259447235797
14,OnlineFPCA-sgd,0.1,1900,100,face,3,5,0.405962944030762,4,1,0.13918659610229187,0.21223486805064054,0.27785844678147453,0.2585840426408636,0.25545288395601395,0.33960491994540076
14,OnlineFPCA-sgd,0.1,2000,100,face,3,5,0.379336595535278,4,1,0.13806361382810803,0.21123315039134632,0.2780602370108789,0.2463157231318142,0.25073587040309914,0.33228938227624716
14,OnlineFPCA-sgd,0.1,2100,100,face,3,5,0.377289533615112,4,1,0.19871515864784972,0.24961558944457024,0.21971322719151348,0.23422370978167673,0.24396086383227883,0.31860299531298514
14,OnlineFPCA-sgd,0.1,2200,100,face,3,5,0.369259595870972,4,1,0.2650213438836874,0.2744083001853057,0.3209609236753302,0.21103828665515972,0.23903822444427347,0.3014821011852493
14,OnlineFPCA-sgd,0.1,2300,100,face,3,5,0.375551462173462,4,1,0.17675218269245632,0.25353687196778335,0.5288019658427435,0.18924216552672157,0.2316051699222072,0.305035174932501
14,OnlineFPCA-sgd,0.1,2400,100,face,3,5,0.362221479415894,4,1,0.12842285767517736,0.2604177775336439,0.4194596746064039,0.17305104254267875,0.22507313575718849,0.3093960422698574
14,OnlineFPCA-sgd,0.1,2500,100,face,3,5,0.374193906784058,4,1,0.159211274659919,0.2775489749293142,0.3422546252084406,0.16776328477264246,0.2222488136016439,0.309838276155222
14,OnlineFPCA-sgd,0.1,2600,100,face,3,5,0.540100336074829,4,1,0.17783943896209148,0.25594191091053997,0.34803633090565533,0.1627764736834457,0.21927680462600832,0.30464507299508065
14,OnlineFPCA-sgd,0.1,2700,100,face,3,5,0.369348526000977,4,1,0.14195555816559718,0.2850268988396543,0.40029526816742983,0.1552124989794206,0.21703345977752395,0.3020296766584686
14,OnlineFPCA-sgd,0.1,2800,100,face,3,5,0.370876312255859,4,1,0.2791867892691494,0.337119551195572,0.2920430752931776,0.14645400483806897,0.21577274115003425,0.30158809754680455
14,OnlineFPCA-sgd,0.1,2900,100,face,3,5,0.368967056274414,4,1,0.297381918501283,0.29807746379030897,0.29447017100770684,0.14245910240580337,0.21616954738742603,0.2987120779764056
14,OnlineFPCA-sgd,0.1,3000,100,face,3,5,0.358851194381714,4,1,0.3614856187407344,0.24708961190529954,0.29455272762786744,0.1381975602055717,0.21527461223092118,0.29568673087413627
14,OnlineFPCA-sgd,0.1,3100,100,face,3,5,0.368603706359863,4,1,0.1759010009841541,0.28150465070014463,0.30528460029440796,0.13121726901029374,0.21228121742859155,0.29354479037064357
14,OnlineFPCA-sgd,0.1,3200,100,face,3,5,0.370937347412109,4,1,0.20946520880334826,0.3210674109550817,0.21309631442867763,0.1225005793442276,0.20707493497698196,0.28740841312128296
14,OnlineFPCA-sgd,0.1,3300,100,face,3,5,0.367266654968262,4,1,0.26914460382228234,0.26478060932066944,0.30212706833247804,0.11141702978137705,0.20082400402732214,0.2804693035857529
14,OnlineFPCA-sgd,0.1,3400,100,face,3,5,0.368057250976562,4,1,0.2543193173474411,0.2538620895276991,0.33238936971501354,0.10374664957904803,0.19745750163371226,0.2748824352579956
14,OnlineFPCA-sgd,0.1,3500,100,face,3,5,0.366863250732422,4,1,0.11389751305533986,0.14844237198599425,0.2745031327719141,0.0984927196518466,0.1940526514313041,0.26790229425433176
14,OnlineFPCA-sgd,0.1,3600,100,face,3,5,0.362724781036377,4,1,0.2016940965769921,0.189824569839702,0.3276431106732919,0.09547129566705252,0.19061465882624515,0.26421462926662825
14,OnlineFPCA-sgd,0.1,3700,100,face,3,5,0.376652717590332,4,1,0.27319913382846656,0.2329882408297353,0.30766516581027875,0.09828604954112762,0.1883723404162149,0.26277834227245983
14,OnlineFPCA-sgd,0.1,3800,100,face,3,5,0.37139892578125,4,1,0.20011596093524855,0.29304534333042187,0.4145965429342225,0.09935189175226199,0.18702594063677738,0.2637434255727708
14,OnlineFPCA-sgd,0.1,3900,100,face,3,5,0.370113372802734,4,1,0.32207450431188644,0.25116368004389805,0.3483410565035102,0.097955091732965,0.1861026699545042,0.2639719362096577
14,OnlineFPCA-sgd,0.1,4000,100,face,3,5,0.374899864196777,4,1,0.0937435104176751,0.1831131238954307,0.2640232205835628,0.0937435104176751,0.1831131238954307,0.2640232205835628
14,OnlineFPCA-sgd,0.1,4100,100,face,3,5,0.368578195571899,4,1,0.23945025275746692,0.22820834041462132,0.2824181420879734,0.1326371728333443,0.21721328901781495,0.2487219578630781
14,OnlineFPCA-sgd,0.1,4200,100,face,3,5,0.368217706680298,4,1,0.21920997593274,0.29076989367977035,0.3356115770281111,0.07582724321577337,0.21299173164714044,0.25947547199984433
14,OnlineFPCA-sgd,0.1,4300,100,face,3,5,0.369906902313232,4,1,0.24149837145825473,0.3021225565772165,0.30353548212741405,0.07745352350428113,0.23121823348958379,0.27574857753019516
14,OnlineFPCA-sgd,0.1,4400,100,face,3,5,0.367658615112305,4,1,0.089055878486019,0.20638337501058,0.23776249312290687,0.07258278772929799,0.21798644269353146,0.26120694594931404
14,OnlineFPCA-sgd,0.1,4500,100,face,3,5,0.371426582336426,4,1,0.22432332336169994,0.2732791103201696,0.26835026713257587,0.05866652317630928,0.21401700120305622,0.2544344701121286
14,OnlineFPCA-sgd,0.1,4600,100,face,3,5,0.365357875823975,4,1,0.11115424442355756,0.18825402976785077,0.16593937551957075,0.041211943239234786,0.20578490550328146,0.23452228360163146
14,OnlineFPCA-sgd,0.1,4700,100,face,3,5,0.369653701782227,4,1,0.21208054185302472,0.10171059781644769,0.12494274017170381,0.03372357608638637,0.19487072079189227,0.21928922743711374
14,OnlineFPCA-sgd,0.1,4800,100,face,3,5,0.368420124053955,4,1,0.057360360207921825,0.1776547304969961,0.09681927620190454,0.029427726981001916,0.19374418147426356,0.20382986175872744
14,OnlineFPCA-sgd,0.1,4900,100,face,3,5,0.361403942108154,4,1,0.16876687648739838,0.2238030099574737,0.22512172709701395,0.0205428018169905,0.18951478002267283,0.18894756617668973
14,OnlineFPCA-sgd,0.1,5000,100,face,3,5,0.369769811630249,4,1,0.3408331211055875,0.17798932836883438,0.2404605358481007,0.02186296645097323,0.1815361667225781,0.18027959336488628
14,OnlineFPCA-sgd,0.1,5100,100,face,3,5,0.112459421157837,4,1,0.1875613318323136,0.13754578108863774,0.2015808295220108,0.02677334107667512,0.17099576189862278,0.17496402769920705
14,OnlineFPCA-sgd,0.1,5200,100,face,3,5,0.109829664230347,4,1,0.1361222027698813,0.1549998661138787,0.1852732266835019,0.024194944392336087,0.1581797466886944,0.16750681567825834
14,OnlineFPCA-sgd,0.1,5300,100,face,3,5,0.112344741821289,4,1,0.17313379631643358,0.1786171848474832,0.15058006004176944,0.032459742705784965,0.14783540297087575,0.16142045335932526
14,OnlineFPCA-sgd,0.1,5400,100,face,3,5,0.112102270126343,4,1,0.28731749917323135,0.15231049928897392,0.16686621963136514,0.03372123138845307,0.14679144465109092,0.15721454362181578
14,OnlineFPCA-sgd,0.1,5500,100,face,3,5,0.09954833984375,4,1,0.16577871565761604,0.1688069596149645,0.15214091589753145,0.0284586264079734,0.14623509870884135,0.15268250845289943
14,OnlineFPCA-sgd,0.1,5600,100,face,3,5,0.0994956493377686,4,1,0.13016498351426234,0.26153622777840596,0.20022410218832382,0.023824299414003516,0.1439719862064702,0.15143431081611541
14,OnlineFPCA-sgd,0.1,5700,100,face,3,5,0.0965778827667236,4,1,0.19511272020930065,0.14748267015067285,0.22988490683583862,0.027717807112790593,0.14116949967312237,0.15068152325142944
14,OnlineFPCA-sgd,0.1,5800,100,face,3,5,0.0999882221221924,4,1,0.1706312431337889,0.2082210641962873,0.1665432474083128,0.027489494413740455,0.14016017540571743,0.15088891529232418
14,OnlineFPCA-sgd,0.1,5900,100,face,3,5,0.0989172458648682,4,1,0.24291660758850592,0.21209427166888448,0.21327438620588313,0.026414317223825423,0.1368797892463423,0.14889047253090232
14,OnlineFPCA-sgd,0.1,6000,100,face,3,5,0.0988874435424805,4,1,0.21751659136421408,0.16977085957206478,0.21259317898635488,0.02870842849778642,0.13820486730613005,0.15103820862476844
14,OnlineFPCA-sgd,0.1,6100,100,face,3,5,0.0998177528381348,4,1,0.2125478783473532,0.25593745169093646,0.14885106269521275,0.03053631585317666,0.13936142230647128,0.15046354179361537
14,OnlineFPCA-sgd,0.1,6200,100,face,3,5,0.0971982479095459,4,1,0.15201134395466184,0.23588771833873468,0.16832865399991104,0.033209987883585694,0.1416642619934789,0.14931632716790613
14,OnlineFPCA-sgd,0.1,6300,100,face,3,5,0.0995450019836426,4,1,0.19954889915325713,0.2596548024139878,0.12214933774605034,0.03482933370545715,0.1431363103322946,0.14829383104638935
14,OnlineFPCA-sgd,0.1,6400,100,face,3,5,0.101834535598755,4,1,0.1304148969627961,0.2011198048584805,0.1328931113445569,0.035415033883701194,0.14114466514640095,0.14541715126390573
14,OnlineFPCA-sgd,0.1,6500,100,face,3,5,0.10112190246582,4,1,0.19197062567488712,0.1663345842544902,0.17052388774109833,0.034282617759107736,0.13919161448832734,0.14112173565696667
14,OnlineFPCA-sgd,0.1,6600,100,face,3,5,0.100345134735107,4,1,0.17516267121808465,0.20414021307434416,0.14435269680523596,0.03501213542159831,0.13492208531238245,0.13787027313618924
14,OnlineFPCA-sgd,0.1,6700,100,face,3,5,0.0996601581573486,4,1,0.22370732918177766,0.21663895359003035,0.11551567970556259,0.03736777802834404,0.13262353153469658,0.13625956293290817
14,OnlineFPCA-sgd,0.1,6800,100,face,3,5,0.0985348224639893,4,1,0.19154016232201843,0.2639049602063537,0.20647892792256653,0.037742643927270704,0.1314097546451567,0.13543532754569537
14,OnlineFPCA-sgd,0.1,6900,100,face,3,5,0.101553678512573,4,1,0.2653255281261368,0.12764617209299764,0.16267692544071105,0.04019274319088022,0.12829602379039998,0.13505334959867402
14,OnlineFPCA-sgd,0.1,7000,100,face,3,5,0.0992496013641357,4,1,0.16499108883232244,0.2515994950674083,0.3087549909420348,0.04106197260927566,0.12884955213316437,0.13620546463000063
14,OnlineFPCA-sgd,0.1,7100,100,face,3,5,0.0990719795227051,4,1,0.27027350987868326,0.20193554253648183,0.2546770703640592,0.0426975143028835,0.1261236013244269,0.1370442892781714
14,OnlineFPCA-sgd,0.1,7200,100,face,3,5,0.101647853851318,4,1,0.21425138793688694,0.1939440518179855,0.2225626597153202,0.04224008342550938,0.12484445042650892,0.13693995499555875
14,OnlineFPCA-sgd,0.1,7300,100,face,3,5,0.0962998867034912,4,1,0.12472864323868174,0.09498051161344286,0.17988585831604834,0.044572444211589846,0.12250203875086176,0.13810132603677383
14,OnlineFPCA-sgd,0.1,7400,100,face,3,5,0.0989439487457275,4,1,0.1295530246138464,0.12212332283239373,0.17574605565018067,0.0428403566136269,0.12081315274908891,0.1387721953963743
14,OnlineFPCA-sgd,0.1,7500,100,face,3,5,0.100266218185425,4,1,0.1293687223983963,0.18234917438589124,0.11600019320368578,0.042322081411742894,0.12180193296914055,0.13765935298993304
14,OnlineFPCA-sgd,0.1,7600,100,face,3,5,0.0995810031890869,4,1,0.1404805284348199,0.14284235787776053,0.13472098897799117,0.03980778470968594,0.12071391766452125,0.1347197034970128
14,OnlineFPCA-sgd,0.1,7700,100,face,3,5,0.102176427841187,4,1,0.14034893384001954,0.10319139449918129,0.21014610627182462,0.03913080462005795,0.11905194203060994,0.13227738490156693
14,OnlineFPCA-sgd,0.1,7800,100,face,3,5,0.0997922420501709,4,1,0.22802482777084168,0.17119323413259346,0.15721638921595968,0.03793138810507817,0.11535395738932493,0.1312619241290892
14,OnlineFPCA-sgd,0.1,7900,100,face,3,5,0.0963201522827148,4,1,0.26472038473551557,0.18690047944629676,0.17071247278728213,0.03526163032837543,0.11305409942883139,0.1313013732558443
14,OnlineFPCA-sgd,0.1,8000,100,face,3,5,0.100623369216919,4,1,0.2884488263068661,0.1338807488000877,0.16513608782547282,0.03435943445195828,0.1106158243227233,0.13104854676404434
14,OnlineFPCA-sgd,0.1,8100,100,face,3,5,0.099919319152832,4,1,0.1788857639500159,0.14152596337132287,0.18983352866632447,0.033838700927522204,0.10967732865615784,0.13062163649910347
14,OnlineFPCA-sgd,0.1,8200,100,face,3,5,0.0997402667999268,4,1,0.14800113824383818,0.21323487034596844,0.10258441061379002,0.03519722553710588,0.10925925880830624,0.12894743839569706
14,OnlineFPCA-sgd,0.1,8300,100,face,3,5,0.100729703903198,4,1,0.22462868251946594,0.16185939976150981,0.2036033460185553,0.03711652240276424,0.10830517943269445,0.12754145625940616
14,OnlineFPCA-sgd,0.1,8400,100,face,3,5,0.0971426963806152,4,1,0.18217846325754034,0.18364185509748673,0.20304653992142654,0.03632599728081833,0.10776598023867323,0.12705365838693525
14,OnlineFPCA-sgd,0.1,8500,100,face,3,5,0.100250244140625,4,1,0.07826954497290692,0.10910220725328261,0.17785244610347292,0.03486043559546804,0.10589892328042048,0.1266865684236327
14,OnlineFPCA-sgd,0.1,8600,100,face,3,5,0.100433588027954,4,1,0.13510200847361856,0.10413623270447488,0.2611020516629884,0.03473788578487674,0.10310147438576556,0.12730274850559659
14,OnlineFPCA-sgd,0.1,8700,100,face,3,5,0.100101470947266,4,1,0.2190454198819842,0.1796885829998896,0.2689902871377688,0.03164874404858401,0.09921309990497813,0.1290087131649027
14,OnlineFPCA-sgd,0.1,8800,100,face,3,5,0.100320100784302,4,1,0.17511374512737254,0.2300622493302671,0.3483826113954361,0.03003849715589581,0.09656409703592087,0.13176804987349197
14,OnlineFPCA-sgd,0.1,8900,100,face,3,5,0.0968432426452637,4,1,0.29416057488935543,0.18455932005727738,0.29754687287495224,0.02769615837883229,0.09583787450194309,0.13441380790282312
14,OnlineFPCA-sgd,0.1,9000,100,face,3,5,0.0998630523681641,4,1,0.2066924075375071,0.14632555521647558,0.3100683143893103,0.027841171448835175,0.09269538922104957,0.1368563923699605
14,OnlineFPCA-sgd,0.1,9100,100,face,3,5,0.101664543151855,4,1,0.2230161088276017,0.13429810625155142,0.31934860143470617,0.028311897221778043,0.09164843761746927,0.13907762138195462
14,OnlineFPCA-sgd,0.1,9200,100,face,3,5,0.101560592651367,4,1,0.20522688582646817,0.2096013371059151,0.30272534362902204,0.02711841540529293,0.09136231473933239,0.14128709085192998
14,OnlineFPCA-sgd,0.1,9300,100,face,3,5,0.0993313789367676,4,1,0.20536788760704155,0.2375589846333732,0.2646325215799906,0.02589532255692318,0.09239036632031787,0.14341827707510402
14,OnlineFPCA-sgd,0.1,9400,100,face,3,5,0.0966711044311523,4,1,0.10147049073824876,0.13403992434188808,0.24387443426416486,0.025161679841651033,0.09165718420714881,0.14454009100562143
14,OnlineFPCA-sgd,0.1,9500,100,face,3,5,0.0983619689941406,4,1,0.2024598492789304,0.20153831875025022,0.2569148529686482,0.026099614792888474,0.09134776833763376,0.14546846985349907
14,OnlineFPCA-sgd,0.1,9600,100,face,3,5,0.100180864334106,4,1,0.127228342971395,0.1271975634889598,0.21150411490821291,0.025441976041906837,0.09075201153545241,0.14574732336971924
14,OnlineFPCA-sgd,0.1,9700,100,face,3,5,0.101835489273071,4,1,0.18434085510297518,0.09703968416433098,0.151262403432879,0.025007297767262696,0.09053202296991156,0.14578129115168073
14,OnlineFPCA-sgd,0.1,9800,100,face,3,5,0.10010027885437,4,1,0.060389648501386665,0.16276431879138423,0.1604115739628303,0.02495672862331768,0.09127837999581895,0.14536503935618073
14,OnlineFPCA-sgd,0.1,9900,100,face,3,5,0.0972285270690918,4,1,0.14058793870354983,0.17564023940788964,0.2164253266175775,0.02417111862513712,0.09153240990470865,0.14461997578612926
14,OnlineFPCA-sgd,0.1,10000,100,face,3,5,0.0993504524230957,4,1,0.25941476186427703,0.14801724792023646,0.23252976037770198,0.024509848251552446,0.09110421584974457,0.14412574561214866
14,OnlineFPCA-sgd,0.1,10100,100,face,3,5,0.101387500762939,4,1,0.16766510303853172,0.07997960326739874,0.18292537075800597,0.025384983875570647,0.089893720970871685,0.1439744543789793
14,OnlineFPCA-sgd,0.1,10200,100,face,3,5,0.108766555786133,4,1,0.1382257216613141,0.12460874487731226,0.15395960749710474,0.025156026997873022,0.08774280486544765,0.142970235721695
14,OnlineFPCA-sgd,0.1,10300,100,face,3,5,0.0987954139709473,4,1,0.14582688002104952,0.13072378642986177,0.13297725342999744,0.026605806313319356,0.08566878450074429,0.1419432167525541
14,OnlineFPCA-sgd,0.1,10400,100,face,3,5,0.0965390205383301,4,1,0.25894436424776074,0.11311168558300587,0.15535368775824274,0.027025302518380045,0.08531130646341767,0.14129368694051603
14,OnlineFPCA-sgd,0.1,10500,100,face,3,5,0.0988278388977051,4,1,0.1501646866025379,0.1406933249239598,0.14752366312289109,0.026914863056247983,0.0854221166210569,0.14039630090177005
14,OnlineFPCA-sgd,0.1,10600,100,face,3,5,0.101551055908203,4,1,0.12871410123951585,0.2137570708253597,0.17396939569114644,0.025936394994356956,0.08539008408145814,0.14000871547775232
14,OnlineFPCA-sgd,0.1,10700,100,face,3,5,0.101282358169556,4,1,0.1778381879223465,0.1438451796272865,0.18807291925043448,0.026851962713998295,0.08529881977048032,0.13967711656532775
14,OnlineFPCA-sgd,0.1,10800,100,face,3,5,0.098884105682373,4,1,0.1468809558341484,0.1915810860519803,0.15041326145691977,0.026834354222792962,0.08553545654152592,0.13945462313846024
14,OnlineFPCA-sgd,0.1,10900,100,face,3,5,0.0984852313995361,4,1,0.2057395581255962,0.20314809407138398,0.18980671900957127,0.02635861003428614,0.08508063269021116,0.13874840855162474
14,OnlineFPCA-sgd,0.1,11000,100,face,3,5,0.0945901870727539,4,1,0.18026838555828048,0.17390610971531115,0.18653841240751878,0.026494979039768506,0.0858775207919551,0.138805667621061
14,OnlineFPCA-sgd,0.1,11100,100,face,3,5,0.100627899169922,4,1,0.1688962643272627,0.2179436466548518,0.13733153422923586,0.027033082807896708,0.08673915788448054,0.13841107082828322
14,OnlineFPCA-sgd,0.1,11200,100,face,3,5,0.0987303256988525,4,1,0.13954377531658754,0.21509099620979166,0.1518601174950067,0.02792129146813458,0.08780627820071632,0.13811778357821186
14,OnlineFPCA-sgd,0.1,11300,100,face,3,5,0.106425762176514,4,1,0.1842219284983417,0.22978937406573902,0.1280600711876203,0.028404245631534798,0.08867862287249069,0.13773175258039
14,OnlineFPCA-sgd,0.1,11400,100,face,3,5,0.0980534553527832,4,1,0.11166349706113977,0.1894505962276464,0.11924086421947414,0.02850476556424826,0.08857845817904259,0.13687657112224216
14,OnlineFPCA-sgd,0.1,11500,100,face,3,5,0.0974810123443604,4,1,0.17643705730758277,0.11696948876661079,0.12539011335009875,0.028150071841823936,0.08833639368255916,0.13574312517504894
14,OnlineFPCA-sgd,0.1,11600,100,face,3,5,0.0969319343566895,4,1,0.14443804150528863,0.14979648937553186,0.10248661808256357,0.028200837144981866,0.08751618818727136,0.13464002873592346
14,OnlineFPCA-sgd,0.1,11700,100,face,3,5,0.0987565517425537,4,1,0.1938428962967333,0.15572245945866212,0.08358571129250142,0.029154936299160057,0.08706114389618744,0.13383084984041052
14,OnlineFPCA-sgd,0.1,11800,100,face,3,5,0.0989079475402832,4,1,0.15684605120905284,0.19932251959736944,0.14252506783162341,0.02964005835206284,0.08689975130817684,0.13323610442065728
14,OnlineFPCA-sgd,0.1,11900,100,face,3,5,0.0985581874847412,4,1,0.2484880490184067,0.09596504214726242,0.12435713112392363,0.0307179707605473,0.08598671233011121,0.1327703418889854
14,OnlineFPCA-sgd,0.1,12000,100,face,3,5,0.0977408885955811,4,1,0.14635246632105012,0.1990831243423343,0.2354865563907161,0.0313479967035521,0.08607483135220317,0.13278269239841287
14,OnlineFPCA-sgd,0.1,12100,100,face,3,5,0.097508430480957,4,1,0.21676724623859459,0.15008993127733786,0.18788065192429448,0.031803749549752056,0.0851881513129886,0.13268100278721426
14,OnlineFPCA-sgd,0.1,12200,100,face,3,5,0.0983695983886719,4,1,0.18412008532406832,0.16033290777636924,0.1680744978389431,0.03173059964815912,0.08463426233538733,0.1322211146885328
14,OnlineFPCA-sgd,0.1,12300,100,face,3,5,0.0992636680603027,4,1,0.09906925239666146,0.05952364886527428,0.15042441528231743,0.03226742274700988,0.08385121048217388,0.1322215927800513
14,OnlineFPCA-sgd,0.1,12400,100,face,3,5,0.0994327068328857,4,1,0.10212256926274267,0.09769554553491111,0.14627377221662055,0.031679634374684976,0.08332510583605533,0.1321313310791524
14,OnlineFPCA-sgd,0.1,12500,100,face,3,5,0.098773717880249,4,1,0.11905436677805836,0.14679805564961587,0.09992908158569275,0.03190031247010879,0.08381356358953015,0.13159092673841888
14,OnlineFPCA-sgd,0.1,12600,100,face,3,5,0.0987784862518311,4,1,0.12204082283100405,0.12876509932144875,0.10781898403345724,0.031288738024233244,0.08360454473928573,0.13031784994937165
14,OnlineFPCA-sgd,0.1,12700,100,face,3,5,0.0995521545410156,4,1,0.1359033847785761,0.0859938722107026,0.1642903101955371,0.03101752772836016,0.08317093415360247,0.129397923061957
14,OnlineFPCA-sgd,0.1,12800,100,face,3,5,0.0995738506317139,4,1,0.19716598314796663,0.1220539157842375,0.1359737487240646,0.030521724454987784,0.08194509138463169,0.12906457168198415
14,OnlineFPCA-sgd,0.1,12900,100,face,3,5,0.099557638168335,4,1,0.23631364719324388,0.15424839128483966,0.14702664569539348,0.02942965486310413,0.08120052529083426,0.12893735601901768
14,OnlineFPCA-sgd,0.1,13000,100,face,3,5,0.0998210906982422,4,1,0.24697938807684114,0.11617820533106675,0.14476334732935095,0.028810267731444527,0.08038095579055989,0.1286676789367123
14,OnlineFPCA-sgd,0.1,13100,100,face,3,5,0.097092866897583,4,1,0.1664890354988548,0.10944881791531133,0.1678121702862948,0.028400494629466776,0.08007820225438403,0.12820917088649808
14,OnlineFPCA-sgd,0.1,13200,100,face,3,5,0.100169658660889,4,1,0.12297942496793068,0.1797893115752726,0.09241328401103235,0.028995405365522718,0.0800932797987657,0.1274171469174115
14,OnlineFPCA-sgd,0.1,13300,100,face,3,5,0.100515127182007,4,1,0.1950662647836998,0.13362628564237622,0.1724339249366441,0.029886109653436188,0.08002452389394095,0.12690595272061814
14,OnlineFPCA-sgd,0.1,13400,100,face,3,5,0.100924730300903,4,1,0.13922321343392804,0.15900717494331165,0.17051416256671237,0.029670512687596524,0.08005894062198908,0.12679393333066222
14,OnlineFPCA-sgd,0.1,13500,100,face,3,5,0.0996370315551758,4,1,0.06771619554775819,0.10322512188653224,0.15132730460216173,0.02927987975821468,0.07951040636392387,0.12658045456215372
14,OnlineFPCA-sgd,0.1,13600,100,face,3,5,0.0980832576751709,4,1,0.11313393507542306,0.08395278751393351,0.23300413104816475,0.029274420080886866,0.07839241569873469,0.12689526245642022
14,OnlineFPCA-sgd,0.1,13700,100,face,3,5,0.0985419750213623,4,1,0.19047445009823402,0.15888945120181952,0.24478444003514818,0.028269919411360395,0.07674303868582381,0.12778567817498912
14,OnlineFPCA-sgd,0.1,13800,100,face,3,5,0.098721981048584,4,1,0.1595826052839086,0.2019253242177229,0.31517808261347463,0.027713118684492718,0.07552185470419331,0.12914760653376997
14,OnlineFPCA-sgd,0.1,13900,100,face,3,5,0.101550102233887,4,1,0.2781201125224637,0.16298999615564838,0.2736606126694604,0.026850048690723292,0.07524804400012247,0.13049603947757432
14,OnlineFPCA-sgd,0.1,14000,100,face,3,5,0.101483821868896,4,1,0.17335866039173947,0.128013628549315,0.2848377927663531,0.026851283572672822,0.0738558323963967,0.1317994885304975
14,OnlineFPCA-sgd,0.1,14100,100,face,3,5,0.0961031913757324,4,1,0.1982836918315145,0.12119180309293627,0.29087618589989267,0.027077646765825886,0.07343647236696856,0.13300820455485882
14,OnlineFPCA-sgd,0.1,14200,100,face,3,5,0.098818302154541,4,1,0.19028860140063997,0.1814128497206657,0.28044410610901943,0.02645509946538096,0.07334324414194814,0.13411149855394977
14,OnlineFPCA-sgd,0.1,14300,100,face,3,5,0.0988588333129883,4,1,0.18590841421827062,0.21381782636597635,0.24888787626802483,0.025673045109343918,0.07402538922619721,0.13516635338221145
14,OnlineFPCA-sgd,0.1,14400,100,face,3,5,0.101241827011108,4,1,0.09934280104393209,0.12974250549355534,0.22195680087589761,0.02516187004275801,0.0738741125431193,0.13585179663819405
14,OnlineFPCA-sgd,0.1,14500,100,face,3,5,0.0988376140594482,4,1,0.1827126746870705,0.18675087782628177,0.24090712208358733,0.025548050835341996,0.07395510497678982,0.13645847037775902
14,OnlineFPCA-sgd,0.1,14600,100,face,3,5,0.0993025302886963,4,1,0.12844277088189524,0.12124965657932203,0.2112592049550721,0.025345482867419854,0.07385922552616157,0.1369017304332106
14,OnlineFPCA-sgd,0.1,14700,100,face,3,5,0.0959243774414062,4,1,0.16691076712748576,0.10553279134959861,0.165552623397282,0.025075312219092614,0.07400522513479019,0.13724945322659793
14,OnlineFPCA-sgd,0.1,14800,100,face,3,5,0.0984601974487305,4,1,0.057015500364238664,0.1540182382742766,0.18090642397322598,0.025053820603069807,0.0747024239858503,0.13743178845050644
14,OnlineFPCA-sgd,0.1,14900,100,face,3,5,0.0986001491546631,4,1,0.1226956230720046,0.1645999875121917,0.21581673575981933,0.024685981300617096,0.0751601238363636,0.1374539917746518
14,OnlineFPCA-sgd,0.1,15000,100,face,3,5,0.0985069274902344,4,1,0.2176002488588232,0.14312746789800468,0.22665146626421764,0.02481231063539516,0.07526204453635789,0.13758252123318468
14,OnlineFPCA-sgd,0.1,0,100,face,3,5,6.38382577896118,4,2,0.011488913551722588,0.12793891021275938,1.9212509636679738,0.011488913551722588,0.12793891021275938,1.9212509636679738
14,OnlineFPCA-sgd,0.1,100,100,face,3,5,0.237033843994141,4,2,1.2689192898139405,0.9935918243791987,1.9706054811175717,NA,NA,NA
14,OnlineFPCA-sgd,0.1,200,100,face,3,5,0.244661569595337,4,2,0.6715164445388128,0.7071931231104095,1.6061605954842628,NA,NA,NA
14,OnlineFPCA-sgd,0.1,300,100,face,3,5,0.243908405303955,4,2,0.5442671179043048,0.8718479165430741,1.9199601570582816,NA,NA,NA
14,OnlineFPCA-sgd,0.1,400,100,face,3,5,0.241554021835327,4,2,0.4376807397502962,0.5575328922998118,1.0151255151988337,NA,NA,NA
14,OnlineFPCA-sgd,0.1,500,100,face,3,5,0.244458436965942,4,2,0.6556371297381858,0.5731053823513395,0.37581392595465357,NA,NA,NA
14,OnlineFPCA-sgd,0.1,600,100,face,3,5,0.245430469512939,4,2,0.5251787710781349,0.5795167310219258,0.4947176810703696,NA,NA,NA
14,OnlineFPCA-sgd,0.1,700,100,face,3,5,0.243442058563232,4,2,0.5115562468147337,0.5781035323378275,0.4960109158294321,NA,NA,NA
14,OnlineFPCA-sgd,0.1,800,100,face,3,5,0.384969234466553,4,2,0.4968014363482904,0.5766556622109911,0.49644742597179436,NA,NA,NA
14,OnlineFPCA-sgd,0.1,900,100,face,3,5,0.243115425109863,4,2,0.4881493011499099,0.5734875201574159,0.4963147502244081,NA,NA,NA
14,OnlineFPCA-sgd,0.1,1000,100,face,3,5,0.239892721176147,4,2,0.47986094485315545,0.5693506843036208,0.4959088420740271,NA,NA,NA
14,OnlineFPCA-sgd,0.1,1100,100,face,3,5,0.331842660903931,4,2,0.36636923092252555,0.46460244699565195,0.43887555962603025,0.20953223491818404,0.4713250603931515,0.4464549476292596
14,OnlineFPCA-sgd,0.1,1200,100,face,3,5,0.326843976974487,4,2,0.22091202467192395,0.4263704168265352,0.47905495414076155,0.13858550847414364,0.42494681510264315,0.4498436608977798
14,OnlineFPCA-sgd,0.1,1300,100,face,3,5,0.331814289093018,4,2,0.20108060266279457,0.4799870650525253,0.4215880300769638,0.1179171444517347,0.42132217423642604,0.44857528302012223
14,OnlineFPCA-sgd,0.1,1400,100,face,3,5,0.33055591583252,4,2,0.14620821555160343,0.43810660787305633,0.4257168326192048,0.10077069673233215,0.4217113457408542,0.4434256697392344
14,OnlineFPCA-sgd,0.1,1500,100,face,3,5,0.335716009140015,4,2,0.2480756781205422,0.4137296596541618,0.4534946696415099,0.09475034360543114,0.41682212603130014,0.43990616442424246
14,OnlineFPCA-sgd,0.1,1600,100,face,3,5,0.333904266357422,4,2,0.17388733505304788,0.407309917917702,0.4237486783767295,0.07906441438247902,0.4059984890634593,0.4333835185839885
14,OnlineFPCA-sgd,0.1,1700,100,face,3,5,0.32926082611084,4,2,0.19620860016947478,0.4055917750867565,0.4055971271374909,0.057000851300346794,0.39834554464337724,0.4311065847174063
14,OnlineFPCA-sgd,0.1,1800,100,face,3,5,0.335326194763184,4,2,0.22215388301376468,0.41420340064352407,0.4001580350223478,0.0348002350906616,0.39114471097580805,0.42602333652636926
14,OnlineFPCA-sgd,0.1,1900,100,face,3,5,0.326396703720093,4,2,0.24522943092868804,0.33962374065464185,0.36515628720379856,0.0350263184650009,0.38294305606767753,0.4182900798850716
14,OnlineFPCA-sgd,0.1,2000,100,face,3,5,0.339443206787109,4,2,0.162909921300347,0.3827154724333707,0.4352646211349841,0.03898741888083341,0.3775792894675675,0.41211156750362327
14,OnlineFPCA-sgd,0.1,2100,100,face,3,5,0.324762344360352,4,2,0.24327823024238293,0.36326637324984923,0.3289365819673414,0.043179881103517614,0.3692044363848001,0.40491118308805485
14,OnlineFPCA-sgd,0.1,2200,100,face,3,5,0.325127124786377,4,2,0.23191725595062526,0.30774361892716057,0.3165836685501279,0.04181306543807605,0.3624523611384751,0.3954602577640714
14,OnlineFPCA-sgd,0.1,2300,100,face,3,5,0.327180624008179,4,2,0.13767057373556388,0.2672390385473018,0.3716355356721263,0.04621948048217596,0.35519856365422997,0.3911365528892401
14,OnlineFPCA-sgd,0.1,2400,100,face,3,5,0.329405784606934,4,2,0.11912999471013018,0.27006408101320123,0.3418646452505173,0.042699091372945155,0.3484308954634147,0.3856970934345173
14,OnlineFPCA-sgd,0.1,2500,100,face,3,5,0.323160648345947,4,2,0.14058695747933841,0.27720565791740215,0.2893736201846872,0.0424943956261515,0.341622262285716,0.37777840082116754
14,OnlineFPCA-sgd,0.1,2600,100,face,3,5,0.326598167419434,4,2,0.15075954544414294,0.23280771392163901,0.2649895991091479,0.0377011531667532,0.33437412657495874,0.3680691294037628
14,OnlineFPCA-sgd,0.1,2700,100,face,3,5,0.325241565704346,4,2,0.14019058174406795,0.22792648691183698,0.3285023228009852,0.03768502584338691,0.3260698293566016,0.3598577447777702
14,OnlineFPCA-sgd,0.1,2800,100,face,3,5,0.325217723846436,4,2,0.2387529433953752,0.26359908861282416,0.24495178597419462,0.0331060036174229,0.3179001373354392,0.35413112355857196
14,OnlineFPCA-sgd,0.1,2900,100,face,3,5,0.327368259429932,4,2,0.2805395619981997,0.26292909355191624,0.2548443420601727,0.02804717742947606,0.309553272291217,0.3476980653679632
14,OnlineFPCA-sgd,0.1,3000,100,face,3,5,0.335420608520508,4,2,0.31254688046959767,0.21182332973479523,0.2434925146938087,0.02704783978474934,0.3020780366866144,0.34127683221634547
14,OnlineFPCA-sgd,0.1,3100,100,face,3,5,0.322447538375854,4,2,0.1795501215893775,0.22166658949993917,0.2505881969625755,0.026819839141346405,0.2952155872296954,0.3345845638934033
14,OnlineFPCA-sgd,0.1,3200,100,face,3,5,0.323713541030884,4,2,0.1654873035242327,0.26478325841111894,0.17348631084595947,0.029454141617738877,0.28897695662311884,0.32726078660303576
14,OnlineFPCA-sgd,0.1,3300,100,face,3,5,0.324631214141846,4,2,0.23922411196638946,0.20098566745019705,0.2545422167291036,0.03277642123837588,0.28154109187934595,0.31969378846435287
14,OnlineFPCA-sgd,0.1,3400,100,face,3,5,0.326250314712524,4,2,0.20376708336601626,0.2136798304313365,0.26277215743311855,0.0316187903843387,0.27482419998031477,0.3137295947046721
14,OnlineFPCA-sgd,0.1,3500,100,face,3,5,0.327053308486938,4,2,0.08351811939782734,0.13574797033250088,0.22292247409153837,0.029937405625004913,0.26734917699722743,0.30714968531473374
14,OnlineFPCA-sgd,0.1,3600,100,face,3,5,0.324822425842285,4,2,0.15400957028090578,0.14615567781250272,0.30281928187891494,0.029472219076377017,0.2600849948860503,0.30261907554677964
14,OnlineFPCA-sgd,0.1,3700,100,face,3,5,0.321885347366333,4,2,0.235710840078946,0.20572331802524116,0.3028032522596483,0.02608262356029013,0.25313503043061786,0.2996898754056906
14,OnlineFPCA-sgd,0.1,3800,100,face,3,5,0.326136112213135,4,2,0.18230831377544326,0.26173163951293726,0.39312715447745195,0.025251528116002158,0.24764406972671882,0.29874961973102315
14,OnlineFPCA-sgd,0.1,3900,100,face,3,5,0.327511548995972,4,2,0.2998738537438979,0.21922219591542863,0.3371836180306117,0.0239971210495594,0.2436855112580214,0.2983517683758707
14,OnlineFPCA-sgd,0.1,4000,100,face,3,5,0.331249713897705,4,2,0.02567306296662735,0.23864668844782994,0.29740786257514135,0.02567306296662735,0.23864668844782994,0.29740786257514135
14,OnlineFPCA-sgd,0.1,4100,100,face,3,5,0.471909761428833,4,2,0.21269330928170121,0.27925407800923757,0.3216721234026576,0.126760447096204,0.2625552029755199,0.29672719983971313
14,OnlineFPCA-sgd,0.1,4200,100,face,3,5,0.327361106872559,4,2,0.21015339807556044,0.28876460268060405,0.3336943963062208,0.08343787814816792,0.25193971262635,0.2991001044160105
14,OnlineFPCA-sgd,0.1,4300,100,face,3,5,0.322820425033569,4,2,0.21548890493980147,0.30961662023403025,0.3012520800101465,0.07893483746235024,0.26092608786491656,0.3033870894177626
14,OnlineFPCA-sgd,0.1,4400,100,face,3,5,0.32548975944519,4,2,0.10156684355543445,0.21516637892876211,0.24082564056474828,0.0682181106942293,0.24860639895939193,0.2864286496312648
14,OnlineFPCA-sgd,0.1,4500,100,face,3,5,0.325870752334595,4,2,0.20356039426488878,0.2536450740214182,0.26448279886744874,0.057327417804287864,0.24034374399783076,0.27442040419496955
14,OnlineFPCA-sgd,0.1,4600,100,face,3,5,0.324949741363525,4,2,0.12113967682461012,0.1713777356302721,0.17908992357339892,0.03901947411190077,0.22976608682096739,0.257491850291786
14,OnlineFPCA-sgd,0.1,4700,100,face,3,5,0.325012922286987,4,2,0.1935058465875525,0.12172494588038013,0.135547089251032,0.032269686806636104,0.2172240295751212,0.24220777695949705
14,OnlineFPCA-sgd,0.1,4800,100,face,3,5,0.325069904327393,4,2,0.05806316538033966,0.16855059095218186,0.12652483061461595,0.02720772260871468,0.2105125617156794,0.22860543063787672
14,OnlineFPCA-sgd,0.1,4900,100,face,3,5,0.325828790664673,4,2,0.14760945962416036,0.20187212211341948,0.2052752493540379,0.022017326118488098,0.20276198971144616,0.2151766645775691
14,OnlineFPCA-sgd,0.1,5000,100,face,3,5,0.327940702438354,4,2,0.2845760316871372,0.1691857446249462,0.2169559239182187,0.024019033355349544,0.19161784875802076,0.20493375236368025
14,OnlineFPCA-sgd,0.1,5100,100,face,3,5,0.0989172458648682,4,2,0.16968431464610456,0.10876037564333516,0.17866091770407072,0.028553126988176487,0.18070239781925077,0.19848109144254658
14,OnlineFPCA-sgd,0.1,5200,100,face,3,5,0.0989670753479004,4,2,0.13792624862153735,0.13756442586615983,0.16272173904142284,0.02691658173762496,0.16713427803993186,0.18955526311230506
14,OnlineFPCA-sgd,0.1,5300,100,face,3,5,0.0991616249084473,4,2,0.1497131679011163,0.1502784648277059,0.1380964688101828,0.03418080819565625,0.1544469546317665,0.1816512738814965
14,OnlineFPCA-sgd,0.1,5400,100,face,3,5,0.0980119705200195,4,2,0.26786157209537603,0.12410232643623348,0.15371440905744505,0.035060518154314324,0.15006658571864598,0.17614336700054817
14,OnlineFPCA-sgd,0.1,5500,100,face,3,5,0.0984017848968506,4,2,0.15347515571043724,0.15264903779481404,0.14072030796217658,0.031796396386083,0.14744307241738522,0.1708263589683662
14,OnlineFPCA-sgd,0.1,5600,100,face,3,5,0.09861159324646,4,2,0.12793261205029652,0.22491546149821975,0.16801639641069593,0.02801457128119944,0.14446476933827807,0.16725160305720244
14,OnlineFPCA-sgd,0.1,5700,100,face,3,5,0.0979375839233398,4,2,0.18279000070282803,0.13853904387001229,0.18804419612560327,0.03157745951431157,0.14144989459180493,0.1638096264239602
14,OnlineFPCA-sgd,0.1,5800,100,face,3,5,0.098956823348999,4,2,0.15061722778377137,0.19074795663386845,0.13673783459086197,0.03132591490701575,0.13920861526574313,0.16120136999445156
14,OnlineFPCA-sgd,0.1,5900,100,face,3,5,0.0977029800415039,4,2,0.21304207296603925,0.20218224082498662,0.1832023438839966,0.030066065917914886,0.13557306508375014,0.15728119760733503
14,OnlineFPCA-sgd,0.1,6000,100,face,3,5,0.0980224609375,4,2,0.18795522186949276,0.17325466377915952,0.18508004382898927,0.03080845505551416,0.13607432282511278,0.1568140636670021
14,OnlineFPCA-sgd,0.1,6100,100,face,3,5,0.0977821350097656,4,2,0.17588335162561605,0.22266016408905215,0.1387842362778824,0.03210684419855086,0.13665181923868422,0.1549726656482607
14,OnlineFPCA-sgd,0.1,6200,100,face,3,5,0.0989038944244385,4,2,0.14245170799322515,0.2161837342180204,0.15452750722881128,0.03392236667611608,0.1380633035776767,0.15325277723300987
14,OnlineFPCA-sgd,0.1,6300,100,face,3,5,0.105123519897461,4,2,0.18743072361305843,0.23312508631555573,0.12331554567052967,0.03537764700549277,0.13893370590335236,0.15166892500523255
14,OnlineFPCA-sgd,0.1,6400,100,face,3,5,0.0965888500213623,4,2,0.11506248840680698,0.1891915328020433,0.12273320452833719,0.03546714199406364,0.13674532797022387,0.14875472459202782
14,OnlineFPCA-sgd,0.1,6500,100,face,3,5,0.0975425243377686,4,2,0.1784709864541137,0.12526457963234758,0.1383711582505076,0.03386129881631028,0.13434774176281566,0.14509830883778102
14,OnlineFPCA-sgd,0.1,6600,100,face,3,5,0.0981326103210449,4,2,0.14902309559729962,0.1589073359280978,0.11813816846855929,0.03411179149503286,0.13001171040664727,0.14146230734287088
14,OnlineFPCA-sgd,0.1,6700,100,face,3,5,0.0985450744628906,4,2,0.19664369251848635,0.1710537689682878,0.0966870215329237,0.03618373050614192,0.12743193536942352,0.13913390894538613
14,OnlineFPCA-sgd,0.1,6800,100,face,3,5,0.0982272624969482,4,2,0.16051543060367834,0.21552821013587406,0.16230012685424128,0.037311295348900216,0.1261946860628151,0.1376399997779845
14,OnlineFPCA-sgd,0.1,6900,100,face,3,5,0.0966708660125732,4,2,0.2499851932705569,0.10842430359997578,0.13733546420551468,0.039887482931386775,0.12317625639697906,0.1364594906683584
14,OnlineFPCA-sgd,0.1,7000,100,face,3,5,0.0981166362762451,4,2,0.14858881241201435,0.21402883030841105,0.25253681266802486,0.04127209870765536,0.12298662198608261,0.1365310817753575
14,OnlineFPCA-sgd,0.1,7100,100,face,3,5,0.0999729633331299,4,2,0.22201586634427642,0.15946188500321798,0.20209893646642313,0.042263401749342885,0.12043129592119008,0.1362599039483924
14,OnlineFPCA-sgd,0.1,7200,100,face,3,5,0.0980429649353027,4,2,0.186269267985346,0.16531644475601592,0.18160424157570976,0.042246021687449106,0.11871384086066612,0.1353518455265527
14,OnlineFPCA-sgd,0.1,7300,100,face,3,5,0.0996754169464111,4,2,0.10086351183050223,0.0725364781842469,0.15883066055131606,0.043485582647621306,0.11646189097591655,0.13560981448764958
14,OnlineFPCA-sgd,0.1,7400,100,face,3,5,0.0951812267303467,4,2,0.10307747809917786,0.10783882942296572,0.15420631792482323,0.04191345066027756,0.11482512821026318,0.13570210575825123
14,OnlineFPCA-sgd,0.1,7500,100,face,3,5,0.0957651138305664,4,2,0.12049880978947163,0.1547822060865137,0.10649875524474726,0.041599156636396156,0.11535424205673404,0.1345701838802952
14,OnlineFPCA-sgd,0.1,7600,100,face,3,5,0.0985977649688721,4,2,0.12269847526182784,0.13181213018236415,0.10818106399701205,0.03938366302333032,0.11450195402459723,0.1318180983039119
14,OnlineFPCA-sgd,0.1,7700,100,face,3,5,0.09761643409729,4,2,0.13557583971327813,0.087483152376063,0.16527669148670224,0.038467791516266926,0.11305243354016778,0.1296214068485976
14,OnlineFPCA-sgd,0.1,7800,100,face,3,5,0.0969603061676025,4,2,0.19738213637090585,0.12433994939235164,0.13614106449060046,0.03714336156706765,0.10985809636928445,0.12863523648750508
14,OnlineFPCA-sgd,0.1,7900,100,face,3,5,0.0975022315979004,4,2,0.23785531596563794,0.15829484932879317,0.14784593614359962,0.034420069847860356,0.10743717526423152,0.12829059982085883
14,OnlineFPCA-sgd,0.1,8000,100,face,3,5,0.0953009128570557,4,2,0.24724790314248038,0.11916351553801177,0.14671922861925585,0.03302035784329557,0.10487272709443525,0.12773311153056066
14,OnlineFPCA-sgd,0.1,8100,100,face,3,5,0.0993752479553223,4,2,0.16607997653036582,0.11238512691220252,0.16545935163199443,0.03235562945707685,0.103538970097641,0.12677530007476406
14,OnlineFPCA-sgd,0.1,8200,100,face,3,5,0.0990056991577148,4,2,0.12219397572118572,0.17864320433867262,0.09066672592772028,0.0336447185010537,0.10307475672558895,0.12515133061510697
14,OnlineFPCA-sgd,0.1,8300,100,face,3,5,0.0996768474578857,4,2,0.1943062838025012,0.12884756310056966,0.17124142053628177,0.035269899491128895,0.10218515490870136,0.12386297458066803
14,OnlineFPCA-sgd,0.1,8400,100,face,3,5,0.102235555648804,4,2,0.13796066912237154,0.1556112761542482,0.17311116303319388,0.0344927308385966,0.10148120408164163,0.12343236541894174
14,OnlineFPCA-sgd,0.1,8500,100,face,3,5,0.0994648933410645,4,2,0.06730457376369224,0.0994421083541841,0.15339479796158031,0.03344514791690328,0.09969593155014958,0.12288395911529501
14,OnlineFPCA-sgd,0.1,8600,100,face,3,5,0.0960941314697266,4,2,0.1130344047720546,0.07862842359150264,0.23401262754000424,0.03341901534851202,0.09710701028428392,0.12341677816767524
14,OnlineFPCA-sgd,0.1,8700,100,face,3,5,0.0986778736114502,4,2,0.1887185383467774,0.15470514152705267,0.24473948338269072,0.0309374525385449,0.09350580850104202,0.1251456976395158
14,OnlineFPCA-sgd,0.1,8800,100,face,3,5,0.0985136032104492,4,2,0.1582940283742313,0.1999861345660177,0.3176902629447849,0.029418269462321664,0.09085282181975105,0.12784888232166286
14,OnlineFPCA-sgd,0.1,8900,100,face,3,5,0.101820468902588,4,2,0.27575189783617404,0.1612930415359474,0.2771568922571161,0.027523729597439817,0.09010368662310449,0.13062082683206752
14,OnlineFPCA-sgd,0.1,9000,100,face,3,5,0.0978331565856934,4,2,0.17164692416229607,0.12699032902455898,0.2867859008244732,0.027429398186346335,0.08739855372047303,0.13314441522710113
14,OnlineFPCA-sgd,0.1,9100,100,face,3,5,0.0984194278717041,4,2,0.19543864664355423,0.12599280604238003,0.2929177129194984,0.02776396149992918,0.08649706991124644,0.13548912330857701
14,OnlineFPCA-sgd,0.1,9200,100,face,3,5,0.0977978706359863,4,2,0.18866978094135742,0.17776367453272837,0.282628223132284,0.02655007355345235,0.08614059947909444,0.13759553362760185
14,OnlineFPCA-sgd,0.1,9300,100,face,3,5,0.0979669094085693,4,2,0.18441305383481527,0.2131173895823943,0.25230164366681473,0.02505906457551812,0.08721224021665971,0.13968688896055947
14,OnlineFPCA-sgd,0.1,9400,100,face,3,5,0.100463151931763,4,2,0.09910315788528078,0.1319029353424025,0.22061312540991562,0.024071914274850663,0.08682607373900401,0.14086376691228386
14,OnlineFPCA-sgd,0.1,9500,100,face,3,5,0.0986630916595459,4,2,0.1789328897716353,0.1859314026301189,0.23958514665598135,0.02474564351113262,0.08677175518209317,0.1418241816233793
14,OnlineFPCA-sgd,0.1,9600,100,face,3,5,0.0958476066589355,4,2,0.12778686452247914,0.12016544286828933,0.20914403476356266,0.02431910434483681,0.08640837220944635,0.1424466829863002
14,OnlineFPCA-sgd,0.1,9700,100,face,3,5,0.0979382991790771,4,2,0.16377353645324516,0.105364528715226,0.16581264003372065,0.023781990337527894,0.08637959428798495,0.14290669780078508
14,OnlineFPCA-sgd,0.1,9800,100,face,3,5,0.098301887512207,4,2,0.05643396484631361,0.15067810901156298,0.18260431532829538,0.02371696483758312,0.08717033070815226,0.14312084021832316
14,OnlineFPCA-sgd,0.1,9900,100,face,3,5,0.0991466045379639,4,2,0.11935251197390737,0.16222381949297912,0.21432844722973246,0.023099723108622714,0.08755081546038582,0.14302384175277644
14,OnlineFPCA-sgd,0.1,10000,100,face,3,5,0.0980679988861084,4,2,0.2108565958913717,0.1418241715420958,0.22388187406878374,0.023362137852954025,0.08727407928467922,0.1430555477305503
14,OnlineFPCA-sgd,0.1,10100,100,face,3,5,0.0945086479187012,4,2,0.15340400362095505,0.06647308274973454,0.18095713362847554,0.024215974067081442,0.08644265847427093,0.14329388126501888
14,OnlineFPCA-sgd,0.1,10200,100,face,3,5,0.0979828834533691,4,2,0.13460793093283147,0.10252866201223385,0.15485208341777956,0.024092911399697062,0.08465647879936787,0.1427481196325035
14,OnlineFPCA-sgd,0.1,10300,100,face,3,5,0.0980174541473389,4,2,0.12812171824435273,0.12710140430862363,0.137665579537886,0.025394374832445336,0.0826822266869606,0.14213469342200696
14,OnlineFPCA-sgd,0.1,10400,100,face,3,5,0.0973982810974121,4,2,0.23423777017121397,0.09635475205249493,0.15151070507611433,0.025819430764172313,0.08202423018623126,0.14176724864309379
14,OnlineFPCA-sgd,0.1,10500,100,face,3,5,0.0978405475616455,4,2,0.1403742277673005,0.12202294888559469,0.1431987586461398,0.025952934683135902,0.08195064539799465,0.14113859522255096
14,OnlineFPCA-sgd,0.1,10600,100,face,3,5,0.095165491104126,4,2,0.13023581978243934,0.17575741821776325,0.1599789740876161,0.025181148552809902,0.08195587490073684,0.1407736791434629
14,OnlineFPCA-sgd,0.1,10700,100,face,3,5,0.0980699062347412,4,2,0.15921630901733624,0.12643368751319875,0.16786350466085936,0.025936833678195617,0.08194469818944727,0.14042598010781634
14,OnlineFPCA-sgd,0.1,10800,100,face,3,5,0.0969789028167725,4,2,0.1313520100892125,0.16913544113154044,0.13615691910282804,0.025966500884687882,0.08216744148169987,0.1401307481939407
14,OnlineFPCA-sgd,0.1,10900,100,face,3,5,0.0978934764862061,4,2,0.1786028067479138,0.1865124229016182,0.17558332358698003,0.025590582165906695,0.08189341151889198,0.13952839822328317
14,OnlineFPCA-sgd,0.1,11000,100,face,3,5,0.0977470874786377,4,2,0.16324684385031438,0.171897776622332,0.17202359143124663,0.025461320327600255,0.08267161214637238,0.13949197434044402
14,OnlineFPCA-sgd,0.1,11100,100,face,3,5,0.0948314666748047,4,2,0.14386734536927726,0.19434800812248806,0.13630874742382892,0.02590774149566224,0.08353807375577561,0.13909189130264854
14,OnlineFPCA-sgd,0.1,11200,100,face,3,5,0.0969860553741455,4,2,0.12825915471566873,0.19947697234525674,0.1489753623099199,0.026720477538645232,0.08453897553459043,0.138842974953619
14,OnlineFPCA-sgd,0.1,11300,100,face,3,5,0.0998814105987549,4,2,0.16802908236046246,0.20902059880055612,0.13039382440962635,0.02721791829311862,0.08544397621797298,0.13849618012317946
14,OnlineFPCA-sgd,0.1,11400,100,face,3,5,0.0977613925933838,4,2,0.09450647045059772,0.17661884886264578,0.11977646872310883,0.027315438311245364,0.08550798989299471,0.1377825730463331
14,OnlineFPCA-sgd,0.1,11500,100,face,3,5,0.0984854698181152,4,2,0.162243094130005,0.09649000492374006,0.10888449282688108,0.027001417988136964,0.08527845876695613,0.13687068824986695
14,OnlineFPCA-sgd,0.1,11600,100,face,3,5,0.0982515811920166,4,2,0.12199577735388988,0.11729653851309718,0.09617713404024454,0.02701438897654154,0.08455170562345671,0.1359299023141927
14,OnlineFPCA-sgd,0.1,11700,100,face,3,5,0.0958187580108643,4,2,0.16648099318481685,0.12369631756575993,0.08704145806144341,0.027783187377047953,0.08413517441086395,0.13520908507778054
14,OnlineFPCA-sgd,0.1,11800,100,face,3,5,0.102691411972046,4,2,0.1292239065748575,0.16131057974108817,0.12471972430213402,0.028327800096589386,0.08400133469373487,0.13465024723157887
14,OnlineFPCA-sgd,0.1,11900,100,face,3,5,0.0988526344299316,4,2,0.22335650988206746,0.0902507330109659,0.1188701081722571,0.02933437140582291,0.08321016496431845,0.13415073293220423
14,OnlineFPCA-sgd,0.1,12000,100,face,3,5,0.0993165969848633,4,2,0.12969543344720513,0.16648274226122048,0.20056198934957378,0.03006919532952803,0.08314563304100743,0.13404102014957409
14,OnlineFPCA-sgd,0.1,12100,100,face,3,5,0.0993537902832031,4,2,0.17318264350063342,0.12431872854462742,0.15336015239741826,0.030383781115053136,0.08239899182995652,0.13384686481876099
14,OnlineFPCA-sgd,0.1,12200,100,face,3,5,0.0993151664733887,4,2,0.1549701673436253,0.1374809235682877,0.14786722949069595,0.030459029690285293,0.08180725307213285,0.13340290053210477
14,OnlineFPCA-sgd,0.1,12300,100,face,3,5,0.0990469455718994,4,2,0.07668590690608255,0.05939525781550525,0.14048995334567155,0.03071936674850517,0.08112988049049319,0.13328849798615458
14,OnlineFPCA-sgd,0.1,12400,100,face,3,5,0.100526094436646,4,2,0.08365236851464623,0.09230962311871094,0.1369878606397502,0.030211694638746293,0.0806713820114735,0.1331062132149682
14,OnlineFPCA-sgd,0.1,12500,100,face,3,5,0.0989298820495605,4,2,0.1098901651613146,0.12827063991289472,0.10198021322463771,0.030500423608744883,0.08102246242896383,0.13261438725183522
14,OnlineFPCA-sgd,0.1,12600,100,face,3,5,0.100165843963623,4,2,0.1078332723295128,0.1198714685270641,0.09377996770188134,0.03006277865579392,0.0809268010617248,0.13151710646338644
14,OnlineFPCA-sgd,0.1,12700,100,face,3,5,0.0980703830718994,4,2,0.1250625907124596,0.08305682125260386,0.13748949506938102,0.02979618176344923,0.08064088339893663,0.1306701000454779
14,OnlineFPCA-sgd,0.1,12800,100,face,3,5,0.0971803665161133,4,2,0.1619003171613362,0.08691064237710365,0.12105176534804664,0.029335706989984712,0.07971560331388164,0.13027787554551978
14,OnlineFPCA-sgd,0.1,12900,100,face,3,5,0.0980508327484131,4,2,0.20115533175750872,0.1309088322453546,0.13157818891296727,0.028305330968566637,0.07900043744910965,0.12998356688889484
14,OnlineFPCA-sgd,0.1,13000,100,face,3,5,0.0966255664825439,4,2,0.21406381794239904,0.10288227683966072,0.13180200739736686,0.02754140066734853,0.07821407007319588,0.1295724128667086
14,OnlineFPCA-sgd,0.1,13100,100,face,3,5,0.0990149974822998,4,2,0.14939044016945854,0.09420635983995489,0.14611064627639053,0.027049698729733965,0.07783980612644889,0.1289614184944792
14,OnlineFPCA-sgd,0.1,13200,100,face,3,5,0.096818208694458,4,2,0.1036590440791626,0.15190649185938956,0.08363624767815203,0.027503870820079566,0.07780447143431041,0.1281195614154624
14,OnlineFPCA-sgd,0.1,13300,100,face,3,5,0.093968391418457,4,2,0.16623872852500116,0.11060134151946863,0.14518374547374088,0.02824452239611195,0.07770756415629966,0.12752506826899368
14,OnlineFPCA-sgd,0.1,13400,100,face,3,5,0.0964591503143311,4,2,0.10463949557236066,0.13593184844584538,0.14583265438436158,0.028070078502813022,0.07763802259152913,0.12729558072706787
14,OnlineFPCA-sgd,0.1,13500,100,face,3,5,0.0963218212127686,4,2,0.061400312817649426,0.09190080316693958,0.13081850106666656,0.027815352698261766,0.07711939919534051,0.12695058603852585
14,OnlineFPCA-sgd,0.1,13600,100,face,3,5,0.0988004207611084,4,2,0.09803797578641137,0.06464238935591114,0.2043471230116293,0.02780885910916102,0.0761567559284952,0.12709133345443743
14,OnlineFPCA-sgd,0.1,13700,100,face,3,5,0.0973553657531738,4,2,0.16575988552135087,0.13446129920541125,0.2173341673287178,0.027018886302225077,0.07464507667050307,0.12777606929104152
14,OnlineFPCA-sgd,0.1,13800,100,face,3,5,0.0941131114959717,4,2,0.14477124103395264,0.1750197816963058,0.2809427639677159,0.02654272508383694,0.07342574375314696,0.12888219126115086
14,OnlineFPCA-sgd,0.1,13900,100,face,3,5,0.0966367721557617,4,2,0.2597172201826727,0.14326998938771224,0.24865675341080243,0.02588791554099135,0.07303981680802771,0.13004228448915733
14,OnlineFPCA-sgd,0.1,14000,100,face,3,5,0.233290433883667,4,2,0.15124418397232975,0.11428159661684234,0.25735107585516703,0.02587521836709795,0.07181891223589183,0.13117306560770664
14,OnlineFPCA-sgd,0.1,14100,100,face,3,5,0.0953314304351807,4,2,0.1716253147184121,0.11376569094852444,0.2617379334310017,0.026103291641458398,0.0714056627043571,0.13223216963106138
14,OnlineFPCA-sgd,0.1,14200,100,face,3,5,0.0960648059844971,4,2,0.17010964302240555,0.15323624581059037,0.2553505539946713,0.025546180584172132,0.07123134661746332,0.13314034098512628
14,OnlineFPCA-sgd,0.1,14300,100,face,3,5,0.0941817760467529,4,2,0.1660401095578669,0.18635499863939464,0.23299597613422646,0.024701875132771067,0.07183241487456045,0.13402743580519313
14,OnlineFPCA-sgd,0.1,14400,100,face,3,5,0.0966169834136963,4,2,0.09784262206791584,0.12291803712374605,0.19943215226170374,0.024077208132829347,0.07179371838067224,0.1346074986835595
14,OnlineFPCA-sgd,0.1,14500,100,face,3,5,0.097726583480835,4,2,0.1587283836188426,0.17125714002826303,0.2209921117012711,0.024300364350155017,0.07193347392465409,0.13510769031138412
14,OnlineFPCA-sgd,0.1,14600,100,face,3,5,0.0985140800476074,4,2,0.12051935287294133,0.1190252688245392,0.20217826496593205,0.024195560772673617,0.07189497367654993,0.13556225579090678
14,OnlineFPCA-sgd,0.1,14700,100,face,3,5,0.098973274230957,4,2,0.147282234607201,0.1122512257530186,0.17054162047387667,0.023894511661603526,0.07203276470175757,0.13596473863319306
14,OnlineFPCA-sgd,0.1,14800,100,face,3,5,0.0965325832366943,4,2,0.052454336084901416,0.1451315350669959,0.1890768351869404,0.023865145182259764,0.07265420169215717,0.13628679874485827
14,OnlineFPCA-sgd,0.1,14900,100,face,3,5,0.0994696617126465,4,2,0.10453470491522228,0.15442585070226722,0.20940123704015853,0.023578139518032146,0.07310500926654555,0.13647882782251503
14,OnlineFPCA-sgd,0.1,15000,100,face,3,5,0.0999250411987305,4,2,0.17649735917157042,0.13773605489808574,0.21539152048587182,0.02367376166302936,0.07323608856072374,0.13674110268639486
14,OnlineFPCA-sgd,0.1,0,100,face,3,5,6.38382577896118,6,1,0.011488913551722588,0.12793891021275938,0.62316145541387,0.011488913551722588,0.12793891021275938,0.62316145541387
14,OnlineFPCA-sgd,0.1,100,100,face,3,5,0.35262131690979,6,1,0.3170354426032496,0.7117025548508684,0.23086996436269006,NA,NA,NA
14,OnlineFPCA-sgd,0.1,200,100,face,3,5,0.346703290939331,6,1,0.7149426309680299,0.32196708039958133,0.41524813854424536,NA,NA,NA
14,OnlineFPCA-sgd,0.1,300,100,face,3,5,0.346550703048706,6,1,0.8308409784129177,0.7939359244083838,0.543083747229188,NA,NA,NA
14,OnlineFPCA-sgd,0.1,400,100,face,3,5,0.347272872924805,6,1,0.370925193674637,0.6151144648938519,0.38974649815811946,NA,NA,NA
14,OnlineFPCA-sgd,0.1,500,100,face,3,5,0.351712226867676,6,1,0.7581932637848037,0.6532166767683534,0.46687413913234815,NA,NA,NA
14,OnlineFPCA-sgd,0.1,600,100,face,3,5,0.353684186935425,6,1,0.6899021077488662,0.6612138611577476,0.39958344519814953,NA,NA,NA
14,OnlineFPCA-sgd,0.1,700,100,face,3,5,0.351008415222168,6,1,0.6682109610963208,0.6572539152471091,0.39892808377888794,NA,NA,NA
14,OnlineFPCA-sgd,0.1,800,100,face,3,5,0.3514244556427,6,1,0.6420109699570511,0.6536940019444463,0.3969207945124215,NA,NA,NA
14,OnlineFPCA-sgd,0.1,900,100,face,3,5,0.350355625152588,6,1,0.6215250553045653,0.6481206434822422,0.39533513967221445,NA,NA,NA
14,OnlineFPCA-sgd,0.1,1000,100,face,3,5,0.361741304397583,6,1,0.6101555440472182,0.6455900493983125,0.39444692029628153,NA,NA,NA
14,OnlineFPCA-sgd,0.1,1100,100,face,3,5,0.489903926849365,6,1,0.24110481190028696,0.4150199821178072,0.3743966577989927,0.23659266474873744,0.5095298066887766,0.37079224712628456
14,OnlineFPCA-sgd,0.1,1200,100,face,3,5,0.491053104400635,6,1,0.8365738553962154,0.5936253849103366,0.36785293308385103,0.1393298126610963,0.4090811474608173,0.40326428797171193
14,OnlineFPCA-sgd,0.1,1300,100,face,3,5,0.487219095230103,6,1,0.2806890601634716,0.40044205291450136,0.34359150618955037,0.1884652528785021,0.3901128414775247,0.38484501790879244
14,OnlineFPCA-sgd,0.1,1400,100,face,3,5,0.492661476135254,6,1,0.7613506281277315,0.6789910254465369,0.5079183296696747,0.06792987596170952,0.40159459393983055,0.41182724118965197
14,OnlineFPCA-sgd,0.1,1500,100,face,3,5,0.492370843887329,6,1,0.30445342979464907,0.5378791751129811,0.5522300481943304,0.08531860406912754,0.4239839725581617,0.4320920652476599
14,OnlineFPCA-sgd,0.1,1600,100,face,3,5,0.488293886184692,6,1,0.28938778330809034,0.5294243338951109,0.5510909683670536,0.10850799948205285,0.4362708026942989,0.447972347738671
14,OnlineFPCA-sgd,0.1,1700,100,face,3,5,0.494337320327759,6,1,0.27364840651365646,0.5202404407541068,0.5462264437358858,0.12852728672810917,0.4459773595026194,0.46038258901815604
14,OnlineFPCA-sgd,0.1,1800,100,face,3,5,0.634394884109497,6,1,0.25100230898248,0.510991605560297,0.5350008546873807,0.14334809040007063,0.4530840989492239,0.469256551719524
14,OnlineFPCA-sgd,0.1,1900,100,face,3,5,0.489456653594971,6,1,0.23642700661484248,0.5070534779490029,0.5221458209338388,0.15401181204661699,0.4581355933828076,0.47529257014554294
14,OnlineFPCA-sgd,0.1,2000,100,face,3,5,0.485107660293579,6,1,0.22257754506836921,0.4982629877895652,0.52033347652456,0.16127074216187126,0.46183072011314075,0.47981599229553207
14,OnlineFPCA-sgd,0.1,2100,100,face,3,5,0.479792833328247,6,1,0.1324880962059335,0.46754888843676556,0.4502007156714561,0.1629195743217839,0.4630356575573837,0.47797408150479825
14,OnlineFPCA-sgd,0.1,2200,100,face,3,5,0.503530263900757,6,1,0.23140068257454804,0.4522392950120412,0.4619912429645201,0.15275826013889682,0.46113686911268853,0.4753425701437231
14,OnlineFPCA-sgd,0.1,2300,100,face,3,5,0.480717658996582,6,1,0.09768832091265225,0.3837878669645791,0.45045616730364935,0.14141957196336785,0.45453983211159954,0.47330464120880633
14,OnlineFPCA-sgd,0.1,2400,100,face,3,5,0.485838174819946,6,1,0.1094177475683225,0.35777559688334937,0.3889468281191633,0.13106071626154653,0.4472170986636385,0.4680420286585135
14,OnlineFPCA-sgd,0.1,2500,100,face,3,5,0.496459007263184,6,1,0.12201589990627631,0.3598196687616347,0.3871572945378004,0.1277356894937835,0.43909639601869344,0.46282880219821254
14,OnlineFPCA-sgd,0.1,2600,100,face,3,5,0.483975887298584,6,1,0.1612066807917152,0.36340311988363905,0.424938312831584,0.12521331279871184,0.43116620561843305,0.45776530541019794
14,OnlineFPCA-sgd,0.1,2700,100,face,3,5,0.482796669006348,6,1,0.09228186266800124,0.3516155848595687,0.39655420200242714,0.12090421212145061,0.42527659220556796,0.45271422073865847
14,OnlineFPCA-sgd,0.1,2800,100,face,3,5,0.480888843536377,6,1,0.20772931013283438,0.35481454900732873,0.3982086664328038,0.11478469204238952,0.41986657688566165,0.44848317036897406
14,OnlineFPCA-sgd,0.1,2900,100,face,3,5,0.482387781143188,6,1,0.2727195731992343,0.3361064269194759,0.3802175326942111,0.1115321058203919,0.41504201871767693,0.4437616314951956
14,OnlineFPCA-sgd,0.1,3000,100,face,3,5,0.486747741699219,6,1,0.27893683189553986,0.32244178311107846,0.3523829902262718,0.10884274863626635,0.40945881950891205,0.43877025652161383
14,OnlineFPCA-sgd,0.1,3100,100,face,3,5,0.476794958114624,6,1,0.13976616708500494,0.300703237132822,0.4187108537778983,0.10433345580873221,0.4028090154691204,0.4360834588069847
14,OnlineFPCA-sgd,0.1,3200,100,face,3,5,0.489559650421143,6,1,0.17022171010541026,0.32479742670331135,0.30895670341413206,0.09822131597736464,0.3951614081534489,0.4310665873518074
14,OnlineFPCA-sgd,0.1,3300,100,face,3,5,0.481683492660522,6,1,0.23585407615071377,0.3011041287452235,0.3497521267681697,0.09028399333203875,0.3884588890944432,0.4255968514239354
14,OnlineFPCA-sgd,0.1,3400,100,face,3,5,0.478132009506226,6,1,0.20008530729025922,0.29260534838469837,0.295193335157223,0.0841034444901402,0.3818946823917848,0.4197116164373593
14,OnlineFPCA-sgd,0.1,3500,100,face,3,5,0.47804594039917,6,1,0.08010010201829999,0.24676767825638532,0.2624035993512787,0.07944560138343318,0.37576111542473994,0.41358263174177146
14,OnlineFPCA-sgd,0.1,3600,100,face,3,5,0.482928991317749,6,1,0.11697517147057826,0.2520821617745981,0.3191805782818437,0.07632427315147763,0.36930922346964,0.4087735865672538
14,OnlineFPCA-sgd,0.1,3700,100,face,3,5,0.479087829589844,6,1,0.21734013231742272,0.26039775364514506,0.3458083041529746,0.0779046372275399,0.3635238795675007,0.40286031547678647
14,OnlineFPCA-sgd,0.1,3800,100,face,3,5,0.481673955917358,6,1,0.18849314897132954,0.2707436879674075,0.38980322107912974,0.07947719245344685,0.35757285549951956,0.3976244098943925
14,OnlineFPCA-sgd,0.1,3900,100,face,3,5,0.475301265716553,6,1,0.30172722826151155,0.22577937179552438,0.3104393914133362,0.07970884221907487,0.3503543420853069,0.39121568934050965
14,OnlineFPCA-sgd,0.1,4000,100,face,3,5,0.6175537109375,6,1,0.07748162836308918,0.34279647302077854,0.3854069173228021,0.07748162836308918,0.34279647302077854,0.3854069173228021
14,OnlineFPCA-sgd,0.1,4100,100,face,3,5,0.471062660217285,6,1,0.20742403352821462,0.3266668681190247,0.3633965657562348,0.13141458895527605,0.3315053627906646,0.3631465636046213
14,OnlineFPCA-sgd,0.1,4200,100,face,3,5,0.470549345016479,6,1,0.19540766737601967,0.3849377024870485,0.35382431013692345,0.07255689226452246,0.3262802195566765,0.35828252753384887
14,OnlineFPCA-sgd,0.1,4300,100,face,3,5,0.470261335372925,6,1,0.20202787517582918,0.3470145593120227,0.2921001089717902,0.07360768146662244,0.3284511749990558,0.33876134667824775
14,OnlineFPCA-sgd,0.1,4400,100,face,3,5,0.480976343154907,6,1,0.08638362525876273,0.26644323584090723,0.29683096208252474,0.06727777593038622,0.3117938472295118,0.32214215205065494
14,OnlineFPCA-sgd,0.1,4500,100,face,3,5,0.473232269287109,6,1,0.22287851323510494,0.3156656942943074,0.3145646936215023,0.052834498346823904,0.30435816609944083,0.31296957100519546
14,OnlineFPCA-sgd,0.1,4600,100,face,3,5,0.479164600372314,6,1,0.11633213256724291,0.26325033950956844,0.29837749790961265,0.037138645105108836,0.2966446562156152,0.30792982999441515
14,OnlineFPCA-sgd,0.1,4700,100,face,3,5,0.476795434951782,6,1,0.19420709173675788,0.24851025902061738,0.2564380069536987,0.03020608229092586,0.2909127466190077,0.30238309920359724
14,OnlineFPCA-sgd,0.1,4800,100,face,3,5,0.484928607940674,6,1,0.0587861170098582,0.27854666469812717,0.2558521611922467,0.026872187351018328,0.29032276944896535,0.29595979957011753
14,OnlineFPCA-sgd,0.1,4900,100,face,3,5,0.479753494262695,6,1,0.15412498567297164,0.2646254028604637,0.32093907863776167,0.017785710297606037,0.285531697941024,0.28984493790726185
14,OnlineFPCA-sgd,0.1,5000,100,face,3,5,0.487444162368774,6,1,0.29220406697186024,0.23626298725755446,0.33976592716919807,0.01629679777264917,0.2772789945868318,0.2902037451700016
14,OnlineFPCA-sgd,0.1,5100,100,face,3,5,0.0972721576690674,6,1,0.16382190046222836,0.20111164337900736,0.2669549284929994,0.020267394510225953,0.2681247097436879,0.28853922993108794
14,OnlineFPCA-sgd,0.1,5200,100,face,3,5,0.105933427810669,6,1,0.13339935996806207,0.22015265315833552,0.22637924717775787,0.01861626130790118,0.25880017185768217,0.28112574763588544
14,OnlineFPCA-sgd,0.1,5300,100,face,3,5,0.0998005867004395,6,1,0.1578193405537998,0.203942802196024,0.20819639001927548,0.027675298940146312,0.25244149858490444,0.2743450970638124
14,OnlineFPCA-sgd,0.1,5400,100,face,3,5,0.100691080093384,6,1,0.2621956838835138,0.2059900057471812,0.226986494486242,0.029423674933007907,0.24733659270333952,0.2686444312395623
14,OnlineFPCA-sgd,0.1,5500,100,face,3,5,0.103822946548462,6,1,0.15135841581154288,0.20891041983945505,0.21969380992230259,0.025837856921825383,0.24348655307863645,0.263487440834567
14,OnlineFPCA-sgd,0.1,5600,100,face,3,5,0.0971930027008057,6,1,0.1265312827232289,0.2731721079106859,0.2435064974503367,0.021485303426474745,0.24004306916926207,0.26117742810304745
14,OnlineFPCA-sgd,0.1,5700,100,face,3,5,0.102715015411377,6,1,0.1755151543149094,0.22499640731922596,0.2590484899438132,0.02436792816256498,0.23727353198543613,0.258748570678774
14,OnlineFPCA-sgd,0.1,5800,100,face,3,5,0.0962553024291992,6,1,0.15404385121083022,0.2541533564611087,0.2309461784751189,0.024117867638642314,0.23613669336137064,0.25717931352759893
14,OnlineFPCA-sgd,0.1,5900,100,face,3,5,0.103212594985962,6,1,0.2136220337147619,0.25926284436268116,0.25785561603698326,0.022889301766140915,0.23443014582281743,0.25572263187008343
14,OnlineFPCA-sgd,0.1,6000,100,face,3,5,0.0967576503753662,6,1,0.18704708447949975,0.21480610806037354,0.23668801244437093,0.024869620935987154,0.23304208830753947,0.2550282180233527
14,OnlineFPCA-sgd,0.1,6100,100,face,3,5,0.102677583694458,6,1,0.17897491439217483,0.24599666195522618,0.18163621303355085,0.027637999572579206,0.23090555078935238,0.2517669551265484
14,OnlineFPCA-sgd,0.1,6200,100,face,3,5,0.0974023342132568,6,1,0.14366779745416097,0.2442309544676905,0.19315364166298193,0.03036879633914608,0.22925421463522797,0.2482992674613744
14,OnlineFPCA-sgd,0.1,6300,100,face,3,5,0.10248064994812,6,1,0.18668810738341515,0.26669263696681994,0.1790259880904392,0.03179147769160299,0.22803392485982998,0.2447190505747334
14,OnlineFPCA-sgd,0.1,6400,100,face,3,5,0.0963418483734131,6,1,0.12004286743249738,0.22901142713114683,0.1703217143121157,0.03195097073146655,0.2264184558971319,0.2406865454746187
14,OnlineFPCA-sgd,0.1,6500,100,face,3,5,0.101550102233887,6,1,0.1761795113034398,0.1604868055689445,0.1648909484200255,0.030662980939094513,0.22263815918164354,0.23513111341960047
14,OnlineFPCA-sgd,0.1,6600,100,face,3,5,0.0950272083282471,6,1,0.14940282324887955,0.18410404394737948,0.14254766383185938,0.031255998741490695,0.21799593966824274,0.23020580358102113
14,OnlineFPCA-sgd,0.1,6700,100,face,3,5,0.101044178009033,6,1,0.19750806966459616,0.17322469657483194,0.12406138050047784,0.03354385118084435,0.21316163113825157,0.22577318996874898
14,OnlineFPCA-sgd,0.1,6800,100,face,3,5,0.0956277847290039,6,1,0.16573147213737452,0.20867574247732082,0.1452475526040035,0.0342666296450406,0.20801739266603003,0.22094900054440597
14,OnlineFPCA-sgd,0.1,6900,100,face,3,5,0.101089000701904,6,1,0.25282917902411034,0.11231262352041833,0.12937274090017312,0.036788437214485034,0.2027450853881178,0.2162574603067579
14,OnlineFPCA-sgd,0.1,7000,100,face,3,5,0.0959324836730957,6,1,0.14489444492128353,0.1952083258127515,0.2380634264070653,0.037914011910455916,0.19838805791513528,0.212127111089742
14,OnlineFPCA-sgd,0.1,7100,100,face,3,5,0.0991222858428955,6,1,0.21569243171782684,0.15771675618987846,0.18748254263518402,0.038886205928738246,0.19342208214245477,0.20756326820225124
14,OnlineFPCA-sgd,0.1,7200,100,face,3,5,0.0981502532958984,6,1,0.18730156132042808,0.1664190868068643,0.15984346381377515,0.03852452366211728,0.18936959669002704,0.20343742308317445
14,OnlineFPCA-sgd,0.1,7300,100,face,3,5,0.100842714309692,6,1,0.1037779263428564,0.06991316041107332,0.16615446328685077,0.03978286299942265,0.1848434200607556,0.2008388924918133
14,OnlineFPCA-sgd,0.1,7400,100,face,3,5,0.0965023040771484,6,1,0.09735535948184582,0.0914164769397939,0.15677565510109792,0.03814854509621189,0.18076369217232222,0.1982551743729511
14,OnlineFPCA-sgd,0.1,7500,100,face,3,5,0.0995819568634033,6,1,0.11796018788517357,0.13779614064808346,0.12118426960179617,0.03820443832175884,0.17755482486531382,0.19524021145325418
14,OnlineFPCA-sgd,0.1,7600,100,face,3,5,0.0998208522796631,6,1,0.12329070477500288,0.13611542701148724,0.14433913058064748,0.03622464700556286,0.17397058844394162,0.1915725495119154
14,OnlineFPCA-sgd,0.1,7700,100,face,3,5,0.10145115852356,6,1,0.13446072037646645,0.10558916689275827,0.19780278432749124,0.035450458699994976,0.17112687774570443,0.18871113723988872
14,OnlineFPCA-sgd,0.1,7800,100,face,3,5,0.097872257232666,6,1,0.20326805803191084,0.14348129102719995,0.15983473589529795,0.03425013783004984,0.16764759005230948,0.18691043017615364
14,OnlineFPCA-sgd,0.1,7900,100,face,3,5,0.0974915027618408,6,1,0.23828105178030068,0.15521408148368496,0.16796362622314173,0.03172194552816591,0.1645452134871153,0.1853344635331847
14,OnlineFPCA-sgd,0.1,8000,100,face,3,5,0.101324796676636,6,1,0.24940104869127677,0.12039858828419625,0.15738844005362296,0.030525029179322302,0.1611061685326734,0.18351383254653453
14,OnlineFPCA-sgd,0.1,8100,100,face,3,5,0.0983791351318359,6,1,0.16543627138700293,0.11210071399538435,0.19200067077320382,0.02980598475614167,0.15850366315906525,0.18184946579608094
14,OnlineFPCA-sgd,0.1,8200,100,face,3,5,0.102983713150024,6,1,0.12408389096942764,0.18252719895967426,0.11210708660437299,0.03110615590570457,0.1563536629852885,0.1794438857547498
14,OnlineFPCA-sgd,0.1,8300,100,face,3,5,0.0964057445526123,6,1,0.1980951560438138,0.13935026677038878,0.19197635068311764,0.03284701916629842,0.15481008376108374,0.1774962206287949
14,OnlineFPCA-sgd,0.1,8400,100,face,3,5,0.102596282958984,6,1,0.1395550043363496,0.16302118307903338,0.17978441635052517,0.03208358265876968,0.15330935911653146,0.17593281704358404
14,OnlineFPCA-sgd,0.1,8500,100,face,3,5,0.0963139533996582,6,1,0.06706768484510772,0.1122340519693288,0.1562096434346873,0.030896972212343683,0.1512848775922015,0.1742216555814982
14,OnlineFPCA-sgd,0.1,8600,100,face,3,5,0.100520372390747,6,1,0.10985288288927807,0.09402312406352473,0.23802135016792844,0.030885986462219732,0.14855592250104196,0.17325171880494444
14,OnlineFPCA-sgd,0.1,8700,100,face,3,5,0.0955443382263184,6,1,0.1860914113834872,0.16130354757031903,0.2511054538933191,0.02868237140065848,0.1452433905074459,0.1727494706571268
14,OnlineFPCA-sgd,0.1,8800,100,face,3,5,0.101252317428589,6,1,0.1595691792794047,0.19783063983540308,0.31852604566154463,0.027567935330330154,0.14214916125376267,0.17274054033819045
14,OnlineFPCA-sgd,0.1,8900,100,face,3,5,0.0959804058074951,6,1,0.2769926227560345,0.15821934859632514,0.27362117869441693,0.02585661406403473,0.13958937196911683,0.17249161479661984
14,OnlineFPCA-sgd,0.1,9000,100,face,3,5,0.0996909141540527,6,1,0.17295995285404034,0.1240621232424531,0.286006720985088,0.025877835039487602,0.13630810199765642,0.17262589567255435
14,OnlineFPCA-sgd,0.1,9100,100,face,3,5,0.0977141857147217,6,1,0.19550630237091435,0.11776310511862202,0.29024910476567145,0.026227513992922457,0.1336738762883774,0.17265422450852835
14,OnlineFPCA-sgd,0.1,9200,100,face,3,5,0.103170394897461,6,1,0.1894363249197352,0.18027394258014617,0.2795881982682884,0.024929708587700824,0.13148803196197795,0.1726058100053713
14,OnlineFPCA-sgd,0.1,9300,100,face,3,5,0.0990536212921143,6,1,0.18397288644052054,0.21166751334348738,0.24576974476319458,0.023360399018189263,0.13009676861666997,0.17234353126493912
14,OnlineFPCA-sgd,0.1,9400,100,face,3,5,0.0988941192626953,6,1,0.09749389705312227,0.12453330754162889,0.21842950202257677,0.022427548931427354,0.1282649005760326,0.17200891710995383
14,OnlineFPCA-sgd,0.1,9500,100,face,3,5,0.0968279838562012,6,1,0.18124893374507897,0.1809997168873306,0.23696632467270842,0.023269462648760248,0.12703085812565817,0.17182205685188143
14,OnlineFPCA-sgd,0.1,9600,100,face,3,5,0.102292776107788,6,1,0.12651768429277482,0.11405458872304147,0.20830216238566907,0.022958701431465414,0.1257460774062601,0.17177990673097163
14,OnlineFPCA-sgd,0.1,9700,100,face,3,5,0.0995774269104004,6,1,0.16555590634899842,0.10137329573669945,0.16509646016804477,0.02253911313884542,0.12482725002912119,0.17163933032101228
14,OnlineFPCA-sgd,0.1,9800,100,face,3,5,0.101012706756592,6,1,0.05679386384604151,0.150814095606592,0.18145042258996913,0.022603427989341583,0.1246417272680943,0.17133178330364401
14,OnlineFPCA-sgd,0.1,9900,100,face,3,5,0.0967066287994385,6,1,0.12079823170616986,0.15817298611211003,0.21731456519466283,0.021948542441826868,0.12422816046573983,0.1709002062204976
14,OnlineFPCA-sgd,0.1,10000,100,face,3,5,0.102948665618896,6,1,0.21565515375686453,0.1361266227489282,0.22861823505202,0.022184887269809033,0.12341248869359837,0.17101523259838472
14,OnlineFPCA-sgd,0.1,10100,100,face,3,5,0.0974075794219971,6,1,0.15274559228098586,0.06632454463612773,0.18348255183334877,0.022948976939993124,0.12216759254424012,0.17111693116236576
14,OnlineFPCA-sgd,0.1,10200,100,face,3,5,0.0992710590362549,6,1,0.133828564555595,0.10820065006290239,0.15633522104370856,0.022786381264815116,0.12037143922257197,0.1702643168115311
14,OnlineFPCA-sgd,0.1,10300,100,face,3,5,0.0968074798583984,6,1,0.12909774178771952,0.12674120989990528,0.13668921547287913,0.0240795390933281,0.11881431509014304,0.1693801200801088
14,OnlineFPCA-sgd,0.1,10400,100,face,3,5,0.101416349411011,6,1,0.23501154918029762,0.09917853902938618,0.15207902008502336,0.024556762646434402,0.11783215714020327,0.1686615026665813
14,OnlineFPCA-sgd,0.1,10500,100,face,3,5,0.10007119178772,6,1,0.14022619407966613,0.12342522296050229,0.14197785143408284,0.024715240081932755,0.11723672292934974,0.16781407753004984
14,OnlineFPCA-sgd,0.1,10600,100,face,3,5,0.0982668399810791,6,1,0.12960570258123003,0.17798703817852343,0.16182793958886443,0.02396415521295314,0.11677839718921577,0.16735835359908208
14,OnlineFPCA-sgd,0.1,10700,100,face,3,5,0.0987060070037842,6,1,0.15883686016358706,0.1270284239647451,0.1708478221332222,0.024672499750193578,0.11634167002615638,0.1668520908950488
14,OnlineFPCA-sgd,0.1,10800,100,face,3,5,0.0977537631988525,6,1,0.1320708165810151,0.168253785859733,0.13872285667656298,0.024673980443703235,0.11626447799038737,0.16647697364319594
14,OnlineFPCA-sgd,0.1,10900,100,face,3,5,0.0986790657043457,6,1,0.18031579150543275,0.18575627807202058,0.17692658553951773,0.024268520329819056,0.1160221952661026,0.1660439295815117
14,OnlineFPCA-sgd,0.1,11000,100,face,3,5,0.0990614891052246,6,1,0.1629775575227293,0.16841369256188637,0.1710340525683087,0.0241979011323771,0.11616735768831263,0.16596917941241565
14,OnlineFPCA-sgd,0.1,11100,100,face,3,5,0.0996556282043457,6,1,0.14597528600935916,0.18861402829660082,0.13402455435742555,0.024754634701412058,0.11623712611673537,0.1653678655972349
14,OnlineFPCA-sgd,0.1,11200,100,face,3,5,0.0967168807983398,6,1,0.12949991516925374,0.19172199533305814,0.14800035420817786,0.025657482536997036,0.11641106232839923,0.16485168677949003
14,OnlineFPCA-sgd,0.1,11300,100,face,3,5,0.102334499359131,6,1,0.16889040323038912,0.2047955613169232,0.13149494091629607,0.026123559129192616,0.11666042960996098,0.16423211873849086
14,OnlineFPCA-sgd,0.1,11400,100,face,3,5,0.0966217517852783,6,1,0.09699980387422975,0.1747856218948315,0.1261512251665217,0.02618464372659103,0.1166111145407701,0.1633645079570789
14,OnlineFPCA-sgd,0.1,11500,100,face,3,5,0.0992770195007324,6,1,0.16277522890987817,0.09660232458568703,0.1177157642257279,0.025868585452551864,0.1160093401597685,0.16215138577254953
14,OnlineFPCA-sgd,0.1,11600,100,face,3,5,0.0955111980438232,6,1,0.12249990951441232,0.11931924358575008,0.10058411955768064,0.02589956477225328,0.11504321418579763,0.1609385607457006
14,OnlineFPCA-sgd,0.1,11700,100,face,3,5,0.1009361743927,6,1,0.16756897283564529,0.12209730096911864,0.09012726635691319,0.02671786850737648,0.11404205040778725,0.1598307238008159
14,OnlineFPCA-sgd,0.1,11800,100,face,3,5,0.0961363315582275,6,1,0.13194716221197358,0.16102158515620116,0.1211963743501229,0.02721758664061138,0.11296158480497086,0.15865727283100112
14,OnlineFPCA-sgd,0.1,11900,100,face,3,5,0.101912021636963,6,1,0.22378684587492237,0.08946081180034664,0.11928267843139373,0.02822628122097123,0.11160827560588951,0.1575283911055321
14,OnlineFPCA-sgd,0.1,12000,100,face,3,5,0.0967583656311035,6,1,0.1293620740248411,0.16415392345743948,0.20118540336222593,0.028891926738255365,0.11058967352856819,0.15669188809046516
14,OnlineFPCA-sgd,0.1,12100,100,face,3,5,0.102562189102173,6,1,0.17097995941295524,0.1253803601258043,0.14891716325157833,0.029187069929466045,0.1091999955412502,0.15573588202452504
14,OnlineFPCA-sgd,0.1,12200,100,face,3,5,0.0972557067871094,6,1,0.15687579162295653,0.1358010895213809,0.1411687207955718,0.029184824008548275,0.10809146640265463,0.15475836683940178
14,OnlineFPCA-sgd,0.1,12300,100,face,3,5,0.101599931716919,6,1,0.07845823806288801,0.055859263540891546,0.1433098524203509,0.029434285719705945,0.10688697571300207,0.15422490254320442
14,OnlineFPCA-sgd,0.1,12400,100,face,3,5,0.0967926979064941,6,1,0.08139128391725489,0.08677710279129844,0.14173804285761646,0.02889310973914272,0.10585122507201275,0.1536432380918511
14,OnlineFPCA-sgd,0.1,12500,100,face,3,5,0.101948261260986,6,1,0.1096852396934125,0.12012846579945219,0.11044793535789611,0.02924829627963901,0.1052569500386749,0.15284719698332808
14,OnlineFPCA-sgd,0.1,12600,100,face,3,5,0.0967178344726562,6,1,0.1084948416849873,0.11729978619549804,0.10235754248416327,0.028869830288637422,0.10441398318463523,0.1515802291647092
14,OnlineFPCA-sgd,0.1,12700,100,face,3,5,0.0991523265838623,6,1,0.12451384832364557,0.08243661207288294,0.15381035846600266,0.028632628184963257,0.10370454906196787,0.15064115552519916
14,OnlineFPCA-sgd,0.1,12800,100,face,3,5,0.0995488166809082,6,1,0.16577442268991596,0.09392541689622437,0.12701183252429235,0.02819064425054489,0.10264436231384161,0.1501709729489951
14,OnlineFPCA-sgd,0.1,12900,100,face,3,5,0.100112915039062,6,1,0.2031025262499605,0.12977765308427,0.13980022305880258,0.027201029103965674,0.10169260954273253,0.1496959114799939
14,OnlineFPCA-sgd,0.1,13000,100,face,3,5,0.101713180541992,6,1,0.21628723305597103,0.101923392090393,0.1322272487995591,0.026484399571635238,0.10062042793724102,0.14910648961589112
14,OnlineFPCA-sgd,0.1,13100,100,face,3,5,0.0966341495513916,6,1,0.1495081031059577,0.09118393399451748,0.15405447269665992,0.025985803640448307,0.09989998647378824,0.14842823357682494
14,OnlineFPCA-sgd,0.1,13200,100,face,3,5,0.10174298286438,6,1,0.10478747368652198,0.15021859025344433,0.08770772943012864,0.026452276514130926,0.09939796757798984,0.14747893170912124
14,OnlineFPCA-sgd,0.1,13300,100,face,3,5,0.0994493961334229,6,1,0.16943708497693333,0.10765167597550372,0.15702917269247188,0.0272425495727916,0.09909327980715928,0.14681385691668875
14,OnlineFPCA-sgd,0.1,13400,100,face,3,5,0.102235078811646,6,1,0.106482442855373,0.13361191944376885,0.15161239473937047,0.02708680492833778,0.09879921024095294,0.1464312040681419
14,OnlineFPCA-sgd,0.1,13500,100,face,3,5,0.097151517868042,6,1,0.061240896616362096,0.0919855797005757,0.13293038440866212,0.02680376002443484,0.09818670585598191,0.14590739009886483
14,OnlineFPCA-sgd,0.1,13600,100,face,3,5,0.102757930755615,6,1,0.09760317892534916,0.06716076419625708,0.21183037761096188,0.02679089552028004,0.09717693817514844,0.14579539079883555
14,OnlineFPCA-sgd,0.1,13700,100,face,3,5,0.0981409549713135,6,1,0.16420741464884714,0.13417616692138057,0.2248811603960273,0.0260765148816964,0.09580652422446506,0.14607297882623904
14,OnlineFPCA-sgd,0.1,13800,100,face,3,5,0.103036403656006,6,1,0.14544255615784887,0.17324816976849483,0.2877848084996689,0.025708169767846966,0.09454116809777059,0.14664408955862815
14,OnlineFPCA-sgd,0.1,13900,100,face,3,5,0.0967364311218262,6,1,0.2594034087198585,0.13965240208278637,0.25323540407509443,0.025108384572925378,0.09369685204415487,0.1471777274757115
14,OnlineFPCA-sgd,0.1,14000,100,face,3,5,0.102922916412354,6,1,0.15221890048993308,0.11103864745298156,0.2621548833134699,0.02512458150239928,0.09236305336208706,0.14779996838952875
14,OnlineFPCA-sgd,0.1,14100,100,face,3,5,0.0969142913818359,6,1,0.17298872269146595,0.11195796259954523,0.26563214803650104,0.025350559168223957,0.09145111977562596,0.14834027160487134
14,OnlineFPCA-sgd,0.1,14200,100,face,3,5,0.101825475692749,6,1,0.17114759077129027,0.15421009620461323,0.25836493343988975,0.024764307596928884,0.09074758049842829,0.14875055280734886
14,OnlineFPCA-sgd,0.1,14300,100,face,3,5,0.0964703559875488,6,1,0.1669155021570722,0.18809504583417042,0.23419254273177953,0.02389825224671494,0.0905908883282281,0.14908174508178884
14,OnlineFPCA-sgd,0.1,14400,100,face,3,5,0.108267068862915,6,1,0.09696389657968467,0.12034533993514313,0.20231529437138682,0.023287689486494918,0.09008267490963522,0.14928305380382992
14,OnlineFPCA-sgd,0.1,14500,100,face,3,5,0.0954549312591553,6,1,0.16040578090413374,0.16793444405216426,0.22244086510073738,0.023558848088423668,0.08981975728270805,0.14948645043098266
14,OnlineFPCA-sgd,0.1,14600,100,face,3,5,0.099484920501709,6,1,0.12029350132895783,0.1120777030550345,0.2032202146774336,0.023487053438638567,0.08944322019438843,0.14975354175913674
14,OnlineFPCA-sgd,0.1,14700,100,face,3,5,0.094717264175415,6,1,0.14867795051608212,0.10546069378239639,0.17069594971643678,0.023219636166101842,0.08924307869424299,0.14997628645286853
14,OnlineFPCA-sgd,0.1,14800,100,face,3,5,0.0994019508361816,6,1,0.05278267981926205,0.14102744193641675,0.18852872555056996,0.023233525048623527,0.08947227393658362,0.1501406832739563
14,OnlineFPCA-sgd,0.1,14900,100,face,3,5,0.0975751876831055,6,1,0.10542488729065691,0.14872367349755386,0.2105264638857833,0.022939659573777804,0.08958478034761311,0.1502221573865614
14,OnlineFPCA-sgd,0.1,15000,100,face,3,5,0.0973415374755859,6,1,0.18039962515723906,0.1305487049394869,0.21718748370572205,0.023036249263661445,0.08945645744305468,0.15050411781277806
14,OnlineFPCA-sgd,0.1,0,100,face,3,5,6.38382577896118,6,2,0.011488913551722588,0.12793891021275938,0.62316145541387,0.011488913551722588,0.12793891021275938,0.62316145541387
14,OnlineFPCA-sgd,0.1,100,100,face,3,5,0.343449592590332,6,2,0.8311767790675815,0.8084781529180453,0.6622140036894317,NA,NA,NA
14,OnlineFPCA-sgd,0.1,200,100,face,3,5,0.481251239776611,6,2,0.7289186656936968,0.35647354652947233,0.7956749799924311,NA,NA,NA
14,OnlineFPCA-sgd,0.1,300,100,face,3,5,0.346155881881714,6,2,0.8459531755830003,0.7293955868371248,0.6203897805763645,NA,NA,NA
14,OnlineFPCA-sgd,0.1,400,100,face,3,5,0.342777729034424,6,2,0.5661302048672919,0.38968993065262914,0.25858625013254394,NA,NA,NA
14,OnlineFPCA-sgd,0.1,500,100,face,3,5,0.344550848007202,6,2,0.46105045180280185,0.425698508409474,0.6579178234144579,NA,NA,NA
14,OnlineFPCA-sgd,0.1,600,100,face,3,5,0.341902256011963,6,2,0.4477363219786608,0.44635874754297783,0.668090739053875,NA,NA,NA
14,OnlineFPCA-sgd,0.1,700,100,face,3,5,0.342749834060669,6,2,0.43110649999747763,0.4345799849665418,0.6593083780823012,NA,NA,NA
14,OnlineFPCA-sgd,0.1,800,100,face,3,5,0.340884685516357,6,2,0.41147954226707567,0.4186951132452138,0.6505946725558281,NA,NA,NA
14,OnlineFPCA-sgd,0.1,900,100,face,3,5,0.344639539718628,6,2,0.3936711112383548,0.40554795025665075,0.6444411118913898,NA,NA,NA
14,OnlineFPCA-sgd,0.1,1000,100,face,3,5,0.342021226882935,6,2,0.3841562102836443,0.3935412743721947,0.6356484269175111,NA,NA,NA
14,OnlineFPCA-sgd,0.1,1100,100,face,3,5,0.481157541275024,6,2,0.5907173918591767,0.5834047886106762,0.4471907960872321,0.5701529552790304,0.5278604554186832,0.4790006194526825
14,OnlineFPCA-sgd,0.1,1200,100,face,3,5,0.473367929458618,6,2,0.18297210864448618,0.2235655050145993,0.29147488720923537,0.25892075783047047,0.28418070548482177,0.43650572192234294
14,OnlineFPCA-sgd,0.1,1300,100,face,3,5,0.473594665527344,6,2,0.19130121369275144,0.2080384091626125,0.22057207954186775,0.21537360053719506,0.2500176955485881,0.35609364580765795
14,OnlineFPCA-sgd,0.1,1400,100,face,3,5,0.47146463394165,6,2,0.2608798662660297,0.1645222645482137,0.21576572375334918,0.1719426712621109,0.21942961566646313,0.3147612279785086
14,OnlineFPCA-sgd,0.1,1500,100,face,3,5,0.476738929748535,6,2,0.1972391399773938,0.2674870231751647,0.347537444261849,0.057977273246908725,0.17845287820551098,0.31124140268157896
14,OnlineFPCA-sgd,0.1,1600,100,face,3,5,0.476352214813232,6,2,0.18311648695032273,0.25904807763918736,0.34772588704873775,0.05993741904304411,0.18298704736279206,0.31411022377891273
14,OnlineFPCA-sgd,0.1,1700,100,face,3,5,0.478030204772949,6,2,0.17445230275371762,0.24673658251183625,0.3453017434090735,0.0697962724973916,0.18820151678319755,0.31721711515064227
14,OnlineFPCA-sgd,0.1,1800,100,face,3,5,0.48330283164978,6,2,0.1600467905392277,0.2360174614107751,0.33485339777703926,0.07918335957895031,0.1923399150590475,0.31885034717491845
14,OnlineFPCA-sgd,0.1,1900,100,face,3,5,0.478418588638306,6,2,0.15370807786294013,0.23175228061411443,0.32606000384341594,0.08674499397366199,0.19541318802106228,0.3194154347081748
14,OnlineFPCA-sgd,0.1,2000,100,face,3,5,0.480712175369263,6,2,0.14410687122684945,0.22417440361945262,0.32527980074950985,0.09271994172176354,0.19782787689327877,0.3194483855580612
14,OnlineFPCA-sgd,0.1,2100,100,face,3,5,0.475174188613892,6,2,0.13343665283201844,0.2579026509062802,0.2361369736441483,0.09417494180690003,0.1986142610767869,0.3127524967177793
14,OnlineFPCA-sgd,0.1,2200,100,face,3,5,0.481656074523926,6,2,0.2353050501033661,0.2612118643026331,0.30520210238496936,0.08446090389193446,0.19952886320777216,0.3070748246613272
14,OnlineFPCA-sgd,0.1,2300,100,face,3,5,0.477683067321777,6,2,0.13657958100190604,0.19963880604484097,0.3843786860061277,0.07686215114914878,0.19720746344781417,0.31167760801797706
14,OnlineFPCA-sgd,0.1,2400,100,face,3,5,0.475387096405029,6,2,0.1305250205982441,0.1666291835647853,0.2704260733093326,0.07107082749646125,0.19383987904090855,0.3089850022038526
14,OnlineFPCA-sgd,0.1,2500,100,face,3,5,0.471973180770874,6,2,0.12379839006327374,0.18414169369566766,0.2661120307524462,0.07396405567457176,0.1884189542462202,0.3059065412414852
14,OnlineFPCA-sgd,0.1,2600,100,face,3,5,0.615328550338745,6,2,0.14920806294824057,0.19783150907867217,0.3216901529020989,0.07405209011470815,0.18344252914589768,0.30261648768971894
14,OnlineFPCA-sgd,0.1,2700,100,face,3,5,0.466864347457886,6,2,0.12045662712758252,0.19264898928716112,0.30604598851907067,0.07217496695262121,0.18203577924674566,0.2997779083920487
14,OnlineFPCA-sgd,0.1,2800,100,face,3,5,0.469799995422363,6,2,0.22891866663506913,0.23231846528918274,0.2688093563935857,0.06696167565118144,0.18117656597538212,0.2974180799717342
14,OnlineFPCA-sgd,0.1,2900,100,face,3,5,0.46517539024353,6,2,0.2756363316933667,0.22346578058861735,0.2528521308101158,0.06464555512686174,0.1803552045247052,0.2928736110118085
14,OnlineFPCA-sgd,0.1,3000,100,face,3,5,0.469233989715576,6,2,0.3013003302507979,0.1807105786525452,0.23619064693932273,0.06367236964116128,0.17838345792393834,0.2887672993159757
14,OnlineFPCA-sgd,0.1,3100,100,face,3,5,0.470815420150757,6,2,0.16524771505105532,0.18150498927472944,0.3150279323613034,0.06113788020020334,0.17511383193849508,0.2880244518079323
14,OnlineFPCA-sgd,0.1,3200,100,face,3,5,0.466044425964355,6,2,0.16691247778289983,0.2523275090047263,0.19557709474465199,0.058139421003864315,0.17117667282775453,0.28411041471874865
14,OnlineFPCA-sgd,0.1,3300,100,face,3,5,0.476679086685181,6,2,0.2449115264927974,0.21550306874147634,0.2760202081954839,0.05450439415755852,0.16857649674050532,0.2790662931424443
14,OnlineFPCA-sgd,0.1,3400,100,face,3,5,0.467533588409424,6,2,0.2051159789683849,0.22649372266195297,0.23454116744051476,0.05068882299851296,0.16632978630154285,0.27425843388254134
14,OnlineFPCA-sgd,0.1,3500,100,face,3,5,0.469285011291504,6,2,0.08509337545063306,0.15824805130531966,0.1955775982257128,0.04811461018496797,0.16447479892621658,0.2691192939622424
14,OnlineFPCA-sgd,0.1,3600,100,face,3,5,0.471209764480591,6,2,0.13373812566121815,0.16457903353359588,0.2831779607446484,0.046342457403750925,0.16201241094496963,0.266877464618867
14,OnlineFPCA-sgd,0.1,3700,100,face,3,5,0.472657680511475,6,2,0.22827118445633088,0.21422653516840312,0.30220577005576893,0.04870921039510593,0.16001146063858812,0.263457802977956
14,OnlineFPCA-sgd,0.1,3800,100,face,3,5,0.469761371612549,6,2,0.18460340723766916,0.24062211019750174,0.36821892815828067,0.05117946203744536,0.157829325873282,0.26106168374962435
14,OnlineFPCA-sgd,0.1,3900,100,face,3,5,0.47671103477478,6,2,0.3055516676336549,0.20069401197326514,0.29935054802373146,0.05176480304197411,0.1546216583165356,0.25781294416574857
14,OnlineFPCA-sgd,0.1,4000,100,face,3,5,0.475181102752686,6,2,0.05132023476842559,0.1506647360241229,0.25561562869924215,0.05132023476842559,0.1506647360241229,0.25561562869924215
14,OnlineFPCA-sgd,0.1,4100,100,face,3,5,0.491211175918579,6,2,0.20983507942825122,0.17117184293911367,0.236923073970368,0.12704115230360766,0.16072864908028872,0.22904572865673056
14,OnlineFPCA-sgd,0.1,4200,100,face,3,5,0.476872682571411,6,2,0.20173552899125274,0.27453935463507867,0.2626134125321804,0.07266107849954254,0.16375257757323253,0.23329979512852644
14,OnlineFPCA-sgd,0.1,4300,100,face,3,5,0.478913545608521,6,2,0.20385768322261583,0.2679880748330204,0.2010502001110344,0.07010512949682662,0.1884117219909085,0.22240381269715026
14,OnlineFPCA-sgd,0.1,4400,100,face,3,5,0.476072311401367,6,2,0.0963362356736144,0.16267081164741534,0.1965664894257607,0.061511339022773184,0.17716096788716398,0.20654505468662507
14,OnlineFPCA-sgd,0.1,4500,100,face,3,5,0.484604835510254,6,2,0.2215438215353213,0.2346675687213735,0.2399517794627922,0.049412029309933346,0.17836731035466974,0.20149285156082164
14,OnlineFPCA-sgd,0.1,4600,100,face,3,5,0.474438905715942,6,2,0.12188138684946173,0.17672143069164387,0.2182143135597099,0.03175002550723754,0.17549846526138688,0.20041947877049401
14,OnlineFPCA-sgd,0.1,4700,100,face,3,5,0.482647657394409,6,2,0.19501675061889662,0.1501824802666699,0.1673349669714396,0.025992780530584625,0.1739140799036628,0.19781620412150255
14,OnlineFPCA-sgd,0.1,4800,100,face,3,5,0.619719505310059,6,2,0.05951821733766089,0.21019573392566746,0.1722438171632309,0.02288553046285203,0.1794822013110634,0.19378557249190448
14,OnlineFPCA-sgd,0.1,4900,100,face,3,5,0.472020864486694,6,2,0.15516458628353832,0.2089105343653386,0.25426859828919024,0.016303977052474935,0.17917453630478059,0.1893610898223401
14,OnlineFPCA-sgd,0.1,5000,100,face,3,5,0.470859527587891,6,2,0.2920150581039701,0.17588135942323402,0.2750681946803136,0.01810189556807794,0.17250260326918415,0.19317540321028484
14,OnlineFPCA-sgd,0.1,5100,100,face,3,5,0.100218296051025,6,2,0.168894419138098,0.12728462530046966,0.20963722708631702,0.02274758342124509,0.16444127724583626,0.19442971573257856
14,OnlineFPCA-sgd,0.1,5200,100,face,3,5,0.0956010818481445,6,2,0.13515456061754832,0.16149931749208843,0.17196411500345485,0.021482877214824895,0.1545240376590954,0.18827585125205196
14,OnlineFPCA-sgd,0.1,5300,100,face,3,5,0.100724220275879,6,2,0.15720968245188055,0.15356694665775986,0.15070677327025583,0.03005310317098149,0.1479786020183599,0.18246595387937634
14,OnlineFPCA-sgd,0.1,5400,100,face,3,5,0.0948808193206787,6,2,0.26503730836101,0.15103137947381648,0.1738875069659781,0.03170491473571852,0.14597910138790773,0.17794896836473584
14,OnlineFPCA-sgd,0.1,5500,100,face,3,5,0.0998051166534424,6,2,0.15283703870558182,0.16598809951377214,0.1669642905474223,0.02876004935316105,0.1457938440074297,0.17411407003378362
14,OnlineFPCA-sgd,0.1,5600,100,face,3,5,0.0981602668762207,6,2,0.12701500858836665,0.24168832940064197,0.1976909800540729,0.025032297290554797,0.14542293658397157,0.17368959986823368
14,OnlineFPCA-sgd,0.1,5700,100,face,3,5,0.0974035263061523,6,2,0.18039048204981187,0.1772760423888778,0.21571395811571548,0.02849129872369918,0.14536201533216067,0.17282851471198712
14,OnlineFPCA-sgd,0.1,5800,100,face,3,5,0.098250150680542,6,2,0.15349785798333873,0.21833995781722365,0.1834614600461905,0.02824750279049287,0.14697251825292665,0.17310050429853613
14,OnlineFPCA-sgd,0.1,5900,100,face,3,5,0.0975232124328613,6,2,0.21526107843808112,0.22724657527539568,0.21943534078977384,0.026871632292611906,0.1473237413610258,0.17313127758906088
14,OnlineFPCA-sgd,0.1,6000,100,face,3,5,0.0985350608825684,6,2,0.18777492202559756,0.18694635796943718,0.20654779129079373,0.02814677478811416,0.1493073685635351,0.1746854763098863
14,OnlineFPCA-sgd,0.1,6100,100,face,3,5,0.0949816703796387,6,2,0.1780034019880065,0.231365070709546,0.14915813509308584,0.030195437022366434,0.15032849625064743,0.17322862243012133
14,OnlineFPCA-sgd,0.1,6200,100,face,3,5,0.0995438098907471,6,2,0.142993191030145,0.22785651658595196,0.16298083949839148,0.032548444065073616,0.15200750181388342,0.1714788195977487
14,OnlineFPCA-sgd,0.1,6300,100,face,3,5,0.0992889404296875,6,2,0.187441694900091,0.2466249291126154,0.14279117080811654,0.033855876502811376,0.15359834161161426,0.16935064629090468
14,OnlineFPCA-sgd,0.1,6400,100,face,3,5,0.0998942852020264,6,2,0.11797698693894221,0.20465593520950012,0.1339902077323114,0.03387474924717394,0.1535110939397745,0.16652052936618922
14,OnlineFPCA-sgd,0.1,6500,100,face,3,5,0.0968046188354492,6,2,0.17836525985934987,0.1342884754918222,0.139416777610604,0.032393506457053446,0.15118781425903935,0.1621297961477112
14,OnlineFPCA-sgd,0.1,6600,100,face,3,5,0.0996866226196289,6,2,0.14975616757346052,0.16507019835772713,0.1146875524196945,0.0327778171635377,0.1472358799824319,0.1582739226246571
14,OnlineFPCA-sgd,0.1,6700,100,face,3,5,0.0981080532073975,6,2,0.19892058445658153,0.16344841408276178,0.09220883671360353,0.03511074695199278,0.1435617595889973,0.1551601748829016
14,OnlineFPCA-sgd,0.1,6800,100,face,3,5,0.0997047424316406,6,2,0.164083981281315,0.20520492816350122,0.13955100061342096,0.03613716938728424,0.13998032414521683,0.1516494522700522
14,OnlineFPCA-sgd,0.1,6900,100,face,3,5,0.0962545871734619,6,2,0.25357247493457113,0.0968063773202334,0.11960398012230676,0.03879138714009763,0.13565702525527235,0.14832958374989252
14,OnlineFPCA-sgd,0.1,7000,100,face,3,5,0.247905254364014,6,2,0.1480423146400331,0.1989772238875721,0.23845829100147797,0.04013055634860292,0.13323198696787464,0.14590371202537003
14,OnlineFPCA-sgd,0.1,7100,100,face,3,5,0.0959475040435791,6,2,0.22184062369089141,0.15201743254142705,0.19055897890434165,0.04115975613822369,0.12938607212906517,0.14293452054273142
14,OnlineFPCA-sgd,0.1,7200,100,face,3,5,0.0988321304321289,6,2,0.18804466496408323,0.1629090548700381,0.16562883290220418,0.04094732224532857,0.12672637501894177,0.14020661640523677
14,OnlineFPCA-sgd,0.1,7300,100,face,3,5,0.0962555408477783,6,2,0.10335923932908675,0.05792803232812209,0.15325565866316782,0.04217218432659693,0.12337980971936112,0.13932390999103567
14,OnlineFPCA-sgd,0.1,7400,100,face,3,5,0.103036642074585,6,2,0.10271762946734771,0.09246126117126909,0.1457761507656488,0.04058026540229741,0.12062568422844956,0.13829625669740148
14,OnlineFPCA-sgd,0.1,7500,100,face,3,5,0.0978927612304688,6,2,0.11940319253245729,0.1437834117503225,0.10134450778307087,0.04048266452012468,0.11946876891105006,0.1365069771537266
14,OnlineFPCA-sgd,0.1,7600,100,face,3,5,0.103645324707031,6,2,0.12356967320385641,0.13038034733114764,0.1209774639682234,0.038411614997561634,0.1173654965680904,0.13374936126818904
14,OnlineFPCA-sgd,0.1,7700,100,face,3,5,0.0977444648742676,6,2,0.13591116811054998,0.09181095713591175,0.17775799558813396,0.037536898096456855,0.11569216665544559,0.13188488538712256
14,OnlineFPCA-sgd,0.1,7800,100,face,3,5,0.106928110122681,6,2,0.2017712821550691,0.13164044780902323,0.14535935575532327,0.03622410756577063,0.11267424270747682,0.13138151330089887
14,OnlineFPCA-sgd,0.1,7900,100,face,3,5,0.09682297706604,6,2,0.238961676805279,0.15421453051558803,0.1547049068184447,0.03356060013193624,0.11026847915740465,0.13117754697568637
14,OnlineFPCA-sgd,0.1,8000,100,face,3,5,0.102039813995361,6,2,0.2501191532538684,0.11657331748787542,0.1494902784622569,0.03221094777153749,0.10743370354162941,0.1306875492148
14,OnlineFPCA-sgd,0.1,8100,100,face,3,5,0.0998773574829102,6,2,0.1666669466971451,0.10962360372427989,0.17732548556996686,0.031488580779125024,0.10587366471779372,0.13025807867786043
14,OnlineFPCA-sgd,0.1,8200,100,face,3,5,0.100066423416138,6,2,0.12407490430330381,0.18107596639663806,0.0984438318700509,0.03277666573767691,0.10506194716545456,0.12884209309243855
14,OnlineFPCA-sgd,0.1,8300,100,face,3,5,0.100784063339233,6,2,0.19724296332619276,0.13593626327535527,0.17990070206471925,0.034502940581492836,0.10468289066711757,0.12783739994235588
14,OnlineFPCA-sgd,0.1,8400,100,face,3,5,0.100010395050049,6,2,0.14058140474923564,0.16082461399857073,0.17454159700153607,0.03378734875860334,0.1043858837019892,0.12740031782940597
14,OnlineFPCA-sgd,0.1,8500,100,face,3,5,0.107497215270996,6,2,0.06771977298659024,0.10591716377284345,0.15375202440961416,0.03270603106214521,0.10312387973573267,0.12678021796118552
14,OnlineFPCA-sgd,0.1,8600,100,face,3,5,0.101165533065796,6,2,0.11221949210044305,0.08601695728276641,0.23495700624578106,0.03266405577791886,0.10081942596100738,0.12712020414813863
14,OnlineFPCA-sgd,0.1,8700,100,face,3,5,0.10186505317688,6,2,0.18915715551136272,0.15922237722436752,0.24701091206123033,0.03034869603348347,0.09755430366618079,0.1281634922075706
14,OnlineFPCA-sgd,0.1,8800,100,face,3,5,0.100850343704224,6,2,0.15959509332671817,0.20026247668482355,0.31726750375555807,0.029066687254476493,0.09477908652102175,0.12990762520844903
14,OnlineFPCA-sgd,0.1,8900,100,face,3,5,0.101678133010864,6,2,0.2776933212076145,0.16123631755692353,0.2749562500638642,0.027279858349197127,0.09323081804885193,0.1314389072006969
14,OnlineFPCA-sgd,0.1,9000,100,face,3,5,0.100533008575439,6,2,0.17340261474968705,0.12640455221251748,0.2866588685208268,0.027281318784956914,0.09021648252415107,0.1332282918322784
14,OnlineFPCA-sgd,0.1,9100,100,face,3,5,0.101999521255493,6,2,0.1970117472222823,0.1209093759412993,0.2922067658962095,0.02758297097904891,0.08850731796100213,0.13485644844276695
14,OnlineFPCA-sgd,0.1,9200,100,face,3,5,0.100645065307617,6,2,0.18979830133962527,0.1799345592080246,0.2815507856549726,0.026281893914105688,0.08742355090045138,0.13634982725706543
14,OnlineFPCA-sgd,0.1,9300,100,face,3,5,0.101407289505005,6,2,0.18514793223131887,0.21309774659366645,0.24928781670518235,0.024697716511283777,0.08763991781525853,0.13762857602336803
14,OnlineFPCA-sgd,0.1,9400,100,face,3,5,0.100019454956055,6,2,0.0988048195025466,0.12864999031645413,0.2209319499656848,0.023707574448254137,0.08683256555158493,0.1384801547274846
14,OnlineFPCA-sgd,0.1,9500,100,face,3,5,0.102585315704346,6,2,0.18142293063359713,0.18476181684118773,0.23968364437972817,0.024476327193990163,0.08669847993302786,0.13935571446166034
14,OnlineFPCA-sgd,0.1,9600,100,face,3,5,0.0956666469573975,6,2,0.12770105187978134,0.11855788420404677,0.21020839537605057,0.024106928094766673,0.0863643350699402,0.14022596792886788
14,OnlineFPCA-sgd,0.1,9700,100,face,3,5,0.100401639938354,6,2,0.16544672784202166,0.10404492144146146,0.16581067402765237,0.023642233615398946,0.08648555332344594,0.14093964795506053
14,OnlineFPCA-sgd,0.1,9800,100,face,3,5,0.0962979793548584,6,2,0.05682788677060353,0.1524203231680494,0.18222649237150718,0.023647289624753893,0.08756031111512379,0.141405737192637
14,OnlineFPCA-sgd,0.1,9900,100,face,3,5,0.101958990097046,6,2,0.12108775599331784,0.16184900652834328,0.2164208370457195,0.023024515292066793,0.08823875751542658,0.14163676382210236
14,OnlineFPCA-sgd,0.1,10000,100,face,3,5,0.0968024730682373,6,2,0.21476040967366428,0.14047633986958155,0.2270934212831048,0.023273161258306176,0.08827118295206296,0.1423357856991037
14,OnlineFPCA-sgd,0.1,10100,100,face,3,5,0.102134227752686,6,2,0.15396412529993225,0.06692381512861603,0.18270707490281135,0.02405168317069923,0.08766740187253959,0.14304955003353348
14,OnlineFPCA-sgd,0.1,10200,100,face,3,5,0.0965042114257812,6,2,0.13455679768850407,0.1064592575498162,0.15552721792915025,0.02390142345829993,0.0861673002870339,0.14273320744089754
14,OnlineFPCA-sgd,0.1,10300,100,face,3,5,0.10203742980957,6,2,0.1295225939815508,0.1274197370684835,0.13742471342002624,0.02517716680470643,0.08476741301421913,0.14233729816663188
14,OnlineFPCA-sgd,0.1,10400,100,face,3,5,0.0974044799804688,6,2,0.23585204871070217,0.09884888609139625,0.1524646389105711,0.025626180390470696,0.08439079553749697,0.14212731534759857
14,OnlineFPCA-sgd,0.1,10500,100,face,3,5,0.103033065795898,6,2,0.14090126327093894,0.12382174717916106,0.14376203794491674,0.025789967726259435,0.08456026401073442,0.1417126258563016
14,OnlineFPCA-sgd,0.1,10600,100,face,3,5,0.100796937942505,6,2,0.13002183257393493,0.17885761059857908,0.16203211211986038,0.025045947397145395,0.0848516002498917,0.14168126338240922
14,OnlineFPCA-sgd,0.1,10700,100,face,3,5,0.0998306274414062,6,2,0.1600998577196654,0.12864454626586813,0.1702944262222602,0.02578903461601723,0.08513198235640074,0.14159771931316192
14,OnlineFPCA-sgd,0.1,10800,100,face,3,5,0.101092100143433,6,2,0.1324459918943709,0.17095846557219244,0.13890300547150514,0.025799937182007918,0.08578459326644562,0.1416219507311334
14,OnlineFPCA-sgd,0.1,10900,100,face,3,5,0.0992369651794434,6,2,0.18057561203431224,0.18805548038664288,0.17770964741434084,0.025394153126458728,0.0860819344752335,0.14147452598731494
14,OnlineFPCA-sgd,0.1,11000,100,face,3,5,0.0996620655059814,6,2,0.16391757851193478,0.1715518889235284,0.1730486481086367,0.02528554451103377,0.08708661225432913,0.14177543272686227
14,OnlineFPCA-sgd,0.1,11100,100,face,3,5,0.0994503498077393,6,2,0.1457188451884585,0.19425371734275745,0.13595680546416183,0.02577768638925409,0.08803070824735257,0.14154208230087634
14,OnlineFPCA-sgd,0.1,11200,100,face,3,5,0.100066423416138,6,2,0.12920268792051204,0.19854043379627356,0.14904244307285827,0.0266321317331072,0.08910148143706935,0.14140762998175996
14,OnlineFPCA-sgd,0.1,11300,100,face,3,5,0.0986559391021729,6,2,0.16920680645029526,0.20921217978497547,0.1310348697361807,0.027088973114406816,0.09016442779238375,0.14113392471060313
14,OnlineFPCA-sgd,0.1,11400,100,face,3,5,0.100853204727173,6,2,0.09620102538321934,0.17726912050970728,0.12181599603714047,0.027145645458347245,0.09063327768536979,0.140546521306311
14,OnlineFPCA-sgd,0.1,11500,100,face,3,5,0.0996367931365967,6,2,0.16322498299304383,0.09773386113245923,0.11237712519717973,0.026818686767443565,0.09052573276263086,0.13964274410973623
14,OnlineFPCA-sgd,0.1,11600,100,face,3,5,0.0982375144958496,6,2,0.12328357476885227,0.11973677220995362,0.09757915104071334,0.02682798798436122,0.08992486270077611,0.13873562804001294
14,OnlineFPCA-sgd,0.1,11700,100,face,3,5,0.0953285694122314,6,2,0.16836235156844317,0.12453361936693572,0.0874768880689528,0.02763326636028491,0.08938992474473216,0.13797225919895575
14,OnlineFPCA-sgd,0.1,11800,100,face,3,5,0.0990798473358154,6,2,0.1315409326580838,0.16277067900031006,0.12356347176035312,0.02816293939515265,0.08888106531158989,0.13719183882830932
14,OnlineFPCA-sgd,0.1,11900,100,face,3,5,0.0988810062408447,6,2,0.22507433340239072,0.09000150150850084,0.11846224918198228,0.02918025949699412,0.08789096812409533,0.13644930096321709
14,OnlineFPCA-sgd,0.1,12000,100,face,3,5,0.09993577003479,6,2,0.130466395679965,0.16704857661042072,0.20165955861139315,0.029887960296671824,0.08744139587915806,0.13604567800316944
14,OnlineFPCA-sgd,0.1,12100,100,face,3,5,0.096426248550415,6,2,0.17468217320917057,0.12556390280867197,0.15290964076262728,0.030202273986948455,0.08642675371084602,0.1355054706535751
14,OnlineFPCA-sgd,0.1,12200,100,face,3,5,0.110627412796021,6,2,0.15711024582224106,0.13826783721750358,0.14591544446325605,0.030234012810446857,0.08569322405972642,0.13485890471680453
14,OnlineFPCA-sgd,0.1,12300,100,face,3,5,0.098038911819458,6,2,0.07839220421680719,0.0579037224157011,0.14102770433666087,0.030484172467130425,0.08484201654186099,0.1346451760477526
14,OnlineFPCA-sgd,0.1,12400,100,face,3,5,0.102701663970947,6,2,0.0837906094426153,0.09062591545417417,0.13802097674709182,0.029957459207416853,0.08420043236555924,0.13435849418969142
14,OnlineFPCA-sgd,0.1,12500,100,face,3,5,0.0969898700714111,6,2,0.1103176945758927,0.1264641606925323,0.10373933726007979,0.030277671036919536,0.0842169230048929,0.1338087988719615
14,OnlineFPCA-sgd,0.1,12600,100,face,3,5,0.103603839874268,6,2,0.1087778092778105,0.11963338926188191,0.0968615476897356,0.029869860213660573,0.08385120802789636,0.13272776692778374
14,OnlineFPCA-sgd,0.1,12700,100,face,3,5,0.0983636379241943,6,2,0.12569594173473828,0.08324800897778789,0.1440307858627997,0.029611198858956352,0.0835041260866224,0.13196711684173895
14,OnlineFPCA-sgd,0.1,12800,100,face,3,5,0.104249477386475,6,2,0.16519988051692322,0.09104045718955918,0.12374729565912838,0.02914766383386461,0.08263045168387713,0.13171132108073502
14,OnlineFPCA-sgd,0.1,12900,100,face,3,5,0.0972251892089844,6,2,0.2037385065273978,0.13154010233980562,0.1349724147149968,0.028129267091092494,0.08191953627764996,0.1314828751834022
14,OnlineFPCA-sgd,0.1,13000,100,face,3,5,0.104532480239868,6,2,0.21647200792423907,0.10330991986953725,0.13249012516548564,0.027377519375613765,0.08108201610985785,0.13113544059442045
14,OnlineFPCA-sgd,0.1,13100,100,face,3,5,0.100687742233276,6,2,0.15038736132973485,0.09376467452170177,0.14982428233639938,0.02687318435316966,0.08067090845452239,0.1306596853626369
14,OnlineFPCA-sgd,0.1,13200,100,face,3,5,0.0998787879943848,6,2,0.10495091082902938,0.1528316144470674,0.08506658080898798,0.027329231352678382,0.08055439133898643,0.12988872826750641
14,OnlineFPCA-sgd,0.1,13300,100,face,3,5,0.097935676574707,6,2,0.16878169502512688,0.111046959582423,0.15026942678270663,0.02810034330959254,0.08057233026784588,0.12939138092501828
14,OnlineFPCA-sgd,0.1,13400,100,face,3,5,0.105013847351074,6,2,0.10683270729999987,0.13656499148267018,0.14863140440234635,0.027945995309021417,0.08060495756013937,0.1292156786175238
14,OnlineFPCA-sgd,0.1,13500,100,face,3,5,0.0991930961608887,6,2,0.06156854963848948,0.09281530921504767,0.13216955450767362,0.027682757358091687,0.08020736454834117,0.12889854554701086
14,OnlineFPCA-sgd,0.1,13600,100,face,3,5,0.103471517562866,6,2,0.09858182086969389,0.06656718556011058,0.20811942883171594,0.02766742530893488,0.07931352287007268,0.1290339721808565
14,OnlineFPCA-sgd,0.1,13700,100,face,3,5,0.0978748798370361,6,2,0.1665041138423201,0.1359704472267265,0.22112975692538603,0.026917697958829975,0.07792735436817641,0.1296242482320426
14,OnlineFPCA-sgd,0.1,13800,100,face,3,5,0.102841854095459,6,2,0.14573206091120297,0.17594785356398834,0.2849021544488844,0.02650249448832557,0.07672242570596603,0.13056730411508466
14,OnlineFPCA-sgd,0.1,13900,100,face,3,5,0.100126981735229,6,2,0.2608012917224742,0.14338219124987717,0.25153020017488775,0.025876196238892996,0.07616233105471304,0.131494306793355
14,OnlineFPCA-sgd,0.1,14000,100,face,3,5,0.0993385314941406,6,2,0.15242791584251936,0.11404170432929171,0.26056498563565206,0.025888081651517455,0.07489817917391056,0.13247812660079428
14,OnlineFPCA-sgd,0.1,14100,100,face,3,5,0.097214937210083,6,2,0.17357556181735456,0.11352575010585489,0.26472144468571324,0.026105943368533738,0.0742726717091935,0.13337678415123996
14,OnlineFPCA-sgd,0.1,14200,100,face,3,5,0.0999512672424316,6,2,0.17160157805354187,0.15494224565150846,0.2578298497268759,0.025520991379631302,0.07389647283291732,0.13413675526958485
14,OnlineFPCA-sgd,0.1,14300,100,face,3,5,0.10023832321167,6,2,0.16744358922278363,0.18843907538601826,0.23439907944902286,0.024652346597436082,0.07423152073334088,0.13482374703123953
14,OnlineFPCA-sgd,0.1,14400,100,face,3,5,0.100045680999756,6,2,0.09767898337820015,0.12270631519125522,0.20173406812906478,0.024027024316885106,0.07404446545743275,0.1353014887193132
14,OnlineFPCA-sgd,0.1,14500,100,face,3,5,0.103625059127808,6,2,0.16062937360090299,0.17122528331105263,0.22275758543467905,0.024276877225477465,0.07411016857020453,0.1357514420152186
14,OnlineFPCA-sgd,0.1,14600,100,face,3,5,0.0965447425842285,6,2,0.1211615113838621,0.11717822655809433,0.20343104937432946,0.024185799702907206,0.07401768018497638,0.13623014375843118
14,OnlineFPCA-sgd,0.1,14700,100,face,3,5,0.102285146713257,6,2,0.1487413927338911,0.11001768581229333,0.17072788885701337,0.02390368653621981,0.07412739994657361,0.13666138041811954
14,OnlineFPCA-sgd,0.1,14800,100,face,3,5,0.0959787368774414,6,2,0.05285316305726046,0.14446814107686154,0.18899845809161336,0.023896369093879724,0.07474231169936636,0.13701680174783262
14,OnlineFPCA-sgd,0.1,14900,100,face,3,5,0.102129697799683,6,2,0.10575620503180906,0.15326715124575488,0.2104181620480989,0.023606774855498384,0.07520166901320498,0.13726443899246538
14,OnlineFPCA-sgd,0.1,15000,100,face,3,5,0.0958235263824463,6,2,0.17972797136197782,0.13590118635530873,0.21682859074988933,0.02370141870886293,0.07535667651157035,0.13767779306093847
14,OnlineFPCA-sgd,0.1,0,100,face,3,5,6.38382577896118,6,3,0.011488913551722588,0.12793891021275938,0.62316145541387,0.011488913551722588,0.12793891021275938,0.62316145541387
14,OnlineFPCA-sgd,0.1,100,100,face,3,5,0.345303297042847,6,3,1.2830672991381653,1.6097337109536392,1.011047496201458,NA,NA,NA
14,OnlineFPCA-sgd,0.1,200,100,face,3,5,0.351459264755249,6,3,0.4609134274323879,0.7677166542648235,0.8957530730427168,NA,NA,NA
14,OnlineFPCA-sgd,0.1,300,100,face,3,5,0.350719928741455,6,3,0.5915272944676625,0.854935048652895,0.7218426274494791,NA,NA,NA
14,OnlineFPCA-sgd,0.1,400,100,face,3,5,0.355316400527954,6,3,0.4532219270239689,0.5342773608300766,0.28848056990507126,NA,NA,NA
14,OnlineFPCA-sgd,0.1,500,100,face,3,5,0.344888210296631,6,3,0.5099878396418402,0.4539652089780185,0.47747161449280207,NA,NA,NA
14,OnlineFPCA-sgd,0.1,600,100,face,3,5,0.356704950332642,6,3,0.24924573679990714,0.4673077957761073,0.6322336781890353,NA,NA,NA
14,OnlineFPCA-sgd,0.1,700,100,face,3,5,0.349982500076294,6,3,0.2366395492396769,0.46671717763129944,0.6303447646933672,NA,NA,NA
14,OnlineFPCA-sgd,0.1,800,100,face,3,5,0.360519647598267,6,3,0.22208829073210803,0.46534270364452907,0.6267684979169414,NA,NA,NA
14,OnlineFPCA-sgd,0.1,900,100,face,3,5,0.346239328384399,6,3,0.20869234682763838,0.4628984852577507,0.6233465959895391,NA,NA,NA
14,OnlineFPCA-sgd,0.1,1000,100,face,3,5,0.361421585083008,6,3,0.19970545768442372,0.4592665463740166,0.6191102225645349,NA,NA,NA
14,OnlineFPCA-sgd,0.1,1100,100,face,3,5,0.495082855224609,6,3,0.23767638916622852,0.2990764244125788,0.47144756009633443,0.11277959026414916,0.37358414219755387,0.5142148204795055
14,OnlineFPCA-sgd,0.1,1200,100,face,3,5,0.630940437316895,6,3,0.16845527883308478,0.23004418282431588,0.28214388311509736,0.08986959239476969,0.2934461270863474,0.42882150756813103
14,OnlineFPCA-sgd,0.1,1300,100,face,3,5,0.477311372756958,6,3,0.18127322401519946,0.22797337671037823,0.19669786122609795,0.08547873708087018,0.24476519992309947,0.33848823333691197
14,OnlineFPCA-sgd,0.1,1400,100,face,3,5,0.470898628234863,6,3,0.1118675632886631,0.18247093146559965,0.15962318493475147,0.0783389928910929,0.21303318068621213,0.2930870865657794
14,OnlineFPCA-sgd,0.1,1500,100,face,3,5,0.472188234329224,6,3,0.12555280109744868,0.15219709652736588,0.2850638058934221,0.07719575697625929,0.20547070420576252,0.2704927429794524
14,OnlineFPCA-sgd,0.1,1600,100,face,3,5,0.472618341445923,6,3,0.13545603642015214,0.16335804752431513,0.2709495229529797,0.05782174334436277,0.19456646678902217,0.26495705520412693
14,OnlineFPCA-sgd,0.1,1700,100,face,3,5,0.474479675292969,6,3,0.15984148531289905,0.13314706060523834,0.24318240079191808,0.04666220274295088,0.17765684372154716,0.2617944215324958
14,OnlineFPCA-sgd,0.1,1800,100,face,3,5,0.474145174026489,6,3,0.19703635648466558,0.17182732755260693,0.2001677672077764,0.036444703293177394,0.15866113567911516,0.2523181557258479
14,OnlineFPCA-sgd,0.1,1900,100,face,3,5,0.482879161834717,6,3,0.19463239746635091,0.13620692686306288,0.20978438051126244,0.04204835843216163,0.14564945907466248,0.24210129948495732
14,OnlineFPCA-sgd,0.1,2000,100,face,3,5,0.475505113601685,6,3,0.14227911504543284,0.12134756329663544,0.2967266473458794,0.04766088161558976,0.13649397284397247,0.23460791233467704
14,OnlineFPCA-sgd,0.1,2100,100,face,3,5,0.475487232208252,6,3,0.17226524856786118,0.19828586654004454,0.15639557403944537,0.048347425460974765,0.12728464792558553,0.224738292175399
14,OnlineFPCA-sgd,0.1,2200,100,face,3,5,0.470909118652344,6,3,0.22633826679463817,0.15075249508620742,0.20153012942278895,0.045297528820526185,0.1248194935455793,0.21905382972348678
14,OnlineFPCA-sgd,0.1,2300,100,face,3,5,0.473812580108643,6,3,0.10663995978951359,0.06766624975628568,0.24635131146280895,0.045691382446807725,0.11876913553729306,0.22414844743632242
14,OnlineFPCA-sgd,0.1,2400,100,face,3,5,0.487712144851685,6,3,0.12631567767894672,0.061254021668341194,0.19729617896459975,0.04305474748164361,0.11330880932683693,0.2198916812478206
14,OnlineFPCA-sgd,0.1,2500,100,face,3,5,0.485739946365356,6,3,0.11920738782331815,0.10792370463492226,0.18345241650572244,0.04235794192723126,0.1048510079659916,0.21457279898164783
14,OnlineFPCA-sgd,0.1,2600,100,face,3,5,0.481328964233398,6,3,0.14702280750764182,0.13454150842380042,0.22959328090064604,0.037842253551462944,0.09530300279854939,0.20876693963988188
14,OnlineFPCA-sgd,0.1,2700,100,face,3,5,0.479293823242188,6,3,0.10867543313844909,0.10619172892131042,0.24070695591118174,0.036802943847303884,0.09070024807276873,0.2076802618735031
14,OnlineFPCA-sgd,0.1,2800,100,face,3,5,0.476392269134521,6,3,0.20951231631259437,0.1568288145677594,0.20974061119545115,0.03092362110852184,0.08705972611326049,0.2077835256258384
14,OnlineFPCA-sgd,0.1,2900,100,face,3,5,0.480903625488281,6,3,0.2754233047747001,0.18066639145434243,0.21519500726846832,0.02586398293625111,0.08510875502928383,0.20610502551734614
14,OnlineFPCA-sgd,0.1,3000,100,face,3,5,0.476584672927856,6,3,0.29135385788587065,0.12445559656066871,0.1839271568236916,0.02299450242972258,0.08335939786791279,0.20384824161723475
14,OnlineFPCA-sgd,0.1,3100,100,face,3,5,0.478646278381348,6,3,0.14596487533375407,0.1266170201780242,0.28693457425313357,0.022230501316971636,0.08129454451541386,0.2054159132978647
14,OnlineFPCA-sgd,0.1,3200,100,face,3,5,0.476080179214478,6,3,0.164009484586316,0.2102661107004837,0.15561741669811813,0.025217868514041127,0.07941158829616989,0.20329857684666164
14,OnlineFPCA-sgd,0.1,3300,100,face,3,5,0.478170156478882,6,3,0.23827557223860485,0.1698210246417133,0.2515873635319579,0.029552609533135557,0.07999423103625056,0.20112013456144753
14,OnlineFPCA-sgd,0.1,3400,100,face,3,5,0.477256059646606,6,3,0.20067105377928188,0.18647405598911312,0.203621840628857,0.029469479993853312,0.08129375628362029,0.19968137812413478
14,OnlineFPCA-sgd,0.1,3500,100,face,3,5,0.477614402770996,6,3,0.08269652232574254,0.1168102392559023,0.16386178878330027,0.029561349320675147,0.08120074759980034,0.1973290891759173
14,OnlineFPCA-sgd,0.1,3600,100,face,3,5,0.472941398620605,6,3,0.12664104845529944,0.13351995943480538,0.28045922664656714,0.029149405467358485,0.07836952185671049,0.19879603097071957
14,OnlineFPCA-sgd,0.1,3700,100,face,3,5,0.480064153671265,6,3,0.22080585209230183,0.16734123147245,0.3030847761806587,0.02673022629177599,0.07599091836160884,0.19891375073455814
14,OnlineFPCA-sgd,0.1,3800,100,face,3,5,0.471757411956787,6,3,0.1814873090440224,0.22755279421587518,0.37359528226665,0.025878858322287257,0.07417075853844807,0.20040625125228506
14,OnlineFPCA-sgd,0.1,3900,100,face,3,5,0.473106145858765,6,3,0.2985467550255699,0.18687816900543927,0.30413030356595894,0.025327935350611445,0.07248125291910337,0.20144789446817024
14,OnlineFPCA-sgd,0.1,4000,100,face,3,5,0.469266653060913,6,3,0.027596737356357877,0.06942179137244558,0.2030178048932354,0.027596737356357877,0.06942179137244558,0.2030178048932354
14,OnlineFPCA-sgd,0.1,4100,100,face,3,5,0.485196113586426,6,3,0.20867855113546752,0.13739918740726564,0.20948303321241504,0.12545102083608425,0.11057802844977102,0.1890573334129142
14,OnlineFPCA-sgd,0.1,4200,100,face,3,5,0.474404335021973,6,3,0.2033375921242765,0.23761152055631643,0.24091900375223582,0.07881854445348319,0.11499317205791111,0.19783327812926954
14,OnlineFPCA-sgd,0.1,4300,100,face,3,5,0.47606635093689,6,3,0.2041895369015156,0.24542475250365473,0.19314269386733085,0.07456770691234328,0.14900260212060745,0.19610880490814986
14,OnlineFPCA-sgd,0.1,4400,100,face,3,5,0.465289115905762,6,3,0.09620592687895897,0.1318118126666843,0.17616068301573604,0.06383738185292122,0.13893171791280548,0.18172354716881325
14,OnlineFPCA-sgd,0.1,4500,100,face,3,5,0.476832389831543,6,3,0.21438729348789157,0.21050274439997418,0.22166030490078512,0.05290284006732212,0.14248662547775406,0.17767892899716084
14,OnlineFPCA-sgd,0.1,4600,100,face,3,5,0.471408605575562,6,3,0.12136386958843652,0.14585449882185256,0.1862944828717355,0.03511400121700471,0.13993068597793545,0.17439817489590262
14,OnlineFPCA-sgd,0.1,4700,100,face,3,5,0.471242904663086,6,3,0.19358535727047813,0.11484343714099238,0.13489330329156243,0.029651911639937537,0.1382005477451582,0.16992162848490153
14,OnlineFPCA-sgd,0.1,4800,100,face,3,5,0.467678546905518,6,3,0.05934747448656006,0.18361702644178576,0.14564036352726617,0.025486811217046757,0.14487588968250104,0.16510364094061594
14,OnlineFPCA-sgd,0.1,4900,100,face,3,5,0.481880187988281,6,3,0.15097500646621298,0.18763957441561704,0.23277040816014308,0.02055875115153593,0.1455049523143133,0.1601454310214169
14,OnlineFPCA-sgd,0.1,5000,100,face,3,5,0.468055725097656,6,3,0.2873582113416711,0.15452490622449774,0.2536031042788384,0.022634006749697063,0.13874631062915838,0.1631252347134894
14,OnlineFPCA-sgd,0.1,5100,100,face,3,5,0.0975406169891357,6,3,0.16590076539064882,0.10447310249850206,0.19120556014138218,0.026588046471050016,0.130421308194378,0.16528927425761258
14,OnlineFPCA-sgd,0.1,5200,100,face,3,5,0.0986506938934326,6,3,0.13515210831780733,0.14359357138249532,0.15769731252117053,0.025062079191375902,0.1198659137696963,0.15976464606030494
14,OnlineFPCA-sgd,0.1,5300,100,face,3,5,0.100197315216064,6,3,0.15288739997639408,0.14160006958053534,0.13407827510783912,0.032635037663995836,0.11278546653944264,0.1547041511893035
14,OnlineFPCA-sgd,0.1,5400,100,face,3,5,0.1012864112854,6,3,0.26334872241210944,0.1325657278284508,0.1585502046426733,0.033789304864157606,0.1121489168694067,0.15146540454133736
14,OnlineFPCA-sgd,0.1,5500,100,face,3,5,0.100484132766724,6,3,0.15165326003214005,0.15246267138965686,0.15158336062050673,0.030998052727290698,0.11348478503414608,0.14876487663204555
14,OnlineFPCA-sgd,0.1,5600,100,face,3,5,0.101843118667603,6,3,0.12702657275039111,0.228795939077508,0.1829132652661138,0.027466114789441817,0.1142169976295872,0.14917523247782558
14,OnlineFPCA-sgd,0.1,5700,100,face,3,5,0.100616931915283,6,3,0.1781123130326742,0.15829737015576745,0.20081470971888674,0.031090565583394417,0.115086229664121,0.14888797349093166
14,OnlineFPCA-sgd,0.1,5800,100,face,3,5,0.0995965003967285,6,3,0.15145978314708525,0.20311796182626293,0.16345625386471213,0.03085496882909123,0.11744241351938164,0.14961602317424338
14,OnlineFPCA-sgd,0.1,5900,100,face,3,5,0.0965547561645508,6,3,0.21231416479755574,0.2144323836964367,0.20278194387812734,0.02950107631566599,0.11819408550844543,0.14984863631133477
14,OnlineFPCA-sgd,0.1,6000,100,face,3,5,0.102387666702271,6,3,0.18512557420049164,0.1771725307908939,0.1928197392048023,0.030401921569091703,0.12138808783125138,0.15220567235371088
14,OnlineFPCA-sgd,0.1,6100,100,face,3,5,0.0955138206481934,6,3,0.17571415225909687,0.21946685832027693,0.13805958091580212,0.031965171497766204,0.12357102002693048,0.1514933784319627
14,OnlineFPCA-sgd,0.1,6200,100,face,3,5,0.101147174835205,6,3,0.14263139479152925,0.21491462193145294,0.15384343228952843,0.03394273441668228,0.1262926977083539,0.1505392928918613
14,OnlineFPCA-sgd,0.1,6300,100,face,3,5,0.0953719615936279,6,3,0.18629846979790032,0.23599251081508074,0.1342492645746208,0.035195913875421266,0.12867089637606774,0.14929340622400333
14,OnlineFPCA-sgd,0.1,6400,100,face,3,5,0.101520538330078,6,3,0.11672866168336023,0.19545682069022455,0.13129541856292753,0.035118450474157854,0.12884754385540761,0.1470724895535936
14,OnlineFPCA-sgd,0.1,6500,100,face,3,5,0.0959408283233643,6,3,0.17704380968611869,0.12588677623472758,0.13698685992332604,0.03347010820355292,0.12701723975034515,0.14331941908937115
14,OnlineFPCA-sgd,0.1,6600,100,face,3,5,0.102267980575562,6,3,0.1473142732377863,0.15796737680427905,0.11040668177302106,0.033666201451068356,0.1233354253634465,0.13982062535382253
14,OnlineFPCA-sgd,0.1,6700,100,face,3,5,0.0956747531890869,6,3,0.19560453245311557,0.15765697238560097,0.08791820324124426,0.03588510637120008,0.12025383101282816,0.13721188758825015
14,OnlineFPCA-sgd,0.1,6800,100,face,3,5,0.103026390075684,6,3,0.16165394091215557,0.20116531226369486,0.13629002401257784,0.037024305826635476,0.11752878897889309,0.13448809512947044
14,OnlineFPCA-sgd,0.1,6900,100,face,3,5,0.0973849296569824,6,3,0.2501007517188485,0.09511767969475388,0.1201802410669789,0.03970705253227548,0.1137789858141654,0.1320407236559072
14,OnlineFPCA-sgd,0.1,7000,100,face,3,5,0.10410737991333,6,3,0.14579545852627762,0.19559782788263366,0.23586020883837205,0.04112427177934372,0.11229596349038314,0.1306740738206416
14,OnlineFPCA-sgd,0.1,7100,100,face,3,5,0.0997858047485352,6,3,0.21452993074695145,0.14980672031632733,0.1822498033728781,0.04202053906949119,0.10897132814476848,0.1287965726948256
14,OnlineFPCA-sgd,0.1,7200,100,face,3,5,0.0983498096466064,6,3,0.18551047830840392,0.15792830856683368,0.1574563849373941,0.041863997747240256,0.10689651004953936,0.12690953500903254
14,OnlineFPCA-sgd,0.1,7300,100,face,3,5,0.0993154048919678,6,3,0.10115677091727818,0.056233056532364614,0.15350691602685543,0.04298087459592382,0.10403816905549747,0.12691635435416918
14,OnlineFPCA-sgd,0.1,7400,100,face,3,5,0.0984928607940674,6,3,0.09818372121147517,0.08997769370897007,0.14905132601716725,0.04144149403812044,0.10183802569701984,0.12674669381897688
14,OnlineFPCA-sgd,0.1,7500,100,face,3,5,0.0994842052459717,6,3,0.1184957158585176,0.13700478734077517,0.1073352097655271,0.04123793946081519,0.10141136940591243,0.12562967588006796
14,OnlineFPCA-sgd,0.1,7600,100,face,3,5,0.0984950065612793,6,3,0.1220867804563999,0.1272774415953706,0.12069742482321562,0.039061687771405874,0.09980114115658405,0.12312212150773441
14,OnlineFPCA-sgd,0.1,7700,100,face,3,5,0.0992043018341064,6,3,0.13443175660784637,0.0894372014366713,0.1808490715169838,0.038090489626430496,0.09848880924563087,0.12159968554579241
14,OnlineFPCA-sgd,0.1,7800,100,face,3,5,0.0985567569732666,6,3,0.19886068283721992,0.12817425770928917,0.1437820391752587,0.03672047889118885,0.09561753688160253,0.12152826562772477
14,OnlineFPCA-sgd,0.1,7900,100,face,3,5,0.098252534866333,6,3,0.23601088184933192,0.15127711116005962,0.15542269541828918,0.034006495552111195,0.09341027593625295,0.12172559741685011
14,OnlineFPCA-sgd,0.1,8000,100,face,3,5,0.0985217094421387,6,3,0.2468840988605594,0.11400624735641827,0.14662192229653453,0.032572674258347374,0.09079666711703131,0.12157444387441908
14,OnlineFPCA-sgd,0.1,8100,100,face,3,5,0.0984742641448975,6,3,0.16457775414614306,0.10603023184531798,0.17646171973808167,0.031814652469128055,0.08960941821152588,0.12127714201179682
14,OnlineFPCA-sgd,0.1,8200,100,face,3,5,0.0979397296905518,6,3,0.12202196969535666,0.17590553926908006,0.0972690737415815,0.03308119188057823,0.08927159228851683,0.12006911472159074
14,OnlineFPCA-sgd,0.1,8300,100,face,3,5,0.0980985164642334,6,3,0.19494418564367416,0.1292327979468467,0.18078123425548082,0.03479856465224322,0.08924149196640328,0.11935397498857753
14,OnlineFPCA-sgd,0.1,8400,100,face,3,5,0.0985639095306396,6,3,0.13684748134666502,0.15519350306848256,0.17301943964006022,0.034103195795756866,0.08928559974946322,0.11932654939301883
14,OnlineFPCA-sgd,0.1,8500,100,face,3,5,0.102405071258545,6,3,0.0668083466953309,0.10283749964314988,0.1504783593014152,0.033081921569710224,0.08822466841481433,0.11901311165014565
14,OnlineFPCA-sgd,0.1,8600,100,face,3,5,0.0955562591552734,6,3,0.11013164989652453,0.08307000814996052,0.23498865837779742,0.033034112923370086,0.0860455924623283,0.1198189241839381
14,OnlineFPCA-sgd,0.1,8700,100,face,3,5,0.101307392120361,6,3,0.1852797016366047,0.15478594427998682,0.24743500375378596,0.030705354057897528,0.0827746038789551,0.1214898488879288
14,OnlineFPCA-sgd,0.1,8800,100,face,3,5,0.0955159664154053,6,3,0.15790973988519155,0.1957909170127559,0.316920449998375,0.029311441255842313,0.08011501833383261,0.1239284524438162
14,OnlineFPCA-sgd,0.1,8900,100,face,3,5,0.101470947265625,6,3,0.2749689936558722,0.15674374065598257,0.27431173590791696,0.027502491416796223,0.07894798554298106,0.12619998417104533
14,OnlineFPCA-sgd,0.1,9000,100,face,3,5,0.0959281921386719,6,3,0.1707931833827409,0.12297855837750563,0.28520484045140165,0.027462640090366343,0.07607473974520439,0.12857134889433786
14,OnlineFPCA-sgd,0.1,9100,100,face,3,5,0.101351976394653,6,3,0.19399141901495318,0.12025972468452824,0.29014399724076795,0.027747518277522414,0.07472345755660975,0.13074210437001876
14,OnlineFPCA-sgd,0.1,9200,100,face,3,5,0.0947914123535156,6,3,0.18800621381449734,0.1769464619270998,0.2798114085587442,0.026495421122103808,0.0740472309241442,0.13264694089746712
14,OnlineFPCA-sgd,0.1,9300,100,face,3,5,0.101481676101685,6,3,0.1830473141231649,0.21042535124160372,0.24797499185057637,0.02493940254905484,0.07484115801438282,0.13436273988797653
14,OnlineFPCA-sgd,0.1,9400,100,face,3,5,0.104112386703491,6,3,0.09805722617013891,0.12606179639494292,0.21865830707440215,0.023935853705727046,0.07438842752123526,0.13554005340667818
14,OnlineFPCA-sgd,0.1,9500,100,face,3,5,0.101817607879639,6,3,0.17906846268752127,0.1806758321889757,0.23709357765972833,0.02464921174276824,0.0746017092865012,0.13666084117066368
14,OnlineFPCA-sgd,0.1,9600,100,face,3,5,0.0961906909942627,6,3,0.12669658717207602,0.11424348348798798,0.2084507726379309,0.024258722079798182,0.07451829198994982,0.1377073947269873
14,OnlineFPCA-sgd,0.1,9700,100,face,3,5,0.102085590362549,6,3,0.16372480404058898,0.10131262558794361,0.1658485306861804,0.023772058661126003,0.07489665924911014,0.1385396138397087
14,OnlineFPCA-sgd,0.1,9800,100,face,3,5,0.0965185165405273,6,3,0.05646009449946697,0.1486428581109327,0.1823818780784432,0.023740678038949723,0.07628601037410705,0.13913913814499204
14,OnlineFPCA-sgd,0.1,9900,100,face,3,5,0.102615118026733,6,3,0.11912315145021043,0.15768242807033891,0.21532617269893792,0.023133331061815268,0.07722343379313765,0.13948145313085858
14,OnlineFPCA-sgd,0.1,10000,100,face,3,5,0.0973947048187256,6,3,0.2114802110755094,0.13642629980850943,0.2255549427475302,0.023384875443968372,0.07742087811550036,0.14023240370758894
14,OnlineFPCA-sgd,0.1,10100,100,face,3,5,0.247820854187012,6,3,0.1523087061405042,0.06427891921815393,0.18193396544282203,0.02416028210820682,0.0769436316042508,0.1410228964710994
14,OnlineFPCA-sgd,0.1,10200,100,face,3,5,0.0962162017822266,6,3,0.1338524154314198,0.10423145354814191,0.1557328263906309,0.02401903033884158,0.07550704263552215,0.1407798124504214
14,OnlineFPCA-sgd,0.1,10300,100,face,3,5,0.100829362869263,6,3,0.12776206633348247,0.12600842806532384,0.1369397407508549,0.025275681632118928,0.07415662071118374,0.14045290610172437
14,OnlineFPCA-sgd,0.1,10400,100,face,3,5,0.0960474014282227,6,3,0.23330417792074865,0.0964326393589315,0.151224675755948,0.025719517099295347,0.07394498402884492,0.14032693972599153
14,OnlineFPCA-sgd,0.1,10500,100,face,3,5,0.0995960235595703,6,3,0.13967735119241675,0.12142109245313883,0.14151434578633038,0.02589539406396358,0.07431656404359739,0.13999399204532412
14,OnlineFPCA-sgd,0.1,10600,100,face,3,5,0.096005916595459,6,3,0.12985772829037753,0.17445312900060111,0.15989252294238818,0.02517712195306334,0.07478947425798546,0.1399893036953934
14,OnlineFPCA-sgd,0.1,10700,100,face,3,5,0.101072788238525,6,3,0.15785620245711338,0.12455782775456126,0.16839346650494932,0.025924772284842183,0.07523440399049772,0.13991566160274266
14,OnlineFPCA-sgd,0.1,10800,100,face,3,5,0.0948944091796875,6,3,0.13088308922154268,0.16597336081125505,0.1362143973824179,0.02594780554232322,0.07602592727180828,0.13993314752745958
14,OnlineFPCA-sgd,0.1,10900,100,face,3,5,0.098313570022583,6,3,0.1782431899632095,0.18377579850223213,0.1747517070005783,0.025561585729680373,0.07639800834550309,0.1397723751212909
14,OnlineFPCA-sgd,0.1,11000,100,face,3,5,0.0975542068481445,6,3,0.1620081257503802,0.1683309527758391,0.1696782203366786,0.02543324088703177,0.0775752019712185,0.1400829870957996
14,OnlineFPCA-sgd,0.1,11100,100,face,3,5,0.0972900390625,6,3,0.143976377578723,0.18817965437089126,0.1338436276442724,0.025895619819631305,0.07870612476298078,0.13988756049142131
14,OnlineFPCA-sgd,0.1,11200,100,face,3,5,0.0980434417724609,6,3,0.12841184789118631,0.19203229837493452,0.14753719684742084,0.026721434574586644,0.07993332189096039,0.13980864257251455
14,OnlineFPCA-sgd,0.1,11300,100,face,3,5,0.0974862575531006,6,3,0.16760237335409267,0.2037104194565392,0.13069518242876413,0.027181982145228954,0.08112924935925918,0.13960627890119592
14,OnlineFPCA-sgd,0.1,11400,100,face,3,5,0.097780704498291,6,3,0.0952676305407701,0.17358285097600853,0.12446055892018389,0.027241251059077685,0.08166144359367353,0.13908768931594134
14,OnlineFPCA-sgd,0.1,11500,100,face,3,5,0.0970702171325684,6,3,0.16186929883379728,0.094949914343085,0.11495593594366808,0.026912448550976357,0.08164849170874912,0.13827965960060415
14,OnlineFPCA-sgd,0.1,11600,100,face,3,5,0.0987749099731445,6,3,0.12094162914938464,0.11659762820214714,0.09919776568453591,0.026908170234444733,0.0811213171341964,0.13742923597276846
14,OnlineFPCA-sgd,0.1,11700,100,face,3,5,0.0978505611419678,6,3,0.1655765850717399,0.12059867081246814,0.08957154250076826,0.027689527502364395,0.08071394590698197,0.13673591452183403
14,OnlineFPCA-sgd,0.1,11800,100,face,3,5,0.0991265773773193,6,3,0.12951977540535467,0.15891628496451332,0.1216553772240293,0.02822945935202952,0.0803817839196379,0.1360590391538346
14,OnlineFPCA-sgd,0.1,11900,100,face,3,5,0.0980870723724365,6,3,0.2217580620644269,0.08928500081309863,0.11947129813080887,0.0292458721050477,0.0795255977251963,0.13542359723241207
14,OnlineFPCA-sgd,0.1,12000,100,face,3,5,0.0992765426635742,6,3,0.1284251513953489,0.1629527725114752,0.1994691342838917,0.029973666725845477,0.07925528513468559,0.13514104436865684
14,OnlineFPCA-sgd,0.1,12100,100,face,3,5,0.0983743667602539,6,3,0.1689489448305517,0.12382018557021984,0.1484360202089129,0.030266903146165893,0.07836659980734884,0.1347351093886818
14,OnlineFPCA-sgd,0.1,12200,100,face,3,5,0.0998215675354004,6,3,0.15457387455032373,0.13477406997445668,0.1417580979129284,0.030310723322793,0.07774816973958425,0.1341920670929521
14,OnlineFPCA-sgd,0.1,12300,100,face,3,5,0.100210189819336,6,3,0.07661743510791184,0.056936475637925275,0.14147976515306407,0.03054543352826399,0.0770085752575083,0.13407882273634314
14,OnlineFPCA-sgd,0.1,12400,100,face,3,5,0.0996954441070557,6,3,0.08094517030411742,0.08799794924442936,0.13987181709669164,0.030038284502284556,0.07648732864152236,0.13389692916544624
14,OnlineFPCA-sgd,0.1,12500,100,face,3,5,0.0970463752746582,6,3,0.10914580367713808,0.12109876916140642,0.10825091670054095,0.030346004011585118,0.07664341715678699,0.1334536492737092
14,OnlineFPCA-sgd,0.1,12600,100,face,3,5,0.101563930511475,6,3,0.10749948843239117,0.11708599280944601,0.09857642773358935,0.029923744542172635,0.07638560159006005,0.13243602763184745
14,OnlineFPCA-sgd,0.1,12700,100,face,3,5,0.0963523387908936,6,3,0.12371766296996273,0.0819773285145955,0.14846485281990862,0.029648948895028535,0.07612025522192417,0.13173595509093017
14,OnlineFPCA-sgd,0.1,12800,100,face,3,5,0.0998547077178955,6,3,0.1624410048903989,0.0898920459566135,0.12425808179457778,0.029177536618438995,0.07529831510596093,0.13153171540740086
14,OnlineFPCA-sgd,0.1,12900,100,face,3,5,0.0964152812957764,6,3,0.20011815334069302,0.12856520429043522,0.1367258269870052,0.028154339701712588,0.07463985350991835,0.13133757636451915
14,OnlineFPCA-sgd,0.1,13000,100,face,3,5,0.102004289627075,6,3,0.21387086493677618,0.10117456710754459,0.13076006138359736,0.027387175977401264,0.07386432890079472,0.13101707756177094
14,OnlineFPCA-sgd,0.1,13100,100,face,3,5,0.0967080593109131,6,3,0.14833555050558195,0.09102602842273255,0.150273473158059,0.02687590738140621,0.07353550235189853,0.13053856810723102
14,OnlineFPCA-sgd,0.1,13200,100,face,3,5,0.101087331771851,6,3,0.1034303478559098,0.1488050235072962,0.08553748330363331,0.02731971425933044,0.07351931661369611,0.12979373064457037
14,OnlineFPCA-sgd,0.1,13300,100,face,3,5,0.0959162712097168,6,3,0.16682744798306545,0.106692925316228,0.15254663869532042,0.02808357698256002,0.0736089394921198,0.12932735701834935
14,OnlineFPCA-sgd,0.1,13400,100,face,3,5,0.101813077926636,6,3,0.10410857141642835,0.13251891883791225,0.1486125871074752,0.02793411558541749,0.07370822534238212,0.12919803599900267
14,OnlineFPCA-sgd,0.1,13500,100,face,3,5,0.0997023582458496,6,3,0.060986953290915566,0.09096365579199288,0.13094593674232502,0.027686066255659055,0.07336048844011127,0.12891413375839256
14,OnlineFPCA-sgd,0.1,13600,100,face,3,5,0.0992023944854736,6,3,0.09688939642785929,0.06528887699124318,0.2084052427679425,0.02767003838861315,0.07251475007259603,0.12911061450594738
14,OnlineFPCA-sgd,0.1,13700,100,face,3,5,0.100542068481445,6,3,0.16304605232159133,0.13264320160754728,0.2214628348012235,0.02692450122921614,0.07114808939268576,0.12978104964078932
14,OnlineFPCA-sgd,0.1,13800,100,face,3,5,0.102653741836548,6,3,0.14435726235140747,0.17198901978926098,0.2840934862112362,0.026486878370395792,0.0699862445655874,0.13081367070784186
14,OnlineFPCA-sgd,0.1,13900,100,face,3,5,0.0998034477233887,6,3,0.2582278423669386,0.13932721725501018,0.2507139113044665,0.02586106024837848,0.06952085290503675,0.13184953091462753
14,OnlineFPCA-sgd,0.1,14000,100,face,3,5,0.0998313426971436,6,3,0.15089787336204183,0.11110610642667555,0.2594675111734492,0.02586556862420824,0.0683147615605268,0.13291612910644668
14,OnlineFPCA-sgd,0.1,14100,100,face,3,5,0.0974960327148438,6,3,0.17103698851670682,0.11182260354288258,0.26307433773235295,0.02607957301287586,0.0677861393934468,0.1338991989585251
14,OnlineFPCA-sgd,0.1,14200,100,face,3,5,0.103321552276611,6,3,0.16936193608396277,0.1521910240286964,0.2560981095889502,0.025511764770117885,0.06751331959830491,0.13471737202390532
14,OnlineFPCA-sgd,0.1,14300,100,face,3,5,0.097984790802002,6,3,0.16542764834961585,0.18584168164470935,0.23300518775649942,0.024654190325557518,0.06799234195077468,0.13547527689449448
14,OnlineFPCA-sgd,0.1,14400,100,face,3,5,0.100846767425537,6,3,0.09715486762808781,0.12052198988290018,0.2007155068082431,0.024027825486823452,0.067906006220092,0.13600991210982344
14,OnlineFPCA-sgd,0.1,14500,100,face,3,5,0.0979228019714355,6,3,0.15843028671415701,0.16772398563548477,0.22111375057353239,0.024260064626911423,0.06806452342052594,0.13649952255006703
14,OnlineFPCA-sgd,0.1,14600,100,face,3,5,0.103395938873291,6,3,0.11953301747100493,0.1136335145263701,0.20263249769733288,0.02416433011929502,0.06803867805124571,0.13701061024223074
14,OnlineFPCA-sgd,0.1,14700,100,face,3,5,0.0998828411102295,6,3,0.14705656159448444,0.10731625662533165,0.17101057933800623,0.023876099269101392,0.06821021103523459,0.13745774543609549
14,OnlineFPCA-sgd,0.1,14800,100,face,3,5,0.100130081176758,6,3,0.052367245730839763,0.1414003232565446,0.18901017030823863,0.02385804255676455,0.0688993589426326,0.1378390790337269
14,OnlineFPCA-sgd,0.1,14900,100,face,3,5,0.101085186004639,6,3,0.10409025551880345,0.14935763815035313,0.20982534562622432,0.02357360661825364,0.06942254393254498,0.13810924478801495
14,OnlineFPCA-sgd,0.1,15000,100,face,3,5,0.0975370407104492,6,3,0.17697107843051907,0.13172540031948238,0.21603908463636423,0.023668246994504642,0.06961602081548524,0.138530896071914
14,OnlineFPCA-sgd,0.1,0,100,face,3,5,6.38382577896118,8,1,0.011488913551722588,0.12793891021275938,0.62316145541387,0.011488913551722588,0.12793891021275938,0.62316145541387
14,OnlineFPCA-sgd,0.1,100,100,face,3,5,0.463281154632568,8,1,0.25103715335968374,0.21983692647915468,0.5648679947139906,NA,NA,NA
14,OnlineFPCA-sgd,0.1,200,100,face,3,5,0.460711717605591,8,1,0.4706776287538824,0.49012309440309143,1.3230988009586442,NA,NA,NA
14,OnlineFPCA-sgd,0.1,300,100,face,3,5,0.463730812072754,8,1,0.7217514088924682,0.6585842445544718,0.29183179633623113,NA,NA,NA
14,OnlineFPCA-sgd,0.1,400,100,face,3,5,0.454901933670044,8,1,0.41359111200649307,0.31907805708662784,0.29467614240956724,NA,NA,NA
14,OnlineFPCA-sgd,0.1,500,100,face,3,5,0.456807136535645,8,1,0.8182120857075292,0.7458763012027766,0.5441307212905342,NA,NA,NA
14,OnlineFPCA-sgd,0.1,600,100,face,3,5,0.458172082901001,8,1,0.7620388613439726,0.7509217565644365,0.5007044515692812,NA,NA,NA
14,OnlineFPCA-sgd,0.1,700,100,face,3,5,0.458445072174072,8,1,0.7415893167249359,0.7482493003825934,0.49762193157799134,NA,NA,NA
14,OnlineFPCA-sgd,0.1,800,100,face,3,5,0.458707332611084,8,1,0.7174698267365666,0.7460726376869684,0.49316665415986827,NA,NA,NA
14,OnlineFPCA-sgd,0.1,900,100,face,3,5,0.458922147750854,8,1,0.699436813973713,0.7421414888538683,0.4879336144637072,NA,NA,NA
14,OnlineFPCA-sgd,0.1,1000,100,face,3,5,0.47135066986084,8,1,0.6863759065844631,0.7403219988958614,0.48181670055533266,NA,NA,NA
14,OnlineFPCA-sgd,0.1,1100,100,face,3,5,0.643131494522095,8,1,0.2644963735503034,0.4642955596450467,0.4142777747128666,0.266606690602729,0.5786501004386104,0.42415627496958924
14,OnlineFPCA-sgd,0.1,1200,100,face,3,5,0.628723382949829,8,1,0.495759812397087,0.3978087020413192,0.3758960235299839,0.1277420986417477,0.44512588188619995,0.4144496111635301
14,OnlineFPCA-sgd,0.1,1300,100,face,3,5,0.630995988845825,8,1,0.18378117671252017,0.3862196701750175,0.3463052819737901,0.07469579259146865,0.3883510742949697,0.3911150987967436
14,OnlineFPCA-sgd,0.1,1400,100,face,3,5,0.632736682891846,8,1,0.1158040865616848,0.3250737385201591,0.30540659836353734,0.06476170558080603,0.36233257380442374,0.37767465246168347
14,OnlineFPCA-sgd,0.1,1500,100,face,3,5,0.648109197616577,8,1,0.1217832096663396,0.27232912877962073,0.3732748994317047,0.06774629556947309,0.34871434487040154,0.3648542302875242
14,OnlineFPCA-sgd,0.1,1600,100,face,3,5,0.787621974945068,8,1,0.12807036120353513,0.27396561002267344,0.35023659820258746,0.05211743538270425,0.33905250746603677,0.3620568490618983
14,OnlineFPCA-sgd,0.1,1700,100,face,3,5,0.64624810218811,8,1,0.16146213560996292,0.2567967924653222,0.33067491052419923,0.04219070748487376,0.32354653213287,0.35902604540469
14,OnlineFPCA-sgd,0.1,1800,100,face,3,5,0.641000509262085,8,1,0.2023778776896204,0.25867851668887015,0.28600277312674394,0.03212814068572622,0.3093366921984243,0.35167037761466163
14,OnlineFPCA-sgd,0.1,1900,100,face,3,5,0.643171072006226,8,1,0.1953336927361832,0.2341431417116139,0.27749341602966904,0.038009342005931826,0.29727551125702156,0.34337577110471
14,OnlineFPCA-sgd,0.1,2000,100,face,3,5,0.646754264831543,8,1,0.1490741332578424,0.20486536238293246,0.3310343521365378,0.04485882987353516,0.286752961328551,0.33746439117667454
14,OnlineFPCA-sgd,0.1,2100,100,face,3,5,0.644263744354248,8,1,0.14333643061470833,0.22665088354076102,0.2424942774822658,0.043899496069909026,0.2762711961394154,0.3284550320035474
14,OnlineFPCA-sgd,0.1,2200,100,face,3,5,0.637542486190796,8,1,0.21952558407388104,0.21628076423178513,0.2586850374457305,0.04071524566353482,0.26907768940821475,0.32082028614867236
14,OnlineFPCA-sgd,0.1,2300,100,face,3,5,0.626564264297485,8,1,0.09854021300482226,0.14822763327481014,0.26943047914501494,0.0411585118357458,0.2596869394329669,0.31685849277960043
14,OnlineFPCA-sgd,0.1,2400,100,face,3,5,0.627863645553589,8,1,0.11975763753044684,0.12823938535621845,0.22320036392038176,0.03949747855382645,0.25086132872671923,0.30906108276926886
14,OnlineFPCA-sgd,0.1,2500,100,face,3,5,0.631490707397461,8,1,0.11781767076753699,0.14875278683191198,0.2139197150411603,0.03985367700555717,0.240381863781765,0.3005518513137394
14,OnlineFPCA-sgd,0.1,2600,100,face,3,5,0.632512807846069,8,1,0.15292070813655156,0.17674571143185175,0.26890077008790503,0.03548994726703301,0.2298400702094219,0.292600826392749
14,OnlineFPCA-sgd,0.1,2700,100,face,3,5,0.634765625,8,1,0.0948849243890999,0.15544899401841253,0.261086869906545,0.034097368610086665,0.22288921653959978,0.287783431111637
14,OnlineFPCA-sgd,0.1,2800,100,face,3,5,0.624897003173828,8,1,0.19542460747164855,0.1838815295126667,0.24654318124991423,0.027890934226013145,0.2173408720583779,0.284583460678441
14,OnlineFPCA-sgd,0.1,2900,100,face,3,5,0.627181053161621,8,1,0.2630608790425447,0.1863123757556068,0.24850067511398888,0.023032448357289268,0.2124849496509137,0.2812530886124535
14,OnlineFPCA-sgd,0.1,3000,100,face,3,5,0.631814956665039,8,1,0.262523913546474,0.1681962694369562,0.21582015275290842,0.020980558488319215,0.20757962102788924,0.27694638378434655
14,OnlineFPCA-sgd,0.1,3100,100,face,3,5,0.639940738677979,8,1,0.12771951275517665,0.14933669157801674,0.3030180130156226,0.021533721328429924,0.20277064589848603,0.2755053520707503
14,OnlineFPCA-sgd,0.1,3200,100,face,3,5,0.636045694351196,8,1,0.16071971388139852,0.21113367957117768,0.18454983547631057,0.024169362335415497,0.19777362908529206,0.27166950462516287
14,OnlineFPCA-sgd,0.1,3300,100,face,3,5,0.779069185256958,8,1,0.22263124990201394,0.1874026452047617,0.25806829964936207,0.027969997482463843,0.19480465601716987,0.26832475689797797
14,OnlineFPCA-sgd,0.1,3400,100,face,3,5,0.631338119506836,8,1,0.19519987371718456,0.18457544465612255,0.20571190475248313,0.028077278886725444,0.1919200015116461,0.26526879011199145
14,OnlineFPCA-sgd,0.1,3500,100,face,3,5,0.630918979644775,8,1,0.08012577333888637,0.13112223974891574,0.18317160858254844,0.02859085651417447,0.18864409328543227,0.2618857795819927
14,OnlineFPCA-sgd,0.1,3600,100,face,3,5,0.631608009338379,8,1,0.11484418069055168,0.15052238001121318,0.2760944226956326,0.028253581844155273,0.1840514551374133,0.26060146450579486
14,OnlineFPCA-sgd,0.1,3700,100,face,3,5,0.630470275878906,8,1,0.2102040172563678,0.1595368001888528,0.30611238938183294,0.026499066621406046,0.17956431719718519,0.2585175471819945
14,OnlineFPCA-sgd,0.1,3800,100,face,3,5,0.641515254974365,8,1,0.17915272202481783,0.21434390665323902,0.3695102390272379,0.025883184980768765,0.17490262958717978,0.2573830781523125
14,OnlineFPCA-sgd,0.1,3900,100,face,3,5,0.63239312171936,8,1,0.28371764218744683,0.17037318571881832,0.293479512429145,0.025411217816684355,0.16972289698690443,0.2555115697337261
14,OnlineFPCA-sgd,0.1,4000,100,face,3,5,0.630914926528931,8,1,0.027159098976803724,0.1645239870130335,0.2540742022959758,0.027159098976803724,0.1645239870130335,0.2540742022959758
14,OnlineFPCA-sgd,0.1,4100,100,face,3,5,0.630986452102661,8,1,0.19816509797505868,0.18058361351546773,0.25151172180684933,0.12223388995043988,0.17191010347355695,0.2395484327473525
14,OnlineFPCA-sgd,0.1,4200,100,face,3,5,0.631978988647461,8,1,0.1952627939036901,0.2677215839726703,0.26760693335512137,0.07374234749880683,0.17129689683723032,0.24284877465019436
14,OnlineFPCA-sgd,0.1,4300,100,face,3,5,0.632716417312622,8,1,0.1974025716223743,0.2524858236759253,0.2150544927449318,0.07103754268062591,0.18837688998111426,0.2359376350135921
14,OnlineFPCA-sgd,0.1,4400,100,face,3,5,0.640760898590088,8,1,0.08945753238842931,0.1583956317061913,0.21594395320642948,0.061114534683437145,0.1770392652371873,0.22320718485093813
14,OnlineFPCA-sgd,0.1,4500,100,face,3,5,0.62642502784729,8,1,0.21500545933373713,0.22510766446145367,0.24420783013732747,0.05023140481564966,0.17772782565739667,0.21824119213080828
14,OnlineFPCA-sgd,0.1,4600,100,face,3,5,0.630361318588257,8,1,0.11739770114581555,0.169627314881824,0.22163214213378657,0.033573332412947215,0.17394069215524052,0.2150636513502742
14,OnlineFPCA-sgd,0.1,4700,100,face,3,5,0.630220174789429,8,1,0.1905886514943261,0.15767381031818659,0.1769787495907364,0.028478651241677595,0.17232461235923563,0.2108579341296645
14,OnlineFPCA-sgd,0.1,4800,100,face,3,5,0.63470458984375,8,1,0.0594846660280765,0.20541099953396147,0.1876024344803331,0.024525511974413917,0.1772699490683656,0.20642208985925412
14,OnlineFPCA-sgd,0.1,4900,100,face,3,5,0.629658699035645,8,1,0.14857017186569765,0.19769970522274238,0.2623092392394702,0.018840798245038582,0.17678181529624395,0.20216853776724286
14,OnlineFPCA-sgd,0.1,5000,100,face,3,5,0.629635810852051,8,1,0.28480244945715416,0.16966605481189526,0.27816247805809574,0.02088356778732435,0.17055597659944124,0.20479563254269195
14,OnlineFPCA-sgd,0.1,5100,100,face,3,5,0.0988407135009766,8,1,0.15675594925247138,0.1350739737112441,0.20647386478380597,0.0248976967950289,0.16338638271460665,0.2060736091332238
14,OnlineFPCA-sgd,0.1,5200,100,face,3,5,0.0964643955230713,8,1,0.13369415768825282,0.16248410000813507,0.16990093729190062,0.023440538960203355,0.15584927125470757,0.20027850121525512
14,OnlineFPCA-sgd,0.1,5300,100,face,3,5,0.102612972259521,8,1,0.1473910162598841,0.15687411503543217,0.14133638496203965,0.03134428115037067,0.15190797010730359,0.19510208167594228
14,OnlineFPCA-sgd,0.1,5400,100,face,3,5,0.0985655784606934,8,1,0.256256864216372,0.14850966594177822,0.1703527895680448,0.03258865946600758,0.1501326469128683,0.1913192781521863
14,OnlineFPCA-sgd,0.1,5500,100,face,3,5,0.102909803390503,8,1,0.14727673912521963,0.1594799925115866,0.1625889844831978,0.030039992284586856,0.14955565656312192,0.18801372919933476
14,OnlineFPCA-sgd,0.1,5600,100,face,3,5,0.0974745750427246,8,1,0.12648522748515584,0.22643859956643286,0.19151512497275988,0.026428253277139213,0.14856609104004015,0.18734552874683005
14,OnlineFPCA-sgd,0.1,5700,100,face,3,5,0.102267503738403,8,1,0.16835330563985798,0.1615324048667062,0.21051280128627062,0.029839452409494652,0.1478577152576132,0.18622644993143658
14,OnlineFPCA-sgd,0.1,5800,100,face,3,5,0.0970528125762939,8,1,0.14929298345386088,0.19922970632587253,0.17397329580056045,0.02954599692428513,0.14847224321742852,0.18602951493873435
14,OnlineFPCA-sgd,0.1,5900,100,face,3,5,0.103511095046997,8,1,0.20805002163692599,0.21378946592209436,0.2073883193422404,0.028205395212527472,0.14822845826797515,0.18569823721776615
14,OnlineFPCA-sgd,0.1,6000,100,face,3,5,0.097428560256958,8,1,0.17744940578769,0.1739190160431928,0.19446440103555815,0.029104163853882255,0.14916681302929147,0.18676324947220138
14,OnlineFPCA-sgd,0.1,6100,100,face,3,5,0.0998597145080566,8,1,0.17487226684648852,0.1993423149739746,0.14657524310858422,0.030894499353456492,0.1492481920964926,0.18506298042252037
14,OnlineFPCA-sgd,0.1,6200,100,face,3,5,0.0986988544464111,8,1,0.1432259474811659,0.19161786577584336,0.1598304890047207,0.0329652285103322,0.14952433545609276,0.1834678665119422
14,OnlineFPCA-sgd,0.1,6300,100,face,3,5,0.0988044738769531,8,1,0.18426961123903501,0.2286929433664206,0.14798407642330572,0.03428437457587617,0.14996264962955302,0.18159708368617672
14,OnlineFPCA-sgd,0.1,6400,100,face,3,5,0.0992786884307861,8,1,0.11628553036226964,0.19608291894956562,0.15088996215950148,0.03414773827817743,0.14953520869350884,0.1790479477104228
14,OnlineFPCA-sgd,0.1,6500,100,face,3,5,0.0973162651062012,8,1,0.1724766747988969,0.13122533641359826,0.14831578419707767,0.0324887004079507,0.14715229487784165,0.17521076243574626
14,OnlineFPCA-sgd,0.1,6600,100,face,3,5,0.101431608200073,8,1,0.14179343824235127,0.15908675658040428,0.11864413293307223,0.032664282995262806,0.14357006364812316,0.1715753265409104
14,OnlineFPCA-sgd,0.1,6700,100,face,3,5,0.0964372158050537,8,1,0.18926887326930478,0.14923704292372614,0.10635149373938999,0.034810537361790704,0.1400774129716056,0.1686772534489711
14,OnlineFPCA-sgd,0.1,6800,100,face,3,5,0.101035594940186,8,1,0.16076093661929478,0.19194021517348556,0.12611825591010145,0.035814043073307475,0.13648111717718367,0.16551693580405402
14,OnlineFPCA-sgd,0.1,6900,100,face,3,5,0.0966484546661377,8,1,0.24394795956516838,0.09711421759639605,0.12656983722942566,0.03851162882126444,0.13253618111779417,0.16261957358834836
14,OnlineFPCA-sgd,0.1,7000,100,face,3,5,0.102028608322144,8,1,0.14022068824854303,0.1770961336308948,0.22888113374507812,0.03995297068586317,0.1299447616612226,0.16063553754731824
14,OnlineFPCA-sgd,0.1,7100,100,face,3,5,0.0974876880645752,8,1,0.19085294664092237,0.1475543965600011,0.15926956736272477,0.040585148122834605,0.12615550279770896,0.15828940862176288
14,OnlineFPCA-sgd,0.1,7200,100,face,3,5,0.102795839309692,8,1,0.18179372067345742,0.1459976205964192,0.14184175939708085,0.04027328912736777,0.12354105709802264,0.1560544997440964
14,OnlineFPCA-sgd,0.1,7300,100,face,3,5,0.0966479778289795,8,1,0.0985014400027853,0.055312142401796986,0.18168839384148525,0.04118374925501254,0.12027303513602511,0.1557764173391614
14,OnlineFPCA-sgd,0.1,7400,100,face,3,5,0.0993103981018066,8,1,0.0898757527873334,0.07821423797235355,0.1769056175571781,0.03975953974545946,0.1175593027225758,0.15527367177034734
14,OnlineFPCA-sgd,0.1,7500,100,face,3,5,0.098952054977417,8,1,0.11514647034919094,0.1142184276347547,0.14139296667528028,0.03970530076792227,0.11575974160657782,0.15410673494671406
14,OnlineFPCA-sgd,0.1,7600,100,face,3,5,0.10042142868042,8,1,0.11902015245899786,0.12235349556135607,0.1440009112791515,0.03760043896728596,0.11318808653290978,0.15154928792472494
14,OnlineFPCA-sgd,0.1,7700,100,face,3,5,0.0993022918701172,8,1,0.12876809759683516,0.09164550041170168,0.20365797610605083,0.03661050853517008,0.11131192725337805,0.15008016053461337
14,OnlineFPCA-sgd,0.1,7800,100,face,3,5,0.0969963073730469,8,1,0.1954826091822243,0.13194237811405968,0.15449898833481984,0.035188201175589795,0.10858915593632153,0.1498368615356422
14,OnlineFPCA-sgd,0.1,7900,100,face,3,5,0.101775646209717,8,1,0.23166608512133713,0.14666395612673055,0.16741169942588444,0.032523061602509916,0.10632471403352838,0.1494862077612887
14,OnlineFPCA-sgd,0.1,8000,100,face,3,5,0.0958688259124756,8,1,0.23984398397404533,0.10904542963136346,0.14927276592852046,0.031134887478044274,0.10373575506899364,0.14877524577995238
14,OnlineFPCA-sgd,0.1,8100,100,face,3,5,0.102212190628052,8,1,0.1589362492953612,0.09863451070184273,0.19105384519392052,0.03034691832939106,0.10219428775598874,0.14801548173483428
14,OnlineFPCA-sgd,0.1,8200,100,face,3,5,0.0964484214782715,8,1,0.11931251980906273,0.16503795900239737,0.1139485408812771,0.031622307905720876,0.10119393424579173,0.14662856020847365
14,OnlineFPCA-sgd,0.1,8300,100,face,3,5,0.101248979568481,8,1,0.1929946736857188,0.12032481277789986,0.1978084471763133,0.033416218200339506,0.10070282858692606,0.14584231488277563
14,OnlineFPCA-sgd,0.1,8400,100,face,3,5,0.243725299835205,8,1,0.1325511097161286,0.14554171802678442,0.1766396322270612,0.03278922396495759,0.10024955354121837,0.14563263185810066
14,OnlineFPCA-sgd,0.1,8500,100,face,3,5,0.101613759994507,8,1,0.06558765373364205,0.10075811376213738,0.14884717463300015,0.03185081525107566,0.09903036209441013,0.1450425212197232
14,OnlineFPCA-sgd,0.1,8600,100,face,3,5,0.0985722541809082,8,1,0.10365513781088193,0.08454459458668019,0.2392723315308203,0.03180587046438462,0.09699957692014866,0.1455723796160534
14,OnlineFPCA-sgd,0.1,8700,100,face,3,5,0.101188898086548,8,1,0.17551145750468042,0.14189625770092235,0.25401171657770727,0.029686400586132148,0.09421680914416601,0.14670260758125564
14,OnlineFPCA-sgd,0.1,8800,100,face,3,5,0.100142240524292,8,1,0.15565518395223724,0.18356462904319862,0.31811394464146264,0.02840938892946041,0.09181518467153447,0.14842349641421945
14,OnlineFPCA-sgd,0.1,8900,100,face,3,5,0.0980455875396729,8,1,0.2658148537889715,0.14003939959867553,0.2710278772983014,0.026727116539830658,0.09022714835025757,0.1499556272313075
14,OnlineFPCA-sgd,0.1,9000,100,face,3,5,0.102198600769043,8,1,0.1674177389258941,0.11061692038492384,0.2793052698430544,0.026709664886856253,0.0875763297294355,0.1515886401830807
14,OnlineFPCA-sgd,0.1,9100,100,face,3,5,0.0984611511230469,8,1,0.18664069844881598,0.11665216774458526,0.28306457899018167,0.02698432269680153,0.0858253020213798,0.15297525809311074
14,OnlineFPCA-sgd,0.1,9200,100,face,3,5,0.101592779159546,8,1,0.1855238565044449,0.17358429587811328,0.2749698408985306,0.025733565385666485,0.0845966360762332,0.15402671247115024
14,OnlineFPCA-sgd,0.1,9300,100,face,3,5,0.097322940826416,8,1,0.17804703178682682,0.2034373174497253,0.24201681801284985,0.024163465171553926,0.08442915795874936,0.15491999379015062
14,OnlineFPCA-sgd,0.1,9400,100,face,3,5,0.102223873138428,8,1,0.09399614824506573,0.11071413488808585,0.21188292765044756,0.02319066052699274,0.08346212044128128,0.1554822224359002
14,OnlineFPCA-sgd,0.1,9500,100,face,3,5,0.0993854999542236,8,1,0.17605956229457145,0.16376205282667278,0.2296625508395643,0.02392917972053128,0.0831326227412741,0.15601655767611505
14,OnlineFPCA-sgd,0.1,9600,100,face,3,5,0.102187871932983,8,1,0.12269339712724668,0.09281381054916518,0.20272808361476524,0.023568771644444653,0.08252248308562872,0.15663597441710866
14,OnlineFPCA-sgd,0.1,9700,100,face,3,5,0.096336841583252,8,1,0.16206246965045779,0.08789700727248859,0.1654612672892753,0.023117261918978598,0.08231257202346576,0.15701729062425532
14,OnlineFPCA-sgd,0.1,9800,100,face,3,5,0.0996506214141846,8,1,0.05619477231690605,0.13563284961325792,0.1815519714970278,0.023117602332070292,0.08299601897284956,0.15727976567242832
14,OnlineFPCA-sgd,0.1,9900,100,face,3,5,0.0984354019165039,8,1,0.116655663945851,0.14117796598078208,0.21527822132907698,0.022509669091877335,0.08332419175504538,0.157351949078789
14,OnlineFPCA-sgd,0.1,10000,100,face,3,5,0.0996367931365967,8,1,0.21047497548273283,0.11989713965665902,0.22516036850028465,0.022779243397635096,0.08302674805409269,0.15793480115969327
14,OnlineFPCA-sgd,0.1,10100,100,face,3,5,0.0986125469207764,8,1,0.146986738591052,0.05860180636296997,0.18041539008406546,0.023500376864918387,0.08222833282231375,0.158478014674226
14,OnlineFPCA-sgd,0.1,10200,100,face,3,5,0.0988447666168213,8,1,0.1316917517535243,0.10226924358526018,0.15545170033462868,0.023372212519704037,0.08085809301195022,0.15798266198138833
14,OnlineFPCA-sgd,0.1,10300,100,face,3,5,0.098813533782959,8,1,0.12403879881544894,0.11955582389957216,0.13205475365003014,0.024605861088473725,0.07984581272569297,0.15743562935157476
14,OnlineFPCA-sgd,0.1,10400,100,face,3,5,0.09659743309021,8,1,0.22816326411580862,0.0901532027179764,0.14733492228678421,0.02509010230348807,0.07952887417982679,0.15707097302369896
14,OnlineFPCA-sgd,0.1,10500,100,face,3,5,0.101785898208618,8,1,0.136479357438778,0.11552284978799165,0.13369425499802795,0.025307441608403185,0.0796190512359909,0.1565701578089267
14,OnlineFPCA-sgd,0.1,10600,100,face,3,5,0.097733736038208,8,1,0.12846185513875752,0.16466064723225984,0.15544577118851235,0.02463219095228609,0.07974577330135756,0.15634974963986942
14,OnlineFPCA-sgd,0.1,10700,100,face,3,5,0.102792024612427,8,1,0.15228970253244706,0.11095191772636732,0.16748111505452803,0.025328252019716224,0.07984173658083721,0.15603915063160761
14,OnlineFPCA-sgd,0.1,10800,100,face,3,5,0.0982844829559326,8,1,0.12788926926855534,0.14923472640384342,0.13352602758546672,0.025326714463668326,0.0802501620895432,0.15585679260584254
14,OnlineFPCA-sgd,0.1,10900,100,face,3,5,0.104327440261841,8,1,0.17522037299299675,0.1700165791394681,0.1712277354084315,0.024940043867394956,0.08036344566297893,0.1556093830886455
14,OnlineFPCA-sgd,0.1,11000,100,face,3,5,0.096893310546875,8,1,0.15678673657383452,0.15308445716367974,0.1641871430870654,0.02477693813252972,0.08101441739790592,0.15576700429462664
14,OnlineFPCA-sgd,0.1,11100,100,face,3,5,0.103122234344482,8,1,0.14292021163215438,0.16353594226740997,0.13245971116853889,0.025247182750049793,0.08160106552247667,0.15542189703215997
14,OnlineFPCA-sgd,0.1,11200,100,face,3,5,0.0971055030822754,8,1,0.1280686955259851,0.16292887791994032,0.14654613030494187,0.026081330239118586,0.08219883996169579,0.15521380493251913
14,OnlineFPCA-sgd,0.1,11300,100,face,3,5,0.100110054016113,8,1,0.16544587416665765,0.1849144043096851,0.13322622994208178,0.026534004987413852,0.08284882123688024,0.15488139267337148
14,OnlineFPCA-sgd,0.1,11400,100,face,3,5,0.09871506690979,8,1,0.09541274453410435,0.16239433272612358,0.13526936614152205,0.02657197662173801,0.08311993410214344,0.15429784536761149
14,OnlineFPCA-sgd,0.1,11500,100,face,3,5,0.100794076919556,8,1,0.15872859121966398,0.08870552332567538,0.12638813725828268,0.026248763265113505,0.08288640552475354,0.15344215444652898
14,OnlineFPCA-sgd,0.1,11600,100,face,3,5,0.100031137466431,8,1,0.1158943322289232,0.11178875226397378,0.10680628224338487,0.02623716244845318,0.08223699007619834,0.15251370965678018
14,OnlineFPCA-sgd,0.1,11700,100,face,3,5,0.0976214408874512,8,1,0.1607133365998267,0.11084650411829984,0.10052760033718826,0.0269992709692953,0.0816347027367212,0.15174181490878677
14,OnlineFPCA-sgd,0.1,11800,100,face,3,5,0.102360963821411,8,1,0.1281608017280505,0.15144643134689126,0.11853152639495546,0.02751061307721202,0.08100818213995879,0.15094267603902653
14,OnlineFPCA-sgd,0.1,11900,100,face,3,5,0.0970425605773926,8,1,0.21550775038990244,0.08723436541332208,0.12638314428822134,0.028517633429958347,0.08005875101485377,0.1501957498825155
14,OnlineFPCA-sgd,0.1,12000,100,face,3,5,0.101042509078979,8,1,0.12442288672079162,0.15200068988992946,0.19935752240094817,0.029247327692261318,0.07952414323761285,0.14978810821211275
14,OnlineFPCA-sgd,0.1,12100,100,face,3,5,0.0965540409088135,8,1,0.1537760049204823,0.12124263937097157,0.1406539253489778,0.02947931722518497,0.07849292879214276,0.14928654138904068
14,OnlineFPCA-sgd,0.1,12200,100,face,3,5,0.100869655609131,8,1,0.15136796523845303,0.12394223743442717,0.13807626489161764,0.029469722932986962,0.07777747002975459,0.1487051324791524
14,OnlineFPCA-sgd,0.1,12300,100,face,3,5,0.0985245704650879,8,1,0.07488922272612913,0.051145776686757696,0.15800304831237988,0.029661240190884616,0.0769465332449543,0.14862402322868443
14,OnlineFPCA-sgd,0.1,12400,100,face,3,5,0.100773096084595,8,1,0.0750611215927958,0.0773069085446037,0.1581385705042504,0.029179687828592406,0.07630262385655706,0.14846357920138353
14,OnlineFPCA-sgd,0.1,12500,100,face,3,5,0.0953912734985352,8,1,0.10661436905415073,0.10236789233973484,0.13250787088462246,0.029530433306636183,0.07608819213895734,0.148095539025841
14,OnlineFPCA-sgd,0.1,12600,100,face,3,5,0.0970413684844971,8,1,0.10495278032179864,0.1083241560749036,0.11560318980708605,0.02913586459511076,0.07552657958754108,0.14714607630077106
14,OnlineFPCA-sgd,0.1,12700,100,face,3,5,0.0990619659423828,8,1,0.11828541424479448,0.0760314651255977,0.17007490030654102,0.02886278363253706,0.07507445024574695,0.14653086668706078
14,OnlineFPCA-sgd,0.1,12800,100,face,3,5,0.098736047744751,8,1,0.16004254379730243,0.09424373109923842,0.13271625631420364,0.028376323024850627,0.07423327161928239,0.14636451195296465
14,OnlineFPCA-sgd,0.1,12900,100,face,3,5,0.10643196105957,8,1,0.19548522409426305,0.1233397389750899,0.14809195137269546,0.027372760922613232,0.07352000760769394,0.14611299727424715
14,OnlineFPCA-sgd,0.1,13000,100,face,3,5,0.0982577800750732,8,1,0.20876827006257823,0.09556384816176033,0.13190744881597327,0.026624782144361488,0.07270258625787192,0.1457317089180461
14,OnlineFPCA-sgd,0.1,13100,100,face,3,5,0.101175546646118,8,1,0.14372568113835485,0.08213832571325634,0.16094230931467554,0.02611580850218606,0.07228598135335026,0.14522898394540745
14,OnlineFPCA-sgd,0.1,13200,100,face,3,5,0.0960979461669922,8,1,0.10087751002971211,0.13728633433805187,0.09820384050368078,0.026556943948874288,0.07211083834831525,0.1445130505739935
14,OnlineFPCA-sgd,0.1,13300,100,face,3,5,0.105731010437012,8,1,0.16600400543686417,0.09441096585247395,0.17016972624963872,0.027345229439675777,0.07209461111258346,0.14408869701962873
14,OnlineFPCA-sgd,0.1,13400,100,face,3,5,0.0966572761535645,8,1,0.10094851904070831,0.12098796891785596,0.1572936299632717,0.02721976185678071,0.07208596304978904,0.14397867759940491
14,OnlineFPCA-sgd,0.1,13500,100,face,3,5,0.0975065231323242,8,1,0.059933762111551735,0.08569850404545026,0.13567459524681721,0.026996573265106964,0.07171008102962485,0.1436933404548499
14,OnlineFPCA-sgd,0.1,13600,100,face,3,5,0.0981945991516113,8,1,0.09246335435239801,0.06412531448597114,0.21613199349983378,0.026975643972322803,0.07093457764516327,0.14389951196095338
14,OnlineFPCA-sgd,0.1,13700,100,face,3,5,0.0990681648254395,8,1,0.15415766537930692,0.12078510708453295,0.22934324916651036,0.026301395672936895,0.06975081957613234,0.14449618967608696
14,OnlineFPCA-sgd,0.1,13800,100,face,3,5,0.0991499423980713,8,1,0.14243325490609643,0.16048875294864146,0.2880711949588809,0.025906053451932486,0.06872934388540261,0.14539691056139295
14,OnlineFPCA-sgd,0.1,13900,100,face,3,5,0.100493669509888,8,1,0.24938547704437042,0.12276642503697106,0.25162110313959707,0.025327938520838502,0.06821334676344845,0.1462868149461235
14,OnlineFPCA-sgd,0.1,14000,100,face,3,5,0.101101636886597,8,1,0.14881450369382468,0.09868172272344639,0.25824558798732983,0.025343598806666128,0.0671121785040068,0.14719458600206642
14,OnlineFPCA-sgd,0.1,14100,100,face,3,5,0.0983254909515381,8,1,0.16588364314346796,0.10737798196987021,0.26063604764913695,0.025549279266547948,0.06649809211672399,0.147995933478206
14,OnlineFPCA-sgd,0.1,14200,100,face,3,5,0.102128744125366,8,1,0.1665197788873637,0.14814782233046206,0.2543008467100965,0.02498649382967024,0.06611274114951397,0.14860308488101637
14,OnlineFPCA-sgd,0.1,14300,100,face,3,5,0.0982437133789062,8,1,0.16129988789193903,0.18179242496024417,0.2300378150748416,0.02413265359148824,0.06637347540213613,0.14915700419570457
14,OnlineFPCA-sgd,0.1,14400,100,face,3,5,0.103011131286621,8,1,0.09392030019441759,0.10987884156879511,0.19867457091352744,0.02352337154401198,0.06616208457860939,0.14952909329962422
14,OnlineFPCA-sgd,0.1,14500,100,face,3,5,0.0974805355072021,8,1,0.15543955623530034,0.15342763742067841,0.2173495961056063,0.023762440503553986,0.06619589433532522,0.1498541069940085
14,OnlineFPCA-sgd,0.1,14600,100,face,3,5,0.102833986282349,8,1,0.11537952065378314,0.09359299995939256,0.1996954679628457,0.0236733116038315,0.06602370336075072,0.15024478882722275
14,OnlineFPCA-sgd,0.1,14700,100,face,3,5,0.0975909233093262,8,1,0.14532638748386006,0.09164116046833705,0.17103433914005017,0.023394923207558187,0.06602754803746602,0.15054931966217244
14,OnlineFPCA-sgd,0.1,14800,100,face,3,5,0.10407567024231,8,1,0.05171266467075448,0.12756190809480875,0.18768272089434415,0.023388417852379956,0.0665165595053452,0.15082413622721447
14,OnlineFPCA-sgd,0.1,14900,100,face,3,5,0.0968523025512695,8,1,0.10171212354920382,0.1322731716558772,0.20939920938161413,0.023106440705180347,0.0668462899323643,0.1510024551513808
14,OnlineFPCA-sgd,0.1,15000,100,face,3,5,0.100110292434692,8,1,0.17623115282421536,0.1129830242217497,0.21593984034673402,0.02321062345676492,0.06684709187044768,0.15137395762621558
14,OnlineFPCA-sgd,0.1,0,100,face,3,5,6.38382577896118,8,2,0.011488913551722588,0.12793891021275938,0.62316145541387,0.011488913551722588,0.12793891021275938,0.62316145541387
14,OnlineFPCA-sgd,0.1,100,100,face,3,5,0.596390962600708,8,2,0.47879257934163955,0.8784730008307868,0.45228945689486166,NA,NA,NA
14,OnlineFPCA-sgd,0.1,200,100,face,3,5,0.451240301132202,8,2,0.3813373621809346,0.3186235050258662,1.2651913800094892,NA,NA,NA
14,OnlineFPCA-sgd,0.1,300,100,face,3,5,0.452415227890015,8,2,0.36677001406771337,0.42924039884258597,0.43294432141122197,NA,NA,NA
14,OnlineFPCA-sgd,0.1,400,100,face,3,5,0.453520059585571,8,2,0.45033528614699553,0.5398849476058472,0.4257531795889939,NA,NA,NA
14,OnlineFPCA-sgd,0.1,500,100,face,3,5,0.456662178039551,8,2,0.3261938795912293,0.35484788920788973,0.6899783162639895,NA,NA,NA
14,OnlineFPCA-sgd,0.1,600,100,face,3,5,0.452513217926025,8,2,0.285713437874181,0.37243797642714394,0.6965883074184447,NA,NA,NA
14,OnlineFPCA-sgd,0.1,700,100,face,3,5,0.456566572189331,8,2,0.25618057000900313,0.3564464796608483,0.6918691709103036,NA,NA,NA
14,OnlineFPCA-sgd,0.1,800,100,face,3,5,0.45775842666626,8,2,0.2306022449036712,0.33413639752381147,0.6866266821473718,NA,NA,NA
14,OnlineFPCA-sgd,0.1,900,100,face,3,5,0.458106279373169,8,2,0.2123784234356538,0.3104774740830432,0.6818021684801124,NA,NA,NA
14,OnlineFPCA-sgd,0.1,1000,100,face,3,5,0.459085464477539,8,2,0.20057929593429158,0.2891265666613479,0.6776494623845787,NA,NA,NA
14,OnlineFPCA-sgd,0.1,1100,100,face,3,5,0.633426666259766,8,2,0.3508608417092456,0.24797267935293962,0.5039504997394767,0.11514157499248474,0.23402511606333445,0.5592326373754544
14,OnlineFPCA-sgd,0.1,1200,100,face,3,5,0.636467695236206,8,2,0.18724143238001356,0.25537475774224777,0.32411917173493765,0.09931721595222495,0.2347278593676996,0.4701930125581535
14,OnlineFPCA-sgd,0.1,1300,100,face,3,5,0.63613748550415,8,2,0.16451382038809245,0.24559972078392103,0.2683894976105169,0.09149279126986984,0.23384254981203398,0.3878250256817624
14,OnlineFPCA-sgd,0.1,1400,100,face,3,5,0.643152475357056,8,2,0.295501935864873,0.22308219923545586,0.2565793141813612,0.0651849210206018,0.22996629783443626,0.3488673584231173
14,OnlineFPCA-sgd,0.1,1500,100,face,3,5,0.652102708816528,8,2,0.08936250685923937,0.2036706711881473,0.3027400768837506,0.05297401736586329,0.21748870617120367,0.32646146545955423
14,OnlineFPCA-sgd,0.1,1600,100,face,3,5,0.644576072692871,8,2,0.0647660325800479,0.19979146232389733,0.3058911576371003,0.04241108364678849,0.21010442739654536,0.32073962937797396
14,OnlineFPCA-sgd,0.1,1700,100,face,3,5,0.64421558380127,8,2,0.07703888057563345,0.18156861600284052,0.3005575472443667,0.03905307663606771,0.2049130121927992,0.3173711207516731
14,OnlineFPCA-sgd,0.1,1800,100,face,3,5,0.641286849975586,8,2,0.06653228109681972,0.17315477818402186,0.27978982073773734,0.038550036573744596,0.2003681928255196,0.31265448927689826
14,OnlineFPCA-sgd,0.1,1900,100,face,3,5,0.642439365386963,8,2,0.09517937825490301,0.16617954069623705,0.27151318976526706,0.04096465990883199,0.19652316246010926,0.30775607162754026
14,OnlineFPCA-sgd,0.1,2000,100,face,3,5,0.638274192810059,8,2,0.07019238756602443,0.16290542537239888,0.278787271961766,0.04476844932803675,0.19315499410245465,0.3033898771630869
14,OnlineFPCA-sgd,0.1,2100,100,face,3,5,0.626761913299561,8,2,0.1299554063023552,0.21629372474420475,0.21182707027583647,0.04253640725205846,0.18979666695404193,0.29472118940075365
14,OnlineFPCA-sgd,0.1,2200,100,face,3,5,0.627668142318726,8,2,0.23015017469565652,0.21417423324372525,0.25816549104683967,0.03703989572780864,0.18911617123049768,0.28857962981121194
14,OnlineFPCA-sgd,0.1,2300,100,face,3,5,0.628963470458984,8,2,0.10389587743032058,0.1416999923695002,0.281543589442768,0.03575303244362738,0.185597030581468,0.28947399741104896
14,OnlineFPCA-sgd,0.1,2400,100,face,3,5,0.632111072540283,8,2,0.11999327825167826,0.12209592953552845,0.2170483829220162,0.034073291900578596,0.18158985330515778,0.28336715683769764
14,OnlineFPCA-sgd,0.1,2500,100,face,3,5,0.62215518951416,8,2,0.12138319888838418,0.14787489550747324,0.2222912106072608,0.03673269415753911,0.17511853890848728,0.2775248458482787
14,OnlineFPCA-sgd,0.1,2600,100,face,3,5,0.626098394393921,8,2,0.15578098303385576,0.17322158766202944,0.2816595145995549,0.03439135395700518,0.16865960023267523,0.2736625764126592
14,OnlineFPCA-sgd,0.1,2700,100,face,3,5,0.614713907241821,8,2,0.09921037602699795,0.15279703700788058,0.26172368092535464,0.03363394751148556,0.16582641606043458,0.27095685074393905
14,OnlineFPCA-sgd,0.1,2800,100,face,3,5,0.620221614837646,8,2,0.20017219369236652,0.18435961273597942,0.24544461986473848,0.02748307374656389,0.16358829990515839,0.26906004131017397
14,OnlineFPCA-sgd,0.1,2900,100,face,3,5,0.627644538879395,8,2,0.2674905280905293,0.18636467497895112,0.24828093634828247,0.023646670943525756,0.161413600493695,0.2658272624870266
14,OnlineFPCA-sgd,0.1,3000,100,face,3,5,0.629157066345215,8,2,0.26964830032864645,0.16691425506557553,0.21415106194286906,0.02240613446115224,0.15853218466245564,0.2621819324550695
14,OnlineFPCA-sgd,0.1,3100,100,face,3,5,0.640333414077759,8,2,0.12344561641813302,0.15004369457676914,0.3063882561805769,0.02264417090170758,0.15583484507165754,0.26275784429298144
14,OnlineFPCA-sgd,0.1,3200,100,face,3,5,0.625545263290405,8,2,0.16623852942933384,0.21460739638540746,0.18212135048258307,0.024323995631426943,0.15284880838829404,0.2598707818066143
14,OnlineFPCA-sgd,0.1,3300,100,face,3,5,0.625761985778809,8,2,0.22807155230157738,0.19015871936203557,0.25883227579215157,0.02728800817647097,0.1513417651119755,0.25627753009961035
14,OnlineFPCA-sgd,0.1,3400,100,face,3,5,0.621220588684082,8,2,0.2020482790259995,0.18521457778815303,0.20439865493669898,0.02725597407086346,0.14982416782968397,0.2530240278536578
14,OnlineFPCA-sgd,0.1,3500,100,face,3,5,0.63147234916687,8,2,0.08124723143156524,0.12487371772712443,0.18462360505741723,0.027691457115007454,0.147902296005403,0.24982559637428225
14,OnlineFPCA-sgd,0.1,3600,100,face,3,5,0.622273206710815,8,2,0.11710174699341952,0.15385958994473564,0.2753748637978384,0.027207655466896578,0.14494990449125827,0.24907082563278357
14,OnlineFPCA-sgd,0.1,3700,100,face,3,5,0.762324571609497,8,2,0.21217565445832928,0.1514669068105426,0.3074776642002307,0.026803119765888908,0.14172798737200473,0.2464236426358323
14,OnlineFPCA-sgd,0.1,3800,100,face,3,5,0.620325326919556,8,2,0.17996999161632848,0.21278422966839625,0.37327191246016117,0.02733417971276946,0.13829938094698288,0.24480969812187334
14,OnlineFPCA-sgd,0.1,3900,100,face,3,5,0.627354383468628,8,2,0.2801857878065563,0.17195409616481372,0.2921616582440403,0.027443813600081014,0.134180805883387,0.24245635889511816
14,OnlineFPCA-sgd,0.1,4000,100,face,3,5,0.624284267425537,8,2,0.028892440773749122,0.12982225187486987,0.24090131801595402,0.028892440773749122,0.12982225187486987,0.24090131801595402
14,OnlineFPCA-sgd,0.1,4100,100,face,3,5,0.624699354171753,8,2,0.19773231007172234,0.15114293341912838,0.2345560059706342,0.12362984214360519,0.14323073247115714,0.22114022164182184
14,OnlineFPCA-sgd,0.1,4200,100,face,3,5,0.633358240127563,8,2,0.196349806190881,0.2581331845759292,0.2607384593539844,0.0756428716635004,0.14344957810387837,0.22828411655788072
14,OnlineFPCA-sgd,0.1,4300,100,face,3,5,0.632860898971558,8,2,0.19784854849240402,0.24087711849117657,0.1986486924526667,0.07224513313645732,0.16647003961875736,0.22167353307640775
14,OnlineFPCA-sgd,0.1,4400,100,face,3,5,0.635487079620361,8,2,0.08715725570373856,0.1381474207159294,0.19886643049572575,0.06097347600043247,0.15437140237830582,0.20730062255448736
14,OnlineFPCA-sgd,0.1,4500,100,face,3,5,0.628583431243896,8,2,0.21774858113209153,0.2110212620710393,0.2319838794410189,0.049708331710519735,0.1564914267870185,0.20165354662071283
14,OnlineFPCA-sgd,0.1,4600,100,face,3,5,0.637239694595337,8,2,0.11564791191161962,0.1557709548062117,0.21310606724302064,0.033091401482857566,0.153057602005296,0.19903355343996795
14,OnlineFPCA-sgd,0.1,4700,100,face,3,5,0.630080461502075,8,2,0.19302379297695177,0.14261898412544421,0.16659567092635347,0.028183356959306655,0.15144299281174695,0.19549420670757628
14,OnlineFPCA-sgd,0.1,4800,100,face,3,5,0.645184516906738,8,2,0.06028122686970284,0.19401080284072328,0.1770345860012874,0.02429636011160366,0.15786168362675432,0.19174044728865658
14,OnlineFPCA-sgd,0.1,4900,100,face,3,5,0.630729675292969,8,2,0.1499470166444397,0.1868206788985619,0.26232722270917097,0.018947525469277905,0.15754618536862347,0.18834028490250154
14,OnlineFPCA-sgd,0.1,5000,100,face,3,5,0.623172760009766,8,2,0.29524004113280555,0.15875858592131945,0.27523395343947715,0.02151854698287105,0.15090181526006952,0.1928498083787296
14,OnlineFPCA-sgd,0.1,5100,100,face,3,5,0.103128433227539,8,2,0.15367940456236936,0.12863822514031717,0.19661225715566863,0.025411328107590274,0.14380179531588597,0.19499118204975366
14,OnlineFPCA-sgd,0.1,5200,100,face,3,5,0.0961129665374756,8,2,0.13314168956206504,0.1531398221290812,0.1595422766239299,0.02392810813251783,0.13691063769550477,0.18932234130374362
14,OnlineFPCA-sgd,0.1,5300,100,face,3,5,0.102475881576538,8,2,0.14687667690239076,0.15296696664130233,0.12563381356430117,0.03170859419339703,0.1341130941253893,0.18419553396654953
14,OnlineFPCA-sgd,0.1,5400,100,face,3,5,0.0972967147827148,8,2,0.2570181137638008,0.1401984798467955,0.161440005336146,0.032884328628944026,0.13306245684468154,0.1802531755282484
14,OnlineFPCA-sgd,0.1,5500,100,face,3,5,0.100215673446655,8,2,0.14642496652082032,0.15018887101325368,0.15268814933839114,0.030352308995469732,0.13318942151461016,0.1769086422252856
14,OnlineFPCA-sgd,0.1,5600,100,face,3,5,0.0964591503143311,8,2,0.12580715394023445,0.22111790673100315,0.18608293336293605,0.026746964719992366,0.13252550046362327,0.17636228409790894
14,OnlineFPCA-sgd,0.1,5700,100,face,3,5,0.10112452507019,8,2,0.16620216723217532,0.1478449686173726,0.20918566282932716,0.03018620899218312,0.1320308068534074,0.1754645357070468
14,OnlineFPCA-sgd,0.1,5800,100,face,3,5,0.0960583686828613,8,2,0.1515696077925101,0.18877078517616716,0.1682824506356903,0.029802398703954854,0.13290648669707772,0.1756802382698112
14,OnlineFPCA-sgd,0.1,5900,100,face,3,5,0.0986063480377197,8,2,0.21114788844849008,0.20551789660180778,0.20292277767351322,0.028389163211303203,0.1328180905643128,0.17563334214991472
14,OnlineFPCA-sgd,0.1,6000,100,face,3,5,0.101359844207764,8,2,0.17767191037442054,0.1626950548240391,0.19158327890381102,0.029223237026536147,0.1340459637633357,0.17705947667961303
14,OnlineFPCA-sgd,0.1,6100,100,face,3,5,0.0985496044158936,8,2,0.18099489365336555,0.18800268465661713,0.1444301822942088,0.03091941772317929,0.13433775272718881,0.17551337116317683
14,OnlineFPCA-sgd,0.1,6200,100,face,3,5,0.0976231098175049,8,2,0.14576783000137933,0.17523375518364387,0.15539915030888687,0.03297894068355495,0.13465517765189416,0.17417875333232988
14,OnlineFPCA-sgd,0.1,6300,100,face,3,5,0.0989243984222412,8,2,0.18675714324803647,0.2243787047110618,0.1428266368623974,0.03428989502806004,0.1351945767332814,0.17237983677946703
14,OnlineFPCA-sgd,0.1,6400,100,face,3,5,0.0969767570495605,8,2,0.11754959186758644,0.19086166531712834,0.14795530488731687,0.034131463404012054,0.13500715223045753,0.16995799984465235
14,OnlineFPCA-sgd,0.1,6500,100,face,3,5,0.0953807830810547,8,2,0.1720410494572226,0.13171131408804826,0.1475069430040502,0.03244413869683442,0.1327852366534231,0.16634088800657554
14,OnlineFPCA-sgd,0.1,6600,100,face,3,5,0.0997529029846191,8,2,0.1438373632629367,0.16026187639778056,0.11644334223476141,0.03260902952936337,0.1292677786983089,0.16296507031289056
14,OnlineFPCA-sgd,0.1,6700,100,face,3,5,0.0949022769927979,8,2,0.19075074928337787,0.149504400193711,0.10975562254242906,0.034768701241736165,0.12590665865931175,0.16052303878350493
14,OnlineFPCA-sgd,0.1,6800,100,face,3,5,0.0992462635040283,8,2,0.1657752754507255,0.1951856018588166,0.1274559319819421,0.03569530175393882,0.12244786590961246,0.15769679775907328
14,OnlineFPCA-sgd,0.1,6900,100,face,3,5,0.0991649627685547,8,2,0.24441076463301187,0.09638001580318306,0.1329512376023817,0.03845626854705898,0.11869708980782236,0.15513698964807157
14,OnlineFPCA-sgd,0.1,7000,100,face,3,5,0.100854396820068,8,2,0.14126549256476245,0.17467123141253343,0.23723288843943544,0.03994600214671056,0.11640626731887677,0.1535715655754893
14,OnlineFPCA-sgd,0.1,7100,100,face,3,5,0.098876953125,8,2,0.18762087769748756,0.15140088007704738,0.15864371895927715,0.04055690167699687,0.11274317116654299,0.15162038357392546
14,OnlineFPCA-sgd,0.1,7200,100,face,3,5,0.0982546806335449,8,2,0.18534979187058565,0.14265950576078879,0.14470998220907774,0.04016418685404282,0.11041112103296291,0.14974097339657183
14,OnlineFPCA-sgd,0.1,7300,100,face,3,5,0.0979762077331543,8,2,0.1012134966282996,0.05456854947225745,0.19668861720291558,0.041101222247601696,0.10731058274504028,0.1501684462692239
14,OnlineFPCA-sgd,0.1,7400,100,face,3,5,0.0959312915802002,8,2,0.09199557153459825,0.07619982200856984,0.18782162108863373,0.03972567610728725,0.1048300810191942,0.15015167344237249
14,OnlineFPCA-sgd,0.1,7500,100,face,3,5,0.102015495300293,8,2,0.11548343667421312,0.11022654206480433,0.1482916474687226,0.039645869894736195,0.10316558404586738,0.14937052225571829
14,OnlineFPCA-sgd,0.1,7600,100,face,3,5,0.0954594612121582,8,2,0.12029183435958955,0.12048933922843079,0.14924957327556718,0.03749497819164322,0.1005983811409918,0.14705636710985356
14,OnlineFPCA-sgd,0.1,7700,100,face,3,5,0.0992393493652344,8,2,0.1270303496561046,0.09010683892528536,0.21202998061932377,0.03649739796115709,0.09881369532349617,0.14595927729832653
14,OnlineFPCA-sgd,0.1,7800,100,face,3,5,0.0949637889862061,8,2,0.19858687369917005,0.13555500880586419,0.15853439035158254,0.03500196605016628,0.09617056372484854,0.14611837447910844
14,OnlineFPCA-sgd,0.1,7900,100,face,3,5,0.102231740951538,8,2,0.2363079005135236,0.14971659349167019,0.17168854534281483,0.03231578444219154,0.09408337009700733,0.14602943924104653
14,OnlineFPCA-sgd,0.1,8000,100,face,3,5,0.0969481468200684,8,2,0.24203100124953997,0.10770168231607363,0.15195921131846762,0.03097916571358361,0.09165941374538206,0.14556319193226713
14,OnlineFPCA-sgd,0.1,8100,100,face,3,5,0.102981805801392,8,2,0.15863025455392238,0.09857257635949919,0.20012662143823698,0.03020906853262174,0.09033284401345767,0.14514716205350858
14,OnlineFPCA-sgd,0.1,8200,100,face,3,5,0.0972115993499756,8,2,0.1221785499915411,0.16445735531708372,0.12118127340818421,0.03151762399301145,0.08954348913601758,0.14410258546159277
14,OnlineFPCA-sgd,0.1,8300,100,face,3,5,0.100294351577759,8,2,0.1967274214686094,0.11989136571989649,0.20643731564641252,0.033405814617071844,0.08924469927537468,0.14363231889062206
14,OnlineFPCA-sgd,0.1,8400,100,face,3,5,0.0991787910461426,8,2,0.1383864718190875,0.14447625489920835,0.17923955409021192,0.03283998451610678,0.08900402986756728,0.14373603072668797
14,OnlineFPCA-sgd,0.1,8500,100,face,3,5,0.100688934326172,8,2,0.0668349280749225,0.09904746423132832,0.14990323022686,0.031941302105121826,0.08792338674357597,0.14340734357562157
14,OnlineFPCA-sgd,0.1,8600,100,face,3,5,0.0989725589752197,8,2,0.10357732218718943,0.08670550142725382,0.24456044777235192,0.031884596443207326,0.08605467614033145,0.14432936859684775
14,OnlineFPCA-sgd,0.1,8700,100,face,3,5,0.10057258605957,8,2,0.17643697879949036,0.1365425740266606,0.26090154405329485,0.029752211352925086,0.08340348723125174,0.14574867994745344
14,OnlineFPCA-sgd,0.1,8800,100,face,3,5,0.244816303253174,8,2,0.15744034586207167,0.18310551797861221,0.3248183603107989,0.028460613795958743,0.08120256329948776,0.14775426458341215
14,OnlineFPCA-sgd,0.1,8900,100,face,3,5,0.096698522567749,8,2,0.2633942278243725,0.13654240990175398,0.2739572953221032,0.026744784178364657,0.07981072348423694,0.1495455435647936
14,OnlineFPCA-sgd,0.1,9000,100,face,3,5,0.100606918334961,8,2,0.17071253400888167,0.10851071370782386,0.28063908502336893,0.026761456391246777,0.07723309352793738,0.15136533285490528
14,OnlineFPCA-sgd,0.1,9100,100,face,3,5,0.0952925682067871,8,2,0.18742699119656364,0.11967738990542251,0.2854740248464177,0.027025079813864584,0.07564488539718545,0.15289278522358707
14,OnlineFPCA-sgd,0.1,9200,100,face,3,5,0.100600957870483,8,2,0.18781999806893832,0.17780979076261622,0.2783737092883431,0.025764156500941365,0.07460999840297988,0.15406337453949304
14,OnlineFPCA-sgd,0.1,9300,100,face,3,5,0.0966529846191406,8,2,0.17936912069594188,0.20422173959704723,0.24377030098728666,0.024220371380254572,0.07471516038762151,0.15510048625745523
14,OnlineFPCA-sgd,0.1,9400,100,face,3,5,0.102798938751221,8,2,0.09175322781559651,0.10311862180477972,0.21255104751627976,0.023294348166259953,0.07388344372326426,0.1557342248927005
14,OnlineFPCA-sgd,0.1,9500,100,face,3,5,0.0972158908843994,8,2,0.17875693886224026,0.15816014746977222,0.22987291065926574,0.02407910643695152,0.07374356765585371,0.15629913331922585
14,OnlineFPCA-sgd,0.1,9600,100,face,3,5,0.102700471878052,8,2,0.12149809610487103,0.08243812085467708,0.2004215602835236,0.02367577836023184,0.07323854886012904,0.15694977126866627
14,OnlineFPCA-sgd,0.1,9700,100,face,3,5,0.0969934463500977,8,2,0.1650009664374214,0.08167503563573561,0.1639076120883282,0.023247629382818186,0.07315789318201561,0.1573289467679235
14,OnlineFPCA-sgd,0.1,9800,100,face,3,5,0.100653648376465,8,2,0.05704213705013774,0.13061828517961555,0.17947840256294162,0.023245921895521993,0.07403761343413087,0.15760456347093915
14,OnlineFPCA-sgd,0.1,9900,100,face,3,5,0.102682828903198,8,2,0.11898854379335103,0.13539845779302043,0.21663097711466772,0.022622559451689044,0.07448216579377331,0.15767811500846945
14,OnlineFPCA-sgd,0.1,10000,100,face,3,5,0.100251197814941,8,2,0.21838431879231682,0.1149431956073028,0.22626197841142054,0.022922687289526907,0.07420285160080428,0.15831134310967823
14,OnlineFPCA-sgd,0.1,10100,100,face,3,5,0.0999739170074463,8,2,0.14549224140232406,0.060193810466501574,0.1785565821143338,0.02362302853915567,0.07341566110032921,0.15888041525232344
14,OnlineFPCA-sgd,0.1,10200,100,face,3,5,0.0973737239837646,8,2,0.13176927890587686,0.10284169953913119,0.15344240277719445,0.02348421080434843,0.07213507917422546,0.15836659955322563
14,OnlineFPCA-sgd,0.1,10300,100,face,3,5,0.103206872940063,8,2,0.12427032163498995,0.11643071959430741,0.12702203779583218,0.024728199232236164,0.07134340761933286,0.1578089888914117
14,OnlineFPCA-sgd,0.1,10400,100,face,3,5,0.0974817276000977,8,2,0.23000920755494075,0.08821831149160299,0.1454788445985882,0.02522121272754275,0.07123579639877083,0.15744330287381053
14,OnlineFPCA-sgd,0.1,10500,100,face,3,5,0.100408554077148,8,2,0.13646377620635322,0.114143537512456,0.13020211817537214,0.025430133278767895,0.07150322874246082,0.15695125919882896
14,OnlineFPCA-sgd,0.1,10600,100,face,3,5,0.0969088077545166,8,2,0.12755059718720796,0.1647914742010054,0.15483488715553467,0.02474580262790576,0.0717318990507631,0.15673805466760724
14,OnlineFPCA-sgd,0.1,10700,100,face,3,5,0.101024389266968,8,2,0.1525798754765867,0.10492929704178731,0.1699399936363402,0.025456479026480468,0.07190430431673388,0.15643719984227808
14,OnlineFPCA-sgd,0.1,10800,100,face,3,5,0.098768949508667,8,2,0.12920158734057208,0.1437569841406109,0.1346531560863256,0.025435923452846742,0.0723814174995058,0.15629143632912113
14,OnlineFPCA-sgd,0.1,10900,100,face,3,5,0.100881099700928,8,2,0.1785079020922788,0.16628689799374397,0.1727255125721004,0.025028561322717944,0.07251920435320328,0.156078401297167
14,OnlineFPCA-sgd,0.1,11000,100,face,3,5,0.0984175205230713,8,2,0.15651336889990058,0.14562069647282874,0.16555346294774068,0.024868603698396972,0.07322514307005096,0.15628989084155198
14,OnlineFPCA-sgd,0.1,11100,100,face,3,5,0.0971944332122803,8,2,0.14679342746887192,0.15434178914092153,0.13454964553951435,0.025336843402561413,0.07385261045820903,0.15597631287683908
14,OnlineFPCA-sgd,0.1,11200,100,face,3,5,0.101960182189941,8,2,0.1300658705403985,0.15028135185069555,0.14733300693926357,0.026167492129226318,0.07444756929838442,0.15581175473865957
14,OnlineFPCA-sgd,0.1,11300,100,face,3,5,0.0965838432312012,8,2,0.16781769029381396,0.1811270191228265,0.1338290644661239,0.02660776880188664,0.07510167878472933,0.15549139333174591
14,OnlineFPCA-sgd,0.1,11400,100,face,3,5,0.101732730865479,8,2,0.09760571680013502,0.1604164554235399,0.1374078254910568,0.02662701687605415,0.07539810520885412,0.1549135789555852
14,OnlineFPCA-sgd,0.1,11500,100,face,3,5,0.0968949794769287,8,2,0.15908904904741258,0.08961174083515207,0.12919381702474161,0.026288877323521045,0.0752059693233739,0.15407272370010364
14,OnlineFPCA-sgd,0.1,11600,100,face,3,5,0.102031946182251,8,2,0.11729994747074066,0.11475936799280048,0.10825989009183024,0.02626977475785954,0.07457847954596747,0.15315633011506885
14,OnlineFPCA-sgd,0.1,11700,100,face,3,5,0.0971701145172119,8,2,0.1630473887877088,0.11224194944858347,0.10469296653868147,0.02704871342501791,0.07402241731456612,0.15243738756042965
14,OnlineFPCA-sgd,0.1,11800,100,face,3,5,0.105268478393555,8,2,0.1323506247285247,0.1550458993666571,0.11970222257720325,0.027548902820586373,0.07344432898046034,0.1516897002946172
14,OnlineFPCA-sgd,0.1,11900,100,face,3,5,0.097700834274292,8,2,0.21776396209494414,0.08765340671846254,0.13088494900012623,0.028574208762885696,0.07255824373899393,0.151009296111611
14,OnlineFPCA-sgd,0.1,12000,100,face,3,5,0.101599931716919,8,2,0.12560042747946673,0.1521310625673164,0.2052768706829902,0.029311320281004128,0.07211928806666085,0.15068843204046928
14,OnlineFPCA-sgd,0.1,12100,100,face,3,5,0.0995018482208252,8,2,0.1524967138063667,0.1238870500076533,0.1423612987109912,0.02953408926071062,0.07113166229258387,0.15027641589348936
14,OnlineFPCA-sgd,0.1,12200,100,face,3,5,0.0991969108581543,8,2,0.15501103744812028,0.12213762844100357,0.14217455960005668,0.029486928887971473,0.07051037420262338,0.14977705284792295
14,OnlineFPCA-sgd,0.1,12300,100,face,3,5,0.0984771251678467,8,2,0.07784087045817698,0.04927238295349165,0.17017743106933023,0.029688846974187263,0.06974837663037248,0.1498528956357171
14,OnlineFPCA-sgd,0.1,12400,100,face,3,5,0.0985467433929443,8,2,0.0761791795812088,0.07454260345283761,0.16835196086197834,0.029216092792985603,0.06918363753605296,0.1498122961839964
14,OnlineFPCA-sgd,0.1,12500,100,face,3,5,0.0989940166473389,8,2,0.10725566604026109,0.09798609561978786,0.14130977456439714,0.029568125882384798,0.06901343125105214,0.14954716589553604
14,OnlineFPCA-sgd,0.1,12600,100,face,3,5,0.0961160659790039,8,2,0.10596934698042115,0.10694433674602831,0.12350777151019383,0.02914871573256337,0.0684442832084898,0.14866086557262978
14,OnlineFPCA-sgd,0.1,12700,100,face,3,5,0.101032018661499,8,2,0.1180442080816916,0.07449064537474723,0.18010336998451193,0.028865296707988645,0.06800037843611756,0.1481347161476777
14,OnlineFPCA-sgd,0.1,12800,100,face,3,5,0.095832347869873,8,2,0.1649686935178523,0.10048877501798414,0.13830493737913718,0.028346964447794398,0.06716582904747288,0.14805756886640178
14,OnlineFPCA-sgd,0.1,12900,100,face,3,5,0.100455045700073,8,2,0.20078232781588723,0.12619354904132368,0.15432596198834678,0.02732826865349713,0.06650003188820779,0.14786925562593065
14,OnlineFPCA-sgd,0.1,13000,100,face,3,5,0.0959343910217285,8,2,0.21071965343172647,0.09536972300424156,0.13601351667967,0.026598811557772502,0.06573009322811384,0.14754848139209326
14,OnlineFPCA-sgd,0.1,13100,100,face,3,5,0.102315902709961,8,2,0.14435898470353414,0.0806659223872364,0.17017550751779567,0.026102092277890766,0.0653776465461962,0.14713145107786232
14,OnlineFPCA-sgd,0.1,13200,100,face,3,5,0.0977354049682617,8,2,0.10255105830139369,0.13641488056730838,0.1068570837579437,0.02656882268579943,0.06526383227045005,0.1465093191171717
14,OnlineFPCA-sgd,0.1,13300,100,face,3,5,0.109240531921387,8,2,0.1702502389242171,0.09323845179737851,0.1807221431171886,0.027393349598798144,0.06530053914452628,0.14617845004472918
14,OnlineFPCA-sgd,0.1,13400,100,face,3,5,0.0973763465881348,8,2,0.10506565531165138,0.11994225782198731,0.16327190137894076,0.027276703180842302,0.06535472832188186,0.14615917188779395
14,OnlineFPCA-sgd,0.1,13500,100,face,3,5,0.100543975830078,8,2,0.06048730570638294,0.08526180780506587,0.14009417954998732,0.02706059973012914,0.065020565532058,0.14595366662757905
14,OnlineFPCA-sgd,0.1,13600,100,face,3,5,0.102738380432129,8,2,0.09229320909012438,0.06627433682993589,0.22257203835877515,0.027039791927686956,0.06430004653473638,0.1462732413335679
14,OnlineFPCA-sgd,0.1,13700,100,face,3,5,0.101548194885254,8,2,0.1542461666392143,0.11731549127999817,0.23649485636552206,0.026362423938171394,0.06317377132594859,0.1469532774914616
14,OnlineFPCA-sgd,0.1,13800,100,face,3,5,0.0999255180358887,8,2,0.14408338623835917,0.15981204659560672,0.29491482064383295,0.025961773422807897,0.0622423372646921,0.14793313233387184
14,OnlineFPCA-sgd,0.1,13900,100,face,3,5,0.0996100902557373,8,2,0.2474326558872128,0.11790888617792947,0.25528386385640367,0.025367490599111392,0.06181767283503681,0.148893496538954
14,OnlineFPCA-sgd,0.1,14000,100,face,3,5,0.0986092090606689,8,2,0.15049270634233147,0.09533101554871229,0.2608016715967411,0.02538862664438799,0.06075744149608371,0.1498478954203911
14,OnlineFPCA-sgd,0.1,14100,100,face,3,5,0.0963969230651855,8,2,0.16739594620017534,0.10864859131895609,0.2637089868080049,0.02558457268191173,0.06020746060139517,0.15067807592803031
14,OnlineFPCA-sgd,0.1,14200,100,face,3,5,0.101497173309326,8,2,0.16952502733205624,0.15175057129436442,0.258140543831213,0.025007511566840338,0.05989752833771221,0.1513068848137538
14,OnlineFPCA-sgd,0.1,14300,100,face,3,5,0.0970840454101562,8,2,0.16277221329605457,0.18404721236591592,0.2318592099237175,0.024159026843625777,0.06026045185574045,0.15189106185720377
14,OnlineFPCA-sgd,0.1,14400,100,face,3,5,0.101475238800049,8,2,0.09192271798828121,0.10428210269901547,0.20026468932264632,0.0235733425406728,0.06009364588126374,0.1522723407558721
14,OnlineFPCA-sgd,0.1,14500,100,face,3,5,0.0951416492462158,8,2,0.1583922576722595,0.14838744647000407,0.21857264924933542,0.023842990373956624,0.06018860255434662,0.15259343546937476
14,OnlineFPCA-sgd,0.1,14600,100,face,3,5,0.100589036941528,8,2,0.11567487779988013,0.08298129001211135,0.19932440017183223,0.023735593137234452,0.06003818283147053,0.15298201988704133
14,OnlineFPCA-sgd,0.1,14700,100,face,3,5,0.0962579250335693,8,2,0.14813978867297797,0.08450100195954531,0.17082926701741505,0.023463296134112806,0.06007336697777966,0.1532698042014286
14,OnlineFPCA-sgd,0.1,14800,100,face,3,5,0.101888179779053,8,2,0.05258812496143883,0.12224190432180569,0.1869844177329298,0.023458429460142784,0.060619793507290964,0.15353279207679868
14,OnlineFPCA-sgd,0.1,14900,100,face,3,5,0.0950798988342285,8,2,0.10378536278237105,0.12609002199387695,0.21107904368394428,0.023165902148890513,0.06097471402407567,0.1536943266248337
14,OnlineFPCA-sgd,0.1,15000,100,face,3,5,0.0980312824249268,8,2,0.18298959424206088,0.1067728219464557,0.21796381298486162,0.02328188113044291,0.0609574529001443,0.15406843394184164
14,OnlineFPCA-sgd,0.1,0,100,face,3,5,6.38382577896118,8,4,0.011488913551722588,0.12793891021275938,1.9212509636679738,0.011488913551722588,0.12793891021275938,1.9212509636679738
14,OnlineFPCA-sgd,0.1,100,100,face,3,5,0.453878164291382,8,4,0.8427084415275161,0.82872141508121,1.906686062989123,NA,NA,NA
14,OnlineFPCA-sgd,0.1,200,100,face,3,5,0.450566053390503,8,4,0.5711056692209138,0.34347954163527483,1.7172264670998427,NA,NA,NA
14,OnlineFPCA-sgd,0.1,300,100,face,3,5,0.451588869094849,8,4,0.7073170279795553,0.6114152284279734,1.8903678935424795,NA,NA,NA
14,OnlineFPCA-sgd,0.1,400,100,face,3,5,0.456920862197876,8,4,0.6963360262721878,0.7764901160810311,2.0003421445335294,NA,NA,NA
14,OnlineFPCA-sgd,0.1,500,100,face,3,5,0.457221269607544,8,4,0.5777784778298726,0.390768964064899,1.2844750195965795,NA,NA,NA
14,OnlineFPCA-sgd,0.1,600,100,face,3,5,0.454819917678833,8,4,0.5326304705471374,0.4125457780877973,1.2895668081724732,NA,NA,NA
14,OnlineFPCA-sgd,0.1,700,100,face,3,5,0.592901468276978,8,4,0.516021859921551,0.40212836582386097,1.2889565833595096,NA,NA,NA
14,OnlineFPCA-sgd,0.1,800,100,face,3,5,0.451853036880493,8,4,0.4981042284861432,0.38984149450367866,1.2880485869084206,NA,NA,NA
14,OnlineFPCA-sgd,0.1,900,100,face,3,5,0.453676223754883,8,4,0.4774191437325387,0.37895721443788277,1.2863316590072762,NA,NA,NA
14,OnlineFPCA-sgd,0.1,1000,100,face,3,5,0.456074237823486,8,4,0.4631539187051774,0.37263108689288016,1.284101633458318,NA,NA,NA
14,OnlineFPCA-sgd,0.1,1100,100,face,3,5,0.634672403335571,8,4,0.18591068251920487,0.3694268179826121,1.114607076249816,0.22692841129648517,0.3820045717534778,1.185171568337997
14,OnlineFPCA-sgd,0.1,1200,100,face,3,5,0.644952535629272,8,4,0.4694781336908714,0.40473167204789823,0.7292797973748956,0.17777417880057678,0.35599613872749825,1.0396578642812229
14,OnlineFPCA-sgd,0.1,1300,100,face,3,5,0.648821115493774,8,4,0.1724203270565951,0.3359643617851651,0.5455906500655626,0.1497259349767626,0.3503067810824258,0.9378850356769663
14,OnlineFPCA-sgd,0.1,1400,100,face,3,5,0.643251657485962,8,4,0.3652515845614513,0.28829042290535273,0.3406779731430514,0.1098190385574398,0.32010505590380867,0.7291413715557219
14,OnlineFPCA-sgd,0.1,1500,100,face,3,5,0.632025003433228,8,4,0.13387675180037154,0.24929183039918362,0.3076260323768648,0.06931897794881604,0.2758405360852974,0.5984088343351626
14,OnlineFPCA-sgd,0.1,1600,100,face,3,5,0.635614156723022,8,4,0.10539460168753734,0.24245496551724616,0.30410003005551306,0.06224080514839126,0.25819928859631314,0.5143772450165236
14,OnlineFPCA-sgd,0.1,1700,100,face,3,5,0.628662824630737,8,4,0.08344271042468099,0.28972935117186466,0.3356208300874121,0.06315564831295953,0.2835270089996238,0.4880106182329116
14,OnlineFPCA-sgd,0.1,1800,100,face,3,5,0.633973598480225,8,4,0.06619248022659735,0.28606430102364766,0.3177547483346092,0.06139429211592942,0.28209347452240235,0.45406347430691646
14,OnlineFPCA-sgd,0.1,1900,100,face,3,5,0.645517349243164,8,4,0.10999652971028964,0.2620855125259997,0.32265796492221743,0.06140779380495776,0.2803717259169272,0.4310456896528901
14,OnlineFPCA-sgd,0.1,2000,100,face,3,5,0.644856691360474,8,4,0.07529582186985835,0.27084302349032124,0.33184376222269596,0.06343313057617803,0.2790483910217717,0.4151255060605539
14,OnlineFPCA-sgd,0.1,2100,100,face,3,5,0.631054878234863,8,4,0.14615440289672213,0.27922432935489844,0.25349853570543035,0.0607194625456879,0.27444180128944506,0.39940159217179394
14,OnlineFPCA-sgd,0.1,2200,100,face,3,5,0.63306736946106,8,4,0.23411205798047227,0.25403367014686457,0.27814691114286444,0.054539605879081146,0.2691243685900494,0.38041508281695274
14,OnlineFPCA-sgd,0.1,2300,100,face,3,5,0.63447642326355,8,4,0.1223123849506721,0.22515884252307788,0.339967049885159,0.051316547338144204,0.26493421856944105,0.3697172890812349
14,OnlineFPCA-sgd,0.1,2400,100,face,3,5,0.762540340423584,8,4,0.12155203242273231,0.22991149797484864,0.2875291144353904,0.047923333540039643,0.2617667023236858,0.3612321037508024
14,OnlineFPCA-sgd,0.1,2500,100,face,3,5,0.626175403594971,8,4,0.13239621522261572,0.23821244780513404,0.28208256344535365,0.0501280158469701,0.25917592772623366,0.3503488384404967
14,OnlineFPCA-sgd,0.1,2600,100,face,3,5,0.620419263839722,8,4,0.14806794131412965,0.20886229606038373,0.28144143629726914,0.047094774129942674,0.2556970632591243,0.33557349978538936
14,OnlineFPCA-sgd,0.1,2700,100,face,3,5,0.62837815284729,8,4,0.12038922476109279,0.1986225648418161,0.3042895904838767,0.045964278390981265,0.2505348089950872,0.32606787063218345
14,OnlineFPCA-sgd,0.1,2800,100,face,3,5,0.624130249023438,8,4,0.2100828006458383,0.22165742505019903,0.239796161444132,0.03893805236813775,0.245226907531941,0.3195614062467883
14,OnlineFPCA-sgd,0.1,2900,100,face,3,5,0.62674355506897,8,4,0.2814610996326699,0.2414735756330311,0.254487821199943,0.033762937045548454,0.24019219176158393,0.3142647844639511
14,OnlineFPCA-sgd,0.1,3000,100,face,3,5,0.634836673736572,8,4,0.2965550151477045,0.1848885161296018,0.22568578180909762,0.03211425467242487,0.23537138700111707,0.3080878215347801
14,OnlineFPCA-sgd,0.1,3100,100,face,3,5,0.629118204116821,8,4,0.16177957267159496,0.19807545341986543,0.2882523912649708,0.03176130632417859,0.23117238061942708,0.30175995629640423
14,OnlineFPCA-sgd,0.1,3200,100,face,3,5,0.621268272399902,8,4,0.168677894491843,0.24256027430593466,0.17870755228945942,0.0334268298216385,0.22743802401350605,0.2957388270207861
14,OnlineFPCA-sgd,0.1,3300,100,face,3,5,0.615709066390991,8,4,0.2366708271039733,0.18473753421619685,0.2564808646481362,0.036513542753972374,0.2219548519349131,0.29057945662015616
14,OnlineFPCA-sgd,0.1,3400,100,face,3,5,0.620689868927002,8,4,0.2036746843727577,0.19243009728853644,0.2148368313731781,0.035938452896363854,0.21687328433060457,0.2868730279998002
14,OnlineFPCA-sgd,0.1,3500,100,face,3,5,0.621308326721191,8,4,0.08121060868364414,0.1192179581615125,0.17919443675234759,0.03569901476841602,0.21144265879595367,0.2820859713728994
14,OnlineFPCA-sgd,0.1,3600,100,face,3,5,0.634770393371582,8,4,0.13281683344907755,0.15147585087234694,0.30377485793208003,0.03499230122622631,0.20621079247779586,0.28000365139944905
14,OnlineFPCA-sgd,0.1,3700,100,face,3,5,0.626140594482422,8,4,0.2245571827216022,0.1811209323731496,0.32144056023428985,0.033979661032007356,0.20112565507125854,0.27990904713844744
14,OnlineFPCA-sgd,0.1,3800,100,face,3,5,0.631891012191772,8,4,0.17995603103322547,0.24518135471271363,0.40159630510104316,0.03397366600153282,0.19740513869167092,0.28164349920428994
14,OnlineFPCA-sgd,0.1,3900,100,face,3,5,0.624472141265869,8,4,0.29443703799497783,0.21094052118220408,0.3323630690995686,0.03312029638534547,0.19483160438174915,0.2834833057229676
14,OnlineFPCA-sgd,0.1,4000,100,face,3,5,0.632079124450684,8,4,0.03415977991470013,0.19138993063615053,0.28414420455952033,0.03415977991470013,0.19138993063615053,0.28414420455952033
14,OnlineFPCA-sgd,0.1,4100,100,face,3,5,0.769311428070068,8,4,0.21048016147666396,0.2408462963484415,0.3101633344478996,0.12311505413694514,0.22118226206509436,0.2852161546975573
14,OnlineFPCA-sgd,0.1,4200,100,face,3,5,0.627138376235962,8,4,0.2024464890048899,0.2614022463895939,0.31863192592315037,0.07215650827404789,0.2114733258001175,0.2838705830482958
14,OnlineFPCA-sgd,0.1,4300,100,face,3,5,0.624480724334717,8,4,0.21251561585661963,0.28440534502729503,0.28853527583145033,0.07171087429291167,0.22298703244257378,0.29050690693158177
14,OnlineFPCA-sgd,0.1,4400,100,face,3,5,0.618438482284546,8,4,0.0934907436573051,0.17961486528957163,0.2379361594825552,0.06436331887282906,0.21034708169732605,0.27562480235403625
14,OnlineFPCA-sgd,0.1,4500,100,face,3,5,0.632474660873413,8,4,0.20387005755761378,0.22662159732639003,0.2527059593004894,0.05399215099446117,0.20362429333376578,0.2648394017021859
14,OnlineFPCA-sgd,0.1,4600,100,face,3,5,0.627960681915283,8,4,0.11731957029451272,0.14263539768276323,0.17130627861291597,0.03666343395882078,0.19326428989629818,0.24738064504040425
14,OnlineFPCA-sgd,0.1,4700,100,face,3,5,0.641402721405029,8,4,0.19542305729821077,0.0939749524594274,0.12143609992807003,0.03046157247044633,0.18098664882240673,0.23088512415386395
14,OnlineFPCA-sgd,0.1,4800,100,face,3,5,0.626601696014404,8,4,0.059780982941582406,0.15347244822941972,0.12132018370234043,0.02589827432428487,0.17649985643623245,0.2166295019049345
14,OnlineFPCA-sgd,0.1,4900,100,face,3,5,0.629622936248779,8,4,0.1469064370597797,0.18234163636391046,0.20840080902880026,0.01997703086118117,0.1701257207822276,0.2028900789844194
14,OnlineFPCA-sgd,0.1,5000,100,face,3,5,0.62712287902832,8,4,0.29116124505082175,0.14656189293820837,0.22322699102685808,0.02224116024968826,0.15841480535143176,0.19373071662598482
14,OnlineFPCA-sgd,0.1,5100,100,face,3,5,0.0996270179748535,8,4,0.1660212568142527,0.09726179351131316,0.1748152315843983,0.02660675590978734,0.1475948351524936,0.1889553950752757
14,OnlineFPCA-sgd,0.1,5200,100,face,3,5,0.0987865924835205,8,4,0.13613872421482426,0.1278107846376562,0.15240017374263917,0.02505336195491497,0.1346446030060806,0.18024854711311053
14,OnlineFPCA-sgd,0.1,5300,100,face,3,5,0.0965418815612793,8,4,0.14754971598489883,0.14209394399721284,0.11880736931196385,0.03277698228501863,0.12386497570920853,0.17294122524064676
14,OnlineFPCA-sgd,0.1,5400,100,face,3,5,0.100867986679077,8,4,0.2655567611438646,0.11315186968706359,0.14246414442816005,0.03405883771295855,0.12127435842914581,0.16844927243366872
14,OnlineFPCA-sgd,0.1,5500,100,face,3,5,0.096325159072876,8,4,0.1517321119941824,0.14022159933453676,0.13122027278947526,0.03072043209108617,0.1201395806322545,0.16424853749000087
14,OnlineFPCA-sgd,0.1,5600,100,face,3,5,0.101788997650146,8,4,0.12676192406391099,0.21604078268743418,0.16086550612016298,0.026899674558224732,0.11812439410964364,0.16170243374958723
14,OnlineFPCA-sgd,0.1,5700,100,face,3,5,0.0968868732452393,8,4,0.1772101160222299,0.12118368107378141,0.18381698774578684,0.030230105191356528,0.11579828786913564,0.15880372703868048
14,OnlineFPCA-sgd,0.1,5800,100,face,3,5,0.102277994155884,8,4,0.15138056837401825,0.17626622915143533,0.12376687491914756,0.029833329591674576,0.11451185435728022,0.1567538006377599
14,OnlineFPCA-sgd,0.1,5900,100,face,3,5,0.0966863632202148,8,4,0.21336511831083033,0.19069754672097258,0.1720773895802991,0.028646964318729613,0.1115238315017113,0.15357121291179615
14,OnlineFPCA-sgd,0.1,6000,100,face,3,5,0.0983796119689941,8,4,0.18485485742217242,0.15855098425779923,0.17120014400231837,0.029603474285772972,0.11272203057185869,0.15375845942445115
14,OnlineFPCA-sgd,0.1,6100,100,face,3,5,0.0941329002380371,8,4,0.17936093945559076,0.20286292860434094,0.1244961456491396,0.03122957767479368,0.11378910712488813,0.15212200359073577
14,OnlineFPCA-sgd,0.1,6200,100,face,3,5,0.0968453884124756,8,4,0.14499091171957285,0.19142293373248784,0.14301473131787176,0.033201005025248385,0.11537621764275773,0.15071241958123408
14,OnlineFPCA-sgd,0.1,6300,100,face,3,5,0.0970969200134277,8,4,0.18801693688880508,0.2197905759469283,0.12195762680989017,0.03472631823062117,0.11623383428541152,0.14947298498325168
14,OnlineFPCA-sgd,0.1,6400,100,face,3,5,0.0976772308349609,8,4,0.11771679251649791,0.1804786804467786,0.13474368069216414,0.034756036958285226,0.11424009091428022,0.14696661162837527
14,OnlineFPCA-sgd,0.1,6500,100,face,3,5,0.0972082614898682,8,4,0.17754000126659522,0.12393872004932231,0.14642774132258113,0.03314152916294548,0.11209485393385366,0.14366537052002676
14,OnlineFPCA-sgd,0.1,6600,100,face,3,5,0.0982153415679932,8,4,0.14835324720758628,0.15899204409705503,0.1160126772260014,0.033482180143641134,0.10793875340405718,0.14004266981757146
14,OnlineFPCA-sgd,0.1,6700,100,face,3,5,0.0981631278991699,8,4,0.19522203804880234,0.16492987663537453,0.09493390183029501,0.03554555462748368,0.105622261395532,0.1377295183583185
14,OnlineFPCA-sgd,0.1,6800,100,face,3,5,0.0953750610351562,8,4,0.16386198954630263,0.21205394828733162,0.14937438377362985,0.036480434860866474,0.10463279142028023,0.13620035261255975
14,OnlineFPCA-sgd,0.1,6900,100,face,3,5,0.100716352462769,8,4,0.24724791051490408,0.10477593918434047,0.13644030066052032,0.03904979257535684,0.10196038561226017,0.13514907538008097
14,OnlineFPCA-sgd,0.1,7000,100,face,3,5,0.0961785316467285,8,4,0.14575063998990095,0.20423568618363747,0.24848979668026075,0.040390929110445,0.10219396167024924,0.1354342386134154
14,OnlineFPCA-sgd,0.1,7100,100,face,3,5,0.100557565689087,8,4,0.20964788245443056,0.15977862354387998,0.18124165193304864,0.04123113522022799,0.09979471874124721,0.13541767106806574
14,OnlineFPCA-sgd,0.1,7200,100,face,3,5,0.09602952003479,8,4,0.1877599251189771,0.156448350787182,0.15547154415243314,0.04098977218352714,0.0984350700777657,0.1345907986536049
14,OnlineFPCA-sgd,0.1,7300,100,face,3,5,0.101400852203369,8,4,0.10217399158922034,0.0672806938611402,0.16860244016892392,0.042163109817091655,0.09633105883395386,0.13535308396759282
14,OnlineFPCA-sgd,0.1,7400,100,face,3,5,0.095447301864624,8,4,0.09515039614977952,0.09633193356416629,0.16934869654093343,0.04065446068785752,0.09497167198275508,0.13594979917359384
14,OnlineFPCA-sgd,0.1,7500,100,face,3,5,0.102065801620483,8,4,0.11914990256801934,0.13424970521141097,0.1282589790144043,0.04046600489261207,0.09551005332877048,0.1353211667814115
14,OnlineFPCA-sgd,0.1,7600,100,face,3,5,0.0956156253814697,8,4,0.12290612380359818,0.12550235952043373,0.12684575748420368,0.03821735122593663,0.09462578557989829,0.13269811266200224
14,OnlineFPCA-sgd,0.1,7700,100,face,3,5,0.100409746170044,8,4,0.13255923476211787,0.08835878969635827,0.19531976105539847,0.03728461170490036,0.09339460413870608,0.13105620614652388
14,OnlineFPCA-sgd,0.1,7800,100,face,3,5,0.0969080924987793,8,4,0.20022574191540302,0.1315860027565839,0.1458442656873434,0.03592906599397118,0.090385084947535,0.13080446413942284
14,OnlineFPCA-sgd,0.1,7900,100,face,3,5,0.098771333694458,8,4,0.23836883478438586,0.1550521184858273,0.16179507321312248,0.03323026901716979,0.08819379069039725,0.13080951207959904
14,OnlineFPCA-sgd,0.1,8000,100,face,3,5,0.093665599822998,8,4,0.24860261251314208,0.1140731565550723,0.1464557394488848,0.0319707705548294,0.0858429746710824,0.13046818670451069
14,OnlineFPCA-sgd,0.1,8100,100,face,3,5,0.0970535278320312,8,4,0.16388133464615975,0.10702358694953275,0.18005768403487438,0.03132719996993087,0.08489249814389593,0.1296067871855001
14,OnlineFPCA-sgd,0.1,8200,100,face,3,5,0.0938858985900879,8,4,0.12332563520368084,0.17310905377782518,0.09988059982265654,0.03267404101566321,0.08482352274372407,0.12821762979015008
14,OnlineFPCA-sgd,0.1,8300,100,face,3,5,0.0936448574066162,8,4,0.19735926902905107,0.12162535633517808,0.19017846631480062,0.03442545740337745,0.08432206845916863,0.12736638513830148
14,OnlineFPCA-sgd,0.1,8400,100,face,3,5,0.0985696315765381,8,4,0.1394796806599673,0.14944069155993703,0.17734054076826716,0.03369210940980999,0.08396861590806289,0.1274020267462477
14,OnlineFPCA-sgd,0.1,8500,100,face,3,5,0.0964457988739014,8,4,0.06723256277335243,0.09800764349334457,0.15038882080602545,0.03263807434129762,0.08248166012480511,0.12704984626171326
14,OnlineFPCA-sgd,0.1,8600,100,face,3,5,0.0983729362487793,8,4,0.11038949827325283,0.08196899522903933,0.24305815023332153,0.03260834090036323,0.08020228307545602,0.12806422690403127
14,OnlineFPCA-sgd,0.1,8700,100,face,3,5,0.0938417911529541,8,4,0.18426868471944363,0.14915339832454527,0.2559314398533901,0.030248676519976866,0.07689919687046419,0.13025134680045983
14,OnlineFPCA-sgd,0.1,8800,100,face,3,5,0.0990602970123291,8,4,0.15834455952347892,0.19398436277605893,0.32592368953638967,0.028799498050745564,0.07459536227113657,0.13335052189660646
14,OnlineFPCA-sgd,0.1,8900,100,face,3,5,0.0943279266357422,8,4,0.2721792019992545,0.1524531662994473,0.28009886848273663,0.026953948284642777,0.07415661293312144,0.1364528467406913
14,OnlineFPCA-sgd,0.1,9000,100,face,3,5,0.0988140106201172,8,4,0.17270628060249035,0.1206394896323208,0.2885345410082413,0.026854695130264724,0.07169249265383164,0.13924935270392066
14,OnlineFPCA-sgd,0.1,9100,100,face,3,5,0.0954453945159912,8,4,0.19386506903575665,0.12522179395100413,0.29342552241410186,0.02716661580059062,0.07106164698312062,0.14181651599427417
14,OnlineFPCA-sgd,0.1,9200,100,face,3,5,0.237121343612671,8,4,0.1892784718577497,0.17910473630758028,0.28323120607320956,0.02591646366631358,0.07100326945312396,0.1439358791216347
14,OnlineFPCA-sgd,0.1,9300,100,face,3,5,0.0965428352355957,8,4,0.1836679967174265,0.21203890334866857,0.2504809204446149,0.024438143932577188,0.07245140251360396,0.14604622849379054
14,OnlineFPCA-sgd,0.1,9400,100,face,3,5,0.0991792678833008,8,4,0.09661184306453703,0.12131604381317156,0.21914484543666576,0.023531052152511535,0.07231495025128068,0.14734761876952734
14,OnlineFPCA-sgd,0.1,9500,100,face,3,5,0.0966858863830566,8,4,0.17973697778535516,0.17464790855688958,0.2360765322730572,0.024269810049043068,0.07256306986521578,0.14841139738544612
14,OnlineFPCA-sgd,0.1,9600,100,face,3,5,0.0966753959655762,8,4,0.12533452738460593,0.10359444845253815,0.20481905938201697,0.023838535661320995,0.07238774026550061,0.14920131722170746
14,OnlineFPCA-sgd,0.1,9700,100,face,3,5,0.100010633468628,8,4,0.16529417170702196,0.09193257393313053,0.16310916342911508,0.02334660844790234,0.07252359225860103,0.14967438502831595
14,OnlineFPCA-sgd,0.1,9800,100,face,3,5,0.095897912979126,8,4,0.05685248307097067,0.1414133746207179,0.17893901594000325,0.023314998996450412,0.07354672572405961,0.14994521553803888
14,OnlineFPCA-sgd,0.1,9900,100,face,3,5,0.100297212600708,8,4,0.11990118343288217,0.1506172405070995,0.21365819368836533,0.022678608530161758,0.07407690141810563,0.14991919092416797
14,OnlineFPCA-sgd,0.1,10000,100,face,3,5,0.0960066318511963,8,4,0.21621980740225807,0.12862686509692733,0.22399316245823359,0.022971421122138246,0.07381402120022335,0.1501378729092586
14,OnlineFPCA-sgd,0.1,10100,100,face,3,5,0.101123332977295,8,4,0.15147433793840043,0.0610169904349603,0.18004942436163726,0.02377882296942837,0.07299315391441807,0.1505061330599138
14,OnlineFPCA-sgd,0.1,10200,100,face,3,5,0.0954976081848145,8,4,0.13358382439589844,0.10399105006520351,0.15501745473514988,0.023650014948014497,0.07129638981518013,0.14993829592306812
14,OnlineFPCA-sgd,0.1,10300,100,face,3,5,0.100888729095459,8,4,0.12758190474023706,0.12299608021849395,0.13322518856324306,0.024955175942620415,0.06962172074370315,0.14929948200018098
14,OnlineFPCA-sgd,0.1,10400,100,face,3,5,0.0976576805114746,8,4,0.23410132344976414,0.09276890286617918,0.14802998814833365,0.02543430932673569,0.06927912817304309,0.14893642303463442
14,OnlineFPCA-sgd,0.1,10500,100,face,3,5,0.0981857776641846,8,4,0.13937752955298513,0.11968715080946739,0.13606207246609744,0.02556720622807791,0.06948857889257166,0.14838409239676836
14,OnlineFPCA-sgd,0.1,10600,100,face,3,5,0.0974307060241699,8,4,0.12913832526413324,0.17309446966959008,0.1566548661089702,0.02481273117349014,0.0697046956088928,0.14806441184898525
14,OnlineFPCA-sgd,0.1,10700,100,face,3,5,0.0990567207336426,8,4,0.15748407451716873,0.11753026145387707,0.16742663367353047,0.025543874827420748,0.06984918382756122,0.14767474930528687
14,OnlineFPCA-sgd,0.1,10800,100,face,3,5,0.0971081256866455,8,4,0.13116885757746968,0.15879110483321143,0.1317620425288355,0.025541166957949522,0.07022614069140531,0.14735883231558208
14,OnlineFPCA-sgd,0.1,10900,100,face,3,5,0.0971739292144775,8,4,0.17980410852891296,0.17788513285051813,0.17099332646944035,0.025163522526870562,0.07005804053320958,0.14682072683316483
14,OnlineFPCA-sgd,0.1,11000,100,face,3,5,0.0965657234191895,8,4,0.16121012482131208,0.16094923447405085,0.165486217193761,0.025047180352142245,0.07092637885682462,0.1468375622798847
14,OnlineFPCA-sgd,0.1,11100,100,face,3,5,0.0948657989501953,8,4,0.14602151593408305,0.17818783895756238,0.13050290198364373,0.025526709607067315,0.07184595183103756,0.1464549925431929
14,OnlineFPCA-sgd,0.1,11200,100,face,3,5,0.100892543792725,8,4,0.12973723562412937,0.17890907753482765,0.1454577685842493,0.026352149732998924,0.07281404472382101,0.14623175048368478
14,OnlineFPCA-sgd,0.1,11300,100,face,3,5,0.0948894023895264,8,4,0.16861621436302326,0.195551417069321,0.130188468221603,0.026842812891260094,0.07366859007967538,0.1459171689204425
14,OnlineFPCA-sgd,0.1,11400,100,face,3,5,0.0995597839355469,8,4,0.09737006217264772,0.16834884821201535,0.13039458050855343,0.026913426785533854,0.07373337645737742,0.1452769285010986
14,OnlineFPCA-sgd,0.1,11500,100,face,3,5,0.0966641902923584,8,4,0.16235961657523654,0.0921605829921785,0.12312957340055615,0.026588487635802478,0.07353625476438568,0.14444299664680355
14,OnlineFPCA-sgd,0.1,11600,100,face,3,5,0.0991752147674561,8,4,0.12110486335997049,0.1166699501207762,0.10332302240995712,0.026603161487803836,0.07282677659427886,0.14349854548897026
14,OnlineFPCA-sgd,0.1,11700,100,face,3,5,0.0943171977996826,8,4,0.16627706603065198,0.1191505958478074,0.0935310216724874,0.0273807841961153,0.07245241550044199,0.14277386245017065
14,OnlineFPCA-sgd,0.1,11800,100,face,3,5,0.0995492935180664,8,4,0.13189225618877234,0.1600041076254817,0.12131116533201886,0.027898616487172487,0.07235633268974247,0.14217318941985946
14,OnlineFPCA-sgd,0.1,11900,100,face,3,5,0.0932686328887939,8,4,0.22160422585121575,0.08916857336028036,0.12346707662545482,0.028908252358595753,0.07165079163528558,0.14164274814054362
14,OnlineFPCA-sgd,0.1,12000,100,face,3,5,0.0933701992034912,8,4,0.1281782441309163,0.16221757200661413,0.20285765451677626,0.029632393849830272,0.07167531353505625,0.14150989217924162
14,OnlineFPCA-sgd,0.1,12100,100,face,3,5,0.0980401039123535,8,4,0.1657110809369157,0.1256902150042752,0.14599583235935193,0.029903196466925852,0.07096350150743518,0.14129045991598252
14,OnlineFPCA-sgd,0.1,12200,100,face,3,5,0.0961318016052246,8,4,0.1563998402098978,0.13197950751841736,0.13864072690643564,0.029910712766621227,0.07045757913671842,0.14083116845195567
14,OnlineFPCA-sgd,0.1,12300,100,face,3,5,0.0982863903045654,8,4,0.07817341768446273,0.05420999762601311,0.14936012219591757,0.03015749457604959,0.06982976043645053,0.14081113234722273
14,OnlineFPCA-sgd,0.1,12400,100,face,3,5,0.0945374965667725,8,4,0.07906373034666264,0.08361789505360237,0.14989762858061215,0.02965832841221912,0.06943432144634089,0.1407318040535288
14,OnlineFPCA-sgd,0.1,12500,100,face,3,5,0.100018739700317,8,4,0.10906187719283206,0.11339483736661155,0.12096741316651717,0.02998191467568447,0.06975669475059403,0.14038067869823856
14,OnlineFPCA-sgd,0.1,12600,100,face,3,5,0.0944240093231201,8,4,0.10798446989983546,0.11379668393670234,0.10787727959579167,0.029534378586869345,0.06960828937197466,0.13936341882069744
14,OnlineFPCA-sgd,0.1,12700,100,face,3,5,0.0999000072479248,8,4,0.12266714672997041,0.07940578262026321,0.16321220364604677,0.02925859843626992,0.06933502695157552,0.13866226248581132
14,OnlineFPCA-sgd,0.1,12800,100,face,3,5,0.0950896739959717,8,4,0.16559507491367345,0.09553604605392363,0.12961937071753202,0.02877829748545072,0.06843000715296364,0.13843478971985188
14,OnlineFPCA-sgd,0.1,12900,100,face,3,5,0.0976083278656006,8,4,0.20213461261261587,0.12848138369352416,0.14438348394602385,0.02774737383498754,0.06775008235065738,0.13820504096079145
14,OnlineFPCA-sgd,0.1,13000,100,face,3,5,0.0974628925323486,8,4,0.2153406201079579,0.10000955537656929,0.13166616248531746,0.027023874965626783,0.06699890304782734,0.13784123372110196
14,OnlineFPCA-sgd,0.1,13100,100,face,3,5,0.0979785919189453,8,4,0.14813928053852987,0.08790371827231508,0.1573914833733435,0.026549740796145974,0.06671192668700344,0.137266805240297
14,OnlineFPCA-sgd,0.1,13200,100,face,3,5,0.105253458023071,8,4,0.10422128016214315,0.14590255387159123,0.09100830078574652,0.027031795422229467,0.06676656463265289,0.13649870788225515
14,OnlineFPCA-sgd,0.1,13300,100,face,3,5,0.0961403846740723,8,4,0.16974125269758053,0.10188164269183216,0.16418333302682006,0.02782210329256075,0.06676762158456247,0.13600939660808933
14,OnlineFPCA-sgd,0.1,13400,100,face,3,5,0.0989766120910645,8,4,0.1059415948083235,0.12869339002968727,0.1550999394334693,0.027659438386121355,0.06678640337250617,0.1358877764037546
14,OnlineFPCA-sgd,0.1,13500,100,face,3,5,0.0941116809844971,8,4,0.060980672431063115,0.08922031354597593,0.13437184446657977,0.02740166344856537,0.06634694593145535,0.13559658573022887
14,OnlineFPCA-sgd,0.1,13600,100,face,3,5,0.0998733043670654,8,4,0.0964023145239841,0.06611408373535882,0.21615062701317178,0.02739152944482358,0.06548425721921101,0.13585413290979226
14,OnlineFPCA-sgd,0.1,13700,100,face,3,5,0.0944638252258301,8,4,0.16130526040324109,0.12970481275786477,0.22918775156172044,0.026641201431132088,0.06409361750863272,0.13662793107396173
14,OnlineFPCA-sgd,0.1,13800,100,face,3,5,0.0971271991729736,8,4,0.14494408604486475,0.16933938352994896,0.2910753459587546,0.02618574531557069,0.0630186735377772,0.13779707376967068
14,OnlineFPCA-sgd,0.1,13900,100,face,3,5,0.0941040515899658,8,4,0.2564492858922225,0.13378006492161088,0.25511706339863716,0.02554415485488334,0.0627558641763849,0.13900974121875959
14,OnlineFPCA-sgd,0.1,14000,100,face,3,5,0.0983700752258301,8,4,0.15182764232050328,0.10665517100511979,0.2630194433896524,0.025527797830770534,0.06164169530524129,0.14017712803000856
14,OnlineFPCA-sgd,0.1,14100,100,face,3,5,0.0948832035064697,8,4,0.171681797973457,0.11124849742674811,0.2660250893048807,0.025739146162738147,0.06131267672846804,0.14126184556633312
14,OnlineFPCA-sgd,0.1,14200,100,face,3,5,0.10010838508606,8,4,0.17057633470183592,0.15317304916824706,0.25879207518056907,0.025164862727975,0.061235328476852355,0.14213918748601223
14,OnlineFPCA-sgd,0.1,14300,100,face,3,5,0.0950207710266113,8,4,0.16591287720620687,0.18742960484004556,0.2340846298410938,0.024325992211855257,0.06195610698974155,0.1430008950626631
14,OnlineFPCA-sgd,0.1,14400,100,face,3,5,0.0966835021972656,8,4,0.09588183013540368,0.11669529999307278,0.20238071926924026,0.023734808340556187,0.061993476439772884,0.14358317877135987
14,OnlineFPCA-sgd,0.1,14500,100,face,3,5,0.0970284938812256,8,4,0.1597487723794737,0.1627376739730333,0.22153538089328328,0.02398774162334387,0.06222432475062362,0.1440772923681403
14,OnlineFPCA-sgd,0.1,14600,100,face,3,5,0.0969705581665039,8,4,0.11900820751697185,0.10425706550591282,0.2021848007658852,0.02387737064640386,0.062227363080832786,0.14455357172545494
14,OnlineFPCA-sgd,0.1,14700,100,face,3,5,0.0962643623352051,8,4,0.14844127002425422,0.09889904676404103,0.17046930752401362,0.02358862219482571,0.06239748227108587,0.14492444005602884
14,OnlineFPCA-sgd,0.1,14800,100,face,3,5,0.0939548015594482,8,4,0.05265686931230476,0.13550576614008958,0.18771949617509778,0.023572067323464143,0.0630722489546434,0.14523749360254842
14,OnlineFPCA-sgd,0.1,14900,100,face,3,5,0.0996928215026855,8,4,0.10484933297914077,0.14223753709398612,0.21007144205366607,0.023277653060816507,0.06354357916986905,0.14542369873343788
14,OnlineFPCA-sgd,0.1,15000,100,face,3,5,0.0938174724578857,8,4,0.18100237189843124,0.12327295693377403,0.21686298042088653,0.02338643347283089,0.06363539056754376,0.1457252095754215
14,OnlineFPCA-adagrad,0.1,0,100,face,3,5,6.38382577896118,3,1,0.011488913551722588,0.12793891021275938,0.62316145541387,0.011488913551722588,0.12793891021275938,0.62316145541387
14,OnlineFPCA-adagrad,0.1,100,100,face,3,5,0.19273829460144,3,1,0.8440137868058303,0.8309704392655014,0.6676087161586106,NA,NA,NA
14,OnlineFPCA-adagrad,0.1,200,100,face,3,5,0.188907384872437,3,1,0.4358910121014169,0.5971193435092024,1.2071432124269652,NA,NA,NA
14,OnlineFPCA-adagrad,0.1,300,100,face,3,5,0.189509153366089,3,1,0.4416653845250746,0.8287755880296438,1.3069211481399554,NA,NA,NA
14,OnlineFPCA-adagrad,0.1,400,100,face,3,5,0.189232349395752,3,1,0.4398311440780813,0.9233860685696276,0.9766887086427033,NA,NA,NA
14,OnlineFPCA-adagrad,0.1,500,100,face,3,5,0.189883708953857,3,1,0.4072163075436762,0.8009809869168855,1.0325924330246523,NA,NA,NA
14,OnlineFPCA-adagrad,0.1,600,100,face,3,5,0.190148115158081,3,1,0.40059285318539556,0.8007745436401597,1.0320610993082764,NA,NA,NA
14,OnlineFPCA-adagrad,0.1,700,100,face,3,5,0.187236070632935,3,1,0.3622064679054911,0.7990423022703679,1.0308631794204144,NA,NA,NA
14,OnlineFPCA-adagrad,0.1,800,100,face,3,5,0.194023132324219,3,1,0.22620990097650479,0.8100562282361464,1.02289245523996,NA,NA,NA
14,OnlineFPCA-adagrad,0.1,900,100,face,3,5,0.187086343765259,3,1,0.1109900008951581,0.8295095727962479,0.9104030713862814,NA,NA,NA
14,OnlineFPCA-adagrad,0.1,1000,100,face,3,5,0.191504240036011,3,1,0.11032111028310826,0.8298948301835781,0.89041232905588,NA,NA,NA
14,OnlineFPCA-adagrad,0.1,1100,100,face,3,5,0.25597620010376,3,1,0.11017288476094515,0.8354401413029845,0.875045245058152,0.1101871293350872,0.832752109221581,0.8815620459323993
14,OnlineFPCA-adagrad,0.1,1200,100,face,3,5,0.261169195175171,3,1,0.10991279844858345,0.8400286247662111,0.8650773178968447,0.11003817516473018,0.8350190677411253,0.8749060494627586
14,OnlineFPCA-adagrad,0.1,1300,100,face,3,5,0.255485057830811,3,1,0.10981476457542652,0.8403726100984049,0.8643352977150182,0.10995176555069909,0.8365171096070642,0.8711524491814966
14,OnlineFPCA-adagrad,0.1,1400,100,face,3,5,0.251497745513916,3,1,0.10983917843549425,0.844613042251897,0.8575803818851997,0.1098919760978139,0.837760946373505,0.8681590863220091
14,OnlineFPCA-adagrad,0.1,1500,100,face,3,5,0.252466678619385,3,1,0.10956489024532533,0.8441828506696819,0.858233987022206,0.10982355564729455,0.8388042946017883,0.8658593178252537
14,OnlineFPCA-adagrad,0.1,1600,100,face,3,5,0.255283355712891,3,1,0.10934713793665164,0.846667757024084,0.8550257122675292,0.10975497121205685,0.83974391331585,0.8638892646038595
14,OnlineFPCA-adagrad,0.1,1700,100,face,3,5,0.250542879104614,3,1,0.10904849574036936,0.8485289899690134,0.8528857171523693,0.10964476736849324,0.8406513045998343,0.8619871628019157
14,OnlineFPCA-adagrad,0.1,1800,100,face,3,5,0.251171112060547,3,1,0.10858080277610221,0.8500428225820177,0.8514043584438203,0.10950884449248044,0.8415062134637697,0.8602560225175175
14,OnlineFPCA-adagrad,0.1,1900,100,face,3,5,0.254001617431641,3,1,0.10848716353172047,0.8512933826186823,0.8503683451208355,0.10936908613764565,0.8423040333547884,0.8587247832103416
14,OnlineFPCA-adagrad,0.1,2000,100,face,3,5,0.254629135131836,3,1,0.10816038109722355,0.8523328256336691,0.8496892376068719,0.10922659800217425,0.843046844111914,0.8573968370554723
14,OnlineFPCA-adagrad,0.1,2100,100,face,3,5,0.245625019073486,3,1,1.0601389758368207,1.144579222918829,0.40601717234588985,0.032178666066802,0.8016257773024165,0.8175662035842248
14,OnlineFPCA-adagrad,0.1,2200,100,face,3,5,0.248225688934326,3,1,0.7051202897342084,0.7392630310332875,0.528182945269571,0.07248749080632905,0.767524010214058,0.7831586988905263
14,OnlineFPCA-adagrad,0.1,2300,100,face,3,5,0.249478578567505,3,1,0.3560544105430047,0.5569375207879934,0.5003068277386863,0.1007906993655594,0.7457987981537043,0.7610622175773761
14,OnlineFPCA-adagrad,0.1,2400,100,face,3,5,0.247303247451782,3,1,0.1755807921438863,0.4731869553719512,0.4603654430766502,0.11237975330459703,0.7263876495435396,0.7390493762615952
14,OnlineFPCA-adagrad,0.1,2500,100,face,3,5,0.250499963760376,3,1,0.08400079357279461,0.4405339192734435,0.4686107471092011,0.10942320866096147,0.7065950194020487,0.7201838910023117
14,OnlineFPCA-adagrad,0.1,2600,100,face,3,5,0.406804084777832,3,1,0.08848049969679919,0.4372667832919301,0.4723361510060457,0.10372143324371931,0.6887648118442544,0.7044018929574314
14,OnlineFPCA-adagrad,0.1,2700,100,face,3,5,0.269964694976807,3,1,0.08578269395816555,0.437012151474026,0.46967814242343076,0.09887155245524801,0.6730636720144412,0.6904076015235053
14,OnlineFPCA-adagrad,0.1,2800,100,face,3,5,0.267749309539795,3,1,0.07999924053641648,0.436051019796551,0.4645466656623434,0.09473507365581194,0.6591777809785566,0.678022686587976
14,OnlineFPCA-adagrad,0.1,2900,100,face,3,5,0.266128301620483,3,1,0.07860221050617328,0.43398632985513413,0.46795239173130965,0.09113765187964513,0.6467241312048119,0.666758506029598
14,OnlineFPCA-adagrad,0.1,3000,100,face,3,5,0.268994808197021,3,1,0.07054931970102166,0.43434972270741,0.4658371937821053,0.08791318960683153,0.6355277866070048,0.6566650306389853
14,OnlineFPCA-adagrad,0.1,3100,100,face,3,5,0.269516468048096,3,1,0.06838602022210646,0.4324369309734387,0.46706882010470124,0.08504332940792096,0.6253925085593722,0.6475383232305832
14,OnlineFPCA-adagrad,0.1,3200,100,face,3,5,0.273527860641479,3,1,0.06408274400785728,0.4291163154313319,0.4572969754086471,0.08250886919211989,0.6161076143913244,0.6389625171154901
14,OnlineFPCA-adagrad,0.1,3300,100,face,3,5,0.271445035934448,3,1,0.06383374276432512,0.4263420761182997,0.4550219222954879,0.08023071579068644,0.6075657859038629,0.6308513163773762
14,OnlineFPCA-adagrad,0.1,3400,100,face,3,5,0.268520832061768,3,1,0.06088377208548662,0.42282416608954,0.4546201072905786,0.07815372931790887,0.5996069778605317,0.623337771637228
14,OnlineFPCA-adagrad,0.1,3500,100,face,3,5,0.2690749168396,3,1,0.06130524219964518,0.41923240100212744,0.4458418873525418,0.0763354342224785,0.5921955638208732,0.6163636783186934
14,OnlineFPCA-adagrad,0.1,3600,100,face,3,5,0.27072548866272,3,1,0.0574147823586551,0.4159034398555536,0.43870748032626844,0.07465635764381356,0.5851929026571229,0.60974525306776
14,OnlineFPCA-adagrad,0.1,3700,100,face,3,5,0.271052360534668,3,1,0.05749231058799669,0.4132327341096966,0.436342351207739,0.07298764886594006,0.5786085475748834,0.6032817477940476
14,OnlineFPCA-adagrad,0.1,3800,100,face,3,5,0.274086236953735,3,1,0.05556534410787202,0.41028046380787864,0.4341562222746352,0.07136813369627094,0.5724533608804591,0.5971137168064644
14,OnlineFPCA-adagrad,0.1,3900,100,face,3,5,0.278379440307617,3,1,0.061199194693151396,0.4082503457152197,0.42639239908485593,0.06984667291290243,0.566631455897559,0.5912884381891991
14,OnlineFPCA-adagrad,0.1,4000,100,face,3,5,0.27253794670105,3,1,0.06857150701495682,0.5611427983746204,0.5857686710262142,0.06857150701495682,0.5611427983746204,0.5857686710262142
14,OnlineFPCA-adagrad,0.1,4100,100,face,3,5,0.269991397857666,3,1,0.18742429633126376,0.5468887751673093,0.5740729357318982,0.12761842857522443,0.5427357255499036,0.5683889645020593
14,OnlineFPCA-adagrad,0.1,4200,100,face,3,5,0.269121646881104,3,1,0.20969032179113808,0.5995314113505267,0.5432727075448587,0.11314748288110552,0.5392141303168407,0.5637957928708226
14,OnlineFPCA-adagrad,0.1,4300,100,face,3,5,0.270714044570923,3,1,0.1502175734974805,0.5003620706650352,0.4296607242350755,0.10134471531017222,0.5241448289709314,0.5176692304047824
14,OnlineFPCA-adagrad,0.1,4400,100,face,3,5,0.270584344863892,3,1,0.125873730795869,0.3846283659754437,0.3900282493478476,0.07830880978829473,0.49442021868182623,0.48168770531269534
14,OnlineFPCA-adagrad,0.1,4500,100,face,3,5,0.26829719543457,3,1,0.17260573250505773,0.39427936678424885,0.4076127474063553,0.06653193530746286,0.47072896592376495,0.4541480311423907
14,OnlineFPCA-adagrad,0.1,4600,100,face,3,5,0.269783496856689,3,1,0.13901436278511467,0.3320150628833073,0.3736396077046736,0.05123976818358291,0.44883226073882854,0.43826734117311256
14,OnlineFPCA-adagrad,0.1,4700,100,face,3,5,0.267515420913696,3,1,0.13722025680023792,0.30034443980241754,0.31858029798290965,0.04295612560394208,0.43037197129137494,0.4233587695374209
14,OnlineFPCA-adagrad,0.1,4800,100,face,3,5,0.269103765487671,3,1,0.0627600389219199,0.3215137397676412,0.3024821812904664,0.03562380657308699,0.4164000960275849,0.4077723857588288
14,OnlineFPCA-adagrad,0.1,4900,100,face,3,5,0.267250537872314,3,1,0.13865258431467736,0.2922186799741691,0.40068336603241594,0.03269464125518612,0.40099696848908906,0.39332723534558867
14,OnlineFPCA-adagrad,0.1,5000,100,face,3,5,0.270128965377808,3,1,0.17446872613244258,0.27526426320056935,0.4330239971170885,0.03136085950161358,0.3846783028833101,0.38926736947195095
14,OnlineFPCA-adagrad,0.1,5100,100,face,3,5,0.104729652404785,3,1,0.14036861336699363,0.2222435759807105,0.3074904713597791,0.031588282544777656,0.3674499454406324,0.3810271758651456
14,OnlineFPCA-adagrad,0.1,5200,100,face,3,5,0.105329990386963,3,1,0.12380735872703642,0.24446207686866614,0.26401277658340033,0.030434971662769525,0.3494857040861048,0.3653311652177715
14,OnlineFPCA-adagrad,0.1,5300,100,face,3,5,0.106507539749146,3,1,0.13134199031547078,0.23373040885818425,0.23970699128586728,0.03526769228484436,0.33618219123071935,0.352724791316005
14,OnlineFPCA-adagrad,0.1,5400,100,face,3,5,0.104337215423584,3,1,0.21701196638109366,0.2153805533138924,0.2583761869937883,0.03516166303812575,0.32484634517193023,0.34217032967992683
14,OnlineFPCA-adagrad,0.1,5500,100,face,3,5,0.10203742980957,3,1,0.1346185854066471,0.22047613479546235,0.2470747689329919,0.03466519157280464,0.31595038875811704,0.3323018956804101
14,OnlineFPCA-adagrad,0.1,5600,100,face,3,5,0.104387760162354,3,1,0.1396662969703681,0.30820602133714714,0.30192782794462353,0.03277822742307376,0.30902652200370406,0.3264712467919031
14,OnlineFPCA-adagrad,0.1,5700,100,face,3,5,0.104912519454956,3,1,0.15242160538223143,0.2436113720656318,0.33342552252225416,0.03630644729610044,0.30341975237619173,0.3206613191278108
14,OnlineFPCA-adagrad,0.1,5800,100,face,3,5,0.105077505111694,3,1,0.1273135325629054,0.3094630742873063,0.2865090792484851,0.03595077415606522,0.29989324543278356,0.3173429642768908
14,OnlineFPCA-adagrad,0.1,5900,100,face,3,5,0.105390548706055,3,1,0.14600294253369617,0.289472124446537,0.3023592081762418,0.03415434562704209,0.2964397874010205,0.31444929500048635
14,OnlineFPCA-adagrad,0.1,6000,100,face,3,5,0.105543851852417,3,1,0.1420885968708842,0.21902573283758958,0.2508348618770527,0.03321172901145518,0.29179755796198575,0.31163115667502234
14,OnlineFPCA-adagrad,0.1,6100,100,face,3,5,0.102832317352295,3,1,0.13746101758177012,0.2652164075263816,0.19208353723502955,0.03368274598440897,0.28568952522897695,0.303585900768886
14,OnlineFPCA-adagrad,0.1,6200,100,face,3,5,0.105558395385742,3,1,0.11375648218040205,0.2714457912799064,0.2162224122111361,0.03503725543655411,0.28060048318727476,0.2953634381927517
14,OnlineFPCA-adagrad,0.1,6300,100,face,3,5,0.106077671051025,3,1,0.14878482465503706,0.2903560683184593,0.17220091424030448,0.03586817586454681,0.27646604725357743,0.2877315141288227
14,OnlineFPCA-adagrad,0.1,6400,100,face,3,5,0.105270862579346,3,1,0.10658585890912699,0.2160097329916497,0.20135390577999368,0.035472529771464506,0.27226534567516464,0.27998573633525187
14,OnlineFPCA-adagrad,0.1,6500,100,face,3,5,0.105621099472046,3,1,0.16327263223729727,0.15171926287663925,0.2383917654332133,0.033461957858291244,0.2645191261571843,0.2693295811483094
14,OnlineFPCA-adagrad,0.1,6600,100,face,3,5,0.103012323379517,3,1,0.11417351852326894,0.2033723224190147,0.18744571468037843,0.03283263963439374,0.2563478521399458,0.2613321864300177
14,OnlineFPCA-adagrad,0.1,6700,100,face,3,5,0.100866317749023,3,1,0.16169813168891034,0.18827112542436983,0.1454684488929081,0.035067621070442555,0.24810149167598783,0.25364734097172176
14,OnlineFPCA-adagrad,0.1,6800,100,face,3,5,0.103684902191162,3,1,0.1521215375461096,0.22143767869767333,0.16400839894335983,0.037577119441296436,0.23943179020146807,0.24486856452063344
14,OnlineFPCA-adagrad,0.1,6900,100,face,3,5,0.103753566741943,3,1,0.20287860140926156,0.1061695813351866,0.15098678422211723,0.04075205200299423,0.231175510636552,0.23653562515913995
14,OnlineFPCA-adagrad,0.1,7000,100,face,3,5,0.103450775146484,3,1,0.1251351223897438,0.23818187654533624,0.3344954693846637,0.042905715250323335,0.22360433214791808,0.22936197581521983
14,OnlineFPCA-adagrad,0.1,7100,100,face,3,5,0.103650331497192,3,1,0.17821208032732616,0.21177401596633352,0.2590449489582367,0.043595377871035186,0.21635085999345724,0.2221095889779009
14,OnlineFPCA-adagrad,0.1,7200,100,face,3,5,0.104511976242065,3,1,0.1391156206035618,0.19607506245918055,0.2141952793934209,0.04444002311729989,0.21058830501328948,0.21585129926495036
14,OnlineFPCA-adagrad,0.1,7300,100,face,3,5,0.104708671569824,3,1,0.06255981407395532,0.06970306719136035,0.1452351805456938,0.04453707747922299,0.20455256726318405,0.2106743392324032
14,OnlineFPCA-adagrad,0.1,7400,100,face,3,5,0.105146408081055,3,1,0.11202141443498666,0.12318825980149359,0.15495921926561979,0.04346101902571776,0.19922169599806325,0.20542019723868737
14,OnlineFPCA-adagrad,0.1,7500,100,face,3,5,0.105044364929199,3,1,0.1086169543635664,0.16672706960453046,0.09096979784037212,0.04316134915856013,0.19453554545882498,0.19935467933421477
14,OnlineFPCA-adagrad,0.1,7600,100,face,3,5,0.106666564941406,3,1,0.10344762411142065,0.11624792149727338,0.17681059901432802,0.04137682390973773,0.18963264657165113,0.19314563505821203
14,OnlineFPCA-adagrad,0.1,7700,100,face,3,5,0.109146356582642,3,1,0.0924022845919476,0.10429241104512162,0.2683180955140764,0.03987775936489106,0.1860734545878386,0.18878138247275852
14,OnlineFPCA-adagrad,0.1,7800,100,face,3,5,0.11314845085144,3,1,0.12063558540260201,0.17205313778135783,0.1897440770094759,0.038484508446395116,0.18188408356346994,0.1862392818188234
14,OnlineFPCA-adagrad,0.1,7900,100,face,3,5,0.109243869781494,3,1,0.13876711796286711,0.17589070666457945,0.19830734960952998,0.035939163367014484,0.1780631189925133,0.18436840573463031
14,OnlineFPCA-adagrad,0.1,8000,100,face,3,5,0.104060888290405,3,1,0.18440213287829413,0.13342350514474405,0.21394792193316314,0.03379167527789103,0.17390235256818812,0.18204343123130673
14,OnlineFPCA-adagrad,0.1,8100,100,face,3,5,0.106694221496582,3,1,0.1221391052680315,0.11711478953739468,0.20469825981288153,0.032570843577759793,0.17086394180941158,0.17983448284549983
14,OnlineFPCA-adagrad,0.1,8200,100,face,3,5,0.106732368469238,3,1,0.09607161197082863,0.1741153139174475,0.09755791962263168,0.0331279794198663,0.1683175518435386,0.1760591658493993
14,OnlineFPCA-adagrad,0.1,8300,100,face,3,5,0.109177350997925,3,1,0.13556798172184048,0.15999021226120824,0.1952200090899927,0.034535275849567414,0.16675249026067818,0.17307837975430607
14,OnlineFPCA-adagrad,0.1,8400,100,face,3,5,0.109343767166138,3,1,0.09139222541982733,0.19420304495244725,0.24121092871530816,0.034602383574641564,0.16491644302120032,0.17027400801761516
14,OnlineFPCA-adagrad,0.1,8500,100,face,3,5,0.106900691986084,3,1,0.06975413843559783,0.10459059111839614,0.21718532580226277,0.03425152669785831,0.1623840618881494,0.16762924642666238
14,OnlineFPCA-adagrad,0.1,8600,100,face,3,5,0.103825569152832,3,1,0.1024418010401026,0.054192752057433034,0.2975019061286702,0.03413527985903547,0.15904067666262311,0.16544836030762494
14,OnlineFPCA-adagrad,0.1,8700,100,face,3,5,0.106131076812744,3,1,0.16964384617642916,0.16484893755298538,0.2935969516792675,0.03240864441051577,0.15459651852690345,0.1640420284576734
14,OnlineFPCA-adagrad,0.1,8800,100,face,3,5,0.106326103210449,3,1,0.12637973211378087,0.22830526112624586,0.39619374663765916,0.031162955503288722,0.15021204746392205,0.16326596508789493
14,OnlineFPCA-adagrad,0.1,8900,100,face,3,5,0.107759475708008,3,1,0.22581892609979237,0.1667866726074663,0.3114199200381545,0.029962145463913972,0.1463439042658351,0.16208754634219555
14,OnlineFPCA-adagrad,0.1,9000,100,face,3,5,0.107630729675293,3,1,0.154660062551913,0.12035220851909574,0.30510494622490364,0.030160985524262763,0.1419848499650096,0.16163404807600956
14,OnlineFPCA-adagrad,0.1,9100,100,face,3,5,0.111552953720093,3,1,0.16176997052799472,0.15699873789788543,0.3187089264510411,0.03040948120122532,0.1385273771285172,0.16076239147313745
14,OnlineFPCA-adagrad,0.1,9200,100,face,3,5,0.103718042373657,3,1,0.17458181057857292,0.20296462090947087,0.30275129210005214,0.029859038259947537,0.1354241391308861,0.16004070989517863
14,OnlineFPCA-adagrad,0.1,9300,100,face,3,5,0.10529899597168,3,1,0.11886950033615916,0.2508047637471526,0.27315717731785766,0.028699084382103064,0.13343573656756982,0.159233128813168
14,OnlineFPCA-adagrad,0.1,9400,100,face,3,5,0.105945110321045,3,1,0.10976545454279328,0.15204584992152792,0.22875942430998739,0.027513197107996396,0.1311089868274157,0.15825683430016704
14,OnlineFPCA-adagrad,0.1,9500,100,face,3,5,0.108010768890381,3,1,0.13158054674019815,0.19704609715442595,0.2579905488161144,0.02760431270075841,0.12985493639730036,0.15785598059679454
14,OnlineFPCA-adagrad,0.1,9600,100,face,3,5,0.108550071716309,3,1,0.11995368736669947,0.11182059826267388,0.20844754233395277,0.02747400822951462,0.12848254314119167,0.15753152069484136
14,OnlineFPCA-adagrad,0.1,9700,100,face,3,5,0.106019973754883,3,1,0.11668937321707876,0.09824896434380359,0.1502825810985122,0.026953152348636083,0.12772430477740876,0.15754036802104787
14,OnlineFPCA-adagrad,0.1,9800,100,face,3,5,0.10558009147644,3,1,0.05407360838033686,0.15458966907287927,0.17076128208230149,0.026621933732576018,0.12775949301174871,0.1571951488360626
14,OnlineFPCA-adagrad,0.1,9900,100,face,3,5,0.106344223022461,3,1,0.10225011549260593,0.17303960910007465,0.25220370933573266,0.026416088720883642,0.12748238263128317,0.15664009348931482
14,OnlineFPCA-adagrad,0.1,10000,100,face,3,5,0.106595039367676,3,1,0.12461342159094278,0.15736009186358138,0.27838682434964157,0.026540128199586212,0.12671834077891753,0.15673723601819567
14,OnlineFPCA-adagrad,0.1,10100,100,face,3,5,0.106277227401733,3,1,0.12288982395463076,0.0823630352730671,0.20825386384954533,0.026869258178910827,0.12544691289610693,0.1567508069443577
14,OnlineFPCA-adagrad,0.1,10200,100,face,3,5,0.109389543533325,3,1,0.1131433966248748,0.15303050816642313,0.19281682515578752,0.026901783975199618,0.12338691813371476,0.15541983115603134
14,OnlineFPCA-adagrad,0.1,10300,100,face,3,5,0.106581211090088,3,1,0.11240430207130041,0.17870112543054173,0.17420092548955762,0.027762222363602155,0.12166511923196674,0.1544175005854752
14,OnlineFPCA-adagrad,0.1,10400,100,face,3,5,0.105721235275269,3,1,0.18676841266518732,0.12160232996281842,0.1793263527675363,0.028174915523452086,0.12061829064198151,0.15387309999550716
14,OnlineFPCA-adagrad,0.1,10500,100,face,3,5,0.243612051010132,3,1,0.116263280142521,0.13681403336846246,0.16697918011176135,0.028561764249529362,0.12023462126507888,0.15293884453131892
14,OnlineFPCA-adagrad,0.1,10600,100,face,3,5,0.105488538742065,3,1,0.1334132012185702,0.20329744417224954,0.20475323607452292,0.028337587153561775,0.12007441456919983,0.15285737468818986
14,OnlineFPCA-adagrad,0.1,10700,100,face,3,5,0.105361461639404,3,1,0.1339987334457018,0.1447910256464847,0.23835199500472393,0.028885443554650756,0.11998648069787458,0.15300304826261085
14,OnlineFPCA-adagrad,0.1,10800,100,face,3,5,0.10800313949585,3,1,0.10650545541437365,0.21361127648158668,0.17943004548934746,0.028905467122986746,0.12029400832962003,0.1535225947995731
14,OnlineFPCA-adagrad,0.1,10900,100,face,3,5,0.106052875518799,3,1,0.11889723885815749,0.2140674036696344,0.22518990529136435,0.028607292261166806,0.12032542150121354,0.15369278382630625
14,OnlineFPCA-adagrad,0.1,11000,100,face,3,5,0.108497619628906,3,1,0.12723195434941711,0.18658998550099218,0.20278674798542065,0.028107701419393366,0.12072060693686767,0.1543215403879369
14,OnlineFPCA-adagrad,0.1,11100,100,face,3,5,0.103745698928833,3,1,0.11977598619125646,0.21330730242266663,0.16202405682210344,0.028130643655247655,0.12098191074182225,0.15381243393120683
14,OnlineFPCA-adagrad,0.1,11200,100,face,3,5,0.106445789337158,3,1,0.10312401971360056,0.2291013241252203,0.18749632879911815,0.028654925075063432,0.1213801459731359,0.1534758935444928
14,OnlineFPCA-adagrad,0.1,11300,100,face,3,5,0.106645822525024,3,1,0.1291497307420309,0.2413417542680592,0.13866133288012783,0.02892873883449862,0.12186196945844392,0.15285570591608516
14,OnlineFPCA-adagrad,0.1,11400,100,face,3,5,0.109381914138794,3,1,0.08955197194340513,0.18462834595673813,0.15563817958011192,0.028920936388774892,0.12195470106547339,0.1517718167189847
14,OnlineFPCA-adagrad,0.1,11500,100,face,3,5,0.106681108474731,3,1,0.13873396378425257,0.09791536205344462,0.1885218800533467,0.028625050465076213,0.12120860811762312,0.1500180592467022
14,OnlineFPCA-adagrad,0.1,11600,100,face,3,5,0.107359170913696,3,1,0.09212828598111847,0.1409120409042005,0.15224971510064145,0.028506194436925564,0.12009754365073427,0.14871921089187912
14,OnlineFPCA-adagrad,0.1,11700,100,face,3,5,0.10465669631958,3,1,0.1252915716894338,0.14121416724375616,0.12112073068567122,0.029107086269305478,0.11896371312048516,0.14744262059401195
14,OnlineFPCA-adagrad,0.1,11800,100,face,3,5,0.113709926605225,3,1,0.12086673972956122,0.1799406866202019,0.1392550953719138,0.029867741794121987,0.11769691645301526,0.1460336280792013
14,OnlineFPCA-adagrad,0.1,11900,100,face,3,5,0.10709285736084,3,1,0.16730230218516504,0.09897974038556308,0.14217604187278074,0.0308626625378002,0.11615220722239669,0.1448090296351626
14,OnlineFPCA-adagrad,0.1,12000,100,face,3,5,0.106973171234131,3,1,0.11215938525175334,0.19492806731226742,0.2780548258143195,0.031875969181556635,0.11492776265850069,0.1441959523168214
14,OnlineFPCA-adagrad,0.1,12100,100,face,3,5,0.107129096984863,3,1,0.1394864074341719,0.15970622341977203,0.1952238389853927,0.03224568159137021,0.11336601322501322,0.14337472524198996
14,OnlineFPCA-adagrad,0.1,12200,100,face,3,5,0.105509042739868,3,1,0.11965427997918243,0.1671945626333538,0.17764159831202123,0.03252112519079151,0.11230870577865196,0.1424410599484791
14,OnlineFPCA-adagrad,0.1,12300,100,face,3,5,0.102038621902466,3,1,0.05271694058812094,0.06401555737369816,0.1371811991714914,0.03253450915047982,0.11121440357528502,0.14179501056167784
14,OnlineFPCA-adagrad,0.1,12400,100,face,3,5,0.104181289672852,3,1,0.09340907458317683,0.10954007560186534,0.13629108792247463,0.03233654081341049,0.11029532711264245,0.14098605377417198
14,OnlineFPCA-adagrad,0.1,12500,100,face,3,5,0.104524612426758,3,1,0.10298274553552723,0.13886661739934444,0.0919390164839929,0.03260205801719991,0.10977775816551483,0.13970601278630734
14,OnlineFPCA-adagrad,0.1,12600,100,face,3,5,0.106570243835449,3,1,0.08803712107893032,0.10839602365085868,0.1582081797049498,0.032336052685616505,0.10892172853402643,0.13773029027552255
14,OnlineFPCA-adagrad,0.1,12700,100,face,3,5,0.104594707489014,3,1,0.07996038280456533,0.08455366410466165,0.2162058298387282,0.03196681285510948,0.10828467800849836,0.13653336403505595
14,OnlineFPCA-adagrad,0.1,12800,100,face,3,5,0.104546785354614,3,1,0.08956857089054789,0.1227768746961707,0.15916049833105989,0.03150278818777479,0.10724897776324564,0.13611559576112692
14,OnlineFPCA-adagrad,0.1,12900,100,face,3,5,0.102019071578979,3,1,0.11234291019184466,0.14637668373197707,0.17400392057619482,0.03059781053898193,0.10633592433253368,0.13577987941587674
14,OnlineFPCA-adagrad,0.1,13000,100,face,3,5,0.104492664337158,3,1,0.1588588094946325,0.11660674263341322,0.1896127940533951,0.029654619683417063,0.1053166339243667,0.13514599618329434
14,OnlineFPCA-adagrad,0.1,13100,100,face,3,5,0.1114501953125,3,1,0.11299010370230528,0.10498708866415558,0.1895804283006066,0.028999132018896333,0.10471695626451938,0.13436199860201611
14,OnlineFPCA-adagrad,0.1,13200,100,face,3,5,0.104602575302124,3,1,0.08391495449814228,0.15259514496830318,0.0889596743130877,0.029003464209359685,0.10434274475234082,0.133007638014343
14,OnlineFPCA-adagrad,0.1,13300,100,face,3,5,0.10477876663208,3,1,0.11035708422044148,0.13055541480097457,0.16520107981582033,0.029490947113929182,0.1042541866667938,0.13220326746158892
14,OnlineFPCA-adagrad,0.1,13400,100,face,3,5,0.104500770568848,3,1,0.07282509796397227,0.1629320306191991,0.20999323093457864,0.029619183342507144,0.1041346096113481,0.13177871711399783
14,OnlineFPCA-adagrad,0.1,13500,100,face,3,5,0.102162837982178,3,1,0.06722770581364326,0.09746955714436954,0.18677368780112452,0.029625486012963772,0.10360268048019673,0.13123512826170944
14,OnlineFPCA-adagrad,0.1,13600,100,face,3,5,0.104950666427612,3,1,0.08448060588008474,0.045006320523791575,0.26423128294566123,0.029605939178213116,0.10264453585670359,0.13115627852814005
14,OnlineFPCA-adagrad,0.1,13700,100,face,3,5,0.105383157730103,3,1,0.14729927607003074,0.14223240440338414,0.2681202199570823,0.02915654334295857,0.10107323676941524,0.13174995399395686
14,OnlineFPCA-adagrad,0.1,13800,100,face,3,5,0.107572317123413,3,1,0.11833531480783982,0.1976500907557968,0.36555985737755253,0.028807108609948503,0.09955018195288286,0.13276604730519204
14,OnlineFPCA-adagrad,0.1,13900,100,face,3,5,0.103857040405273,3,1,0.20836002205537305,0.14087306667847574,0.29427143522983407,0.028389249813849774,0.09845040449506352,0.13360989577331833
14,OnlineFPCA-adagrad,0.1,14000,100,face,3,5,0.10387110710144,3,1,0.14713607149674668,0.10884016886762236,0.29411451299391883,0.028506014431621225,0.09689527173631965,0.13453511585554026
14,OnlineFPCA-adagrad,0.1,14100,100,face,3,5,0.104326248168945,3,1,0.14438254674742831,0.13724365466483873,0.3046086992719949,0.028649001441662866,0.0958862213127279,0.1351800831787434
14,OnlineFPCA-adagrad,0.1,14200,100,face,3,5,0.101426601409912,3,1,0.1550803505338773,0.16992332758977993,0.2888124515007399,0.02836396940435731,0.09498059250511896,0.1356767431873156
14,OnlineFPCA-adagrad,0.1,14300,100,face,3,5,0.104931116104126,3,1,0.10383531890601984,0.22364035468581492,0.2636193036615966,0.02774417360356356,0.0947582447801313,0.1361077905661716
14,OnlineFPCA-adagrad,0.1,14400,100,face,3,5,0.243252992630005,3,1,0.09981464981555555,0.14726562960184678,0.21174666564183775,0.027133566331591127,0.0941214152559812,0.13624223970078608
14,OnlineFPCA-adagrad,0.1,14500,100,face,3,5,0.105469942092896,3,1,0.11190285928192406,0.1847165273721386,0.24278455900628357,0.027072294775646884,0.0938751466200808,0.1364719571330254
14,OnlineFPCA-adagrad,0.1,14600,100,face,3,5,0.105666160583496,3,1,0.10172520916646537,0.10514513951176108,0.21073155072423475,0.027062274003362148,0.09346323552116365,0.13672311348077526
14,OnlineFPCA-adagrad,0.1,14700,100,face,3,5,0.106535673141479,3,1,0.10606738206897687,0.10220423459280285,0.15970413942729725,0.026818365390463048,0.09335422423904349,0.1370838247778668
14,OnlineFPCA-adagrad,0.1,14800,100,face,3,5,0.104390621185303,3,1,0.0516217931114161,0.14426602352257112,0.18217469072425985,0.02667347761430974,0.09372393683558422,0.13728989250873075
14,OnlineFPCA-adagrad,0.1,14900,100,face,3,5,0.105825662612915,3,1,0.0878958398264796,0.16254488952161802,0.24074768219381168,0.02656527728135014,0.09392229367570615,0.13733998883039067
14,OnlineFPCA-adagrad,0.1,15000,100,face,3,5,0.108168125152588,3,1,0.10197253403245812,0.14821193735913937,0.2585225720849879,0.026617482144528973,0.09381672487660515,0.13760759183818433
14,OnlineFPCA-adagrad,0.1,0,100,face,3,5,6.38382577896118,4,1,0.011488913551722588,1.4472298556119578,1.4344145744635683,0.011488913551722588,1.4472298556119578,1.4344145744635683
14,OnlineFPCA-adagrad,0.1,100,100,face,3,5,0.250188827514648,4,1,0.6998071244526721,1.3329176694790223,1.275102486611992,NA,NA,NA
14,OnlineFPCA-adagrad,0.1,200,100,face,3,5,0.244250297546387,4,1,0.5235370171063882,1.4631342771892693,1.6696427848164295,NA,NA,NA
14,OnlineFPCA-adagrad,0.1,300,100,face,3,5,0.243335485458374,4,1,0.8643593597383747,1.5133448033468682,1.4726651868538345,NA,NA,NA
14,OnlineFPCA-adagrad,0.1,400,100,face,3,5,0.242311716079712,4,1,0.4492922872157521,1.395461563209462,1.4078179318167139,NA,NA,NA
14,OnlineFPCA-adagrad,0.1,500,100,face,3,5,0.241326093673706,4,1,0.9135615959794231,1.3372608734159186,1.3745417628751704,NA,NA,NA
14,OnlineFPCA-adagrad,0.1,600,100,face,3,5,0.241638422012329,4,1,0.761006531917792,1.4256855831001383,1.3737933189602647,NA,NA,NA
14,OnlineFPCA-adagrad,0.1,700,100,face,3,5,0.244159936904907,4,1,0.7213027250699775,1.4124616388047133,1.3737942021718959,NA,NA,NA
14,OnlineFPCA-adagrad,0.1,800,100,face,3,5,0.248505353927612,4,1,0.6700730212532265,1.403645371138126,1.3741214615209707,NA,NA,NA
14,OnlineFPCA-adagrad,0.1,900,100,face,3,5,0.244740724563599,4,1,0.5729738512773799,1.4063695163102738,1.3828840310498045,NA,NA,NA
14,OnlineFPCA-adagrad,0.1,1000,100,face,3,5,0.245052576065063,4,1,0.4426322762302289,1.4040164455654707,1.396385530248611,NA,NA,NA
14,OnlineFPCA-adagrad,0.1,1100,100,face,3,5,0.334854125976562,4,1,0.7050363865597741,0.36712093556437275,0.5769218603574244,0.5876599822929761,0.5648601875720801,0.7152561894214381
14,OnlineFPCA-adagrad,0.1,1200,100,face,3,5,0.334107398986816,4,1,0.43480513806643256,0.2598640936585045,0.4325130532497618,0.5616617777119162,0.41184251468431565,0.5839558084666487
14,OnlineFPCA-adagrad,0.1,1300,100,face,3,5,0.335984945297241,4,1,0.727108497750784,0.25232988029164133,0.35712931155249966,0.48037862323969455,0.3444702149717287,0.5014897942499472
14,OnlineFPCA-adagrad,0.1,1400,100,face,3,5,0.334343433380127,4,1,0.23596787913931747,0.21637206546505552,0.2747770809900226,0.4095046926424181,0.3116532332691235,0.445294495525976
14,OnlineFPCA-adagrad,0.1,1500,100,face,3,5,0.327675580978394,4,1,0.14450359460529277,0.21716519066815806,0.2775606527894847,0.35477793295104587,0.2917907958583933,0.40388470381272823
14,OnlineFPCA-adagrad,0.1,1600,100,face,3,5,0.329274892807007,4,1,0.14335757603476126,0.21668635050734802,0.2790520965406503,0.3189545026685101,0.2782881391028878,0.3786564602820852
14,OnlineFPCA-adagrad,0.1,1700,100,face,3,5,0.333971261978149,4,1,0.14194932083032125,0.2153783191552534,0.2788192803901442,0.29321378046611984,0.2686134326462476,0.36148322688449863
14,OnlineFPCA-adagrad,0.1,1800,100,face,3,5,0.339397430419922,4,1,0.13989122717466726,0.21362219118932868,0.2775614822605309,0.2737980515223757,0.26127322958902305,0.3490259447235797
14,OnlineFPCA-adagrad,0.1,1900,100,face,3,5,0.332655429840088,4,1,0.13918659610229187,0.21223486805064054,0.27785844678147453,0.2585840426408636,0.25545288395601395,0.33960491994540076
14,OnlineFPCA-adagrad,0.1,2000,100,face,3,5,0.330470085144043,4,1,0.13806361382810803,0.21123315039134632,0.2780602370108789,0.2463157231318142,0.25073587040309914,0.33228938227624716
14,OnlineFPCA-adagrad,0.1,2100,100,face,3,5,0.318221092224121,4,1,0.19871515864784972,0.24961558944457024,0.21971322719151348,0.23422370978167673,0.24396086383227883,0.31860299531298514
14,OnlineFPCA-adagrad,0.1,2200,100,face,3,5,0.324496984481812,4,1,0.2650213438836874,0.2744083001853057,0.3209609236753302,0.21103828665515972,0.23903822444427347,0.3014821011852493
14,OnlineFPCA-adagrad,0.1,2300,100,face,3,5,0.317935705184937,4,1,0.17675218269245632,0.25353687196778335,0.5288019658427435,0.18924216552672157,0.2316051699222072,0.305035174932501
14,OnlineFPCA-adagrad,0.1,2400,100,face,3,5,0.323938608169556,4,1,0.12842285767517736,0.2604177775336439,0.4194596746064039,0.17305104254267875,0.22507313575718849,0.3093960422698574
14,OnlineFPCA-adagrad,0.1,2500,100,face,3,5,0.32234001159668,4,1,0.159211274659919,0.2775489749293142,0.3422546252084406,0.16776328477264246,0.2222488136016439,0.309838276155222
14,OnlineFPCA-adagrad,0.1,2600,100,face,3,5,0.347440004348755,4,1,0.14084233086290515,0.2436624849020845,0.35238909940688556,0.16344026503542972,0.2193864437921876,0.30437034991944656
14,OnlineFPCA-adagrad,0.1,2700,100,face,3,5,0.347479820251465,4,1,0.102791679496144,0.25600283396864376,0.4084936599837174,0.15773348634926662,0.21696729216845548,0.3019471804872408
14,OnlineFPCA-adagrad,0.1,2800,100,face,3,5,0.353405475616455,4,1,0.1647143002457445,0.31648624603784,0.29216478921240313,0.14981763093087383,0.2146160728442051,0.30155398526214516
14,OnlineFPCA-adagrad,0.1,2900,100,face,3,5,0.485249757766724,4,1,0.1813891311553158,0.328557704820752,0.28363007715683086,0.1445467304622666,0.21435599567324254,0.29734135920239324
14,OnlineFPCA-adagrad,0.1,3000,100,face,3,5,0.348363637924194,4,1,0.2191848820865838,0.22749067391389372,0.2810962625339285,0.13972538441631369,0.2133782570811176,0.29258521911788093
14,OnlineFPCA-adagrad,0.1,3100,100,face,3,5,0.349173784255981,4,1,0.13695993591413158,0.20301381910110225,0.23048596257767648,0.13401660632502482,0.20939496743860522,0.2872288532100042
14,OnlineFPCA-adagrad,0.1,3200,100,face,3,5,0.346230506896973,4,1,0.13245988471125658,0.22730158500001701,0.14561632508093592,0.1260747314037281,0.2020915174183836,0.2762896898435903
14,OnlineFPCA-adagrad,0.1,3300,100,face,3,5,0.344679117202759,4,1,0.17665508568962782,0.22110464985264677,0.26968267876445234,0.11739338911438922,0.19415602818007427,0.26584188286289295
14,OnlineFPCA-adagrad,0.1,3400,100,face,3,5,0.347943305969238,4,1,0.12686710252927022,0.2548116524483179,0.33783818412416655,0.10986384620131497,0.18912601765754258,0.25754259566927246
14,OnlineFPCA-adagrad,0.1,3500,100,face,3,5,0.345818042755127,4,1,0.07542814007280667,0.1299879673748663,0.29691329180164294,0.10356294986626267,0.18404448755830183,0.24867245665807858
14,OnlineFPCA-adagrad,0.1,3600,100,face,3,5,0.34710693359375,4,1,0.14503705432207528,0.10586123098792025,0.3791967644475936,0.09928986095859751,0.17944731118568097,0.2441961992297274
14,OnlineFPCA-adagrad,0.1,3700,100,face,3,5,0.344106197357178,4,1,0.20586033991647598,0.22371715925686375,0.3510421882549201,0.10073340149161385,0.1767976460020029,0.24308762793131594
14,OnlineFPCA-adagrad,0.1,3800,100,face,3,5,0.345780372619629,4,1,0.14153164677840963,0.29746981876155465,0.4506551281419227,0.10119114253664109,0.17584004773068426,0.244921416056115
14,OnlineFPCA-adagrad,0.1,3900,100,face,3,5,0.357907295227051,4,1,0.25075652161108886,0.24594624280092695,0.3553677683343217,0.09874778176340399,0.17518719639936658,0.24550777336141585
14,OnlineFPCA-adagrad,0.1,4000,100,face,3,5,0.347559928894043,4,1,0.09409668677493274,0.17193272016949487,0.24597499063788383,0.09409668677493274,0.17193272016949487,0.24597499063788383
14,OnlineFPCA-adagrad,0.1,4100,100,face,3,5,0.35158109664917,4,1,0.18161507758634088,0.22351850674679888,0.31557201901889426,0.11849143997498736,0.2145059856147047,0.2403305219746643
14,OnlineFPCA-adagrad,0.1,4200,100,face,3,5,0.347702026367188,4,1,0.20405394340459873,0.3006389048767066,0.34817502320054977,0.09389431695676265,0.18367014294115083,0.2588203458907802
14,OnlineFPCA-adagrad,0.1,4300,100,face,3,5,0.348689317703247,4,1,0.16251873483314866,0.29554488616026403,0.293952907365919,0.0836776001777687,0.2048650107120137,0.2690118713048533
14,OnlineFPCA-adagrad,0.1,4400,100,face,3,5,0.347400903701782,4,1,0.1271000947864544,0.1603730474801305,0.22888527293810312,0.0679401855638217,0.18434206047943869,0.24040796226599098
14,OnlineFPCA-adagrad,0.1,4500,100,face,3,5,0.351865291595459,4,1,0.15549031742510952,0.21902177420037727,0.27327845382459215,0.05448825637838341,0.17727979577590708,0.23085150787995048
14,OnlineFPCA-adagrad,0.1,4600,100,face,3,5,0.347071170806885,4,1,0.14148846533620923,0.1356182872373423,0.17948233992270754,0.03748157500817705,0.1631338771975468,0.20922894721086865
14,OnlineFPCA-adagrad,0.1,4700,100,face,3,5,0.350389003753662,4,1,0.13604014411417073,0.08963042354735268,0.13152610687713798,0.02657305033534444,0.15162377304349156,0.19495650801742825
14,OnlineFPCA-adagrad,0.1,4800,100,face,3,5,0.354046821594238,4,1,0.05842025414046802,0.1589661410465567,0.14298081212577557,0.022290961652393436,0.14901685277231835,0.1812686618257682
14,OnlineFPCA-adagrad,0.1,4900,100,face,3,5,0.361923933029175,4,1,0.129811995371389,0.1890627823625613,0.26993740260614363,0.014145833471121827,0.14349364785571028,0.16741254858384155
14,OnlineFPCA-adagrad,0.1,5000,100,face,3,5,0.355007886886597,4,1,0.17649685020027822,0.16568644448190964,0.30796908526003275,0.008051461939850428,0.1324481167716634,0.16216153337133507
14,OnlineFPCA-adagrad,0.1,5100,100,face,3,5,0.107145309448242,4,1,0.1443313169908162,0.11589999567613397,0.23349080021879065,0.013400687394694513,0.12112867718334526,0.16078873233586455
14,OnlineFPCA-adagrad,0.1,5200,100,face,3,5,0.104174137115479,4,1,0.12930974578399404,0.17712751303798413,0.22457724814643723,0.015584926153156849,0.10665299690151232,0.15121848160175216
14,OnlineFPCA-adagrad,0.1,5300,100,face,3,5,0.103584051132202,4,1,0.12871110124920954,0.17756547176731924,0.19095614282115222,0.023712589594903556,0.09341425115287137,0.14671639778708545
14,OnlineFPCA-adagrad,0.1,5400,100,face,3,5,0.103251218795776,4,1,0.22064821989395336,0.12509715663132842,0.19601211459192758,0.025588228086361176,0.0902634257858419,0.14700562650613788
14,OnlineFPCA-adagrad,0.1,5500,100,face,3,5,0.10370945930481,4,1,0.1353829555111348,0.1584070192935937,0.18261096344672814,0.024036071436639612,0.09155237402440573,0.1449467044636536
14,OnlineFPCA-adagrad,0.1,5600,100,face,3,5,0.104501485824585,4,1,0.13755921220070583,0.2535106486304419,0.25830052277178855,0.02027725970378888,0.09096593335806387,0.14658046184515744
14,OnlineFPCA-adagrad,0.1,5700,100,face,3,5,0.103663444519043,4,1,0.15432298946569784,0.16525706885758853,0.299595951750612,0.021688815638736838,0.09125094578824501,0.1477436329374187
14,OnlineFPCA-adagrad,0.1,5800,100,face,3,5,0.103587865829468,4,1,0.1255714692459085,0.24785288761306953,0.22308948531465309,0.021211321121678662,0.0936610692407242,0.15113983111060192
14,OnlineFPCA-adagrad,0.1,5900,100,face,3,5,0.232873678207397,4,1,0.14630887652505123,0.22690131858064128,0.24204823541985857,0.02017099781611367,0.09267739488204159,0.15132158220807385
14,OnlineFPCA-adagrad,0.1,6000,100,face,3,5,0.102380990982056,4,1,0.1452077829796489,0.18337465061786626,0.2208402560498666,0.020175530029273404,0.09722207299363032,0.15600212332861302
14,OnlineFPCA-adagrad,0.1,6100,100,face,3,5,0.101901769638062,4,1,0.13982376388812345,0.24047000631232682,0.18475833986162976,0.023066865240346932,0.10136797293302027,0.15446063864614756
14,OnlineFPCA-adagrad,0.1,6200,100,face,3,5,0.102421760559082,4,1,0.11369951825851901,0.24380910535610734,0.19959086196727832,0.025897273604039713,0.10605884754088284,0.15226581262472755
14,OnlineFPCA-adagrad,0.1,6300,100,face,3,5,0.102130889892578,4,1,0.1489717781215225,0.26574542829425357,0.1356267035743269,0.0280328615270303,0.11016231437543318,0.15016170752308608
14,OnlineFPCA-adagrad,0.1,6400,100,face,3,5,0.10223388671875,4,1,0.10498515107785458,0.18817996567109666,0.18584054490487223,0.028483687903598242,0.11038727477397425,0.14522520671056927
14,OnlineFPCA-adagrad,0.1,6500,100,face,3,5,0.102482318878174,4,1,0.16600154275372342,0.13679164251226042,0.24065204677509067,0.027056947709368603,0.1083964939577545,0.13740885090736477
14,OnlineFPCA-adagrad,0.1,6600,100,face,3,5,0.102570533752441,4,1,0.11346701860747169,0.19254656077142335,0.18576155970797778,0.027195511231317845,0.10338676892197454,0.13197058276861048
14,OnlineFPCA-adagrad,0.1,6700,100,face,3,5,0.102456569671631,4,1,0.16053593746280376,0.19160954095780072,0.1423731391140902,0.029014256029879462,0.10042809993778615,0.1282885747798024
14,OnlineFPCA-adagrad,0.1,6800,100,face,3,5,0.102875471115112,4,1,0.14885699182671952,0.2319903295465404,0.18562407679351836,0.03076014792963429,0.09871877842894956,0.12539184736796607
14,OnlineFPCA-adagrad,0.1,6900,100,face,3,5,0.109734296798706,4,1,0.20155186326676067,0.12315910161060356,0.17405706428235707,0.033567246899212096,0.0953569699901321,0.12365612084999868
14,OnlineFPCA-adagrad,0.1,7000,100,face,3,5,0.105319738388062,4,1,0.12585678630642713,0.2506385006419044,0.35296827777023115,0.03542009259638003,0.09504957425653637,0.12475024576360996
14,OnlineFPCA-adagrad,0.1,7100,100,face,3,5,0.103386878967285,4,1,0.18026485962853647,0.21029879247552583,0.2664324268741881,0.036228102721041,0.09182938100426619,0.12453588133311605
14,OnlineFPCA-adagrad,0.1,7200,100,face,3,5,0.10150408744812,4,1,0.1409635419331933,0.1956269203768811,0.227858577679543,0.0369934483553488,0.09099599512015652,0.12314285604734573
14,OnlineFPCA-adagrad,0.1,7300,100,face,3,5,0.106252431869507,4,1,0.06255483585012167,0.07897590734993612,0.15247773531704614,0.03734373227984224,0.09019549470046549,0.12288221458355929
14,OnlineFPCA-adagrad,0.1,7400,100,face,3,5,0.103659868240356,4,1,0.11385837596915117,0.12969664775315443,0.16873614023455688,0.03631494560464761,0.0896945515590736,0.12214512505438713
14,OnlineFPCA-adagrad,0.1,7500,100,face,3,5,0.104750156402588,4,1,0.1097022148745593,0.17152460974325673,0.1020557083573714,0.036633844127560766,0.09119884617043446,0.11928556390407569
14,OnlineFPCA-adagrad,0.1,7600,100,face,3,5,0.104864597320557,4,1,0.10257625584671468,0.11326346845685181,0.17289017410867602,0.03533833294727899,0.09062078466149438,0.11394389371814187
14,OnlineFPCA-adagrad,0.1,7700,100,face,3,5,0.107328653335571,4,1,0.09197217043482181,0.0892228299025258,0.27153051503623776,0.03430872360859426,0.08956946603565989,0.11084434664652745
14,OnlineFPCA-adagrad,0.1,7800,100,face,3,5,0.10462212562561,4,1,0.11924384430899702,0.161968449074435,0.18443640580659654,0.03325768061275543,0.0862679188678115,0.1103294642839155
14,OnlineFPCA-adagrad,0.1,7900,100,face,3,5,0.111132621765137,4,1,0.13886231075047836,0.17595293868695347,0.19312304665800348,0.030952766542431984,0.08415200434083414,0.11104224508229107
14,OnlineFPCA-adagrad,0.1,8000,100,face,3,5,0.10459303855896,4,1,0.18478058927815763,0.13056783505739136,0.21093188423694265,0.02931847695902892,0.08179959198175452,0.1107710647040613
14,OnlineFPCA-adagrad,0.1,8100,100,face,3,5,0.104645967483521,4,1,0.1222020011051128,0.11442964569241161,0.1992906400477762,0.028517301321426745,0.08102728214636652,0.10975427268137607
14,OnlineFPCA-adagrad,0.1,8200,100,face,3,5,0.102245569229126,4,1,0.09553019692764844,0.17220419489215114,0.09727410009957152,0.02934724442438653,0.08108920759155365,0.10683831354659343
14,OnlineFPCA-adagrad,0.1,8300,100,face,3,5,0.104899883270264,4,1,0.13511418120247454,0.15501905550631162,0.19857834218138587,0.030787539959815036,0.08100606678429567,0.10496623590804229
14,OnlineFPCA-adagrad,0.1,8400,100,face,3,5,0.105406284332275,4,1,0.0914147823670696,0.19130421790882224,0.24796400346365322,0.030648082036812015,0.08146117953882613,0.10448943774544661
14,OnlineFPCA-adagrad,0.1,8500,100,face,3,5,0.104949712753296,4,1,0.06986284447769144,0.10270823837638005,0.22274129639951773,0.03009312825398779,0.08053670333480634,0.10430140310453823
14,OnlineFPCA-adagrad,0.1,8600,100,face,3,5,0.107522487640381,4,1,0.10417759545076496,0.052410577574901036,0.3035803473352648,0.03002711072584251,0.07894686537477781,0.10563992796583412
14,OnlineFPCA-adagrad,0.1,8700,100,face,3,5,0.105296850204468,4,1,0.17055828504195253,0.16341297374986338,0.29625103308878664,0.028523540267313564,0.07538987590496207,0.10894686775873895
14,OnlineFPCA-adagrad,0.1,8800,100,face,3,5,0.104318857192993,4,1,0.12616470724265363,0.2268403138358095,0.3984981460746086,0.027569445176463016,0.07289649032874611,0.11353484806854247
14,OnlineFPCA-adagrad,0.1,8900,100,face,3,5,0.1053307056427,4,1,0.22597522996900293,0.16371248990893467,0.3102466101929092,0.026500242171713633,0.07244763171567417,0.11747042327924666
14,OnlineFPCA-adagrad,0.1,9000,100,face,3,5,0.10408878326416,4,1,0.15463095376377936,0.11704881589086787,0.302250956680437,0.026495592401817005,0.06965696575953276,0.12094556995358918
14,OnlineFPCA-adagrad,0.1,9100,100,face,3,5,0.103254318237305,4,1,0.16205655453049075,0.15018745348293447,0.31504865741212496,0.02673262721021981,0.06954164596875252,0.1235839030647749
14,OnlineFPCA-adagrad,0.1,9200,100,face,3,5,0.103214502334595,4,1,0.1748175673792698,0.20039394119195678,0.2993159115235855,0.02600715200862701,0.06945709393606445,0.12592955342945897
14,OnlineFPCA-adagrad,0.1,9300,100,face,3,5,0.100871801376343,4,1,0.11842505048907703,0.24793649097901724,0.2703027600153169,0.02475624630417236,0.0713712795468422,0.12828737478287403
14,OnlineFPCA-adagrad,0.1,9400,100,face,3,5,0.103171348571777,4,1,0.11006771685984738,0.15113614178094162,0.228120304698037,0.023687192760487877,0.07096168313368176,0.12927387814489383
14,OnlineFPCA-adagrad,0.1,9500,100,face,3,5,0.105990648269653,4,1,0.1318395574555646,0.19632217297154403,0.2580636349498486,0.023890072189284666,0.07140939424151971,0.13032366617144672
14,OnlineFPCA-adagrad,0.1,9600,100,face,3,5,0.103410243988037,4,1,0.12041835819152148,0.11258474262637058,0.20925197993898179,0.02389926596498467,0.07133333554070025,0.13077805444160473
14,OnlineFPCA-adagrad,0.1,9700,100,face,3,5,0.103908777236938,4,1,0.11674241676487697,0.09966448399543715,0.15005967539191578,0.023397987447542762,0.07195561718470748,0.1314530286373921
14,OnlineFPCA-adagrad,0.1,9800,100,face,3,5,0.105363130569458,4,1,0.053955877431710826,0.15090939626333716,0.16786549683204638,0.023206861575958436,0.07364116611592239,0.13159401747257923
14,OnlineFPCA-adagrad,0.1,9900,100,face,3,5,0.103593111038208,4,1,0.10194928367083227,0.17192425500764155,0.2514232974512128,0.02301659245279918,0.07460813216750892,0.13129460556236447
14,OnlineFPCA-adagrad,0.1,10000,100,face,3,5,0.101528167724609,4,1,0.125026846689612,0.15564048096355307,0.27770146653760036,0.023206698001683682,0.07466764684492413,0.1311312048513348
14,OnlineFPCA-adagrad,0.1,10100,100,face,3,5,0.10384464263916,4,1,0.1228607143653364,0.08047910762251716,0.20817496538515512,0.0236693509642999,0.07397308805499982,0.13122386934549832
14,OnlineFPCA-adagrad,0.1,10200,100,face,3,5,0.101054430007935,4,1,0.11338188444533644,0.15196150239336365,0.19432781179536407,0.023820286587494147,0.07210676989544931,0.13008842201874005
14,OnlineFPCA-adagrad,0.1,10300,100,face,3,5,0.099102258682251,4,1,0.11229879325990096,0.1788723501507658,0.175690071192822,0.024843543891168874,0.07019539489848103,0.1292773149976222
14,OnlineFPCA-adagrad,0.1,10400,100,face,3,5,0.101725339889526,4,1,0.18690118402639938,0.1220811277985438,0.18059629532155191,0.02540829800254903,0.06975354980353612,0.1291426847604525
14,OnlineFPCA-adagrad,0.1,10500,100,face,3,5,0.102031707763672,4,1,0.11624532096983951,0.13676564663319885,0.1687166075888452,0.025800174763426935,0.07032465535039492,0.1283963469107254
14,OnlineFPCA-adagrad,0.1,10600,100,face,3,5,0.102591753005981,4,1,0.1331636058141008,0.2014996776182779,0.2058496330197862,0.02548411043249598,0.07089035674283256,0.12851197483382512
14,OnlineFPCA-adagrad,0.1,10700,100,face,3,5,0.102997541427612,4,1,0.13415310986462506,0.14436800192948898,0.2404156067616174,0.025888059239420794,0.07149187450931244,0.12905153195460503
14,OnlineFPCA-adagrad,0.1,10800,100,face,3,5,0.105118989944458,4,1,0.10642681741580157,0.21171890217728365,0.17882327730959902,0.025850090869294365,0.07245205492210642,0.12989716562060133
14,OnlineFPCA-adagrad,0.1,10900,100,face,3,5,0.103911399841309,4,1,0.11897359603051463,0.20959503758623,0.2216430811482531,0.025576934690151404,0.07251851140067968,0.12997502919158446
14,OnlineFPCA-adagrad,0.1,11000,100,face,3,5,0.102845430374146,4,1,0.12753401636352338,0.18497764746892675,0.2018372784112444,0.025089897993163288,0.0738586622069582,0.13083409813627772
14,OnlineFPCA-adagrad,0.1,11100,100,face,3,5,0.101993799209595,4,1,0.12003795447354755,0.21161747373397846,0.1625519911010369,0.025248853887441886,0.07534460063226005,0.1307094298171199
14,OnlineFPCA-adagrad,0.1,11200,100,face,3,5,0.105066061019897,4,1,0.1031105696851531,0.22737776074354824,0.18773483278335554,0.02589759006686025,0.07694909451944884,0.13087690395498672
14,OnlineFPCA-adagrad,0.1,11300,100,face,3,5,0.100056409835815,4,1,0.12912947942273306,0.23994020295365934,0.13849184903175937,0.026283897764735092,0.07848522785436335,0.13068006078999367
14,OnlineFPCA-adagrad,0.1,11400,100,face,3,5,0.102415561676025,4,1,0.08942538750962341,0.18370201842546988,0.15654480934583442,0.026354156455845625,0.07904101191025516,0.12977223189273618
14,OnlineFPCA-adagrad,0.1,11500,100,face,3,5,0.10194993019104,4,1,0.13912920408395596,0.09757621799163961,0.1906880064106598,0.026128806556037654,0.07898145898989548,0.12831118460692217
14,OnlineFPCA-adagrad,0.1,11600,100,face,3,5,0.102653980255127,4,1,0.09204650543164176,0.13981190940278393,0.1538617838837359,0.02610158971640064,0.07831878451012593,0.12724544507575875
14,OnlineFPCA-adagrad,0.1,11700,100,face,3,5,0.102453708648682,4,1,0.12505073391291804,0.1404229951399209,0.12255836732708504,0.026695659890360043,0.07797774146831207,0.1263525288928129
14,OnlineFPCA-adagrad,0.1,11800,100,face,3,5,0.103001356124878,4,1,0.1204308670085963,0.17876001870002076,0.13948682539189253,0.027395985010877134,0.077823826759316,0.1256563341428357
14,OnlineFPCA-adagrad,0.1,11900,100,face,3,5,0.104130506515503,4,1,0.16726260197060638,0.10029699835670013,0.14407516321087244,0.028351495360348703,0.07698800600404682,0.12523948370461124
14,OnlineFPCA-adagrad,0.1,12000,100,face,3,5,0.106374263763428,4,1,0.11211605049530143,0.19499285040572506,0.28065721153876527,0.029341108299360673,0.076862531500034,0.12562289540062768
14,OnlineFPCA-adagrad,0.1,12100,100,face,3,5,0.103302717208862,4,1,0.1399540136125345,0.15891109300632825,0.19672609861160642,0.029710611932526245,0.07590821338213312,0.1257460444103492
14,OnlineFPCA-adagrad,0.1,12200,100,face,3,5,0.100780010223389,4,1,0.12019807872478161,0.16653765330213474,0.17950879417539728,0.029939677479495812,0.07549235979178721,0.1253417733799285
14,OnlineFPCA-adagrad,0.1,12300,100,face,3,5,0.103036642074585,4,1,0.052911541404394316,0.06440370642301753,0.13811827231218857,0.029964057551254607,0.07514778961506624,0.12518017213769456
14,OnlineFPCA-adagrad,0.1,12400,100,face,3,5,0.102638006210327,4,1,0.0941711996734855,0.10959639954912627,0.13737377067922163,0.029770372513356253,0.07495539294596229,0.12483497226398432
14,OnlineFPCA-adagrad,0.1,12500,100,face,3,5,0.103061437606812,4,1,0.10322305460976611,0.13897370571380166,0.09306685402835904,0.030160357225509877,0.07550238889929999,0.123887795199915
14,OnlineFPCA-adagrad,0.1,12600,100,face,3,5,0.103636026382446,4,1,0.08767953976379016,0.10733155299864708,0.15894022422020077,0.029995760676424305,0.0754135608835965,0.12194483277109541
14,OnlineFPCA-adagrad,0.1,12700,100,face,3,5,0.103524446487427,4,1,0.07988291821668232,0.0797902340067231,0.2174176250229058,0.02971450620986379,0.07518255150958032,0.1207873939005951
14,OnlineFPCA-adagrad,0.1,12800,100,face,3,5,0.103436231613159,4,1,0.0890565252963976,0.11908433915964031,0.15814182177403002,0.029312770588254013,0.0742274882053161,0.12044928642379003
14,OnlineFPCA-adagrad,0.1,12900,100,face,3,5,0.103602886199951,4,1,0.11223320164604851,0.1457021662314768,0.17343945455795323,0.028449889549803962,0.07356707495251293,0.12027716425385998
14,OnlineFPCA-adagrad,0.1,13000,100,face,3,5,0.103497266769409,4,1,0.1589431497723908,0.11548071934300522,0.18922377620920097,0.027597748001247344,0.07285786725725486,0.11973159018611494
14,OnlineFPCA-adagrad,0.1,13100,100,face,3,5,0.104143619537354,4,1,0.11299232106374858,0.10490944620581939,0.18985116121607518,0.027028207319286287,0.07264193175303214,0.11890153720987405
14,OnlineFPCA-adagrad,0.1,13200,100,face,3,5,0.101422548294067,4,1,0.08377089377917882,0.15375704190854178,0.09186508525924895,0.02709710642598262,0.07276028123511404,0.11756413200267152
14,OnlineFPCA-adagrad,0.1,13300,100,face,3,5,0.103197813034058,4,1,0.11031177337880427,0.13098852982544498,0.16675394133351895,0.02761838441584502,0.07290322623727886,0.11682040701099759
14,OnlineFPCA-adagrad,0.1,13400,100,face,3,5,0.103155374526978,4,1,0.07267716627346324,0.16312822547695782,0.2115782994929066,0.027725105975828786,0.07317453500378555,0.11666560112013502
14,OnlineFPCA-adagrad,0.1,13500,100,face,3,5,0.103436708450317,4,1,0.0670693901130544,0.09816885727147613,0.1882769775308505,0.027700270405627673,0.07289145193403272,0.11641569451670926
14,OnlineFPCA-adagrad,0.1,13600,100,face,3,5,0.103283166885376,4,1,0.08455355200558437,0.047033794743809566,0.2651983475163348,0.027686140466730246,0.07223047534694814,0.11684885229382888
14,OnlineFPCA-adagrad,0.1,13700,100,face,3,5,0.104238510131836,4,1,0.14738930088050628,0.14193987611246361,0.268536600333533,0.027294955010157985,0.07075218015280141,0.11818946078969936
14,OnlineFPCA-adagrad,0.1,13800,100,face,3,5,0.103463411331177,4,1,0.11833924745364639,0.19621743094253732,0.3652050558716055,0.02701697709166345,0.06955856324383045,0.12012210315652874
14,OnlineFPCA-adagrad,0.1,13900,100,face,3,5,0.103730916976929,4,1,0.2087692816388694,0.13883508681531945,0.2922560584886556,0.02663657039863392,0.069244403486227707,0.12191625340470881
14,OnlineFPCA-adagrad,0.1,14000,100,face,3,5,0.104698419570923,4,1,0.14698673117318065,0.10678341682957837,0.2920237319087154,0.026717487757614,0.06801300340000731,0.12357161554913254
14,OnlineFPCA-adagrad,0.1,14100,100,face,3,5,0.103641271591187,4,1,0.1442761252490356,0.13167641174328884,0.30153173226463625,0.026852949764719056,0.06781562170237898,0.12491360847156854
14,OnlineFPCA-adagrad,0.1,14200,100,face,3,5,0.103179216384888,4,1,0.15509964269482068,0.16861779776751173,0.2858501184721062,0.026521653871649842,0.06765884645955984,0.12602437613358497
14,OnlineFPCA-adagrad,0.1,14300,100,face,3,5,0.103575944900513,4,1,0.1033825478735497,0.2214752819894722,0.2605981305370323,0.025868321232980086,0.06847218581894586,0.12711602488217494
14,OnlineFPCA-adagrad,0.1,14400,100,face,3,5,0.103728055953979,4,1,0.09993095086486979,0.14627852116357973,0.21047454948659028,0.025281296737133484,0.0683469197919186,0.1276721108897003
14,OnlineFPCA-adagrad,0.1,14500,100,face,3,5,0.106642007827759,4,1,0.11216596095968842,0.18416626802752029,0.24244941333629347,0.025246664779296032,0.06853550898880448,0.1282035687318148
14,OnlineFPCA-adagrad,0.1,14600,100,face,3,5,0.104689836502075,4,1,0.10211569587442122,0.1060459155658474,0.21149031839367832,0.025277852139367202,0.06845464224641093,0.12861908312878795
14,OnlineFPCA-adagrad,0.1,14700,100,face,3,5,0.104298114776611,4,1,0.10616411939031417,0.10328734312182518,0.15990300105730715,0.02504664271832003,0.06871016392199512,0.12911730525659912
14,OnlineFPCA-adagrad,0.1,14800,100,face,3,5,0.103188753128052,4,1,0.05165151088221818,0.1432090886943663,0.18111514789171612,0.02494184880895825,0.06955320774323247,0.1294277832935827
14,OnlineFPCA-adagrad,0.1,14900,100,face,3,5,0.104403495788574,4,1,0.08780448926778567,0.16224561667790122,0.24085934902919062,0.024844584811726494,0.07011672118324579,0.1295224362910732
14,OnlineFPCA-adagrad,0.1,15000,100,face,3,5,0.103988170623779,4,1,0.10216486220634134,0.14764380598269064,0.2587939092322231,0.024917589167774753,0.07024923805055541,0.12967645362659844
14,OnlineFPCA-adagrad,0.1,0,100,face,3,5,6.38382577896118,4,2,0.011488913551722588,0.12793891021275938,1.9212509636679738,0.011488913551722588,0.12793891021275938,1.9212509636679738
14,OnlineFPCA-adagrad,0.1,100,100,face,3,5,0.239974498748779,4,2,1.2689192898139405,0.9935918243791987,1.9706054811175717,NA,NA,NA
14,OnlineFPCA-adagrad,0.1,200,100,face,3,5,0.238701820373535,4,2,0.6715164445388128,0.7071931231104095,1.6061605954842628,NA,NA,NA
14,OnlineFPCA-adagrad,0.1,300,100,face,3,5,0.239902019500732,4,2,0.5442671179043048,0.8718479165430741,1.9199601570582816,NA,NA,NA
14,OnlineFPCA-adagrad,0.1,400,100,face,3,5,0.237012624740601,4,2,0.4376807397502962,0.5575328922998118,1.0151255151988337,NA,NA,NA
14,OnlineFPCA-adagrad,0.1,500,100,face,3,5,0.23747444152832,4,2,0.6556371297381858,0.5731053823513395,0.37581392595465357,NA,NA,NA
14,OnlineFPCA-adagrad,0.1,600,100,face,3,5,0.239913702011108,4,2,0.5251787710781349,0.5795167310219258,0.4947176810703696,NA,NA,NA
14,OnlineFPCA-adagrad,0.1,700,100,face,3,5,0.24160361289978,4,2,0.5115562468147337,0.5781035323378275,0.4960109158294321,NA,NA,NA
14,OnlineFPCA-adagrad,0.1,800,100,face,3,5,0.240506172180176,4,2,0.4968014363482904,0.5766556622109911,0.49644742597179436,NA,NA,NA
14,OnlineFPCA-adagrad,0.1,900,100,face,3,5,0.238894701004028,4,2,0.4881493011499099,0.5734875201574159,0.4963147502244081,NA,NA,NA
14,OnlineFPCA-adagrad,0.1,1000,100,face,3,5,0.239163160324097,4,2,0.47986094485315545,0.5693506843036208,0.4959088420740271,NA,NA,NA
14,OnlineFPCA-adagrad,0.1,1100,100,face,3,5,0.329804658889771,4,2,0.36636923092252555,0.46460244699565195,0.43887555962603025,0.20953223491818404,0.4713250603931515,0.4464549476292596
14,OnlineFPCA-adagrad,0.1,1200,100,face,3,5,0.336410522460938,4,2,0.22091202467192395,0.4263704168265352,0.47905495414076155,0.13858550847414364,0.42494681510264315,0.4498436608977798
14,OnlineFPCA-adagrad,0.1,1300,100,face,3,5,0.323832511901855,4,2,0.20108060266279457,0.4799870650525253,0.4215880300769638,0.1179171444517347,0.42132217423642604,0.44857528302012223
14,OnlineFPCA-adagrad,0.1,1400,100,face,3,5,0.322663307189941,4,2,0.14620821555160343,0.43810660787305633,0.4257168326192048,0.10077069673233215,0.4217113457408542,0.4434256697392344
14,OnlineFPCA-adagrad,0.1,1500,100,face,3,5,0.329225301742554,4,2,0.2480756781205422,0.4137296596541618,0.4534946696415099,0.09475034360543114,0.41682212603130014,0.43990616442424246
14,OnlineFPCA-adagrad,0.1,1600,100,face,3,5,0.329316854476929,4,2,0.17388733505304788,0.407309917917702,0.4237486783767295,0.07906441438247902,0.4059984890634593,0.4333835185839885
14,OnlineFPCA-adagrad,0.1,1700,100,face,3,5,0.330275058746338,4,2,0.19620860016947478,0.4055917750867565,0.4055971271374909,0.057000851300346794,0.39834554464337724,0.4311065847174063
14,OnlineFPCA-adagrad,0.1,1800,100,face,3,5,0.329384326934814,4,2,0.22215388301376468,0.41420340064352407,0.4001580350223478,0.0348002350906616,0.39114471097580805,0.42602333652636926
14,OnlineFPCA-adagrad,0.1,1900,100,face,3,5,0.321264982223511,4,2,0.24522943092868804,0.33962374065464185,0.36515628720379856,0.0350263184650009,0.38294305606767753,0.4182900798850716
14,OnlineFPCA-adagrad,0.1,2000,100,face,3,5,0.325942754745483,4,2,0.162909921300347,0.3827154724333707,0.4352646211349841,0.03898741888083341,0.3775792894675675,0.41211156750362327
14,OnlineFPCA-adagrad,0.1,2100,100,face,3,5,0.322161436080933,4,2,0.24327823024238293,0.36326637324984923,0.3289365819673414,0.043179881103517614,0.3692044363848001,0.40491118308805485
14,OnlineFPCA-adagrad,0.1,2200,100,face,3,5,0.317018985748291,4,2,0.23191725595062526,0.30774361892716057,0.3165836685501279,0.04181306543807605,0.3624523611384751,0.3954602577640714
14,OnlineFPCA-adagrad,0.1,2300,100,face,3,5,0.331705808639526,4,2,0.13767057373556388,0.2672390385473018,0.3716355356721263,0.04621948048217596,0.35519856365422997,0.3911365528892401
14,OnlineFPCA-adagrad,0.1,2400,100,face,3,5,0.318966865539551,4,2,0.11912999471013018,0.27006408101320123,0.3418646452505173,0.042699091372945155,0.3484308954634147,0.3856970934345173
14,OnlineFPCA-adagrad,0.1,2500,100,face,3,5,0.324378252029419,4,2,0.14058695747933841,0.27720565791740215,0.2893736201846872,0.0424943956261515,0.341622262285716,0.37777840082116754
14,OnlineFPCA-adagrad,0.1,2600,100,face,3,5,0.350001335144043,4,2,0.13019128168437927,0.2071166063643186,0.28447479859399033,0.038280754719999845,0.3337599630537083,0.36675359454999384
14,OnlineFPCA-adagrad,0.1,2700,100,face,3,5,0.346822500228882,4,2,0.09969760943488226,0.21012647776951812,0.3932011687991173,0.03724379780309678,0.3234800512367463,0.35802243691514696
14,OnlineFPCA-adagrad,0.1,2800,100,face,3,5,0.358639240264893,4,2,0.1569412425029313,0.27172107335183715,0.2803853060345406,0.03420701526438616,0.313996158073783,0.3519704483118058
14,OnlineFPCA-adagrad,0.1,2900,100,face,3,5,0.350133657455444,4,2,0.17780205940950025,0.2934803585015037,0.2632519707878287,0.030066487399410265,0.30429635833546115,0.3438612107939484
14,OnlineFPCA-adagrad,0.1,3000,100,face,3,5,0.349182844161987,4,2,0.21679397034024286,0.19656004491415738,0.2666969590910109,0.027662751266982012,0.29570294922036,0.33528813861323237
14,OnlineFPCA-adagrad,0.1,3100,100,face,3,5,0.352768182754517,4,2,0.13442960082481212,0.17280631950626646,0.22209058599372694,0.02714031581020682,0.28693983727628375,0.32603776631378273
14,OnlineFPCA-adagrad,0.1,3200,100,face,3,5,0.348233461380005,4,2,0.1260005670457152,0.21059634923554615,0.14178365383637834,0.029142360529959433,0.27866437411350925,0.31445934556291955
14,OnlineFPCA-adagrad,0.1,3300,100,face,3,5,0.35395073890686,4,2,0.17252730911573355,0.2107341984528218,0.2836443826194017,0.03139105096209981,0.26821141759735695,0.3030917370823893
14,OnlineFPCA-adagrad,0.1,3400,100,face,3,5,0.347612142562866,4,2,0.12603314448002648,0.24588760138329271,0.35150993699130073,0.03031329724990005,0.26053306111649555,0.2952556104629812
14,OnlineFPCA-adagrad,0.1,3500,100,face,3,5,0.34655499458313,4,2,0.07555406226864889,0.12270092262650419,0.3120077619758961,0.02927126653073301,0.25236596847058457,0.28735519502584794
14,OnlineFPCA-adagrad,0.1,3600,100,face,3,5,0.348093032836914,4,2,0.1501387640747307,0.09555986224726476,0.4004036974015613,0.02926113857891672,0.24547815681953017,0.28268689929391677
14,OnlineFPCA-adagrad,0.1,3700,100,face,3,5,0.349926948547363,4,2,0.20667878956549662,0.22047018725985987,0.3634952892199975,0.026637365007562294,0.23859587183529854,0.28038435193854677
14,OnlineFPCA-adagrad,0.1,3800,100,face,3,5,0.347926378250122,4,2,0.14047382522703108,0.2967840144413807,0.4667153305410951,0.02594476758287921,0.23422336416510497,0.2813261660363224
14,OnlineFPCA-adagrad,0.1,3900,100,face,3,5,0.349965572357178,4,2,0.24862262407582356,0.2496367556790263,0.37178355707609667,0.02496939400977079,0.23137952291385022,0.2821494412496429
14,OnlineFPCA-adagrad,0.1,4000,100,face,3,5,0.344934940338135,4,2,0.026215147565946235,0.22697427887631985,0.2820118074193164,0.026215147565946235,0.22697427887631985,0.2820118074193164
14,OnlineFPCA-adagrad,0.1,4100,100,face,3,5,0.345092296600342,4,2,0.19678696247132058,0.2792339539980998,0.3743125940011003,0.12118934068702278,0.25648910990740964,0.29929828293246546
14,OnlineFPCA-adagrad,0.1,4200,100,face,3,5,0.349039554595947,4,2,0.21295638811524378,0.3081008135030919,0.3836952596230596,0.11092258695825953,0.2273170536306677,0.31095367679852426
14,OnlineFPCA-adagrad,0.1,4300,100,face,3,5,0.357672691345215,4,2,0.15956482567367314,0.3133968286287653,0.3226796420184275,0.09437977955492867,0.24127848729919915,0.315997529425046
14,OnlineFPCA-adagrad,0.1,4400,100,face,3,5,0.34943675994873,4,2,0.12981035880570344,0.18133406373738092,0.24793408121269414,0.0717521930691794,0.2210710794284725,0.2820488392220187
14,OnlineFPCA-adagrad,0.1,4500,100,face,3,5,0.35082745552063,4,2,0.15343476770719158,0.22339642453542582,0.2774359005468094,0.06009518341676523,0.20834243530979224,0.2656088433021496
14,OnlineFPCA-adagrad,0.1,4600,100,face,3,5,0.347820043563843,4,2,0.14176154262664914,0.13421751353359063,0.17304619789419456,0.040644173648650125,0.19058723585022655,0.23628115956462564
14,OnlineFPCA-adagrad,0.1,4700,100,face,3,5,0.350204229354858,4,2,0.13582745283519684,0.08700617678524475,0.1281348856879912,0.02975776585559548,0.17398354424641765,0.21537144365397565
14,OnlineFPCA-adagrad,0.1,4800,100,face,3,5,0.351488351821899,4,2,0.05972091426780532,0.16439565608880613,0.1494961903835064,0.022246758967279023,0.16465326837376545,0.19633196849416606
14,OnlineFPCA-adagrad,0.1,4900,100,face,3,5,0.34872841835022,4,2,0.13156133211816587,0.1898366577788259,0.2728622361420844,0.017397336779522828,0.15476629285596297,0.17814477679331847
14,OnlineFPCA-adagrad,0.1,5000,100,face,3,5,0.35403847694397,4,2,0.17592176419859967,0.1674984337497667,0.3126275525949467,0.016368158850809184,0.14022317309882104,0.16744573554314418
14,OnlineFPCA-adagrad,0.1,5100,100,face,3,5,0.104605913162231,4,2,0.14410247838157766,0.11653567037624415,0.23458233641914789,0.020586078697731512,0.12767097665014587,0.16374378730079
14,OnlineFPCA-adagrad,0.1,5200,100,face,3,5,0.104128360748291,4,2,0.12921986847526568,0.1767963125540254,0.22499676100699084,0.02151563769567769,0.11210945159959404,0.15305567741982198
14,OnlineFPCA-adagrad,0.1,5300,100,face,3,5,0.105279922485352,4,2,0.12870861521161794,0.1770976298809533,0.19013150063462497,0.02880661795307788,0.09768301094671104,0.1476222482545291
14,OnlineFPCA-adagrad,0.1,5400,100,face,3,5,0.105816841125488,4,2,0.22056406562155512,0.12310729028307847,0.1945299150006684,0.03021272029507467,0.09375736362502955,0.14757876035245418
14,OnlineFPCA-adagrad,0.1,5500,100,face,3,5,0.103701829910278,4,2,0.13542941144686463,0.15710844836338606,0.18010505142195948,0.0292948336826425,0.09424045669766754,0.1451871452330761
14,OnlineFPCA-adagrad,0.1,5600,100,face,3,5,0.104859352111816,4,2,0.1378502293389202,0.2532812736996671,0.2583100461316227,0.02650760396260698,0.09338096431854752,0.14636846575054033
14,OnlineFPCA-adagrad,0.1,5700,100,face,3,5,0.107476472854614,4,2,0.15435006572716267,0.16343571503503562,0.2993072659142005,0.029259201682443885,0.0936143307583036,0.14746134044252376
14,OnlineFPCA-adagrad,0.1,5800,100,face,3,5,0.105093002319336,4,2,0.1254189764674817,0.24893866523038996,0.22457261167264808,0.028760897448443897,0.09535708108841319,0.15067174229750802
14,OnlineFPCA-adagrad,0.1,5900,100,face,3,5,0.10191798210144,4,2,0.14611406114935085,0.23383812677734162,0.24990248785230146,0.027377120069500365,0.09377625267596931,0.15045490664746347
14,OnlineFPCA-adagrad,0.1,6000,100,face,3,5,0.10484766960144,4,2,0.14479364022675978,0.1853440625234476,0.2224562536031551,0.026825377790990645,0.0979888226466628,0.15498397541223924
14,OnlineFPCA-adagrad,0.1,6100,100,face,3,5,0.10440468788147,4,2,0.1396281617329631,0.24206755564656698,0.18380213688369373,0.02829031556688227,0.10186756119253226,0.15349143095417186
14,OnlineFPCA-adagrad,0.1,6200,100,face,3,5,0.103986501693726,4,2,0.11364835590751575,0.24561700365011316,0.19977091056399007,0.03026428328615142,0.10636349372549952,0.15144690257719026
14,OnlineFPCA-adagrad,0.1,6300,100,face,3,5,0.104645252227783,4,2,0.1488070919188477,0.26649172130349574,0.13596110438316977,0.0319076103102158,0.11025362033588129,0.14945227876562597
14,OnlineFPCA-adagrad,0.1,6400,100,face,3,5,0.102904319763184,4,2,0.1049858011836986,0.18882883286126556,0.18629351957131854,0.03201810377117492,0.11017330008113686,0.14448341739733317
14,OnlineFPCA-adagrad,0.1,6500,100,face,3,5,0.103999376296997,4,2,0.16586282799814075,0.13679045220063613,0.24120995786017663,0.030274650577350765,0.10801103165994615,0.1367203492887067
14,OnlineFPCA-adagrad,0.1,6600,100,face,3,5,0.10445761680603,4,2,0.1134514023636708,0.19254519459443414,0.18609873894769752,0.03008662066364154,0.10298448393324583,0.13131428735281664
14,OnlineFPCA-adagrad,0.1,6700,100,face,3,5,0.103962182998657,4,2,0.16048049978503107,0.1923834089578179,0.1435740521283695,0.032088550411409004,0.1002572034332505,0.12764283857830905
14,OnlineFPCA-adagrad,0.1,6800,100,face,3,5,0.104302883148193,4,2,0.14904154983217327,0.23315187424764408,0.1869286650692757,0.0342649679270829,0.09893337245387876,0.12483082478145564
14,OnlineFPCA-adagrad,0.1,6900,100,face,3,5,0.102202177047729,4,2,0.20155685928794398,0.11828951143211307,0.1697304223088383,0.03722232867107375,0.0959414775343534,0.12331110023896016
14,OnlineFPCA-adagrad,0.1,7000,100,face,3,5,0.104586601257324,4,2,0.12563017118588313,0.24758805567956307,0.35121015040488,0.03930399952316427,0.09599163628524354,0.12461690378528081
14,OnlineFPCA-adagrad,0.1,7100,100,face,3,5,0.105125904083252,4,2,0.1801057220595074,0.20863128889504318,0.2665561628748911,0.04006945543592198,0.09306119138249762,0.12454328443401917
14,OnlineFPCA-adagrad,0.1,7200,100,face,3,5,0.105532646179199,4,2,0.14070918164537213,0.19480848511927082,0.2253975271883091,0.040891196114591265,0.09228210434546923,0.12324589543912376
14,OnlineFPCA-adagrad,0.1,7300,100,face,3,5,0.105840682983398,4,2,0.06265276529888936,0.07622235827522007,0.1506777286171669,0.04116661325746831,0.09146561627105924,0.1230045854837068
14,OnlineFPCA-adagrad,0.1,7400,100,face,3,5,0.104962825775146,4,2,0.1139209878186785,0.12802644099213273,0.16636325244273753,0.040155916473832196,0.09094896549326784,0.12229499856456658
14,OnlineFPCA-adagrad,0.1,7500,100,face,3,5,0.104466676712036,4,2,0.10910656310518599,0.16967182561821353,0.09751028028518242,0.04016366683101435,0.09240531525285724,0.11939518185844233
14,OnlineFPCA-adagrad,0.1,7600,100,face,3,5,0.105417490005493,4,2,0.10259512519665685,0.11352762732479645,0.17405978996258997,0.038582529066782764,0.09178983094805569,0.11395745824695276
14,OnlineFPCA-adagrad,0.1,7700,100,face,3,5,0.103575229644775,4,2,0.09197502252991503,0.09579576604783419,0.2718571185001682,0.03729376923246507,0.0905946294578339,0.11075866570906102
14,OnlineFPCA-adagrad,0.1,7800,100,face,3,5,0.10448431968689,4,2,0.1197540634029834,0.16556639954363253,0.18832641420973745,0.03605642670526849,0.08715984769108266,0.11008225677073313
14,OnlineFPCA-adagrad,0.1,7900,100,face,3,5,0.103770732879639,4,2,0.13869169330130637,0.17444981740776952,0.19668434009964633,0.03358860964799116,0.08483874169444296,0.11070872270655918
14,OnlineFPCA-adagrad,0.1,8000,100,face,3,5,0.104608774185181,4,2,0.18454594836134125,0.13103766751612472,0.2137664749683783,0.03173336780597924,0.08229513503908378,0.11032867926807498
14,OnlineFPCA-adagrad,0.1,8100,100,face,3,5,0.104150772094727,4,2,0.12209212800060451,0.1145305022109235,0.20131666426921097,0.030796364903452764,0.08143919561401554,0.10920756862051148
14,OnlineFPCA-adagrad,0.1,8200,100,face,3,5,0.104379653930664,4,2,0.09551178566760649,0.17073591528023327,0.09480654331734172,0.03155817416007541,0.08152465435136898,0.10629557875896606
14,OnlineFPCA-adagrad,0.1,8300,100,face,3,5,0.104812145233154,4,2,0.1350193548126122,0.1550978783066974,0.19825096941063106,0.03298313578595975,0.08147884991345385,0.10449615765548124
14,OnlineFPCA-adagrad,0.1,8400,100,face,3,5,0.104140996932983,4,2,0.09140864560088212,0.1910484488585973,0.24809728767886888,0.032914591589749645,0.08191348962782552,0.10412895468780395
14,OnlineFPCA-adagrad,0.1,8500,100,face,3,5,0.103833436965942,4,2,0.06996516536096682,0.10175926526842766,0.22263627186318286,0.03246752164121962,0.0809907061117976,0.10406337360237358
14,OnlineFPCA-adagrad,0.1,8600,100,face,3,5,0.104171514511108,4,2,0.10454827960218165,0.051094070205990494,0.30460162224809134,0.03237937121106714,0.07942541421222912,0.10548350291899584
14,OnlineFPCA-adagrad,0.1,8700,100,face,3,5,0.104527473449707,4,2,0.17085523469316583,0.16383525974633956,0.29774121518155905,0.030725707732167613,0.07578227467805312,0.10885679339196287
14,OnlineFPCA-adagrad,0.1,8800,100,face,3,5,0.114323139190674,4,2,0.12594973095344944,0.2284403953410758,0.40199382952285545,0.029549715402372043,0.07317689747022806,0.1134951147987494
14,OnlineFPCA-adagrad,0.1,8900,100,face,3,5,0.104846715927124,4,2,0.22525764010774654,0.16756937955920653,0.31525824439382005,0.02839000994012781,0.0726426932425367,0.11754484612196543
14,OnlineFPCA-adagrad,0.1,9000,100,face,3,5,0.102720260620117,4,2,0.15516164381949185,0.12180550057253654,0.30667089388124,0.02844033830530787,0.06986278417477357,0.12106961831361689
14,OnlineFPCA-adagrad,0.1,9100,100,face,3,5,0.105895280838013,4,2,0.16281100443754842,0.158822513827184,0.3209797334760754,0.028686412879850437,0.0697474694557767,0.1237742348465565
14,OnlineFPCA-adagrad,0.1,9200,100,face,3,5,0.107780694961548,4,2,0.17540345812099373,0.2013983659872784,0.30471923057092765,0.028064247499377797,0.06965420824700376,0.12620058078250782
14,OnlineFPCA-adagrad,0.1,9300,100,face,3,5,0.106136083602905,4,2,0.11897678172599416,0.24999923988585895,0.2749183678922818,0.0268843583475629,0.07157260899064152,0.1287236514373123
14,OnlineFPCA-adagrad,0.1,9400,100,face,3,5,0.104112148284912,4,2,0.11010777607477418,0.15233907253689863,0.22932396843598915,0.02579069909808605,0.07120192440364109,0.12972707649273138
14,OnlineFPCA-adagrad,0.1,9500,100,face,3,5,0.106604099273682,4,2,0.13138941979750626,0.19646002154871706,0.25831833305247304,0.025928668082974216,0.07166743597000172,0.13077395744151568
14,OnlineFPCA-adagrad,0.1,9600,100,face,3,5,0.103763341903687,4,2,0.12023442449783155,0.11122502198690362,0.20769602665916154,0.02582387096700802,0.07160871143421337,0.13119556312727898
14,OnlineFPCA-adagrad,0.1,9700,100,face,3,5,0.103651762008667,4,2,0.11664651786370749,0.09825528075188861,0.1489195533614914,0.025279186552776656,0.07222997190270829,0.1318434486048929
14,OnlineFPCA-adagrad,0.1,9800,100,face,3,5,0.104362487792969,4,2,0.05431101680989943,0.15424432443125255,0.17071117513390546,0.02498389542427079,0.0738444094481302,0.13194133258545623
14,OnlineFPCA-adagrad,0.1,9900,100,face,3,5,0.100976228713989,4,2,0.1022925013630988,0.1726899737340913,0.2531725746987109,0.024777618888098665,0.07474724672183469,0.13158170570025662
14,OnlineFPCA-adagrad,0.1,10000,100,face,3,5,0.102645397186279,4,2,0.12482555183499944,0.15669058320737905,0.27982167926678386,0.024941647261999243,0.0747118326354363,0.1313355551575676
14,OnlineFPCA-adagrad,0.1,10100,100,face,3,5,0.102648973464966,4,2,0.12278856781245133,0.0813898938375414,0.2091545901600424,0.0253670025423987,0.07399099291211078,0.13138282418367167
14,OnlineFPCA-adagrad,0.1,10200,100,face,3,5,0.104529142379761,4,2,0.11334033224619883,0.1521502672121131,0.19455585153209684,0.025475202664494104,0.07210095420134108,0.13022392205968877
14,OnlineFPCA-adagrad,0.1,10300,100,face,3,5,0.102589845657349,4,2,0.11226340426827379,0.17833838136155364,0.1753125466737672,0.02644298525587648,0.07015201410639846,0.1293982823105389
14,OnlineFPCA-adagrad,0.1,10400,100,face,3,5,0.102895021438599,4,2,0.1868967414012244,0.12144585791008501,0.18008441464258146,0.0269537392599301,0.06969229587285572,0.12925605338861498
14,OnlineFPCA-adagrad,0.1,10500,100,face,3,5,0.104791641235352,4,2,0.1162818323602866,0.1362143654007128,0.16765367744247156,0.027334658883072047,0.07024736608429195,0.12848976211689137
14,OnlineFPCA-adagrad,0.1,10600,100,face,3,5,0.103032827377319,4,2,0.13325048853399016,0.20184607705917867,0.2062795888574232,0.02704225295722001,0.07083413380743282,0.12858434276249955
14,OnlineFPCA-adagrad,0.1,10700,100,face,3,5,0.103062152862549,4,2,0.13417812084367145,0.14416005671393203,0.2403730052699381,0.027503859276122134,0.07147453734673608,0.12912236433851174
14,OnlineFPCA-adagrad,0.1,10800,100,face,3,5,0.103007555007935,4,2,0.1063974947235377,0.21263656164883388,0.1800346022345552,0.027478775921426307,0.07244677801047761,0.1299660395108346
14,OnlineFPCA-adagrad,0.1,10900,100,face,3,5,0.100062370300293,4,2,0.11895093426691727,0.2133269336619782,0.22602870436142952,0.027195523221905264,0.0725285863698996,0.13003750435787165
14,OnlineFPCA-adagrad,0.1,11000,100,face,3,5,0.102072238922119,4,2,0.12742090786649052,0.18631287832400487,0.20329834470007316,0.026700152033465194,0.07388028651216054,0.13088579850500875
14,OnlineFPCA-adagrad,0.1,11100,100,face,3,5,0.105015993118286,4,2,0.1199748370637539,0.2127711567925741,0.16280312385888696,0.026785933285916278,0.07536280601724701,0.13075292108504863
14,OnlineFPCA-adagrad,0.1,11200,100,face,3,5,0.102669715881348,4,2,0.10308623700568388,0.228512415784218,0.18805454291988008,0.02736131104081053,0.07696565621311018,0.1309258512124023
14,OnlineFPCA-adagrad,0.1,11300,100,face,3,5,0.102254629135132,4,2,0.12905262102630993,0.24046252171108703,0.13882100723161522,0.027703641346983936,0.07848952606179835,0.130719386519004
14,OnlineFPCA-adagrad,0.1,11400,100,face,3,5,0.10265326499939,4,2,0.08944636571072204,0.1842521389868866,0.15681877512333078,0.02774384388066358,0.07902278938015783,0.1297910629133131
14,OnlineFPCA-adagrad,0.1,11500,100,face,3,5,0.10259485244751,4,2,0.13904475163067836,0.09756960468955443,0.1908391470428001,0.027483468229454144,0.0789447929657201,0.12832407364721743
14,OnlineFPCA-adagrad,0.1,11600,100,face,3,5,0.101867437362671,4,2,0.09204808283886039,0.14001272087883845,0.15410631754647808,0.02741856718843256,0.07828407460692687,0.12725432111233895
14,OnlineFPCA-adagrad,0.1,11700,100,face,3,5,0.104451656341553,4,2,0.12504955359518904,0.1406934348070323,0.12293834632761848,0.02800754290627096,0.07795796628384233,0.12635369702569194
14,OnlineFPCA-adagrad,0.1,11800,100,face,3,5,0.102646112442017,4,2,0.12052994208400018,0.17937441490783576,0.14006435981976437,0.028736105443425385,0.07783190855213584,0.125646822040774
14,OnlineFPCA-adagrad,0.1,11900,100,face,3,5,0.0995752811431885,4,2,0.16725644733433137,0.09907800563085804,0.14266397945929118,0.02970218940035206,0.07703598450979997,0.12523920208494116
14,OnlineFPCA-adagrad,0.1,12000,100,face,3,5,0.102526664733887,4,2,0.11208051636984195,0.1942517743499199,0.2801308102545654,0.03071254426438339,0.07695779152493169,0.1256357793133922
14,OnlineFPCA-adagrad,0.1,12100,100,face,3,5,0.105058431625366,4,2,0.1398875398636321,0.1585958414583327,0.19657411839561503,0.031081729664964985,0.07606440895846413,0.12577509866540326
14,OnlineFPCA-adagrad,0.1,12200,100,face,3,5,0.102888107299805,4,2,0.12006726327737197,0.16662397961057443,0.17908408382248506,0.03133148555598126,0.0756666122707025,0.12538157864712643
14,OnlineFPCA-adagrad,0.1,12300,100,face,3,5,0.105111122131348,4,2,0.05281768637322029,0.06410022090548022,0.13798558062328548,0.031358015997030704,0.07532378298173244,0.12521785182737816
14,OnlineFPCA-adagrad,0.1,12400,100,face,3,5,0.102928638458252,4,2,0.09410566949420171,0.109442209273984,0.13701369487011686,0.031170275140083917,0.07513580720122025,0.12487051826438011
14,OnlineFPCA-adagrad,0.1,12500,100,face,3,5,0.102258205413818,4,2,0.10305488560564076,0.13856639070787927,0.09256739234332853,0.03150087979824312,0.0756780348559656,0.12391070201603317
14,OnlineFPCA-adagrad,0.1,12600,100,face,3,5,0.10247015953064,4,2,0.08767763315778368,0.10803993363865289,0.16000219106848906,0.03127705341007262,0.07558506639539543,0.12193910580175624
14,OnlineFPCA-adagrad,0.1,12700,100,face,3,5,0.10221529006958,4,2,0.07988979541879174,0.08423481863691384,0.21836299393951267,0.030946294647515596,0.07534484547779784,0.12076972891213195
14,OnlineFPCA-adagrad,0.1,12800,100,face,3,5,0.103334665298462,4,2,0.089377233290036,0.1218551216796702,0.1603779057496078,0.030510844112080545,0.07438054685424252,0.1204149073693638
14,OnlineFPCA-adagrad,0.1,12900,100,face,3,5,0.100450277328491,4,2,0.11223705473895583,0.14553816458902188,0.17517344294551965,0.029617127146142265,0.07369849497044194,0.12023376927184438
14,OnlineFPCA-adagrad,0.1,13000,100,face,3,5,0.10248851776123,4,2,0.15882989885604581,0.1162736890187617,0.19095603943174055,0.028726800893141634,0.07296546367018299,0.11967292979527387
14,OnlineFPCA-adagrad,0.1,13100,100,face,3,5,0.102743864059448,4,2,0.11293454419320345,0.10464123680499117,0.1902556375992992,0.028131173512556597,0.07274219096723852,0.11882391020217813
14,OnlineFPCA-adagrad,0.1,13200,100,face,3,5,0.102640628814697,4,2,0.08375690640050074,0.15211819381200467,0.0891873143155781,0.02818492489683541,0.07284964734866033,0.11747521657044598
14,OnlineFPCA-adagrad,0.1,13300,100,face,3,5,0.105420827865601,4,2,0.11023090591751185,0.1301336068685068,0.1664371025238513,0.02869173348917956,0.07299280939921507,0.11674274025205562
14,OnlineFPCA-adagrad,0.1,13400,100,face,3,5,0.102734565734863,4,2,0.07272198159389621,0.16244337789452598,0.21186792909299126,0.028800643780210862,0.07325089061173158,0.11660528866006681
14,OnlineFPCA-adagrad,0.1,13500,100,face,3,5,0.102695941925049,4,2,0.06719264842421566,0.09701084583410968,0.188294595160464,0.028790581855511112,0.07296964664647358,0.1163744834487498
14,OnlineFPCA-adagrad,0.1,13600,100,face,3,5,0.104523420333862,4,2,0.08488764436848967,0.044416550097429376,0.2661012683393729,0.028774805968567654,0.07231449526767833,0.11682037369658826
14,OnlineFPCA-adagrad,0.1,13700,100,face,3,5,0.102295398712158,4,2,0.14768041208191676,0.1415683574823713,0.26946005567298054,0.0283451817794088,0.07080929866695296,0.11817145505795702
14,OnlineFPCA-adagrad,0.1,13800,100,face,3,5,0.101961612701416,4,2,0.11825712891587735,0.19699443852555923,0.3676057794927508,0.028012202321201638,0.06957633891025694,0.12011055154841456
14,OnlineFPCA-adagrad,0.1,13900,100,face,3,5,0.104767322540283,4,2,0.2082373435909402,0.1406016047111205,0.2953703519831176,0.027604412392727883,0.0692071955884917,0.12192205134457036
14,OnlineFPCA-adagrad,0.1,14000,100,face,3,5,0.099717378616333,4,2,0.14731431756687097,0.10880400302385092,0.29482783345487495,0.027690710840937684,0.06795942969776388,0.12358698497863603
14,OnlineFPCA-adagrad,0.1,14100,100,face,3,5,0.103348970413208,4,2,0.14481178919198967,0.13710459560901916,0.3054331810777595,0.027828664896858236,0.06773754487273974,0.12494051872555269
14,OnlineFPCA-adagrad,0.1,14200,100,face,3,5,0.103553771972656,4,2,0.15553193544048985,0.1691164532120095,0.28955169438073297,0.027523457536092207,0.06755698549750638,0.12606798125118457
14,OnlineFPCA-adagrad,0.1,14300,100,face,3,5,0.10374903678894,4,2,0.10380222535241575,0.22294580510299294,0.26406788983647883,0.026892830672054887,0.06834073041018207,0.12720516131418413
14,OnlineFPCA-adagrad,0.1,14400,100,face,3,5,0.104998350143433,4,2,0.09997920810086612,0.14712707621675397,0.21170224741558513,0.026302819400043528,0.06822462666466206,0.12777370757300188
14,OnlineFPCA-adagrad,0.1,14500,100,face,3,5,0.106235027313232,4,2,0.11184513346333567,0.18439749701197072,0.24291862827449676,0.02625390335007196,0.06842951807564689,0.12831462345443273
14,OnlineFPCA-adagrad,0.1,14600,100,face,3,5,0.103711128234863,4,2,0.10191813144653428,0.10518151029418923,0.21066004524618132,0.02625303673659514,0.06836811612013222,0.12873455790264463
14,OnlineFPCA-adagrad,0.1,14700,100,face,3,5,0.104251861572266,4,2,0.10606338702692808,0.10239024846398272,0.15921797253411232,0.02600523157335523,0.06862820062375562,0.12923085648843735
14,OnlineFPCA-adagrad,0.1,14800,100,face,3,5,0.103580474853516,4,2,0.051772884187582656,0.14431367611357396,0.1822165980033983,0.025870383211333964,0.06946141044723955,0.12953872472913483
14,OnlineFPCA-adagrad,0.1,14900,100,face,3,5,0.101540565490723,4,2,0.08793658454960718,0.16239486175578183,0.24142454259687302,0.025764122762765365,0.0700212186957697,0.1296277273942067
14,OnlineFPCA-adagrad,0.1,15000,100,face,3,5,0.10405707359314,4,2,0.10205281586045158,0.14792341836616912,0.2594426218144027,0.02582699893692067,0.07014481095819836,0.12977284089893637
14,OnlineFPCA-adagrad,0.1,0,100,face,3,5,6.38382577896118,6,1,0.011488913551722588,0.12793891021275938,0.62316145541387,0.011488913551722588,0.12793891021275938,0.62316145541387
14,OnlineFPCA-adagrad,0.1,100,100,face,3,5,0.34563946723938,6,1,0.3170354426032496,0.7117025548508684,0.23086996436269006,NA,NA,NA
14,OnlineFPCA-adagrad,0.1,200,100,face,3,5,0.349178791046143,6,1,0.7149426309680299,0.32196708039958133,0.41524813854424536,NA,NA,NA
14,OnlineFPCA-adagrad,0.1,300,100,face,3,5,0.478134870529175,6,1,0.8308409784129177,0.7939359244083838,0.543083747229188,NA,NA,NA
14,OnlineFPCA-adagrad,0.1,400,100,face,3,5,0.342849731445312,6,1,0.370925193674637,0.6151144648938519,0.38974649815811946,NA,NA,NA
14,OnlineFPCA-adagrad,0.1,500,100,face,3,5,0.344447135925293,6,1,0.7581932637848037,0.6532166767683534,0.46687413913234815,NA,NA,NA
14,OnlineFPCA-adagrad,0.1,600,100,face,3,5,0.342092990875244,6,1,0.6899021077488662,0.6612138611577476,0.39958344519814953,NA,NA,NA
14,OnlineFPCA-adagrad,0.1,700,100,face,3,5,0.345280408859253,6,1,0.6682109610963208,0.6572539152471091,0.39892808377888794,NA,NA,NA
14,OnlineFPCA-adagrad,0.1,800,100,face,3,5,0.342512130737305,6,1,0.6420109699570511,0.6536940019444463,0.3969207945124215,NA,NA,NA
14,OnlineFPCA-adagrad,0.1,900,100,face,3,5,0.344099760055542,6,1,0.6215250553045653,0.6481206434822422,0.39533513967221445,NA,NA,NA
14,OnlineFPCA-adagrad,0.1,1000,100,face,3,5,0.342864751815796,6,1,0.6101555440472182,0.6455900493983125,0.39444692029628153,NA,NA,NA
14,OnlineFPCA-adagrad,0.1,1100,100,face,3,5,0.47207236289978,6,1,0.24110481190028696,0.4150199821178072,0.3743966577989927,0.23659266474873744,0.5095298066887766,0.37079224712628456
14,OnlineFPCA-adagrad,0.1,1200,100,face,3,5,0.480677127838135,6,1,0.8365738553962154,0.5936253849103366,0.36785293308385103,0.1393298126610963,0.4090811474608173,0.40326428797171193
14,OnlineFPCA-adagrad,0.1,1300,100,face,3,5,0.471991777420044,6,1,0.2806890601634716,0.40044205291450136,0.34359150618955037,0.1884652528785021,0.3901128414775247,0.38484501790879244
14,OnlineFPCA-adagrad,0.1,1400,100,face,3,5,0.468143224716187,6,1,0.7613506281277315,0.6789910254465369,0.5079183296696747,0.06792987596170952,0.40159459393983055,0.41182724118965197
14,OnlineFPCA-adagrad,0.1,1500,100,face,3,5,0.47204327583313,6,1,0.30445342979464907,0.5378791751129811,0.5522300481943304,0.08531860406912754,0.4239839725581617,0.4320920652476599
14,OnlineFPCA-adagrad,0.1,1600,100,face,3,5,0.472556591033936,6,1,0.28938778330809034,0.5294243338951109,0.5510909683670536,0.10850799948205285,0.4362708026942989,0.447972347738671
14,OnlineFPCA-adagrad,0.1,1700,100,face,3,5,0.476335763931274,6,1,0.27364840651365646,0.5202404407541068,0.5462264437358858,0.12852728672810917,0.4459773595026194,0.46038258901815604
14,OnlineFPCA-adagrad,0.1,1800,100,face,3,5,0.472816944122314,6,1,0.25100230898248,0.510991605560297,0.5350008546873807,0.14334809040007063,0.4530840989492239,0.469256551719524
14,OnlineFPCA-adagrad,0.1,1900,100,face,3,5,0.482887268066406,6,1,0.23642700661484248,0.5070534779490029,0.5221458209338388,0.15401181204661699,0.4581355933828076,0.47529257014554294
14,OnlineFPCA-adagrad,0.1,2000,100,face,3,5,0.472318649291992,6,1,0.22257754506836921,0.4982629877895652,0.52033347652456,0.16127074216187126,0.46183072011314075,0.47981599229553207
14,OnlineFPCA-adagrad,0.1,2100,100,face,3,5,0.470944404602051,6,1,0.1324880962059335,0.46754888843676556,0.4502007156714561,0.1629195743217839,0.4630356575573837,0.47797408150479825
14,OnlineFPCA-adagrad,0.1,2200,100,face,3,5,0.470348834991455,6,1,0.23140068257454804,0.4522392950120412,0.4619912429645201,0.15275826013889682,0.46113686911268853,0.4753425701437231
14,OnlineFPCA-adagrad,0.1,2300,100,face,3,5,0.47001838684082,6,1,0.09768832091265225,0.3837878669645791,0.45045616730364935,0.14141957196336785,0.45453983211159954,0.47330464120880633
14,OnlineFPCA-adagrad,0.1,2400,100,face,3,5,0.471926212310791,6,1,0.1094177475683225,0.35777559688334937,0.3889468281191633,0.13106071626154653,0.4472170986636385,0.4680420286585135
14,OnlineFPCA-adagrad,0.1,2500,100,face,3,5,0.471003532409668,6,1,0.12201589990627631,0.3598196687616347,0.3871572945378004,0.1277356894937835,0.43909639601869344,0.46282880219821254
14,OnlineFPCA-adagrad,0.1,2600,100,face,3,5,0.511186599731445,6,1,0.12945764215446834,0.35754273531679165,0.4485181036428224,0.12557884501588018,0.4310666224385193,0.45804485716694904
14,OnlineFPCA-adagrad,0.1,2700,100,face,3,5,0.638032913208008,6,1,0.07516765382688873,0.3636745290834782,0.4132444429933903,0.12238963301880298,0.4256043242430101,0.4529026889585883
14,OnlineFPCA-adagrad,0.1,2800,100,face,3,5,0.506124973297119,6,1,0.16625710174543948,0.35525725979246825,0.40194951414374386,0.11715533134304229,0.4206453929758346,0.4492333357330767
14,OnlineFPCA-adagrad,0.1,2900,100,face,3,5,0.506034851074219,6,1,0.17933492778794416,0.3342690189280812,0.37880233113265244,0.11384683104088078,0.41569081830129345,0.4442664165908125
14,OnlineFPCA-adagrad,0.1,3000,100,face,3,5,0.51102614402771,6,1,0.18570407856263454,0.3292237128373092,0.3460334267926819,0.11061331716484693,0.4098132625368913,0.43848238577708964
14,OnlineFPCA-adagrad,0.1,3100,100,face,3,5,0.507860660552979,6,1,0.1237029811413753,0.2861497482301355,0.43930973280131325,0.10642203822930611,0.40284899668215784,0.4356298348370859
14,OnlineFPCA-adagrad,0.1,3200,100,face,3,5,0.508858442306519,6,1,0.11835550536883571,0.2746405187449896,0.27257629379339376,0.10063084649032596,0.3936455698030152,0.4289365616620737
14,OnlineFPCA-adagrad,0.1,3300,100,face,3,5,0.516168355941772,6,1,0.17321710102980062,0.2788097830737187,0.32192366705968073,0.09416849928817443,0.3864986477245209,0.42241638361271733
14,OnlineFPCA-adagrad,0.1,3400,100,face,3,5,0.504865646362305,6,1,0.11482581045702898,0.2426660601839198,0.25662474905336774,0.0880784582823906,0.37793062783690945,0.4146651901158387
14,OnlineFPCA-adagrad,0.1,3500,100,face,3,5,0.501587867736816,6,1,0.06842087430617505,0.16911532987654623,0.20639263988676962,0.08308552874641847,0.3687233387405779,0.40644229865904835
14,OnlineFPCA-adagrad,0.1,3600,100,face,3,5,0.503476142883301,6,1,0.09279421525880154,0.15151928134048467,0.32285999412945,0.07919518628254944,0.3578046147943899,0.399278773526173
14,OnlineFPCA-adagrad,0.1,3700,100,face,3,5,0.50293493270874,6,1,0.1752643278738958,0.16872385330525233,0.36852286606210366,0.08028877324653265,0.34760500214848394,0.3900797084078924
14,OnlineFPCA-adagrad,0.1,3800,100,face,3,5,0.50368595123291,6,1,0.14686516762324475,0.23536412117882535,0.443469112731938,0.08134391817502681,0.33696882926149496,0.38146007655380537
14,OnlineFPCA-adagrad,0.1,3900,100,face,3,5,0.503756761550903,6,1,0.24688647457006477,0.2040259586840474,0.31774529325412465,0.080453306798821,0.32479245320498124,0.37131815350397934
14,OnlineFPCA-adagrad,0.1,4000,100,face,3,5,0.51042914390564,6,1,0.07734188339761806,0.3131159369876727,0.3631594453999442,0.07734188339761806,0.3131159369876727,0.3631594453999442
14,OnlineFPCA-adagrad,0.1,4100,100,face,3,5,0.507319927215576,6,1,0.17813862783105397,0.27817019063543297,0.3385090358146781,0.12316942170181876,0.29129135978169857,0.32470471198246403
14,OnlineFPCA-adagrad,0.1,4200,100,face,3,5,0.509194850921631,6,1,0.19121221942011501,0.383725698308097,0.32713100572200854,0.09443077391653458,0.28105195573392494,0.32146542872890677
14,OnlineFPCA-adagrad,0.1,4300,100,face,3,5,0.534100532531738,6,1,0.15199003149279,0.3151636349562488,0.2555035297602079,0.082011766752875,0.27635846274424575,0.29063931978849555
14,OnlineFPCA-adagrad,0.1,4400,100,face,3,5,0.512601852416992,6,1,0.1229975182595684,0.2057354428980069,0.26166899626978335,0.06573276140416266,0.2552951261581813,0.26918093843037344
14,OnlineFPCA-adagrad,0.1,4500,100,face,3,5,0.51117730140686,6,1,0.16624988133362387,0.2613098924620577,0.3030647524967491,0.051025012914536066,0.24906923484970955,0.26173304418863663
14,OnlineFPCA-adagrad,0.1,4600,100,face,3,5,0.511586666107178,6,1,0.14029513189093784,0.205809707817467,0.27074972949339776,0.03635676797390131,0.238680216582722,0.25863608520021275
14,OnlineFPCA-adagrad,0.1,4700,100,face,3,5,0.65028977394104,6,1,0.1359043509586663,0.18270691520192622,0.21638066161690672,0.027092370497928276,0.2322409796996619,0.25411979939039586
14,OnlineFPCA-adagrad,0.1,4800,100,face,3,5,0.505330562591553,6,1,0.06321486699051926,0.23394778907393587,0.22041425678055607,0.025256742290244025,0.2315416418637711,0.24780811675273987
14,OnlineFPCA-adagrad,0.1,4900,100,face,3,5,0.509092330932617,6,1,0.13383167859198847,0.21608380115775255,0.336854680460424,0.018396722148163406,0.2263294020519817,0.24169772911056095
14,OnlineFPCA-adagrad,0.1,5000,100,face,3,5,0.508273601531982,6,1,0.17677295810754073,0.20289247029811383,0.367001092784306,0.013181996581368123,0.2169558609362002,0.2470699662218661
14,OnlineFPCA-adagrad,0.1,5100,100,face,3,5,0.102245330810547,6,1,0.14101926948822593,0.15490695621813125,0.23871117163721955,0.01450897350520944,0.2070379850132518,0.2480477382518452
14,OnlineFPCA-adagrad,0.1,5200,100,face,3,5,0.105075597763062,6,1,0.12687893579269882,0.19535008075092453,0.21171426714835967,0.016345469932769845,0.19594688469532856,0.23699041353885494
14,OnlineFPCA-adagrad,0.1,5300,100,face,3,5,0.102452993392944,6,1,0.12766437806364472,0.18572137069031663,0.17419807457163639,0.02364126797118454,0.1891042121023946,0.23002093124255493
14,OnlineFPCA-adagrad,0.1,5400,100,face,3,5,0.104944467544556,6,1,0.21696002564263775,0.1546363236091791,0.20131093226952657,0.02564404430850611,0.18418307794972547,0.22578352424559464
14,OnlineFPCA-adagrad,0.1,5500,100,face,3,5,0.102126836776733,6,1,0.13324119786499705,0.17406417689120116,0.18592850006734488,0.024405079429657618,0.1813182284629312,0.22093919985280078
14,OnlineFPCA-adagrad,0.1,5600,100,face,3,5,0.104441165924072,6,1,0.13744852731444265,0.264081291301022,0.26694274169407045,0.020852304386744146,0.17855108515877763,0.21956537725494002
14,OnlineFPCA-adagrad,0.1,5700,100,face,3,5,0.104215145111084,6,1,0.15184376967604918,0.18230211714451441,0.3000186100838317,0.021328942409109465,0.1765633179647874,0.21733393911708007
14,OnlineFPCA-adagrad,0.1,5800,100,face,3,5,0.101853132247925,6,1,0.1245569425095928,0.25934397303730017,0.22274485610197647,0.020655946062575134,0.17673456436475957,0.21761676583557915
14,OnlineFPCA-adagrad,0.1,5900,100,face,3,5,0.105390548706055,6,1,0.14527827986160147,0.2502219433071359,0.2609989359916067,0.019643028405565935,0.17655160697304126,0.21757638797274031
14,OnlineFPCA-adagrad,0.1,6000,100,face,3,5,0.102127313613892,6,1,0.14367104871686637,0.18725772636275925,0.2099854927382728,0.019485612454283072,0.17631760380457123,0.21902495980846617
14,OnlineFPCA-adagrad,0.1,6100,100,face,3,5,0.111682891845703,6,1,0.13861704221058296,0.2315282104298827,0.1494526618688449,0.022744853170054976,0.17470366955317215,0.2138483713050544
14,OnlineFPCA-adagrad,0.1,6200,100,face,3,5,0.102588176727295,6,1,0.11428126283666556,0.2319385216107376,0.18623001950799187,0.025795945400154927,0.17374749509821086,0.20865907954150406
14,OnlineFPCA-adagrad,0.1,6300,100,face,3,5,0.105745792388916,6,1,0.14849663277160266,0.26656767352659266,0.1507439851433709,0.027761606491454895,0.1733943052588996,0.20424552740810734
14,OnlineFPCA-adagrad,0.1,6400,100,face,3,5,0.102803230285645,6,1,0.1061831051849188,0.19548753541725455,0.1897391674529004,0.02801372655988356,0.172358860879177,0.19900430929093058
14,OnlineFPCA-adagrad,0.1,6500,100,face,3,5,0.10465407371521,6,1,0.16388406767020788,0.14087171962471717,0.22944324815742873,0.02663096584115859,0.16776680144817172,0.19088442955305363
14,OnlineFPCA-adagrad,0.1,6600,100,face,3,5,0.101701974868774,6,1,0.11269622377470132,0.1923603355143367,0.16893926632983491,0.026754329711352293,0.1620485629773021,0.18480606066632138
14,OnlineFPCA-adagrad,0.1,6700,100,face,3,5,0.104546546936035,6,1,0.1581250785399328,0.17825091662571144,0.14254968098688978,0.02852978484291278,0.15621597082816052,0.17965456659585094
14,OnlineFPCA-adagrad,0.1,6800,100,face,3,5,0.102259635925293,6,1,0.14968286855903473,0.21872422130533675,0.1550031422899535,0.03003490167529692,0.15001220479344685,0.17378691633471283
14,OnlineFPCA-adagrad,0.1,6900,100,face,3,5,0.10394287109375,6,1,0.20064760459380399,0.11068187456261841,0.16619061040406763,0.03282962168748902,0.1439557646680166,0.16875219784063586
14,OnlineFPCA-adagrad,0.1,7000,100,face,3,5,0.104019403457642,6,1,0.12395408983891716,0.23075006921055496,0.3290853550709996,0.034630133146106065,0.13905800344724387,0.16566546861438422
14,OnlineFPCA-adagrad,0.1,7100,100,face,3,5,0.102171182632446,6,1,0.17133391285531857,0.20965635872242452,0.20777725391289267,0.03529741735190837,0.1338263675952565,0.16171469761030663
14,OnlineFPCA-adagrad,0.1,7200,100,face,3,5,0.105212450027466,6,1,0.13958345377348957,0.18403642633532044,0.17102068959879022,0.03578949902982869,0.13063856611734417,0.15813304309468534
14,OnlineFPCA-adagrad,0.1,7300,100,face,3,5,0.102560043334961,6,1,0.06156520683220154,0.06215699642136336,0.17458642015711942,0.03600556953111655,0.12697158801101754,0.15670664218509772
14,OnlineFPCA-adagrad,0.1,7400,100,face,3,5,0.111451148986816,6,1,0.10896303532736858,0.10731008391881323,0.18307837749409753,0.034954957422207715,0.12394380829065939,0.15507688061763147
14,OnlineFPCA-adagrad,0.1,7500,100,face,3,5,0.102254629135132,6,1,0.10804936491123389,0.1402962462157276,0.12368592996986807,0.03549589684386183,0.12173951724183212,0.15219977811655902
14,OnlineFPCA-adagrad,0.1,7600,100,face,3,5,0.105135679244995,6,1,0.10333563844405429,0.10920367166892353,0.20069294877347832,0.03427363513813603,0.11876447943407013,0.14733734851884234
14,OnlineFPCA-adagrad,0.1,7700,100,face,3,5,0.103066205978394,6,1,0.0914130065935271,0.09881456078601152,0.28399932433493413,0.03327667018813282,0.11701694754506556,0.14505470179484317
14,OnlineFPCA-adagrad,0.1,7800,100,face,3,5,0.105346202850342,6,1,0.12090554269921938,0.16683530668764238,0.19974626353897262,0.03220580682987525,0.11421183630624406,0.14487811908466872
14,OnlineFPCA-adagrad,0.1,7900,100,face,3,5,0.103313446044922,6,1,0.13968032968783836,0.17283498549677706,0.20072130285536074,0.029946272919201614,0.11196811428526218,0.14469585282156255
14,OnlineFPCA-adagrad,0.1,8000,100,face,3,5,0.105682373046875,6,1,0.18268018651270815,0.12786912256078528,0.1990530534689696,0.028374682404245802,0.10929129951007197,0.14371137361156264
14,OnlineFPCA-adagrad,0.1,8100,100,face,3,5,0.103580236434937,6,1,0.12090443338099027,0.10823381093861989,0.21531581989374282,0.02755405016805337,0.10788023377721144,0.14244781575008106
14,OnlineFPCA-adagrad,0.1,8200,100,face,3,5,0.105195999145508,6,1,0.0956732178231819,0.1641457387379863,0.08244994522470649,0.02833736659721121,0.10687877954818754,0.13947884697947274
14,OnlineFPCA-adagrad,0.1,8300,100,face,3,5,0.105745315551758,6,1,0.1381115359700878,0.1454839650423012,0.20942027586553782,0.02987016515730608,0.10667550209686266,0.1376165256014878
14,OnlineFPCA-adagrad,0.1,8400,100,face,3,5,0.102837085723877,6,1,0.09098965928435981,0.18271813853033225,0.22136097231605012,0.029791780483901905,0.10632507465394098,0.13645762915734339
14,OnlineFPCA-adagrad,0.1,8500,100,face,3,5,0.106317758560181,6,1,0.06902377973950702,0.10216981250672694,0.17332866814645415,0.029235509092870097,0.10496740656420535,0.13478918410786628
14,OnlineFPCA-adagrad,0.1,8600,100,face,3,5,0.102858543395996,6,1,0.09521202293349319,0.05843403703059716,0.29258296797938455,0.02916851174527739,0.10270795817422909,0.13472500639906487
14,OnlineFPCA-adagrad,0.1,8700,100,face,3,5,0.105913639068604,6,1,0.1638219765393036,0.16022258591081673,0.30591733360314183,0.02793045357108022,0.09911371844337352,0.13601196242533425
14,OnlineFPCA-adagrad,0.1,8800,100,face,3,5,0.233335018157959,6,1,0.12628909230440896,0.2190033359054581,0.4059468268272848,0.02719396234841778,0.09579484087419424,0.13832787101872362
14,OnlineFPCA-adagrad,0.1,8900,100,face,3,5,0.103483915328979,6,1,0.22376827528115734,0.16356103031259997,0.31348621977712693,0.026235837448588185,0.09338524071717576,0.14018524527821993
14,OnlineFPCA-adagrad,0.1,9000,100,face,3,5,0.101434469223022,6,1,0.15502123895211373,0.1193992686189721,0.30711647420507526,0.026252904639524198,0.08988277794032039,0.14217398224854721
14,OnlineFPCA-adagrad,0.1,9100,100,face,3,5,0.10266375541687,6,1,0.16153912906983306,0.15525182267706947,0.3198895790343261,0.02643676618453471,0.08779480901861893,0.14355847333246913
14,OnlineFPCA-adagrad,0.1,9200,100,face,3,5,0.101191520690918,6,1,0.1750022846296178,0.2021482069062894,0.30277698035504436,0.025607598143865148,0.08605293049942665,0.14448791868895505
14,OnlineFPCA-adagrad,0.1,9300,100,face,3,5,0.103095531463623,6,1,0.11903974086390275,0.24546972387281252,0.26882592146456086,0.024273656539146322,0.08583848323157942,0.14539114366288441
14,OnlineFPCA-adagrad,0.1,9400,100,face,3,5,0.101141452789307,6,1,0.1092833312334956,0.1404074934293668,0.22363838786613258,0.02320099304668145,0.0845826841837056,0.14573341256383043
14,OnlineFPCA-adagrad,0.1,9500,100,face,3,5,0.10375714302063,6,1,0.1305541225147252,0.18507765557323314,0.25160897312445357,0.023445782396771767,0.08445738543899202,0.14632186973817396
14,OnlineFPCA-adagrad,0.1,9600,100,face,3,5,0.0999758243560791,6,1,0.11921519390095696,0.1001823044652849,0.20398259023306892,0.023513547391673495,0.08390196887839751,0.14693470979901233
14,OnlineFPCA-adagrad,0.1,9700,100,face,3,5,0.0999388694763184,6,1,0.11666916949775778,0.09125051891553938,0.15292202129984672,0.0230548375405779,0.08405373930284728,0.14751953067076165
14,OnlineFPCA-adagrad,0.1,9800,100,face,3,5,0.103271722793579,6,1,0.054506538806536345,0.14856041870769415,0.1750742962303942,0.022934213000187637,0.08523553691668717,0.14779874889953654
14,OnlineFPCA-adagrad,0.1,9900,100,face,3,5,0.100638628005981,6,1,0.10192401979483309,0.16382277746356652,0.2574472513905013,0.022762578713838282,0.08585577057547777,0.1477691957357254
14,OnlineFPCA-adagrad,0.1,10000,100,face,3,5,0.100487947463989,6,1,0.1259712550904284,0.14822791588023818,0.28128090822135005,0.022955550483847887,0.08567644545779686,0.1485583674705938
14,OnlineFPCA-adagrad,0.1,10100,100,face,3,5,0.100041627883911,6,1,0.12290506169467427,0.07995730725452534,0.20143586275609573,0.023360717797644787,0.08493402326404025,0.14925927893128724
14,OnlineFPCA-adagrad,0.1,10200,100,face,3,5,0.100711584091187,6,1,0.11345956680613024,0.1502403057255668,0.18380563463449373,0.023499679589175208,0.08339367829685133,0.1482519030083427
14,OnlineFPCA-adagrad,0.1,10300,100,face,3,5,0.101241827011108,6,1,0.11151194420213346,0.1697502795563938,0.15586744287467574,0.02449605359954147,0.08227965718614845,0.14761872754439453
14,OnlineFPCA-adagrad,0.1,10400,100,face,3,5,0.100030422210693,6,1,0.1859323290709915,0.11240820681140393,0.1639193040343082,0.025082759425229535,0.08199084866616904,0.14752082457117657
14,OnlineFPCA-adagrad,0.1,10500,100,face,3,5,0.101319551467896,6,1,0.11541786071334993,0.13319384015257862,0.1485052893743216,0.025498315888565198,0.08240525857572789,0.14697689205975106
14,OnlineFPCA-adagrad,0.1,10600,100,face,3,5,0.099937915802002,6,1,0.13262753230670915,0.19792563683101985,0.19762045445852264,0.025206355741527704,0.08284683446297486,0.14707282338616964
14,OnlineFPCA-adagrad,0.1,10700,100,face,3,5,0.101250171661377,6,1,0.13279534743790167,0.13456637325910462,0.2342163170135275,0.02556841478562849,0.08330324488928585,0.14722562370549527
14,OnlineFPCA-adagrad,0.1,10800,100,face,3,5,0.100167751312256,6,1,0.10516617516853365,0.2020065619332161,0.16462754678495106,0.025508098672434545,0.0841424654241588,0.147743283431786
14,OnlineFPCA-adagrad,0.1,10900,100,face,3,5,0.100705623626709,6,1,0.11835080230496385,0.2068756207399312,0.21828652017998607,0.025235043701431998,0.08449728054351792,0.14791194896193385
14,OnlineFPCA-adagrad,0.1,11000,100,face,3,5,0.0997722148895264,6,1,0.12730579409863846,0.1765888715460307,0.18608708960241876,0.024733448569356584,0.08546971939697422,0.14869997382627026
14,OnlineFPCA-adagrad,0.1,11100,100,face,3,5,0.100064754486084,6,1,0.11972757024384108,0.1966969354648442,0.1378293895664145,0.024911752853616687,0.08637377906166105,0.14823885848459709
14,OnlineFPCA-adagrad,0.1,11200,100,face,3,5,0.0998075008392334,6,1,0.10319585253099535,0.20918539192844413,0.17303048599780893,0.025583987876578788,0.08734318147151271,0.147994461043746
14,OnlineFPCA-adagrad,0.1,11300,100,face,3,5,0.0999658107757568,6,1,0.12902846554415628,0.23008331114396513,0.13847738732394976,0.025957670150734045,0.08837799003301015,0.14754868208974325
14,OnlineFPCA-adagrad,0.1,11400,100,face,3,5,0.100249767303467,6,1,0.09050624839678678,0.17905795088775245,0.1621189746216047,0.026001251362300533,0.08891386195232431,0.14665505125635597
14,OnlineFPCA-adagrad,0.1,11500,100,face,3,5,0.100476264953613,6,1,0.13846282511533545,0.09658947435711561,0.1863445005928415,0.025774124624129337,0.08864345149071177,0.14517838435808403
14,OnlineFPCA-adagrad,0.1,11600,100,face,3,5,0.100948095321655,6,1,0.0912258614943314,0.13974470317462404,0.1437894888977731,0.02574380322543476,0.08790105533419472,0.14394912056480103
14,OnlineFPCA-adagrad,0.1,11700,100,face,3,5,0.100381851196289,6,1,0.12377855198836017,0.13472157616986546,0.12432559213697136,0.02633579769832813,0.08718684925476333,0.1429029284060912
14,OnlineFPCA-adagrad,0.1,11800,100,face,3,5,0.101168155670166,6,1,0.12065410573317123,0.17520354574165756,0.12576858098529217,0.027011565135658836,0.08637521519109084,0.14181698654548983
14,OnlineFPCA-adagrad,0.1,11900,100,face,3,5,0.100857019424438,6,1,0.1666495481171772,0.09863750077655113,0.1451536099291758,0.027964091660020302,0.08522000676512384,0.14094690776393087
14,OnlineFPCA-adagrad,0.1,12000,100,face,3,5,0.102288246154785,6,1,0.11116034481602512,0.18767112782798645,0.2692842655470634,0.028939719520003702,0.08447648757776789,0.1407945373236018
14,OnlineFPCA-adagrad,0.1,12100,100,face,3,5,0.100921154022217,6,1,0.1350609506159088,0.16078421059992212,0.16245414858148974,0.029279145567444802,0.08326365633513676,0.14029119345131738
14,OnlineFPCA-adagrad,0.1,12200,100,face,3,5,0.101071119308472,6,1,0.11892857053802589,0.16010805274585724,0.15883248912498663,0.02944770035749804,0.0826425407144716,0.13959604380517668
14,OnlineFPCA-adagrad,0.1,12300,100,face,3,5,0.100995540618896,6,1,0.05220711643588841,0.05715086426049088,0.16030497825093037,0.02943697102064662,0.08195058572625065,0.13944660248290844
14,OnlineFPCA-adagrad,0.1,12400,100,face,3,5,0.101068258285522,6,1,0.09108318920258686,0.09873657098147814,0.16098387840856734,0.02923277237242303,0.08143338364149103,0.13915968876377813
14,OnlineFPCA-adagrad,0.1,12500,100,face,3,5,0.0999932289123535,6,1,0.10231715994929645,0.11985375108864815,0.12215207539139471,0.029658518459641743,0.08133594923696713,0.1384202099385086
14,OnlineFPCA-adagrad,0.1,12600,100,face,3,5,0.100492000579834,6,1,0.08829638667718802,0.10254957740957597,0.17434618539308624,0.029510475602277347,0.08079547383676003,0.13668426685468563
14,OnlineFPCA-adagrad,0.1,12700,100,face,3,5,0.101735591888428,6,1,0.07914262641602512,0.08331326672865104,0.23275801239044777,0.029235802068991432,0.08046824605447732,0.13581955176540558
14,OnlineFPCA-adagrad,0.1,12800,100,face,3,5,0.100906610488892,6,1,0.09060935342944071,0.12482622682655185,0.16515213702249326,0.028828203251515055,0.07966765031780745,0.13574769665794606
14,OnlineFPCA-adagrad,0.1,12900,100,face,3,5,0.100528955459595,6,1,0.11288157271795854,0.14391869927857126,0.17769178677319836,0.027971532443863124,0.0790411458652632,0.1355448848882402
14,OnlineFPCA-adagrad,0.1,13000,100,face,3,5,0.0993528366088867,6,1,0.15791217293601328,0.11345479000365612,0.17887479544360438,0.0271381616190412,0.0783045479529439,0.13501436861143945
14,OnlineFPCA-adagrad,0.1,13100,100,face,3,5,0.103910207748413,6,1,0.11208392615405685,0.0984341347681242,0.19648477830338054,0.02657756695895736,0.07803486194991308,0.13427844153558327
14,OnlineFPCA-adagrad,0.1,13200,100,face,3,5,0.0997276306152344,6,1,0.08358961329318806,0.14517665904590465,0.07898648089738325,0.02664434580132387,0.07798256607677014,0.13301376620744074
14,OnlineFPCA-adagrad,0.1,13300,100,face,3,5,0.103497505187988,6,1,0.11275138173165446,0.12041662403983769,0.18083427826704226,0.027191269036290076,0.07815869807141644,0.13230448153371477
14,OnlineFPCA-adagrad,0.1,13400,100,face,3,5,0.102875947952271,6,1,0.07269677613672348,0.15416528354890888,0.1980992018788621,0.027315085337971688,0.07833309863688528,0.13207008880111462
14,OnlineFPCA-adagrad,0.1,13500,100,face,3,5,0.103431940078735,6,1,0.06649216189390689,0.09554879640306149,0.1579202344880514,0.02729088772927015,0.07802557306204366,0.13154522261697368
14,OnlineFPCA-adagrad,0.1,13600,100,face,3,5,0.101037502288818,6,1,0.07952964878784619,0.04899335519322033,0.26310698137287714,0.027272676110346665,0.0772858988601971,0.1318021500418947
14,OnlineFPCA-adagrad,0.1,13700,100,face,3,5,0.105156183242798,6,1,0.14235433480319504,0.1388151291933699,0.27701186793809995,0.026936273583702493,0.07587875940576184,0.13282115602985115
14,OnlineFPCA-adagrad,0.1,13800,100,face,3,5,0.101914882659912,6,1,0.11819065256631572,0.1902505105501171,0.3713656668319264,0.02670765839598229,0.0745906694676955,0.134343265027732
14,OnlineFPCA-adagrad,0.1,13900,100,face,3,5,0.102591037750244,6,1,0.20655181917498236,0.1359563871420878,0.29444016770966236,0.026358969624465177,0.07386990725202315,0.13572936806614955
14,OnlineFPCA-adagrad,0.1,14000,100,face,3,5,0.103007316589355,6,1,0.14742083370011957,0.1059890993759966,0.2949245102469064,0.026449679995987383,0.07252436092484214,0.13706812118889902
14,OnlineFPCA-adagrad,0.1,14100,100,face,3,5,0.105574369430542,6,1,0.1438525337433853,0.13447836753582637,0.3038272023891272,0.02657554033478955,0.0718736054395181,0.13814292518883883
14,OnlineFPCA-adagrad,0.1,14200,100,face,3,5,0.103206872940063,6,1,0.15521311974092022,0.17002622599846817,0.28623951635390205,0.026221538310972684,0.07134489169528276,0.13889599922010995
14,OnlineFPCA-adagrad,0.1,14300,100,face,3,5,0.102129220962524,6,1,0.10403627199216396,0.2201907796355705,0.2581253996317967,0.02554910353276346,0.07165726143140912,0.13961090678917423
14,OnlineFPCA-adagrad,0.1,14400,100,face,3,5,0.105378389358521,6,1,0.09965511947010042,0.13776277962373618,0.2089987891263719,0.02496419769803095,0.07133537573869549,0.1399739345696259
14,OnlineFPCA-adagrad,0.1,14500,100,face,3,5,0.102057456970215,6,1,0.11112491876901053,0.17399252707673754,0.23804676220276996,0.02494285275169363,0.0714079905441252,0.14034467165706674
14,OnlineFPCA-adagrad,0.1,14600,100,face,3,5,0.101256847381592,6,1,0.10104756627120189,0.0932787398184795,0.20745960376745176,0.02498569564438124,0.07119743529461667,0.14079438206348652
14,OnlineFPCA-adagrad,0.1,14700,100,face,3,5,0.102024078369141,6,1,0.10598236219505176,0.09415251121878802,0.16037326592498116,0.024762814131875803,0.0713095075647285,0.14122228674599077
14,OnlineFPCA-adagrad,0.1,14800,100,face,3,5,0.105107307434082,6,1,0.051702803374431616,0.13803253471923485,0.18367374682666163,0.024676266324719177,0.07198876264362669,0.1415469615661133
14,OnlineFPCA-adagrad,0.1,14900,100,face,3,5,0.0998585224151611,6,1,0.08749653770531257,0.1533261242390742,0.24394796055333665,0.024584764481943643,0.07242151502165488,0.14169964978791127
14,OnlineFPCA-adagrad,0.1,15000,100,face,3,5,0.102271556854248,6,1,0.10321408184776419,0.13827603191678486,0.2617263316379676,0.024661652948837234,0.07243522088808187,0.14216305292518988
14,OnlineFPCA-adagrad,0.1,0,100,face,3,5,6.38382577896118,6,2,0.011488913551722588,0.12793891021275938,0.62316145541387,0.011488913551722588,0.12793891021275938,0.62316145541387
14,OnlineFPCA-adagrad,0.1,100,100,face,3,5,0.344288349151611,6,2,0.8311767790675815,0.8084781529180453,0.6622140036894317,NA,NA,NA
14,OnlineFPCA-adagrad,0.1,200,100,face,3,5,0.339293718338013,6,2,0.7289186656936968,0.35647354652947233,0.7956749799924311,NA,NA,NA
14,OnlineFPCA-adagrad,0.1,300,100,face,3,5,0.346662044525146,6,2,0.8459531755830003,0.7293955868371248,0.6203897805763645,NA,NA,NA
14,OnlineFPCA-adagrad,0.1,400,100,face,3,5,0.341405630111694,6,2,0.5661302048672919,0.38968993065262914,0.25858625013254394,NA,NA,NA
14,OnlineFPCA-adagrad,0.1,500,100,face,3,5,0.343907356262207,6,2,0.46105045180280185,0.425698508409474,0.6579178234144579,NA,NA,NA
14,OnlineFPCA-adagrad,0.1,600,100,face,3,5,0.341087818145752,6,2,0.4477363219786608,0.44635874754297783,0.668090739053875,NA,NA,NA
14,OnlineFPCA-adagrad,0.1,700,100,face,3,5,0.340442419052124,6,2,0.43110649999747763,0.4345799849665418,0.6593083780823012,NA,NA,NA
14,OnlineFPCA-adagrad,0.1,800,100,face,3,5,0.348644971847534,6,2,0.41147954226707567,0.4186951132452138,0.6505946725558281,NA,NA,NA
14,OnlineFPCA-adagrad,0.1,900,100,face,3,5,0.338885068893433,6,2,0.3936711112383548,0.40554795025665075,0.6444411118913898,NA,NA,NA
14,OnlineFPCA-adagrad,0.1,1000,100,face,3,5,0.343684911727905,6,2,0.3841562102836443,0.3935412743721947,0.6356484269175111,NA,NA,NA
14,OnlineFPCA-adagrad,0.1,1100,100,face,3,5,0.474100589752197,6,2,0.5907173918591767,0.5834047886106762,0.4471907960872321,0.5701529552790304,0.5278604554186832,0.4790006194526825
14,OnlineFPCA-adagrad,0.1,1200,100,face,3,5,0.47523045539856,6,2,0.18297210864448618,0.2235655050145993,0.29147488720923537,0.25892075783047047,0.28418070548482177,0.43650572192234294
14,OnlineFPCA-adagrad,0.1,1300,100,face,3,5,0.466595649719238,6,2,0.19130121369275144,0.2080384091626125,0.22057207954186775,0.21537360053719506,0.2500176955485881,0.35609364580765795
14,OnlineFPCA-adagrad,0.1,1400,100,face,3,5,0.473871469497681,6,2,0.2608798662660297,0.1645222645482137,0.21576572375334918,0.1719426712621109,0.21942961566646313,0.3147612279785086
14,OnlineFPCA-adagrad,0.1,1500,100,face,3,5,0.469511747360229,6,2,0.1972391399773938,0.2674870231751647,0.347537444261849,0.057977273246908725,0.17845287820551098,0.31124140268157896
14,OnlineFPCA-adagrad,0.1,1600,100,face,3,5,0.471377372741699,6,2,0.18311648695032273,0.25904807763918736,0.34772588704873775,0.05993741904304411,0.18298704736279206,0.31411022377891273
14,OnlineFPCA-adagrad,0.1,1700,100,face,3,5,0.46457576751709,6,2,0.17445230275371762,0.24673658251183625,0.3453017434090735,0.0697962724973916,0.18820151678319755,0.31721711515064227
14,OnlineFPCA-adagrad,0.1,1800,100,face,3,5,0.463906764984131,6,2,0.1600467905392277,0.2360174614107751,0.33485339777703926,0.07918335957895031,0.1923399150590475,0.31885034717491845
14,OnlineFPCA-adagrad,0.1,1900,100,face,3,5,0.472592830657959,6,2,0.15370807786294013,0.23175228061411443,0.32606000384341594,0.08674499397366199,0.19541318802106228,0.3194154347081748
14,OnlineFPCA-adagrad,0.1,2000,100,face,3,5,0.46616792678833,6,2,0.14410687122684945,0.22417440361945262,0.32527980074950985,0.09271994172176354,0.19782787689327877,0.3194483855580612
14,OnlineFPCA-adagrad,0.1,2100,100,face,3,5,0.463677167892456,6,2,0.13343665283201844,0.2579026509062802,0.2361369736441483,0.09417494180690003,0.1986142610767869,0.3127524967177793
14,OnlineFPCA-adagrad,0.1,2200,100,face,3,5,0.468729257583618,6,2,0.2353050501033661,0.2612118643026331,0.30520210238496936,0.08446090389193446,0.19952886320777216,0.3070748246613272
14,OnlineFPCA-adagrad,0.1,2300,100,face,3,5,0.601869821548462,6,2,0.13657958100190604,0.19963880604484097,0.3843786860061277,0.07686215114914878,0.19720746344781417,0.31167760801797706
14,OnlineFPCA-adagrad,0.1,2400,100,face,3,5,0.464823007583618,6,2,0.1305250205982441,0.1666291835647853,0.2704260733093326,0.07107082749646125,0.19383987904090855,0.3089850022038526
14,OnlineFPCA-adagrad,0.1,2500,100,face,3,5,0.462148666381836,6,2,0.12379839006327374,0.18414169369566766,0.2661120307524462,0.07396405567457176,0.1884189542462202,0.3059065412414852
14,OnlineFPCA-adagrad,0.1,2600,100,face,3,5,0.499221563339233,6,2,0.12531153095747555,0.20248288028573572,0.3652550294967089,0.07445732256025481,0.18369245610350443,0.3032920903721156
14,OnlineFPCA-adagrad,0.1,2700,100,face,3,5,0.504650354385376,6,2,0.09555182902894713,0.2227818140191349,0.3339367901152252,0.07355223319342809,0.18391202989039224,0.300706635459844
14,OnlineFPCA-adagrad,0.1,2800,100,face,3,5,0.500150442123413,6,2,0.16455739961074786,0.2537550642665859,0.3160830108243884,0.06967315110174564,0.18442141957458125,0.29912333636329014
14,OnlineFPCA-adagrad,0.1,2900,100,face,3,5,0.50328254699707,6,2,0.17752940945345388,0.24144955477458185,0.27786135312266924,0.0674949352137782,0.18404189077667318,0.29462429489798797
14,OnlineFPCA-adagrad,0.1,3000,100,face,3,5,0.503139019012451,6,2,0.2057936429740644,0.19567208624432286,0.24160541104293354,0.0657087204557292,0.18205462613634846,0.28958590778780036
14,OnlineFPCA-adagrad,0.1,3100,100,face,3,5,0.502701282501221,6,2,0.12961046491180025,0.17062836287771407,0.3493617352735961,0.06356841772301498,0.1793014703039336,0.28914889873372385
14,OnlineFPCA-adagrad,0.1,3200,100,face,3,5,0.501487255096436,6,2,0.12387241817226913,0.22139174984086055,0.17128393509249876,0.060399919451501714,0.17493578155404965,0.28443891499714963
14,OnlineFPCA-adagrad,0.1,3300,100,face,3,5,0.503809690475464,6,2,0.1770999757622321,0.2233936100028798,0.270105929803578,0.05746261590455944,0.17323192965828899,0.2784650709167725
14,OnlineFPCA-adagrad,0.1,3400,100,face,3,5,0.505012512207031,6,2,0.12092695181081761,0.24265315318135375,0.23741911609774874,0.053669250592021316,0.17010844044710402,0.2716805766608271
14,OnlineFPCA-adagrad,0.1,3500,100,face,3,5,0.500785112380981,6,2,0.07186224709145546,0.12869198643331572,0.18340880363864015,0.05069452487549936,0.1664336904463014,0.26411319399035654
14,OnlineFPCA-adagrad,0.1,3600,100,face,3,5,0.502662658691406,6,2,0.11276097765731417,0.10686095452887574,0.32471114293832964,0.048584672376880356,0.16108067994767186,0.2602555650389399
14,OnlineFPCA-adagrad,0.1,3700,100,face,3,5,0.507929563522339,6,2,0.19010256142897453,0.19931525191161403,0.35392930337264605,0.05094380428355783,0.1561700886249226,0.2545438858020709
14,OnlineFPCA-adagrad,0.1,3800,100,face,3,5,0.503862380981445,6,2,0.1438200379177487,0.25859279810545516,0.44443271653992,0.053053047128178876,0.1507853909110294,0.2502362874154722
14,OnlineFPCA-adagrad,0.1,3900,100,face,3,5,0.499197006225586,6,2,0.25110982325101655,0.22289204975860374,0.3330259294829271,0.05269535873150493,0.14411426752945433,0.24468322149896876
14,OnlineFPCA-adagrad,0.1,4000,100,face,3,5,0.506718635559082,6,2,0.051333947177507284,0.13713571154499282,0.241894345981313,0.051333947177507284,0.13713571154499282,0.241894345981313
14,OnlineFPCA-adagrad,0.1,4100,100,face,3,5,0.500900506973267,6,2,0.18577750049096026,0.1476507771182414,0.24963093743896528,0.11841599498339632,0.1415853218078023,0.20442654732027454
14,OnlineFPCA-adagrad,0.1,4200,100,face,3,5,0.510954856872559,6,2,0.20028530551097148,0.3026876569757413,0.28753421457831485,0.09825369259290635,0.1364505490570719,0.22170676948870757
14,OnlineFPCA-adagrad,0.1,4300,100,face,3,5,0.501288652420044,6,2,0.1525756249637827,0.2845915913826321,0.2376610579961465,0.08174068157177392,0.16669306516929785,0.2099793079828159
14,OnlineFPCA-adagrad,0.1,4400,100,face,3,5,0.504699468612671,6,2,0.12815513825790747,0.16112753379086567,0.23442392173684076,0.06213582353782187,0.1565271056681335,0.19124132616689082
14,OnlineFPCA-adagrad,0.1,4500,100,face,3,5,0.49807333946228,6,2,0.1633837043875942,0.23029546181532282,0.289130854877823,0.049829639264314655,0.1635401869936838,0.19439784976914787
14,OnlineFPCA-adagrad,0.1,4600,100,face,3,5,0.503782272338867,6,2,0.14315063841587222,0.17250247627334486,0.23519596447503416,0.03263860290288571,0.16021877817466737,0.19507603077802715
14,OnlineFPCA-adagrad,0.1,4700,100,face,3,5,0.508429288864136,6,2,0.1363325802085898,0.1432727966467077,0.17818642592530118,0.022195442100531936,0.1596247840866348,0.19270459014296124
14,OnlineFPCA-adagrad,0.1,4800,100,face,3,5,0.506268739700317,6,2,0.062348553463172,0.21083516114639564,0.18958000713244935,0.018852170975255676,0.1649071790559552,0.18789030776983406
14,OnlineFPCA-adagrad,0.1,4900,100,face,3,5,0.50835394859314,6,2,0.1343116576492225,0.20618135064924392,0.3115728496860458,0.011957537392650052,0.16434423423207212,0.18236684333041997
14,OnlineFPCA-adagrad,0.1,5000,100,face,3,5,0.504912614822388,6,2,0.17660498847595293,0.18871893956539162,0.3497018972384732,0.007854847686932469,0.15717984311650401,0.19014399475536414
14,OnlineFPCA-adagrad,0.1,5100,100,face,3,5,0.104230165481567,6,2,0.14259750232724677,0.13490515647650994,0.24381276099804236,0.012693760209128338,0.14912036812633847,0.19411778353671066
14,OnlineFPCA-adagrad,0.1,5200,100,face,3,5,0.10122537612915,6,2,0.12784616018730147,0.18734176133840583,0.22422673651213287,0.015199544924724858,0.1379746979697733,0.18458106040362474
14,OnlineFPCA-adagrad,0.1,5300,100,face,3,5,0.103572607040405,6,2,0.12890900782237294,0.18370489121420677,0.1903609656400771,0.023825127767032404,0.13073087301467576,0.17988877765261893
14,OnlineFPCA-adagrad,0.1,5400,100,face,3,5,0.104451894760132,6,2,0.21915977869409298,0.1447743229406482,0.20464495147880085,0.026024960906093464,0.1284786304209322,0.17881311619537016
14,OnlineFPCA-adagrad,0.1,5500,100,face,3,5,0.10132098197937,6,2,0.13484585440029445,0.16787652627539987,0.19241271509467772,0.02525218757638232,0.12916236068659182,0.1765919868779694
14,OnlineFPCA-adagrad,0.1,5600,100,face,3,5,0.104022979736328,6,2,0.13775401056916228,0.26195019627825084,0.2689353273080129,0.022260286975733696,0.12939414053530113,0.17783209616666276
14,OnlineFPCA-adagrad,0.1,5700,100,face,3,5,0.101759433746338,6,2,0.1536714679343012,0.18142115155450067,0.3062817601258514,0.02405068060586781,0.13028329554289572,0.17757993569329245
14,OnlineFPCA-adagrad,0.1,5800,100,face,3,5,0.104254007339478,6,2,0.12551523466579612,0.26136048963723274,0.23635661928912924,0.023592685641037014,0.13320802946676105,0.18004773736776
14,OnlineFPCA-adagrad,0.1,5900,100,face,3,5,0.10171914100647,6,2,0.14619054272491944,0.24753402398238628,0.2621874434209651,0.02243013712223775,0.13467885521559478,0.18138158303837604
14,OnlineFPCA-adagrad,0.1,6000,100,face,3,5,0.103943109512329,6,2,0.1442592839499542,0.191198514103538,0.22317617928025957,0.022122269239110346,0.1373899596964631,0.18518646277752043
14,OnlineFPCA-adagrad,0.1,6100,100,face,3,5,0.102303504943848,6,2,0.13921504999845838,0.24302228199467094,0.1752801773051292,0.024664820680945554,0.13871361503372243,0.18188304219426346
14,OnlineFPCA-adagrad,0.1,6200,100,face,3,5,0.103885889053345,6,2,0.11375868430607268,0.24722727097699848,0.19815637483087536,0.02738945366107474,0.14075264589314973,0.17803379581614248
14,OnlineFPCA-adagrad,0.1,6300,100,face,3,5,0.101762533187866,6,2,0.14852938314865086,0.26890456435594323,0.1453049091135477,0.029214716348053792,0.1428860004415625,0.17473944154862037
14,OnlineFPCA-adagrad,0.1,6400,100,face,3,5,0.104005575180054,6,2,0.1053629634326442,0.1940972103648118,0.18997329408210994,0.029395159768952333,0.14299722118522806,0.16991193757517595
14,OnlineFPCA-adagrad,0.1,6500,100,face,3,5,0.10062050819397,6,2,0.1653156840391299,0.13749548057308786,0.2393938445506978,0.027869936026107156,0.13959633615443925,0.16186035510974237
14,OnlineFPCA-adagrad,0.1,6600,100,face,3,5,0.0993862152099609,6,2,0.1132888466912267,0.19193761690281458,0.18343728064169332,0.027847899620050957,0.13437964152481496,0.1561886040303242
14,OnlineFPCA-adagrad,0.1,6700,100,face,3,5,0.0997748374938965,6,2,0.15998325380335163,0.18631991475032744,0.1430196935977348,0.02981523812509507,0.1296625686008291,0.15158738882592543
14,OnlineFPCA-adagrad,0.1,6800,100,face,3,5,0.0970919132232666,6,2,0.14923196468906283,0.22604059024576892,0.1748386021751058,0.03169861360082937,0.12502976439479463,0.14650063514242243
14,OnlineFPCA-adagrad,0.1,6900,100,face,3,5,0.0977804660797119,6,2,0.20178324637493025,0.1129530237715248,0.16371610713282425,0.03461630808221207,0.11995928283161902,0.1423925800622826
14,OnlineFPCA-adagrad,0.1,7000,100,face,3,5,0.0974745750427246,6,2,0.12517304115615177,0.24123803600609806,0.34432876778101534,0.03657237229273931,0.11682530713285012,0.14060820107459535
14,OnlineFPCA-adagrad,0.1,7100,100,face,3,5,0.0988137722015381,6,2,0.1786611687903786,0.2069757540163238,0.2545153712758866,0.0373465835191194,0.1125567350235356,0.13767214126884186
14,OnlineFPCA-adagrad,0.1,7200,100,face,3,5,0.098278284072876,6,2,0.1405186733389913,0.1923142652879328,0.2099015318531018,0.03803457376738122,0.11043666446299484,0.1346150904285183
14,OnlineFPCA-adagrad,0.1,7300,100,face,3,5,0.0981302261352539,6,2,0.06252615948293354,0.07136003141213046,0.14384281861746376,0.0382890740157318,0.10799374579590325,0.13314307674449224
14,OnlineFPCA-adagrad,0.1,7400,100,face,3,5,0.0984702110290527,6,2,0.11275157712776497,0.12224442943695961,0.1584355002670289,0.03726337515809376,0.10611109702590955,0.13134805102345234
14,OnlineFPCA-adagrad,0.1,7500,100,face,3,5,0.0988774299621582,6,2,0.10867625324563968,0.16183093873260168,0.09303183599854165,0.03757845193200454,0.10557653360678154,0.12794967312587596
14,OnlineFPCA-adagrad,0.1,7600,100,face,3,5,0.100226879119873,6,2,0.10268214803181892,0.11248515063955242,0.18091429679226304,0.03624100171603308,0.1037343285511383,0.12269944450501433
14,OnlineFPCA-adagrad,0.1,7700,100,face,3,5,0.0992164611816406,6,2,0.09198909588665413,0.09769516727824629,0.2765191717088898,0.03513139528891892,0.10249403411254777,0.12008127140364877
14,OnlineFPCA-adagrad,0.1,7800,100,face,3,5,0.0997228622436523,6,2,0.11999202546345816,0.16619222598034158,0.19152212590999038,0.03399208389618398,0.09959656390495827,0.12004799570992263
14,OnlineFPCA-adagrad,0.1,7900,100,face,3,5,0.0988941192626953,6,2,0.13879054384459316,0.17330805422032972,0.19878493973703024,0.03164480841620593,0.09748570033210861,0.12061549952158196
14,OnlineFPCA-adagrad,0.1,8000,100,face,3,5,0.0997049808502197,6,2,0.1842161854393265,0.13059319055612065,0.21216333158889653,0.029914517467757626,0.09495775344821854,0.12026348024021033
14,OnlineFPCA-adagrad,0.1,8100,100,face,3,5,0.102084398269653,6,2,0.12187100819126968,0.11354821483170673,0.20374123586363296,0.02901687879308756,0.09395109237905797,0.11941213100857202
14,OnlineFPCA-adagrad,0.1,8200,100,face,3,5,0.10453462600708,6,2,0.09546616816512206,0.1698239336430875,0.09134025410633274,0.029778219504694142,0.0935981929453213,0.11653525741954493
14,OnlineFPCA-adagrad,0.1,8300,100,face,3,5,0.103140592575073,6,2,0.13552159927097937,0.15368137285586342,0.2002089789459669,0.031249830020594713,0.09379338130194713,0.11475646109129654
14,OnlineFPCA-adagrad,0.1,8400,100,face,3,5,0.106004476547241,6,2,0.09126849013856199,0.18968396044075073,0.24291293094556332,0.031183418148557903,0.09402053059359318,0.11388358988570144
14,OnlineFPCA-adagrad,0.1,8500,100,face,3,5,0.101420640945435,6,2,0.06972205380105559,0.10204234614743588,0.21316122766366674,0.03068593502174881,0.0930253869542243,0.1129297816779272
14,OnlineFPCA-adagrad,0.1,8600,100,face,3,5,0.104662179946899,6,2,0.10262443826832338,0.05246613940220805,0.30095550536556825,0.030609138619811335,0.09110976451000626,0.11333204498943279
14,OnlineFPCA-adagrad,0.1,8700,100,face,3,5,0.104522466659546,6,2,0.16952006052164717,0.16320888182406706,0.29807926272668867,0.029171715637932118,0.08746607068975636,0.11541053989224163
14,OnlineFPCA-adagrad,0.1,8800,100,face,3,5,0.103118419647217,6,2,0.12600463217748623,0.2262969858905092,0.40256417193290994,0.02826364991234331,0.08433003064655394,0.11866378581916445
14,OnlineFPCA-adagrad,0.1,8900,100,face,3,5,0.105802297592163,6,2,0.22515156265580766,0.16675402316594104,0.3147764506319601,0.027232358916498726,0.08258595038033664,0.12138867242461761
14,OnlineFPCA-adagrad,0.1,9000,100,face,3,5,0.10259222984314,6,2,0.15517245203008861,0.1212934868058481,0.3071617043391519,0.02729541122164511,0.07924504743895242,0.12413010513530276
14,OnlineFPCA-adagrad,0.1,9100,100,face,3,5,0.103559494018555,6,2,0.1626609375925174,0.15746714181286073,0.3208883503982598,0.027522569365490645,0.07791305735886958,0.1261577929820421
14,OnlineFPCA-adagrad,0.1,9200,100,face,3,5,0.100617408752441,6,2,0.17529787621778656,0.2010337224109211,0.3041910913845452,0.0267880354375083,0.07680965370394414,0.12789721392944348
14,OnlineFPCA-adagrad,0.1,9300,100,face,3,5,0.102822303771973,6,2,0.11900997259528028,0.2489089811380047,0.27361368407539643,0.025512139752401287,0.07752569133959668,0.1296348974129506
14,OnlineFPCA-adagrad,0.1,9400,100,face,3,5,0.10019063949585,6,2,0.11003142023692912,0.15038523142386734,0.22843900187231075,0.024405965188605133,0.07668897935022954,0.1303789530360798
14,OnlineFPCA-adagrad,0.1,9500,100,face,3,5,0.101184844970703,6,2,0.13127064271806393,0.1945212361399238,0.2572166010373631,0.024598529173267495,0.07695632761651602,0.1313602360477278
14,OnlineFPCA-adagrad,0.1,9600,100,face,3,5,0.101090669631958,6,2,0.12007304568576588,0.10949901999807271,0.20724154001072312,0.024599828395929838,0.07677852926811188,0.13206731046493483
14,OnlineFPCA-adagrad,0.1,9700,100,face,3,5,0.103781938552856,6,2,0.11665127272724954,0.09723854371947847,0.1495352047410462,0.024105204533844328,0.0773452866276534,0.13292056935267282
14,OnlineFPCA-adagrad,0.1,9800,100,face,3,5,0.101496934890747,6,2,0.0543908729312729,0.1534984005621246,0.17158520809723904,0.02391248357483754,0.07897195267315281,0.1333038915888475
14,OnlineFPCA-adagrad,0.1,9900,100,face,3,5,0.102081775665283,6,2,0.10224072298180797,0.17124094932868744,0.25405239840346994,0.023728737468574505,0.07995444790386681,0.13328944077305746
14,OnlineFPCA-adagrad,0.1,10000,100,face,3,5,0.103349208831787,6,2,0.12503815536721147,0.1551849685805135,0.28043499944628164,0.02390786156928618,0.08005912657867086,0.13377196351925924
14,OnlineFPCA-adagrad,0.1,10100,100,face,3,5,0.10100793838501,6,2,0.1228233375334943,0.08094989802653471,0.2083084562959493,0.024318640731941944,0.0794749826819179,0.1343123624915158
14,OnlineFPCA-adagrad,0.1,10200,100,face,3,5,0.101951599121094,6,2,0.1133769060792828,0.1518172462208548,0.19319324453299108,0.02444349819162417,0.07781620108177954,0.13334570080119545
14,OnlineFPCA-adagrad,0.1,10300,100,face,3,5,0.100999116897583,6,2,0.11213420968199897,0.1770250292521536,0.17227469083090677,0.02542289697660048,0.0763431233432659,0.1327320881332927
14,OnlineFPCA-adagrad,0.1,10400,100,face,3,5,0.104275703430176,6,2,0.1867518209021355,0.12007191769770252,0.17734967777833738,0.025970974275289282,0.07604147173906854,0.1327306856535634
14,OnlineFPCA-adagrad,0.1,10500,100,face,3,5,0.101747035980225,6,2,0.11614392356562236,0.13570851686113536,0.1644823595800496,0.026377524894694585,0.07663384258949699,0.13218786691046616
14,OnlineFPCA-adagrad,0.1,10600,100,face,3,5,0.10334849357605,6,2,0.13312395383020512,0.20106186005925406,0.20486605336606323,0.02609569595997731,0.0772924638416311,0.13246247300226802
14,OnlineFPCA-adagrad,0.1,10700,100,face,3,5,0.100700378417969,6,2,0.13395380910265242,0.14269063214266867,0.23939619756614305,0.02651071402812061,0.0779798686773643,0.13298552469839006
14,OnlineFPCA-adagrad,0.1,10800,100,face,3,5,0.103306770324707,6,2,0.10620440688033517,0.21086620033869843,0.177135167621527,0.02647281381365358,0.07906178958853341,0.13385488158326866
14,OnlineFPCA-adagrad,0.1,10900,100,face,3,5,0.100576877593994,6,2,0.11887018830418898,0.2122334131293064,0.2243063561005815,0.026192542547347052,0.07947883004043382,0.1341466723530525
14,OnlineFPCA-adagrad,0.1,11000,100,face,3,5,0.103523254394531,6,2,0.12745208878638972,0.18478813359257804,0.19971237579930584,0.02569205442556589,0.08078458553901251,0.13512190666715254
14,OnlineFPCA-adagrad,0.1,11100,100,face,3,5,0.101134300231934,6,2,0.11995566722621259,0.21010239056291155,0.15763953711974465,0.025827809361615703,0.08208707382634024,0.13494014340298072
14,OnlineFPCA-adagrad,0.1,11200,100,face,3,5,0.109431266784668,6,2,0.10312158540958033,0.22541650374522126,0.18510461625344038,0.02646109183637818,0.0835041480391608,0.13500296623713387
14,OnlineFPCA-adagrad,0.1,11300,100,face,3,5,0.103436708450317,6,2,0.12901685024840953,0.23852667174471212,0.13878790648297915,0.026816845262160927,0.0849122105176245,0.13475175162677758
14,OnlineFPCA-adagrad,0.1,11400,100,face,3,5,0.100661516189575,6,2,0.08961617400764824,0.18327665120454206,0.1584192684338845,0.026856963681421552,0.08557086462647512,0.1339051685468736
14,OnlineFPCA-adagrad,0.1,11500,100,face,3,5,0.103788375854492,6,2,0.13898210923946575,0.09722966394443659,0.19067892680190227,0.026616019453654813,0.08544727425269395,0.13246540645430246
14,OnlineFPCA-adagrad,0.1,11600,100,face,3,5,0.101541757583618,6,2,0.09191049115435428,0.1397599732736177,0.15262363268059187,0.026566881537777233,0.08479494048468182,0.13139652274879113
14,OnlineFPCA-adagrad,0.1,11700,100,face,3,5,0.103890657424927,6,2,0.1248171862531431,0.1395530361780595,0.12291992418931921,0.027160208749738932,0.08426952504551918,0.1304558341499516
14,OnlineFPCA-adagrad,0.1,11800,100,face,3,5,0.101494312286377,6,2,0.12047176847644304,0.1785067726764197,0.1373522480679225,0.027863457942223297,0.08375025116988104,0.12954624473388138
14,OnlineFPCA-adagrad,0.1,11900,100,face,3,5,0.104323148727417,6,2,0.16714545206424944,0.09893953232343031,0.1427291904658349,0.02882323695325312,0.0827212949138906,0.1288840032993597
14,OnlineFPCA-adagrad,0.1,12000,100,face,3,5,0.10167670249939,6,2,0.11189841453989395,0.1929766954033793,0.2779536769189519,0.02981616059762148,0.08225431715967403,0.12898019708924305
14,OnlineFPCA-adagrad,0.1,12100,100,face,3,5,0.103061676025391,6,2,0.13909861752850566,0.15875794914180322,0.1899440855114721,0.030179395618222277,0.08117323656769214,0.12876588499694075
14,OnlineFPCA-adagrad,0.1,12200,100,face,3,5,0.101378679275513,6,2,0.11989291249500637,0.1654332403764733,0.17351567572701015,0.030396460005614568,0.08064740119587291,0.1281918197783598
14,OnlineFPCA-adagrad,0.1,12300,100,face,3,5,0.103458881378174,6,2,0.05269082471203749,0.06274350230884111,0.13928217667525136,0.030404308727402726,0.0801166894232319,0.12795391314814727
14,OnlineFPCA-adagrad,0.1,12400,100,face,3,5,0.10139536857605,6,2,0.09349437328156135,0.10734372523426672,0.13921132389255325,0.0302076270214683,0.07975754631302177,0.12754663973576658
14,OnlineFPCA-adagrad,0.1,12500,100,face,3,5,0.104579210281372,6,2,0.1029191289939737,0.13473931560885136,0.09657622212015345,0.030589541955534004,0.07999441472242969,0.12660386374800342
14,OnlineFPCA-adagrad,0.1,12600,100,face,3,5,0.235463619232178,6,2,0.08782075632861205,0.1068952327093082,0.16245626689291104,0.030416061356432433,0.07969486357788527,0.12470730386484469
14,OnlineFPCA-adagrad,0.1,12700,100,face,3,5,0.099165678024292,6,2,0.07975701288457132,0.08417609513575301,0.22183411505411188,0.0301207255161363,0.07944174693755716,0.12367119970659547
14,OnlineFPCA-adagrad,0.1,12800,100,face,3,5,0.0982675552368164,6,2,0.0895927948136061,0.12227920154811547,0.16100674689421454,0.02970253091690129,0.07858124462934771,0.12348653337871227
14,OnlineFPCA-adagrad,0.1,12900,100,face,3,5,0.101464986801147,6,2,0.1123181485053703,0.14497259659679995,0.17562390453002497,0.028832165004875374,0.07794292051866566,0.12334966982581858
14,OnlineFPCA-adagrad,0.1,13000,100,face,3,5,0.100212097167969,6,2,0.15872002384276698,0.11572943980396734,0.18875786186116783,0.02796506850168823,0.07721650553443564,0.1228531032624843
14,OnlineFPCA-adagrad,0.1,13100,100,face,3,5,0.100327014923096,6,2,0.1128124099080922,0.10353840641872601,0.1908048962727322,0.027378647403087087,0.07698350817745328,0.12210217716015298
14,OnlineFPCA-adagrad,0.1,13200,100,face,3,5,0.0993888378143311,6,2,0.08373680161617102,0.15091562502791467,0.08595950944493935,0.027430601271003847,0.07702585533320772,0.12079468377645336
14,OnlineFPCA-adagrad,0.1,13300,100,face,3,5,0.100050687789917,6,2,0.11064460589044962,0.12829614956022184,0.16877936908330424,0.027949455070095826,0.07723312018836431,0.12008913532382065
14,OnlineFPCA-adagrad,0.1,13400,100,face,3,5,0.0991225242614746,6,2,0.07270160862281598,0.16091834013538214,0.20925819944917717,0.028066225123876208,0.07748697909114408,0.11990882408439564
14,OnlineFPCA-adagrad,0.1,13500,100,face,3,5,0.0995395183563232,6,2,0.06706325845099038,0.09673292807036257,0.1824436734576476,0.02805054986694222,0.07722025953839722,0.11955528923217532
14,OnlineFPCA-adagrad,0.1,13600,100,face,3,5,0.0992512702941895,6,2,0.083874061061319935,0.045160838265673874,0.26512970532172303,0.028033751411101055,0.07651916659413124,0.11987382042660667
14,OnlineFPCA-adagrad,0.1,13700,100,face,3,5,0.100549221038818,6,2,0.14673408757906417,0.1412494217343184,0.2704244845372356,0.0276535934822632,0.07504803647805312,0.1210402942490837
14,OnlineFPCA-adagrad,0.1,13800,100,face,3,5,0.0996878147125244,6,2,0.1182394921042162,0.19575192143957398,0.3684150238430553,0.027384300872100517,0.07374872286134804,0.1227560552288274
14,OnlineFPCA-adagrad,0.1,13900,100,face,3,5,0.10028862953186,6,2,0.20803788762209866,0.1400104387911246,0.29534719625651723,0.02701318715367795,0.07315269703186635,0.12433000324644643
14,OnlineFPCA-adagrad,0.1,14000,100,face,3,5,0.100311756134033,6,2,0.1473791447829816,0.1084657585547002,0.295267115307671,0.02710972863275161,0.07181462237318244,0.12584147987235456
14,OnlineFPCA-adagrad,0.1,14100,100,face,3,5,0.100187540054321,6,2,0.14471025950423813,0.13642894428123514,0.3053996520673551,0.027246044101292423,0.07133653786251043,0.12705557808973653
14,OnlineFPCA-adagrad,0.1,14200,100,face,3,5,0.0999987125396729,6,2,0.15544640226065976,0.1690719304763823,0.2889330294708455,0.02691541527911904,0.0709372915576827,0.12802212724680034
14,OnlineFPCA-adagrad,0.1,14300,100,face,3,5,0.100250482559204,6,2,0.10386968147123811,0.22236767444065392,0.26298791318173464,0.02625943871748743,0.07143851376929075,0.1289638791733189
14,OnlineFPCA-adagrad,0.1,14400,100,face,3,5,0.0999472141265869,6,2,0.09997724853191105,0.14569634858200112,0.21141021177906963,0.025664297777295383,0.07119986923516108,0.1294474229713727
14,OnlineFPCA-adagrad,0.1,14500,100,face,3,5,0.100072622299194,6,2,0.11173615183841448,0.182717048220977,0.24215355756805845,0.02562585904410873,0.07133459518465349,0.12994223295267263
14,OnlineFPCA-adagrad,0.1,14600,100,face,3,5,0.100717306137085,6,2,0.10177038477824667,0.10334115874837986,0.2102495009870297,0.025651961661018897,0.07121246194708974,0.13040790726166654
14,OnlineFPCA-adagrad,0.1,14700,100,face,3,5,0.0995354652404785,6,2,0.10604542386667408,0.10106070954788496,0.15928143996954144,0.025419565863017007,0.0714232061109284,0.13092714550992207
14,OnlineFPCA-adagrad,0.1,14800,100,face,3,5,0.0992913246154785,6,2,0.05177953830222653,0.14334294947199994,0.18243911440903984,0.02531282772031684,0.0722110412392688,0.13128514999866023
14,OnlineFPCA-adagrad,0.1,14900,100,face,3,5,0.0988523960113525,6,2,0.08785844012477564,0.16088153064676727,0.24187571412366732,0.02521555274102525,0.07274754184692779,0.13144441244645633
14,OnlineFPCA-adagrad,0.1,15000,100,face,3,5,0.0992641448974609,6,2,0.10226066654107946,0.14622918898035445,0.2599941449853529,0.025285316319787948,0.07286753786212974,0.13177494409816554
14,OnlineFPCA-adagrad,0.1,0,100,face,3,5,6.38382577896118,6,3,0.011488913551722588,0.12793891021275938,0.62316145541387,0.011488913551722588,0.12793891021275938,0.62316145541387
14,OnlineFPCA-adagrad,0.1,100,100,face,3,5,0.338751316070557,6,3,1.2830672991381653,1.6097337109536392,1.011047496201458,NA,NA,NA
14,OnlineFPCA-adagrad,0.1,200,100,face,3,5,0.340398788452148,6,3,0.4609134274323879,0.7677166542648235,0.8957530730427168,NA,NA,NA
14,OnlineFPCA-adagrad,0.1,300,100,face,3,5,0.335857152938843,6,3,0.5915272944676625,0.854935048652895,0.7218426274494791,NA,NA,NA
14,OnlineFPCA-adagrad,0.1,400,100,face,3,5,0.346220731735229,6,3,0.4532219270239689,0.5342773608300766,0.28848056990507126,NA,NA,NA
14,OnlineFPCA-adagrad,0.1,500,100,face,3,5,0.337247848510742,6,3,0.5099878396418402,0.4539652089780185,0.47747161449280207,NA,NA,NA
14,OnlineFPCA-adagrad,0.1,600,100,face,3,5,0.335598707199097,6,3,0.24924573679990714,0.4673077957761073,0.6322336781890353,NA,NA,NA
14,OnlineFPCA-adagrad,0.1,700,100,face,3,5,0.333379507064819,6,3,0.2366395492396769,0.46671717763129944,0.6303447646933672,NA,NA,NA
14,OnlineFPCA-adagrad,0.1,800,100,face,3,5,0.336020708084106,6,3,0.22208829073210803,0.46534270364452907,0.6267684979169414,NA,NA,NA
14,OnlineFPCA-adagrad,0.1,900,100,face,3,5,0.338070631027222,6,3,0.20869234682763838,0.4628984852577507,0.6233465959895391,NA,NA,NA
14,OnlineFPCA-adagrad,0.1,1000,100,face,3,5,0.336095333099365,6,3,0.19970545768442372,0.4592665463740166,0.6191102225645349,NA,NA,NA
14,OnlineFPCA-adagrad,0.1,1100,100,face,3,5,0.469621181488037,6,3,0.23767638916622852,0.2990764244125788,0.47144756009633443,0.11277959026414916,0.37358414219755387,0.5142148204795055
14,OnlineFPCA-adagrad,0.1,1200,100,face,3,5,0.468423366546631,6,3,0.16845527883308478,0.23004418282431588,0.28214388311509736,0.08986959239476969,0.2934461270863474,0.42882150756813103
14,OnlineFPCA-adagrad,0.1,1300,100,face,3,5,0.473524808883667,6,3,0.18127322401519946,0.22797337671037823,0.19669786122609795,0.08547873708087018,0.24476519992309947,0.33848823333691197
14,OnlineFPCA-adagrad,0.1,1400,100,face,3,5,0.46832013130188,6,3,0.1118675632886631,0.18247093146559965,0.15962318493475147,0.0783389928910929,0.21303318068621213,0.2930870865657794
14,OnlineFPCA-adagrad,0.1,1500,100,face,3,5,0.466121673583984,6,3,0.12555280109744868,0.15219709652736588,0.2850638058934221,0.07719575697625929,0.20547070420576252,0.2704927429794524
14,OnlineFPCA-adagrad,0.1,1600,100,face,3,5,0.471170902252197,6,3,0.13545603642015214,0.16335804752431513,0.2709495229529797,0.05782174334436277,0.19456646678902217,0.26495705520412693
14,OnlineFPCA-adagrad,0.1,1700,100,face,3,5,0.461509466171265,6,3,0.15984148531289905,0.13314706060523834,0.24318240079191808,0.04666220274295088,0.17765684372154716,0.2617944215324958
14,OnlineFPCA-adagrad,0.1,1800,100,face,3,5,0.464309215545654,6,3,0.19703635648466558,0.17182732755260693,0.2001677672077764,0.036444703293177394,0.15866113567911516,0.2523181557258479
14,OnlineFPCA-adagrad,0.1,1900,100,face,3,5,0.466308116912842,6,3,0.19463239746635091,0.13620692686306288,0.20978438051126244,0.04204835843216163,0.14564945907466248,0.24210129948495732
14,OnlineFPCA-adagrad,0.1,2000,100,face,3,5,0.596358299255371,6,3,0.14227911504543284,0.12134756329663544,0.2967266473458794,0.04766088161558976,0.13649397284397247,0.23460791233467704
14,OnlineFPCA-adagrad,0.1,2100,100,face,3,5,0.448602199554443,6,3,0.17226524856786118,0.19828586654004454,0.15639557403944537,0.048347425460974765,0.12728464792558553,0.224738292175399
14,OnlineFPCA-adagrad,0.1,2200,100,face,3,5,0.447620153427124,6,3,0.22633826679463817,0.15075249508620742,0.20153012942278895,0.045297528820526185,0.1248194935455793,0.21905382972348678
14,OnlineFPCA-adagrad,0.1,2300,100,face,3,5,0.44871187210083,6,3,0.10663995978951359,0.06766624975628568,0.24635131146280895,0.045691382446807725,0.11876913553729306,0.22414844743632242
14,OnlineFPCA-adagrad,0.1,2400,100,face,3,5,0.452305555343628,6,3,0.12631567767894672,0.061254021668341194,0.19729617896459975,0.04305474748164361,0.11330880932683693,0.2198916812478206
14,OnlineFPCA-adagrad,0.1,2500,100,face,3,5,0.454371213912964,6,3,0.11920738782331815,0.10792370463492226,0.18345241650572244,0.04235794192723126,0.1048510079659916,0.21457279898164783
14,OnlineFPCA-adagrad,0.1,2600,100,face,3,5,0.499953269958496,6,3,0.12490152719507396,0.13416992492473698,0.2958441358768825,0.03832613666202393,0.09563045282897843,0.2092642729366758
14,OnlineFPCA-adagrad,0.1,2700,100,face,3,5,0.501317024230957,6,3,0.08702271365589101,0.13728278554262718,0.2736803906004736,0.036795025526360194,0.09289294231348272,0.20965406729183048
14,OnlineFPCA-adagrad,0.1,2800,100,face,3,5,0.498481035232544,6,3,0.16212839660021147,0.1680045417112087,0.24109229303883925,0.03238477547943273,0.09115195768272472,0.21085800697941984
14,OnlineFPCA-adagrad,0.1,2900,100,face,3,5,0.501669883728027,6,3,0.177034141966686,0.20588777939712088,0.218011314752281,0.028081587029882712,0.09045705726464308,0.20956986769906977
14,OnlineFPCA-adagrad,0.1,3000,100,face,3,5,0.501745700836182,6,3,0.19776732841116235,0.14555497215900257,0.1762633561722882,0.024039270272677268,0.08893875772433824,0.20609966549983738
14,OnlineFPCA-adagrad,0.1,3100,100,face,3,5,0.508520841598511,6,3,0.12665229025304064,0.11925612560876565,0.3416706769278942,0.02299776277363963,0.08772499042371933,0.20791015220940412
14,OnlineFPCA-adagrad,0.1,3200,100,face,3,5,0.498305082321167,6,3,0.12092641337422579,0.18588857169805084,0.13267924501492084,0.02485664047933434,0.08553617922320993,0.2055089518901837
14,OnlineFPCA-adagrad,0.1,3300,100,face,3,5,0.493129730224609,6,3,0.1771522732262188,0.19485836704822784,0.24607107630079872,0.02792556139561037,0.08746089785982482,0.2028212036485452
14,OnlineFPCA-adagrad,0.1,3400,100,face,3,5,0.499424457550049,6,3,0.12024513496983849,0.21646362735561245,0.20292948107760989,0.027835512323128603,0.089014891746571,0.20051168575215586
14,OnlineFPCA-adagrad,0.1,3500,100,face,3,5,0.497108936309814,6,3,0.07218821026875334,0.10877094268096414,0.14878287925192707,0.028346607281059033,0.08824881835551676,0.1978368264540197
14,OnlineFPCA-adagrad,0.1,3600,100,face,3,5,0.497935771942139,6,3,0.10669270830681876,0.10655155712635317,0.3324867027110974,0.028436383155273,0.08439436140199015,0.2023261742016461
14,OnlineFPCA-adagrad,0.1,3700,100,face,3,5,0.501535654067993,6,3,0.18054606229583212,0.15031801801729366,0.3701905600480978,0.026778178695642894,0.08069628371343956,0.2017874334129169
14,OnlineFPCA-adagrad,0.1,3800,100,face,3,5,0.497471809387207,6,3,0.14277479410212424,0.24981079394495653,0.4608627910828004,0.02629227684490556,0.07666255799922292,0.2030763555220518
14,OnlineFPCA-adagrad,0.1,3900,100,face,3,5,0.494408845901489,6,3,0.2472057984459156,0.22451234417914323,0.3416358718922312,0.025887558851582268,0.07268047159190107,0.20379969859869757
14,OnlineFPCA-adagrad,0.1,4000,100,face,3,5,0.497763872146606,6,3,0.028129534156008693,0.06772176885628972,0.20527409825607162,0.028129534156008693,0.06772176885628972,0.20527409825607162
14,OnlineFPCA-adagrad,0.1,4100,100,face,3,5,0.493073463439941,6,3,0.1912553266603837,0.13015953479834536,0.25029434899052905,0.12055442758047678,0.1053540537799549,0.18778557470084617
14,OnlineFPCA-adagrad,0.1,4200,100,face,3,5,0.492434024810791,6,3,0.20450807262507625,0.2817112205010396,0.2840925142712221,0.10555707077064408,0.09686528322740028,0.2100900592921594
14,OnlineFPCA-adagrad,0.1,4300,100,face,3,5,0.490775585174561,6,3,0.1524455183000543,0.27237877722115567,0.23923581501477703,0.08692817748629016,0.14221270044623177,0.20867754566749644
14,OnlineFPCA-adagrad,0.1,4400,100,face,3,5,0.500795125961304,6,3,0.12817005259155448,0.13777243870868175,0.22289777151404946,0.06435111261479481,0.13222818974848813,0.19108486911548425
14,OnlineFPCA-adagrad,0.1,4500,100,face,3,5,0.496593713760376,6,3,0.16079413280672136,0.21504106767436548,0.27825340806772875,0.052813537816831166,0.14144597545092766,0.19305546031099682
14,OnlineFPCA-adagrad,0.1,4600,100,face,3,5,0.499637842178345,6,3,0.1422873744532994,0.15450831011333482,0.22266897884047807,0.034680132213353906,0.13683010911257906,0.18926918256786934
14,OnlineFPCA-adagrad,0.1,4700,100,face,3,5,0.497469663619995,6,3,0.13599826123333636,0.12773879113522893,0.17157617801446087,0.02440932044271421,0.13546199367529047,0.18421784975127203
14,OnlineFPCA-adagrad,0.1,4800,100,face,3,5,0.504591226577759,6,3,0.0625330361584751,0.1989424515706829,0.18567604721862022,0.019047381553190038,0.1418683355532874,0.17852141809167565
14,OnlineFPCA-adagrad,0.1,4900,100,face,3,5,0.495468139648438,6,3,0.13394428261894745,0.19636283281912195,0.3078625857346986,0.013966612266172919,0.14206649378164213,0.17282591215237153
14,OnlineFPCA-adagrad,0.1,5000,100,face,3,5,0.498932600021362,6,3,0.1769885602649611,0.179317180321047,0.3442409354039118,0.012625865558031258,0.1341338409437428,0.18107684919662928
14,OnlineFPCA-adagrad,0.1,5100,100,face,3,5,0.103487968444824,6,3,0.14218868984911961,0.13079370713634408,0.22624244007662767,0.016729298515118216,0.12607508363432518,0.18599224190185493
14,OnlineFPCA-adagrad,0.1,5200,100,face,3,5,0.099614143371582,6,3,0.12807045285712196,0.18233712091580245,0.21289518220498357,0.018287726151229734,0.11581157056950807,0.17677489377365718
14,OnlineFPCA-adagrad,0.1,5300,100,face,3,5,0.0988016128540039,6,3,0.12821919644110963,0.17758683721340457,0.17467616848936143,0.0263674922240707,0.10960621811310074,0.1724520467074381
14,OnlineFPCA-adagrad,0.1,5400,100,face,3,5,0.0994248390197754,6,3,0.21865005582806665,0.13642906947642203,0.19355815147041133,0.02831493583109759,0.10874635319098572,0.17197037526029038
14,OnlineFPCA-adagrad,0.1,5500,100,face,3,5,0.101629972457886,6,3,0.13425182118276327,0.16309363924481624,0.17931042040577444,0.02773508413261608,0.11074800313210502,0.17002484434408155
14,OnlineFPCA-adagrad,0.1,5600,100,face,3,5,0.0994765758514404,6,3,0.13751802013917674,0.2566949268514398,0.26203536877046923,0.02511262022742356,0.11168347928577965,0.1713052074280437
14,OnlineFPCA-adagrad,0.1,5700,100,face,3,5,0.0987687110900879,6,3,0.1530153289461262,0.17106024382769514,0.29830865589323685,0.027573379484319933,0.1133212913008978,0.1711876612335332
14,OnlineFPCA-adagrad,0.1,5800,100,face,3,5,0.10213565826416,6,3,0.12484272180200555,0.2525456688272918,0.2192157723486793,0.027104254651769067,0.11672329486483846,0.17367948844813394
14,OnlineFPCA-adagrad,0.1,5900,100,face,3,5,0.0982716083526611,6,3,0.145746905745982,0.24156393648017965,0.2534657237650112,0.025835755103442916,0.11836993781287042,0.17475412505788132
14,OnlineFPCA-adagrad,0.1,6000,100,face,3,5,0.0993349552154541,6,3,0.14438730182909115,0.1849219137838048,0.21103995431344996,0.025332120787456065,0.12172993907910291,0.17869055330752537
14,OnlineFPCA-adagrad,0.1,6100,100,face,3,5,0.0996668338775635,6,3,0.13916834406562587,0.23457806164380302,0.15912817719129066,0.027201958952174275,0.1237072756890967,0.175380055976694
14,OnlineFPCA-adagrad,0.1,6200,100,face,3,5,0.0989007949829102,6,3,0.11410165329555326,0.23658411405189836,0.1890863948408999,0.02947867282822417,0.1262430811329144,0.17175684246364503
14,OnlineFPCA-adagrad,0.1,6300,100,face,3,5,0.0986642837524414,6,3,0.14855213299905784,0.2647771358297044,0.14393395734800704,0.031121906662510107,0.12878895609911872,0.16885194207211254
14,OnlineFPCA-adagrad,0.1,6400,100,face,3,5,0.0985934734344482,6,3,0.1057230333328278,0.19137601669182666,0.18878818662949873,0.031161671335217498,0.1291939616004644,0.1643405337487306
14,OnlineFPCA-adagrad,0.1,6500,100,face,3,5,0.0991792678833008,6,3,0.16497360305711872,0.13797931113554857,0.234809536212307,0.029451863353107413,0.12617148477270684,0.1567619072014681
14,OnlineFPCA-adagrad,0.1,6600,100,face,3,5,0.100351810455322,6,3,0.11296207606788836,0.1915549194437248,0.17566863001008837,0.029277689149931715,0.12120618256737985,0.1512092179831376
14,OnlineFPCA-adagrad,0.1,6700,100,face,3,5,0.103407144546509,6,3,0.15903683217389458,0.18366378665608202,0.1414675106058067,0.031301180724608385,0.11700762957040835,0.1469784470841694
14,OnlineFPCA-adagrad,0.1,6800,100,face,3,5,0.0992810726165771,6,3,0.14914506005254,0.22461273775098853,0.16766170163915514,0.03336037251630656,0.11305120933363472,0.14247389431111843
14,OnlineFPCA-adagrad,0.1,6900,100,face,3,5,0.103693723678589,6,3,0.2010835653969693,0.11373469304870716,0.16695128525670846,0.03634735409351528,0.10856279445814873,0.13903482249789456
14,OnlineFPCA-adagrad,0.1,7000,100,face,3,5,0.100841045379639,6,3,0.12462448072671133,0.2377347286859045,0.33750762244926047,0.03839893604289585,0.1060721192563422,0.13802956744420591
14,OnlineFPCA-adagrad,0.1,7100,100,face,3,5,0.1012282371521,6,3,0.1750992739838912,0.2086540538514641,0.22948248113300485,0.039104825414249894,0.10212239970609996,0.13572179345250165
14,OnlineFPCA-adagrad,0.1,7200,100,face,3,5,0.101260423660278,6,3,0.14015689097891684,0.18815592696135092,0.18565737902739346,0.039787416323824196,0.10044714434561995,0.1331404924631325
14,OnlineFPCA-adagrad,0.1,7300,100,face,3,5,0.104292869567871,6,3,0.061794861434614226,0.06734083171405895,0.15325501429857205,0.04000726599561525,0.09830859675892763,0.13257574470398553
14,OnlineFPCA-adagrad,0.1,7400,100,face,3,5,0.101788997650146,6,3,0.11049685446464205,0.11447597549347933,0.16787111397105145,0.03896953430239847,0.09674092024306097,0.1316794409344439
14,OnlineFPCA-adagrad,0.1,7500,100,face,3,5,0.104910135269165,6,3,0.10850652737378517,0.14965806062118645,0.10715917967627041,0.03911344442914965,0.09641045569687852,0.1291213336087183
14,OnlineFPCA-adagrad,0.1,7600,100,face,3,5,0.1016526222229,6,3,0.10321300821273927,0.11015384545353302,0.19170721388906536,0.03757921452404066,0.09465773515604614,0.12418988352872833
14,OnlineFPCA-adagrad,0.1,7700,100,face,3,5,0.104016542434692,6,3,0.09166856744588678,0.0974556339012255,0.28221101428391754,0.036323061228132135,0.09353914104880558,0.12202807008636794
14,OnlineFPCA-adagrad,0.1,7800,100,face,3,5,0.10426926612854,6,3,0.1204568617684019,0.16610440938647617,0.19547167767285462,0.0350855081263774,0.09074631919418369,0.12236444010717829
14,OnlineFPCA-adagrad,0.1,7900,100,face,3,5,0.101067781448364,6,3,0.13928669617240433,0.17309170139225968,0.19970412650893452,0.03265309137449658,0.0887572248404074,0.12296347017513597
14,OnlineFPCA-adagrad,0.1,8000,100,face,3,5,0.104322195053101,6,3,0.18357495877862834,0.12898272041330147,0.20526645819207717,0.030844640036811165,0.08636603574449653,0.12258819395064305
14,OnlineFPCA-adagrad,0.1,8100,100,face,3,5,0.100638866424561,6,3,0.12139918553931704,0.11061107578472215,0.20809756792774228,0.029897650453746212,0.08555617067325122,0.12162477852011032
14,OnlineFPCA-adagrad,0.1,8200,100,face,3,5,0.233591318130493,6,3,0.09559124542378386,0.16665870199748506,0.08342870141850842,0.03064827624394061,0.08542630221935646,0.11875586766891748
14,OnlineFPCA-adagrad,0.1,8300,100,face,3,5,0.100968599319458,6,3,0.13687156514059184,0.14865502099076006,0.20505790782156333,0.03214723443579324,0.08578246331160937,0.11702552053631464
14,OnlineFPCA-adagrad,0.1,8400,100,face,3,5,0.103386163711548,6,3,0.0911361397346308,0.18580814339230098,0.23198194218023177,0.03211886036143737,0.08618474536082119,0.1163190043507748
14,OnlineFPCA-adagrad,0.1,8500,100,face,3,5,0.101434707641602,6,3,0.06936540702725838,0.10188657124937728,0.19176281716071117,0.03166921491000556,0.0853131530968524,0.11522876368724427
14,OnlineFPCA-adagrad,0.1,8600,100,face,3,5,0.104244709014893,6,3,0.09873237357812559,0.055359817573159026,0.295952699979467,0.03158643412200915,0.0835253328082391,0.11587849887345064
14,OnlineFPCA-adagrad,0.1,8700,100,face,3,5,0.101399660110474,6,3,0.16662607737372373,0.16218040940878928,0.3019093644605058,0.03009156942597354,0.07994968308392528,0.11827116350484627
14,OnlineFPCA-adagrad,0.1,8800,100,face,3,5,0.103633880615234,6,3,0.12610737459993318,0.2227525094192008,0.404991379044814,0.029051162934226736,0.07694083640735022,0.1219038449674276
14,OnlineFPCA-adagrad,0.1,8900,100,face,3,5,0.102093935012817,6,3,0.2245455202531733,0.16573037981039088,0.31467326816274815,0.0279615037142434,0.07543234082023363,0.1250545756929241
14,OnlineFPCA-adagrad,0.1,9000,100,face,3,5,0.104336738586426,6,3,0.15521923867956638,0.12080690616427228,0.3078731945878884,0.028026009865110002,0.07225516264485306,0.12807545843465387
14,OnlineFPCA-adagrad,0.1,9100,100,face,3,5,0.104642629623413,6,3,0.1622258493510633,0.1564872404751002,0.32087351729313096,0.028241414331730788,0.07114946976995692,0.13040080629986386
14,OnlineFPCA-adagrad,0.1,9200,100,face,3,5,0.101415395736694,6,3,0.17522093448146092,0.20165783735923715,0.30357363629255985,0.027547576736461462,0.070298188916563,0.13223418224684025
14,OnlineFPCA-adagrad,0.1,9300,100,face,3,5,0.104107141494751,6,3,0.11907845214459349,0.24729918493122768,0.2712614730817991,0.026308698833651847,0.07134569282785737,0.13406202595115072
14,OnlineFPCA-adagrad,0.1,9400,100,face,3,5,0.100996971130371,6,3,0.10974565046873921,0.145529547380417,0.22638600000987846,0.02521608513122008,0.07067666368950744,0.1349152776239123
14,OnlineFPCA-adagrad,0.1,9500,100,face,3,5,0.110471963882446,6,3,0.1309031648057397,0.1897615822927285,0.2544326013002115,0.02539570661138017,0.07110679805084057,0.13591793676782796
14,OnlineFPCA-adagrad,0.1,9600,100,face,3,5,0.101901769638062,6,3,0.11968097466598329,0.1048029323405649,0.20554247482483187,0.02533850917664617,0.07098304544313273,0.13671019675591042
14,OnlineFPCA-adagrad,0.1,9700,100,face,3,5,0.103834867477417,6,3,0.11666035427484746,0.09408760701656702,0.151014433640238,0.024823427773866355,0.07160714958970024,0.13750515763244606
14,OnlineFPCA-adagrad,0.1,9800,100,face,3,5,0.102213382720947,6,3,0.05447088784699924,0.15101219335386334,0.1733367733215104,0.024582123271664875,0.0733127559340516,0.13789259857486977
14,OnlineFPCA-adagrad,0.1,9900,100,face,3,5,0.103246688842773,6,3,0.10209008587397347,0.16752418091989496,0.25582933103805766,0.02438773858719346,0.074334548811994125,0.13789603451720966
14,OnlineFPCA-adagrad,0.1,10000,100,face,3,5,0.101960897445679,6,3,0.12555637285912788,0.1515752152478095,0.2811357561720389,0.024556559393908356,0.07440695928611143,0.1385243680892748
14,OnlineFPCA-adagrad,0.1,10100,100,face,3,5,0.103627681732178,6,3,0.12290675919295127,0.08026897260422763,0.20518489473536997,0.02495039734590192,0.07380944334291176,0.1391918704588023
14,OnlineFPCA-adagrad,0.1,10200,100,face,3,5,0.101824045181274,6,3,0.11342907219313274,0.15114359415474746,0.18881273068952978,0.02505485650442462,0.0721918007738839,0.1382293969035211
14,OnlineFPCA-adagrad,0.1,10300,100,face,3,5,0.100912094116211,6,3,0.11185274411352501,0.17354200863138297,0.1640233442870305,0.026013187000091587,0.07083642455508823,0.13762912621062576
14,OnlineFPCA-adagrad,0.1,10400,100,face,3,5,0.0991671085357666,6,3,0.18639070287609358,0.1162156297079536,0.17030716303621737,0.02654970699326949,0.07065910660772615,0.13763863074736946
14,OnlineFPCA-adagrad,0.1,10500,100,face,3,5,0.0990347862243652,6,3,0.11580922200398606,0.13447267771267798,0.15624982227519169,0.02695135932729119,0.07135746191048499,0.13713731632158024
14,OnlineFPCA-adagrad,0.1,10600,100,face,3,5,0.0995593070983887,6,3,0.13288729032030633,0.1995823728331374,0.20111607617430763,0.026677860778848376,0.07207332630715892,0.13733895031216728
14,OnlineFPCA-adagrad,0.1,10700,100,face,3,5,0.0988378524780273,6,3,0.1333915471644031,0.13873688097988407,0.2367579547910436,0.02711445813554249,0.0728149058378413,0.13768882779250427
14,OnlineFPCA-adagrad,0.1,10800,100,face,3,5,0.0988025665283203,6,3,0.10569544263556382,0.20648817209712939,0.17019354012418614,0.02707733216481247,0.0739159218188003,0.1383814893406929
14,OnlineFPCA-adagrad,0.1,10900,100,face,3,5,0.0992937088012695,6,3,0.1186296744297066,0.2095715965388505,0.22073000845145416,0.026798313960599576,0.07431678650104181,0.13856472087059707
14,OnlineFPCA-adagrad,0.1,11000,100,face,3,5,0.0987682342529297,6,3,0.12744929185453832,0.1807375845049321,0.19190817622220005,0.026299491001216164,0.07563584724311483,0.13945522211712746
14,OnlineFPCA-adagrad,0.1,11100,100,face,3,5,0.0994303226470947,6,3,0.11987119703614121,0.20339110830657012,0.1463620637836489,0.026408883240063293,0.07695680490821322,0.1391516739919379
14,OnlineFPCA-adagrad,0.1,11200,100,face,3,5,0.098780632019043,6,3,0.10318991827391305,0.21739659969509975,0.17844060527682892,0.02701011195315399,0.078354599864139,0.13909059732192638
14,OnlineFPCA-adagrad,0.1,11300,100,face,3,5,0.0998306274414062,6,3,0.1290018872471399,0.23409176198755344,0.13867712011285158,0.027351181871610043,0.07974692254236156,0.13878223162268252
14,OnlineFPCA-adagrad,0.1,11400,100,face,3,5,0.0991477966308594,6,3,0.09010973053211349,0.18100948991491791,0.16115632354507167,0.02737758699890571,0.08039896516707828,0.1379309386192527
14,OnlineFPCA-adagrad,0.1,11500,100,face,3,5,0.0995094776153564,6,3,0.13878753919736667,0.09675353383101702,0.18915643196908885,0.02711737824023969,0.0802956588486444,0.13651244875795732
14,OnlineFPCA-adagrad,0.1,11600,100,face,3,5,0.10056471824646,6,3,0.09158877635514676,0.13973283115948923,0.14836767291747013,0.02705169759069062,0.07965092776146525,0.13536905602238833
14,OnlineFPCA-adagrad,0.1,11700,100,face,3,5,0.0992388725280762,6,3,0.12431198419125306,0.13711632365935528,0.1233125185519365,0.02764282658063157,0.07917597011494086,0.1344099292601072
14,OnlineFPCA-adagrad,0.1,11800,100,face,3,5,0.0986294746398926,6,3,0.12056427298430945,0.17687264472552724,0.1311278630352713,0.028357577026895307,0.0787321990938074,0.13349191946426411
14,OnlineFPCA-adagrad,0.1,11900,100,face,3,5,0.0995509624481201,6,3,0.1669121668767443,0.09879240656537959,0.1435963728972863,0.029324378062785306,0.07779285636245323,0.13281653813696595
14,OnlineFPCA-adagrad,0.1,12000,100,face,3,5,0.0987265110015869,6,3,0.11152194835845972,0.19033200649912627,0.27308174037060057,0.03032492451916323,0.07741232498336605,0.13290541447518806
14,OnlineFPCA-adagrad,0.1,12100,100,face,3,5,0.0990374088287354,6,3,0.13705142973765919,0.15986565644128206,0.1746156474501229,0.03067635546352192,0.07638765490605985,0.13263992685029918
14,OnlineFPCA-adagrad,0.1,12200,100,face,3,5,0.0983593463897705,6,3,0.11941751154959732,0.16273971864739897,0.1635021666379229,0.030889313929461332,0.07593197433279153,0.13204556447571772
14,OnlineFPCA-adagrad,0.1,12300,100,face,3,5,0.099407434463501,6,3,0.052401076838160504,0.05960520653902689,0.14837581772328665,0.030896488549829293,0.07544246419213332,0.13190429589051056
14,OnlineFPCA-adagrad,0.1,12400,100,face,3,5,0.0994603633880615,6,3,0.09214659938889005,0.1026121914623874,0.149626600974206,0.03070087683336149,0.07512705335361217,0.13161260862957458
14,OnlineFPCA-adagrad,0.1,12500,100,face,3,5,0.0990190505981445,6,3,0.10261296206186188,0.12640087227732122,0.11004003322976427,0.031057086567925545,0.0753605497429955,0.13081549036408513
14,OnlineFPCA-adagrad,0.1,12600,100,face,3,5,0.0993702411651611,6,3,0.08814592677895484,0.10446329801636993,0.16899236542812207,0.03084712086631058,0.07504795915426547,0.12899780340230707
14,OnlineFPCA-adagrad,0.1,12700,100,face,3,5,0.102507352828979,6,3,0.07943262626483631,0.08389180666494497,0.2286166552327046,0.030524011222306444,0.07480686237084563,0.1280574479712543
14,OnlineFPCA-adagrad,0.1,12800,100,face,3,5,0.104796648025513,6,3,0.09014965942336178,0.123709933738328,0.16299752916318172,0.03008782154546176,0.07396847017939598,0.12795493369526958
14,OnlineFPCA-adagrad,0.1,12900,100,face,3,5,0.102490901947021,6,3,0.11260627574284103,0.14432069298329056,0.17679200079447807,0.029200867910147282,0.07335023826744383,0.12780406105072875
14,OnlineFPCA-adagrad,0.1,13000,100,face,3,5,0.105385780334473,6,3,0.15839202114093281,0.11459802763480272,0.18359879177699145,0.02832481204923531,0.07264468101865945,0.12729676414587057
14,OnlineFPCA-adagrad,0.1,13100,100,face,3,5,0.100963592529297,6,3,0.11246878777476406,0.10094422489321461,0.19315801239889946,0.02773459459646505,0.0724461845688592,0.12652871329160154
14,OnlineFPCA-adagrad,0.1,13200,100,face,3,5,0.104072570800781,6,3,0.08369560004400398,0.14805691447633934,0.08054876878663611,0.02778888315058642,0.07252718172532581,0.12522665997798263
14,OnlineFPCA-adagrad,0.1,13300,100,face,3,5,0.0997700691223145,6,3,0.11174293427910738,0.12413120860321229,0.17502019751404638,0.02831495715478294,0.0727626360172222,0.12450369509817018
14,OnlineFPCA-adagrad,0.1,13400,100,face,3,5,0.107542514801025,6,3,0.07269104953151398,0.1574377642447702,0.20334572461716063,0.028435491063815554,0.07304068052738193,0.124312330447583
14,OnlineFPCA-adagrad,0.1,13500,100,face,3,5,0.103625059127808,6,3,0.06676364298827854,0.09614598491538276,0.16905517774577594,0.028424945520742772,0.07279333833839229,0.12387508175264349
14,OnlineFPCA-adagrad,0.1,13600,100,face,3,5,0.104297876358032,6,3,0.08152679575362874,0.047129151530508895,0.2637440614871927,0.028406383954291892,0.07212048799178068,0.12421108374198925
14,OnlineFPCA-adagrad,0.1,13700,100,face,3,5,0.104026317596436,6,3,0.14444557982268003,0.1403447582971412,0.2736708222844026,0.028012220553153534,0.07067613609148145,0.12539169703103165
14,OnlineFPCA-adagrad,0.1,13800,100,face,3,5,0.102731227874756,6,3,0.1182127670768404,0.19298823395719528,0.37022013523140196,0.027712687514957337,0.0694146330575679,0.12712938193237072
14,OnlineFPCA-adagrad,0.1,13900,100,face,3,5,0.101289987564087,6,3,0.20738514492379304,0.1382467152655449,0.29507691913566947,0.027326164985615735,0.06887355975418369,0.12874661748563018
14,OnlineFPCA-adagrad,0.1,14000,100,face,3,5,0.100885391235352,6,3,0.14747330171820236,0.10739672317211542,0.2955632409972717,0.027418043995748317,0.06758206476570032,0.13027891164335206
14,OnlineFPCA-adagrad,0.1,14100,100,face,3,5,0.101879119873047,6,3,0.14434380421240675,0.13528949946028512,0.3048551607732823,0.027548036425301594,0.06714977015166174,0.1315380899382854
14,OnlineFPCA-adagrad,0.1,14200,100,face,3,5,0.101008892059326,6,3,0.15533382554243055,0.16955531156528186,0.28748306666820717,0.02722411091651905,0.06681272156853177,0.13249082419286853
14,OnlineFPCA-adagrad,0.1,14300,100,face,3,5,0.101826667785645,6,3,0.10397795348271203,0.2213311704140407,0.26040610229718136,0.026577190344489375,0.06740236278523268,0.13341887433781996
14,OnlineFPCA-adagrad,0.1,14400,100,face,3,5,0.101954698562622,6,3,0.09988142190660987,0.14185055969516888,0.21039227372831792,0.025989072013619028,0.0672157339873949,0.13390656825864172
14,OnlineFPCA-adagrad,0.1,14500,100,face,3,5,0.105366468429565,6,3,0.11144264515515967,0.17837546685268282,0.24011211174771846,0.025952146202803606,0.0674021782927886,0.13438494002561302
14,OnlineFPCA-adagrad,0.1,14600,100,face,3,5,0.10290002822876,6,3,0.10142369138054902,0.09837058798638008,0.2089289481498391,0.02596289437128002,0.06729471131029757,0.13487575859091822
14,OnlineFPCA-adagrad,0.1,14700,100,face,3,5,0.105416297912598,6,3,0.10600925461272917,0.09752956952045634,0.15966172068766898,0.02572256805508546,0.06751750401713182,0.13536709108812978
14,OnlineFPCA-adagrad,0.1,14800,100,face,3,5,0.103527784347534,6,3,0.05175336753264161,0.14073590844889933,0.18299019276185502,0.025602911586296635,0.06832449069281292,0.1357244670925892
14,OnlineFPCA-adagrad,0.1,14900,100,face,3,5,0.106518268585205,6,3,0.08767625018750859,0.15709447952169822,0.2429447604450339,0.025500838286565658,0.0688657975207563,0.13588913041830045
14,OnlineFPCA-adagrad,0.1,15000,100,face,3,5,0.106555938720703,6,3,0.10276762150445082,0.1421462361667308,0.2610715303977799,0.025566743942635535,0.0689622195903785,0.13628646517701098
14,OnlineFPCA-adagrad,0.1,0,100,face,3,5,6.38382577896118,8,1,0.011488913551722588,0.12793891021275938,0.62316145541387,0.011488913551722588,0.12793891021275938,0.62316145541387
14,OnlineFPCA-adagrad,0.1,100,100,face,3,5,0.445854187011719,8,1,0.25103715335968374,0.21983692647915468,0.5648679947139906,NA,NA,NA
14,OnlineFPCA-adagrad,0.1,200,100,face,3,5,0.452945947647095,8,1,0.4706776287538824,0.49012309440309143,1.3230988009586442,NA,NA,NA
14,OnlineFPCA-adagrad,0.1,300,100,face,3,5,0.452141523361206,8,1,0.7217514088924682,0.6585842445544718,0.29183179633623113,NA,NA,NA
14,OnlineFPCA-adagrad,0.1,400,100,face,3,5,0.446738243103027,8,1,0.41359111200649307,0.31907805708662784,0.29467614240956724,NA,NA,NA
14,OnlineFPCA-adagrad,0.1,500,100,face,3,5,0.448120832443237,8,1,0.8182120857075292,0.7458763012027766,0.5441307212905342,NA,NA,NA
14,OnlineFPCA-adagrad,0.1,600,100,face,3,5,0.449122667312622,8,1,0.7620388613439726,0.7509217565644365,0.5007044515692812,NA,NA,NA
14,OnlineFPCA-adagrad,0.1,700,100,face,3,5,0.451141119003296,8,1,0.7415893167249359,0.7482493003825934,0.49762193157799134,NA,NA,NA
14,OnlineFPCA-adagrad,0.1,800,100,face,3,5,0.439380168914795,8,1,0.7174698267365666,0.7460726376869684,0.49316665415986827,NA,NA,NA
14,OnlineFPCA-adagrad,0.1,900,100,face,3,5,0.440472602844238,8,1,0.699436813973713,0.7421414888538683,0.4879336144637072,NA,NA,NA
14,OnlineFPCA-adagrad,0.1,1000,100,face,3,5,0.438299179077148,8,1,0.6863759065844631,0.7403219988958614,0.48181670055533266,NA,NA,NA
14,OnlineFPCA-adagrad,0.1,1100,100,face,3,5,0.611848831176758,8,1,0.2644963735503034,0.4642955596450467,0.4142777747128666,0.266606690602729,0.5786501004386104,0.42415627496958924
14,OnlineFPCA-adagrad,0.1,1200,100,face,3,5,0.616888284683228,8,1,0.495759812397087,0.3978087020413192,0.3758960235299839,0.1277420986417477,0.44512588188619995,0.4144496111635301
14,OnlineFPCA-adagrad,0.1,1300,100,face,3,5,0.749598741531372,8,1,0.18378117671252017,0.3862196701750175,0.3463052819737901,0.07469579259146865,0.3883510742949697,0.3911150987967436
14,OnlineFPCA-adagrad,0.1,1400,100,face,3,5,0.612582683563232,8,1,0.1158040865616848,0.3250737385201591,0.30540659836353734,0.06476170558080603,0.36233257380442374,0.37767465246168347
14,OnlineFPCA-adagrad,0.1,1500,100,face,3,5,0.612192392349243,8,1,0.1217832096663396,0.27232912877962073,0.3732748994317047,0.06774629556947309,0.34871434487040154,0.3648542302875242
14,OnlineFPCA-adagrad,0.1,1600,100,face,3,5,0.607653379440308,8,1,0.12807036120353513,0.27396561002267344,0.35023659820258746,0.05211743538270425,0.33905250746603677,0.3620568490618983
14,OnlineFPCA-adagrad,0.1,1700,100,face,3,5,0.609911918640137,8,1,0.16146213560996292,0.2567967924653222,0.33067491052419923,0.04219070748487376,0.32354653213287,0.35902604540469
14,OnlineFPCA-adagrad,0.1,1800,100,face,3,5,0.609639406204224,8,1,0.2023778776896204,0.25867851668887015,0.28600277312674394,0.03212814068572622,0.3093366921984243,0.35167037761466163
14,OnlineFPCA-adagrad,0.1,1900,100,face,3,5,0.615324735641479,8,1,0.1953336927361832,0.2341431417116139,0.27749341602966904,0.038009342005931826,0.29727551125702156,0.34337577110471
14,OnlineFPCA-adagrad,0.1,2000,100,face,3,5,0.607512235641479,8,1,0.1490741332578424,0.20486536238293246,0.3310343521365378,0.04485882987353516,0.286752961328551,0.33746439117667454
14,OnlineFPCA-adagrad,0.1,2100,100,face,3,5,0.599875211715698,8,1,0.14333643061470833,0.22665088354076102,0.2424942774822658,0.043899496069909026,0.2762711961394154,0.3284550320035474
14,OnlineFPCA-adagrad,0.1,2200,100,face,3,5,0.609400033950806,8,1,0.21952558407388104,0.21628076423178513,0.2586850374457305,0.04071524566353482,0.26907768940821475,0.32082028614867236
14,OnlineFPCA-adagrad,0.1,2300,100,face,3,5,0.605551719665527,8,1,0.09854021300482226,0.14822763327481014,0.26943047914501494,0.0411585118357458,0.2596869394329669,0.31685849277960043
14,OnlineFPCA-adagrad,0.1,2400,100,face,3,5,0.610369443893433,8,1,0.11975763753044684,0.12823938535621845,0.22320036392038176,0.03949747855382645,0.25086132872671923,0.30906108276926886
14,OnlineFPCA-adagrad,0.1,2500,100,face,3,5,0.60732102394104,8,1,0.11781767076753699,0.14875278683191198,0.2139197150411603,0.03985367700555717,0.240381863781765,0.3005518513137394
14,OnlineFPCA-adagrad,0.1,2600,100,face,3,5,0.660451412200928,8,1,0.12457383851423065,0.18115173628637982,0.32814313594017386,0.03610377757131114,0.23003178412489453,0.29302171689914186
14,OnlineFPCA-adagrad,0.1,2700,100,face,3,5,0.662172317504883,8,1,0.07667839261969654,0.1906670057042633,0.3048784808852187,0.03448114372119399,0.2244885662890641,0.28950410749863015
14,OnlineFPCA-adagrad,0.1,2800,100,face,3,5,0.661081314086914,8,1,0.1584254946583889,0.19578796277537486,0.2628623700665018,0.029813720277260626,0.22027368175152104,0.2874562968960101
14,OnlineFPCA-adagrad,0.1,2900,100,face,3,5,0.668550252914429,8,1,0.17685226768863901,0.20533191601173756,0.24494654190250736,0.0256640121381311,0.21616310964647126,0.2843840286515568
14,OnlineFPCA-adagrad,0.1,3000,100,face,3,5,0.664941787719727,8,1,0.1788767137808093,0.19147280822416024,0.21187749554301388,0.022459906087129895,0.2114247680831388,0.27921562103639574
14,OnlineFPCA-adagrad,0.1,3100,100,face,3,5,0.663211584091187,8,1,0.11868837242257348,0.15600784502916049,0.3529880010430359,0.0225646127322082,0.20699689227905127,0.2784298366615654
14,OnlineFPCA-adagrad,0.1,3200,100,face,3,5,0.668469905853271,8,1,0.11284061513143152,0.1905807394649935,0.17746931486491094,0.02449317946456921,0.20154372092551362,0.27369948584816417
14,OnlineFPCA-adagrad,0.1,3300,100,face,3,5,0.665988922119141,8,1,0.17016510522633577,0.21201658082119595,0.271725622491741,0.027277568923005036,0.19953552795250123,0.2704823396342366
14,OnlineFPCA-adagrad,0.1,3400,100,face,3,5,0.665998935699463,8,1,0.1170680251219606,0.1823639594478566,0.21806110114588717,0.027177487031215884,0.1965119279772778,0.26731743471650077
14,OnlineFPCA-adagrad,0.1,3500,100,face,3,5,0.676248788833618,8,1,0.07051771959807758,0.10776469055638392,0.19137170670714193,0.027791774866151447,0.191965564066967,0.2638478006895374
14,OnlineFPCA-adagrad,0.1,3600,100,face,3,5,0.66275954246521,8,1,0.10133230692410687,0.11033773235443903,0.31976331698822924,0.02795737263607443,0.18499775937598556,0.2623095945609225
14,OnlineFPCA-adagrad,0.1,3700,100,face,3,5,0.665483474731445,8,1,0.17432608891128415,0.13229958134418324,0.36730263038189565,0.02701483540005116,0.1781702232375526,0.2589519889990409
14,OnlineFPCA-adagrad,0.1,3800,100,face,3,5,0.672590970993042,8,1,0.1423933436486493,0.22964744021979988,0.45370673807334566,0.026801258089327498,0.17063198623215736,0.2566406662962963
14,OnlineFPCA-adagrad,0.1,3900,100,face,3,5,0.659007549285889,8,1,0.235097187132079,0.21081023659639275,0.32166591084125745,0.026321511263284286,0.1623801060803946,0.2530327488607032
14,OnlineFPCA-adagrad,0.1,4000,100,face,3,5,0.671968698501587,8,1,0.027953138747066696,0.15485904376141946,0.25078692506737466,0.027953138747066696,0.15485904376141946,0.25078692506737466
14,OnlineFPCA-adagrad,0.1,4100,100,face,3,5,0.665748357772827,8,1,0.18337056545820932,0.1519565909486274,0.2705058251647345,0.11717860883083095,0.15106743739897613,0.22420795240542993
14,OnlineFPCA-adagrad,0.1,4200,100,face,3,5,0.663976430892944,8,1,0.19779283789940302,0.299843766550947,0.2872269399575928,0.10059328464100442,0.14223275783670902,0.2389512440481541
14,OnlineFPCA-adagrad,0.1,4300,100,face,3,5,0.668356657028198,8,1,0.1476245086276463,0.25960791230146274,0.2250971309432705,0.08307832415142566,0.1627899563039506,0.2286491804089461
14,OnlineFPCA-adagrad,0.1,4400,100,face,3,5,0.660845041275024,8,1,0.12121550950591092,0.13823668260635988,0.21052434959467006,0.061314600746711787,0.15063926931277594,0.21147144515546468
14,OnlineFPCA-adagrad,0.1,4500,100,face,3,5,0.659719228744507,8,1,0.16004542820293535,0.21003489123022412,0.2709938553984484,0.04894088901352046,0.1569292130984567,0.20792400562945065
14,OnlineFPCA-adagrad,0.1,4600,100,face,3,5,0.655896663665771,8,1,0.1384645641577958,0.16065127872739318,0.24129867402221206,0.03204365869727287,0.15128467206828547,0.20554540634971186
14,OnlineFPCA-adagrad,0.1,4700,100,face,3,5,0.652223348617554,8,1,0.13456944087199238,0.14562712260483268,0.19715474432898908,0.022596069359221153,0.15018502954742005,0.20455873906142721
14,OnlineFPCA-adagrad,0.1,4800,100,face,3,5,0.660761117935181,8,1,0.06388205361675418,0.20283586355617994,0.2014525914787046,0.017968293800102786,0.15550952623056188,0.20157833492203622
14,OnlineFPCA-adagrad,0.1,4900,100,face,3,5,0.665457725524902,8,1,0.13268141002136713,0.1859303241404565,0.3244034640107555,0.01273711580330252,0.1545653691583291,0.1982138522790738
14,OnlineFPCA-adagrad,0.1,5000,100,face,3,5,0.681184530258179,8,1,0.17818936100623928,0.17928483082406702,0.3419929476935793,0.01166748412847219,0.14748886212861792,0.2061437129584573
14,OnlineFPCA-adagrad,0.1,5100,100,face,3,5,0.104139089584351,8,1,0.1375775922000621,0.13795456502206468,0.19456453945646598,0.015858468565702805,0.1406344465989951,0.20980388923630144
14,OnlineFPCA-adagrad,0.1,5200,100,face,3,5,0.0992317199707031,8,1,0.1280952455337089,0.17396409451380837,0.1767974856416523,0.01750004680203047,0.13340567720375693,0.2002853671951118
14,OnlineFPCA-adagrad,0.1,5300,100,face,3,5,0.102572202682495,8,1,0.12317753739417474,0.16064905112546382,0.13237215797879878,0.025776129683672197,0.13084078020391202,0.19524327460751625
14,OnlineFPCA-adagrad,0.1,5400,100,face,3,5,0.105309247970581,8,1,0.21417733416336154,0.1315655562114022,0.17812381252144402,0.027855244397179024,0.12941655381898828,0.19271710081350021
14,OnlineFPCA-adagrad,0.1,5500,100,face,3,5,0.0993123054504395,8,1,0.1294627828810605,0.15390005930905465,0.14462811634514666,0.027413004579246357,0.12957961881593663,0.18897264396868566
14,OnlineFPCA-adagrad,0.1,5600,100,face,3,5,0.104899168014526,8,1,0.13578722420568456,0.24068383171936136,0.25019847698760433,0.02466167164220119,0.12865092662495153,0.18883088391046637
14,OnlineFPCA-adagrad,0.1,5700,100,face,3,5,0.101556301116943,8,1,0.14954478253618556,0.14416581374023912,0.28320294767813664,0.0267401495933296,0.12832394770588756,0.1886741593212491
14,OnlineFPCA-adagrad,0.1,5800,100,face,3,5,0.0983431339263916,8,1,0.12149523207590082,0.22672031540405813,0.19306216501485995,0.026176456511305325,0.12957050264237094,0.1905819754816424
14,OnlineFPCA-adagrad,0.1,5900,100,face,3,5,0.102161645889282,8,1,0.14356581682859845,0.22928218734267491,0.24958915499782688,0.025003140361556292,0.13029706156338897,0.19120876173760146
14,OnlineFPCA-adagrad,0.1,6000,100,face,3,5,0.100076913833618,8,1,0.14165599637349457,0.16384827902033658,0.19332521379789747,0.02444495993335486,0.13144433807675046,0.19357428071583443
14,OnlineFPCA-adagrad,0.1,6100,100,face,3,5,0.240680694580078,8,1,0.13882365363601804,0.2004490835645893,0.1301163874931977,0.026426433375424614,0.13114939445902146,0.18891428258297405
14,OnlineFPCA-adagrad,0.1,6200,100,face,3,5,0.103547334671021,8,1,0.1141189103930533,0.186045872617928,0.16914531968384852,0.028786489267879477,0.13108755002410047,0.18512336593733175
14,OnlineFPCA-adagrad,0.1,6300,100,face,3,5,0.0984327793121338,8,1,0.14889877759406428,0.2533488222274537,0.13726874614422782,0.030495736695291653,0.1316217804441848,0.1817640620806131
14,OnlineFPCA-adagrad,0.1,6400,100,face,3,5,0.106028318405151,8,1,0.10461568742330937,0.18530837492824564,0.1691633306543535,0.03053583186428748,0.13176604191023608,0.17752331140284072
14,OnlineFPCA-adagrad,0.1,6500,100,face,3,5,0.10516881942749,8,1,0.16146417142980318,0.14061413065183861,0.21119033799755155,0.02881403829447445,0.12835639442798874,0.1708079637414895
14,OnlineFPCA-adagrad,0.1,6600,100,face,3,5,0.0988798141479492,8,1,0.1108185785957885,0.18532368768183108,0.1447674719373705,0.028662907500609087,0.1236466397948707,0.16582367756517385
14,OnlineFPCA-adagrad,0.1,6700,100,face,3,5,0.104040622711182,8,1,0.15333818943529678,0.16337269808795704,0.15733038881922726,0.03057268748143117,0.11907666489993254,0.16262319639266234
14,OnlineFPCA-adagrad,0.1,6800,100,face,3,5,0.103697776794434,8,1,0.14971815369453054,0.209868031978023,0.14499077554736187,0.03238680659698977,0.11427653411530275,0.15888634390015852
14,OnlineFPCA-adagrad,0.1,6900,100,face,3,5,0.102551937103271,8,1,0.19698391743638866,0.1132573521829396,0.18911349093798896,0.035380179945299045,0.10962054787499706,0.1559990695848415
14,OnlineFPCA-adagrad,0.1,7000,100,face,3,5,0.104927539825439,8,1,0.12228181588316112,0.21306758376838805,0.3277152137930085,0.03743611725490847,0.10609227513635343,0.15511423594746507
14,OnlineFPCA-adagrad,0.1,7100,100,face,3,5,0.0989899635314941,8,1,0.1598629959553126,0.20821883804712077,0.16628701182289604,0.03799112758466077,0.10184973400322406,0.1531628523329721
14,OnlineFPCA-adagrad,0.1,7200,100,face,3,5,0.104592084884644,8,1,0.13915868389452413,0.16884109001253336,0.17226794666565387,0.03841937427520552,0.09997303416229843,0.15129084055738598
14,OnlineFPCA-adagrad,0.1,7300,100,face,3,5,0.104234933853149,8,1,0.06214327518151467,0.060215547917413986,0.22403543553751432,0.038596706850005755,0.09728530385609954,0.1521885198736945
14,OnlineFPCA-adagrad,0.1,7400,100,face,3,5,0.099318265914917,8,1,0.10820024350946171,0.09612295123531688,0.20739907909016836,0.037662783842346066,0.09519037512607202,0.15224245626264388
14,OnlineFPCA-adagrad,0.1,7500,100,face,3,5,0.10641622543335,8,1,0.10699388272866513,0.12219709181154653,0.15004963420109144,0.037929132879059343,0.09349573611185323,0.1506169767446379
14,OnlineFPCA-adagrad,0.1,7600,100,face,3,5,0.10229229927063,8,1,0.10160352069897197,0.10391085835725017,0.21963556917062116,0.0364537574099785,0.09075544794707638,0.14624000999516243
14,OnlineFPCA-adagrad,0.1,7700,100,face,3,5,0.102285861968994,8,1,0.08948821439565945,0.0928797788705361,0.27867235516520117,0.035225248583678544,0.0893610929291937,0.14498471250216874
14,OnlineFPCA-adagrad,0.1,7800,100,face,3,5,0.104799509048462,8,1,0.12187538170810117,0.15996695193330634,0.21389170450504144,0.03393260127618914,0.08707226531123978,0.14543807676730364
14,OnlineFPCA-adagrad,0.1,7900,100,face,3,5,0.100107669830322,8,1,0.1413594013478029,0.1713578160110526,0.2001823997144186,0.03150293257367632,0.08537897419510425,0.1455037794416316
14,OnlineFPCA-adagrad,0.1,8000,100,face,3,5,0.105499505996704,8,1,0.1779558460114436,0.12058477140627787,0.17431706675566028,0.02976435361747428,0.08321609769194857,0.14473724378088149
14,OnlineFPCA-adagrad,0.1,8100,100,face,3,5,0.103827238082886,8,1,0.11857755935025806,0.09462196319841389,0.25241221333315383,0.028830817751331204,0.0823744730053163,0.14412969793285102
14,OnlineFPCA-adagrad,0.1,8200,100,face,3,5,0.0995564460754395,8,1,0.09458969763037295,0.14990484308714952,0.09889602953837895,0.029586221618408758,0.0818766213287837,0.14209906902112612
14,OnlineFPCA-adagrad,0.1,8300,100,face,3,5,0.102532148361206,8,1,0.14156321977293215,0.1329784125242485,0.2185901410571521,0.031198047215324314,0.08215682185660542,0.14114285447292202
14,OnlineFPCA-adagrad,0.1,8400,100,face,3,5,0.102710008621216,8,1,0.09066134193191,0.16866233973442513,0.18911279121503438,0.031240221730214946,0.08235853482049099,0.14097354363625633
14,OnlineFPCA-adagrad,0.1,8500,100,face,3,5,0.100590467453003,8,1,0.06807675875526957,0.09975560104663897,0.1316583737257056,0.030855357150292043,0.08143108058026553,0.14003538788020295
14,OnlineFPCA-adagrad,0.1,8600,100,face,3,5,0.104799747467041,8,1,0.08718159254784304,0.06661826716474921,0.2936381011493349,0.030802795864260504,0.0796506419920495,0.1413458053577729
14,OnlineFPCA-adagrad,0.1,8700,100,face,3,5,0.100044012069702,8,1,0.1560583886729142,0.14294439897671118,0.3227633446761511,0.02951782847994535,0.07652726930954111,0.14358062846580383
14,OnlineFPCA-adagrad,0.1,8800,100,face,3,5,0.105679750442505,8,1,0.1264332913445113,0.20435015238008178,0.41342152786970005,0.028586082144275694,0.07378982518579535,0.14673429714179823
14,OnlineFPCA-adagrad,0.1,8900,100,face,3,5,0.103645801544189,8,1,0.2180292939984827,0.15316939390080905,0.31210913981783206,0.027547031648749665,0.07194529935031503,0.1493480174546225
14,OnlineFPCA-adagrad,0.1,9000,100,face,3,5,0.0995113849639893,8,1,0.15331554180148474,0.11344986663352105,0.3020490852435842,0.02759488306168666,0.06892630294530525,0.1517751767253443
14,OnlineFPCA-adagrad,0.1,9100,100,face,3,5,0.103646039962769,8,1,0.1595782101276432,0.15295504896308462,0.3178165781714503,0.02775607801788101,0.06737761454362955,0.15346589421957438
14,OnlineFPCA-adagrad,0.1,9200,100,face,3,5,0.102156400680542,8,1,0.17439165640843274,0.2017152217417627,0.30292779563287875,0.026992318881574964,0.06622246300100376,0.15457343290070485
14,OnlineFPCA-adagrad,0.1,9300,100,face,3,5,0.101617813110352,8,1,0.1188216047346914,0.2355246774478719,0.26159500747572667,0.02571506305709799,0.06676215400513635,0.1557415442547795
14,OnlineFPCA-adagrad,0.1,9400,100,face,3,5,0.102503061294556,8,1,0.10701134685544145,0.11742854110085042,0.21100361562128397,0.024677296499190073,0.06594402486434545,0.15616180249283704
14,OnlineFPCA-adagrad,0.1,9500,100,face,3,5,0.0986397266387939,8,1,0.12898060719515309,0.16507203331853892,0.24197619239438936,0.0249215453181547,0.06628898704845808,0.15658575500379557
14,OnlineFPCA-adagrad,0.1,9600,100,face,3,5,0.10412073135376,8,1,0.11758983457887139,0.08029872976311037,0.1983393517664311,0.02487532016413207,0.06586185895604406,0.15718690385157896
14,OnlineFPCA-adagrad,0.1,9700,100,face,3,5,0.10248589515686,8,1,0.11656341599161653,0.08220573470913768,0.1616305514616104,0.02438303336568419,0.06615397850086527,0.15764461318507486
14,OnlineFPCA-adagrad,0.1,9800,100,face,3,5,0.0992588996887207,8,1,0.05491988515167315,0.13732777734566057,0.18157057143721167,0.024175963822911973,0.0675498016694967,0.15794216771633776
14,OnlineFPCA-adagrad,0.1,9900,100,face,3,5,0.102108478546143,8,1,0.10142827814403334,0.14737113183218561,0.2647884713179727,0.023982916188517223,0.06827778226801923,0.15792896871711598
14,OnlineFPCA-adagrad,0.1,10000,100,face,3,5,0.10350775718689,8,1,0.1278124308640568,0.13563361416094838,0.2803474827551687,0.024162872935094983,0.06801293106438963,0.158848942664022
14,OnlineFPCA-adagrad,0.1,10100,100,face,3,5,0.0980238914489746,8,1,0.12183791911288012,0.07951073847152662,0.18394761670911716,0.024525988832420957,0.06727840362150372,0.1595904497077945
14,OnlineFPCA-adagrad,0.1,10200,100,face,3,5,0.110377311706543,8,1,0.11392724505400209,0.14244607200221418,0.16464554849438373,0.024621297262912376,0.06602534831186074,0.15854788466853584
14,OnlineFPCA-adagrad,0.1,10300,100,face,3,5,0.10014820098877,8,1,0.10931400488491429,0.15039769992331264,0.1295109679478321,0.02557547901284466,0.06546850973965868,0.15792083355224493
14,OnlineFPCA-adagrad,0.1,10400,100,face,3,5,0.102501392364502,8,1,0.18360784397523544,0.09775106769271136,0.14765370541423625,0.026148301957265425,0.065603420575077,0.15776450309554038
14,OnlineFPCA-adagrad,0.1,10500,100,face,3,5,0.105858325958252,8,1,0.11327628060504588,0.12593162407629105,0.12206282795632407,0.026569964795209188,0.06631355900978492,0.15716636627852618
14,OnlineFPCA-adagrad,0.1,10600,100,face,3,5,0.101979732513428,8,1,0.13097603252845277,0.18720509955255912,0.19057793690625818,0.026299118715498393,0.06687293529008052,0.15707079989820155
14,OnlineFPCA-adagrad,0.1,10700,100,face,3,5,0.10331392288208,8,1,0.1305184587170582,0.11437954549471115,0.2308338297367165,0.02668362252076488,0.06741440201544417,0.1570610154497127
14,OnlineFPCA-adagrad,0.1,10800,100,face,3,5,0.103874206542969,8,1,0.10256078487767004,0.1812146625361242,0.15691778370385792,0.02661257693429379,0.06824001641092647,0.15743330264903757
14,OnlineFPCA-adagrad,0.1,10900,100,face,3,5,0.0989887714385986,8,1,0.11707037512918707,0.19427010818267026,0.21756655025342914,0.02633820096528457,0.06854914472462732,0.15751029550479964
14,OnlineFPCA-adagrad,0.1,11000,100,face,3,5,0.104899168014526,8,1,0.1255512183186308,0.15756290208549736,0.17637945199312052,0.025828066372721455,0.06949914299041553,0.15817038577019724
14,OnlineFPCA-adagrad,0.1,11100,100,face,3,5,0.101385831832886,8,1,0.11897295006921835,0.1678782472172705,0.12413395454425785,0.025949470514778004,0.07038541242497846,0.15754524659845948
14,OnlineFPCA-adagrad,0.1,11200,100,face,3,5,0.102551460266113,8,1,0.10258413509670707,0.17196792621540394,0.16037160486165278,0.026564119602011004,0.07122118582762481,0.1572096976692505
14,OnlineFPCA-adagrad,0.1,11300,100,face,3,5,0.104788064956665,8,1,0.12919370578635186,0.21578573224884356,0.1343083186209835,0.026908521775238153,0.07216829891812937,0.15664015407949014
14,OnlineFPCA-adagrad,0.1,11400,100,face,3,5,0.101672649383545,8,1,0.09075575600872167,0.17177361986016038,0.1548543623491921,0.026919684009832873,0.07275311676199307,0.15568519250172974
14,OnlineFPCA-adagrad,0.1,11500,100,face,3,5,0.102147102355957,8,1,0.13677463990572733,0.09705985730851077,0.1718888814000382,0.026653396668893,0.07259454604459208,0.1542131833880602
14,OnlineFPCA-adagrad,0.1,11600,100,face,3,5,0.105078458786011,8,1,0.08918598730910783,0.13783684006534963,0.12932659095999233,0.026587395184733326,0.07194341642040879,0.15293542334582647
14,OnlineFPCA-adagrad,0.1,11700,100,face,3,5,0.099292516708374,8,1,0.12092777768409048,0.12409136422469644,0.13957664187901236,0.02716786550780462,0.07137590141368483,0.1520789254036215
14,OnlineFPCA-adagrad,0.1,11800,100,face,3,5,0.104053258895874,8,1,0.12091185315542827,0.167544256152837,0.11607066042165652,0.02785161406800279,0.07072096153813892,0.15122139300086673
14,OnlineFPCA-adagrad,0.1,11900,100,face,3,5,0.100898742675781,8,1,0.16489489893776613,0.0982152199164905,0.1599012813267346,0.028816383311544194,0.06981083393961354,0.15057665988751406
14,OnlineFPCA-adagrad,0.1,12000,100,face,3,5,0.102113962173462,8,1,0.10951818371221497,0.17538290797019956,0.26801891380138537,0.029808724317095844,0.06927662475484325,0.1506317785183201
14,OnlineFPCA-adagrad,0.1,12100,100,face,3,5,0.105892896652222,8,1,0.1280207950952183,0.16094082422075728,0.1423426036609694,0.030118400160189095,0.06825655256192953,0.15033240070640858
14,OnlineFPCA-adagrad,0.1,12200,100,face,3,5,0.10224723815918,8,1,0.11738916665815002,0.1487703834781514,0.16769047597037412,0.030250679443048805,0.06790647041506889,0.1498926245167843
14,OnlineFPCA-adagrad,0.1,12300,100,face,3,5,0.102315902709961,8,1,0.05216975031546869,0.052533318811375365,0.19621122249802941,0.030236255506829436,0.06740762343388303,0.15017275776461156
14,OnlineFPCA-adagrad,0.1,12400,100,face,3,5,0.10399866104126,8,1,0.08963554469299868,0.08784409509450515,0.18522951181170172,0.03005462816186382,0.06706508848834493,0.15019880186440224
14,OnlineFPCA-adagrad,0.1,12500,100,face,3,5,0.0995519161224365,8,1,0.10144033996368115,0.10273836192401994,0.14542510853255988,0.030445283342707418,0.06696910774276961,0.14974065807527306
14,OnlineFPCA-adagrad,0.1,12600,100,face,3,5,0.104773044586182,8,1,0.08741190040544973,0.09623766183486734,0.1888395679596532,0.03024743430306979,0.06637726784807375,0.14818383688734074
14,OnlineFPCA-adagrad,0.1,12700,100,face,3,5,0.102028369903564,8,1,0.07785925203136897,0.07823058064187235,0.2385897781259435,0.029928410393924423,0.06606449716545713,0.1475388970679214
14,OnlineFPCA-adagrad,0.1,12800,100,face,3,5,0.103162527084351,8,1,0.09206195121843268,0.12541439672055585,0.17710816872162385,0.029478208039392738,0.0653705926457914,0.14754465853716855
14,OnlineFPCA-adagrad,0.1,12900,100,face,3,5,0.105438470840454,8,1,0.11404026191965491,0.1425345634994714,0.18218166317896942,0.02859008778211626,0.06485604922929497,0.14732615133939236
14,OnlineFPCA-adagrad,0.1,13000,100,face,3,5,0.101885080337524,8,1,0.1547275588410536,0.1078472132915399,0.16385334545314098,0.027742777169628873,0.06421929201138185,0.14683293917856138
14,OnlineFPCA-adagrad,0.1,13100,100,face,3,5,0.102425098419189,8,1,0.1099871140283966,0.08684396334383541,0.22001592108227425,0.02717884858899029,0.06405539280229083,0.14629120749713126
14,OnlineFPCA-adagrad,0.1,13200,100,face,3,5,0.105363130569458,8,1,0.0820818648271146,0.13181328778798235,0.09387399533007816,0.02724967321461999,0.06407619059773903,0.14528986469128335
14,OnlineFPCA-adagrad,0.1,13300,100,face,3,5,0.0990922451019287,8,1,0.1161377544422389,0.10807351950523914,0.19777667370587473,0.02781812418013611,0.06432488928001745,0.14476452637443457
14,OnlineFPCA-adagrad,0.1,13400,100,face,3,5,0.104161739349365,8,1,0.07266112182095318,0.14132861961863316,0.17950214857161464,0.027957509404405206,0.06458333618012674,0.14468263604220635
14,OnlineFPCA-adagrad,0.1,13500,100,face,3,5,0.100960969924927,8,1,0.0652965129322398,0.09227943302610062,0.13033963431360868,0.027957785621298765,0.0643513902946005,0.14426478200030357
14,OnlineFPCA-adagrad,0.1,13600,100,face,3,5,0.0990264415740967,8,1,0.07395691473714286,0.05504731629379846,0.2648898589563445,0.027941154100497675,0.06373765350972825,0.14479524434637983
14,OnlineFPCA-adagrad,0.1,13700,100,face,3,5,0.104337930679321,8,1,0.1356806028946987,0.12540363386419892,0.29041967114043904,0.02759474164803728,0.062499397709178804,0.14591474573325378
14,OnlineFPCA-adagrad,0.1,13800,100,face,3,5,0.102703332901001,8,1,0.11786375220094406,0.17759829947188382,0.3765696829157283,0.02732399708493921,0.061417492371082065,0.14748258151537955
14,OnlineFPCA-adagrad,0.1,13900,100,face,3,5,0.0979948043823242,8,1,0.2012768763070557,0.12309768450444972,0.29293134049117275,0.026955192797428616,0.06086360622385624,0.1489051354000174
14,OnlineFPCA-adagrad,0.1,14000,100,face,3,5,0.101500988006592,8,1,0.14600633071425412,0.09849821323340162,0.2903526561170434,0.02704102096903126,0.059679936130089935,0.1502147146343465
14,OnlineFPCA-adagrad,0.1,14100,100,face,3,5,0.101928234100342,8,1,0.14185085638105438,0.13231876885633664,0.3006154051107502,0.027151284743082232,0.05915815503159244,0.15123871738524128
14,OnlineFPCA-adagrad,0.1,14200,100,face,3,5,0.102588891983032,8,1,0.15495904626071702,0.17054287526970768,0.2846024802997024,0.026803876647999346,0.05879383395319747,0.15190815295787308
14,OnlineFPCA-adagrad,0.1,14300,100,face,3,5,0.109684228897095,8,1,0.10409639278233089,0.2131191599340377,0.2516551739130348,0.026143712962475002,0.05932122551610029,0.15257595219307588
14,OnlineFPCA-adagrad,0.1,14400,100,face,3,5,0.0987653732299805,8,1,0.09826177322428907,0.11820578518616731,0.20236955994464423,0.025577255200118366,0.059132046678285574,0.15286870292790086
14,OnlineFPCA-adagrad,0.1,14500,100,face,3,5,0.1067214012146,8,1,0.10967531643186251,0.15477555449707905,0.23121202522193746,0.02556883043340082,0.05934798650006433,0.1531016706726663
14,OnlineFPCA-adagrad,0.1,14600,100,face,3,5,0.106436491012573,8,1,0.09982208680150532,0.0708773943568279,0.20184030976097486,0.02558085638679209,0.0591516258875988,0.15349448204334443
14,OnlineFPCA-adagrad,0.1,14700,100,face,3,5,0.101081609725952,8,1,0.1058754814176576,0.08267292803851752,0.16557861334557084,0.025343417753146396,0.05926843822301813,0.15380916772575626
14,OnlineFPCA-adagrad,0.1,14800,100,face,3,5,0.107156038284302,8,1,0.05172050735035528,0.1259251789318418,0.18760895097345723,0.02523434468324558,0.05997185729523442,0.15408669296074454
14,OnlineFPCA-adagrad,0.1,14900,100,face,3,5,0.103102445602417,8,1,0.086965476561065,0.13678940615915472,0.24951504738689476,0.025132148347193455,0.06038641814364736,0.15420012053712165
14,OnlineFPCA-adagrad,0.1,15000,100,face,3,5,0.102907657623291,8,1,0.10497626477687791,0.12352560404469655,0.26317311322608944,0.02520244680549185,0.06029908641777105,0.1547026027783509
14,OnlineFPCA-adagrad,0.1,0,100,face,3,5,6.38382577896118,8,2,0.011488913551722588,0.12793891021275938,0.62316145541387,0.011488913551722588,0.12793891021275938,0.62316145541387
14,OnlineFPCA-adagrad,0.1,100,100,face,3,5,0.442434549331665,8,2,0.47879257934163955,0.8784730008307868,0.45228945689486166,NA,NA,NA
14,OnlineFPCA-adagrad,0.1,200,100,face,3,5,0.44818377494812,8,2,0.3813373621809346,0.3186235050258662,1.2651913800094892,NA,NA,NA
14,OnlineFPCA-adagrad,0.1,300,100,face,3,5,0.446814298629761,8,2,0.36677001406771337,0.42924039884258597,0.43294432141122197,NA,NA,NA
14,OnlineFPCA-adagrad,0.1,400,100,face,3,5,0.451143980026245,8,2,0.45033528614699553,0.5398849476058472,0.4257531795889939,NA,NA,NA
14,OnlineFPCA-adagrad,0.1,500,100,face,3,5,0.579527378082275,8,2,0.3261938795912293,0.35484788920788973,0.6899783162639895,NA,NA,NA
14,OnlineFPCA-adagrad,0.1,600,100,face,3,5,0.44271183013916,8,2,0.285713437874181,0.37243797642714394,0.6965883074184447,NA,NA,NA
14,OnlineFPCA-adagrad,0.1,700,100,face,3,5,0.461591005325317,8,2,0.25618057000900313,0.3564464796608483,0.6918691709103036,NA,NA,NA
14,OnlineFPCA-adagrad,0.1,800,100,face,3,5,0.440118551254272,8,2,0.2306022449036712,0.33413639752381147,0.6866266821473718,NA,NA,NA
14,OnlineFPCA-adagrad,0.1,900,100,face,3,5,0.437020540237427,8,2,0.2123784234356538,0.3104774740830432,0.6818021684801124,NA,NA,NA
14,OnlineFPCA-adagrad,0.1,1000,100,face,3,5,0.437187433242798,8,2,0.20057929593429158,0.2891265666613479,0.6776494623845787,NA,NA,NA
14,OnlineFPCA-adagrad,0.1,1100,100,face,3,5,0.610547065734863,8,2,0.3508608417092456,0.24797267935293962,0.5039504997394767,0.11514157499248474,0.23402511606333445,0.5592326373754544
14,OnlineFPCA-adagrad,0.1,1200,100,face,3,5,0.612891912460327,8,2,0.18724143238001356,0.25537475774224777,0.32411917173493765,0.09931721595222495,0.2347278593676996,0.4701930125581535
14,OnlineFPCA-adagrad,0.1,1300,100,face,3,5,0.614009618759155,8,2,0.16451382038809245,0.24559972078392103,0.2683894976105169,0.09149279126986984,0.23384254981203398,0.3878250256817624
14,OnlineFPCA-adagrad,0.1,1400,100,face,3,5,0.608835697174072,8,2,0.295501935864873,0.22308219923545586,0.2565793141813612,0.0651849210206018,0.22996629783443626,0.3488673584231173
14,OnlineFPCA-adagrad,0.1,1500,100,face,3,5,0.606061458587646,8,2,0.08936250685923937,0.2036706711881473,0.3027400768837506,0.05297401736586329,0.21748870617120367,0.32646146545955423
14,OnlineFPCA-adagrad,0.1,1600,100,face,3,5,0.610241889953613,8,2,0.0647660325800479,0.19979146232389733,0.3058911576371003,0.04241108364678849,0.21010442739654536,0.32073962937797396
14,OnlineFPCA-adagrad,0.1,1700,100,face,3,5,0.618419170379639,8,2,0.07703888057563345,0.18156861600284052,0.3005575472443667,0.03905307663606771,0.2049130121927992,0.3173711207516731
14,OnlineFPCA-adagrad,0.1,1800,100,face,3,5,0.610982179641724,8,2,0.06653228109681972,0.17315477818402186,0.27978982073773734,0.038550036573744596,0.2003681928255196,0.31265448927689826
14,OnlineFPCA-adagrad,0.1,1900,100,face,3,5,0.614452600479126,8,2,0.09517937825490301,0.16617954069623705,0.27151318976526706,0.04096465990883199,0.19652316246010926,0.30775607162754026
14,OnlineFPCA-adagrad,0.1,2000,100,face,3,5,0.609544277191162,8,2,0.07019238756602443,0.16290542537239888,0.278787271961766,0.04476844932803675,0.19315499410245465,0.3033898771630869
14,OnlineFPCA-adagrad,0.1,2100,100,face,3,5,0.610767841339111,8,2,0.1299554063023552,0.21629372474420475,0.21182707027583647,0.04253640725205846,0.18979666695404193,0.29472118940075365
14,OnlineFPCA-adagrad,0.1,2200,100,face,3,5,0.75183892250061,8,2,0.23015017469565652,0.21417423324372525,0.25816549104683967,0.03703989572780864,0.18911617123049768,0.28857962981121194
14,OnlineFPCA-adagrad,0.1,2300,100,face,3,5,0.609379053115845,8,2,0.10389587743032058,0.1416999923695002,0.281543589442768,0.03575303244362738,0.185597030581468,0.28947399741104896
14,OnlineFPCA-adagrad,0.1,2400,100,face,3,5,0.605809688568115,8,2,0.11999327825167826,0.12209592953552845,0.2170483829220162,0.034073291900578596,0.18158985330515778,0.28336715683769764
14,OnlineFPCA-adagrad,0.1,2500,100,face,3,5,0.605849981307983,8,2,0.12138319888838418,0.14787489550747324,0.2222912106072608,0.03673269415753911,0.17511853890848728,0.2775248458482787
14,OnlineFPCA-adagrad,0.1,2600,100,face,3,5,0.664559125900269,8,2,0.12452049108568589,0.17629491666775626,0.3349717659733343,0.035049792693486286,0.16884292833826162,0.2747274066832088
14,OnlineFPCA-adagrad,0.1,2700,100,face,3,5,0.664345264434814,8,2,0.07918908478474383,0.18427622583987183,0.29784901917320883,0.03439182602513681,0.167443458838881,0.27271509704755603
14,OnlineFPCA-adagrad,0.1,2800,100,face,3,5,0.673781633377075,8,2,0.15899853771381783,0.19132257295091828,0.2595312145995935,0.030099315591980886,0.16656026711755467,0.2720611057395649
14,OnlineFPCA-adagrad,0.1,2900,100,face,3,5,0.668160438537598,8,2,0.1767147364724467,0.20352002327863486,0.2420424362415914,0.026994531211746043,0.1649413984858817,0.26869612876183646
14,OnlineFPCA-adagrad,0.1,3000,100,face,3,5,0.6620934009552,8,2,0.17763062521544207,0.18822301869385014,0.20949190471077467,0.024569205347917632,0.16211269932351907,0.26419727902145246
14,OnlineFPCA-adagrad,0.1,3100,100,face,3,5,0.662374973297119,8,2,0.11937861909052587,0.15115877632571012,0.35216961689694315,0.024552069694928177,0.1599046596791921,0.2657276143469262
14,OnlineFPCA-adagrad,0.1,3200,100,face,3,5,0.67097544670105,8,2,0.11370449239145997,0.18958175838008468,0.17288569740776483,0.025516474108332788,0.15664537353673857,0.26263926103737983
14,OnlineFPCA-adagrad,0.1,3300,100,face,3,5,0.676252841949463,8,2,0.17066863093491594,0.209825479091303,0.2686510352092365,0.02750926120930461,0.15615332417338038,0.2593251452748897
14,OnlineFPCA-adagrad,0.1,3400,100,face,3,5,0.664540529251099,8,2,0.1169451815113073,0.18362348903179793,0.21561000907252234,0.027087003538520345,0.1543997113529708,0.2559300015672724
14,OnlineFPCA-adagrad,0.1,3500,100,face,3,5,0.666804552078247,8,2,0.07061339754772514,0.10780359593826123,0.18912433172476234,0.027408185205578143,0.15123716649487662,0.252788437562452
14,OnlineFPCA-adagrad,0.1,3600,100,face,3,5,0.666800260543823,8,2,0.1012821653914963,0.1099568581732931,0.3205588306640247,0.0273038309031272,0.1460586121736682,0.2520087817891956
14,OnlineFPCA-adagrad,0.1,3700,100,face,3,5,0.667212247848511,8,2,0.17485009441137575,0.13392500642266755,0.36719929101603377,0.027729810229271797,0.1405713088926472,0.24798873257753598
14,OnlineFPCA-adagrad,0.1,3800,100,face,3,5,0.797943353652954,8,2,0.14225403475284698,0.2291714730425458,0.45310569892344216,0.02862727768164732,0.134417356308978,0.2449772688749243
14,OnlineFPCA-adagrad,0.1,3900,100,face,3,5,0.652862310409546,8,2,0.23591734357055733,0.21117114187429942,0.3229496806134053,0.028564601930169964,0.1274453920289021,0.24078175605942703
14,OnlineFPCA-adagrad,0.1,4000,100,face,3,5,0.660062551498413,8,2,0.029844659126082054,0.12089574757958571,0.23874842527819803,0.029844659126082054,0.12089574757958571,0.23874842527819803
14,OnlineFPCA-adagrad,0.1,4100,100,face,3,5,0.658741474151611,8,2,0.183164338492658,0.12847199776564072,0.25496271898655526,0.11690085582953054,0.12493444664417391,0.20612869946553247
14,OnlineFPCA-adagrad,0.1,4200,100,face,3,5,0.662476062774658,8,2,0.19774762011760644,0.28826357515153944,0.28367902515793386,0.099994131109066825,0.11850058551140462,0.2270034332100013
14,OnlineFPCA-adagrad,0.1,4300,100,face,3,5,0.675470352172852,8,2,0.1478417194952425,0.255429579905315,0.2163489931506361,0.08238260824824112,0.14861942936235578,0.21787720743157218
14,OnlineFPCA-adagrad,0.1,4400,100,face,3,5,0.664690971374512,8,2,0.1210959566878731,0.12834350901426836,0.199568344347812,0.06068472444472901,0.13780819958283164,0.19963544254203497
14,OnlineFPCA-adagrad,0.1,4500,100,face,3,5,0.665591955184937,8,2,0.15925276594050303,0.20300910271655961,0.2658532639196189,0.04820444416760774,0.1454602870148052,0.19640976766061635
14,OnlineFPCA-adagrad,0.1,4600,100,face,3,5,0.667337656021118,8,2,0.138179592734381,0.15345891313693139,0.23705929404772963,0.031336413871201944,0.13975689825446197,0.19572713343886902
14,OnlineFPCA-adagrad,0.1,4700,100,face,3,5,0.664513826370239,8,2,0.13436073664831158,0.13906546798650918,0.19483923626299662,0.021940992457317652,0.1385124480279949,0.19603277950693662
14,OnlineFPCA-adagrad,0.1,4800,100,face,3,5,0.668520450592041,8,2,0.06362895602067337,0.19831912688220255,0.19793613270623875,0.017438611011480813,0.14469137753572062,0.19372190910104695
14,OnlineFPCA-adagrad,0.1,4900,100,face,3,5,0.663031816482544,8,2,0.1324278350554607,0.1837957887887454,0.3223336802403484,0.01217241682521517,0.14418583848920444,0.19076765982839508
14,OnlineFPCA-adagrad,0.1,5000,100,face,3,5,0.658096790313721,8,2,0.17812313969711058,0.17598756453421513,0.33981800074119384,0.011132972794132459,0.1369835284143212,0.20000832655216916
14,OnlineFPCA-adagrad,0.1,5100,100,face,3,5,0.101461410522461,8,2,0.13742014574215977,0.1347472599026194,0.19178747109660174,0.015521269715945136,0.13029455380222685,0.204084335244081
14,OnlineFPCA-adagrad,0.1,5200,100,face,3,5,0.102213621139526,8,2,0.12812770923889188,0.17277463627779535,0.17662846787809364,0.017340738032726982,0.12320400186566878,0.19486504252490205
14,OnlineFPCA-adagrad,0.1,5300,100,face,3,5,0.104937791824341,8,2,0.12338993225488437,0.1600851864251854,0.13194453774173753,0.025661727795651068,0.12098702221655705,0.18995127770597053
14,OnlineFPCA-adagrad,0.1,5400,100,face,3,5,0.101294279098511,8,2,0.21446115830977872,0.1294066779315102,0.17666014961674387,0.027747662458716727,0.12005925880049813,0.1874557950053122
14,OnlineFPCA-adagrad,0.1,5500,100,face,3,5,0.0976085662841797,8,2,0.12975547273772717,0.15309095085113786,0.14423430647895202,0.027289198838784605,0.12083965552677127,0.18376528452108878
14,OnlineFPCA-adagrad,0.1,5600,100,face,3,5,0.10277533531189,8,2,0.1358300625240566,0.24020302668871232,0.24909043851959697,0.024499869178779606,0.1203708405928179,0.18375057833683553
14,OnlineFPCA-adagrad,0.1,5700,100,face,3,5,0.0998880863189697,8,2,0.14970602508416808,0.14341990859218906,0.28224779813302714,0.026528288579471683,0.12048145199198013,0.18364887543320413
14,OnlineFPCA-adagrad,0.1,5800,100,face,3,5,0.101189374923706,8,2,0.12163290450006743,0.22643105973357203,0.1914116365750226,0.02595455997898163,0.12220240360983536,0.18573624242740552
14,OnlineFPCA-adagrad,0.1,5900,100,face,3,5,0.104228973388672,8,2,0.14367201560143272,0.22858634489260116,0.24830365561966825,0.024779132420507093,0.12320194017046053,0.18643799068157083
14,OnlineFPCA-adagrad,0.1,6000,100,face,3,5,0.0988807678222656,8,2,0.1418963796523188,0.16414479393892367,0.1929199432834964,0.02420924488591801,0.12476654337708518,0.18903524104599226
14,OnlineFPCA-adagrad,0.1,6100,100,face,3,5,0.104303598403931,8,2,0.13886788027927047,0.20141093836011367,0.13008310920748298,0.026222111457381528,0.12490062298149336,0.18447209766258926
14,OnlineFPCA-adagrad,0.1,6200,100,face,3,5,0.104133605957031,8,2,0.1141710745499514,0.1878833904666641,0.1690909439201992,0.028604250604193922,0.12524270165415283,0.18071567628036633
14,OnlineFPCA-adagrad,0.1,6300,100,face,3,5,0.0991466045379639,8,2,0.1489151085362886,0.25316993454521985,0.13724267097989068,0.03033098272263965,0.12614774524446756,0.17735930473207087
14,OnlineFPCA-adagrad,0.1,6400,100,face,3,5,0.102631807327271,8,2,0.10475096277470264,0.18513045550691193,0.17000794528637345,0.03038828035919377,0.12654008421897325,0.17318213987072842
14,OnlineFPCA-adagrad,0.1,6500,100,face,3,5,0.100711584091187,8,2,0.1616507129663147,0.1402451480599643,0.21179729835315855,0.028689542320319214,0.12331331646173982,0.16656987439904342
14,OnlineFPCA-adagrad,0.1,6600,100,face,3,5,0.099090576171875,8,2,0.11092097857363946,0.18549776394382264,0.14537068348203844,0.02855995047635338,0.1186543981387112,0.1617177424215075
14,OnlineFPCA-adagrad,0.1,6700,100,face,3,5,0.105084657669067,8,2,0.15357730431124497,0.16437072551852955,0.15571029234059464,0.030467148089296056,0.11425664205937766,0.15871423127836728
14,OnlineFPCA-adagrad,0.1,6800,100,face,3,5,0.101287603378296,8,2,0.14954578943952662,0.2106845419042091,0.14539497321088882,0.03227868694373247,0.10969692187714788,0.15511948682478627
14,OnlineFPCA-adagrad,0.1,6900,100,face,3,5,0.104242324829102,8,2,0.1971936356118526,0.11342881618216198,0.1880897774500576,0.03526528237739169,0.10522939263033933,0.15234117039964964
14,OnlineFPCA-adagrad,0.1,7000,100,face,3,5,0.105627298355103,8,2,0.12237110486333491,0.21443954797687417,0.3274557558493707,0.03732507902564271,0.10195781810677378,0.15159467567694745
14,OnlineFPCA-adagrad,0.1,7100,100,face,3,5,0.0995922088623047,8,2,0.16046048089661819,0.20826924350583761,0.16740085340171657,0.03789153307871167,0.09786153610633812,0.14970698257922674
14,OnlineFPCA-adagrad,0.1,7200,100,face,3,5,0.105443239212036,8,2,0.1392007874004407,0.16954441036535792,0.17146366488323497,0.03832753555181797,0.09614275679009904,0.1479064285257649
14,OnlineFPCA-adagrad,0.1,7300,100,face,3,5,0.105806350708008,8,2,0.06205882418953412,0.060324458530007244,0.223059458957537,0.03850634729241433,0.09361987089217517,0.14897682635511603
14,OnlineFPCA-adagrad,0.1,7400,100,face,3,5,0.100815534591675,8,2,0.1081269282604892,0.09669316700083755,0.20749842896728807,0.03757166283185997,0.09169734945146321,0.14916585641247096
14,OnlineFPCA-adagrad,0.1,7500,100,face,3,5,0.104762315750122,8,2,0.10707743799271029,0.12298261119063719,0.14936921573598078,0.037851723545219394,0.09022319094242502,0.1476867395511972
14,OnlineFPCA-adagrad,0.1,7600,100,face,3,5,0.101814985275269,8,2,0.101718750353552,0.10409030166775533,0.21847938219107996,0.0363841764610631,0.08765028531202605,0.14346314108861444
14,OnlineFPCA-adagrad,0.1,7700,100,face,3,5,0.100712537765503,8,2,0.0896401442800877,0.09302323351147755,0.2793084184541126,0.03516489464847547,0.08637127868487113,0.14231094315065596
14,OnlineFPCA-adagrad,0.1,7800,100,face,3,5,0.107606649398804,8,2,0.12180210438672585,0.16031086726362712,0.21305546727513308,0.03388001712617652,0.08410817322551199,0.14290151040651086
14,OnlineFPCA-adagrad,0.1,7900,100,face,3,5,0.100451946258545,8,2,0.14128113803582873,0.1713331745272494,0.2000971723745728,0.031454896631244636,0.08246027516153477,0.14304803082715384
14,OnlineFPCA-adagrad,0.1,8000,100,face,3,5,0.109491109848022,8,2,0.17829296320044483,0.12087076996800147,0.17540250010924663,0.02972225762149485,0.08033927614451677,0.14237064709082523
14,OnlineFPCA-adagrad,0.1,8100,100,face,3,5,0.105207920074463,8,2,0.11873777190804624,0.09534325157438979,0.2500924313610294,0.028798869314681348,0.07958466046912475,0.1418468948819636
14,OnlineFPCA-adagrad,0.1,8200,100,face,3,5,0.0999410152435303,8,2,0.09468101360411305,0.15060094448864003,0.09770269987127551,0.029558331003380414,0.07920981141313048,0.13986090576047733
14,OnlineFPCA-adagrad,0.1,8300,100,face,3,5,0.105718851089478,8,2,0.14141715154701326,0.13325967204653816,0.21846740063039385,0.031166474259063198,0.07955600254892876,0.13889582767721467
14,OnlineFPCA-adagrad,0.1,8400,100,face,3,5,0.102080583572388,8,2,0.09068536847517705,0.1692497687689969,0.190571099656429,0.031201715391223243,0.07983538221631585,0.13873982931702983
14,OnlineFPCA-adagrad,0.1,8500,100,face,3,5,0.102846145629883,8,2,0.06813642068348097,0.09986798742000194,0.1325471026926769,0.03081044938368058,0.07895865112312156,0.13781761702572062
14,OnlineFPCA-adagrad,0.1,8600,100,face,3,5,0.104073286056519,8,2,0.08749660248213703,0.0661986895469516,0.2934063269846225,0.030757590255196487,0.07723838253528043,0.1391726375417086
14,OnlineFPCA-adagrad,0.1,8700,100,face,3,5,0.0991849899291992,8,2,0.15640844041091406,0.14419301653190528,0.32201253890966414,0.029474415477125572,0.07411962877929931,0.14146073458590108
14,OnlineFPCA-adagrad,0.1,8800,100,face,3,5,0.104723691940308,8,2,0.12644407658738493,0.2051029634196012,0.4130132271684152,0.02854664788336796,0.07142722067232542,0.14468901732677325
14,OnlineFPCA-adagrad,0.1,8900,100,face,3,5,0.103653907775879,8,2,0.21843818623927366,0.1536961773955201,0.31217453398368183,0.02750848530610032,0.06970307323773539,0.1473832953689804
14,OnlineFPCA-adagrad,0.1,9000,100,face,3,5,0.0988924503326416,8,2,0.15347051440588055,0.11379690646123747,0.30239999547794266,0.027554991910182503,0.06671658635664751,0.14989623098172902
14,OnlineFPCA-adagrad,0.1,9100,100,face,3,5,0.104132890701294,8,2,0.159690514904249,0.153094386500278,0.3179328045160896,0.02771695423167337,0.0652810263479155,0.15168009956264267
14,OnlineFPCA-adagrad,0.1,9200,100,face,3,5,0.101277351379395,8,2,0.17445305754389165,0.20166995864018009,0.3029233161167226,0.02695017578387335,0.0642415362005848,0.15287311953611873
14,OnlineFPCA-adagrad,0.1,9300,100,face,3,5,0.0991454124450684,8,2,0.11886056265487094,0.23612406493897395,0.2620461326891811,0.025670787800841213,0.06496240137133229,0.1541143401190994
14,OnlineFPCA-adagrad,0.1,9400,100,face,3,5,0.104523658752441,8,2,0.10716650620822799,0.11885291642082417,0.21180075369885074,0.024631596247540532,0.0642239375442797,0.15457596649984923
14,OnlineFPCA-adagrad,0.1,9500,100,face,3,5,0.0985491275787354,8,2,0.12907849954502285,0.1661884439638191,0.24243568787315042,0.024873270742604085,0.06464556314568248,0.15503814330212148
14,OnlineFPCA-adagrad,0.1,9600,100,face,3,5,0.102056741714478,8,2,0.11767619210210234,0.08134511420746839,0.19859111842032842,0.024829508391899714,0.06427363145845219,0.1556773364538364
14,OnlineFPCA-adagrad,0.1,9700,100,face,3,5,0.101877689361572,8,2,0.11658510395789742,0.08254300790124101,0.16104984419813176,0.0243371634624467,0.06462452421179865,0.1561656999270381
14,OnlineFPCA-adagrad,0.1,9800,100,face,3,5,0.0987513065338135,8,2,0.05488723250000053,0.13794197181751777,0.1812511696226519,0.024131849854575144,0.06609367037184326,0.15648250706634673
14,OnlineFPCA-adagrad,0.1,9900,100,face,3,5,0.102656841278076,8,2,0.10144522489355752,0.1482799156102806,0.26438711369537826,0.023940750646197353,0.06686837606444188,0.15648133689574203
14,OnlineFPCA-adagrad,0.1,10000,100,face,3,5,0.104018926620483,8,2,0.12772067096018064,0.1361843698931598,0.28046808531376227,0.024122859831720463,0.06662109961935696,0.15742667570411134
14,OnlineFPCA-adagrad,0.1,10100,100,face,3,5,0.0993683338165283,8,2,0.1219541230738376,0.07943189242385869,0.1849086917626207,0.024490566411650094,0.06589510846617734,0.15819001501047705
14,OnlineFPCA-adagrad,0.1,10200,100,face,3,5,0.103943824768066,8,2,0.11389930394902319,0.14299079100281295,0.16555193729793102,0.0245901786361444,0.06461998642501937,0.1571612973383267
14,OnlineFPCA-adagrad,0.1,10300,100,face,3,5,0.100944042205811,8,2,0.10946665699396567,0.1515913303977446,0.13057529159166983,0.025547805209773084,0.06403429795829048,0.1565414648898603
14,OnlineFPCA-adagrad,0.1,10400,100,face,3,5,0.101442098617554,8,2,0.18377402925311306,0.09845141875967127,0.1481265061953727,0.02612061014119855,0.06418249820406356,0.15639474634513184
14,OnlineFPCA-adagrad,0.1,10500,100,face,3,5,0.104461431503296,8,2,0.11343205017142374,0.1263998130943164,0.12332391450757421,0.02654141614938557,0.06493298690875463,0.15580415657787225
14,OnlineFPCA-adagrad,0.1,10600,100,face,3,5,0.0982406139373779,8,2,0.1310867585703809,0.1878409561133764,0.19067190320853286,0.02626797575980157,0.06553345193783239,0.1557205020489843
14,OnlineFPCA-adagrad,0.1,10700,100,face,3,5,0.103166341781616,8,2,0.13065230415306825,0.11555769639128716,0.23072577791247922,0.026651219350669414,0.06611583118826728,0.15571489375906097
14,OnlineFPCA-adagrad,0.1,10800,100,face,3,5,0.104050159454346,8,2,0.10272630151446582,0.1823620143324842,0.15671772193264982,0.026580001466839646,0.0669878229545377,0.15609480206361975
14,OnlineFPCA-adagrad,0.1,10900,100,face,3,5,0.0983278751373291,8,2,0.1171608546016777,0.1949562196035364,0.21736534592765633,0.026305052034144093,0.06731175625901294,0.15616924875389002
14,OnlineFPCA-adagrad,0.1,11000,100,face,3,5,0.104324102401733,8,2,0.12572041846125362,0.1586849897941972,0.1765272614322936,0.02579356331195211,0.06830850060004925,0.1568403797933476
14,OnlineFPCA-adagrad,0.1,11100,100,face,3,5,0.101020097732544,8,2,0.11904028058026628,0.16949798657365092,0.1242663325225182,0.02591532996873331,0.06925065029909196,0.15622402781477504
14,OnlineFPCA-adagrad,0.1,11200,100,face,3,5,0.101680517196655,8,2,0.10264704537789232,0.17413610861864862,0.16076993148776808,0.026530852479199712,0.07014252048247749,0.1558928657949564
14,OnlineFPCA-adagrad,0.1,11300,100,face,3,5,0.102481365203857,8,2,0.12919583691649367,0.21641340802680506,0.13472027789381555,0.026876154638039843,0.07113981845362882,0.15532349898907352
14,OnlineFPCA-adagrad,0.1,11400,100,face,3,5,0.0984323024749756,8,2,0.09080921900208289,0.17216051570527108,0.15563786399299512,0.02688943370966308,0.07174850507104727,0.15437173849432068
14,OnlineFPCA-adagrad,0.1,11500,100,face,3,5,0.102956533432007,8,2,0.1368994762711689,0.09697427167608055,0.17271450631448118,0.02662578220137741,0.07160958929392873,0.15291311073983468
14,OnlineFPCA-adagrad,0.1,11600,100,face,3,5,0.104188919067383,8,2,0.08932489276949311,0.1379668771497172,0.12985116969163957,0.026562323925058105,0.07096246517331144,0.15164961289848172
14,OnlineFPCA-adagrad,0.1,11700,100,face,3,5,0.100849151611328,8,2,0.12110026076296976,0.12466465164185807,0.13833807035261503,0.027143051578708045,0.07042077508855689,0.15080348508148467
14,OnlineFPCA-adagrad,0.1,11800,100,face,3,5,0.101298570632935,8,2,0.12086606465237199,0.16793673008039486,0.11604814444587751,0.027826921170492767,0.069807802493227,0.1499536682920567
14,OnlineFPCA-adagrad,0.1,11900,100,face,3,5,0.104404449462891,8,2,0.16503221109179333,0.09822296237485006,0.15881027799327274,0.028790674249660333,0.06892317758105782,0.14931346246987717
14,OnlineFPCA-adagrad,0.1,12000,100,face,3,5,0.0984930992126465,8,2,0.10961145641054774,0.1760890271565755,0.26763236186733447,0.02978387717885172,0.06842834957616666,0.14937745492493543
14,OnlineFPCA-adagrad,0.1,12100,100,face,3,5,0.102404117584229,8,2,0.12839656424109644,0.16100200860075206,0.142485723223883,0.030095738831016294,0.06742693234764117,0.14907953780001126
14,OnlineFPCA-adagrad,0.1,12200,100,face,3,5,0.101168632507324,8,2,0.11748480255780296,0.149380634577192,0.1667839099070834,0.030230576027320568,0.06708900883288277,0.14863756963085498
14,OnlineFPCA-adagrad,0.1,12300,100,face,3,5,0.101408243179321,8,2,0.05215035762583931,0.05261687232627976,0.19516325034269927,0.030216155258327132,0.06660853765897004,0.14892116788074672
14,OnlineFPCA-adagrad,0.1,12400,100,face,3,5,0.105454206466675,8,2,0.08964699109981689,0.08830921263974252,0.18486521649318238,0.030033980440301575,0.06628700435727981,0.14895292149627212
14,OnlineFPCA-adagrad,0.1,12500,100,face,3,5,0.102452516555786,8,2,0.10148212053012759,0.10343939086520212,0.1448922672267309,0.0304263708035364,0.06623067560938697,0.1485058962116205
14,OnlineFPCA-adagrad,0.1,12600,100,face,3,5,0.0991137027740479,8,2,0.08748670934027433,0.09654523919379428,0.18817432312386628,0.03022998138227149,0.06567218098703845,0.14696419425763624
14,OnlineFPCA-adagrad,0.1,12700,100,face,3,5,0.102309703826904,8,2,0.07795121765468528,0.07857189800126614,0.23861033768306775,0.029912639993226867,0.065378460766695,0.1463267456753001
14,OnlineFPCA-adagrad,0.1,12800,100,face,3,5,0.101210117340088,8,2,0.0919743934111684,0.12549318917185898,0.17639227423016693,0.029464214729731243,0.06468308140839842,0.14634924042666483
14,OnlineFPCA-adagrad,0.1,12900,100,face,3,5,0.103150367736816,8,2,0.11397116023021209,0.14254076155560924,0.18190518933319608,0.028577029641801102,0.06417083357656533,0.14614030280209842
14,OnlineFPCA-adagrad,0.1,13000,100,face,3,5,0.104200124740601,8,2,0.15496290507187727,0.10816114772444624,0.1645490173258648,0.027730099308392847,0.06353832000841038,0.14565580894095276
14,OnlineFPCA-adagrad,0.1,13100,100,face,3,5,0.0997674465179443,8,2,0.11013021497349018,0.08754633752772102,0.21843597354326297,0.027167121453997627,0.06338643107894021,0.1451163834397297
14,OnlineFPCA-adagrad,0.1,13200,100,face,3,5,0.10359525680542,8,2,0.08221150175009068,0.13259317872680226,0.09273007146908302,0.02723830781001437,0.06342978272784892,0.14411318925764588
14,OnlineFPCA-adagrad,0.1,13300,100,face,3,5,0.103261232376099,8,2,0.11597832683848064,0.10860192902192183,0.19724190863497051,0.02780558057379226,0.06368708576642115,0.14358094739553534
14,OnlineFPCA-adagrad,0.1,13400,100,face,3,5,0.0987906455993652,8,2,0.07266583140671905,0.14197359719424088,0.18049591445719407,0.02794372252268214,0.06395617728367418,0.14349795222677775
14,OnlineFPCA-adagrad,0.1,13500,100,face,3,5,0.104355096817017,8,2,0.06537265649134204,0.09247125366415751,0.13109982513059212,0.02794285438081395,0.06372980916507957,0.14307942255342168
14,OnlineFPCA-adagrad,0.1,13600,100,face,3,5,0.107507705688477,8,2,0.07419482219322036,0.054750777514707694,0.2647067792090471,0.027926128562681448,0.0631238945295939,0.14361154652357888
14,OnlineFPCA-adagrad,0.1,13700,100,face,3,5,0.101862907409668,8,2,0.1360020699726949,0.12641072786558014,0.2897461001820761,0.027579797612751974,0.061878827736327253,0.14473991864556177
14,OnlineFPCA-adagrad,0.1,13800,100,face,3,5,0.103596210479736,8,2,0.11789667215959472,0.17830168783733777,0.37624564744296524,0.027309659970425598,0.06079898364431626,0.14632258375314908
14,OnlineFPCA-adagrad,0.1,13900,100,face,3,5,0.0985264778137207,8,2,0.2016566966331748,0.12385001503110571,0.29294414935266666,0.02694091148955998,0.060269680066598316,0.1477632011332249
14,OnlineFPCA-adagrad,0.1,14000,100,face,3,5,0.103379249572754,8,2,0.14615115717542607,0.0989204470958568,0.29061529763428334,0.02702686448716181,0.05909020935925516,0.14909258819256882
14,OnlineFPCA-adagrad,0.1,14100,100,face,3,5,0.102990865707397,8,2,0.14197333652495595,0.13240330561358468,0.300730820018293,0.027137861712787183,0.05859360785638775,0.15014020668940933
14,OnlineFPCA-adagrad,0.1,14200,100,face,3,5,0.0974764823913574,8,2,0.15499555457232228,0.17049374650551452,0.28460452663736313,0.026790289458023107,0.05825421193433989,0.15083137283419096
14,OnlineFPCA-adagrad,0.1,14300,100,face,3,5,0.103375196456909,8,2,0.10410427911500389,0.213570743466852,0.2519658830566956,0.026129793057618568,0.0588231938098201,0.15151777912626263
14,OnlineFPCA-adagrad,0.1,14400,100,face,3,5,0.101775646209717,8,2,0.09836367670422483,0.11943029974547127,0.2027781825866451,0.025562482608303103,0.05865361754622643,0.15182293253426493
14,OnlineFPCA-adagrad,0.1,14500,100,face,3,5,0.103269815444946,8,2,0.1097681204125697,0.15588469001071614,0.23153008437923472,0.02555274103694405,0.058886120641691686,0.15206863799576786
14,OnlineFPCA-adagrad,0.1,14600,100,face,3,5,0.105770587921143,8,2,0.09988469895465034,0.07218206390071505,0.20213350004140837,0.025565360576976233,0.05870495408240773,0.1524730503778287
14,OnlineFPCA-adagrad,0.1,14700,100,face,3,5,0.10044527053833,8,2,0.10588881013365326,0.0831862496877104,0.16519093636552137,0.025328018934927962,0.05883765897468152,0.15279858757772624
14,OnlineFPCA-adagrad,0.1,14800,100,face,3,5,0.10535740852356,8,2,0.05171246056550645,0.12664271814941577,0.1873752691575953,0.025219252283170415,0.059561278407109286,0.15308323243590008
14,OnlineFPCA-adagrad,0.1,14900,100,face,3,5,0.103057146072388,8,2,0.08698874290323745,0.13774702074907264,0.24918728021980027,0.025117645916206036,0.05999092065999075,0.15320171776620214
14,OnlineFPCA-adagrad,0.1,15000,100,face,3,5,0.0994381904602051,8,2,0.10488718407769203,0.12425633601371378,0.26317071995858543,0.02518851299535748,0.05991274775885442,0.153710416069475
14,OnlineFPCA-adagrad,0.1,0,100,face,3,5,6.38382577896118,8,4,0.011488913551722588,0.12793891021275938,1.9212509636679738,0.011488913551722588,0.12793891021275938,1.9212509636679738
14,OnlineFPCA-adagrad,0.1,100,100,face,3,5,0.441506862640381,8,4,0.8427084415275161,0.82872141508121,1.906686062989123,NA,NA,NA
14,OnlineFPCA-adagrad,0.1,200,100,face,3,5,0.445035696029663,8,4,0.5711056692209138,0.34347954163527483,1.7172264670998427,NA,NA,NA
14,OnlineFPCA-adagrad,0.1,300,100,face,3,5,0.44258451461792,8,4,0.7073170279795553,0.6114152284279734,1.8903678935424795,NA,NA,NA
14,OnlineFPCA-adagrad,0.1,400,100,face,3,5,0.441290378570557,8,4,0.6963360262721878,0.7764901160810311,2.0003421445335294,NA,NA,NA
14,OnlineFPCA-adagrad,0.1,500,100,face,3,5,0.441089391708374,8,4,0.5777784778298726,0.390768964064899,1.2844750195965795,NA,NA,NA
14,OnlineFPCA-adagrad,0.1,600,100,face,3,5,0.444148302078247,8,4,0.5326304705471374,0.4125457780877973,1.2895668081724732,NA,NA,NA
14,OnlineFPCA-adagrad,0.1,700,100,face,3,5,0.445534944534302,8,4,0.516021859921551,0.40212836582386097,1.2889565833595096,NA,NA,NA
14,OnlineFPCA-adagrad,0.1,800,100,face,3,5,0.446529865264893,8,4,0.4981042284861432,0.38984149450367866,1.2880485869084206,NA,NA,NA
14,OnlineFPCA-adagrad,0.1,900,100,face,3,5,0.448757648468018,8,4,0.4774191437325387,0.37895721443788277,1.2863316590072762,NA,NA,NA
14,OnlineFPCA-adagrad,0.1,1000,100,face,3,5,0.439597368240356,8,4,0.4631539187051774,0.37263108689288016,1.284101633458318,NA,NA,NA
14,OnlineFPCA-adagrad,0.1,1100,100,face,3,5,0.609115362167358,8,4,0.18591068251920487,0.3694268179826121,1.114607076249816,0.22692841129648517,0.3820045717534778,1.185171568337997
14,OnlineFPCA-adagrad,0.1,1200,100,face,3,5,0.605381965637207,8,4,0.4694781336908714,0.40473167204789823,0.7292797973748956,0.17777417880057678,0.35599613872749825,1.0396578642812229
14,OnlineFPCA-adagrad,0.1,1300,100,face,3,5,0.607416391372681,8,4,0.1724203270565951,0.3359643617851651,0.5455906500655626,0.1497259349767626,0.3503067810824258,0.9378850356769663
14,OnlineFPCA-adagrad,0.1,1400,100,face,3,5,0.605985641479492,8,4,0.3652515845614513,0.28829042290535273,0.3406779731430514,0.1098190385574398,0.32010505590380867,0.7291413715557219
14,OnlineFPCA-adagrad,0.1,1500,100,face,3,5,0.739573240280151,8,4,0.13387675180037154,0.24929183039918362,0.3076260323768648,0.06931897794881604,0.2758405360852974,0.5984088343351626
14,OnlineFPCA-adagrad,0.1,1600,100,face,3,5,0.607953310012817,8,4,0.10539460168753734,0.24245496551724616,0.30410003005551306,0.06224080514839126,0.25819928859631314,0.5143772450165236
14,OnlineFPCA-adagrad,0.1,1700,100,face,3,5,0.609392642974854,8,4,0.08344271042468099,0.28972935117186466,0.3356208300874121,0.06315564831295953,0.2835270089996238,0.4880106182329116
14,OnlineFPCA-adagrad,0.1,1800,100,face,3,5,0.61286473274231,8,4,0.06619248022659735,0.28606430102364766,0.3177547483346092,0.06139429211592942,0.28209347452240235,0.45406347430691646
14,OnlineFPCA-adagrad,0.1,1900,100,face,3,5,0.616765737533569,8,4,0.10999652971028964,0.2620855125259997,0.32265796492221743,0.06140779380495776,0.2803717259169272,0.4310456896528901
14,OnlineFPCA-adagrad,0.1,2000,100,face,3,5,0.616607427597046,8,4,0.07529582186985835,0.27084302349032124,0.33184376222269596,0.06343313057617803,0.2790483910217717,0.4151255060605539
14,OnlineFPCA-adagrad,0.1,2100,100,face,3,5,0.612674951553345,8,4,0.14615440289672213,0.27922432935489844,0.25349853570543035,0.0607194625456879,0.27444180128944506,0.39940159217179394
14,OnlineFPCA-adagrad,0.1,2200,100,face,3,5,0.608982563018799,8,4,0.23411205798047227,0.25403367014686457,0.27814691114286444,0.054539605879081146,0.2691243685900494,0.38041508281695274
14,OnlineFPCA-adagrad,0.1,2300,100,face,3,5,0.606996059417725,8,4,0.1223123849506721,0.22515884252307788,0.339967049885159,0.051316547338144204,0.26493421856944105,0.3697172890812349
14,OnlineFPCA-adagrad,0.1,2400,100,face,3,5,0.603070974349976,8,4,0.12155203242273231,0.22991149797484864,0.2875291144353904,0.047923333540039643,0.2617667023236858,0.3612321037508024
14,OnlineFPCA-adagrad,0.1,2500,100,face,3,5,0.606483936309814,8,4,0.13239621522261572,0.23821244780513404,0.28208256344535365,0.0501280158469701,0.25917592772623366,0.3503488384404967
14,OnlineFPCA-adagrad,0.1,2600,100,face,3,5,0.660043001174927,8,4,0.12654791284217273,0.19239793291651341,0.3124549575110045,0.047686064663374966,0.2553209331549138,0.33371593245485337
14,OnlineFPCA-adagrad,0.1,2700,100,face,3,5,0.658505916595459,8,4,0.09116504726787807,0.17674844069463888,0.3115966242778513,0.04633301553793559,0.24821329379320378,0.32459664925378057
14,OnlineFPCA-adagrad,0.1,2800,100,face,3,5,0.657588005065918,8,4,0.15957207975868107,0.207633984382955,0.25227458421378846,0.04136817008370477,0.2419059985397828,0.31787478930981355
14,OnlineFPCA-adagrad,0.1,2900,100,face,3,5,0.658957481384277,8,4,0.18172355745424976,0.24982848122193843,0.2412098342427838,0.03712001602278575,0.23593435156755904,0.312914738858282
14,OnlineFPCA-adagrad,0.1,3000,100,face,3,5,0.666301250457764,8,4,0.1972348079542401,0.16787764936133642,0.19158885656602614,0.03409110384172301,0.23042450257895292,0.30548987784253195
14,OnlineFPCA-adagrad,0.1,3100,100,face,3,5,0.794822454452515,8,4,0.1272597950576714,0.1328217112967445,0.32763348968899575,0.03350322899002991,0.22394272102595264,0.29685750245865455
14,OnlineFPCA-adagrad,0.1,3200,100,face,3,5,0.652215957641602,8,4,0.12457590098850366,0.18938181491302006,0.10996898169030567,0.034174245572686376,0.21840255321161023,0.2872433586148418
14,OnlineFPCA-adagrad,0.1,3300,100,face,3,5,0.660489797592163,8,4,0.17826340319493278,0.1778784042760759,0.238286079715803,0.03620442777302741,0.20989165475122765,0.2790761076213003
14,OnlineFPCA-adagrad,0.1,3400,100,face,3,5,0.660766363143921,8,4,0.12345385897176189,0.22609208168782066,0.24322610084089502,0.03555772108620695,0.2035257288119133,0.2741285555597823
14,OnlineFPCA-adagrad,0.1,3500,100,face,3,5,0.661679744720459,8,4,0.07491972429613158,0.12052512079208881,0.16747302144747694,0.03526110247492775,0.19717581873589538,0.26773959523770197
14,OnlineFPCA-adagrad,0.1,3600,100,face,3,5,0.659708023071289,8,4,0.11926943445746371,0.11046387773103969,0.3466349379242694,0.034887640137019976,0.19191246579579613,0.26609080532453766
14,OnlineFPCA-adagrad,0.1,3700,100,face,3,5,0.663825988769531,8,4,0.19021464340546018,0.19499123681407896,0.37203153182005727,0.03466508671593887,0.1871098992017507,0.26757086442426603
14,OnlineFPCA-adagrad,0.1,3800,100,face,3,5,0.656086921691895,8,4,0.14088066803451316,0.27482028178749734,0.46615017602476094,0.03495929343967148,0.18410484141394406,0.27166195696250445
14,OnlineFPCA-adagrad,0.1,3900,100,face,3,5,0.659891843795776,8,4,0.24767536635084017,0.24432954188125205,0.3576884519365626,0.03421246220682689,0.18259414429770007,0.27519565094205695
14,OnlineFPCA-adagrad,0.1,4000,100,face,3,5,0.656966924667358,8,4,0.0350232385826144,0.1796782151149947,0.27670418722878526,0.0350232385826144,0.1796782151149947,0.27670418722878526
14,OnlineFPCA-adagrad,0.1,4100,100,face,3,5,0.661361455917358,8,4,0.19472635578338957,0.2419262208690713,0.35993543256362526,0.11770825406852878,0.21426202865079652,0.29299449859718185
14,OnlineFPCA-adagrad,0.1,4200,100,face,3,5,0.665048122406006,8,4,0.20843119957886327,0.2868329660817727,0.35958619032666594,0.10435835573208282,0.1898507882123059,0.2947013783033835
14,OnlineFPCA-adagrad,0.1,4300,100,face,3,5,0.660130023956299,8,4,0.16030734784535355,0.298403199715266,0.3087864690798768,0.08889167609144173,0.20930406317969164,0.3012312902887468
14,OnlineFPCA-adagrad,0.1,4400,100,face,3,5,0.660794734954834,8,4,0.1289690641603784,0.15474605609530276,0.24463738309518165,0.0680483960839116,0.19047397416155856,0.273315422194964
14,OnlineFPCA-adagrad,0.1,4500,100,face,3,5,0.657029390335083,8,4,0.15454745669430067,0.20862421807251524,0.2731338492061201,0.05685780640872934,0.1811714406569295,0.26018043893228593
14,OnlineFPCA-adagrad,0.1,4600,100,face,3,5,0.660652875900269,8,4,0.14128962704754192,0.1276856794153239,0.1859820712382853,0.037818898763003414,0.16495046402609811,0.23437985128163566
14,OnlineFPCA-adagrad,0.1,4700,100,face,3,5,0.789815425872803,8,4,0.1357148367141524,0.08608345125078364,0.13901875689082197,0.027183821726507677,0.14996763752629383,0.21433773313929175
14,OnlineFPCA-adagrad,0.1,4800,100,face,3,5,0.65018892288208,8,4,0.06078581830630791,0.16660438225513036,0.1611868388816084,0.02044592052686647,0.14386781160148449,0.19757576699287072
14,OnlineFPCA-adagrad,0.1,4900,100,face,3,5,0.648380041122437,8,4,0.13156368846609476,0.18337934708873702,0.28330658711532436,0.015367606230893286,0.13661752692696305,0.1822062351409804
14,OnlineFPCA-adagrad,0.1,5000,100,face,3,5,0.658293724060059,8,4,0.17658598159050445,0.1646298181221117,0.3198404580182928,0.01440488115664937,0.12331217416308404,0.17602832457132309
14,OnlineFPCA-adagrad,0.1,5100,100,face,3,5,0.100392818450928,8,4,0.14324614371471403,0.11714921120232917,0.21930603263476564,0.018851771141682093,0.11150781886931722,0.1753482668597352
14,OnlineFPCA-adagrad,0.1,5200,100,face,3,5,0.102864265441895,8,4,0.12907432675681124,0.17497796055946066,0.21439837311123608,0.0202068107983779,0.09707716547030668,0.1643847166433768
14,OnlineFPCA-adagrad,0.1,5300,100,face,3,5,0.0964839458465576,8,4,0.12804094663955487,0.17307277034387414,0.17548718338851219,0.02792335202345538,0.0846507140778624,0.15900874272337245
14,OnlineFPCA-adagrad,0.1,5400,100,face,3,5,0.0999360084533691,8,4,0.2197587820201587,0.12159899956962027,0.1871719775790407,0.029724042045382912,0.08249334025952673,0.15912100449284702
14,OnlineFPCA-adagrad,0.1,5500,100,face,3,5,0.101736545562744,8,4,0.13475638620371216,0.1558196406386454,0.17173681929924317,0.02881429153372743,0.08465840549552486,0.15710512978677518
14,OnlineFPCA-adagrad,0.1,5600,100,face,3,5,0.0971686840057373,8,4,0.1375278837182905,0.25096978044450163,0.25527994156879935,0.02597452140944821,0.08512895100128827,0.1579361387556788
14,OnlineFPCA-adagrad,0.1,5700,100,face,3,5,0.103215456008911,8,4,0.15355609484315183,0.15927744228755183,0.294003468889893,0.02842258726783326,0.08650277090900332,0.15792493270578548
14,OnlineFPCA-adagrad,0.1,5800,100,face,3,5,0.0990545749664307,8,4,0.12485820681321033,0.2446319760085286,0.21141966799094128,0.027834681062927285,0.08949627465766383,0.1601443341315505
14,OnlineFPCA-adagrad,0.1,5900,100,face,3,5,0.10009503364563,8,4,0.1457848944298542,0.23264208174111276,0.24503918801661384,0.02656111016533113,0.08923966758934646,0.15973247605472285
14,OnlineFPCA-adagrad,0.1,6000,100,face,3,5,0.104038000106812,8,4,0.14481362522648292,0.18139153097571947,0.2101056534234786,0.02603955897239039,0.0939126970381372,0.16370473077929737
14,OnlineFPCA-adagrad,0.1,6100,100,face,3,5,0.0971605777740479,8,4,0.13947437871346,0.23456542842886408,0.16463725245836697,0.027736120861632085,0.09785692818988365,0.16130945372654093
14,OnlineFPCA-adagrad,0.1,6200,100,face,3,5,0.103827238082886,8,4,0.11405030848201299,0.23640363526989308,0.1900321767647054,0.02983435949979405,0.10227077605905609,0.1586503603758077
14,OnlineFPCA-adagrad,0.1,6300,100,face,3,5,0.102041959762573,8,4,0.14873874205109336,0.26314399414458295,0.13805198536585567,0.031536636140841574,0.1061023463314755,0.15660435772811296
14,OnlineFPCA-adagrad,0.1,6400,100,face,3,5,0.0973567962646484,8,4,0.10547313809938974,0.1878735166527209,0.18696292728862463,0.03162691858144613,0.10638250423039934,0.15197419136241574
14,OnlineFPCA-adagrad,0.1,6500,100,face,3,5,0.10297417640686,8,4,0.16543112441756527,0.1373791543239841,0.23660198609009656,0.029899652413367513,0.10422532099323335,0.1445800283850778
14,OnlineFPCA-adagrad,0.1,6600,100,face,3,5,0.0993614196777344,8,4,0.11312040922010831,0.19193562594787614,0.17805859685992237,0.029754596840245846,0.09932228060060433,0.13889158881338076
14,OnlineFPCA-adagrad,0.1,6700,100,face,3,5,0.10014271736145,8,4,0.1594956566216828,0.1880448007375269,0.14122943774718394,0.03171943417805746,0.09645811842582039,0.13492169127719905
14,OnlineFPCA-adagrad,0.1,6800,100,face,3,5,0.103224039077759,8,4,0.1489557857211159,0.22956563152540177,0.17624735009477197,0.03379978913931758,0.09477821577298515,0.13166041805276288
14,OnlineFPCA-adagrad,0.1,6900,100,face,3,5,0.097454309463501,8,4,0.20106666963520936,0.1172504760908913,0.17016960910233345,0.03673763943373824,0.09167450309712709,0.1297774005100842
14,OnlineFPCA-adagrad,0.1,7000,100,face,3,5,0.101997375488281,8,4,0.12500098459644052,0.24239582773247031,0.34206331296885706,0.038805407744585574,0.09140029296949712,0.13067497437327455
14,OnlineFPCA-adagrad,0.1,7100,100,face,3,5,0.102438688278198,8,4,0.17644105706932195,0.20949054960362967,0.23878849007253594,0.03951967196861366,0.0883634367208524,0.13007149998157827
14,OnlineFPCA-adagrad,0.1,7200,100,face,3,5,0.0966408252716064,8,4,0.14032407999091592,0.19016624129265305,0.19439306081164884,0.040241784824987296,0.08759172382026455,0.12831880223483552
14,OnlineFPCA-adagrad,0.1,7300,100,face,3,5,0.108851671218872,8,4,0.06180841670746257,0.07092390807453944,0.14703762691511824,0.040495288064485914,0.08656328393852852,0.12816507554132958
14,OnlineFPCA-adagrad,0.1,7400,100,face,3,5,0.100784540176392,8,4,0.11104787286978211,0.11856361990493518,0.16353967983304227,0.03946772477624227,0.08595439993831655,0.12771474535487298
14,OnlineFPCA-adagrad,0.1,7500,100,face,3,5,0.102071285247803,8,4,0.10886565118240883,0.15473569735395296,0.10070465623761331,0.03955743575945272,0.0870229226657385,0.12524194879636533
14,OnlineFPCA-adagrad,0.1,7600,100,face,3,5,0.104892253875732,8,4,0.10326371217275282,0.11064775828671866,0.18632962652397816,0.03797239293881343,0.0861708482164307,0.11990684296563821
14,OnlineFPCA-adagrad,0.1,7700,100,face,3,5,0.0973715782165527,8,4,0.09171546582176386,0.09620407242546017,0.2800975470266369,0.036691490599589024,0.08513238472975504,0.1172777781368669
14,OnlineFPCA-adagrad,0.1,7800,100,face,3,5,0.105772733688354,8,4,0.12030694691181192,0.16568174875724362,0.19294074346891837,0.03545110616057219,0.08194766503327743,0.11720323585749919
14,OnlineFPCA-adagrad,0.1,7900,100,face,3,5,0.104362964630127,8,4,0.139206931710079,0.1737498909610899,0.1983974708327746,0.03299097131005437,0.0798256768050837,0.1177954741517468
14,OnlineFPCA-adagrad,0.1,8000,100,face,3,5,0.0984537601470947,8,4,0.1839193339597774,0.12936947450635156,0.2068884819477795,0.0311957668650233,0.07741858088947444,0.1173299395233707
14,OnlineFPCA-adagrad,0.1,8100,100,face,3,5,0.104941844940186,8,4,0.12160546698806904,0.11145819135786784,0.2053027537765966,0.030293109780996325,0.07673462451572023,0.11600269756226816
14,OnlineFPCA-adagrad,0.1,8200,100,face,3,5,0.101890563964844,8,4,0.09562208589426464,0.1675041316389014,0.08449870398280208,0.031078521822859074,0.07694601600352932,0.11294437834828921
14,OnlineFPCA-adagrad,0.1,8300,100,face,3,5,0.102201223373413,8,4,0.1364471277934807,0.14971951153486032,0.20313309163821971,0.032552058252462164,0.07711724806593186,0.11111530337323842
14,OnlineFPCA-adagrad,0.1,8400,100,face,3,5,0.104538440704346,8,4,0.0912308280722684,0.18695139684413545,0.23603670093926427,0.032491232216858325,0.07764047523997088,0.11065425722911723
14,OnlineFPCA-adagrad,0.1,8500,100,face,3,5,0.0989241600036621,8,4,0.06953621617433821,0.10170741364273164,0.19909982752852512,0.03203376173522221,0.0768029224572634,0.10994584152482094
14,OnlineFPCA-adagrad,0.1,8600,100,face,3,5,0.101568698883057,8,4,0.1001643172240523,0.05421967038613937,0.29770169967341054,0.031948973755062324,0.07524927454400021,0.11109357581696425
14,OnlineFPCA-adagrad,0.1,8700,100,face,3,5,0.104354381561279,8,4,0.16770534981296364,0.1629140989188666,0.3005917180954058,0.030384727105733936,0.07165799111226799,0.11431752450228341
14,OnlineFPCA-adagrad,0.1,8800,100,face,3,5,0.0985634326934814,8,4,0.1260556219697092,0.2244614460870106,0.40444629814773775,0.029260853670837528,0.06901124338127056,0.11888735316470496
14,OnlineFPCA-adagrad,0.1,8900,100,face,3,5,0.102317571640015,8,4,0.2247739333502919,0.16664400251340394,0.3151174760258518,0.028128646006729225,0.06836192756821713,0.12295824519876025
14,OnlineFPCA-adagrad,0.1,9000,100,face,3,5,0.101569890975952,8,4,0.15524977503797893,0.12139391983384233,0.3079534338363413,0.02815625734708478,0.06555261978849598,0.12652767088496694
14,OnlineFPCA-adagrad,0.1,9100,100,face,3,5,0.0992028713226318,8,4,0.16240049144361632,0.15731655713987344,0.32117012039629367,0.02837325205974043,0.0653159211322413,0.12933701400214567
14,OnlineFPCA-adagrad,0.1,9200,100,face,3,5,0.105056524276733,8,4,0.17526938070170162,0.20180236283706446,0.3039079195609442,0.02770302328277654,0.06518576821727626,0.13160956396599197
14,OnlineFPCA-adagrad,0.1,9300,100,face,3,5,0.0992679595947266,8,4,0.1190926221547751,0.24818213747293238,0.272269100298918,0.0264942608266937,0.06711120579135756,0.13395869257522214
14,OnlineFPCA-adagrad,0.1,9400,100,face,3,5,0.102789640426636,8,4,0.10986760320345493,0.14737583972008753,0.22741728888094367,0.025423423844266848,0.06678867753185101,0.13502855773890782
14,OnlineFPCA-adagrad,0.1,9500,100,face,3,5,0.105217456817627,8,4,0.13102968322224376,0.19151156406205877,0.2554713863633614,0.025587863675468316,0.06737751784646984,0.13611944653233282
14,OnlineFPCA-adagrad,0.1,9600,100,face,3,5,0.100507736206055,8,4,0.1198251322954641,0.10643110636295403,0.20609730955930264,0.025498633097915495,0.06736989814912589,0.13676535198422332
14,OnlineFPCA-adagrad,0.1,9700,100,face,3,5,0.105091571807861,8,4,0.11665833852227578,0.09503606221841888,0.1503887345406933,0.024962834796448584,0.06805046327182478,0.13743555848461478
14,OnlineFPCA-adagrad,0.1,9800,100,face,3,5,0.101833820343018,8,4,0.05441553356051962,0.1517771852836549,0.17261637461754087,0.02469154519031438,0.0697631321869133,0.13765192077071467
14,OnlineFPCA-adagrad,0.1,9900,100,face,3,5,0.0997772216796875,8,4,0.10213474095728745,0.1688372342761908,0.2550879052863834,0.02449004226551879,0.0707325203486212,0.13744824324556953
14,OnlineFPCA-adagrad,0.1,10000,100,face,3,5,0.104891777038574,8,4,0.1253885313291764,0.15284941819238257,0.28079291613709584,0.02466032295667573,0.0707102536994301,0.1376228127790419
14,OnlineFPCA-adagrad,0.1,10100,100,face,3,5,0.09840989112854,8,4,0.12290314500933307,0.08052655852122967,0.20629875703606346,0.025076920802126288,0.07001963045016181,0.13799883992331524
14,OnlineFPCA-adagrad,0.1,10200,100,face,3,5,0.10480260848999,8,4,0.11340226879705269,0.15147951425427603,0.19036296744728645,0.02518922153745117,0.06821217161533187,0.1369081602631305
14,OnlineFPCA-adagrad,0.1,10300,100,face,3,5,0.102707624435425,8,4,0.11198098813076408,0.17483931787771934,0.16691460394812885,0.026161841618777857,0.06648099649386115,0.1361711043187881
14,OnlineFPCA-adagrad,0.1,10400,100,face,3,5,0.0990521907806396,8,4,0.18654622009354688,0.11752375298299278,0.17268819553718875,0.02669947904854473,0.06617705036238082,0.13611010266988027
14,OnlineFPCA-adagrad,0.1,10500,100,face,3,5,0.105790615081787,8,4,0.11594770744739806,0.13494482373501238,0.1590664969267341,0.027087773178079262,0.06685334866281625,0.13549665519467008
14,OnlineFPCA-adagrad,0.1,10600,100,face,3,5,0.103869676589966,8,4,0.13299818633697724,0.20028466454558733,0.20230424118472135,0.026796546479638285,0.06753651364681085,0.13559674001028413
14,OnlineFPCA-adagrad,0.1,10700,100,face,3,5,0.100821495056152,8,4,0.13359764163856014,0.14016958830993,0.23756426087701116,0.027234078271045084,0.06825530987895712,0.13594090053482902
14,OnlineFPCA-adagrad,0.1,10800,100,face,3,5,0.103731870651245,8,4,0.10588620893365547,0.2081255079108317,0.17243020375253007,0.02719343357308779,0.0693054014903235,0.13659444589522515
14,OnlineFPCA-adagrad,0.1,10900,100,face,3,5,0.102524995803833,8,4,0.1187199409511563,0.21056828372108158,0.2218186737140082,0.026915515557230704,0.06949157752730073,0.13662490469747174
14,OnlineFPCA-adagrad,0.1,11000,100,face,3,5,0.102116346359253,8,4,0.1274638226860441,0.18219054899315656,0.19443464068222652,0.026419900779761925,0.07086336595634489,0.13742627273410293
14,OnlineFPCA-adagrad,0.1,11100,100,face,3,5,0.102031469345093,8,4,0.1199014556929255,0.20582901181109525,0.15005445723286784,0.026522383793104603,0.07232655850809128,0.1371465661363704
14,OnlineFPCA-adagrad,0.1,11200,100,face,3,5,0.0985274314880371,8,4,0.1031786873096233,0.22031159287915572,0.18064281538561613,0.027110503221692835,0.07387210562618868,0.1371445798447643
14,OnlineFPCA-adagrad,0.1,11300,100,face,3,5,0.101944446563721,8,4,0.1290163852899823,0.2357009053284345,0.13867557885386075,0.027458127586282625,0.07535501051869589,0.1368756360715698
14,OnlineFPCA-adagrad,0.1,11400,100,face,3,5,0.10979962348938,8,4,0.08996682084477994,0.18178601415116308,0.16034995178226497,0.0274931765887135,0.07592218124469914,0.13597907433589518
14,OnlineFPCA-adagrad,0.1,11500,100,face,3,5,0.0992863178253174,8,4,0.1388692199468473,0.09691724394164435,0.18975976221435925,0.027233075207996574,0.07585162595695519,0.13454538883086367
14,OnlineFPCA-adagrad,0.1,11600,100,face,3,5,0.102253198623657,8,4,0.09172565380696815,0.13985895029543172,0.1498434349758596,0.02717258912658673,0.07519638397206638,0.13337746520105298
14,OnlineFPCA-adagrad,0.1,11700,100,face,3,5,0.101031064987183,8,4,0.12452936728079253,0.13808049881322512,0.1230190046233738,0.027759768218319752,0.07485581938759164,0.132411195682436
14,OnlineFPCA-adagrad,0.1,11800,100,face,3,5,0.102088451385498,8,4,0.12058917261653425,0.17758984630012423,0.13328242768146495,0.02847798245227957,0.07468318677276006,0.13159633095274842
14,OnlineFPCA-adagrad,0.1,11900,100,face,3,5,0.102205038070679,8,4,0.16701467836366132,0.09888014431485954,0.1432335891736299,0.029440808896056877,0.07389642790871297,0.13106179690874586
14,OnlineFPCA-adagrad,0.1,12000,100,face,3,5,0.0977258682250977,8,4,0.1116740936551528,0.19142636962021364,0.2746118576370632,0.03044637962235665,0.07378179863194993,0.13132590894519686
14,OnlineFPCA-adagrad,0.1,12100,100,face,3,5,0.101301193237305,8,4,0.13775473963002077,0.1596760531173745,0.17964883903295858,0.03080154643960401,0.07288266454997075,0.13125896251514804
14,OnlineFPCA-adagrad,0.1,12200,100,face,3,5,0.103276014328003,8,4,0.11956731043312355,0.16377275216710466,0.16631849302599053,0.031024302508351552,0.07250564119292877,0.1307358488346868
14,OnlineFPCA-adagrad,0.1,12300,100,face,3,5,0.0980508327484131,8,4,0.05248516438638163,0.06062972615349286,0.1445302887270338,0.031040837293318427,0.07213917378181668,0.13058846187815057
14,OnlineFPCA-adagrad,0.1,12400,100,face,3,5,0.104479312896729,8,4,0.09254503065464786,0.10421145558303622,0.14552057919319297,0.03084989807957338,0.07193699904642498,0.13029703391321543
14,OnlineFPCA-adagrad,0.1,12500,100,face,3,5,0.100283145904541,8,4,0.10272632732333599,0.12919404716480956,0.10515913944860934,0.031198443873031913,0.07238488426263777,0.1294553812453929
14,OnlineFPCA-adagrad,0.1,12600,100,face,3,5,0.100918292999268,8,4,0.08808957262177983,0.10528730915080176,0.16666804200794835,0.030978429630806586,0.07222495233947501,0.12754659287955358
14,OnlineFPCA-adagrad,0.1,12700,100,face,3,5,0.103975296020508,8,4,0.07954737283372862,0.08405045601438023,0.22645687688424826,0.030650065706039308,0.07200216264694093,0.12649746695751818
14,OnlineFPCA-adagrad,0.1,12800,100,face,3,5,0.100980281829834,8,4,0.0899904192118984,0.1233660541919287,0.16220096937889392,0.03021386852985583,0.07108958081962471,0.12628037677946094
14,OnlineFPCA-adagrad,0.1,12900,100,face,3,5,0.101833343505859,8,4,0.1125311482851311,0.14465025652652094,0.1763724111477501,0.02932096196073813,0.07044305191044431,0.12609109570693117
14,OnlineFPCA-adagrad,0.1,13000,100,face,3,5,0.10369348526001,8,4,0.15854425911444256,0.11506041827493685,0.18532684235599386,0.028445809157842172,0.06973270882552347,0.12552733981022327
14,OnlineFPCA-adagrad,0.1,13100,100,face,3,5,0.0980801582336426,8,4,0.11260156522265866,0.10189034761931921,0.19218143011571637,0.027863134362387878,0.06954415193905925,0.12466158488042324
14,OnlineFPCA-adagrad,0.1,13200,100,face,3,5,0.103549957275391,8,4,0.08373444910289882,0.14913866708757698,0.08196540223307199,0.027926424443508024,0.06967617766510327,0.1232989542550736
14,OnlineFPCA-adagrad,0.1,13300,100,face,3,5,0.100849866867065,8,4,0.11138658182399888,0.12561314025199535,0.17278477854139263,0.02844937301051555,0.06986509870451933,0.12253625943483637
14,OnlineFPCA-adagrad,0.1,13400,100,face,3,5,0.101431608200073,8,4,0.07270002946720672,0.15871819195603531,0.20528101417427122,0.028562679458175557,0.0701417287779578,0.12235249018703723
14,OnlineFPCA-adagrad,0.1,13500,100,face,3,5,0.104423999786377,8,4,0.06686873736344574,0.09640175252043698,0.1734611029324254,0.028550373686391812,0.06988079453756388,0.12195760689446615
14,OnlineFPCA-adagrad,0.1,13600,100,face,3,5,0.100268840789795,8,4,0.08229575553098045,0.046480174993907816,0.26405446923136483,0.02853282630754315,0.06923710615793119,0.12234265786769638
14,OnlineFPCA-adagrad,0.1,13700,100,face,3,5,0.101570844650269,8,4,0.1452167303721162,0.14082819269940602,0.2724385905521649,0.02812309651922807,0.06776509356717873,0.12363603285916781
14,OnlineFPCA-adagrad,0.1,13800,100,face,3,5,0.104269504547119,8,4,0.11822815586657799,0.19406079225914452,0.3695833392845593,0.027803575778002295,0.06654701359375913,0.12552173227850735
14,OnlineFPCA-adagrad,0.1,13900,100,face,3,5,0.100142002105713,8,4,0.20765168722737687,0.1389893357718323,0.29518431245717736,0.027404944125963487,0.06616345481880063,0.1273011422134516
14,OnlineFPCA-adagrad,0.1,14000,100,face,3,5,0.227946996688843,8,4,0.14745386849967976,0.10784127743252904,0.29557078563284117,0.027487355646709132,0.064928383272346,0.12893951649608362
14,OnlineFPCA-adagrad,0.1,14100,100,face,3,5,0.0986285209655762,8,4,0.14446774502269377,0.13569808586310048,0.3050961524949947,0.027616875436150372,0.06467439138819488,0.13029878461906946
14,OnlineFPCA-adagrad,0.1,14200,100,face,3,5,0.0988473892211914,8,4,0.15536076367363927,0.16951268221711704,0.28794105561768923,0.027298443815733257,0.06448931302986484,0.1313553219696054
14,OnlineFPCA-adagrad,0.1,14300,100,face,3,5,0.101519107818604,8,4,0.10394783688990852,0.22182792090996545,0.26127399186112293,0.02665886908998896,0.06527930454287474,0.1324126590649019
14,OnlineFPCA-adagrad,0.1,14400,100,face,3,5,0.0990738868713379,8,4,0.09993032377225859,0.14327163063771975,0.21085931774869127,0.026075841867959592,0.06518159649222525,0.1329665776899803
14,OnlineFPCA-adagrad,0.1,14500,100,face,3,5,0.0987339019775391,8,4,0.11155883975873607,0.17995403960841405,0.2408665837433063,0.026036014519326932,0.06542121306181765,0.1334864805774309
14,OnlineFPCA-adagrad,0.1,14600,100,face,3,5,0.102544784545898,8,4,0.10155037173238535,0.10014203668742595,0.20945127736318536,0.026039104879839726,0.0653651944095711,0.13395882680242818
14,OnlineFPCA-adagrad,0.1,14700,100,face,3,5,0.0973305702209473,8,4,0.10602138015611803,0.0987410953607492,0.1595155921053084,0.025793239284805314,0.06562867027781423,0.1344403518226674
14,OnlineFPCA-adagrad,0.1,14800,100,face,3,5,0.103092670440674,8,4,0.05175409912369305,0.14167412675824098,0.18276673955793762,0.02566534287663233,0.06647307614636928,0.13477156114242353
14,OnlineFPCA-adagrad,0.1,14900,100,face,3,5,0.100248575210571,8,4,0.08774062317545975,0.1584566578592913,0.2425516381566128,0.02556088210006835,0.06703361575982329,0.13489759892295897
14,OnlineFPCA-adagrad,0.1,15000,100,face,3,5,0.100949287414551,8,4,0.10259565395883938,0.14360498814647335,0.2607059373207342,0.025626322912764846,0.06713600139561597,0.13518129133743534
