seed,Method,StepSize,N,Ninit,initMethod,npc,nBatch,Time,C,W,RMSEphi1,RMSEphi2,RMSEphi3,RMSEphi1.avg,RMSEphi2.avg,RMSEphi3.avg
61,OnlineFPCA-sgd,0.1,0,100,face,3,5,2.17004084587097,3,1,1.9917709343764392,1.3570859652687575,1.3355170960124043,1.9917709343764392,1.3570859652687575,1.3355170960124043
61,OnlineFPCA-sgd,0.1,100,100,face,3,5,0.420737743377686,3,1,1.8019494492118393,1.7872036135429892,1.6997600066980059,NA,NA,NA
61,OnlineFPCA-sgd,0.1,200,100,face,3,5,0.241023302078247,3,1,0.46849134644664026,1.3813343745385982,1.5344759137478576,NA,NA,NA
61,OnlineFPCA-sgd,0.1,300,100,face,3,5,0.238297939300537,3,1,1.0353554134801282,1.1572260682154842,0.8308075071075459,NA,NA,NA
61,OnlineFPCA-sgd,0.1,400,100,face,3,5,0.241597890853882,3,1,0.8097079881957846,1.6882736251469685,1.2081971275292467,NA,NA,NA
61,OnlineFPCA-sgd,0.1,500,100,face,3,5,0.239258289337158,3,1,0.9886274977684354,1.3111656807234449,0.7769351506532799,NA,NA,NA
61,OnlineFPCA-sgd,0.1,600,100,face,3,5,0.2444007396698,3,1,0.9693940575548798,1.318367633169844,0.8866870894977938,NA,NA,NA
61,OnlineFPCA-sgd,0.1,700,100,face,3,5,0.244453907012939,3,1,0.9627674457701411,1.3186161937978673,0.8863682176071199,NA,NA,NA
61,OnlineFPCA-sgd,0.1,800,100,face,3,5,0.247185468673706,3,1,0.9584851246039576,1.3186595975744115,0.8851425938769639,NA,NA,NA
61,OnlineFPCA-sgd,0.1,900,100,face,3,5,0.404967546463013,3,1,0.9526441273711718,1.3187185755319843,0.8813103501447115,NA,NA,NA
61,OnlineFPCA-sgd,0.1,1000,100,face,3,5,0.22786545753479,3,1,0.9236185860605853,1.315946720000948,0.834496195733927,NA,NA,NA
61,OnlineFPCA-sgd,0.1,1100,100,face,3,5,0.330279350280762,3,1,0.514458367898373,1.155666606346391,0.38219518133349606,0.5988702230156273,1.257021549137294,0.3959168808235287
61,OnlineFPCA-sgd,0.1,1200,100,face,3,5,0.301289319992065,3,1,1.0520087424313593,1.1957394193087867,1.504704531736929,0.5730358901855341,0.9749069422667822,0.90283507742323
61,OnlineFPCA-sgd,0.1,1300,100,face,3,5,0.29989218711853,3,1,0.8371124816988216,1.2267599359796477,1.4425645277683514,0.5657882489724293,1.0080557121893738,1.088724128280202
61,OnlineFPCA-sgd,0.1,1400,100,face,3,5,0.303433895111084,3,1,0.5316082228873683,1.229970854861814,1.3482522993647184,0.5576492992780177,1.0481504983160588,1.160486939770905
61,OnlineFPCA-sgd,0.1,1500,100,face,3,5,0.302395105361938,3,1,0.502399341995376,1.23531863611579,1.3384047987738281,0.5476252554904429,1.0784558173106764,1.2000400806513205
61,OnlineFPCA-sgd,0.1,1600,100,face,3,5,0.301610231399536,3,1,0.5008474972199946,1.235551014141535,1.3376929662288708,0.5392087904302771,1.1007959870067028,1.2244976891783441
61,OnlineFPCA-sgd,0.1,1700,100,face,3,5,0.306023359298706,3,1,0.49983135354877184,1.2357305297650443,1.33715104517552,0.5331907855518447,1.1176603629928177,1.2414337048002926
61,OnlineFPCA-sgd,0.1,1800,100,face,3,5,0.303386211395264,3,1,0.4986703563388775,1.2360196697685546,1.3366494790786148,0.5286302077498409,1.1308255000349785,1.2538415825656544
61,OnlineFPCA-sgd,0.1,1900,100,face,3,5,0.32584810256958,3,1,0.4975932981560162,1.2361418597311882,1.3360710853999118,0.5250193596069141,1.1413865683225364,1.2633097396431452
61,OnlineFPCA-sgd,0.1,2000,100,face,3,5,0.304160356521606,3,1,0.496275213820415,1.2363233635134834,1.3355796439217809,0.5220508814523455,1.1500293787962965,1.2707555971127615
61,OnlineFPCA-sgd,0.1,2100,100,face,3,5,0.295366764068604,3,1,1.521100938833624,0.6548716049438279,1.4130009810620598,0.5676640499961045,0.9760468585679282,1.14926812415176
61,OnlineFPCA-sgd,0.1,2200,100,face,3,5,0.292896747589111,3,1,1.251298854510996,0.12275693020164473,1.2703365739327834,0.6435467614257508,0.8436617211348759,1.0775481217501859
61,OnlineFPCA-sgd,0.1,2300,100,face,3,5,0.297550916671753,3,1,0.43650043165645974,0.23426499970535522,0.4436737049977313,0.665099322095454,0.7639064137979027,1.0286582640343322
61,OnlineFPCA-sgd,0.1,2400,100,face,3,5,0.306401252746582,3,1,0.31026114719493564,0.1761595268291191,0.12885474570892022,0.6157331154339073,0.7088641721602824,0.9552240197433006
61,OnlineFPCA-sgd,0.1,2500,100,face,3,5,0.297126293182373,3,1,0.3087073102172636,0.11999304681981776,0.260884606642802,0.564178656286966,0.6560371944240748,0.8818211479819118
61,OnlineFPCA-sgd,0.1,2600,100,face,3,5,0.298118829727173,3,1,0.3150453775753667,0.18728732316519647,0.2098123818281844,0.5322632363862746,0.6125520584625092,0.826049620097645
61,OnlineFPCA-sgd,0.1,2700,100,face,3,5,0.297404050827026,3,1,0.31837976187773254,0.16249446756790098,0.31825790187456154,0.48737649717831316,0.5789572535856633,0.7696327886344536
61,OnlineFPCA-sgd,0.1,2800,100,face,3,5,0.294184446334839,3,1,0.19655870784127327,0.28059584849794955,0.1373054193782559,0.4508853386176954,0.5471497834801646,0.7191249677583766
61,OnlineFPCA-sgd,0.1,2900,100,face,3,5,0.294665813446045,3,1,0.30528343288303134,0.10287043008563171,0.27417334300939394,0.42494580020580386,0.5143944650064519,0.6799976318900399
61,OnlineFPCA-sgd,0.1,3000,100,face,3,5,0.297839879989624,3,1,0.17272526665450277,0.21013280350676017,0.2834068454801158,0.4016748230641473,0.4888231084081944,0.6434793987116292
61,OnlineFPCA-sgd,0.1,3100,100,face,3,5,0.296452522277832,3,1,0.3299698818568891,0.1915914413447206,0.2924864087253432,0.38360104699058906,0.4639641040884652,0.6116051221067742
61,OnlineFPCA-sgd,0.1,3200,100,face,3,5,0.298789501190186,3,1,0.2362270705206739,0.16209305003851118,0.3658502365392713,0.36569075960936565,0.4439190106365613,0.5804906354639402
61,OnlineFPCA-sgd,0.1,3300,100,face,3,5,0.294948577880859,3,1,0.17025714772047423,0.09871066809862677,0.23381000227271204,0.34753993400307653,0.42550654283565226,0.5526524036033013
61,OnlineFPCA-sgd,0.1,3400,100,face,3,5,0.29479718208313,3,1,0.06441790620481758,0.1824418694463407,0.23025291944393636,0.3347237195239911,0.41018095128533844,0.5321588205498538
61,OnlineFPCA-sgd,0.1,3500,100,face,3,5,0.2943274974823,3,1,0.23860013599858948,0.21096101755560534,0.148348562033229,0.32094569641276166,0.39397411279846417,0.510167198918828
61,OnlineFPCA-sgd,0.1,3600,100,face,3,5,0.299799203872681,3,1,0.17914897407796235,0.22244655297287233,0.18064605641846873,0.3080248144404362,0.37916884443512205,0.4907071882837459
61,OnlineFPCA-sgd,0.1,3700,100,face,3,5,0.297603130340576,3,1,0.12843602689711037,0.2554752266067816,0.2514549030473778,0.29696202314189574,0.3677723254893307,0.47435512835233334
61,OnlineFPCA-sgd,0.1,3800,100,face,3,5,0.30074667930603,3,1,0.14893992496770195,0.23474632869473602,0.22545623927323424,0.28479894422636604,0.35546717792989413,0.4577127759230499
61,OnlineFPCA-sgd,0.1,3900,100,face,3,5,0.298078775405884,3,1,0.26686696799887366,0.18969223921554987,0.24014974383674856,0.2734108213159507,0.3440848524735762,0.44052827703498054
61,OnlineFPCA-sgd,0.1,4000,100,face,3,5,0.29450798034668,3,1,0.26362459443055203,0.3351331849747012,0.4258229944484354,0.26362459443055203,0.3351331849747012,0.4258229944484354
61,OnlineFPCA-sgd,0.1,4100,100,face,3,5,0.297786474227905,3,1,0.3882699979177319,0.3465974793051008,0.46776586080923277,0.2134400937500241,0.3365351882733161,0.3993018634768287
61,OnlineFPCA-sgd,0.1,4200,100,face,3,5,0.293612480163574,3,1,0.2297689246779167,0.3841750363316542,0.4340748606868278,0.15731412884488583,0.3240634570668289,0.39869168475714184
61,OnlineFPCA-sgd,0.1,4300,100,face,3,5,0.295477390289307,3,1,0.2514876341750138,0.36346866268103645,0.41697649850345786,0.12300340648294827,0.32473926171819284,0.39938144596371394
61,OnlineFPCA-sgd,0.1,4400,100,face,3,5,0.296743154525757,3,1,0.23453775098132437,0.3719523970565347,0.42202700096968626,0.1109882315712518,0.3265093268601617,0.3878100561579485
61,OnlineFPCA-sgd,0.1,4500,100,face,3,5,0.294780731201172,3,1,0.28993515260801017,0.43358717231213123,0.5406816769132186,0.07901121170888448,0.3367041481072345,0.3983159546590292
61,OnlineFPCA-sgd,0.1,4600,100,face,3,5,0.298886299133301,3,1,0.1377195804291981,0.5083457743863068,0.4170040096598548,0.06552593246088802,0.34358955446275136,0.4023974907684058
61,OnlineFPCA-sgd,0.1,4700,100,face,3,5,0.299678087234497,3,1,0.3028365371574125,0.4202635165505068,0.45777269610497856,0.05775946406686106,0.3562056695350535,0.40424718940424564
61,OnlineFPCA-sgd,0.1,4800,100,face,3,5,0.305304050445557,3,1,0.33151433292056787,0.4058144385332301,0.3829905365935553,0.057780949323833375,0.35372867758642856,0.39987379561794156
61,OnlineFPCA-sgd,0.1,4900,100,face,3,5,0.310133695602417,3,1,0.12959040039184508,0.36086285068576407,0.38182425417658694,0.0411851158488738,0.34973165988869415,0.3931393633501081
61,OnlineFPCA-sgd,0.1,5000,100,face,3,5,0.296297788619995,3,1,0.12055035855003682,0.4518372069517096,0.5029864344471252,0.03660093254503064,0.3509268030940186,0.3861416531388815
61,OnlineFPCA-sgd,0.1,5100,100,face,3,5,0.113250255584717,3,1,0.13601931406323045,0.3439260034877595,0.5476072961825745,0.0385958259955214,0.3516280416108586,0.38987328354425466
61,OnlineFPCA-sgd,0.1,5200,100,face,3,5,0.124535083770752,3,1,0.14070397127317374,0.3924637456327559,0.5382461509563718,0.045690259219811104,0.34966883849237945,0.39630042977566043
61,OnlineFPCA-sgd,0.1,5300,100,face,3,5,0.112669706344604,3,1,0.22371252327295868,0.3489230085686412,0.43532453701931406,0.04283321059628581,0.35011634671928377,0.3920635751362937
61,OnlineFPCA-sgd,0.1,5400,100,face,3,5,0.117311239242554,3,1,0.22121400997669047,0.35251663635581504,0.500674896247831,0.04244733004817858,0.34914661726095236,0.386227243286232
61,OnlineFPCA-sgd,0.1,5500,100,face,3,5,0.111940622329712,3,1,0.21130490065176072,0.360750684632102,0.4481625701066368,0.04090341675574761,0.3481559763355915,0.386398881065543
61,OnlineFPCA-sgd,0.1,5600,100,face,3,5,0.116987943649292,3,1,0.2670853465678111,0.3376156258471863,0.3854023182316237,0.03848456840281405,0.346236551804214,0.3866997805284022
61,OnlineFPCA-sgd,0.1,5700,100,face,3,5,0.112088918685913,3,1,0.2947974394090829,0.31549481799202334,0.35997431713002415,0.0399409388171126,0.3440959832922975,0.3833668948757515
61,OnlineFPCA-sgd,0.1,5800,100,face,3,5,0.117425203323364,3,1,0.17993865304556778,0.33063019973626073,0.4309196191015673,0.033744098910045726,0.34033485565551014,0.38218796085368717
61,OnlineFPCA-sgd,0.1,5900,100,face,3,5,0.112488746643066,3,1,0.17153842172900094,0.3178810351321394,0.38802166411596883,0.02576682190061508,0.33387149194958116,0.38350309539241373
61,OnlineFPCA-sgd,0.1,6000,100,face,3,5,0.11493444442749,3,1,0.25150771317109366,0.4729955828135542,0.4002405962077625,0.01956773973797585,0.3284015564095322,0.380316105279237
61,OnlineFPCA-sgd,0.1,6100,100,face,3,5,0.115175485610962,3,1,0.23026391731273724,0.2941100986330017,0.44671855695018514,0.018123763090407582,0.3253077589316447,0.3792314972393625
61,OnlineFPCA-sgd,0.1,6200,100,face,3,5,0.115030765533447,3,1,0.47296475821439476,0.44597102877638883,0.41606431094942237,0.012368684507303399,0.3209523555329261,0.37760507892313055
61,OnlineFPCA-sgd,0.1,6300,100,face,3,5,0.118110179901123,3,1,0.2931162608233642,0.25300000534030237,0.4722641156391077,0.012437070001352798,0.31760981646934416,0.3754461963278638
61,OnlineFPCA-sgd,0.1,6400,100,face,3,5,0.112513780593872,3,1,0.21399809342052034,0.3150070550242981,0.43333464403008726,0.017992626575865357,0.31120298879351865,0.37242333322952553
61,OnlineFPCA-sgd,0.1,6500,100,face,3,5,0.118181705474854,3,1,0.269106584826096,0.3606148053372812,0.3408232619854261,0.014153720700761426,0.3085029782918309,0.36943332255677885
61,OnlineFPCA-sgd,0.1,6600,100,face,3,5,0.112593173980713,3,1,0.19310272966358624,0.3202238705386174,0.30883862632900716,0.01499235871472653,0.3067257579456846,0.3658864332063431
61,OnlineFPCA-sgd,0.1,6700,100,face,3,5,0.119629859924316,3,1,0.22584531935557076,0.39823948265037445,0.27259414195030807,0.017424815487124917,0.3046728882518803,0.35881793533924244
61,OnlineFPCA-sgd,0.1,6800,100,face,3,5,0.112412452697754,3,1,0.3563756684878921,0.3584094014827957,0.278832714530074,0.019082495374001786,0.30314249758440515,0.3518507745773461
61,OnlineFPCA-sgd,0.1,6900,100,face,3,5,0.116373777389526,3,1,0.12682034414597074,0.26889939078110875,0.2934252880264524,0.018745477055572543,0.3005821939689699,0.34663604845866286
61,OnlineFPCA-sgd,0.1,7000,100,face,3,5,0.116259336471558,3,1,0.19424207041996572,0.28822288605134244,0.2900435723129303,0.020611006692314436,0.2956390050790927,0.33936503403964785
61,OnlineFPCA-sgd,0.1,7100,100,face,3,5,0.115086317062378,3,1,0.286847338518367,0.243873510406477,0.251711481087141,0.021798567860493768,0.2908731240402165,0.32999793757611845
61,OnlineFPCA-sgd,0.1,7200,100,face,3,5,0.116403102874756,3,1,0.4278651912090878,0.21085176706226888,0.2770246438739096,0.02341752799054068,0.28603970143739277,0.3209361869691227
61,OnlineFPCA-sgd,0.1,7300,100,face,3,5,0.115628242492676,3,1,0.18842539658855567,0.23832268566031894,0.2331584131844837,0.022884097768422065,0.2815931232166585,0.3142950876044812
61,OnlineFPCA-sgd,0.1,7400,100,face,3,5,0.120124816894531,3,1,0.1309437803177114,0.16726551868099399,0.20340477162987383,0.02317046357782038,0.2767718482425386,0.3095937338460123
61,OnlineFPCA-sgd,0.1,7500,100,face,3,5,0.104679107666016,3,1,0.22334495807095822,0.25946513667037524,0.20935398541043115,0.021433334300287273,0.27156714893121825,0.304138847619189
61,OnlineFPCA-sgd,0.1,7600,100,face,3,5,0.106049776077271,3,1,0.29355233611164655,0.28700420349561007,0.24643300883962954,0.01980602020733974,0.2677679634735515,0.29940619131319685
61,OnlineFPCA-sgd,0.1,7700,100,face,3,5,0.0994949340820312,3,1,0.14571549319695634,0.3201086586965887,0.2687619365266233,0.02000189784413385,0.26610240600241886,0.2952230732630481
61,OnlineFPCA-sgd,0.1,7800,100,face,3,5,0.102134466171265,3,1,0.17465997474408088,0.33850774419448365,0.2326795694990252,0.019625544147034994,0.26497087915287887,0.2911903506498119
61,OnlineFPCA-sgd,0.1,7900,100,face,3,5,0.104458808898926,3,1,0.25754600029495534,0.26144818900293754,0.17179056167637902,0.016300324372985616,0.26320642679795486,0.28762811927038073
61,OnlineFPCA-sgd,0.1,8000,100,face,3,5,0.102566719055176,3,1,0.1754202124422811,0.31488879188869656,0.193100455042417,0.016282326956210513,0.2613858326852643,0.2839761730278072
61,OnlineFPCA-sgd,0.1,8100,100,face,3,5,0.104126930236816,3,1,0.24327904974541342,0.27061107499186493,0.24408480885115738,0.015506026323449525,0.2596707698116207,0.2800985556837847
61,OnlineFPCA-sgd,0.1,8200,100,face,3,5,0.101566553115845,3,1,0.19604128293773587,0.23920898418057204,0.3124344150056851,0.01743022339692236,0.25810627676181136,0.2763184161124925
61,OnlineFPCA-sgd,0.1,8300,100,face,3,5,0.105989217758179,3,1,0.12117268353846126,0.18901371344701223,0.2527114914823396,0.018606419488625636,0.256516566169064,0.27350798843078444
61,OnlineFPCA-sgd,0.1,8400,100,face,3,5,0.0995907783508301,3,1,0.09077478245927074,0.21645483175407618,0.23998192034243881,0.01931954247411447,0.2546300217613178,0.2711598113153366
61,OnlineFPCA-sgd,0.1,8500,100,face,3,5,0.106215238571167,3,1,0.14933038358760317,0.19287976997198564,0.13889025900725122,0.017795001945855995,0.25239240602136587,0.267858991023029
61,OnlineFPCA-sgd,0.1,8600,100,face,3,5,0.0995848178863525,3,1,0.1378604807749435,0.1964392487553519,0.1726546763067471,0.017380314452210506,0.24960649890832518,0.26504540690041944
61,OnlineFPCA-sgd,0.1,8700,100,face,3,5,0.10647988319397,3,1,0.0849431398937048,0.2282375874953422,0.23225579893852163,0.015185458881581099,0.24702150611754728,0.26313132968712827
61,OnlineFPCA-sgd,0.1,8800,100,face,3,5,0.0994546413421631,3,1,0.1285716277165006,0.22011655167418726,0.22404484708821729,0.015853366214512287,0.24506729228742438,0.26154739884350026
61,OnlineFPCA-sgd,0.1,8900,100,face,3,5,0.102031230926514,3,1,0.23471847229344572,0.2069698260782377,0.21046803077179357,0.01593158771217579,0.24329609969182775,0.25987630295153596
61,OnlineFPCA-sgd,0.1,9000,100,face,3,5,0.103217363357544,3,1,0.22245111129214595,0.2516563759728407,0.29668635059445286,0.015849253601361708,0.24199163638856025,0.25805223886619216
61,OnlineFPCA-sgd,0.1,9100,100,face,3,5,0.0994510650634766,3,1,0.3441670624895134,0.22901204222376673,0.31186883176847213,0.016253290907180938,0.24061416507254102,0.2567058441695169
61,OnlineFPCA-sgd,0.1,9200,100,face,3,5,0.106310129165649,3,1,0.18076695658728772,0.17712887726152318,0.27674464309750596,0.017174471136863923,0.23852040166098118,0.2556976124126574
61,OnlineFPCA-sgd,0.1,9300,100,face,3,5,0.0990293025970459,3,1,0.22611418962409874,0.17458444039148716,0.254532387769357,0.018321749257336442,0.23654090716113021,0.2550181594785891
61,OnlineFPCA-sgd,0.1,9400,100,face,3,5,0.106785297393799,3,1,0.18136582559092435,0.17930102628804076,0.2342082601805046,0.020518649168191537,0.23444180131310283,0.25345816748710237
61,OnlineFPCA-sgd,0.1,9500,100,face,3,5,0.100349187850952,3,1,0.26205585890737165,0.2554773332410102,0.3335672012382463,0.020831703424652678,0.23297698295736757,0.2524026474889916
61,OnlineFPCA-sgd,0.1,9600,100,face,3,5,0.109593391418457,3,1,0.10403376296314032,0.2903844349058307,0.20100100529107945,0.02093805608337737,0.23136377473387662,0.25147963037521226
61,OnlineFPCA-sgd,0.1,9700,100,face,3,5,0.0997292995452881,3,1,0.272083785826577,0.24028933933075783,0.24660381884321664,0.021196478303923887,0.2298830554788838,0.250213219793694
61,OnlineFPCA-sgd,0.1,9800,100,face,3,5,0.104005575180054,3,1,0.240120751301724,0.21669325022518332,0.2022129901929706,0.02156194017807845,0.22808823358768826,0.2487085540685788
61,OnlineFPCA-sgd,0.1,9900,100,face,3,5,0.0997540950775146,3,1,0.1117033075066071,0.1834057146039762,0.21046910172174976,0.021627577561924804,0.2266972106051833,0.24732626940837552
61,OnlineFPCA-sgd,0.1,10000,100,face,3,5,0.101783752441406,3,1,0.10473719106781093,0.2760938186540281,0.3400840679285732,0.02112086002658103,0.22527549533930802,0.24611617364276417
61,OnlineFPCA-sgd,0.1,10100,100,face,3,5,0.102705955505371,3,1,0.11612778479162464,0.13068646856107125,0.38757810132276316,0.02164432007999604,0.22404552395490687,0.2465890217705988
61,OnlineFPCA-sgd,0.1,10200,100,face,3,5,0.0995521545410156,3,1,0.08547577308030947,0.2092931803793123,0.34694609358281764,0.02231625899904019,0.22242236301933022,0.24722989816983715
61,OnlineFPCA-sgd,0.1,10300,100,face,3,5,0.120325326919556,3,1,0.163793543928071,0.14619505551298817,0.2906810767334727,0.022289269190984527,0.22086974725700526,0.2463354098864834
61,OnlineFPCA-sgd,0.1,10400,100,face,3,5,0.11296820640564,3,1,0.17161731825407633,0.15355461494046255,0.3618520012299177,0.02294086524062088,0.21902585883080408,0.24500027542169073
61,OnlineFPCA-sgd,0.1,10500,100,face,3,5,0.124110460281372,3,1,0.16433605657699296,0.1758513100905544,0.2859747847734505,0.02289443188786215,0.21708323285668726,0.24411082616330543
61,OnlineFPCA-sgd,0.1,10600,100,face,3,5,0.113268852233887,3,1,0.23109522335078436,0.1612826467313247,0.2343331587719452,0.022124408009537192,0.21524205123384202,0.24321345631617378
61,OnlineFPCA-sgd,0.1,10700,100,face,3,5,0.118988990783691,3,1,0.2623541599479291,0.13635167549737848,0.2334206416270237,0.022480135213027573,0.21339659099256475,0.2417418960806503
61,OnlineFPCA-sgd,0.1,10800,100,face,3,5,0.113933086395264,3,1,0.13368927447980028,0.18957075947179802,0.2695226523687465,0.021640893379633177,0.2116557631152447,0.24042350254496117
61,OnlineFPCA-sgd,0.1,10900,100,face,3,5,0.119934558868408,3,1,0.16155692173486325,0.1911447131651728,0.27527268591449155,0.019658980838590856,0.20975582723475028,0.239951691311828
61,OnlineFPCA-sgd,0.1,11000,100,face,3,5,0.115227222442627,3,1,0.1664019720991945,0.34465785593411485,0.30391530727640514,0.01822570633329455,0.20824131525713177,0.23903323461341977
61,OnlineFPCA-sgd,0.1,11100,100,face,3,5,0.11593222618103,3,1,0.19206442567387882,0.17974938665101933,0.32971459161249567,0.017630955805373032,0.20747141560298926,0.2388260053331233
61,OnlineFPCA-sgd,0.1,11200,100,face,3,5,0.117720365524292,3,1,0.37815536034621666,0.334800885215698,0.29947244710873516,0.016649359125041542,0.2061025741807349,0.23857838477168392
61,OnlineFPCA-sgd,0.1,11300,100,face,3,5,0.11377739906311,3,1,0.2242623307992657,0.18142893511933594,0.34019391869912236,0.017039694927737305,0.20549052525485692,0.23822612144348265
61,OnlineFPCA-sgd,0.1,11400,100,face,3,5,0.118766784667969,3,1,0.2031599927371835,0.22956219999926553,0.30716362819203674,0.018316340042208258,0.2037618843429507,0.23765593222965392
61,OnlineFPCA-sgd,0.1,11500,100,face,3,5,0.113632440567017,3,1,0.23093932870444092,0.25079849431679485,0.22711827699993814,0.017788462207922916,0.20280955685464083,0.23709373958082464
61,OnlineFPCA-sgd,0.1,11600,100,face,3,5,0.119856357574463,3,1,0.16534765012161873,0.22973200646746264,0.20296042233156378,0.01838964243043288,0.2022227302088099,0.236273328145533
61,OnlineFPCA-sgd,0.1,11700,100,face,3,5,0.113423347473145,3,1,0.1972743614385114,0.31557833737977453,0.16413913113767029,0.019063562557237287,0.20156675497685012,0.23463315852433372
61,OnlineFPCA-sgd,0.1,11800,100,face,3,5,0.118008852005005,3,1,0.297545898723062,0.2701466052231036,0.1932093412705184,0.020199660041489105,0.2010446601987335,0.23292474487799453
61,OnlineFPCA-sgd,0.1,11900,100,face,3,5,0.116373300552368,3,1,0.12098691558137678,0.20411027514610883,0.20379032964297292,0.020310346376893388,0.20023490627654156,0.23176152874220216
61,OnlineFPCA-sgd,0.1,12000,100,face,3,5,0.116294860839844,3,1,0.18685508126153713,0.21233322289076992,0.20016714965492358,0.020331323559753228,0.19845222246175173,0.23000311089583247
61,OnlineFPCA-sgd,0.1,12100,100,face,3,5,0.117908477783203,3,1,0.2405819309350222,0.18428465118166157,0.1695064937855247,0.020514530456331417,0.19658803554349186,0.227465655219223
61,OnlineFPCA-sgd,0.1,12200,100,face,3,5,0.112998247146606,3,1,0.3361834971910708,0.1373010469728018,0.21514445057696932,0.020702124297037588,0.19462152234360888,0.22471609966539371
61,OnlineFPCA-sgd,0.1,12300,100,face,3,5,0.120805501937866,3,1,0.1411969422885143,0.16899628260965702,0.17679897264174427,0.020159868289697336,0.1928586822890001,0.22257007203526874
61,OnlineFPCA-sgd,0.1,12400,100,face,3,5,0.114506244659424,3,1,0.13858214933306046,0.08502637984953436,0.12680271217733965,0.0200976808957711,0.1908699645603821,0.22086937023681616
61,OnlineFPCA-sgd,0.1,12500,100,face,3,5,0.122029781341553,3,1,0.19545082711658807,0.20673923080982579,0.15749790331211536,0.020096913346388474,0.18869462386504005,0.2189781930559531
61,OnlineFPCA-sgd,0.1,12600,100,face,3,5,0.11388087272644,3,1,0.2368580301684124,0.21607889502183245,0.17679715037042967,0.02009021721327882,0.18725427455955532,0.21727899613567273
61,OnlineFPCA-sgd,0.1,12700,100,face,3,5,0.117248058319092,3,1,0.1330556204759571,0.2505736275146358,0.19718507753605619,0.020212291538307402,0.1866479801686574,0.2155509599274978
61,OnlineFPCA-sgd,0.1,12800,100,face,3,5,0.117383241653442,3,1,0.139667548302208,0.26081810428444496,0.1467608216978124,0.020392301698868485,0.18632640862214397,0.21380881913835137
61,OnlineFPCA-sgd,0.1,12900,100,face,3,5,0.116363525390625,3,1,0.19673556619744384,0.22386050542029998,0.09808401529611865,0.01950468655967219,0.18588793073791604,0.21219322301467058
61,OnlineFPCA-sgd,0.1,13000,100,face,3,5,0.117859840393066,3,1,0.16859344728182804,0.2797965719437844,0.13136857263872456,0.019718163624525505,0.18546143664247483,0.21071941193970523
61,OnlineFPCA-sgd,0.1,13100,100,face,3,5,0.116858959197998,3,1,0.1976757563361959,0.23494876663335792,0.18719776039854802,0.01943144400987151,0.18502075636384735,0.2092066546967634
61,OnlineFPCA-sgd,0.1,13200,100,face,3,5,0.121798276901245,3,1,0.17900688903891296,0.2008219565661654,0.2481008143998877,0.020094061041660224,0.18461967276697575,0.20777367232610872
61,OnlineFPCA-sgd,0.1,13300,100,face,3,5,0.113560438156128,3,1,0.10080859315242996,0.14365710141916482,0.19384498789521779,0.020524442697776354,0.18415415118476916,0.20665637371579865
61,OnlineFPCA-sgd,0.1,13400,100,face,3,5,0.121167421340942,3,1,0.10297675493132374,0.16730691725235702,0.17623139361415943,0.02067079303721331,0.18353802255350088,0.2056174952147229
61,OnlineFPCA-sgd,0.1,13500,100,face,3,5,0.114371061325073,3,1,0.12454899216526132,0.15822820737874174,0.0935651054888148,0.020008889544912502,0.1827772274729941,0.20422582423474778
61,OnlineFPCA-sgd,0.1,13600,100,face,3,5,0.120913743972778,3,1,0.11982234152380014,0.14439463492636534,0.1405927721070746,0.019837843188990713,0.18178682004909075,0.20309491727106496
61,OnlineFPCA-sgd,0.1,13700,100,face,3,5,0.113936901092529,3,1,0.060985926110860456,0.18490883235070388,0.17890586482990894,0.01895550412283896,0.18081381047639727,0.20241462210809996
61,OnlineFPCA-sgd,0.1,13800,100,face,3,5,0.270272731781006,3,1,0.1191406582505948,0.17263165022461,0.16898205228457744,0.019205294214591828,0.1800581664893777,0.20185055475740735
61,OnlineFPCA-sgd,0.1,13900,100,face,3,5,0.115539789199829,3,1,0.20791563928047405,0.17004658709655937,0.15226820790284598,0.01920323641089758,0.1794072107674099,0.201267331465657
61,OnlineFPCA-sgd,0.1,14000,100,face,3,5,0.116005420684814,3,1,0.19327013877750204,0.20659200212277426,0.235402666958372,0.019129831071471804,0.17898327419434412,0.20057476013976136
61,OnlineFPCA-sgd,0.1,14100,100,face,3,5,0.120773553848267,3,1,0.2790034653033535,0.21023930078104908,0.25117779604801727,0.019184303999765104,0.17866401472716467,0.2001383520088063
61,OnlineFPCA-sgd,0.1,14200,100,face,3,5,0.113609790802002,3,1,0.15299112734082396,0.15206625040310107,0.2282251055860135,0.01942587526563691,0.17805179216534017,0.19993803221634693
61,OnlineFPCA-sgd,0.1,14300,100,face,3,5,0.118964910507202,3,1,0.2132536526784489,0.14472759280459507,0.21032231297233828,0.019840252752538097,0.1773372350800152,0.19983155591231616
61,OnlineFPCA-sgd,0.1,14400,100,face,3,5,0.112759351730347,3,1,0.16357410637807318,0.15045128410279962,0.2033837908410374,0.020857779911004043,0.1765458519916522,0.19924672668630794
61,OnlineFPCA-sgd,0.1,14500,100,face,3,5,0.119413375854492,3,1,0.22699463882911294,0.2075537420686564,0.27688900146297624,0.021087224069806083,0.17600611634889934,0.1988143633622287
61,OnlineFPCA-sgd,0.1,14600,100,face,3,5,0.113835096359253,3,1,0.09530257844950497,0.24533837043372053,0.1652299917966905,0.021187907065203397,0.1753617297747136,0.1984498987938016
61,OnlineFPCA-sgd,0.1,14700,100,face,3,5,0.119744777679443,3,1,0.24056542911732126,0.2149718043748286,0.21353591289406718,0.02135896274837524,0.17473802429886964,0.1979113836284201
61,OnlineFPCA-sgd,0.1,14800,100,face,3,5,0.11393404006958,3,1,0.21484819395168356,0.18389405051250832,0.17930241158282953,0.021564058235885405,0.17392300292161372,0.1973478711801331
61,OnlineFPCA-sgd,0.1,14900,100,face,3,5,0.115800619125366,3,1,0.11558052682861221,0.16316146506458212,0.18938319621424,0.021861007560042407,0.1733891606657273,0.19684736860183757
61,OnlineFPCA-sgd,0.1,15000,100,face,3,5,0.116846799850464,3,1,0.09987288506105291,0.23991945464277514,0.29411433005994936,0.0216701951412164,0.17280246386201145,0.19641534099962402
61,OnlineFPCA-sgd,0.1,0,100,face,3,5,2.17004084587097,4,1,0.14005815040825267,1.3570859652687575,1.5276902125923724,0.14005815040825267,1.3570859652687575,1.5276902125923724
61,OnlineFPCA-sgd,0.1,100,100,face,3,5,0.284919023513794,4,1,0.9054950398125942,1.6276670259284634,1.6393720707589743,NA,NA,NA
61,OnlineFPCA-sgd,0.1,200,100,face,3,5,0.279836893081665,4,1,0.710990896812174,1.5816537437151916,1.1175956309244082,NA,NA,NA
61,OnlineFPCA-sgd,0.1,300,100,face,3,5,0.286064863204956,4,1,1.0902672952042263,1.7475062946170932,1.3573192726932726,NA,NA,NA
61,OnlineFPCA-sgd,0.1,400,100,face,3,5,0.287653207778931,4,1,1.0048878953783544,1.6928779858223437,1.3987509126113604,NA,NA,NA
61,OnlineFPCA-sgd,0.1,500,100,face,3,5,0.289472341537476,4,1,0.8733993034582456,0.7282139344093947,0.31328895965730963,NA,NA,NA
61,OnlineFPCA-sgd,0.1,600,100,face,3,5,0.290690422058105,4,1,0.8595841568663793,0.7304735773616742,0.3131384960985256,NA,NA,NA
61,OnlineFPCA-sgd,0.1,700,100,face,3,5,0.280159950256348,4,1,0.8381801770511366,0.7266913812213875,0.3123165050100074,NA,NA,NA
61,OnlineFPCA-sgd,0.1,800,100,face,3,5,0.286262273788452,4,1,0.8129876133295076,0.7105491328192823,0.3077583997855464,NA,NA,NA
61,OnlineFPCA-sgd,0.1,900,100,face,3,5,0.286913871765137,4,1,0.7521691235443582,0.6630039286217688,0.3023243875381014,NA,NA,NA
61,OnlineFPCA-sgd,0.1,1000,100,face,3,5,0.289045572280884,4,1,0.598752717758133,0.553066346480102,0.29164230184815493,NA,NA,NA
61,OnlineFPCA-sgd,0.1,1100,100,face,3,5,0.392561435699463,4,1,0.4077343694832678,0.4294549941482412,0.3069618802120739,0.4403659020371136,0.45149488495180257,0.2935043482819532
61,OnlineFPCA-sgd,0.1,1200,100,face,3,5,0.394554853439331,4,1,0.3663986895283974,0.41114071007169983,0.3143244903527422,0.40934199124210263,0.4315414280899846,0.2944222400854166
61,OnlineFPCA-sgd,0.1,1300,100,face,3,5,0.393230676651001,4,1,0.615838675555507,0.43106252876101564,0.44793006407569336,0.3904454080374274,0.42373456302558565,0.29083360594296603
61,OnlineFPCA-sgd,0.1,1400,100,face,3,5,0.395512104034424,4,1,0.41864612625099995,0.4160531122562457,0.3652689110160606,0.38433429382000134,0.42330740532387184,0.29539092771548536
61,OnlineFPCA-sgd,0.1,1500,100,face,3,5,0.398323059082031,4,1,0.46747184186828133,0.40678014871493423,0.3858340103657146,0.38205873860871975,0.41832016265355576,0.3035701251877853
61,OnlineFPCA-sgd,0.1,1600,100,face,3,5,0.395657777786255,4,1,0.39082656599546783,0.39460160188989046,0.3557025724107802,0.38087529934643355,0.4141992163305517,0.3097154066483614
61,OnlineFPCA-sgd,0.1,1700,100,face,3,5,0.391139268875122,4,1,0.38770239639166243,0.39287880037995476,0.35417477979676515,0.3802946271206727,0.41107349299756046,0.31465021342651683
61,OnlineFPCA-sgd,0.1,1800,100,face,3,5,0.395954132080078,4,1,0.38398617525984613,0.3908037088968353,0.35266834300442645,0.37981022205471937,0.40849385314218567,0.31854864279462
61,OnlineFPCA-sgd,0.1,1900,100,face,3,5,0.392849206924438,4,1,0.3798724568125131,0.3875637592954666,0.35034546977275005,0.3793590789610651,0.4062079399767202,0.32171192632752443
61,OnlineFPCA-sgd,0.1,2000,100,face,3,5,0.39710807800293,4,1,0.37642519482087633,0.3848692358952721,0.3459922538329618,0.3787309895746334,0.4040830902674699,0.32395609996214453
61,OnlineFPCA-sgd,0.1,2100,100,face,3,5,0.403029680252075,4,1,0.3814812882091462,0.367394749582619,0.33410023189747773,0.3702608076053777,0.3969392001629987,0.3278330999964996
61,OnlineFPCA-sgd,0.1,2200,100,face,3,5,0.390636444091797,4,1,0.42535519793068477,0.38412008952595916,0.465729733677972,0.34985920912390384,0.38076168170771363,0.32535496136209013
61,OnlineFPCA-sgd,0.1,2300,100,face,3,5,0.385610818862915,4,1,0.21589458196196282,0.29997641824482246,0.3362889034964869,0.33453634570957025,0.3687912415523829,0.32622678492276225
61,OnlineFPCA-sgd,0.1,2400,100,face,3,5,0.387939691543579,4,1,0.2399267478687005,0.30815614003241393,0.30090858813339333,0.310171944991755,0.3498854372378342,0.3140208840778112
61,OnlineFPCA-sgd,0.1,2500,100,face,3,5,0.386780261993408,4,1,0.2546607660796829,0.44699060674636026,0.32534352998724986,0.28256624700689903,0.332395717386569,0.3028714034043396
61,OnlineFPCA-sgd,0.1,2600,100,face,3,5,0.385868072509766,4,1,0.474477000637974,0.37264026750697526,0.3459789910022473,0.26102323271780775,0.32236471598980077,0.3034217230038498
61,OnlineFPCA-sgd,0.1,2700,100,face,3,5,0.384969472885132,4,1,0.20744099200884422,0.28116135681424204,0.3625043402714067,0.2450278220728076,0.314203055569053,0.301815889390132
61,OnlineFPCA-sgd,0.1,2800,100,face,3,5,0.381836175918579,4,1,0.2542975006033081,0.4098144791615702,0.21622576533072946,0.22711588911255462,0.30463549954676616,0.29313817828761896
61,OnlineFPCA-sgd,0.1,2900,100,face,3,5,0.378209590911865,4,1,0.3421084420923877,0.2828279193393256,0.20139361270125625,0.20919290912056893,0.29168958387647104,0.2829578619960811
61,OnlineFPCA-sgd,0.1,3000,100,face,3,5,0.383929967880249,4,1,0.174294247818591,0.34004498432430685,0.3052292240868926,0.19497592538287556,0.28562025696086213,0.27791955827790404
61,OnlineFPCA-sgd,0.1,3100,100,face,3,5,0.38314962387085,4,1,0.3352887487096737,0.26869762135857395,0.40123223108440687,0.18595914105716144,0.2786187630134014,0.2752303489636612
61,OnlineFPCA-sgd,0.1,3200,100,face,3,5,0.385364294052124,4,1,0.24697603795317563,0.22338689380877433,0.4534529817881767,0.17919633101141622,0.2743414846833992,0.27474859091875675
61,OnlineFPCA-sgd,0.1,3300,100,face,3,5,0.380810737609863,4,1,0.17887836292259476,0.1238044342373001,0.27352412995606395,0.1714539933432733,0.26764554136924534,0.27202140162421334
61,OnlineFPCA-sgd,0.1,3400,100,face,3,5,0.387102842330933,4,1,0.06340237106892577,0.20578012184856265,0.2666815643075297,0.1666341837390938,0.26084888886077445,0.26684772922929006
61,OnlineFPCA-sgd,0.1,3500,100,face,3,5,0.378665447235107,4,1,0.25531957969681446,0.2678590917568364,0.19786140744667394,0.158398577011785,0.25379745720639496,0.2586825005270296
61,OnlineFPCA-sgd,0.1,3600,100,face,3,5,0.384823083877563,4,1,0.1873251873736146,0.2671686143184078,0.22333998375118433,0.15083589850714163,0.24840608165102096,0.2530526317513345
61,OnlineFPCA-sgd,0.1,3700,100,face,3,5,0.392523527145386,4,1,0.13496441326348346,0.2941235002213991,0.25466884186052235,0.1464477860203616,0.24422475991338058,0.24629097221631926
61,OnlineFPCA-sgd,0.1,3800,100,face,3,5,0.382189273834229,4,1,0.1509516953524642,0.2659248155774839,0.22073215871482377,0.14161933861726556,0.2405661142893782,0.2381701769584098
61,OnlineFPCA-sgd,0.1,3900,100,face,3,5,0.381170749664307,4,1,0.26933002104982123,0.20960046763080842,0.25494261922658495,0.13473796727971746,0.23622241778927736,0.230268804982782
61,OnlineFPCA-sgd,0.1,4000,100,face,3,5,0.380401849746704,4,1,0.12910648335820765,0.23121119433779233,0.22308330376327265,0.12910648335820765,0.23121119433779233,0.22308330376327265
61,OnlineFPCA-sgd,0.1,4100,100,face,3,5,0.377361297607422,4,1,0.4158750253785157,0.3288443467074111,0.2727076915178855,0.14714099470273878,0.23974338564948627,0.20179284550317278
61,OnlineFPCA-sgd,0.1,4200,100,face,3,5,0.385251522064209,4,1,0.23294671820527832,0.23600520219052407,0.3466692436671006,0.1189156753872913,0.22651582878307283,0.23932234106229006
61,OnlineFPCA-sgd,0.1,4300,100,face,3,5,0.387628793716431,4,1,0.25429714690871263,0.22544008310492783,0.22777972610345454,0.10151043966352037,0.2024324240207698,0.22823509657123311
61,OnlineFPCA-sgd,0.1,4400,100,face,3,5,0.383207082748413,4,1,0.24771723691928607,0.25246090585395203,0.2444553870465271,0.10438508706227041,0.18714609136182878,0.1964006104292984
61,OnlineFPCA-sgd,0.1,4500,100,face,3,5,0.384778022766113,4,1,0.2901836143422672,0.33946704383333537,0.4039856768356285,0.0801091802502206,0.19600186884979326,0.1895908542073246
61,OnlineFPCA-sgd,0.1,4600,100,face,3,5,0.383133411407471,4,1,0.14722715151928922,0.4186967382539686,0.14460060947615622,0.0729622555459688,0.20067303263895825,0.19153618844670586
61,OnlineFPCA-sgd,0.1,4700,100,face,3,5,0.383264541625977,4,1,0.3161586079319939,0.2984025196894951,0.24442977994251242,0.06951308990473877,0.21490687643892445,0.18651090969020903
61,OnlineFPCA-sgd,0.1,4800,100,face,3,5,0.395249128341675,4,1,0.3565765109591303,0.25729293885712234,0.19228415502419394,0.07118285599617358,0.19794185493099858,0.18384116029974606
61,OnlineFPCA-sgd,0.1,4900,100,face,3,5,0.386515855789185,4,1,0.1377136606949217,0.19261879099864407,0.1790136299162177,0.05635227895553,0.18340086611895062,0.17577273236937827
61,OnlineFPCA-sgd,0.1,5000,100,face,3,5,0.386414766311646,4,1,0.12012827301538936,0.3329269044927484,0.3325357942685498,0.0479107272599579,0.1820517858223234,0.16611317214562124
61,OnlineFPCA-sgd,0.1,5100,100,face,3,5,0.116615056991577,4,1,0.1631189174681489,0.14051626075142215,0.4092323011614595,0.048467584772345626,0.17714014816466533,0.1707258235305077
61,OnlineFPCA-sgd,0.1,5200,100,face,3,5,0.119373798370361,4,1,0.15286532847376372,0.19346521729824692,0.33689797214108047,0.054802643224092534,0.170495588403215,0.17609476874839025
61,OnlineFPCA-sgd,0.1,5300,100,face,3,5,0.11749792098999,4,1,0.23958551283547408,0.19473708902101325,0.30551999784087136,0.05081723129665022,0.16395818126610887,0.16983657051976675
61,OnlineFPCA-sgd,0.1,5400,100,face,3,5,0.114006996154785,4,1,0.23102904828747695,0.18292918301137243,0.41088976043159253,0.05047497800821574,0.1567622400312909,0.16949543919687124
61,OnlineFPCA-sgd,0.1,5500,100,face,3,5,0.116353511810303,4,1,0.23184753394910795,0.15018380748153673,0.3119523866150502,0.04640761322176922,0.15360061235758507,0.17454319847476713
61,OnlineFPCA-sgd,0.1,5600,100,face,3,5,0.115257978439331,4,1,0.26626394589684677,0.18381337961517077,0.2265239837720267,0.04030046807013944,0.14837419573160296,0.17741441189108267
61,OnlineFPCA-sgd,0.1,5700,100,face,3,5,0.119474172592163,4,1,0.2967581660621818,0.1650366997531169,0.24881821034299761,0.04103722425027296,0.1460842158630578,0.17539229718710642
61,OnlineFPCA-sgd,0.1,5800,100,face,3,5,0.117547750473022,4,1,0.18566293121093083,0.24111075660781617,0.28883010239813267,0.03428924241797528,0.1427050849049668,0.1783916728645317
61,OnlineFPCA-sgd,0.1,5900,100,face,3,5,0.116336345672607,4,1,0.17103614496640507,0.27834329996593227,0.32777140516608383,0.026287653078894992,0.1402158551258802,0.18871765048889458
61,OnlineFPCA-sgd,0.1,6000,100,face,3,5,0.11573600769043,4,1,0.2882290767611065,0.42932878122976476,0.3895278613707272,0.020947123901767725,0.13833258652116018,0.19585988476821858
61,OnlineFPCA-sgd,0.1,6100,100,face,3,5,0.115654230117798,4,1,0.2336437597793397,0.21029212216986928,0.4016419169576946,0.019319296500316364,0.1385449404221872,0.20277972520862655
61,OnlineFPCA-sgd,0.1,6200,100,face,3,5,0.116022109985352,4,1,0.5039817586715997,0.43900402734342503,0.33275049447383326,0.014168211329374132,0.13615947288074903,0.20788204048108128
61,OnlineFPCA-sgd,0.1,6300,100,face,3,5,0.115372657775879,4,1,0.2921137380879982,0.25424509343325485,0.39024582409704495,0.01591674437794452,0.13794459385760832,0.2087211948683518
61,OnlineFPCA-sgd,0.1,6400,100,face,3,5,0.116169214248657,4,1,0.19912342880912542,0.28281573720113484,0.35444567090665385,0.023193295267258728,0.13536498333560099,0.2085769436220658
61,OnlineFPCA-sgd,0.1,6500,100,face,3,5,0.116352558135986,4,1,0.2787215693589287,0.29975161827300284,0.2105891521520847,0.020930507862632206,0.13350504820487924,0.20626746241676608
61,OnlineFPCA-sgd,0.1,6600,100,face,3,5,0.118314027786255,4,1,0.19045735554199195,0.24360756238189452,0.21262727996093975,0.022896319401124195,0.1336357922202382,0.2027414492031801
61,OnlineFPCA-sgd,0.1,6700,100,face,3,5,0.116181373596191,4,1,0.2318244389972525,0.3665286430663689,0.162238656442909,0.025071401705908106,0.1337057081004287,0.1955302681369789
61,OnlineFPCA-sgd,0.1,6800,100,face,3,5,0.113426446914673,4,1,0.3739952849218354,0.2955580507276655,0.1913847983754663,0.027311264926487347,0.13387088875434433,0.18771515386515383
61,OnlineFPCA-sgd,0.1,6900,100,face,3,5,0.115774631500244,4,1,0.116625080121955,0.19137847477234726,0.2275963261231939,0.026521170745446625,0.1315242729241774,0.18060889245538886
61,OnlineFPCA-sgd,0.1,7000,100,face,3,5,0.123329877853394,4,1,0.18736466359098394,0.25853605728241985,0.24649116230241735,0.027618509707507923,0.12621665740169846,0.17266946158287635
61,OnlineFPCA-sgd,0.1,7100,100,face,3,5,0.115780591964722,4,1,0.3039622229553835,0.19075081919336995,0.23448103972019047,0.02805800395662033,0.122625269326346,0.16492486518023045
61,OnlineFPCA-sgd,0.1,7200,100,face,3,5,0.115716218948364,4,1,0.4368111466871243,0.19012011570538595,0.2470648747203223,0.02860564633939722,0.11905137424306662,0.15670981686367064
61,OnlineFPCA-sgd,0.1,7300,100,face,3,5,0.116763591766357,4,1,0.21817811499780035,0.25968123729851417,0.17286575525517558,0.02697187199105946,0.11845826735219882,0.15215848055325443
61,OnlineFPCA-sgd,0.1,7400,100,face,3,5,0.116893529891968,4,1,0.13360018396268397,0.11272271276289784,0.1577480343276678,0.026915921169216584,0.11686897804936767,0.1493130667756411
61,OnlineFPCA-sgd,0.1,7500,100,face,3,5,0.113655090332031,4,1,0.23224078674216414,0.2757640390309236,0.18578176263801172,0.025766578492794154,0.11398308499095158,0.14590434138660005
61,OnlineFPCA-sgd,0.1,7600,100,face,3,5,0.115936994552612,4,1,0.3133871058152802,0.2800107221388488,0.21513417663072387,0.024634353088959893,0.11453886721718841,0.14425566929755546
61,OnlineFPCA-sgd,0.1,7700,100,face,3,5,0.11699104309082,4,1,0.15640837671457433,0.28044204926050337,0.23711263181874515,0.025047679442280785,0.11575264899998239,0.1402769068432183
61,OnlineFPCA-sgd,0.1,7800,100,face,3,5,0.119106292724609,4,1,0.1867787552131027,0.3130888258209674,0.16046778654588126,0.024854532748500125,0.11661004757695811,0.1347504794277498
61,OnlineFPCA-sgd,0.1,7900,100,face,3,5,0.117343902587891,4,1,0.2736174249820988,0.2303298047438311,0.06569826007146891,0.021777429016789935,0.1166096900430953,0.129300753964263
61,OnlineFPCA-sgd,0.1,8000,100,face,3,5,0.116802930831909,4,1,0.17522679315010048,0.28872493613389355,0.1564883483109028,0.021734125248314723,0.11846791125609278,0.12656395105731635
61,OnlineFPCA-sgd,0.1,8100,100,face,3,5,0.117583990097046,4,1,0.253495152488821,0.23421269511369325,0.25325198032376034,0.0204674976813548,0.11936609442193,0.12412494488855888
61,OnlineFPCA-sgd,0.1,8200,100,face,3,5,0.113558292388916,4,1,0.2040323483481796,0.18926103280225637,0.32331834353647543,0.021687537231317524,0.12011805840891257,0.12305211723979595
61,OnlineFPCA-sgd,0.1,8300,100,face,3,5,0.118358135223389,4,1,0.12849708776458735,0.10925126608075562,0.23061361453723697,0.02272641833830678,0.11892022767022493,0.12257382139068544
61,OnlineFPCA-sgd,0.1,8400,100,face,3,5,0.116780519485474,4,1,0.08515320484679156,0.16195089107242552,0.20851060953632816,0.022670151186411042,0.11733016036493973,0.12168968525208158
61,OnlineFPCA-sgd,0.1,8500,100,face,3,5,0.119384288787842,4,1,0.15824407019562783,0.17262157127314584,0.09868126346326878,0.021061727757360205,0.11638110580458674,0.11957586854643283
61,OnlineFPCA-sgd,0.1,8600,100,face,3,5,0.118313789367676,4,1,0.14490668718592709,0.1715593759724299,0.14548150465646756,0.02088236684264557,0.11486404541224711,0.11852785985353453
61,OnlineFPCA-sgd,0.1,8700,100,face,3,5,0.117363452911377,4,1,0.09288142823470527,0.20882386100576983,0.19135785550415582,0.019379485965803023,0.11222817811760376,0.11796637663931704
61,OnlineFPCA-sgd,0.1,8800,100,face,3,5,0.114112377166748,4,1,0.13203918475766702,0.189867510186041,0.174095726383063,0.0199138943878639,0.1105468338132388,0.1169450494476513
61,OnlineFPCA-sgd,0.1,8900,100,face,3,5,0.116852283477783,4,1,0.2408750428614232,0.17270031658731708,0.17110617378917503,0.020015063631346953,0.10955341551711852,0.11564278845570967
61,OnlineFPCA-sgd,0.1,9000,100,face,3,5,0.120421648025513,4,1,0.22897815114481096,0.2394096084724843,0.27323571949214914,0.019835732807157433,0.10917890656274681,0.11423251470744995
61,OnlineFPCA-sgd,0.1,9100,100,face,3,5,0.116671800613403,4,1,0.36260607808642625,0.22339223207976536,0.2943764450267591,0.020220188847709923,0.10963385465802791,0.11402245832166344
61,OnlineFPCA-sgd,0.1,9200,100,face,3,5,0.116973876953125,4,1,0.19091256729778247,0.16067739946104312,0.2627889929413231,0.021165914076286083,0.10955220612287905,0.1157783611328475
61,OnlineFPCA-sgd,0.1,9300,100,face,3,5,0.116777658462524,4,1,0.23131178505304817,0.148106904431383,0.23304846755461459,0.022362677497065386,0.10811083444084188,0.11657956098033935
61,OnlineFPCA-sgd,0.1,9400,100,face,3,5,0.113623142242432,4,1,0.1896023871837312,0.16388081976277638,0.21118815799298318,0.0245511952036731,0.10649160906753267,0.1152006367603029
61,OnlineFPCA-sgd,0.1,9500,100,face,3,5,0.116842269897461,4,1,0.27203046758877264,0.2505381991961952,0.32274514002475435,0.02480276022439923,0.10605776866227673,0.11419147224050032
61,OnlineFPCA-sgd,0.1,9600,100,face,3,5,0.116517305374146,4,1,0.1082707839843539,0.28852289400762476,0.16360425656979527,0.025117172794046145,0.10472442761479013,0.11362361995682563
61,OnlineFPCA-sgd,0.1,9700,100,face,3,5,0.116162776947021,4,1,0.28228940473406633,0.2250852289408633,0.21771257232953686,0.025592845523291836,0.10387343364029589,0.11247457362821392
61,OnlineFPCA-sgd,0.1,9800,100,face,3,5,0.116760969161987,4,1,0.2539617024205432,0.19460810142193047,0.1701234359725039,0.026073860402848443,0.10157258623319693,0.11137907928360365
61,OnlineFPCA-sgd,0.1,9900,100,face,3,5,0.116835594177246,4,1,0.11055114310995864,0.15896696866524973,0.18156528206221845,0.025848432430519732,0.10006126628691171,0.1105464645109634
61,OnlineFPCA-sgd,0.1,10000,100,face,3,5,0.116120100021362,4,1,0.10735243794643881,0.2715192146107668,0.32981806897321353,0.025085646527888084,0.09868278963680147,0.11014131022047724
61,OnlineFPCA-sgd,0.1,10100,100,face,3,5,0.11390233039856,4,1,0.12310717028565353,0.09950791235816585,0.38178027147220606,0.025417083078497486,0.09846789087054844,0.11315356755071047
61,OnlineFPCA-sgd,0.1,10200,100,face,3,5,0.116396427154541,4,1,0.09734260398545211,0.19081836506559116,0.33534966612537287,0.0259418341626977,0.09810802472052904,0.11641167959822829
61,OnlineFPCA-sgd,0.1,10300,100,face,3,5,0.125572681427002,4,1,0.1740089903164996,0.12451640649507134,0.28553674656537553,0.025846283968329664,0.09692739140490718,0.11727389166472743
61,OnlineFPCA-sgd,0.1,10400,100,face,3,5,0.116579294204712,4,1,0.1818710786199034,0.12858451677690924,0.3643619906448949,0.02655983318029168,0.09470511968265052,0.11801566203191068
61,OnlineFPCA-sgd,0.1,10500,100,face,3,5,0.117168188095093,4,1,0.17448168230705596,0.15301527849851684,0.28015873004823316,0.026243764302653273,0.09283651743424401,0.11928192081080083
61,OnlineFPCA-sgd,0.1,10600,100,face,3,5,0.11645245552063,4,1,0.2366858903524687,0.14894070254902755,0.22337790880471498,0.02513538011665544,0.09120031391282242,0.1200300368067746
61,OnlineFPCA-sgd,0.1,10700,100,face,3,5,0.116531133651733,4,1,0.2708577612088452,0.12704661862192382,0.23063796463831482,0.02541325065515246,0.09025645265698083,0.12010655583213925
61,OnlineFPCA-sgd,0.1,10800,100,face,3,5,0.114173173904419,4,1,0.14031641144172016,0.18947940100776683,0.26437764633987326,0.024474274788490867,0.09007334083106994,0.12075187736408943
61,OnlineFPCA-sgd,0.1,10900,100,face,3,5,0.11698317527771,4,1,0.16245448389587694,0.19809823950265323,0.2764113484560297,0.022660980323683664,0.09039873926408622,0.12314654385285609
61,OnlineFPCA-sgd,0.1,11000,100,face,3,5,0.115976572036743,4,1,0.1823693775516824,0.35658409605808666,0.3144036247246276,0.02130907254088345,0.09090403051868459,0.1250344795806156
61,OnlineFPCA-sgd,0.1,11100,100,face,3,5,0.11649227142334,4,1,0.20022101549911203,0.1763692905839998,0.3378092447763847,0.020693686751201347,0.09265602540515808,0.12784152320136638
61,OnlineFPCA-sgd,0.1,11200,100,face,3,5,0.117312669754028,4,1,0.4049708579157122,0.35102653504333703,0.3005003341678637,0.01971460390678737,0.09311344100801652,0.13029149517003602
61,OnlineFPCA-sgd,0.1,11300,100,face,3,5,0.117830753326416,4,1,0.23553980140399297,0.18696924189808228,0.34531940677352896,0.020133929941205598,0.09499655345931908,0.13172830525883714
61,OnlineFPCA-sgd,0.1,11400,100,face,3,5,0.117388963699341,4,1,0.20350327101044186,0.23375661292367791,0.31177396920246586,0.021520408787420047,0.09456585878362449,0.1327980054715225
61,OnlineFPCA-sgd,0.1,11500,100,face,3,5,0.11336350440979,4,1,0.23969567365695646,0.2547975930257495,0.21976522070113347,0.021016049017149683,0.09464970673712678,0.13345681799133233
61,OnlineFPCA-sgd,0.1,11600,100,face,3,5,0.116634368896484,4,1,0.17014154658613737,0.22744444615374,0.19871674393387628,0.021712796344281703,0.0955923897532642,0.13367616753762243
61,OnlineFPCA-sgd,0.1,11700,100,face,3,5,0.116121530532837,4,1,0.20397647581987113,0.32247970813529403,0.15698321925187636,0.022247356566030572,0.09637833012434685,0.1328395071651617
61,OnlineFPCA-sgd,0.1,11800,100,face,3,5,0.116981744766235,4,1,0.3119453652480599,0.27143330885947803,0.18799882075289717,0.023333576729372456,0.09716892012234415,0.1317548090807175
61,OnlineFPCA-sgd,0.1,11900,100,face,3,5,0.118476867675781,4,1,0.1197802386813171,0.19820115497089869,0.20242934050339095,0.023314101545069185,0.09720833968804268,0.1312243747318784
61,OnlineFPCA-sgd,0.1,12000,100,face,3,5,0.116850137710571,4,1,0.187826161598401,0.2181951304304019,0.203423135734888,0.023309785867055566,0.09576587925586083,0.13014074769791634
61,OnlineFPCA-sgd,0.1,12100,100,face,3,5,0.117398738861084,4,1,0.2532106057070588,0.18191277592877295,0.1783631247592078,0.02343133175471593,0.09455323752861988,0.12850921828186024
61,OnlineFPCA-sgd,0.1,12200,100,face,3,5,0.114977598190308,4,1,0.3589220269262108,0.14093592611089503,0.21946305311281591,0.02343492556748676,0.09312337859351305,0.12634905346952427
61,OnlineFPCA-sgd,0.1,12300,100,face,3,5,0.117619037628174,4,1,0.14551494564438602,0.18249673606687106,0.17250442259650361,0.02271577550132945,0.09258632542580188,0.12526526154533596
61,OnlineFPCA-sgd,0.1,12400,100,face,3,5,0.11742377281189,4,1,0.1330281318846891,0.08142193177903036,0.12557924996231334,0.022532169943182502,0.09167694666464216,0.12467749251164192
61,OnlineFPCA-sgd,0.1,12500,100,face,3,5,0.117751836776733,4,1,0.20287968872111442,0.21815543129459786,0.1590795611303507,0.022581881502288778,0.09032989311973534,0.12387289731411186
61,OnlineFPCA-sgd,0.1,12600,100,face,3,5,0.117983818054199,4,1,0.25216850649458494,0.2263473579634107,0.18048789209769742,0.02261293453474184,0.09048772980094696,0.12347947522944135
61,OnlineFPCA-sgd,0.1,12700,100,face,3,5,0.119067668914795,4,1,0.13690172413983184,0.2554476890246709,0.20244548774430057,0.022768135406739345,0.09140004052697087,0.12234032412827105
61,OnlineFPCA-sgd,0.1,12800,100,face,3,5,0.116254806518555,4,1,0.14841778838216324,0.2690974821813776,0.14455266812760312,0.022951113453595583,0.09246822334306197,0.12073361954168008
61,OnlineFPCA-sgd,0.1,12900,100,face,3,5,0.112936496734619,4,1,0.2135469632124092,0.2239655084553707,0.08603652872059461,0.02206825482009295,0.09328853615657039,0.1190782971388216
61,OnlineFPCA-sgd,0.1,13000,100,face,3,5,0.117910861968994,4,1,0.17106964710513634,0.2809767318114915,0.13199412344985006,0.022256141212671277,0.09462764738413447,0.11820136655403189
61,OnlineFPCA-sgd,0.1,13100,100,face,3,5,0.116477966308594,4,1,0.20916563944450803,0.23379231401980474,0.19887668463346622,0.02185040553302507,0.09572136683923912,0.1174132132123279
61,OnlineFPCA-sgd,0.1,13200,100,face,3,5,0.118918180465698,4,1,0.1841780802580555,0.19668653140242595,0.26269622029122114,0.02238531509859479,0.09675541921346316,0.11702813216576427
61,OnlineFPCA-sgd,0.1,13300,100,face,3,5,0.116691112518311,4,1,0.10599821531764772,0.13385485276934506,0.19988109754447284,0.02277448999159763,0.09709461533026839,0.11689836982872595
61,OnlineFPCA-sgd,0.1,13400,100,face,3,5,0.118005275726318,4,1,0.10015622370194847,0.16277038098548247,0.18055569551018924,0.02275268080032831,0.09710443061762089,0.11661229860212811
61,OnlineFPCA-sgd,0.1,13500,100,face,3,5,0.113320350646973,4,1,0.13017141765521534,0.15807470390583372,0.0902587482038826,0.022059151190418354,0.09709869683202019,0.11580723314856517
61,OnlineFPCA-sgd,0.1,13600,100,face,3,5,0.123337507247925,4,1,0.12575695384623167,0.1470041144483084,0.13963579093501022,0.021934123646144887,0.09672711119566685,0.11539516376344336
61,OnlineFPCA-sgd,0.1,13700,100,face,3,5,0.117001533508301,4,1,0.06740516163777663,0.18819758559363453,0.17922654173412375,0.021184854591452536,0.0959205829137707,0.11540053941431376
61,OnlineFPCA-sgd,0.1,13800,100,face,3,5,0.116763114929199,4,1,0.12201526581661098,0.17378843827013396,0.16730149409553238,0.02140853098443332,0.09543881021212029,0.11536648555529913
61,OnlineFPCA-sgd,0.1,13900,100,face,3,5,0.116103887557983,4,1,0.2163055377418502,0.1690879671315634,0.1526488695286488,0.02141230256850282,0.09525847738231084,0.11528147687330056
61,OnlineFPCA-sgd,0.1,14000,100,face,3,5,0.116661310195923,4,1,0.20316960220822888,0.21293196206135015,0.24186206768383164,0.02131752083092586,0.0954827223516818,0.11506380597878786
61,OnlineFPCA-sgd,0.1,14100,100,face,3,5,0.113243579864502,4,1,0.29930881997499137,0.21356122331429694,0.2586622887131168,0.02137298655340459,0.0961327783440264,0.11533015512364687
61,OnlineFPCA-sgd,0.1,14200,100,face,3,5,0.116799116134644,4,1,0.16132068444604789,0.1519837643611104,0.23421593022781026,0.021650745434186495,0.0964999010123468,0.11628526126758022
61,OnlineFPCA-sgd,0.1,14300,100,face,3,5,0.116469383239746,4,1,0.21796905667825378,0.1438575227026672,0.21359130069978327,0.022098027948377535,0.09624001832702905,0.1169737158946744
61,OnlineFPCA-sgd,0.1,14400,100,face,3,5,0.119773387908936,4,1,0.16959115298793007,0.15211177572928344,0.2040698560900159,0.02312985881566921,0.09582771645196987,0.11671104171931274
61,OnlineFPCA-sgd,0.1,14500,100,face,3,5,0.117453336715698,4,1,0.23960109791119505,0.21626488945362196,0.28622275530539043,0.023330970826545956,0.09585257473570122,0.11654706344692192
61,OnlineFPCA-sgd,0.1,14600,100,face,3,5,0.117304563522339,4,1,0.09810861652877238,0.2538997729466134,0.16357901940877698,0.023481556569526992,0.09552521102416281,0.11653016453460371
61,OnlineFPCA-sgd,0.1,14700,100,face,3,5,0.117594957351685,4,1,0.2524313195938166,0.2168942237980912,0.2136678028976122,0.023721648870969773,0.09529367728003983,0.11623094957913556
61,OnlineFPCA-sgd,0.1,14800,100,face,3,5,0.117477416992188,4,1,0.22133083978998697,0.18514914206580055,0.17611836390132615,0.0239655311695777,0.09447686748287269,0.11597299773609566
61,OnlineFPCA-sgd,0.1,14900,100,face,3,5,0.117206573486328,4,1,0.11331765505171076,0.16142782534569694,0.18720000209005633,0.024144184400415252,0.09406636041395117,0.11580514977396167
61,OnlineFPCA-sgd,0.1,15000,100,face,3,5,0.116897106170654,4,1,0.10158137691093913,0.24706475219118848,0.3030221785056581,0.023863747978250843,0.09358069115859449,0.11578580575727002
61,OnlineFPCA-sgd,0.1,0,100,face,3,5,2.17004084587097,4,2,0.14005815040825267,2.0188567575984044,0.2948934674353061,0.14005815040825267,2.0188567575984044,0.2948934674353061
61,OnlineFPCA-sgd,0.1,100,100,face,3,5,0.285575389862061,4,2,1.03247193623327,1.8515549130014048,0.9804057022438435,NA,NA,NA
61,OnlineFPCA-sgd,0.1,200,100,face,3,5,0.282922506332397,4,2,1.953902004838575,1.5874811675662452,1.384581123534147,NA,NA,NA
61,OnlineFPCA-sgd,0.1,300,100,face,3,5,0.290916919708252,4,2,0.8925500338882766,1.4527956762682936,1.7176212380213283,NA,NA,NA
61,OnlineFPCA-sgd,0.1,400,100,face,3,5,0.290040731430054,4,2,0.7031403654686301,0.6010914744933795,1.1890315338111184,NA,NA,NA
61,OnlineFPCA-sgd,0.1,500,100,face,3,5,0.289776563644409,4,2,0.8148778470938008,0.7367311239579043,0.7555271426143021,NA,NA,NA
61,OnlineFPCA-sgd,0.1,600,100,face,3,5,0.287413358688354,4,2,0.8038988315605324,0.7340108404745166,0.7532750750550621,NA,NA,NA
61,OnlineFPCA-sgd,0.1,700,100,face,3,5,0.287158489227295,4,2,0.7924554657060995,0.7308969069695657,0.7507422567985756,NA,NA,NA
61,OnlineFPCA-sgd,0.1,800,100,face,3,5,0.287777900695801,4,2,0.7841797147109306,0.7278353724204899,0.7465055039924426,NA,NA,NA
61,OnlineFPCA-sgd,0.1,900,100,face,3,5,0.44540810585022,4,2,0.7732249097577106,0.7250409125027881,0.7456153423295038,NA,NA,NA
61,OnlineFPCA-sgd,0.1,1000,100,face,3,5,0.28543758392334,4,2,0.7591306409635122,0.721479374647428,0.7445505153853528,NA,NA,NA
61,OnlineFPCA-sgd,0.1,1100,100,face,3,5,0.394418716430664,4,2,0.48230468709882174,0.4690153011580394,0.513814877563702,0.514106501569277,0.580765958929347,0.6097356852488194
61,OnlineFPCA-sgd,0.1,1200,100,face,3,5,0.39202880859375,4,2,0.40258981514921854,0.4238130778568263,0.37874300460283883,0.3799938993076083,0.47355847379854166,0.46385793632397093
61,OnlineFPCA-sgd,0.1,1300,100,face,3,5,0.3928062915802,4,2,0.34925243962017577,0.38474817007799855,0.406959176315106,0.2724201029581134,0.40520481986152856,0.3827592214303965
61,OnlineFPCA-sgd,0.1,1400,100,face,3,5,0.390174865722656,4,2,0.19376096605236665,0.3386491660512163,0.34691408397220924,0.21823821623876458,0.3823895785801265,0.3460442584775511
61,OnlineFPCA-sgd,0.1,1500,100,face,3,5,0.392121315002441,4,2,0.2948851068540322,0.31789971892367286,0.34389681617742124,0.16652291444079725,0.34753227775262147,0.3359317306030508
61,OnlineFPCA-sgd,0.1,1600,100,face,3,5,0.394336938858032,4,2,0.2364546104778625,0.3465757261256423,0.3053879372489463,0.13077095265334546,0.32801443396089364,0.3207977875812214
61,OnlineFPCA-sgd,0.1,1700,100,face,3,5,0.391113758087158,4,2,0.2514970794267889,0.3931500861848937,0.29122145649312253,0.11993980012680745,0.3153704897671219,0.3095309710749933
61,OnlineFPCA-sgd,0.1,1800,100,face,3,5,0.393618106842041,4,2,0.36296431285934067,0.3387002663188594,0.35623600927352944,0.0996248779350714,0.3063716881479933,0.29997936180495494
61,OnlineFPCA-sgd,0.1,1900,100,face,3,5,0.39277720451355,4,2,0.12919929534955962,0.2709080402552392,0.3332483823521131,0.08929038708194871,0.2990445374319448,0.30196864339995144
61,OnlineFPCA-sgd,0.1,2000,100,face,3,5,0.405747890472412,4,2,0.2175150978046601,0.33213599485842704,0.37124738389157347,0.08988054522418329,0.29095283629417107,0.2993434932714648
61,OnlineFPCA-sgd,0.1,2100,100,face,3,5,0.386409044265747,4,2,0.3375430641159926,0.3058535918409442,0.39146294749522614,0.08966898925346478,0.2837223364342142,0.2997840075193442
61,OnlineFPCA-sgd,0.1,2200,100,face,3,5,0.384102344512939,4,2,0.4372632297116488,0.3232209276988994,0.3611131960544579,0.08872189169881949,0.2758174082724457,0.30036734639021334
61,OnlineFPCA-sgd,0.1,2300,100,face,3,5,0.379093408584595,4,2,0.24916134992706165,0.37613443203178076,0.2984024446261179,0.08766645253731882,0.2740153977674474,0.3011755663008117
61,OnlineFPCA-sgd,0.1,2400,100,face,3,5,0.37855076789856,4,2,0.14240466687508374,0.27258681929388057,0.29051634418392325,0.08270644597734383,0.27279538052527447,0.294395644596245
61,OnlineFPCA-sgd,0.1,2500,100,face,3,5,0.381351709365845,4,2,0.232342222892856,0.38878053453633976,0.3077012306826616,0.07161242591164362,0.26963378503887375,0.2910368535372264
61,OnlineFPCA-sgd,0.1,2600,100,face,3,5,0.384337663650513,4,2,0.33478081155493183,0.36981319678150143,0.3214960326789712,0.06193930217403657,0.26946888565941435,0.2927762039021254
61,OnlineFPCA-sgd,0.1,2700,100,face,3,5,0.383939027786255,4,2,0.15564901215862595,0.32431125693670493,0.33138751199870503,0.0584658917373507,0.26882517341901685,0.29351711667977987
61,OnlineFPCA-sgd,0.1,2800,100,face,3,5,0.38150954246521,4,2,0.2098856006554907,0.3715057194152471,0.23005385069407683,0.05200459416238969,0.2662338980022372,0.290278439834768
61,OnlineFPCA-sgd,0.1,2900,100,face,3,5,0.379009008407593,4,2,0.2904354258956828,0.28935270692935666,0.18201046242123473,0.04168174906603032,0.2628184816763415,0.2834571729029081
61,OnlineFPCA-sgd,0.1,3000,100,face,3,5,0.382329940795898,4,2,0.17168522094117575,0.3378290423264875,0.243911056247538,0.036621990107509154,0.26276598821788133,0.27758709863175984
61,OnlineFPCA-sgd,0.1,3100,100,face,3,5,0.393598079681396,4,2,0.26087740297537787,0.270401363584387,0.32772980647628597,0.03409891278906378,0.2611472169894293,0.2739506155537259
61,OnlineFPCA-sgd,0.1,3200,100,face,3,5,0.381889343261719,4,2,0.20917758924543137,0.216216554293133,0.3808673483728488,0.03512536178342573,0.25880064264385205,0.27233319187068167
61,OnlineFPCA-sgd,0.1,3300,100,face,3,5,0.382143974304199,4,2,0.13189589962526563,0.12316230555044635,0.24661807335877972,0.03493144968941051,0.2532906971681231,0.26931169209206685
61,OnlineFPCA-sgd,0.1,3400,100,face,3,5,0.385860443115234,4,2,0.08196625042136292,0.1711899398364315,0.2216122316061589,0.03625499631349999,0.2478910588893796,0.26389932604504884
61,OnlineFPCA-sgd,0.1,3500,100,face,3,5,0.379839897155762,4,2,0.17068620017552832,0.22235050914471655,0.1726232893265211,0.03237129983932534,0.24355282280584808,0.25829042371502436
61,OnlineFPCA-sgd,0.1,3600,100,face,3,5,0.388291120529175,4,2,0.153323388771827,0.2006604347532403,0.19804377070861157,0.030090323704438596,0.23970635365279386,0.252895260890817
61,OnlineFPCA-sgd,0.1,3700,100,face,3,5,0.387377738952637,4,2,0.09723855606585162,0.24809695114398767,0.2033490032325504,0.02776566875519514,0.23503691999270668,0.2462003010203839
61,OnlineFPCA-sgd,0.1,3800,100,face,3,5,0.388516664505005,4,2,0.13287109182359277,0.21831726158954065,0.16984856542144003,0.028090743072027077,0.2311175219874775,0.2403179022453198
61,OnlineFPCA-sgd,0.1,3900,100,face,3,5,0.385771512985229,4,2,0.24283422732214818,0.19388295667571243,0.18751334766828992,0.026291601658574387,0.22764301687728733,0.2351795475103796
61,OnlineFPCA-sgd,0.1,4000,100,face,3,5,0.39163613319397,4,2,0.02495223264023857,0.2244684906961858,0.2304081860659137,0.02495223264023857,0.2244684906961858,0.2304081860659137
61,OnlineFPCA-sgd,0.1,4100,100,face,3,5,0.386255025863647,4,2,0.3572041328442424,0.31122268842937556,0.2367214936555865,0.1020518271643781,0.2359367188066894,0.2165981862041529
61,OnlineFPCA-sgd,0.1,4200,100,face,3,5,0.537072658538818,4,2,0.19075349280475307,0.23520635391267605,0.2727653161884362,0.10180905483264346,0.2370053837218893,0.22982498316067465
61,OnlineFPCA-sgd,0.1,4300,100,face,3,5,0.384666204452515,4,2,0.23636714984633977,0.2320360357430024,0.2025281395127877,0.0963672471083646,0.22490297817959448,0.21463410193196322
61,OnlineFPCA-sgd,0.1,4400,100,face,3,5,0.384915351867676,4,2,0.20650819726604805,0.24684842294108794,0.25140013449065357,0.10719839270196152,0.2132796865844208,0.19695248081187416
61,OnlineFPCA-sgd,0.1,4500,100,face,3,5,0.389550685882568,4,2,0.2679809866684429,0.3050463447272614,0.33955565141165855,0.08567241354959712,0.21818231574870037,0.19128986398556996
61,OnlineFPCA-sgd,0.1,4600,100,face,3,5,0.382198810577393,4,2,0.11111823787897512,0.35035053624875107,0.16355734039207517,0.07868218607165064,0.21899168052894888,0.1893425153986048
61,OnlineFPCA-sgd,0.1,4700,100,face,3,5,0.384407997131348,4,2,0.2915638496732937,0.2806974502400515,0.2223739580736309,0.07627740079521005,0.22635253504493122,0.18438702343436164
61,OnlineFPCA-sgd,0.1,4800,100,face,3,5,0.38623309135437,4,2,0.2500464911726896,0.20581058203497582,0.17075291243431986,0.07764782367196787,0.21359716756693356,0.18295364116625126
61,OnlineFPCA-sgd,0.1,4900,100,face,3,5,0.384122610092163,4,2,0.11083768307382116,0.17652502774690923,0.17485541624064938,0.06581738031406409,0.19891573835474197,0.1794348475787017
61,OnlineFPCA-sgd,0.1,5000,100,face,3,5,0.384671688079834,4,2,0.1144797474358094,0.2847889099099902,0.284681416911986,0.05790341097391341,0.19265514791313723,0.17050478215916412
61,OnlineFPCA-sgd,0.1,5100,100,face,3,5,0.117786407470703,4,2,0.11981284503640502,0.14160975987052857,0.3573221575980603,0.05785863791487668,0.18635924156829176,0.16689968915015588
61,OnlineFPCA-sgd,0.1,5200,100,face,3,5,0.113143920898438,4,2,0.09908091808642812,0.18497328920941836,0.27786926439138154,0.062213927552341085,0.17825631161338462,0.16467226704195725
61,OnlineFPCA-sgd,0.1,5300,100,face,3,5,0.117925882339478,4,2,0.18422639256689213,0.1558294945498645,0.29332989482360333,0.05885638431274548,0.1713297366030719,0.1576841301245246
61,OnlineFPCA-sgd,0.1,5400,100,face,3,5,0.116381883621216,4,2,0.175967138779735,0.15869876754388978,0.36643042857004476,0.0586331734116527,0.16271847540513507,0.15580305854769416
61,OnlineFPCA-sgd,0.1,5500,100,face,3,5,0.116601228713989,4,2,0.17943085278730517,0.1583757954481475,0.24906601185284802,0.05580095632297096,0.1576182544081023,0.15695397122178156
61,OnlineFPCA-sgd,0.1,5600,100,face,3,5,0.117156028747559,4,2,0.238356042561738,0.16474209219833372,0.20013573934394785,0.050531891768652595,0.15178778910880872,0.1568465151824942
61,OnlineFPCA-sgd,0.1,5700,100,face,3,5,0.117482662200928,4,2,0.26408130605557084,0.1451537694318227,0.2238787890889592,0.049897168422034975,0.14934049716567974,0.1550402254845155
61,OnlineFPCA-sgd,0.1,5800,100,face,3,5,0.113868474960327,4,2,0.1375026619188288,0.19755055566801177,0.24119203632737635,0.044151687750965986,0.14551301542415046,0.1569440895239218
61,OnlineFPCA-sgd,0.1,5900,100,face,3,5,0.11711573600769,4,2,0.16339258143909038,0.21686636029476125,0.27299334217584886,0.03588454469760926,0.1402994244863946,0.1629409031892623
61,OnlineFPCA-sgd,0.1,6000,100,face,3,5,0.117375612258911,4,2,0.18363769101027813,0.35761602942377857,0.3192796914952301,0.029501150696106936,0.13739441631251234,0.16826718626841453
61,OnlineFPCA-sgd,0.1,6100,100,face,3,5,0.117587566375732,4,2,0.19464087738415137,0.18780331101251432,0.32466650958201937,0.026589921559819693,0.13658901660184092,0.17394594893387444
61,OnlineFPCA-sgd,0.1,6200,100,face,3,5,0.117590665817261,4,2,0.3973923789634825,0.3561383579421995,0.2844347208782085,0.021886357352270635,0.13363435269400037,0.17752194743935248
61,OnlineFPCA-sgd,0.1,6300,100,face,3,5,0.11766529083252,4,2,0.2213881746785483,0.20355114549531655,0.331566838287733,0.021799093588855446,0.1327649677825438,0.17759634507137784
61,OnlineFPCA-sgd,0.1,6400,100,face,3,5,0.115185260772705,4,2,0.2022251127974955,0.2333473013944393,0.2972788503730605,0.026278430245997984,0.12811542635676842,0.17724319372935868
61,OnlineFPCA-sgd,0.1,6500,100,face,3,5,0.118098258972168,4,2,0.23500853136893013,0.24317182094183226,0.19742859418407752,0.025025402401705955,0.12463157873061759,0.17595142523616059
61,OnlineFPCA-sgd,0.1,6600,100,face,3,5,0.117763996124268,4,2,0.16937500441091172,0.21929256752336898,0.18816702628610543,0.026636969925467185,0.12356904882274605,0.1735542252830756
61,OnlineFPCA-sgd,0.1,6700,100,face,3,5,0.116672515869141,4,2,0.19921227826293184,0.3111355026221475,0.13887345303357124,0.02830834665026209,0.12188242332200155,0.1684382689282172
61,OnlineFPCA-sgd,0.1,6800,100,face,3,5,0.117253303527832,4,2,0.30316589254996484,0.2547244747735705,0.1726758048677903,0.03027211153377975,0.12072569062570318,0.1630218642876965
61,OnlineFPCA-sgd,0.1,6900,100,face,3,5,0.117836952209473,4,2,0.11758710192443528,0.18521309826781399,0.18712261360254653,0.029727456845819112,0.11873104194480277,0.15890335352520524
61,OnlineFPCA-sgd,0.1,7000,100,face,3,5,0.117483139038086,4,2,0.18927126297158978,0.20778440663738185,0.19282013103955917,0.030646203517333874,0.11442660963647533,0.15378085455377477
61,OnlineFPCA-sgd,0.1,7100,100,face,3,5,0.114088296890259,4,2,0.24472307293669715,0.17343385326209332,0.17929842303553611,0.030962895639963052,0.1107503343049011,0.14841952729501323
61,OnlineFPCA-sgd,0.1,7200,100,face,3,5,0.116892099380493,4,2,0.33522897783002864,0.13711793312145198,0.2128882986259703,0.031310778354682586,0.10708203270305276,0.14247288816018563
61,OnlineFPCA-sgd,0.1,7300,100,face,3,5,0.116710424423218,4,2,0.14013272542766503,0.1880634569942614,0.1687715558282467,0.02969021495250386,0.10565049395661813,0.13921506303567663
61,OnlineFPCA-sgd,0.1,7400,100,face,3,5,0.1186203956604,4,2,0.13561150920859885,0.08574583116983304,0.12347134873010143,0.029146778258935482,0.10407890698082639,0.1371334019819442
61,OnlineFPCA-sgd,0.1,7500,100,face,3,5,0.269073009490967,4,2,0.19611417327619793,0.21926685623136552,0.15804009866742616,0.028125386749997105,0.10164836278581661,0.13473685935373184
61,OnlineFPCA-sgd,0.1,7600,100,face,3,5,0.116583108901978,4,2,0.23702232568791914,0.21484835449495868,0.17090584677609277,0.02734235295963223,0.10187236818597763,0.13355779094853057
61,OnlineFPCA-sgd,0.1,7700,100,face,3,5,0.116486787796021,4,2,0.13382577174231447,0.2340369479985822,0.1895748981605042,0.0275323025751104,0.10284105770171377,0.1308008517498546
61,OnlineFPCA-sgd,0.1,7800,100,face,3,5,0.114409685134888,4,2,0.14092175441638627,0.24871995542810119,0.11678513250211445,0.027581608645169883,0.10374506039752367,0.12647946007782673
61,OnlineFPCA-sgd,0.1,7900,100,face,3,5,0.116106271743774,4,2,0.1972877200113695,0.2145285616052157,0.047258814677070334,0.025174363476887368,0.10428024627353875,0.12186688088963991
61,OnlineFPCA-sgd,0.1,8000,100,face,3,5,0.116745710372925,4,2,0.16809090474171165,0.2723655196177193,0.11328181687446096,0.02484255038379182,0.10622642324105004,0.11920661391984473
61,OnlineFPCA-sgd,0.1,8100,100,face,3,5,0.118182182312012,4,2,0.19391448089010713,0.2243258758115144,0.18576823830160508,0.023861910670742264,0.10773480557569369,0.11706467041200559
61,OnlineFPCA-sgd,0.1,8200,100,face,3,5,0.116903305053711,4,2,0.17851210957193425,0.18429454146425614,0.2459104729916678,0.024997189448679066,0.10891491103273679,0.11593079354293129
61,OnlineFPCA-sgd,0.1,8300,100,face,3,5,0.117351531982422,4,2,0.09982817467465874,0.11449279180705375,0.17887732621897287,0.025847174192907732,0.10854701972843697,0.11502891192454003
61,OnlineFPCA-sgd,0.1,8400,100,face,3,5,0.117332935333252,4,2,0.10375102019584555,0.14102135045909397,0.1552117965673196,0.02588260346752102,0.10757212066679796,0.11372342305435067
61,OnlineFPCA-sgd,0.1,8500,100,face,3,5,0.114181995391846,4,2,0.12288741244355404,0.14661194752348522,0.07208547503327485,0.024415145546097253,0.10675159270028575,0.11143258561156558
61,OnlineFPCA-sgd,0.1,8600,100,face,3,5,0.117742776870728,4,2,0.11896600406327927,0.12358655655544526,0.12366394790267325,0.023980276604273654,0.1054457512820296,0.11025700443232214
61,OnlineFPCA-sgd,0.1,8700,100,face,3,5,0.116608142852783,4,2,0.05934727765117198,0.16822180075909635,0.1511866757989356,0.02231662909597757,0.10312673120408246,0.10965889042382208
61,OnlineFPCA-sgd,0.1,8800,100,face,3,5,0.117117643356323,4,2,0.11875903994632533,0.15012943935791664,0.13645502912572585,0.022570895204855158,0.10140097911381815,0.10877707987698977
61,OnlineFPCA-sgd,0.1,8900,100,face,3,5,0.117621660232544,4,2,0.20466195697911507,0.15013860367580686,0.12042253079399579,0.02245731008141793,0.10024609096477143,0.10764792138309007
61,OnlineFPCA-sgd,0.1,9000,100,face,3,5,0.11663293838501,4,2,0.18918650423557729,0.19109311911244625,0.21028373326683653,0.022201916806722222,0.09983194387056885,0.10631433924047397
61,OnlineFPCA-sgd,0.1,9100,100,face,3,5,0.11683988571167,4,2,0.2689833815493607,0.20459159029835958,0.2266806998659922,0.022244785747260763,0.10031490631167875,0.10575059784534185
61,OnlineFPCA-sgd,0.1,9200,100,face,3,5,0.114041090011597,4,2,0.14910081557538934,0.14139382655767402,0.20908592846196883,0.02268321512188694,0.10073345764814123,0.10676986208460888
61,OnlineFPCA-sgd,0.1,9300,100,face,3,5,0.116675138473511,4,2,0.21134270359028695,0.12568039499818343,0.1874112972164077,0.023558177131484604,0.09998908018679184,0.10718768518209043
61,OnlineFPCA-sgd,0.1,9400,100,face,3,5,0.116714239120483,4,2,0.1619093804650345,0.13560609508531896,0.1849056040957517,0.025596813424355512,0.09890723067568183,0.10603600464234768
61,OnlineFPCA-sgd,0.1,9500,100,face,3,5,0.117310523986816,4,2,0.22145207627735464,0.1912237888079013,0.2550980396525669,0.02587592470413644,0.09857020331414189,0.10501618236566641
61,OnlineFPCA-sgd,0.1,9600,100,face,3,5,0.11651611328125,4,2,0.09407134024759733,0.22792840523884578,0.13781859699723936,0.026105106405086235,0.0975997029820167,0.10440942964415008
61,OnlineFPCA-sgd,0.1,9700,100,face,3,5,0.118647575378418,4,2,0.23338174193767497,0.20253698487239383,0.19312639277514948,0.026559285112466646,0.09690275468054736,0.10338180476390486
61,OnlineFPCA-sgd,0.1,9800,100,face,3,5,0.11620306968689,4,2,0.2118032718701184,0.16410068718476134,0.15998499544484937,0.02715893775979266,0.09486335988946043,0.10268901979368737
61,OnlineFPCA-sgd,0.1,9900,100,face,3,5,0.11329174041748,4,2,0.11617240939352776,0.14792555211808608,0.1722518849284373,0.02748854640596079,0.09332431283460337,0.10212118792630766
61,OnlineFPCA-sgd,0.1,10000,100,face,3,5,0.117154836654663,4,2,0.09980682413223955,0.2266514253626376,0.2758282435929807,0.027048090885085134,0.09200237983905427,0.10163397000579073
61,OnlineFPCA-sgd,0.1,10100,100,face,3,5,0.118049144744873,4,2,0.10069401657244649,0.10259196452935476,0.3251094617358539,0.027410840966906158,0.09193157168613553,0.10387377008052646
61,OnlineFPCA-sgd,0.1,10200,100,face,3,5,0.117533922195435,4,2,0.05376471380875517,0.1693674524208268,0.2772844965735857,0.027971023893511554,0.09172776841407983,0.1063802147146062
61,OnlineFPCA-sgd,0.1,10300,100,face,3,5,0.117852687835693,4,2,0.1359682762827342,0.10389966145326575,0.24516139419385446,0.0278785153912573,0.09097009025972315,0.10727153123383412
61,OnlineFPCA-sgd,0.1,10400,100,face,3,5,0.117691516876221,4,2,0.13901880837287434,0.11408866048952175,0.3094769392468005,0.028462533220589458,0.08926362802802022,0.10811377508327934
61,OnlineFPCA-sgd,0.1,10500,100,face,3,5,0.114913463592529,4,2,0.1385961083297571,0.14142628377481103,0.23254658832556277,0.028418190135528997,0.08762487834017064,0.10901756077787525
61,OnlineFPCA-sgd,0.1,10600,100,face,3,5,0.116805076599121,4,2,0.2110892600772312,0.1265627503974456,0.1980008734990189,0.02766194408306499,0.08608209047736014,0.10953067040895402
61,OnlineFPCA-sgd,0.1,10700,100,face,3,5,0.118037462234497,4,2,0.22849931566748977,0.10351985526368207,0.20480225645337533,0.027749439337304733,0.08520098101991863,0.10963267575137371
61,OnlineFPCA-sgd,0.1,10800,100,face,3,5,0.271744728088379,4,2,0.11211378144117454,0.1535397920650064,0.22688838668009625,0.027092224626739145,0.08489488297700946,0.11022452183744204
61,OnlineFPCA-sgd,0.1,10900,100,face,3,5,0.116589307785034,4,2,0.15861427556410918,0.15611712735620567,0.2407653077227787,0.025425212227639354,0.0848347655645766,0.11202256335073804
61,OnlineFPCA-sgd,0.1,11000,100,face,3,5,0.116539239883423,4,2,0.13196196522222892,0.285688850662616,0.26078214114020515,0.02412769462978282,0.085172604356156,0.11345590241649788
61,OnlineFPCA-sgd,0.1,11100,100,face,3,5,0.114169359207153,4,2,0.16188941976570914,0.16253473456564016,0.2783391160950769,0.023426975073868504,0.08646917185008869,0.1155890955018387
61,OnlineFPCA-sgd,0.1,11200,100,face,3,5,0.116284608840942,4,2,0.2914878022181366,0.2796205529856263,0.2533547017304494,0.02239059840982193,0.08675028613734986,0.117478870966902
61,OnlineFPCA-sgd,0.1,11300,100,face,3,5,0.119893789291382,4,2,0.18263049621543023,0.15813874059011293,0.2760793489531521,0.022340260880748565,0.08787295242309111,0.11857707088694917
61,OnlineFPCA-sgd,0.1,11400,100,face,3,5,0.116987466812134,4,2,0.1948071321952731,0.19396030950995272,0.2544638297882097,0.023194805973673,0.08714433468540443,0.11940393913583268
61,OnlineFPCA-sgd,0.1,11500,100,face,3,5,0.117118120193481,4,2,0.2004675875573064,0.20450275361216702,0.19765354908127394,0.02292622619749239,0.08672007024433923,0.12010911327241883
61,OnlineFPCA-sgd,0.1,11600,100,face,3,5,0.116641283035278,4,2,0.14905476880110655,0.20360590539487278,0.17613812837215237,0.02336106002757193,0.08721356226310636,0.12049878922045167
61,OnlineFPCA-sgd,0.1,11700,100,face,3,5,0.116951465606689,4,2,0.17618657132951931,0.27430103823120694,0.14101400783617463,0.023970365794718375,0.0875446342002904,0.12014647434020065
61,OnlineFPCA-sgd,0.1,11800,100,face,3,5,0.113467931747437,4,2,0.25336928069276365,0.23789655879779845,0.17291767751338927,0.024891260704234374,0.08794875383449123,0.11961395348761786
61,OnlineFPCA-sgd,0.1,11900,100,face,3,5,0.118208885192871,4,2,0.11958108467705858,0.18932193914080794,0.17603457585579677,0.02495780838462826,0.08789263752292334,0.11952722880675246
61,OnlineFPCA-sgd,0.1,12000,100,face,3,5,0.116904735565186,4,2,0.17812109650189017,0.17612411074362114,0.1684785062997051,0.025004116328525363,0.08675084377634143,0.11898750003774514
61,OnlineFPCA-sgd,0.1,12100,100,face,3,5,0.117710590362549,4,2,0.20621044421558946,0.1659144034434964,0.1376169990186534,0.025118589926842304,0.08568173399868577,0.11810640033564575
61,OnlineFPCA-sgd,0.1,12200,100,face,3,5,0.117571592330933,4,2,0.25710688855672903,0.1093195488825337,0.18548881824448493,0.025239408704925626,0.08439765765242306,0.1168019614923559
61,OnlineFPCA-sgd,0.1,12300,100,face,3,5,0.116682767868042,4,2,0.13122830555974532,0.13717815878927925,0.16623167784998732,0.024611612249137618,0.08373832867222182,0.11620141474098918
61,OnlineFPCA-sgd,0.1,12400,100,face,3,5,0.117502689361572,4,2,0.15311936815418664,0.06475229715272209,0.1098333521693845,0.024312492496520906,0.08282830348743485,0.11584349769104199
61,OnlineFPCA-sgd,0.1,12500,100,face,3,5,0.117377042770386,4,2,0.17230595414211267,0.17097427624153422,0.13960704899394505,0.024216615486764098,0.0816992709683041,0.11534125938660462
61,OnlineFPCA-sgd,0.1,12600,100,face,3,5,0.116907358169556,4,2,0.19322822197955708,0.17446757520620448,0.14905049341104246,0.024210417469546924,0.0817134317377857,0.11513011505962163
61,OnlineFPCA-sgd,0.1,12700,100,face,3,5,0.117182970046997,4,2,0.12537122019280053,0.2102308782860649,0.16220244231383626,0.02429025079700653,0.08225749263524117,0.1143193017467006
61,OnlineFPCA-sgd,0.1,12800,100,face,3,5,0.116604804992676,4,2,0.11656681340102502,0.2174773393915589,0.11360615306296544,0.02448447024111416,0.083096938703093,0.1130652118212115
61,OnlineFPCA-sgd,0.1,12900,100,face,3,5,0.120377779006958,4,2,0.14444817179607533,0.2032082741956707,0.07617953858943849,0.02377242929836783,0.08397163005463135,0.1117011923696861
61,OnlineFPCA-sgd,0.1,13000,100,face,3,5,0.11889910697937,4,2,0.15695235620941558,0.25824095373273515,0.10396250942322444,0.023829360596372005,0.08521514472977428,0.1108360227540524
61,OnlineFPCA-sgd,0.1,13100,100,face,3,5,0.117527484893799,4,2,0.1621872218762529,0.2184236862381823,0.14816792126615091,0.02356843054249814,0.0863579615379654,0.11013108541057406
61,OnlineFPCA-sgd,0.1,13200,100,face,3,5,0.113955497741699,4,2,0.16372874018682113,0.18901421548096273,0.20016812288020266,0.024056501189889196,0.08738990826256769,0.10969913291016041
61,OnlineFPCA-sgd,0.1,13300,100,face,3,5,0.116901159286499,4,2,0.08810881148114195,0.13944344319376012,0.15946602947260366,0.024410387482537516,0.08795385768561644,0.10941389634683904
61,OnlineFPCA-sgd,0.1,13400,100,face,3,5,0.11907696723938,4,2,0.10589872408385616,0.15295864757479372,0.1412508976547582,0.024457131968899884,0.0881657820773045,0.1089722993472133
61,OnlineFPCA-sgd,0.1,13500,100,face,3,5,0.116875648498535,4,2,0.1097630462349439,0.1441065433344372,0.07152947472804429,0.023867714052773985,0.08824055924839828,0.10809420449230871
61,OnlineFPCA-sgd,0.1,13600,100,face,3,5,0.121631383895874,4,2,0.09981459649846015,0.1166667849079498,0.12161580601734293,0.02363082013925985,0.08796587606371804,0.10762183974821199
61,OnlineFPCA-sgd,0.1,13700,100,face,3,5,0.118634700775146,4,2,0.04982922179637817,0.15517560284337015,0.14816936012330864,0.022875833758476224,0.08729309937866583,0.10754694852727235
61,OnlineFPCA-sgd,0.1,13800,100,face,3,5,0.11735725402832,4,2,0.1103961648801822,0.14528125590158247,0.14175562526324195,0.0229538596607656,0.08681492282861983,0.10747361058466065
61,OnlineFPCA-sgd,0.1,13900,100,face,3,5,0.117499589920044,4,2,0.17776227925007113,0.150223463340849,0.12200196300414402,0.022858288762715204,0.08654568296376063,0.10735717370360312
61,OnlineFPCA-sgd,0.1,14000,100,face,3,5,0.11738109588623,4,2,0.15796870600360727,0.17146091120945955,0.1925138163121409,0.022721594239537752,0.08666070587133287,0.10708370477950191
61,OnlineFPCA-sgd,0.1,14100,100,face,3,5,0.11919379234314,4,2,0.2146546312177994,0.18875356602211782,0.2075189819798082,0.02268846729827619,0.08721171630417006,0.10714877477902505
61,OnlineFPCA-sgd,0.1,14200,100,face,3,5,0.117624759674072,4,2,0.13023666395365555,0.1396482393274419,0.19256238014335425,0.022790181725625674,0.08767978906384556,0.10778603794577107
61,OnlineFPCA-sgd,0.1,14300,100,face,3,5,0.119425058364868,4,2,0.19659339300212,0.12856983939881403,0.17851917339967716,0.02307959638093635,0.08761583949646137,0.10822496109312679
61,OnlineFPCA-sgd,0.1,14400,100,face,3,5,0.116694688796997,4,2,0.14642171284447572,0.1309922567785341,0.17971904430051533,0.02398067077401486,0.0873603441948475,0.10798490990296084
61,OnlineFPCA-sgd,0.1,14500,100,face,3,5,0.11484956741333,4,2,0.18197505317045204,0.17067234822724928,0.23146157677020165,0.024167178434383627,0.08736355851335294,0.10776351142783595
61,OnlineFPCA-sgd,0.1,14600,100,face,3,5,0.116862773895264,4,2,0.08681093436544864,0.21097896464117874,0.1424029290659618,0.0242759573253371,0.08710574496983353,0.10769407381975353
61,OnlineFPCA-sgd,0.1,14700,100,face,3,5,0.118099689483643,4,2,0.19890483431341963,0.19611274443087295,0.19133769849220952,0.02447601135370831,0.08692044531118728,0.10742251315739991
61,OnlineFPCA-sgd,0.1,14800,100,face,3,5,0.121318340301514,4,2,0.2018642512022916,0.16139955581978463,0.1670812925972788,0.024752952274698238,0.08620743864815929,0.10731899117731379
61,OnlineFPCA-sgd,0.1,14900,100,face,3,5,0.117476463317871,4,2,0.12194531323328074,0.1493262398933525,0.17450983065865686,0.02512453095114764,0.08577410969084744,0.10725091316039065
61,OnlineFPCA-sgd,0.1,15000,100,face,3,5,0.12064790725708,4,2,0.09696954595933756,0.2070323923612994,0.24924898371816986,0.02499895560740514,0.08534648621168786,0.10717422602939727
61,OnlineFPCA-sgd,0.1,0,100,face,3,5,2.17004084587097,6,1,0.14005815040825267,1.3570859652687575,1.3355170960124043,0.14005815040825267,1.3570859652687575,1.3355170960124043
61,OnlineFPCA-sgd,0.1,100,100,face,3,5,0.41568922996521,6,1,0.9053538357821053,1.6276026078874206,1.1944225917283045,NA,NA,NA
61,OnlineFPCA-sgd,0.1,200,100,face,3,5,0.426792621612549,6,1,0.5136494597983853,1.9463408522493333,0.6747413920448053,NA,NA,NA
61,OnlineFPCA-sgd,0.1,300,100,face,3,5,0.408088684082031,6,1,0.6315799849754402,1.305132739065046,0.9318143161013319,NA,NA,NA
61,OnlineFPCA-sgd,0.1,400,100,face,3,5,0.41685962677002,6,1,0.9376809250101823,0.45494674563669296,0.8697222926034228,NA,NA,NA
61,OnlineFPCA-sgd,0.1,500,100,face,3,5,0.411509275436401,6,1,1.0030828235243339,0.7923935113458064,0.9352669515931422,NA,NA,NA
61,OnlineFPCA-sgd,0.1,600,100,face,3,5,0.413586139678955,6,1,0.9654058290368392,0.8479115227268736,0.9359384883377415,NA,NA,NA
61,OnlineFPCA-sgd,0.1,700,100,face,3,5,0.413561344146729,6,1,0.9154038949919651,0.8371804757998949,0.9369739007662842,NA,NA,NA
61,OnlineFPCA-sgd,0.1,800,100,face,3,5,0.409134864807129,6,1,0.8537906129061259,0.8206495991497665,0.9392565106842455,NA,NA,NA
61,OnlineFPCA-sgd,0.1,900,100,face,3,5,0.417618989944458,6,1,0.7569386949378423,0.8010668644864974,0.9445878068324944,NA,NA,NA
61,OnlineFPCA-sgd,0.1,1000,100,face,3,5,0.417901277542114,6,1,0.6275697420433135,0.7771182280508028,0.9485291373151346,NA,NA,NA
61,OnlineFPCA-sgd,0.1,1100,100,face,3,5,0.58642315864563,6,1,0.39562181506762795,0.7339221135154159,0.9275851770630289,0.43625872626753737,0.7395998508231092,0.9482528334824197
61,OnlineFPCA-sgd,0.1,1200,100,face,3,5,0.581877708435059,6,1,0.3076085934383122,0.7534584147267093,0.8746738798405717,0.39469396215516617,0.7390224859197756,0.9231228931138933
61,OnlineFPCA-sgd,0.1,1300,100,face,3,5,0.581459283828735,6,1,0.26843257508879026,0.7587769146778898,0.8396399829285434,0.35213655291765505,0.7458498465779447,0.8981570277682944
61,OnlineFPCA-sgd,0.1,1400,100,face,3,5,0.579787015914917,6,1,0.2100077423652476,0.7765752110814151,0.8174790956023623,0.3124309426140718,0.754376056473479,0.8774334621691473
61,OnlineFPCA-sgd,0.1,1500,100,face,3,5,0.574287176132202,6,1,0.1491117841686573,0.7808019797651421,0.8023697971574865,0.2836951848631831,0.7623657491610861,0.8602661015637312
61,OnlineFPCA-sgd,0.1,1600,100,face,3,5,0.579482555389404,6,1,0.13247743698550982,0.7821234544051759,0.799450438268791,0.2586971658833118,0.7675294736656004,0.8483752325611518
61,OnlineFPCA-sgd,0.1,1700,100,face,3,5,0.5761399269104,6,1,0.1277718457029314,0.781013116838196,0.7966836440795685,0.24008836442438508,0.7707190269979417,0.8398028377236163
61,OnlineFPCA-sgd,0.1,1800,100,face,3,5,0.717271566390991,6,1,0.12556706455198252,0.7823578567491646,0.7962777900587305,0.2253076109366233,0.7729338027022838,0.8333687890069855
61,OnlineFPCA-sgd,0.1,1900,100,face,3,5,0.56532621383667,6,1,0.11976448247151462,0.7820505880764821,0.7934533322412941,0.2137938582957951,0.7746166858034094,0.828380393734211
61,OnlineFPCA-sgd,0.1,2000,100,face,3,5,0.565528154373169,6,1,0.11556613910055796,0.7805924844808223,0.7919204269211325,0.20406351472387804,0.7757290145680213,0.8242852513953469
61,OnlineFPCA-sgd,0.1,2100,100,face,3,5,0.562066316604614,6,1,0.6378212781494103,0.8133413171021316,0.7548313106784506,0.1799503590679394,0.7760770308687692,0.8168206097435106
61,OnlineFPCA-sgd,0.1,2200,100,face,3,5,0.564322948455811,6,1,0.3446945033204597,0.789172167889797,0.8422777347533701,0.16285121530688726,0.7743152646998537,0.8103905839308145
61,OnlineFPCA-sgd,0.1,2300,100,face,3,5,0.565716028213501,6,1,0.20220080721411474,0.789106145054815,0.8251398387785311,0.15813284810002026,0.7752238651953116,0.8095091577120735
61,OnlineFPCA-sgd,0.1,2400,100,face,3,5,0.564404726028442,6,1,0.2861239447957549,0.7672163100654806,0.760430586318496,0.14896568360792325,0.7748469801310918,0.8072383072324976
61,OnlineFPCA-sgd,0.1,2500,100,face,3,5,0.564180374145508,6,1,0.18576637401069052,0.7532162677467249,0.7901746773150855,0.13554979945692325,0.7731566543141878,0.8022857021266829
61,OnlineFPCA-sgd,0.1,2600,100,face,3,5,0.566703796386719,6,1,0.4737669519444133,0.7682669488435679,0.7270676263339314,0.1259975874184295,0.7728961964928932,0.7981663916305277
61,OnlineFPCA-sgd,0.1,2700,100,face,3,5,0.554896354675293,6,1,0.17214329770811357,0.7760060968622032,0.7276836575114224,0.11714465979225436,0.7726070387510542,0.7930803423455013
61,OnlineFPCA-sgd,0.1,2800,100,face,3,5,0.562593460083008,6,1,0.19330060735726715,0.7382648040610126,0.7039215374788526,0.10699853819993642,0.7702938118292723,0.788030180287271
61,OnlineFPCA-sgd,0.1,2900,100,face,3,5,0.560887813568115,6,1,0.29359415747493256,0.6876696487768722,0.7144113851163355,0.10152381643934721,0.7644315888630698,0.7824221297781554
61,OnlineFPCA-sgd,0.1,3000,100,face,3,5,0.563371419906616,6,1,0.17046741168462096,0.6756635920186167,0.6885607253366682,0.09672017150619515,0.7600320453344533,0.7776744591760593
61,OnlineFPCA-sgd,0.1,3100,100,face,3,5,0.568974256515503,6,1,0.28929536135765976,0.6728434853362013,0.6488184804693701,0.09515362848053945,0.7553281339021148,0.771899268434063
61,OnlineFPCA-sgd,0.1,3200,100,face,3,5,0.56079626083374,6,1,0.21989095321621902,0.6722071516565981,0.6589907825955822,0.09242363549815703,0.7517009643512444,0.7661095647258922
61,OnlineFPCA-sgd,0.1,3300,100,face,3,5,0.578190088272095,6,1,0.14240445193863666,0.6612744889096053,0.6481612456854355,0.08731241887888137,0.7480021668505062,0.7602831827606336
61,OnlineFPCA-sgd,0.1,3400,100,face,3,5,0.562412738800049,6,1,0.068030316872863,0.6432848966248247,0.631791113326181,0.0868183012312777,0.7435230368943193,0.75529931179338206
61,OnlineFPCA-sgd,0.1,3500,100,face,3,5,0.560750246047974,6,1,0.22151410706894617,0.5888389095819136,0.6270495038869929,0.08421227955226006,0.7376653966682922,0.7486328115648346
61,OnlineFPCA-sgd,0.1,3600,100,face,3,5,0.566683530807495,6,1,0.16105763817855437,0.5996152471025811,0.563435116949264,0.08084693831786194,0.7312523409237032,0.7421431522086183
61,OnlineFPCA-sgd,0.1,3700,100,face,3,5,0.562408924102783,6,1,0.12707181928756192,0.5863276073782696,0.6472055579328793,0.07676345111849374,0.7254199588691849,0.7360052772513425
61,OnlineFPCA-sgd,0.1,3800,100,face,3,5,0.572959423065186,6,1,0.13823079714346262,0.5907572294662454,0.6378769157755648,0.07252074686788089,0.7196281011374194,0.7305408448616808
61,OnlineFPCA-sgd,0.1,3900,100,face,3,5,0.591840505599976,6,1,0.2671666664722985,0.5605854929916411,0.5915415413500983,0.06864780712234006,0.7143070117229301,0.7250305783133785
61,OnlineFPCA-sgd,0.1,4000,100,face,3,5,0.562222719192505,6,1,0.06633542472112394,0.7094705990212044,0.7193970502301863,0.06633542472112394,0.7094705990212044,0.7193970502301863
61,OnlineFPCA-sgd,0.1,4100,100,face,3,5,0.729092359542847,6,1,0.41051030299049174,0.6945330036038418,0.7480395219623442,0.11376537925476586,0.6959534872928301,0.7102741975867322
61,OnlineFPCA-sgd,0.1,4200,100,face,3,5,0.558963537216187,6,1,0.21491406105259475,0.7166111015782026,0.7129794590426494,0.11113564601803662,0.6912562412472327,0.7078860634883757
61,OnlineFPCA-sgd,0.1,4300,100,face,3,5,0.562430381774902,6,1,0.2482779750580233,0.6909223694088795,0.7116934170049127,0.09946354766277637,0.6883497047646256,0.7077898668571253
61,OnlineFPCA-sgd,0.1,4400,100,face,3,5,0.560535907745361,6,1,0.22692944808146912,0.6815781399722542,0.7077689231139175,0.10469888115398891,0.6836261343975175,0.7056947817387053
61,OnlineFPCA-sgd,0.1,4500,100,face,3,5,0.56189227104187,6,1,0.27874744937646134,0.7110636715829286,0.7784932746940024,0.08382453807231571,0.6837017640245264,0.7129684523347575
61,OnlineFPCA-sgd,0.1,4600,100,face,3,5,0.562848329544067,6,1,0.1317909221268967,0.7597388152649385,0.7268158381651996,0.07845503399362556,0.6852178182695222,0.7147670098372407
61,OnlineFPCA-sgd,0.1,4700,100,face,3,5,0.564945936203003,6,1,0.28380270811006797,0.7178966763614637,0.753679058728038,0.07599188180815533,0.6900168075465172,0.7167062359112576
61,OnlineFPCA-sgd,0.1,4800,100,face,3,5,0.571985244750977,6,1,0.31035683576006295,0.701172469651734,0.686041855582895,0.07584200085784244,0.6891615720066561,0.7135927679129618
61,OnlineFPCA-sgd,0.1,4900,100,face,3,5,0.563181161880493,6,1,0.1299614424633844,0.681521562257822,0.6890821532582522,0.06167578069699766,0.686333615485925,0.7092810424969376
61,OnlineFPCA-sgd,0.1,5000,100,face,3,5,0.56573748588562,6,1,0.12296970403518982,0.7476798151844143,0.7641661815161309,0.054083745021789996,0.687463422845194,0.7045577979701935
61,OnlineFPCA-sgd,0.1,5100,100,face,3,5,0.120222330093384,6,1,0.12343222442351592,0.7142212563281926,0.7930203639727299,0.055851735339290755,0.6916264647260385,0.7080698450906954
61,OnlineFPCA-sgd,0.1,5200,100,face,3,5,0.114989519119263,6,1,0.12857685502231195,0.7231671212699071,0.8093672561721876,0.06037850561103686,0.6944231809641531,0.7146973098923417
61,OnlineFPCA-sgd,0.1,5300,100,face,3,5,0.12028956413269,6,1,0.21847678269017462,0.7044249768403348,0.7298973970963746,0.05791024058265826,0.6970541319368484,0.7143964322903102
61,OnlineFPCA-sgd,0.1,5400,100,face,3,5,0.119202613830566,6,1,0.2021142259020236,0.7111001269501102,0.7548967751175146,0.05750426650067012,0.6987410842461786,0.7119550254457031
61,OnlineFPCA-sgd,0.1,5500,100,face,3,5,0.119044303894043,6,1,0.19878572182342003,0.7114478285102498,0.7314043339356349,0.053877195070743344,0.6998023508550527,0.7120536663526539
61,OnlineFPCA-sgd,0.1,5600,100,face,3,5,0.11808443069458,6,1,0.2646828865887154,0.7014738240162097,0.7180656159433471,0.04778606293050765,0.7001064350109842,0.7122928530656596
61,OnlineFPCA-sgd,0.1,5700,100,face,3,5,0.115935087203979,6,1,0.2735024321830331,0.7116818779276065,0.7180259584471641,0.04733480042363807,0.7000756226632577,0.7113559521677996
61,OnlineFPCA-sgd,0.1,5800,100,face,3,5,0.117284774780273,6,1,0.17141716765686177,0.6999447787455129,0.7717333213046575,0.040343209982092884,0.6997368643074143,0.7123122377130644
61,OnlineFPCA-sgd,0.1,5900,100,face,3,5,0.11725378036499,6,1,0.17245991222826032,0.6988843541523055,0.7347401014635039,0.030349240394752636,0.6983743489399755,0.7145031685187928
61,OnlineFPCA-sgd,0.1,6000,100,face,3,5,0.113622426986694,6,1,0.2435458537747287,0.8082251400835506,0.7121706693670536,0.02249242406537975,0.6973467977198547,0.7128594858755306
61,OnlineFPCA-sgd,0.1,6100,100,face,3,5,0.117291450500488,6,1,0.22189160577458805,0.7318726840618145,0.746024904616906,0.020439667141695764,0.6982095429272248,0.7133073087253716
61,OnlineFPCA-sgd,0.1,6200,100,face,3,5,0.114096879959106,6,1,0.4484326834237897,0.7629526247674329,0.7921051744965543,0.015827269439083146,0.6983291898457835,0.7136543425315645
61,OnlineFPCA-sgd,0.1,6300,100,face,3,5,0.266968011856079,6,1,0.26711198524160806,0.631883739797928,0.7916189247652482,0.017625826823568506,0.6972102150013066,0.7141546523766641
61,OnlineFPCA-sgd,0.1,6400,100,face,3,5,0.121109247207642,6,1,0.21046472045925443,0.6838522259146037,0.7600471314420087,0.022100737608629187,0.6942596719653095,0.7136543749345903
61,OnlineFPCA-sgd,0.1,6500,100,face,3,5,0.118377923965454,6,1,0.25409259313818267,0.7144791649680795,0.7347807380132693,0.0185284973794213,0.6933444182327462,0.7132998184669753
61,OnlineFPCA-sgd,0.1,6600,100,face,3,5,0.119802474975586,6,1,0.21290743859369396,0.7105156788142342,0.7209910845242136,0.020270122633671388,0.6928561483643776,0.713165938473745
61,OnlineFPCA-sgd,0.1,6700,100,face,3,5,0.117361307144165,6,1,0.21988612922366355,0.723147252508907,0.7132438247723173,0.021518600570788263,0.6922776284626517,0.7113437637944717
61,OnlineFPCA-sgd,0.1,6800,100,face,3,5,0.116271257400513,6,1,0.3447033653306585,0.7255504478541083,0.7063479197303879,0.023909053135052795,0.6920935405014579,0.7098313792171256
61,OnlineFPCA-sgd,0.1,6900,100,face,3,5,0.121565103530884,6,1,0.13731632865465443,0.6762503658694695,0.6810979484324103,0.023756026868809843,0.6913544927950349,0.7088566932650908
61,OnlineFPCA-sgd,0.1,7000,100,face,3,5,0.114303112030029,6,1,0.21686391859999718,0.6613179722551751,0.6766140965043539,0.02500746411103906,0.6896765389292799,0.7060755106286223
61,OnlineFPCA-sgd,0.1,7100,100,face,3,5,0.117229700088501,6,1,0.2787631107851257,0.6698531922153065,0.6610679341113453,0.025583561458005676,0.6887631115351516,0.7025573049665319
61,OnlineFPCA-sgd,0.1,7200,100,face,3,5,0.114641427993774,6,1,0.3980171515710867,0.6496502235756441,0.6790897861025775,0.026494037204220732,0.6877694442196666,0.6995612930655492
61,OnlineFPCA-sgd,0.1,7300,100,face,3,5,0.118046760559082,6,1,0.1572916699313242,0.6503501753913822,0.685650417613421,0.025255535867367694,0.6868515407211612,0.6978414048541471
61,OnlineFPCA-sgd,0.1,7400,100,face,3,5,0.120378732681274,6,1,0.1281923631377843,0.6456008095503563,0.658166991726616,0.025486947497968024,0.6853049384074771,0.6965866455062907
61,OnlineFPCA-sgd,0.1,7500,100,face,3,5,0.11420464515686,6,1,0.20474920430962495,0.6396103946794849,0.6420919020947113,0.024445837943536147,0.6834634088235518,0.6945958535226812
61,OnlineFPCA-sgd,0.1,7600,100,face,3,5,0.120491743087769,6,1,0.288469198489616,0.6610285331983726,0.6695539384350726,0.023283250414318602,0.6821353185558793,0.6930770148051889
61,OnlineFPCA-sgd,0.1,7700,100,face,3,5,0.117258787155151,6,1,0.13422185296463737,0.6764058148899111,0.6597976574276647,0.023718591234251914,0.6810493518728105,0.6918078018504066
61,OnlineFPCA-sgd,0.1,7800,100,face,3,5,0.118451833724976,6,1,0.1741250248075589,0.6577634975357748,0.6535261757831307,0.02371245436935722,0.679766589767045,0.6904451180983138
61,OnlineFPCA-sgd,0.1,7900,100,face,3,5,0.1202552318573,6,1,0.24727031426280854,0.6167787082155659,0.6193826975140334,0.0208446459857532,0.6775882749076558,0.688660111693703
61,OnlineFPCA-sgd,0.1,8000,100,face,3,5,0.114352226257324,6,1,0.17035057984617288,0.6368076193669879,0.6148393826316939,0.020601301676226154,0.6755059279271016,0.6866608049680386
61,OnlineFPCA-sgd,0.1,8100,100,face,3,5,0.118887424468994,6,1,0.24108060644989243,0.6298542276759597,0.5908346374750072,0.019990506911729513,0.6737139291592743,0.684296499451211
61,OnlineFPCA-sgd,0.1,8200,100,face,3,5,0.117677927017212,6,1,0.18904357356101623,0.6215595090562307,0.6133046825703196,0.021533272437672665,0.672320972582299,0.6819296935045275
61,OnlineFPCA-sgd,0.1,8300,100,face,3,5,0.11423397064209,6,1,0.11365441307711018,0.5963181979114779,0.5910758342916973,0.02253924342933209,0.6708910180289733,0.6796010372849269
61,OnlineFPCA-sgd,0.1,8400,100,face,3,5,0.11836576461792,6,1,0.09703661122803363,0.5849673355647189,0.5795709820414089,0.02305904593992161,0.6688835139537969,0.6772538810759002
61,OnlineFPCA-sgd,0.1,8500,100,face,3,5,0.116021394729614,6,1,0.15255214535541875,0.5433093172078017,0.5524883992021865,0.021393710858310513,0.6662857286215181,0.6742850658247096
61,OnlineFPCA-sgd,0.1,8600,100,face,3,5,0.119646549224854,6,1,0.13755688896493282,0.5500947701507821,0.5305296312682217,0.02068944863763232,0.6633080078386578,0.671280673304899
61,OnlineFPCA-sgd,0.1,8700,100,face,3,5,0.117206335067749,6,1,0.08272780431185328,0.5489288384593893,0.5828489303790659,0.0181225408716716,0.660519435654603,0.6685601236946285
61,OnlineFPCA-sgd,0.1,8800,100,face,3,5,0.116846084594727,6,1,0.1192668042666046,0.5470565305613652,0.5721032479122895,0.018682168175756214,0.6577924322265726,0.6661484967554444
61,OnlineFPCA-sgd,0.1,8900,100,face,3,5,0.11840558052063,6,1,0.23116669146668295,0.5226363238717476,0.5454154363542825,0.018646421090396877,0.6550215949124758,0.6637726218449616
61,OnlineFPCA-sgd,0.1,9000,100,face,3,5,0.114690065383911,6,1,0.21004572769937468,0.524133859363248,0.5837268646809706,0.01850719349275099,0.6523189508481263,0.6610890355862784
61,OnlineFPCA-sgd,0.1,9100,100,face,3,5,0.117082834243774,6,1,0.33341739394187164,0.48882932385920413,0.5812261851453537,0.018725066997583265,0.6493990089074723,0.6586632942362924
61,OnlineFPCA-sgd,0.1,9200,100,face,3,5,0.117585897445679,6,1,0.16579140869398126,0.4852338660392776,0.5388307755174486,0.019400744280887987,0.6460995023237868,0.6560171058478389
61,OnlineFPCA-sgd,0.1,9300,100,face,3,5,0.123923063278198,6,1,0.22017138839103256,0.47768357218974894,0.5191960722343634,0.020420023468359163,0.6427790287033079,0.6534170415666852
61,OnlineFPCA-sgd,0.1,9400,100,face,3,5,0.120165824890137,6,1,0.1730184563249038,0.4632903422385972,0.5036011123714096,0.022339647293026725,0.6393380494492669,0.6505005062780813
61,OnlineFPCA-sgd,0.1,9500,100,face,3,5,0.114101409912109,6,1,0.25027958714204995,0.4900683898897742,0.560946374726382,0.022776525173406503,0.6360772574362483,0.6479215219554484
61,OnlineFPCA-sgd,0.1,9600,100,face,3,5,0.120633602142334,6,1,0.10235749222065495,0.5176377080872484,0.4937125178434873,0.02288366957377698,0.6328711431851802,0.6451144726135288
61,OnlineFPCA-sgd,0.1,9700,100,face,3,5,0.117203712463379,6,1,0.25330172385741406,0.49069528156703873,0.5158696187539413,0.023127719596289835,0.629798333367974,0.6422321561381686
61,OnlineFPCA-sgd,0.1,9800,100,face,3,5,0.118064165115356,6,1,0.22525396481089976,0.47748231983374756,0.47000294660698455,0.023549191761398473,0.6267617633773037,0.6390737894477094
61,OnlineFPCA-sgd,0.1,9900,100,face,3,5,0.120649814605713,6,1,0.1207771718337683,0.45198919539158705,0.46716333201788757,0.023818698037745143,0.6237981978089413,0.6360439093379479
61,OnlineFPCA-sgd,0.1,10000,100,face,3,5,0.114955186843872,6,1,0.10631466035077511,0.4989786172861041,0.5385128785871448,0.02345911431008143,0.6207930818265492,0.6330170321627648
61,OnlineFPCA-sgd,0.1,10100,100,face,3,5,0.117318153381348,6,1,0.1053448645029121,0.44473198118907603,0.5727588610277491,0.024101751256807073,0.6181489052053627,0.6310010697237315
61,OnlineFPCA-sgd,0.1,10200,100,face,3,5,0.117648601531982,6,1,0.07599364506231616,0.46049020945946023,0.5574797115176696,0.02479808179321846,0.6152584505112675,0.6291670112443116
61,OnlineFPCA-sgd,0.1,10300,100,face,3,5,0.113978385925293,6,1,0.1609471725852883,0.43619734239726005,0.48448246371994685,0.02478781767678081,0.6124720520187723,0.6263463956686119
61,OnlineFPCA-sgd,0.1,10400,100,face,3,5,0.122814893722534,6,1,0.159077221799898,0.44190929247571936,0.5163511768719912,0.025280231237166453,0.6097208666539726,0.6230755263565231
61,OnlineFPCA-sgd,0.1,10500,100,face,3,5,0.115146398544312,6,1,0.15356174285415455,0.44630580526702435,0.4796824780220422,0.02529218265751189,0.606842735009288,0.6201513476471413
61,OnlineFPCA-sgd,0.1,10600,100,face,3,5,0.120417356491089,6,1,0.23012358874168087,0.4192826616752003,0.447922646674683,0.024534908318605678,0.6039103260826622,0.6173658265870466
61,OnlineFPCA-sgd,0.1,10700,100,face,3,5,0.118750333786011,6,1,0.2456322766289117,0.3998867158120969,0.42394651166287994,0.02466290076335247,0.6007948339254466,0.6142270929474293
61,OnlineFPCA-sgd,0.1,10800,100,face,3,5,0.118395090103149,6,1,0.1346219267686579,0.39762523599989824,0.46813261858783073,0.023676402696093994,0.5976657564267986,0.6111771797614179
61,OnlineFPCA-sgd,0.1,10900,100,face,3,5,0.117173433303833,6,1,0.16381600144947506,0.38480328500707434,0.4463497327045121,0.02144551040767969,0.5942005709043197,0.6083855368986115
61,OnlineFPCA-sgd,0.1,11000,100,face,3,5,0.114404678344727,6,1,0.15701814935250016,0.484794337227811,0.42858789554188703,0.019781036377305796,0.590943204409592,0.6052067455968541
61,OnlineFPCA-sgd,0.1,11100,100,face,3,5,0.117029905319214,6,1,0.18806373354060646,0.3856968400306597,0.4569357726597696,0.019094766009649964,0.5880236170949142,0.6023712203042422
61,OnlineFPCA-sgd,0.1,11200,100,face,3,5,0.116892576217651,6,1,0.3479122598255579,0.4470967456925656,0.4628899564541925,0.01817760977442957,0.5848287670987827,0.5995402399859089
61,OnlineFPCA-sgd,0.1,11300,100,face,3,5,0.114778757095337,6,1,0.22280658488566862,0.3405079475255591,0.4872835771186215,0.01851051107285229,0.5817390125443036,0.5968759434114295
61,OnlineFPCA-sgd,0.1,11400,100,face,3,5,0.121662616729736,6,1,0.2031623163551965,0.3819122204656808,0.4477432860418661,0.019422507820856427,0.5782005589354081,0.5940049675616458
61,OnlineFPCA-sgd,0.1,11500,100,face,3,5,0.115263223648071,6,1,0.22238508185489606,0.40505575879426187,0.40545015125012246,0.01882499573725254,0.5752234480390449,0.5912379589240049
61,OnlineFPCA-sgd,0.1,11600,100,face,3,5,0.119982004165649,6,1,0.16683043458997981,0.39163294941646387,0.3796962249942084,0.019314505541022146,0.5723218472353825,0.588436012125559
61,OnlineFPCA-sgd,0.1,11700,100,face,3,5,0.119894504547119,6,1,0.19002332779546216,0.4247766267600344,0.349367786135816,0.01996387600688027,0.5692624584445837,0.5850414711846268
61,OnlineFPCA-sgd,0.1,11800,100,face,3,5,0.114118337631226,6,1,0.28478065949335335,0.40532031776865796,0.3550031766741648,0.02107413760653217,0.5662982491876858,0.5816348190449023
61,OnlineFPCA-sgd,0.1,11900,100,face,3,5,0.117104053497314,6,1,0.13369010216010754,0.35750538493334255,0.3490228164578121,0.02126973256226126,0.5632695888265438,0.5785648787763567
61,OnlineFPCA-sgd,0.1,12000,100,face,3,5,0.114911079406738,6,1,0.19356080444463217,0.3404281495079895,0.3421084833411727,0.02128562347011131,0.5598330091536591,0.5750511023296488
61,OnlineFPCA-sgd,0.1,12100,100,face,3,5,0.117232322692871,6,1,0.229033214226072,0.33733993919522853,0.30985734478709664,0.021356488748786717,0.5564591962925372,0.5710874135552739
61,OnlineFPCA-sgd,0.1,12200,100,face,3,5,0.117713928222656,6,1,0.32233522425684874,0.30129842498405196,0.3394158042226019,0.021579323557173537,0.5530652554419975,0.5671249443766521
61,OnlineFPCA-sgd,0.1,12300,100,face,3,5,0.12304949760437,6,1,0.13844763159290246,0.2933702988851054,0.33005336031708843,0.021039426525033954,0.5496909066666786,0.5635241896351209
61,OnlineFPCA-sgd,0.1,12400,100,face,3,5,0.120861768722534,6,1,0.14557186640754996,0.27760136593974766,0.2948559090449996,0.021027213114807156,0.5461957398962034,0.5602158972423372
61,OnlineFPCA-sgd,0.1,12500,100,face,3,5,0.117874383926392,6,1,0.18443747414507425,0.30433374831261906,0.2965760218487429,0.021078325188675886,0.5426249913392724,0.5567196839898273
61,OnlineFPCA-sgd,0.1,12600,100,face,3,5,0.11739444732666,6,1,0.22663346426692207,0.3208497059118503,0.3082410287378934,0.02103222887655202,0.5393157180954997,0.5533262226537145
61,OnlineFPCA-sgd,0.1,12700,100,face,3,5,0.118453741073608,6,1,0.12723618062655762,0.35446255072549143,0.31483759995173727,0.021172490101293417,0.536379641700486,0.5501129451499486
61,OnlineFPCA-sgd,0.1,12800,100,face,3,5,0.114130973815918,6,1,0.13353481059061068,0.35126502845629765,0.2986235981129922,0.021388275746192512,0.5335956284748196,0.5470103814451541
61,OnlineFPCA-sgd,0.1,12900,100,face,3,5,0.118271589279175,6,1,0.1842440860342357,0.31659064405704895,0.27203609770349363,0.020544960810010098,0.5306367652280641,0.5439228223293172
61,OnlineFPCA-sgd,0.1,13000,100,face,3,5,0.115077257156372,6,1,0.16534970766978233,0.35243664782200035,0.27258301680465924,0.020691472339910442,0.5275881150677795,0.5407375514558169
61,OnlineFPCA-sgd,0.1,13100,100,face,3,5,0.1195068359375,6,1,0.19439443343743681,0.32150769960796005,0.27137871276625947,0.020513831656759737,0.5246052464198241,0.5374515446798355
61,OnlineFPCA-sgd,0.1,13200,100,face,3,5,0.116898775100708,6,1,0.17257473800218662,0.3019225264997748,0.3083660764915707,0.02118448636772292,0.5216958473768637,0.5341082651005068
61,OnlineFPCA-sgd,0.1,13300,100,face,3,5,0.117092847824097,6,1,0.09604478755291694,0.27008746749826584,0.28011968080695715,0.02160507094417657,0.5189221792774046,0.5309523493495681
61,OnlineFPCA-sgd,0.1,13400,100,face,3,5,0.117819786071777,6,1,0.10439005206585972,0.2781884539062868,0.27159005634463973,0.02183438519033474,0.5160600087308804,0.5278834056005398
61,OnlineFPCA-sgd,0.1,13500,100,face,3,5,0.11554217338562,6,1,0.12377676309515281,0.24586266541405685,0.2207306101917882,0.021157362311382863,0.5130172156085421,0.5245832772078852
61,OnlineFPCA-sgd,0.1,13600,100,face,3,5,0.117637395858765,6,1,0.11445961002540053,0.24414553083823265,0.23960002871235703,0.020882697623625286,0.5098612058340622,0.5213844499082331
61,OnlineFPCA-sgd,0.1,13700,100,face,3,5,0.11875581741333,6,1,0.05754416171830525,0.26831869282152787,0.28079141785548734,0.019803372374490345,0.5069004696723118,0.5185124964003056
61,OnlineFPCA-sgd,0.1,13800,100,face,3,5,0.118382692337036,6,1,0.1132773183269346,0.265312488042717,0.2729432899651122,0.02005119012423974,0.5040686821597584,0.5158194602555296
61,OnlineFPCA-sgd,0.1,13900,100,face,3,5,0.120936155319214,6,1,0.2018166259958872,0.254887218010459,0.25205876940730115,0.020025530087815782,0.501262019754244,0.5131541571811131
61,OnlineFPCA-sgd,0.1,14000,100,face,3,5,0.114811182022095,6,1,0.18363991684186096,0.26726153773931677,0.30588521679971764,0.01992168564558361,0.49853003599043877,0.5103889725093863
61,OnlineFPCA-sgd,0.1,14100,100,face,3,5,0.120587825775146,6,1,0.263861365659286,0.25219779636657946,0.3113039386694602,0.019939909835138978,0.4957210076720001,0.5077133083417371
61,OnlineFPCA-sgd,0.1,14200,100,face,3,5,0.117945671081543,6,1,0.14518030209505334,0.21490259877316958,0.27710121076723165,0.020096512601753446,0.4926689194281678,0.5049550764355258
61,OnlineFPCA-sgd,0.1,14300,100,face,3,5,0.117757797241211,6,1,0.20779803921057594,0.2168544394734395,0.26927792665582634,0.020447765277252818,0.4897183226279562,0.502372077691243
61,OnlineFPCA-sgd,0.1,14400,100,face,3,5,0.118765354156494,6,1,0.15698965157396988,0.21234254194137311,0.25907069618605666,0.021344352111635767,0.4867663237744434,0.499658885242902
61,OnlineFPCA-sgd,0.1,14500,100,face,3,5,0.115665197372437,6,1,0.21329526366225357,0.2514557076588363,0.324379556741362,0.02159915666760136,0.4839460985036102,0.4971299340124371
61,OnlineFPCA-sgd,0.1,14600,100,face,3,5,0.118804693222046,6,1,0.09281948850358096,0.2891187035990737,0.24187341933795733,0.021653089121392702,0.48116814536675984,0.4946071905531623
61,OnlineFPCA-sgd,0.1,14700,100,face,3,5,0.11939811706543,6,1,0.22764179134030105,0.2628507457892923,0.2761079024571555,0.02176885405693665,0.47844214195313056,0.4920590018428221
61,OnlineFPCA-sgd,0.1,14800,100,face,3,5,0.115348815917969,6,1,0.207250556956533,0.2431679885692285,0.24191314443124493,0.021960441687037653,0.47575335054943185,0.48946553472416865
61,OnlineFPCA-sgd,0.1,14900,100,face,3,5,0.121631860733032,6,1,0.1197600051332289,0.21985114292467892,0.23949544924494798,0.022370620889976017,0.4732166918115816,0.48693459868312117
61,OnlineFPCA-sgd,0.1,15000,100,face,3,5,0.11446475982666,6,1,0.09828281125682813,0.2756167510668467,0.32417946069686593,0.022251476244675918,0.47064618353007814,0.4844217710794795
61,OnlineFPCA-sgd,0.1,0,100,face,3,5,2.17004084587097,6,2,0.14005815040825267,0.20715332455807106,0.2948934674353061,0.14005815040825267,0.20715332455807106,0.2948934674353061
61,OnlineFPCA-sgd,0.1,100,100,face,3,5,0.411009073257446,6,2,0.8726090453940811,0.49963526255764196,1.5047872322923173,NA,NA,NA
61,OnlineFPCA-sgd,0.1,200,100,face,3,5,0.417724609375,6,2,1.9233486839761185,1.2488208396694387,1.6530241994860075,NA,NA,NA
61,OnlineFPCA-sgd,0.1,300,100,face,3,5,0.413398742675781,6,2,0.5687079254574638,1.124350485500462,1.2239056972384992,NA,NA,NA
61,OnlineFPCA-sgd,0.1,400,100,face,3,5,0.411394119262695,6,2,0.5660079339323191,1.3187937185400918,1.46828761433137,NA,NA,NA
61,OnlineFPCA-sgd,0.1,500,100,face,3,5,0.414749145507812,6,2,1.079388328885125,0.6830530252811677,0.6981412058971406,NA,NA,NA
61,OnlineFPCA-sgd,0.1,600,100,face,3,5,0.407432556152344,6,2,0.9686245488359118,0.5951618936909885,0.932947859841028,NA,NA,NA
61,OnlineFPCA-sgd,0.1,700,100,face,3,5,0.411372900009155,6,2,0.8249146203478809,0.3311162311862719,0.8356854586856485,NA,NA,NA
61,OnlineFPCA-sgd,0.1,800,100,face,3,5,0.409905672073364,6,2,0.8073266857598504,0.32902202131983144,0.8277089235637298,NA,NA,NA
61,OnlineFPCA-sgd,0.1,900,100,face,3,5,0.410014629364014,6,2,0.7868860142141032,0.327786608079625,0.8221412490554189,NA,NA,NA
61,OnlineFPCA-sgd,0.1,1000,100,face,3,5,0.411066770553589,6,2,0.7651227058534014,0.3268745526629909,0.8142513608028206,NA,NA,NA
61,OnlineFPCA-sgd,0.1,1100,100,face,3,5,0.56706428527832,6,2,0.6020757917422795,0.25273842388823803,0.6471632460547205,0.6435757952393832,0.29066732975828496,0.7162284934363834
61,OnlineFPCA-sgd,0.1,1200,100,face,3,5,0.585269689559937,6,2,0.2714715794338697,0.1913179139520457,0.3487765833923168,0.5424182893965853,0.26736558777837105,0.5889993198799987
61,OnlineFPCA-sgd,0.1,1300,100,face,3,5,0.570158720016479,6,2,0.5195714578113433,0.42563720117251763,0.40845566964384195,0.3326545254375422,0.2202177290548381,0.41448521626051427
61,OnlineFPCA-sgd,0.1,1400,100,face,3,5,0.577325344085693,6,2,0.14708092580351181,0.22191365773559124,0.27123200083597804,0.2969667397736004,0.21261353605423416,0.3708753258315151
61,OnlineFPCA-sgd,0.1,1500,100,face,3,5,0.578299760818481,6,2,0.1159353368981273,0.18614817078689527,0.25932938520704757,0.23799448829912073,0.20572140052825946,0.3313721698175539
61,OnlineFPCA-sgd,0.1,1600,100,face,3,5,0.577605009078979,6,2,0.08079713937904606,0.1890112315095125,0.2566446887881882,0.19548660495022474,0.19890843046271972,0.3048302327813662
61,OnlineFPCA-sgd,0.1,1700,100,face,3,5,0.573171138763428,6,2,0.07697842843563174,0.19393011403037191,0.2614675425807466,0.1667203374569156,0.19629932399298555,0.2894780565120326
61,OnlineFPCA-sgd,0.1,1800,100,face,3,5,0.57939338684082,6,2,0.08424115704149994,0.19845014185646376,0.26832737164188547,0.14484535076894695,0.19481033596415964,0.27951983610423264
61,OnlineFPCA-sgd,0.1,1900,100,face,3,5,0.587596893310547,6,2,0.08671111906846125,0.19398600286739245,0.2635440760170841,0.1283292793473243,0.19406375098612502,0.27371027923127944
61,OnlineFPCA-sgd,0.1,2000,100,face,3,5,0.573342800140381,6,2,0.09114674107684116,0.19387278861425414,0.2536521151377617,0.11615768700854565,0.19335111534175597,0.26885600126308024
61,OnlineFPCA-sgd,0.1,2100,100,face,3,5,0.565039396286011,6,2,0.31467796676045146,0.21966551915263977,0.26832969576345345,0.1094022347775107,0.19264022869473285,0.26865238475701525
61,OnlineFPCA-sgd,0.1,2200,100,face,3,5,0.567886352539062,6,2,0.4006128205503092,0.25574989045675794,0.3942824030062358,0.10419338251034524,0.1886964933405568,0.2678748352101064
61,OnlineFPCA-sgd,0.1,2300,100,face,3,5,0.565610647201538,6,2,0.19027479073599265,0.21546905341865938,0.25998145863281624,0.10669443478235804,0.18536167564621175,0.26883345426443017
61,OnlineFPCA-sgd,0.1,2400,100,face,3,5,0.569319248199463,6,2,0.2513536411399684,0.20895700728745037,0.20950863401146572,0.10049424596138128,0.18003050118442937,0.2565676969709646
61,OnlineFPCA-sgd,0.1,2500,100,face,3,5,0.571740865707397,6,2,0.20736429366559175,0.3219171787834828,0.2607430905818588,0.08931957982814162,0.17477626646179956,0.2478013671442411
61,OnlineFPCA-sgd,0.1,2600,100,face,3,5,0.566105842590332,6,2,0.4437557244099194,0.266407014491874,0.31215660907829024,0.08135567428546035,0.17472885157731907,0.2496605279761746
61,OnlineFPCA-sgd,0.1,2700,100,face,3,5,0.715929508209229,6,2,0.184966696505036,0.24303624137289803,0.35963094983793353,0.07739454382632599,0.17591003627741988,0.25321813032428325
61,OnlineFPCA-sgd,0.1,2800,100,face,3,5,0.563735246658325,6,2,0.19973644288534792,0.33391821699159374,0.15878859143198712,0.06969501956931312,0.17587952782142224,0.2471465327129018
61,OnlineFPCA-sgd,0.1,2900,100,face,3,5,0.561698436737061,6,2,0.31703881571614034,0.22727320960136163,0.1894223314842737,0.0611026342080955,0.1734110330456502,0.2386096066739846
61,OnlineFPCA-sgd,0.1,3000,100,face,3,5,0.569209814071655,6,2,0.17149842495732823,0.27340112641010356,0.25054595335968244,0.056705239345650256,0.17545948865022234,0.23508546122667726
61,OnlineFPCA-sgd,0.1,3100,100,face,3,5,0.562267541885376,6,2,0.3048607523174326,0.22716317554482743,0.3095078682071446,0.0548096981409248,0.17514979156500657,0.23359189732217192
61,OnlineFPCA-sgd,0.1,3200,100,face,3,5,0.567092418670654,6,2,0.22673217192045308,0.1851167678709473,0.3518021765890161,0.05409357672414083,0.1749928006818848,0.23314350820600196
61,OnlineFPCA-sgd,0.1,3300,100,face,3,5,0.56574821472168,6,2,0.15304950933734923,0.10804220261606506,0.199885786774759,0.051796319798355306,0.17149427031378112,0.2303712286938767
61,OnlineFPCA-sgd,0.1,3400,100,face,3,5,0.565170049667358,6,2,0.06497304010024331,0.18555624076155472,0.1847430918499042,0.05262007330884093,0.16872991425423586,0.22531010945596885
61,OnlineFPCA-sgd,0.1,3500,100,face,3,5,0.567599534988403,6,2,0.2169130007196611,0.22663034008234706,0.18332953202225297,0.04892772696078483,0.16647668522822057,0.21699048331128368
61,OnlineFPCA-sgd,0.1,3600,100,face,3,5,0.559114456176758,6,2,0.1654640594360084,0.2156191016998657,0.20943061834868237,0.046333500566427634,0.16482346428080258,0.2125401525539383
61,OnlineFPCA-sgd,0.1,3700,100,face,3,5,0.566780090332031,6,2,0.1191515865082089,0.2687011367588158,0.22606630863919783,0.044122750106039325,0.1626567898299718,0.20700824124616726
61,OnlineFPCA-sgd,0.1,3800,100,face,3,5,0.566221475601196,6,2,0.1389426514111037,0.2346906835128274,0.1851490294598383,0.04275476450702873,0.1606181763489981,0.20003488472530317
61,OnlineFPCA-sgd,0.1,3900,100,face,3,5,0.559987783432007,6,2,0.25973713969718093,0.19248411281129374,0.21136478472251974,0.04033576899911273,0.15903701426501324,0.19196789306334888
61,OnlineFPCA-sgd,0.1,4000,100,face,3,5,0.572464942932129,6,2,0.03846464687801065,0.15768562731534122,0.18538090269452995,0.03846464687801065,0.15768562731534122,0.18538090269452995
61,OnlineFPCA-sgd,0.1,4100,100,face,3,5,0.564817667007446,6,2,0.40589761652088313,0.2469346978580333,0.25917440688682714,0.11048694067331276,0.18110319296025013,0.1663855112459252
61,OnlineFPCA-sgd,0.1,4200,100,face,3,5,0.575438022613525,6,2,0.2123449750072525,0.19102188790271962,0.31874366493000034,0.10822997690251504,0.16840751819332767,0.21422398277858457
61,OnlineFPCA-sgd,0.1,4300,100,face,3,5,0.564155578613281,6,2,0.24916998615761587,0.2106234882655949,0.22742788737806047,0.09798851204155955,0.1611199969663328,0.21132412491438948
61,OnlineFPCA-sgd,0.1,4400,100,face,3,5,0.562156677246094,6,2,0.22784606251513823,0.23392954975513047,0.24523467745066999,0.10527801691593959,0.1566322791058952,0.1867979586537224
61,OnlineFPCA-sgd,0.1,4500,100,face,3,5,0.572065591812134,6,2,0.2822941506428392,0.30437809817473055,0.3895143241290311,0.08409586960049031,0.17001069120733045,0.1858414282485612
61,OnlineFPCA-sgd,0.1,4600,100,face,3,5,0.568659543991089,6,2,0.12982330633645042,0.37531945392208976,0.15722850237098002,0.0788574112904211,0.17739190037221167,0.19044308484527667
61,OnlineFPCA-sgd,0.1,4700,100,face,3,5,0.567232847213745,6,2,0.2967589365741488,0.26840253545225173,0.22835797695599677,0.0765633822496946,0.19282628097770566,0.18670350893204177
61,OnlineFPCA-sgd,0.1,4800,100,face,3,5,0.572037935256958,6,2,0.3024229323623651,0.1999021583967685,0.1530631371909896,0.07743799152020231,0.1788920319030361,0.18294569980441616
61,OnlineFPCA-sgd,0.1,4900,100,face,3,5,0.720188140869141,6,2,0.12204734547149668,0.16011444064742347,0.14860855431103984,0.063225317024068,0.16266934460775193,0.17296493089951284
61,OnlineFPCA-sgd,0.1,5000,100,face,3,5,0.565378665924072,6,2,0.11953196417957081,0.29713764861058733,0.3148724707950938,0.05478278824687462,0.15809119065763141,0.15908614973539242
61,OnlineFPCA-sgd,0.1,5100,100,face,3,5,0.114556550979614,6,2,0.13857329588779743,0.10959197630724174,0.392189433568629,0.055723600296579044,0.1516945080220835,0.16115686313816238
61,OnlineFPCA-sgd,0.1,5200,100,face,3,5,0.116889476776123,6,2,0.12918910344892282,0.18172343731334317,0.3174099537800369,0.06074178998987081,0.1433131343708502,0.16564390043513744
61,OnlineFPCA-sgd,0.1,5300,100,face,3,5,0.117040395736694,6,2,0.2123649546395983,0.15633382229634835,0.2939380683055512,0.057665337260799525,0.13707779631183165,0.159244160528718
61,OnlineFPCA-sgd,0.1,5400,100,face,3,5,0.116873264312744,6,2,0.20536440716195456,0.155755627922772,0.37731156775480146,0.05751937487503741,0.12906722658949993,0.15807969569411448
61,OnlineFPCA-sgd,0.1,5500,100,face,3,5,0.120038509368896,6,2,0.2039795223146364,0.14357815291791753,0.26857908507748124,0.05390208711933732,0.125286760371346,0.16208976271540962
61,OnlineFPCA-sgd,0.1,5600,100,face,3,5,0.114327430725098,6,2,0.2540509153918041,0.164346614420057,0.20165496224031912,0.047764742180807014,0.11977629157809878,0.16390140529533076
61,OnlineFPCA-sgd,0.1,5700,100,face,3,5,0.116880893707275,6,2,0.28174678509524265,0.1430129294471585,0.21912198115812598,0.04747365447874114,0.11857041374652086,0.16144109444382085
61,OnlineFPCA-sgd,0.1,5800,100,face,3,5,0.117943048477173,6,2,0.15877295427706503,0.2119882098222509,0.2668161127478562,0.041063825951155666,0.11506478058811281,0.16433616964178313
61,OnlineFPCA-sgd,0.1,5900,100,face,3,5,0.113644361495972,6,2,0.16604555333349558,0.23757402057800925,0.29263641099611065,0.032051830856728206,0.11001927793431873,0.17340466978043984
61,OnlineFPCA-sgd,0.1,6000,100,face,3,5,0.120659828186035,6,2,0.23650246377070994,0.39219623981007246,0.342381349096356,0.025158079722368873,0.1074321123708201,0.17931405580638052
61,OnlineFPCA-sgd,0.1,6100,100,face,3,5,0.113826036453247,6,2,0.2172548702392471,0.18351777610841993,0.35334091244581134,0.02287518678123312,0.10789312090325716,0.18539772696401055
61,OnlineFPCA-sgd,0.1,6200,100,face,3,5,0.119589805603027,6,2,0.4597079556406822,0.3937438346631622,0.29900080694283004,0.018238748976081756,0.1053582291802537,0.18944719686079317
61,OnlineFPCA-sgd,0.1,6300,100,face,3,5,0.118662118911743,6,2,0.2621066737592608,0.21340977038824274,0.36621011382717694,0.01936367857590255,0.10647024004685017,0.1897068173257955
61,OnlineFPCA-sgd,0.1,6400,100,face,3,5,0.117713212966919,6,2,0.2006001650543929,0.2522066049944008,0.3258353705575818,0.024473410477824763,0.10221400066005719,0.18928479789798916
61,OnlineFPCA-sgd,0.1,6500,100,face,3,5,0.119764566421509,6,2,0.2584495746621402,0.27169207063874473,0.2045758308195014,0.022571070481032098,0.10022839565455997,0.1875445857648038
61,OnlineFPCA-sgd,0.1,6600,100,face,3,5,0.117327451705933,6,2,0.1798328500149494,0.22950094217700828,0.19196618531087825,0.024590264633744894,0.1010251744908176,0.18460243983247018
61,OnlineFPCA-sgd,0.1,6700,100,face,3,5,0.117285966873169,6,2,0.21344196597303156,0.3390067853491768,0.14859972219726852,0.02606130497511114,0.1013678212945621,0.17790663596145564
61,OnlineFPCA-sgd,0.1,6800,100,face,3,5,0.118432283401489,6,2,0.33972129352294256,0.27871466812993245,0.17728015863881166,0.028354886253178033,0.10229732013190397,0.17090167202481085
61,OnlineFPCA-sgd,0.1,6900,100,face,3,5,0.114249706268311,6,2,0.11945139981264533,0.1909201082036137,0.19698479860272644,0.0277147977708096,0.10135280284714777,0.16504022250969574
61,OnlineFPCA-sgd,0.1,7000,100,face,3,5,0.118227005004883,6,2,0.18815771655159572,0.23067741705690722,0.21885581401026655,0.0283894355317733,0.09689418558608037,0.15792059631262395
61,OnlineFPCA-sgd,0.1,7100,100,face,3,5,0.114515542984009,6,2,0.2762144952469892,0.18101781424187752,0.20934357455656358,0.028503200410094832,0.09353597030821599,0.15040918892883615
61,OnlineFPCA-sgd,0.1,7200,100,face,3,5,0.268968343734741,6,2,0.3936390115988161,0.1604135292992806,0.22980926628288265,0.02881675210598184,0.09009095002405701,0.1423684833171123
61,OnlineFPCA-sgd,0.1,7300,100,face,3,5,0.116755247116089,6,2,0.16146113654997427,0.223333601473174,0.16742179120194528,0.026994827214179885,0.08943870024393556,0.1377216547963763
61,OnlineFPCA-sgd,0.1,7400,100,face,3,5,0.113743782043457,6,2,0.12646701264147756,0.09421519958331327,0.13545024385409624,0.026761294863761782,0.08818317433162079,0.1349959528969748
61,OnlineFPCA-sgd,0.1,7500,100,face,3,5,0.120081424713135,6,2,0.2138231542185277,0.2460236886263179,0.17077416923132188,0.02591955339531093,0.08553485687546253,0.13175886707319326
61,OnlineFPCA-sgd,0.1,7600,100,face,3,5,0.117170810699463,6,2,0.2775207921040917,0.24609288387026398,0.19033176895578802,0.025167131522294304,0.08658986957267745,0.13002030020185384
61,OnlineFPCA-sgd,0.1,7700,100,face,3,5,0.117812871932983,6,2,0.1442925790675832,0.2556385835599531,0.21264093614420787,0.025520110604711533,0.08888841291136179,0.1265136474379952
61,OnlineFPCA-sgd,0.1,7800,100,face,3,5,0.121103525161743,6,2,0.16281066643369335,0.2800893496468126,0.13447389073043703,0.025649969546557055,0.09103314946863669,0.12137832671592697
61,OnlineFPCA-sgd,0.1,7900,100,face,3,5,0.115188121795654,6,2,0.23902443412293403,0.2217669112137569,0.05391000008836845,0.02314925962412132,0.09239273333417003,0.1164557145442989
61,OnlineFPCA-sgd,0.1,8000,100,face,3,5,0.11775803565979,6,2,0.17304916816074328,0.2779475727734256,0.14189598347698687,0.02320879195152642,0.09532270806545187,0.11407819311684284
61,OnlineFPCA-sgd,0.1,8100,100,face,3,5,0.117105484008789,6,2,0.22565647713477108,0.2270433294913558,0.22208583243955612,0.02220455158512834,0.09739363082518002,0.11205606899746785
61,OnlineFPCA-sgd,0.1,8200,100,face,3,5,0.114567041397095,6,2,0.19126344654208377,0.1840367147413565,0.28422229026167195,0.02341550685682732,0.09909421418133127,0.11108045467986324
61,OnlineFPCA-sgd,0.1,8300,100,face,3,5,0.120730638504028,6,2,0.11350814075285831,0.11156746664544537,0.20196657997034198,0.02434064529393737,0.09896978349767778,0.11057383586226215
61,OnlineFPCA-sgd,0.1,8400,100,face,3,5,0.113776922225952,6,2,0.09458624640061311,0.14985820685230797,0.17732597758863736,0.024355257512878096,0.09832574294871241,0.10975873157715049
61,OnlineFPCA-sgd,0.1,8500,100,face,3,5,0.120211601257324,6,2,0.13931612753287653,0.15595461935609067,0.08406813511029189,0.02290001359067511,0.09804048498252917,0.10761928266909151
61,OnlineFPCA-sgd,0.1,8600,100,face,3,5,0.114948034286499,6,2,0.13256420641386793,0.14661787058396175,0.137018424674828,0.022659452497570075,0.09708888679427014,0.10685242557204251
61,OnlineFPCA-sgd,0.1,8700,100,face,3,5,0.117322444915771,6,2,0.0762099808836188,0.18948182450421522,0.17127106097986455,0.020902577917275376,0.09504450643441979,0.10683443251855894
61,OnlineFPCA-sgd,0.1,8800,100,face,3,5,0.118226289749146,6,2,0.12459473135472492,0.16857705638214998,0.15155313113419452,0.021320996034227994,0.09384276000233159,0.10631955005009135
61,OnlineFPCA-sgd,0.1,8900,100,face,3,5,0.114528656005859,6,2,0.22545091105158488,0.15966939633900282,0.13952126060088058,0.021412396718945074,0.0933161515381144,0.10533944217476371
61,OnlineFPCA-sgd,0.1,9000,100,face,3,5,0.120153903961182,6,2,0.21248011628977556,0.21546330064295108,0.23721319789172163,0.021211814745669525,0.09356677655705024,0.10416433564332755
61,OnlineFPCA-sgd,0.1,9100,100,face,3,5,0.118390798568726,6,2,0.31974378866033165,0.21689142130163772,0.2525968081861173,0.021345306578768385,0.09467744478547355,0.10397490406790319
61,OnlineFPCA-sgd,0.1,9200,100,face,3,5,0.116844177246094,6,2,0.17014429545673124,0.14600681306882746,0.22457843851768805,0.022044958095930878,0.09532325573915462,0.105515421542398
61,OnlineFPCA-sgd,0.1,9300,100,face,3,5,0.121317625045776,6,2,0.22274632302743316,0.13285605788348404,0.20188425691500156,0.02306957452963008,0.09467242094778879,0.10641952840253317
61,OnlineFPCA-sgd,0.1,9400,100,face,3,5,0.115790367126465,6,2,0.17696581155433486,0.14900939140620725,0.19066234531765852,0.02520164846606967,0.0937699688125583,0.10541122582694505
61,OnlineFPCA-sgd,0.1,9500,100,face,3,5,0.121208190917969,6,2,0.25073811639808924,0.21883551559626718,0.28746837678929704,0.025530876572048854,0.09390011200843087,0.10480794821452026
61,OnlineFPCA-sgd,0.1,9600,100,face,3,5,0.116552829742432,6,2,0.10093639637414302,0.2585543277787284,0.14815546607309377,0.02585340802379322,0.09320696601829462,0.10477815510402547
61,OnlineFPCA-sgd,0.1,9700,100,face,3,5,0.117591142654419,6,2,0.2618820060693347,0.21327814829487995,0.20623124696824843,0.026370257380202104,0.09286769597449604,0.1042600474960146
61,OnlineFPCA-sgd,0.1,9800,100,face,3,5,0.117280721664429,6,2,0.22748754607340688,0.1770779544474645,0.1632890187538557,0.026917913662726663,0.0910408010240324,0.10386679902025352
61,OnlineFPCA-sgd,0.1,9900,100,face,3,5,0.115392684936523,6,2,0.11156045637007413,0.1511888632469625,0.16966216385154614,0.026991742295008298,0.0899319528335112,0.10349996242312408
61,OnlineFPCA-sgd,0.1,10000,100,face,3,5,0.11751127243042,6,2,0.10368795430684202,0.25103450812095235,0.30162743635120254,0.026393588463178526,0.08896251975369136,0.10333998574464655
61,OnlineFPCA-sgd,0.1,10100,100,face,3,5,0.125441789627075,6,2,0.11161521132851693,0.09969787529494661,0.35356408625294117,0.026798711091371295,0.08919175915799385,0.1064245752715087
61,OnlineFPCA-sgd,0.1,10200,100,face,3,5,0.114499568939209,6,2,0.07517657511742552,0.17728724702733442,0.303908281670325,0.027375329559928885,0.08921305795632288,0.10977709463037114
61,OnlineFPCA-sgd,0.1,10300,100,face,3,5,0.117682456970215,6,2,0.15647574122198613,0.11493835049606031,0.2663453218226971,0.027315755780370536,0.08855050056619657,0.11095193068355783
61,OnlineFPCA-sgd,0.1,10400,100,face,3,5,0.115435123443604,6,2,0.1612584547007954,0.12390562161273311,0.33459851050637335,0.027983756786798594,0.08688561342911509,0.1120230314029745
61,OnlineFPCA-sgd,0.1,10500,100,face,3,5,0.120155572891235,6,2,0.1571588640326272,0.14950681618493536,0.2499799792952796,0.027818012181363618,0.0854143052498434,0.11338823716463538
61,OnlineFPCA-sgd,0.1,10600,100,face,3,5,0.117299795150757,6,2,0.22510509145271665,0.1367872335657592,0.2029469032849761,0.026853946368871368,0.08410850881738333,0.11425675714415265
61,OnlineFPCA-sgd,0.1,10700,100,face,3,5,0.117090702056885,6,2,0.25113092395663295,0.11419012026949715,0.20917429471777538,0.027004895808811782,0.08343548180011129,0.11443717061569161
61,OnlineFPCA-sgd,0.1,10800,100,face,3,5,0.12129020690918,6,2,0.1257078223175662,0.17228208464364728,0.24277872133709427,0.02618795060436403,0.08340388333226254,0.11524512266572427
61,OnlineFPCA-sgd,0.1,10900,100,face,3,5,0.117794752120972,6,2,0.16047900528994777,0.1768351949342118,0.25377511450051016,0.024375024269181006,0.08370129295944218,0.11757353609596724
61,OnlineFPCA-sgd,0.1,11000,100,face,3,5,0.1169753074646,6,2,0.15679975419818531,0.3225315314574788,0.28079727039096514,0.022985443011941043,0.08423108253915135,0.11923555163968501
61,OnlineFPCA-sgd,0.1,11100,100,face,3,5,0.120840787887573,6,2,0.1827205204176671,0.165829029649152,0.30043812220685595,0.02229584616202745,0.08589731594915234,0.12166636950180183
61,OnlineFPCA-sgd,0.1,11200,100,face,3,5,0.114226341247559,6,2,0.35534661350338953,0.3156494098701712,0.26968113953401057,0.02128551076666789,0.08638869264145495,0.12379639351078203
61,OnlineFPCA-sgd,0.1,11300,100,face,3,5,0.117918014526367,6,2,0.2113882705690132,0.17130270405892434,0.3119471708223193,0.02145470578210084,0.08808051829833657,0.12506176772918107
61,OnlineFPCA-sgd,0.1,11400,100,face,3,5,0.11487889289856,6,2,0.19893503290112863,0.21419847064837508,0.28043947540607767,0.02248424174020053,0.08760457782686579,0.12599977218470304
61,OnlineFPCA-sgd,0.1,11500,100,face,3,5,0.118074178695679,6,2,0.2216513327440943,0.2310284785603057,0.20612344463767765,0.022090495408145408,0.08765555346255555,0.12671071791906716
61,OnlineFPCA-sgd,0.1,11600,100,face,3,5,0.121986150741577,6,2,0.15977548417383644,0.21549887070700555,0.18062886073923073,0.02266702455072238,0.08860190495327429,0.12704411260814613
61,OnlineFPCA-sgd,0.1,11700,100,face,3,5,0.114843845367432,6,2,0.18856015183331654,0.29978922165194666,0.1441036518433647,0.023196421608775355,0.08934031862806611,0.12641034102373835
61,OnlineFPCA-sgd,0.1,11800,100,face,3,5,0.117670059204102,6,2,0.2839844783557409,0.2547041351758918,0.1749167376792144,0.024204400633903275,0.09012805870559557,0.12559279909194343
61,OnlineFPCA-sgd,0.1,11900,100,face,3,5,0.118286371231079,6,2,0.12083268240938803,0.19419181591115553,0.17996536052591558,0.02422774952818836,0.09030076965846547,0.1252144579382915
61,OnlineFPCA-sgd,0.1,12000,100,face,3,5,0.117658376693726,6,2,0.18387575827216585,0.19700106382621851,0.18059336780534996,0.0241918254422759,0.08914971885066426,0.12432761283274964
61,OnlineFPCA-sgd,0.1,12100,100,face,3,5,0.121424436569214,6,2,0.22988111817078571,0.17333948066334767,0.15860433727175263,0.02425778898358474,0.0881367853772161,0.12301872582143371
61,OnlineFPCA-sgd,0.1,12200,100,face,3,5,0.115646362304688,6,2,0.3115936901910082,0.12385926543540401,0.2011603782316126,0.02429965248396541,0.08690799586095163,0.12123144127191393
61,OnlineFPCA-sgd,0.1,12300,100,face,3,5,0.120865821838379,6,2,0.13749972079955827,0.16005243636773478,0.16405872244969333,0.02357806030335885,0.08638237497911963,0.12029196101856082
61,OnlineFPCA-sgd,0.1,12400,100,face,3,5,0.120121717453003,6,2,0.142631043009506,0.07233382286313617,0.11002931625068907,0.0233185218568897,0.08551171074641241,0.11972158345087401
61,OnlineFPCA-sgd,0.1,12500,100,face,3,5,0.114511251449585,6,2,0.1874669823347591,0.19573945223164468,0.1477381630489989,0.023324100679067625,0.08430412901583119,0.11900233715342749
61,OnlineFPCA-sgd,0.1,12600,100,face,3,5,0.11829400062561,6,2,0.2240287001934106,0.19897325469314736,0.16009742702643798,0.023364537548075676,0.08442597947086829,0.11860221116562032
61,OnlineFPCA-sgd,0.1,12700,100,face,3,5,0.11571741104126,6,2,0.13060918880239406,0.22964036049755682,0.1800073984115974,0.02348192397640992,0.0851966078660217,0.11752343925688315
61,OnlineFPCA-sgd,0.1,12800,100,face,3,5,0.121848106384277,6,2,0.13132084888824763,0.24079380451428536,0.12079189961384712,0.023701052264127654,0.08624169519765552,0.11601976087241338
61,OnlineFPCA-sgd,0.1,12900,100,face,3,5,0.118560552597046,6,2,0.1803019042569563,0.21202070378250382,0.07284402234282575,0.02294598326166461,0.08718307567658524,0.11451951866845125
61,OnlineFPCA-sgd,0.1,13000,100,face,3,5,0.118107318878174,6,2,0.16520247590181159,0.26710074285230245,0.11834375101641281,0.023110454054188226,0.08849776743652832,0.11367381147202997
61,OnlineFPCA-sgd,0.1,13100,100,face,3,5,0.128198385238647,6,2,0.1866474759953801,0.22333864788182464,0.17496577456638104,0.022798048365434916,0.0896280609158269,0.11295599825445002
61,OnlineFPCA-sgd,0.1,13200,100,face,3,5,0.118574380874634,6,2,0.17412051086950703,0.18810991898791002,0.23122698700443,0.023320666418818827,0.09065079369482405,0.11253303471051519
61,OnlineFPCA-sgd,0.1,13300,100,face,3,5,0.118277311325073,6,2,0.0960425115872438,0.13111096404337608,0.1764579911303671,0.023688432074488952,0.09114490702630071,0.11231726061330992
61,OnlineFPCA-sgd,0.1,13400,100,face,3,5,0.118556261062622,6,2,0.1042855428881869,0.15227061793692395,0.1556403109717041,0.023708209167271635,0.09131648060615084,0.11196047186914707
61,OnlineFPCA-sgd,0.1,13500,100,face,3,5,0.117522001266479,6,2,0.11943695609129261,0.14575477411450977,0.07515773115506522,0.023080589619434603,0.09139429141588067,0.11110412713124851
61,OnlineFPCA-sgd,0.1,13600,100,face,3,5,0.121547937393188,6,2,0.114128514154777,0.12808254165510985,0.1311073049357281,0.022915961649871763,0.09111341018463408,0.11069994200482187
61,OnlineFPCA-sgd,0.1,13700,100,face,3,5,0.115380525588989,6,2,0.05614505044080943,0.1698201712088627,0.16031471920095403,0.022129992773892573,0.09044510366133308,0.11074064767052819
61,OnlineFPCA-sgd,0.1,13800,100,face,3,5,0.121306419372559,6,2,0.115988373241275,0.15553665921024765,0.14811759761955004,0.022288012812895944,0.09004242864698256,0.11073768792733818
61,OnlineFPCA-sgd,0.1,13900,100,face,3,5,0.115365982055664,6,2,0.19935371417621603,0.15598437926756756,0.12799434340797805,0.022261811439217113,0.089895909718537,0.11063995479301843
61,OnlineFPCA-sgd,0.1,14000,100,face,3,5,0.117632627487183,6,2,0.18294265002000518,0.189712987693731,0.21085940013565438,0.022150037922096126,0.09013093374568003,0.11037795659460542
61,OnlineFPCA-sgd,0.1,14100,100,face,3,5,0.117224454879761,6,2,0.25972999446255973,0.20232705145516486,0.2246084436813761,0.022141139250018566,0.09080267878052145,0.1105063576810966
61,OnlineFPCA-sgd,0.1,14200,100,face,3,5,0.115565299987793,6,2,0.14553968620646865,0.1408957701933955,0.20331939656866785,0.02232117346463383,0.09126058482551795,0.11122751802508647
61,OnlineFPCA-sgd,0.1,14300,100,face,3,5,0.117566347122192,6,2,0.20870055712699065,0.13065607947846383,0.18704614423028743,0.0226797456154685,0.09113949698706418,0.11174469297135367
61,OnlineFPCA-sgd,0.1,14400,100,face,3,5,0.11789083480835,6,2,0.15895070688703575,0.13908329811724318,0.18344116079176098,0.02365036540477848,0.09085921914611045,0.11146898221172105
61,OnlineFPCA-sgd,0.1,14500,100,face,3,5,0.114993095397949,6,2,0.21305036765448757,0.18928804137468838,0.254860484244265,0.02386279893442074,0.09092197458371412,0.11128542094990794
61,OnlineFPCA-sgd,0.1,14600,100,face,3,5,0.122934341430664,6,2,0.09280617368355812,0.23177023839509076,0.14688259415780472,0.024010847143456155,0.09069183843648188,0.11132006132449031
61,OnlineFPCA-sgd,0.1,14700,100,face,3,5,0.114495515823364,6,2,0.22887985551672962,0.20475632621510192,0.1990851754597189,0.02425282807133303,0.09054499365663295,0.11114641449500728
61,OnlineFPCA-sgd,0.1,14800,100,face,3,5,0.120256662368774,6,2,0.20876234915087608,0.16918502807215716,0.16657505961367386,0.024523579248249574,0.08985365932770152,0.11108439870726343
61,OnlineFPCA-sgd,0.1,14900,100,face,3,5,0.119328498840332,6,2,0.11724212411594592,0.15073196563282146,0.17165449990288392,0.02481833680919369,0.08951729343997555,0.1110263759572316
61,OnlineFPCA-sgd,0.1,15000,100,face,3,5,0.117667436599731,6,2,0.09903526703702797,0.22630032650000328,0.27189600751140536,0.024618244705809623,0.08913327033607685,0.11101690324753358
61,OnlineFPCA-sgd,0.1,0,100,face,3,5,2.17004084587097,6,3,1.480802145183372,1.5285625969138732,1.3682051256896293,1.480802145183372,1.5285625969138732,1.3682051256896293
61,OnlineFPCA-sgd,0.1,100,100,face,3,5,0.420379638671875,6,3,1.533707940302874,1.3695126981341135,1.3800474472644526,NA,NA,NA
61,OnlineFPCA-sgd,0.1,200,100,face,3,5,0.409520864486694,6,3,1.156268209762409,1.8490151408715831,1.5019134298726649,NA,NA,NA
61,OnlineFPCA-sgd,0.1,300,100,face,3,5,0.416565656661987,6,3,1.7495760222674497,1.2008877004400094,1.5261734088436083,NA,NA,NA
61,OnlineFPCA-sgd,0.1,400,100,face,3,5,0.42117714881897,6,3,1.1819921568670533,1.4522968795732152,1.7007054400914943,NA,NA,NA
61,OnlineFPCA-sgd,0.1,500,100,face,3,5,0.413829803466797,6,3,0.9576085015888397,0.4504928963079716,0.995436890241952,NA,NA,NA
61,OnlineFPCA-sgd,0.1,600,100,face,3,5,0.413094043731689,6,3,0.5985359375736253,0.3465930069496005,0.7025269870269674,NA,NA,NA
61,OnlineFPCA-sgd,0.1,700,100,face,3,5,0.413522958755493,6,3,0.5162512030920652,0.34514246581876956,0.5628739786041063,NA,NA,NA
61,OnlineFPCA-sgd,0.1,800,100,face,3,5,0.415634632110596,6,3,0.43476414405222036,0.3416883958219505,0.39739421392195573,NA,NA,NA
61,OnlineFPCA-sgd,0.1,900,100,face,3,5,0.41713285446167,6,3,0.3797917931486858,0.3344085649616122,0.3118887023593478,NA,NA,NA
61,OnlineFPCA-sgd,0.1,1000,100,face,3,5,0.410257816314697,6,3,0.3606549872983386,0.32302069571191033,0.29447893044321327,NA,NA,NA
61,OnlineFPCA-sgd,0.1,1100,100,face,3,5,0.582676410675049,6,3,0.8166985586591311,0.12900627451184463,0.7287713854767162,0.3736137590405451,0.266222024639121,0.33506101188171533
61,OnlineFPCA-sgd,0.1,1200,100,face,3,5,0.574743270874023,6,3,0.327746423686129,0.16097455259513424,0.497968231669034,0.19198306800634862,0.2065520124098576,0.2396168054175538
61,OnlineFPCA-sgd,0.1,1300,100,face,3,5,0.574316263198853,6,3,0.13306641660957538,0.21076743762275962,0.2929706472869653,0.19847580261841494,0.25040541659251997,0.24380988139861767
61,OnlineFPCA-sgd,0.1,1400,100,face,3,5,0.567586660385132,6,3,0.1329148491914298,0.1925882726776526,0.2693680492774941,0.17198745549327885,0.23380233795355393,0.24923727261160747
61,OnlineFPCA-sgd,0.1,1500,100,face,3,5,0.56748628616333,6,3,0.14011702951758156,0.20074715601226734,0.27472563434098984,0.14537195501922778,0.22147624440400962,0.2517624252760158
61,OnlineFPCA-sgd,0.1,1600,100,face,3,5,0.570807218551636,6,3,0.39211405996121296,0.32250794914714104,0.4944193133226629,0.12726325115589793,0.23068744775691635,0.2920956492401902
61,OnlineFPCA-sgd,0.1,1700,100,face,3,5,0.594098329544067,6,3,0.37224215603797806,0.3254782901527057,0.47609062012526643,0.14119982630576822,0.23824635649497392,0.31369848301276876
61,OnlineFPCA-sgd,0.1,1800,100,face,3,5,0.576438426971436,6,3,0.352335783443456,0.3265778158483346,0.4647914159846902,0.1590389387469271,0.24568829825765615,0.3303049357218592
61,OnlineFPCA-sgd,0.1,1900,100,face,3,5,0.574808359146118,6,3,0.33919538629124407,0.3226570474550103,0.44491886571977585,0.17379147505133777,0.25213748828892035,0.3428810112005625
61,OnlineFPCA-sgd,0.1,2000,100,face,3,5,0.592635631561279,6,3,0.2976672466764551,0.31516682929982787,0.420632024735244,0.18358086591352907,0.25647414012482084,0.35160489560185215
61,OnlineFPCA-sgd,0.1,2100,100,face,3,5,0.56846022605896,6,3,1.4024755784341265,0.8372313609542391,1.2251661863734693,0.23195307539579504,0.23619338877560178,0.35215036529392496
61,OnlineFPCA-sgd,0.1,2200,100,face,3,5,0.564297199249268,6,3,0.28046264653623637,0.29599537187412267,0.4298908886358461,0.1704672077573435,0.25941427314135285,0.3474928006044905
61,OnlineFPCA-sgd,0.1,2300,100,face,3,5,0.565970420837402,6,3,0.16657069802391503,0.2800327013071397,0.2971754452928677,0.15656109249224384,0.25555021404490796,0.3411014224677068
61,OnlineFPCA-sgd,0.1,2400,100,face,3,5,0.570081949234009,6,3,0.2507950308314727,0.23474578042175287,0.21575531796790365,0.14456508758329709,0.2504228301608594,0.3314251498575604
61,OnlineFPCA-sgd,0.1,2500,100,face,3,5,0.566519021987915,6,3,0.20537383974476456,0.2829399644307919,0.29470195191277726,0.13887958377238616,0.24223675304514572,0.32311863440541655
61,OnlineFPCA-sgd,0.1,2600,100,face,3,5,0.567399740219116,6,3,0.420206768358802,0.2782177610476189,0.27813110320955237,0.13389882107634138,0.2396815416905895,0.3195378608927045
61,OnlineFPCA-sgd,0.1,2700,100,face,3,5,0.571548461914062,6,3,0.16998367022224214,0.310469863624321,0.30727408812510765,0.12842098525408788,0.2407504221852574,0.316023715495207
61,OnlineFPCA-sgd,0.1,2800,100,face,3,5,0.576819896697998,6,3,0.15898604311393816,0.3089592244051863,0.23152289295894404,0.1250791298834637,0.24104783070423053,0.31190389101805877
61,OnlineFPCA-sgd,0.1,2900,100,face,3,5,0.571011304855347,6,3,0.2615177549116435,0.23346995668607948,0.27954357114283207,0.117630586571182,0.2381579998495679,0.3062602929799861
61,OnlineFPCA-sgd,0.1,3000,100,face,3,5,0.561321258544922,6,3,0.17436568326000404,0.23264633526940162,0.2297921692617378,0.1111948462854523,0.23722672966493052,0.30216285460558545
61,OnlineFPCA-sgd,0.1,3100,100,face,3,5,0.571260452270508,6,3,0.2628068356966194,0.22738526393268493,0.21488566975522766,0.10447425971026865,0.23428643847301286,0.2966160475953126
61,OnlineFPCA-sgd,0.1,3200,100,face,3,5,0.569077253341675,6,3,0.20357927917006813,0.2250908153526106,0.241940276060011,0.09997186886750743,0.2326727520789882,0.2910779256564118
61,OnlineFPCA-sgd,0.1,3300,100,face,3,5,0.565503597259521,6,3,0.13714143497505546,0.21333357325757604,0.22797306625773078,0.09782591185442503,0.23101365252816428,0.28702844433048413
61,OnlineFPCA-sgd,0.1,3400,100,face,3,5,0.572501420974731,6,3,0.06958370658775194,0.24693749159143996,0.21060663155317377,0.0932075306092863,0.22994667100442717,0.28238583691317415
61,OnlineFPCA-sgd,0.1,3500,100,face,3,5,0.725440263748169,6,3,0.18583156702075637,0.19962573141044757,0.17078111759575906,0.08940871366119675,0.2270312202668947,0.2747676252681829
61,OnlineFPCA-sgd,0.1,3600,100,face,3,5,0.561497926712036,6,3,0.1494457956333388,0.22603991930541711,0.20696882137065975,0.08623284560100485,0.2232463721899886,0.26998702522339907
61,OnlineFPCA-sgd,0.1,3700,100,face,3,5,0.562081098556519,6,3,0.10948489562713054,0.2547256285170757,0.26185718747321735,0.0818807850390985,0.2202944338742272,0.26605253585343597
61,OnlineFPCA-sgd,0.1,3800,100,face,3,5,0.560703039169312,6,3,0.13053525781765685,0.24039781607176577,0.23499395552233523,0.08110630356273704,0.21703327581234308,0.2621908292563483
61,OnlineFPCA-sgd,0.1,3900,100,face,3,5,0.566644906997681,6,3,0.2521444518284291,0.213169633677117,0.20801334213356695,0.08049299030208154,0.21491118216330507,0.25731446373369266
61,OnlineFPCA-sgd,0.1,4000,100,face,3,5,0.564038276672363,6,3,0.07846511607281755,0.21406002069883134,0.2523232922053181,0.07846511607281755,0.21406002069883134,0.2523232922053181
61,OnlineFPCA-sgd,0.1,4100,100,face,3,5,0.566910982131958,6,3,0.39019721307536737,0.2376928768366874,0.2939385915431415,0.11453978867017175,0.2087450789061455,0.20925680533597257
61,OnlineFPCA-sgd,0.1,4200,100,face,3,5,0.566361904144287,6,3,0.20464358479495381,0.19891318560399357,0.27951229125628074,0.11355477382428811,0.1768366378391301,0.22934232639200078
61,OnlineFPCA-sgd,0.1,4300,100,face,3,5,0.571768999099731,6,3,0.23550144661968483,0.23312303481803923,0.27373157980613144,0.10627951139752581,0.17468917280866902,0.23413247959341504
61,OnlineFPCA-sgd,0.1,4400,100,face,3,5,0.567856788635254,6,3,0.21716947215821994,0.23445511960836085,0.243376796293963,0.11662163867447764,0.17605139942191714,0.22661568289012868
61,OnlineFPCA-sgd,0.1,4500,100,face,3,5,0.56433892250061,6,3,0.2593572837435699,0.2952411628276817,0.4085335339834989,0.09668626199274037,0.18876799021796573,0.2361716472263373
61,OnlineFPCA-sgd,0.1,4600,100,face,3,5,0.567474126815796,6,3,0.1230018148921274,0.38864055532435005,0.2745358107925301,0.09069105628815514,0.19794313907011332,0.24771640631259043
61,OnlineFPCA-sgd,0.1,4700,100,face,3,5,0.569551229476929,6,3,0.29076570700449045,0.28058641612342355,0.32783818305257617,0.09026137286952592,0.21522446400698608,0.2545068954928646
61,OnlineFPCA-sgd,0.1,4800,100,face,3,5,0.570348978042603,6,3,0.2685561421494129,0.24699440163282585,0.2413621285307721,0.09135605400180065,0.2112606607506727,0.25578757585731654
61,OnlineFPCA-sgd,0.1,4900,100,face,3,5,0.570597648620605,6,3,0.11970618848415919,0.2095858043791976,0.2134414136071566,0.0813535297399902,0.20317360933131304,0.2505823714117187
61,OnlineFPCA-sgd,0.1,5000,100,face,3,5,0.569819211959839,6,3,0.10271811559293548,0.3094249172357445,0.343622840309572,0.07226681208291362,0.2016695674601349,0.24153783205751259
61,OnlineFPCA-sgd,0.1,5100,100,face,3,5,0.120948553085327,6,3,0.12875296801931352,0.15157878378855869,0.3885943861588903,0.07069884133912095,0.19752736701519555,0.24554546155686532
61,OnlineFPCA-sgd,0.1,5200,100,face,3,5,0.120229959487915,6,3,0.11011171512696702,0.22163554841173735,0.34122842931885067,0.07240080688223176,0.19337467847913517,0.25083132669182107
61,OnlineFPCA-sgd,0.1,5300,100,face,3,5,0.117379426956177,6,3,0.19252250547567826,0.18286706487141527,0.2884844193557447,0.06867069341073749,0.19179902061045973,0.2474011049048503
61,OnlineFPCA-sgd,0.1,5400,100,face,3,5,0.118141651153564,6,3,0.19552945659093976,0.18650748577236895,0.34475117444964193,0.06814266427192232,0.18871733617910347,0.2455550413802017
61,OnlineFPCA-sgd,0.1,5500,100,face,3,5,0.114898443222046,6,3,0.16178560220755545,0.1899771436983254,0.2562057398687182,0.0647505109851559,0.1866628253269115,0.2458844878625998
61,OnlineFPCA-sgd,0.1,5600,100,face,3,5,0.116583347320557,6,3,0.24162504899672488,0.17805054286452826,0.23104768268132692,0.05810060443949649,0.18338377152757035,0.2444816843196425
61,OnlineFPCA-sgd,0.1,5700,100,face,3,5,0.118606805801392,6,3,0.26735244630861876,0.15575931436668886,0.21470620737100765,0.055950026568359554,0.18088048884370606,0.23984298038298435
61,OnlineFPCA-sgd,0.1,5800,100,face,3,5,0.26671314239502,6,3,0.14451701001309347,0.2113838126647761,0.2913503341914413,0.05000841718302731,0.17653786717588613,0.2386957425546936
61,OnlineFPCA-sgd,0.1,5900,100,face,3,5,0.118703126907349,6,3,0.16162290351142056,0.20656976383119505,0.28057753332425595,0.04202693305133618,0.1701334968950795,0.2412550056881813
61,OnlineFPCA-sgd,0.1,6000,100,face,3,5,0.114909410476685,6,3,0.21697521543393175,0.3583226048490495,0.3003585575902609,0.036042527617931946,0.16397010443951746,0.24015106756592136
61,OnlineFPCA-sgd,0.1,6100,100,face,3,5,0.119332790374756,6,3,0.20708684207320827,0.15344274271932992,0.3180859927544,0.03356630216044336,0.16094127987960574,0.2409343046423141
61,OnlineFPCA-sgd,0.1,6200,100,face,3,5,0.117143392562866,6,3,0.4153092832597495,0.34909563655664483,0.2835166834257283,0.029745805882329782,0.15703396535127834,0.24083597655000327
61,OnlineFPCA-sgd,0.1,6300,100,face,3,5,0.117131233215332,6,3,0.2558103140586579,0.18080359485312433,0.33941400606976063,0.02914518669698594,0.15592432010985988,0.23923213817741068
61,OnlineFPCA-sgd,0.1,6400,100,face,3,5,0.120451688766479,6,3,0.18358989907223738,0.23420946362633685,0.2898546220036265,0.03174840651811123,0.15153785260220862,0.23713350104387812
61,OnlineFPCA-sgd,0.1,6500,100,face,3,5,0.114721059799194,6,3,0.23986345811311396,0.25754629229505255,0.20837542067906867,0.030286854127294392,0.15038720097338865,0.23537432796934968
61,OnlineFPCA-sgd,0.1,6600,100,face,3,5,0.116926670074463,6,3,0.16478790904738985,0.23627846438938374,0.17475458805384617,0.03190814965835443,0.15075602628546522,0.232987231952522
61,OnlineFPCA-sgd,0.1,6700,100,face,3,5,0.117509365081787,6,3,0.19274308309895374,0.3232120790839618,0.14689468860901558,0.032850922197647785,0.15071144265950412,0.2271838029875918
61,OnlineFPCA-sgd,0.1,6800,100,face,3,5,0.116259098052979,6,3,0.3165526299495397,0.283666374338743,0.19359832318454945,0.03551743354613225,0.15141357136827216,0.22188771112546662
61,OnlineFPCA-sgd,0.1,6900,100,face,3,5,0.118494033813477,6,3,0.1297984390363148,0.2145268694050389,0.18213522640880728,0.03600806298995736,0.15129170518029347,0.21809621081453442
61,OnlineFPCA-sgd,0.1,7000,100,face,3,5,0.113771915435791,6,3,0.18554745337000092,0.22126945902859524,0.22285391656609374,0.0366459997245679,0.14885162608814914,0.2125057906728673
61,OnlineFPCA-sgd,0.1,7100,100,face,3,5,0.120890140533447,6,3,0.2559236868136347,0.19136540355359152,0.20191258768559284,0.03665279433641605,0.14660241447802183,0.2060169703721257
61,OnlineFPCA-sgd,0.1,7200,100,face,3,5,0.11812949180603,6,3,0.35481931204995854,0.15328063394289504,0.22717617331570486,0.037085758884325734,0.14396322971782358,0.19929671064892696
61,OnlineFPCA-sgd,0.1,7300,100,face,3,5,0.113991498947144,6,3,0.14695735513731523,0.1867919699365766,0.17584029130859868,0.03518585803452784,0.1418490955156789,0.19462938165511806
61,OnlineFPCA-sgd,0.1,7400,100,face,3,5,0.118788003921509,6,3,0.1332227529435397,0.10099932995799105,0.12472910147269028,0.03447258175022529,0.13917775354061282,0.19108017053084891
61,OnlineFPCA-sgd,0.1,7500,100,face,3,5,0.114863157272339,6,3,0.19869423731019306,0.21506791387893612,0.16963986139705003,0.0338030480073673,0.13594265645943945,0.18736676225913487
61,OnlineFPCA-sgd,0.1,7600,100,face,3,5,0.119987487792969,6,3,0.25798104221850027,0.22137803708531448,0.1813219983754454,0.03332126720883361,0.13463949616137136,0.1847398575331289
61,OnlineFPCA-sgd,0.1,7700,100,face,3,5,0.118388652801514,6,3,0.1361605043779715,0.24813600535372068,0.20610863524678566,0.0333521258658774,0.13519336704410412,0.18170554773424974
61,OnlineFPCA-sgd,0.1,7800,100,face,3,5,0.116831302642822,6,3,0.14260315222204847,0.26612033012030933,0.13870501585425865,0.033520751482508625,0.13630537202095797,0.17800898520218064
61,OnlineFPCA-sgd,0.1,7900,100,face,3,5,0.122491598129272,6,3,0.20861206091510448,0.22005126524579177,0.10833979476118442,0.031495145329206775,0.13680311060980208,0.1748374137139894
61,OnlineFPCA-sgd,0.1,8000,100,face,3,5,0.115283012390137,6,3,0.16873161549628374,0.262882026321246,0.15967283076062977,0.030900776160831426,0.13764158734869184,0.17292496003324342
61,OnlineFPCA-sgd,0.1,8100,100,face,3,5,0.116711378097534,6,3,0.21199391157833877,0.21971854403779123,0.20355975256891812,0.02977646845390316,0.1381524430902363,0.17101065189599812
61,OnlineFPCA-sgd,0.1,8200,100,face,3,5,0.120126485824585,6,3,0.1811333057088077,0.18243260451900015,0.24804581691052566,0.03031870199906982,0.13856493250773477,0.16930274426110478
61,OnlineFPCA-sgd,0.1,8300,100,face,3,5,0.113678693771362,6,3,0.10442410044022755,0.13805648245532912,0.18389474864912,0.030972972062863525,0.13861226463653661,0.16812877432829984
61,OnlineFPCA-sgd,0.1,8400,100,face,3,5,0.118273973464966,6,3,0.09685021339259715,0.16519831909261995,0.16088055054074216,0.030768971602668997,0.1384517081747937,0.1668491643587376
61,OnlineFPCA-sgd,0.1,8500,100,face,3,5,0.113794326782227,6,3,0.12975877992542736,0.15214723022161644,0.09803278964608378,0.02946028632017424,0.1379410839020343,0.16439633214313532
61,OnlineFPCA-sgd,0.1,8600,100,face,3,5,0.117504358291626,6,3,0.12119272446872005,0.14597884632521768,0.15181659574817424,0.02885274299504704,0.1368223222468595,0.16311431357247577
61,OnlineFPCA-sgd,0.1,8700,100,face,3,5,0.117423534393311,6,3,0.06664843400447706,0.19039720039837824,0.18346056128235486,0.02702604176791003,0.13555014447428196,0.16264628943041592
61,OnlineFPCA-sgd,0.1,8800,100,face,3,5,0.124228954315186,6,3,0.11494444734703553,0.17272290029872556,0.16300845838719433,0.02737103006339499,0.13477881180713044,0.16218343460753093
61,OnlineFPCA-sgd,0.1,8900,100,face,3,5,0.116611242294312,6,3,0.21418582385935442,0.16722666701321526,0.13820651995017658,0.027514979194324406,0.1343551615023943,0.1613173082711785
61,OnlineFPCA-sgd,0.1,9000,100,face,3,5,0.117343425750732,6,3,0.19914710844416564,0.20929328860139101,0.2274115035444974,0.027306233969724755,0.13449297476576377,0.16021712048950848
61,OnlineFPCA-sgd,0.1,9100,100,face,3,5,0.116286516189575,6,3,0.2922597114548363,0.2138215291313514,0.23342071196171196,0.027133461939095473,0.13496604985988492,0.15941476867487314
61,OnlineFPCA-sgd,0.1,9200,100,face,3,5,0.121086359024048,6,3,0.15827240050807526,0.14215667055173398,0.19238253237594263,0.027253987095923488,0.13472996681024532,0.15932373787366952
61,OnlineFPCA-sgd,0.1,9300,100,face,3,5,0.114050388336182,6,3,0.21432724520355534,0.14522696423275427,0.19254737207482756,0.027698422948341024,0.13407538929870147,0.15920995178401937
61,OnlineFPCA-sgd,0.1,9400,100,face,3,5,0.12075400352478,6,3,0.1698006012708464,0.15787606242494207,0.18142356686426453,0.02944958589209011,0.13339160573282113,0.15817749167376471
61,OnlineFPCA-sgd,0.1,9500,100,face,3,5,0.115190505981445,6,3,0.22523786290199188,0.20415642605066897,0.28106434410246683,0.029816431792056942,0.13330946151585163,0.15777683103500956
61,OnlineFPCA-sgd,0.1,9600,100,face,3,5,0.118224620819092,6,3,0.10113939978235661,0.25972936041496664,0.1730329286742668,0.030100410951964928,0.13288280453848614,0.15797312153331927
61,OnlineFPCA-sgd,0.1,9700,100,face,3,5,0.118467807769775,6,3,0.2451623197410131,0.2106765656444412,0.22163450312607055,0.030778664517023116,0.1326814881039359,0.15799535297371278
61,OnlineFPCA-sgd,0.1,9800,100,face,3,5,0.115139245986938,6,3,0.21168758427518003,0.17135211195866948,0.17642155412968957,0.03160979708801478,0.13176401863722298,0.15806331249832067
61,OnlineFPCA-sgd,0.1,9900,100,face,3,5,0.121295928955078,6,3,0.11465710136719436,0.1477283575828348,0.16197975785733612,0.032157675632086054,0.13131664307129542,0.15789320838627188
61,OnlineFPCA-sgd,0.1,10000,100,face,3,5,0.118460655212402,6,3,0.10040987114550713,0.23892771384275863,0.27988847244025644,0.03167938470508086,0.13077482191047518,0.15756112261774816
61,OnlineFPCA-sgd,0.1,10100,100,face,3,5,0.117209196090698,6,3,0.10551449582926893,0.11438220543435376,0.3333334561101533,0.03187648007877267,0.13069106827338425,0.15918104893399793
61,OnlineFPCA-sgd,0.1,10200,100,face,3,5,0.119704723358154,6,3,0.062463543095615165,0.17482431726999476,0.2836382433255066,0.03222921330307614,0.13045779127254548,0.16091126000870848
61,OnlineFPCA-sgd,0.1,10300,100,face,3,5,0.115586519241333,6,3,0.14802836367593558,0.12576946558821794,0.2427403186757618,0.03215286240855389,0.1300131607356018,0.161353991056801
61,OnlineFPCA-sgd,0.1,10400,100,face,3,5,0.117478847503662,6,3,0.1499157608943059,0.13326409181043145,0.2933027827941053,0.032665338023607667,0.12908327832312086,0.16171462432374387
61,OnlineFPCA-sgd,0.1,10500,100,face,3,5,0.114592790603638,6,3,0.13703456648690457,0.1506040730526717,0.20868132424928326,0.032591335049126605,0.12813677229314022,0.1621556012228145
61,OnlineFPCA-sgd,0.1,10600,100,face,3,5,0.119842290878296,6,3,0.21451538762413955,0.1376436606874684,0.18537406292731,0.03169807394365413,0.127279096035642,0.162279870660973
61,OnlineFPCA-sgd,0.1,10700,100,face,3,5,0.120986700057983,6,3,0.2306004102862602,0.11532864834257378,0.18278002932757303,0.031487786249039244,0.12654478779822043,0.1617716044420944
61,OnlineFPCA-sgd,0.1,10800,100,face,3,5,0.114574909210205,6,3,0.11534822665901863,0.1664073546937093,0.23299063744308518,0.030660692459834216,0.12604203891677107,0.16173644892293498
61,OnlineFPCA-sgd,0.1,10900,100,face,3,5,0.120110988616943,6,3,0.15844365596840693,0.16522752648402483,0.23740016899053265,0.029102667069229045,0.12555419914652788,0.1626087273385911
61,OnlineFPCA-sgd,0.1,11000,100,face,3,5,0.118770122528076,6,3,0.14763135994996981,0.2913640181080598,0.24819944641311198,0.027864114255413883,0.12509973234787097,0.16283428771624994
61,OnlineFPCA-sgd,0.1,11100,100,face,3,5,0.117829084396362,6,3,0.17135180260327626,0.14470927958661192,0.2622272280616603,0.027200216842750116,0.1253448606850296,0.1636141347201838
61,OnlineFPCA-sgd,0.1,11200,100,face,3,5,0.120766639709473,6,3,0.318961205175456,0.2834574176797384,0.23920138014441786,0.026276967546756767,0.12500990384238056,0.1642052025982902
61,OnlineFPCA-sgd,0.1,11300,100,face,3,5,0.11534571647644,6,3,0.20093645342156383,0.15442771126970772,0.2798930374095082,0.02615388493259252,0.12548882392796742,0.16436120138787627
61,OnlineFPCA-sgd,0.1,11400,100,face,3,5,0.11922025680542,6,3,0.18385546121358876,0.1968844731278028,0.2446014188507485,0.026741887195997887,0.12474836612302075,0.16435348816289994
61,OnlineFPCA-sgd,0.1,11500,100,face,3,5,0.118741989135742,6,3,0.20418799849889557,0.20772054090394385,0.18558523966605261,0.0263649333237094,0.12457119726817847,0.16447603313054557
61,OnlineFPCA-sgd,0.1,11600,100,face,3,5,0.114804983139038,6,3,0.14735196377128018,0.2065949625865206,0.15417707407940323,0.02681081840499873,0.12488339036889747,0.16439786186275987
61,OnlineFPCA-sgd,0.1,11700,100,face,3,5,0.12750768661499,6,3,0.17141218181722948,0.27984640448772824,0.12476941144581301,0.027273745821650715,0.12506149618586598,0.1635203604691267
61,OnlineFPCA-sgd,0.1,11800,100,face,3,5,0.116204738616943,6,3,0.2646501590143758,0.2465278660311077,0.1688381178981188,0.02830008927267068,0.12535817012416986,0.1626601809427473
61,OnlineFPCA-sgd,0.1,11900,100,face,3,5,0.118051767349243,6,3,0.12574795413437703,0.1980023013118096,0.15654203814774376,0.028596683089208437,0.1254177979429753,0.16224049789579736
61,OnlineFPCA-sgd,0.1,12000,100,face,3,5,0.119379997253418,6,3,0.17884790579869192,0.19010049052904618,0.17267602469147966,0.028645125625716573,0.12463498771461624,0.1612899077424312
61,OnlineFPCA-sgd,0.1,12100,100,face,3,5,0.114425182342529,6,3,0.21494656824782968,0.17249466106297326,0.1567660139876428,0.028685646310021885,0.12380833460858108,0.15996652002555728
61,OnlineFPCA-sgd,0.1,12200,100,face,3,5,0.119189023971558,6,3,0.27539515427127564,0.12224571772181798,0.19162586775562057,0.02883911582972629,0.12280894915644433,0.1583423535905574
61,OnlineFPCA-sgd,0.1,12300,100,face,3,5,0.118775129318237,6,3,0.13209950884213714,0.14847413861177475,0.1607318853883176,0.028187054886794273,0.12204654532135388,0.1571938185069207
61,OnlineFPCA-sgd,0.1,12400,100,face,3,5,0.11712908744812,6,3,0.14805480084168665,0.07876992294067998,0.10214010450361631,0.027897859762882258,0.12105118569370492,0.15626604327741261
61,OnlineFPCA-sgd,0.1,12500,100,face,3,5,0.121787786483765,6,3,0.17385007079547157,0.17766642627126109,0.1474202419872533,0.027869309916228296,0.11988398230510175,0.155286182033653
61,OnlineFPCA-sgd,0.1,12600,100,face,3,5,0.114922523498535,6,3,0.20850958847384382,0.18298831824819473,0.15263587510251586,0.027891013802538413,0.11947970879854153,0.15455115916985482
61,OnlineFPCA-sgd,0.1,12700,100,face,3,5,0.119902849197388,6,3,0.12612141268491542,0.21404461163757027,0.172591642394445,0.02795303658074641,0.11967490115589821,0.15356268728497052
61,OnlineFPCA-sgd,0.1,12800,100,face,3,5,0.117603302001953,6,3,0.11838768297259016,0.22267030066193244,0.11260039199656108,0.028138936341919083,0.12015021072036652,0.1523082990306928
61,OnlineFPCA-sgd,0.1,12900,100,face,3,5,0.118470907211304,6,3,0.15537128501724518,0.20137856212330726,0.09098074539701448,0.027496732490030897,0.1205311716200937,0.15116104593324395
61,OnlineFPCA-sgd,0.1,13000,100,face,3,5,0.121422052383423,6,3,0.1588924433907089,0.24667831631919304,0.13108076441581756,0.027460384376867417,0.1210297873767023,0.15044828323719744
61,OnlineFPCA-sgd,0.1,13100,100,face,3,5,0.118775367736816,6,3,0.1748252403925835,0.20830266454316604,0.16741560435066458,0.027157746999911303,0.12140937256200199,0.14977849698025328
61,OnlineFPCA-sgd,0.1,13200,100,face,3,5,0.118858575820923,6,3,0.16542082933938737,0.17393876284257198,0.2085837722448031,0.027481578148625223,0.12174031413350674,0.14917931972872459
61,OnlineFPCA-sgd,0.1,13300,100,face,3,5,0.118383169174194,6,3,0.09014285955471633,0.13115447226846574,0.16192984372582878,0.027773680659600165,0.12191110345931865,0.14872752042216608
61,OnlineFPCA-sgd,0.1,13400,100,face,3,5,0.114638566970825,6,3,0.1028325219836516,0.1494749675056316,0.13971066932664253,0.027754152676731488,0.1219336384756115,0.14818963403572152
61,OnlineFPCA-sgd,0.1,13500,100,face,3,5,0.118150234222412,6,3,0.11395755526300577,0.14022662295761743,0.08046572692171104,0.027202538088436146,0.12178317349343631,0.14721489830777165
61,OnlineFPCA-sgd,0.1,13600,100,face,3,5,0.114931344985962,6,3,0.10434305018059695,0.12127152083702694,0.13860609602033866,0.026916674945636435,0.12137188646395812,0.14667017493706905
61,OnlineFPCA-sgd,0.1,13700,100,face,3,5,0.117751359939575,6,3,0.051947626818854474,0.16444454880771614,0.16104559561887977,0.026086599280953943,0.12085580943467528,0.14652483132595462
61,OnlineFPCA-sgd,0.1,13800,100,face,3,5,0.118551969528198,6,3,0.10828754748047334,0.1516846172848748,0.14672354047836902,0.02618777600552357,0.12049835071636074,0.1463998594080714
61,OnlineFPCA-sgd,0.1,13900,100,face,3,5,0.114480018615723,6,3,0.187143789689212,0.15359958183585043,0.11926072398941792,0.026177445248676785,0.1202819227116412,0.14614591853838468
61,OnlineFPCA-sgd,0.1,14000,100,face,3,5,0.127856254577637,6,3,0.1684769147909723,0.17948473124198303,0.1959631557711206,0.026068388259426204,0.12032783028753355,0.1457551069508721
61,OnlineFPCA-sgd,0.1,14100,100,face,3,5,0.118710279464722,6,3,0.23451264035970498,0.19559297691449945,0.20509285492177654,0.025971826345886805,0.12061356718442438,0.14551357522966762
61,OnlineFPCA-sgd,0.1,14200,100,face,3,5,0.11744236946106,6,3,0.135941648486501,0.13395401194504758,0.1770766585709374,0.02596226524625043,0.12063798717365207,0.14558738487470912
61,OnlineFPCA-sgd,0.1,14300,100,face,3,5,0.118801116943359,6,3,0.2004780704238696,0.13368081797168344,0.17305716541525853,0.026111802620162643,0.12039689025958616,0.14562838209135145
61,OnlineFPCA-sgd,0.1,14400,100,face,3,5,0.114537000656128,6,3,0.15247218566980797,0.14255011845529766,0.16715071522362185,0.026914270953464114,0.12010653041912463,0.14522887248164418
61,OnlineFPCA-sgd,0.1,14500,100,face,3,5,0.119020223617554,6,3,0.188041464581415,0.17462711192791955,0.2430187247014437,0.027129378436922633,0.1200387868009162,0.14502469801969436
61,OnlineFPCA-sgd,0.1,14600,100,face,3,5,0.115355253219604,6,3,0.09218303188860516,0.2307480176405821,0.15516143671565436,0.027253951138799963,0.11979253718027262,0.14506220870546277
61,OnlineFPCA-sgd,0.1,14700,100,face,3,5,0.123523712158203,6,3,0.21210870326687223,0.19973377384979962,0.20209298050093075,0.027543154646262624,0.11960772633694396,0.14501864593010588
61,OnlineFPCA-sgd,0.1,14800,100,face,3,5,0.118540048599243,6,3,0.2005401497246705,0.16153123640925932,0.17109336237421446,0.027928988140586995,0.119103378366597,0.14505965569116505
61,OnlineFPCA-sgd,0.1,14900,100,face,3,5,0.117882490158081,6,3,0.12061833362330786,0.14033529798470235,0.15938040732479108,0.02839970885765644,0.11887681972326361,0.14503010673611286
61,OnlineFPCA-sgd,0.1,15000,100,face,3,5,0.12004828453064,6,3,0.09780413253349704,0.21254448479148927,0.2492540687781499,0.02827190245774119,0.11857870935916222,0.1449247755999213
61,OnlineFPCA-sgd,0.1,0,100,face,3,5,2.17004084587097,8,1,1.9917709343764392,1.5285625969138732,1.5276902125923724,1.9917709343764392,1.5285625969138732,1.5276902125923724
61,OnlineFPCA-sgd,0.1,100,100,face,3,5,0.543023347854614,8,1,1.6718307090240518,1.6574497037112779,1.7510150155364683,NA,NA,NA
61,OnlineFPCA-sgd,0.1,200,100,face,3,5,0.536985158920288,8,1,0.6019680319470243,1.8206869342552348,1.9714347783901007,NA,NA,NA
61,OnlineFPCA-sgd,0.1,300,100,face,3,5,0.539703845977783,8,1,1.2094162185887154,1.8906392063759585,1.7413564329555362,NA,NA,NA
61,OnlineFPCA-sgd,0.1,400,100,face,3,5,0.540238618850708,8,1,1.6315688668003578,1.5314320763676914,1.1293689701173708,NA,NA,NA
61,OnlineFPCA-sgd,0.1,500,100,face,3,5,0.54490327835083,8,1,1.2188186046659815,0.6717154445947923,0.9922640753952158,NA,NA,NA
61,OnlineFPCA-sgd,0.1,600,100,face,3,5,0.540988445281982,8,1,1.2114557531357044,0.6656966819314857,0.9886203311515501,NA,NA,NA
61,OnlineFPCA-sgd,0.1,700,100,face,3,5,0.538426160812378,8,1,1.1995640170017834,0.6642914783664413,0.9877995832857835,NA,NA,NA
61,OnlineFPCA-sgd,0.1,800,100,face,3,5,0.542644500732422,8,1,1.1918639925292105,0.6588912499032636,0.9867474348299652,NA,NA,NA
61,OnlineFPCA-sgd,0.1,900,100,face,3,5,0.542228937149048,8,1,1.185433289149205,0.6546300435088289,0.9840483089716245,NA,NA,NA
61,OnlineFPCA-sgd,0.1,1000,100,face,3,5,0.53743577003479,8,1,1.1771901847323036,0.6506354733340083,0.9850508780060516,NA,NA,NA
61,OnlineFPCA-sgd,0.1,1100,100,face,3,5,0.762971162796021,8,1,0.4380720992236662,0.5112137187854503,0.7465774976023127,0.7130123728090744,0.5199023830881305,0.8969914470518728
61,OnlineFPCA-sgd,0.1,1200,100,face,3,5,0.759579181671143,8,1,0.46421958873015207,0.5726182065528441,0.48063146702875476,0.4480914272459835,0.4778956397099171,0.7347926447578674
61,OnlineFPCA-sgd,0.1,1300,100,face,3,5,0.753488302230835,8,1,0.4060308815677927,0.3859115967120146,0.33166997997352643,0.3339637709723965,0.4483525805765761,0.6030420911324722
61,OnlineFPCA-sgd,0.1,1400,100,face,3,5,0.754080772399902,8,1,0.15618775360590018,0.38796934570599634,0.3840349549810442,0.2791549251080133,0.42491020833526466,0.5122250104809664
61,OnlineFPCA-sgd,0.1,1500,100,face,3,5,0.75407886505127,8,1,0.30234373931631475,0.36645650587194933,0.40991070833975657,0.23687274344141246,0.40681547650159855,0.4850209288157303
61,OnlineFPCA-sgd,0.1,1600,100,face,3,5,0.753500699996948,8,1,0.17869948991038961,0.38223024625674845,0.3255511101942814,0.20688264856185976,0.3958912776994809,0.4598685473052294
61,OnlineFPCA-sgd,0.1,1700,100,face,3,5,0.90126633644104,8,1,0.21202015458283377,0.40351823094323513,0.31800574456146435,0.19475913151974597,0.3907546144804523,0.43603409385050307
61,OnlineFPCA-sgd,0.1,1800,100,face,3,5,0.745748043060303,8,1,0.3306204590261751,0.40467236786299793,0.4032924303067559,0.18708249810152122,0.38667500526491044,0.4245872466181786
61,OnlineFPCA-sgd,0.1,1900,100,face,3,5,0.745774030685425,8,1,0.15464961440537614,0.33524309005299047,0.3484960461398467,0.17518855621593346,0.38263462038034063,0.4190763614185183
61,OnlineFPCA-sgd,0.1,2000,100,face,3,5,0.758749723434448,8,1,0.18543963915896425,0.33430887473651455,0.3998215177795329,0.1680135988418483,0.37404772954345594,0.40949704565299627
61,OnlineFPCA-sgd,0.1,2100,100,face,3,5,0.739131689071655,8,1,0.3274055775654812,0.330438121328152,0.3493344241367237,0.15728680037267076,0.36736540741213,0.4001334513346387
61,OnlineFPCA-sgd,0.1,2200,100,face,3,5,0.740798473358154,8,1,0.4510380868782278,0.3076205154054898,0.4282589034367691,0.15029122526707409,0.3574219726787948,0.393201776033915
61,OnlineFPCA-sgd,0.1,2300,100,face,3,5,0.746472120285034,8,1,0.21644387162370032,0.2972285022257895,0.35932384568496767,0.13656017208291013,0.3498779411321839,0.3847871336794996
61,OnlineFPCA-sgd,0.1,2400,100,face,3,5,0.738810777664185,8,1,0.1621002029050728,0.2880352894585418,0.28425226542455795,0.12837606516097283,0.34140537662752674,0.3710095778821798
61,OnlineFPCA-sgd,0.1,2500,100,face,3,5,0.749201059341431,8,1,0.22629847418287907,0.3219003477639117,0.3034921030449009,0.1181967776214577,0.3306643600098054,0.3627555321694203
61,OnlineFPCA-sgd,0.1,2600,100,face,3,5,0.741995573043823,8,1,0.35771293233897544,0.3483120216377761,0.31989501242335233,0.10889748034319939,0.3242664928820658,0.3586482520047155
61,OnlineFPCA-sgd,0.1,2700,100,face,3,5,0.745972633361816,8,1,0.15965583573021938,0.3713207788715451,0.33374344725883687,0.10404525391021838,0.32355979985898076,0.35572701696438547
61,OnlineFPCA-sgd,0.1,2800,100,face,3,5,0.7454514503479,8,1,0.1861842887496267,0.4029899436446417,0.27811956098381324,0.09907975799431137,0.32217170447709875,0.35218294734777555
61,OnlineFPCA-sgd,0.1,2900,100,face,3,5,0.742908716201782,8,1,0.2886358893316438,0.3036407068037549,0.24981096733122474,0.08809006404268464,0.3178055879129366,0.345701601469735
61,OnlineFPCA-sgd,0.1,3000,100,face,3,5,0.748228073120117,8,1,0.17455237190964226,0.3410369146936731,0.27577005047664516,0.07981853779493024,0.3156271742837703,0.3386643891193358
61,OnlineFPCA-sgd,0.1,3100,100,face,3,5,0.741131544113159,8,1,0.27869912339058056,0.30381094373442913,0.2995841154814076,0.07381579873440283,0.3124372643557676,0.3332461931267221
61,OnlineFPCA-sgd,0.1,3200,100,face,3,5,0.7514328956604,8,1,0.2072856785351162,0.27805453565277644,0.3525042903820312,0.07309517852056922,0.30996975539986416,0.32978611103934075
61,OnlineFPCA-sgd,0.1,3300,100,face,3,5,0.741539716720581,8,1,0.1367028687482927,0.24746324491135832,0.28747346228185494,0.07262799450704949,0.306938438040725,0.3274562568045711
61,OnlineFPCA-sgd,0.1,3400,100,face,3,5,0.898502588272095,8,1,0.07750715019137044,0.2709037799463043,0.2775851633181708,0.07040666464084976,0.3041042759115389,0.3228322357004524
61,OnlineFPCA-sgd,0.1,3500,100,face,3,5,0.743522882461548,8,1,0.17464365853007524,0.22953363384087527,0.19161452371447643,0.0660054474032339,0.29963764242375374,0.31653015367484916
61,OnlineFPCA-sgd,0.1,3600,100,face,3,5,0.740009307861328,8,1,0.14869133524613443,0.2436394386575168,0.2089958597890494,0.062392401137817015,0.29451425920338276,0.3095650341772652
61,OnlineFPCA-sgd,0.1,3700,100,face,3,5,0.747279405593872,8,1,0.10354056562067515,0.2673302746383156,0.2839254263410965,0.05881419035540357,0.29022720266039304,0.30211284659564885
61,OnlineFPCA-sgd,0.1,3800,100,face,3,5,0.742756366729736,8,1,0.1348398232837212,0.26227981576765874,0.2737367437879422,0.058634887257097965,0.2864972172172249,0.29717313232077824
61,OnlineFPCA-sgd,0.1,3900,100,face,3,5,0.749251365661621,8,1,0.2502178349405807,0.24139662576665882,0.2558537138521422,0.056524780043999315,0.28334978695596613,0.2933789543184448
61,OnlineFPCA-sgd,0.1,4000,100,face,3,5,0.750724315643311,8,1,0.054558988598498503,0.2810683196374067,0.2898827977629838,0.054558988598498503,0.2810683196374067,0.2898827977629838
61,OnlineFPCA-sgd,0.1,4100,100,face,3,5,0.741660118103027,8,1,0.3857291535805276,0.2984828497335872,0.30394848085634996,0.10689413846595872,0.27380065606184373,0.2565415851527289
61,OnlineFPCA-sgd,0.1,4200,100,face,3,5,0.742614030838013,8,1,0.19946415345901403,0.251374807790558,0.28698141334727206,0.10662353385059574,0.2488295253873832,0.2639838712207224
61,OnlineFPCA-sgd,0.1,4300,100,face,3,5,0.740860462188721,8,1,0.23296683465457554,0.27256271067749066,0.2679256909645799,0.10038720317338277,0.2402959138230246,0.25943839363300175
61,OnlineFPCA-sgd,0.1,4400,100,face,3,5,0.749850034713745,8,1,0.20698183181166027,0.2691047532505567,0.28449585950488726,0.11033163182883902,0.23676498397869192,0.2490225835367627
61,OnlineFPCA-sgd,0.1,4500,100,face,3,5,0.752462863922119,8,1,0.2623286082197475,0.3370147590900507,0.40887261504665523,0.09067355231838806,0.24590944641185783,0.2550060566662365
61,OnlineFPCA-sgd,0.1,4600,100,face,3,5,0.746055603027344,8,1,0.11093191962311061,0.40646024414758664,0.3021330542479205,0.08423735219493991,0.2521957563154731,0.26323795869298067
61,OnlineFPCA-sgd,0.1,4700,100,face,3,5,0.747134923934937,8,1,0.2943659511958947,0.32610755482419146,0.3518743537146556,0.08249259181135601,0.26479031817983634,0.269601853772673
61,OnlineFPCA-sgd,0.1,4800,100,face,3,5,0.745762586593628,8,1,0.26209362868386926,0.3022787510687841,0.28126105781158256,0.08318089490840838,0.2601762681521304,0.27216321491303347
61,OnlineFPCA-sgd,0.1,4900,100,face,3,5,0.741583108901978,8,1,0.11774706438217568,0.25928386728440045,0.27159732234200096,0.0726478937330071,0.2532683064141364,0.27122880215789363
61,OnlineFPCA-sgd,0.1,5000,100,face,3,5,0.735845565795898,8,1,0.10593187086766764,0.3449555128565074,0.3800150136235557,0.06408821797054547,0.25230848559621843,0.26616652564209853
61,OnlineFPCA-sgd,0.1,5100,100,face,3,5,0.116763353347778,8,1,0.12064695870026122,0.21509176388280285,0.4286422867504179,0.06373455526460432,0.2500983819050745,0.26805674753108183
61,OnlineFPCA-sgd,0.1,5200,100,face,3,5,0.116314649581909,8,1,0.09911540809634306,0.27631090263458785,0.3975473032187669,0.06753276337508324,0.24649720476815154,0.2721603634829173
61,OnlineFPCA-sgd,0.1,5300,100,face,3,5,0.117743015289307,8,1,0.18385120270390579,0.22796328455867948,0.34810316580817197,0.06362957226209236,0.24506986132365688,0.26998007264225005
61,OnlineFPCA-sgd,0.1,5400,100,face,3,5,0.117192029953003,8,1,0.18727342452327855,0.2338110639834835,0.4075108016831641,0.06308005066702396,0.24213400599587817,0.2688194492163131
61,OnlineFPCA-sgd,0.1,5500,100,face,3,5,0.118664026260376,8,1,0.17884403306099828,0.24953714200719374,0.3311735972059219,0.05923023353285797,0.24018832567372742,0.26947994545931586
61,OnlineFPCA-sgd,0.1,5600,100,face,3,5,0.120450019836426,8,1,0.24115611999328587,0.22398104160030582,0.2766450250341968,0.05236332429365273,0.2373862375726569,0.2689541639008808
61,OnlineFPCA-sgd,0.1,5700,100,face,3,5,0.115211725234985,8,1,0.2711945012178278,0.19704144932374118,0.2591017049601576,0.05079447219795793,0.23471879722487285,0.2657403464209411
61,OnlineFPCA-sgd,0.1,5800,100,face,3,5,0.12061619758606,8,1,0.14419210950237282,0.23427650550695506,0.31736058673219397,0.04481033919206313,0.23050766965142575,0.2642956412569246
61,OnlineFPCA-sgd,0.1,5900,100,face,3,5,0.117973327636719,8,1,0.16367650891321872,0.2267401796388488,0.3052679669271016,0.03589163526423951,0.2241872262615184,0.2653446365992306
61,OnlineFPCA-sgd,0.1,6000,100,face,3,5,0.11729884147644,8,1,0.18803238891090224,0.38126625775552814,0.325712679934107,0.029381566169059885,0.21862454989872238,0.2638626547127682
61,OnlineFPCA-sgd,0.1,6100,100,face,3,5,0.117804288864136,8,1,0.2029137129311054,0.20870629741194055,0.35703617777795266,0.02640312689353437,0.21578872876052094,0.2647545779176508
61,OnlineFPCA-sgd,0.1,6200,100,face,3,5,0.116859197616577,8,1,0.40299072216852155,0.3605172427483009,0.33002795832518833,0.022335177215948753,0.21194001911213817,0.26503625643189105
61,OnlineFPCA-sgd,0.1,6300,100,face,3,5,0.119906663894653,8,1,0.24347588006812615,0.19986050634012326,0.381029947633548,0.02248247167784498,0.2100324944025348,0.26404782157183876
61,OnlineFPCA-sgd,0.1,6400,100,face,3,5,0.114961385726929,8,1,0.20516983631669103,0.2544992896590283,0.34089882456229176,0.02655235543439944,0.20508734761961142,0.26214084995955433
61,OnlineFPCA-sgd,0.1,6500,100,face,3,5,0.120603799819946,8,1,0.24065204199078222,0.2839563516043179,0.2596764633200821,0.02570273623861465,0.20312954166244412,0.2608417324908707
61,OnlineFPCA-sgd,0.1,6600,100,face,3,5,0.118808746337891,8,1,0.16983502847698143,0.25700028461149754,0.23012263743161568,0.027495373633870203,0.2025673838010572,0.2588826431395809
61,OnlineFPCA-sgd,0.1,6700,100,face,3,5,0.116642236709595,8,1,0.2007193440491453,0.3372864117038884,0.19426375426638795,0.029296280305256408,0.20161987824516753,0.253856780267896
61,OnlineFPCA-sgd,0.1,6800,100,face,3,5,0.118696689605713,8,1,0.3086320522141752,0.29620719116293515,0.2163430624235499,0.03190485271344754,0.2013323584780732,0.24901863518750625
61,OnlineFPCA-sgd,0.1,6900,100,face,3,5,0.116411685943604,8,1,0.12461255206457456,0.22722527606417758,0.22392020070483762,0.03179570290723067,0.2002233278439337,0.24588877708066875
61,OnlineFPCA-sgd,0.1,7000,100,face,3,5,0.117274522781372,8,1,0.18910205139689107,0.23368325288745861,0.22518150142592605,0.032653754019978415,0.19687240035207523,0.24100209369614256
61,OnlineFPCA-sgd,0.1,7100,100,face,3,5,0.115553855895996,8,1,0.24783764375479733,0.2045363265640531,0.19439992030924003,0.03262248926716443,0.19358934710981873,0.23465696453478452
61,OnlineFPCA-sgd,0.1,7200,100,face,3,5,0.117384195327759,8,1,0.35332723616908557,0.16044568310689158,0.23212365120893422,0.032940447935115115,0.19012983902923627,0.22811109423324918
61,OnlineFPCA-sgd,0.1,7300,100,face,3,5,0.117894649505615,8,1,0.14427268066992766,0.18403029951646058,0.19240850462592435,0.031198220800713553,0.18715128088986482,0.22351439397407807
61,OnlineFPCA-sgd,0.1,7400,100,face,3,5,0.114928245544434,8,1,0.1360232430394306,0.11418825323671868,0.148409939194606,0.030709536584928844,0.18369324404954301,0.2200700734080649
61,OnlineFPCA-sgd,0.1,7500,100,face,3,5,0.120386362075806,8,1,0.19849756589581016,0.21749032649415515,0.1731414592932762,0.029918927652909454,0.17986517206881675,0.21637750135848619
61,OnlineFPCA-sgd,0.1,7600,100,face,3,5,0.114010810852051,8,1,0.2433716933073436,0.22955757389338383,0.1925956902474946,0.02918675787994515,0.17765639196804098,0.21361822238077546
61,OnlineFPCA-sgd,0.1,7700,100,face,3,5,0.121670961380005,8,1,0.13383061402993737,0.26544952798853994,0.21391452950895612,0.029352710642755814,0.17727779718674122,0.2107859797843755
61,OnlineFPCA-sgd,0.1,7800,100,face,3,5,0.118012428283691,8,1,0.14271944894422797,0.2765921703865165,0.16956278504963834,0.02947379227129609,0.17750034430778408,0.20761968373753678
61,OnlineFPCA-sgd,0.1,7900,100,face,3,5,0.118616342544556,8,1,0.20423060997953651,0.23447392665855837,0.1263726738601426,0.027025049990160907,0.1772912966468785,0.20468312083676313
61,OnlineFPCA-sgd,0.1,8000,100,face,3,5,0.117583274841309,8,1,0.16946260927310508,0.2866225044670621,0.15467361851567257,0.026460237881520406,0.17728236687111623,0.20231296848864766
61,OnlineFPCA-sgd,0.1,8100,100,face,3,5,0.115241765975952,8,1,0.20273530387913782,0.2432997658382304,0.19989372478293344,0.02531683213528759,0.17722404712304227,0.19996860204759354
61,OnlineFPCA-sgd,0.1,8200,100,face,3,5,0.121705293655396,8,1,0.17980638953845393,0.21055196128250186,0.25747871023462826,0.026342824877020922,0.17716160607096196,0.1979395012979612
61,OnlineFPCA-sgd,0.1,8300,100,face,3,5,0.114484310150146,8,1,0.10193552525152193,0.15996906213270962,0.2048434845986466,0.027131838571815118,0.17686190949024921,0.19659999539345
61,OnlineFPCA-sgd,0.1,8400,100,face,3,5,0.117536544799805,8,1,0.10189963994364228,0.18202876375446564,0.188877828592921,0.02714562251914905,0.17621544544510465,0.19526045600319178
61,OnlineFPCA-sgd,0.1,8500,100,face,3,5,0.118756532669067,8,1,0.12677259212579062,0.16700020421467784,0.11055255101640009,0.025625508051592985,0.1752199431034466,0.1929304831562103
61,OnlineFPCA-sgd,0.1,8600,100,face,3,5,0.114656209945679,8,1,0.12011403257319565,0.15683511655232976,0.152670020930559,0.025070665814555745,0.17368523924629994,0.19129288344875783
61,OnlineFPCA-sgd,0.1,8700,100,face,3,5,0.120500802993774,8,1,0.06203040145104902,0.1955538439736867,0.19344374498848,0.023201622078692048,0.17211198980739745,0.19040805728580532
61,OnlineFPCA-sgd,0.1,8800,100,face,3,5,0.118639469146729,8,1,0.11849328323599699,0.1847951093688406,0.18324632668206423,0.02358343594706201,0.1710625814648234,0.1897652344428377
61,OnlineFPCA-sgd,0.1,8900,100,face,3,5,0.117239952087402,8,1,0.20943240021745688,0.18051123550576398,0.16481809124081287,0.023566080473482555,0.17027086196982835,0.18899148716413952
61,OnlineFPCA-sgd,0.1,9000,100,face,3,5,0.118108034133911,8,1,0.19445888640806214,0.21449208269372202,0.24462998109307427,0.02326375710957745,0.1699453409533369,0.1879665208505817
61,OnlineFPCA-sgd,0.1,9100,100,face,3,5,0.124235391616821,8,1,0.27977192253080363,0.21426089846003846,0.2573884702834134,0.023222507653847025,0.16980603959141044,0.18732051723861856
61,OnlineFPCA-sgd,0.1,9200,100,face,3,5,0.11760950088501,8,1,0.15291034332205103,0.1570914161212971,0.22949816083173136,0.02352972022103241,0.16908118544939463,0.18724573473590264
61,OnlineFPCA-sgd,0.1,9300,100,face,3,5,0.115088701248169,8,1,0.21296325042600403,0.15301946575850633,0.2152300970204888,0.024265767365188037,0.1681236242486281,0.18724092953695023
61,OnlineFPCA-sgd,0.1,9400,100,face,3,5,0.119855642318726,8,1,0.1634599180392822,0.15797569645379564,0.20660539507869335,0.026093192700515674,0.16703401939576132,0.18628970883096962
61,OnlineFPCA-sgd,0.1,9500,100,face,3,5,0.123053789138794,8,1,0.2258393894171008,0.21193399346578698,0.28292682181062984,0.02644148337644409,0.16647134240112532,0.18569565157742798
61,OnlineFPCA-sgd,0.1,9600,100,face,3,5,0.116135120391846,8,1,0.09498656981532612,0.250210968512656,0.17613478060054433,0.026651915948022346,0.16572126969199322,0.18539081381803144
61,OnlineFPCA-sgd,0.1,9700,100,face,3,5,0.121201515197754,8,1,0.23837730044860497,0.21857718212382907,0.220898690020563,0.027099132541368396,0.16511348375047283,0.18481250409200886
61,OnlineFPCA-sgd,0.1,9800,100,face,3,5,0.119603157043457,8,1,0.21285876387680477,0.1892566199697406,0.1857498420411864,0.027688284359938847,0.1639781494814118,0.1842636935290584
61,OnlineFPCA-sgd,0.1,9900,100,face,3,5,0.11877179145813,8,1,0.11621987998199376,0.16769215848554944,0.1902237264588614,0.02814677035229147,0.163251268761073,0.1837535789054852
61,OnlineFPCA-sgd,0.1,10000,100,face,3,5,0.119010448455811,8,1,0.09971209193157754,0.24308883181290827,0.294518901289842,0.02770820665489825,0.16249676060756557,0.18321413648574025
61,OnlineFPCA-sgd,0.1,10100,100,face,3,5,0.118856430053711,8,1,0.10253075921293012,0.12670236062578902,0.34490297918940577,0.02812775810175484,0.1621431920116608,0.18440050159086854
61,OnlineFPCA-sgd,0.1,10200,100,face,3,5,0.121826887130737,8,1,0.05593403418283359,0.1900656769066844,0.3029768096272561,0.028760542441755826,0.1615367010317487,0.18577653123602497
61,OnlineFPCA-sgd,0.1,10300,100,face,3,5,0.115196943283081,8,1,0.138940945484358,0.13130898878982408,0.25997455603685987,0.028643715556293817,0.1608523671109242,0.18590377949707806
61,OnlineFPCA-sgd,0.1,10400,100,face,3,5,0.11857795715332,8,1,0.1434820126192891,0.140243194226224,0.31919875321825414,0.029162928697998032,0.15975894177411196,0.1858186197581089
61,OnlineFPCA-sgd,0.1,10500,100,face,3,5,0.119004011154175,8,1,0.14093569388224972,0.16249981947475686,0.24642313433522692,0.029071448393131853,0.15854422621901249,0.18580547253994673
61,OnlineFPCA-sgd,0.1,10600,100,face,3,5,0.114920854568481,8,1,0.21343719896112412,0.1453765368477338,0.21078366972536433,0.02818291201043498,0.15738431426777716,0.18561403336447224
61,OnlineFPCA-sgd,0.1,10700,100,face,3,5,0.122615575790405,8,1,0.23192523813233606,0.12067780652843761,0.2094872054631292,0.02814395083484975,0.15631296205422412,0.18493408495877925
61,OnlineFPCA-sgd,0.1,10800,100,face,3,5,0.115485668182373,8,1,0.11481833883078994,0.1662710649768956,0.24058115950101272,0.027449380376746112,0.15542522943446083,0.18446697422711386
61,OnlineFPCA-sgd,0.1,10900,100,face,3,5,0.120799779891968,8,1,0.15877688205806023,0.16523567112181725,0.248525566978943,0.02568109766400412,0.15448592182399673,0.18475998392967338
61,OnlineFPCA-sgd,0.1,11000,100,face,3,5,0.118375301361084,8,1,0.13569219342935054,0.29588616275680724,0.2630135333210288,0.024360498494231306,0.15381270869319064,0.18465692427450028
61,OnlineFPCA-sgd,0.1,11100,100,face,3,5,0.118148326873779,8,1,0.1661860674669443,0.1675286525813598,0.2834501809072644,0.023667625099207786,0.15383231708774983,0.1851781338622056
61,OnlineFPCA-sgd,0.1,11200,100,face,3,5,0.12164568901062,8,1,0.30262814254222675,0.28661668748486735,0.26105811800444856,0.022732689473404788,0.15326125314493003,0.18563142069317948
61,OnlineFPCA-sgd,0.1,11300,100,face,3,5,0.116095304489136,8,1,0.19005229635902096,0.16296563525326277,0.2901262872040232,0.022733063086288027,0.15338128914097912,0.18579984349298173
61,OnlineFPCA-sgd,0.1,11400,100,face,3,5,0.120903015136719,8,1,0.195013629050195,0.20265769179732415,0.2646321406598485,0.02352496594131858,0.15238240134310507,0.1857424996554909
61,OnlineFPCA-sgd,0.1,11500,100,face,3,5,0.115420818328857,8,1,0.20435998565080268,0.21520196398597052,0.20569080846454696,0.023313163508542827,0.15190742207441482,0.18579261608454795
61,OnlineFPCA-sgd,0.1,11600,100,face,3,5,0.121658563613892,8,1,0.15012703521209633,0.2122509400222863,0.18203305174952608,0.023788985860532106,0.15188633732494203,0.1856097762592249
61,OnlineFPCA-sgd,0.1,11700,100,face,3,5,0.118800163269043,8,1,0.17702632417672148,0.28227278689362023,0.14731978741558907,0.02443274053374731,0.15176929653511267,0.1847304049953348
61,OnlineFPCA-sgd,0.1,11800,100,face,3,5,0.117960453033447,8,1,0.2583299567263522,0.24782857165087793,0.17860767816159284,0.025464870924374723,0.15177497143468255,0.18378814059402915
61,OnlineFPCA-sgd,0.1,11900,100,face,3,5,0.121718406677246,8,1,0.12124012090667324,0.19874968310532895,0.18031679909224252,0.02562735462837212,0.15153715111635802,0.18332026224140602
61,OnlineFPCA-sgd,0.1,12000,100,face,3,5,0.114209413528442,8,1,0.17878442965471167,0.18731784626473635,0.17542033005837263,0.025675505782159186,0.15045435941961302,0.18235162236108302
61,OnlineFPCA-sgd,0.1,12100,100,face,3,5,0.116874694824219,8,1,0.20952632533718987,0.1746955660139766,0.14498085951932987,0.025728815914322058,0.149298793278693,0.1808640339461549
61,OnlineFPCA-sgd,0.1,12200,100,face,3,5,0.115029096603394,8,1,0.26779687744198744,0.12088632853417289,0.1916686441047751,0.025845418264630913,0.14798064735006072,0.1790997149002498
61,OnlineFPCA-sgd,0.1,12300,100,face,3,5,0.117827177047729,8,1,0.13260122797097215,0.1428611424267606,0.17051047977297826,0.025200465555048256,0.1468650174165361,0.1778148943963391
61,OnlineFPCA-sgd,0.1,12400,100,face,3,5,0.118685007095337,8,1,0.1518627403170962,0.07843914958441427,0.11626187131277,0.024934305080795163,0.14552215627519494,0.17678101691883347
61,OnlineFPCA-sgd,0.1,12500,100,face,3,5,0.114576578140259,8,1,0.1742881840903156,0.17646330295570398,0.14639836367092407,0.024902785600869143,0.14404424826705223,0.17564537839854913
61,OnlineFPCA-sgd,0.1,12600,100,face,3,5,0.120403289794922,8,1,0.19828005119946704,0.18349312623853414,0.1568545177491819,0.024917543562317155,0.14327606555015493,0.17473440949077113
61,OnlineFPCA-sgd,0.1,12700,100,face,3,5,0.118810415267944,8,1,0.12581563295076487,0.22043051773330868,0.17174468423646122,0.025003362523719527,0.14315270172332564,0.1736543963085211
61,OnlineFPCA-sgd,0.1,12800,100,face,3,5,0.117229461669922,8,1,0.11813684068422843,0.22652210988024882,0.12626789721740608,0.025214589170440196,0.14333133858205171,0.17241942000354385
61,OnlineFPCA-sgd,0.1,12900,100,face,3,5,0.118587255477905,8,1,0.15014807694713472,0.20940509726506198,0.09488012113208637,0.024487345904424498,0.14347133644236365,0.17121334417104336
61,OnlineFPCA-sgd,0.1,13000,100,face,3,5,0.118345975875854,8,1,0.1583646341100343,0.2618486611633406,0.11952758150345941,0.024508990857780952,0.14368758946905363,0.17024707763377436
61,OnlineFPCA-sgd,0.1,13100,100,face,3,5,0.118851184844971,8,1,0.16720735986592897,0.22240916798665722,0.15802298827990152,0.024217368568647774,0.1438640223070318,0.16931218351565797
61,OnlineFPCA-sgd,0.1,13200,100,face,3,5,0.11528754234314,8,1,0.16511716019281938,0.19262501527636294,0.20803063193356033,0.024686218302504108,0.14402755985041177,0.1684842188873372
61,OnlineFPCA-sgd,0.1,13300,100,face,3,5,0.120489358901978,8,1,0.08900654470088287,0.14586175978351246,0.16802786375201995,0.025022682491934754,0.1440824871440058,0.1678619045625213
61,OnlineFPCA-sgd,0.1,13400,100,face,3,5,0.118233203887939,8,1,0.10551578025640272,0.1606908233953851,0.1512831491920246,0.025065964388978495,0.1439557385110209,0.1671968921605139
61,OnlineFPCA-sgd,0.1,13500,100,face,3,5,0.11490535736084,8,1,0.11180376025774488,0.15036201412376166,0.08614907496451366,0.024453527093020774,0.14365672121304734,0.1661619029002003
61,OnlineFPCA-sgd,0.1,13600,100,face,3,5,0.119404315948486,8,1,0.10208027435997417,0.12632120047456785,0.132359590294803,0.024193669203807954,0.1431099156920223,0.16542511853481956
61,OnlineFPCA-sgd,0.1,13700,100,face,3,5,0.113619089126587,8,1,0.050271814363302574,0.16533680639139084,0.1615356181819459,0.02337707072336241,0.14249743539814247,0.16508347261318002
61,OnlineFPCA-sgd,0.1,13800,100,face,3,5,0.120537519454956,8,1,0.11067065152457163,0.15618389563899052,0.15426395138126692,0.023482067906863108,0.14204871882385808,0.16483308072966468
61,OnlineFPCA-sgd,0.1,13900,100,face,3,5,0.118401527404785,8,1,0.18186599643720255,0.15907907575351168,0.13362009196972002,0.02341392087283593,0.1417072487099361,0.16455155128005544
61,OnlineFPCA-sgd,0.1,14000,100,face,3,5,0.117128610610962,8,1,0.1625696649382701,0.1810595260534952,0.20393134430216325,0.023267483252150944,0.14159640134017298,0.16413371053683015
61,OnlineFPCA-sgd,0.1,14100,100,face,3,5,0.127947568893433,8,1,0.22272247858988872,0.19483702087713411,0.21815061275506345,0.023213712052267934,0.14166515787369618,0.16391728371915038
61,OnlineFPCA-sgd,0.1,14200,100,face,3,5,0.114838123321533,8,1,0.13260968279432986,0.1447923073532024,0.19900389092644322,0.02327863613321674,0.14151776448756206,0.16398398713388146
61,OnlineFPCA-sgd,0.1,14300,100,face,3,5,0.120941877365112,8,1,0.19862963043626125,0.1377587619646256,0.1875075266363378,0.023529428133123642,0.14117502062990556,0.16405893871561386
61,OnlineFPCA-sgd,0.1,14400,100,face,3,5,0.11539888381958,8,1,0.14815823216709434,0.1401720336285782,0.18560193182389448,0.02436824591647408,0.14074355262787946,0.1636848305890587
61,OnlineFPCA-sgd,0.1,14500,100,face,3,5,0.122017621994019,8,1,0.1867329450212874,0.1787264215099262,0.24193888779984596,0.02456871723185085,0.14050388569163255,0.16341141646819188
61,OnlineFPCA-sgd,0.1,14600,100,face,3,5,0.11860203742981,8,1,0.08776208636496603,0.22108309366634138,0.15410263091203052,0.024674206166568787,0.14013982731031827,0.1632462356529566
61,OnlineFPCA-sgd,0.1,14700,100,face,3,5,0.115458965301514,8,1,0.20417449162121482,0.20157211023609362,0.19886743885375477,0.024869864401154892,0.13980933567896592,0.16294249959409046
61,OnlineFPCA-sgd,0.1,14800,100,face,3,5,0.118593215942383,8,1,0.20197925636867967,0.169308677435237,0.17312618788750622,0.025139836584349432,0.13922588034006253,0.16270647543962163
61,OnlineFPCA-sgd,0.1,14900,100,face,3,5,0.11771821975708,8,1,0.12144712442985942,0.15445113179068587,0.17690280367804653,0.025549721005481547,0.13889311391695913,0.16249650103640031
61,OnlineFPCA-sgd,0.1,15000,100,face,3,5,0.117646217346191,8,1,0.09707656105000532,0.21420250653256417,0.2560902889062533,0.025423001283440508,0.1385218825815556,0.16226458235613134
61,OnlineFPCA-sgd,0.1,0,100,face,3,5,2.17004084587097,8,2,1.9917709343764392,1.3570859652687575,1.5276902125923724,1.9917709343764392,1.3570859652687575,1.5276902125923724
61,OnlineFPCA-sgd,0.1,100,100,face,3,5,0.544450283050537,8,2,1.7940593105769211,1.6275482179679441,1.6401634124621471,NA,NA,NA
61,OnlineFPCA-sgd,0.1,200,100,face,3,5,0.539978981018066,8,2,0.5905240429019032,0.8549332777009511,1.8317057425130496,NA,NA,NA
61,OnlineFPCA-sgd,0.1,300,100,face,3,5,0.543657302856445,8,2,1.0431700029741475,1.1622639808727662,0.863468997251605,NA,NA,NA
61,OnlineFPCA-sgd,0.1,400,100,face,3,5,0.534814596176147,8,2,0.540326095455073,1.0382157179408786,1.2478299640903878,NA,NA,NA
61,OnlineFPCA-sgd,0.1,500,100,face,3,5,0.533841371536255,8,2,0.6407063458088004,0.5686342020831049,1.065796607968755,NA,NA,NA
61,OnlineFPCA-sgd,0.1,600,100,face,3,5,0.535503387451172,8,2,0.6047310529098637,0.5576642646837285,1.0628415222530079,NA,NA,NA
61,OnlineFPCA-sgd,0.1,700,100,face,3,5,0.537250757217407,8,2,0.5693904070493458,0.5541193782950794,1.0627894188693185,NA,NA,NA
61,OnlineFPCA-sgd,0.1,800,100,face,3,5,0.534698486328125,8,2,0.5417130201676494,0.5494193294439874,1.0622865408980946,NA,NA,NA
61,OnlineFPCA-sgd,0.1,900,100,face,3,5,0.534712076187134,8,2,0.5038371803406178,0.5440137220768247,1.0599045882527116,NA,NA,NA
61,OnlineFPCA-sgd,0.1,1000,100,face,3,5,0.540684700012207,8,2,0.46279756306620834,0.5388393359676164,1.0592390561761196,NA,NA,NA
61,OnlineFPCA-sgd,0.1,1100,100,face,3,5,0.758666515350342,8,2,0.20656963400587705,0.38695629215778565,0.9994821641635862,0.10958632796126985,0.43211237149929244,1.0244025999912458
61,OnlineFPCA-sgd,0.1,1200,100,face,3,5,0.758487224578857,8,2,0.19317848745614133,0.3382285040334261,0.9382022587798253,0.07271316483140233,0.3822291928809453,0.9948952442024552
61,OnlineFPCA-sgd,0.1,1300,100,face,3,5,0.755065202713013,8,2,0.11098166086795312,0.269216333919842,0.8752207346087966,0.06000118489711516,0.34365899308381825,0.9619117430663334
61,OnlineFPCA-sgd,0.1,1400,100,face,3,5,0.76018762588501,8,2,0.16438143312601786,0.2790607895333481,0.8308680304078465,0.06979248894718143,0.3183745571019229,0.9358599332722933
61,OnlineFPCA-sgd,0.1,1500,100,face,3,5,0.756786823272705,8,2,0.12529189015929515,0.23240027470839317,0.7448408926630355,0.05685333323752352,0.29754228436700003,0.9066777588981354
61,OnlineFPCA-sgd,0.1,1600,100,face,3,5,0.769819498062134,8,2,0.23017252448696573,0.308303997766526,0.4971705825618114,0.05930778573251126,0.2882024796564983,0.8552593974920261
61,OnlineFPCA-sgd,0.1,1700,100,face,3,5,0.756823062896729,8,2,0.28476530746796425,0.3007529747301482,0.5118341407495008,0.0656582322514832,0.2720416777689898,0.802977235135895
61,OnlineFPCA-sgd,0.1,1800,100,face,3,5,0.760391712188721,8,2,0.3038452481048212,0.2880453352073662,0.550530146500473,0.07287175996965868,0.26637531918952034,0.7637962682225825
61,OnlineFPCA-sgd,0.1,1900,100,face,3,5,0.757190465927124,8,2,0.1529579956946399,0.2142733884008506,0.3815738666333666,0.07482889823621704,0.26143301270445685,0.7266965837312258
61,OnlineFPCA-sgd,0.1,2000,100,face,3,5,0.763177633285522,8,2,0.12846265971656132,0.20700200263742347,0.3279021257438957,0.07750872344310925,0.2570416083471548,0.6882085044467736
61,OnlineFPCA-sgd,0.1,2100,100,face,3,5,0.7498619556427,8,2,0.30681922668252043,0.22599306736425373,0.29168444236926455,0.07463737102283732,0.24967519714034245,0.650382098182984
61,OnlineFPCA-sgd,0.1,2200,100,face,3,5,0.899431467056274,8,2,0.37846290308735314,0.20815368042750443,0.3734483186994927,0.07189980763284987,0.24138681286116984,0.6181707518449416
61,OnlineFPCA-sgd,0.1,2300,100,face,3,5,0.742082834243774,8,2,0.17008598576441172,0.21845809809438554,0.22727766181390868,0.07065454149562377,0.23602971713161294,0.5864987909276064
61,OnlineFPCA-sgd,0.1,2400,100,face,3,5,0.743899822235107,8,2,0.19977097827170023,0.15886433300217587,0.1390921005779887,0.06688525590280257,0.22919876705534856,0.5454324275674253
61,OnlineFPCA-sgd,0.1,2500,100,face,3,5,0.745048046112061,8,2,0.17937831406958257,0.22734047922323627,0.25399552424014193,0.06240738702954003,0.22117000111184953,0.5165814281885431
61,OnlineFPCA-sgd,0.1,2600,100,face,3,5,0.747038841247559,8,2,0.3409794938432334,0.21599949998398263,0.24748610069663243,0.058456002745651596,0.21654997979636317,0.49666593442637474
61,OnlineFPCA-sgd,0.1,2700,100,face,3,5,0.752062559127808,8,2,0.16082140576676307,0.25707900296429465,0.28973884342619055,0.05760734559741557,0.2136194897839613,0.4805063131213059
61,OnlineFPCA-sgd,0.1,2800,100,face,3,5,0.740569829940796,8,2,0.1481122240182453,0.30025726196591895,0.17796652952613887,0.05535795640389447,0.21336903385002587,0.4635631021967032
61,OnlineFPCA-sgd,0.1,2900,100,face,3,5,0.74451756477356,8,2,0.24160401446148078,0.22431117215298801,0.1798079981724887,0.046187000443160965,0.21104072982097666,0.44396874111995066
61,OnlineFPCA-sgd,0.1,3000,100,face,3,5,0.744147300720215,8,2,0.17309372986607674,0.2540610907863692,0.2093331478954211,0.04108362889900045,0.21084620989174696,0.4260553148640547
61,OnlineFPCA-sgd,0.1,3100,100,face,3,5,0.745631456375122,8,2,0.24947656178709512,0.22180722928482122,0.22377293682651836,0.03595357187310806,0.20926175585462745,0.4121642137747206
61,OnlineFPCA-sgd,0.1,3200,100,face,3,5,0.743648529052734,8,2,0.1947375876865082,0.19904839175211536,0.2553216450402037,0.035730017182955036,0.2078226448482984,0.4018383120098904
61,OnlineFPCA-sgd,0.1,3300,100,face,3,5,0.757178783416748,8,2,0.11865365710783005,0.17338524106246933,0.20252653279660482,0.036158321466344005,0.2058092419305824,0.39235871240337866
61,OnlineFPCA-sgd,0.1,3400,100,face,3,5,0.74654221534729,8,2,0.08150489248663613,0.20176108071776985,0.1791852764726804,0.03606634587136957,0.20441592817635323,0.38051331577628406
61,OnlineFPCA-sgd,0.1,3500,100,face,3,5,0.74648380279541,8,2,0.15382465907540713,0.17165171468406226,0.1260848848039284,0.03199127097634288,0.2017196049574937,0.36713894726965185
61,OnlineFPCA-sgd,0.1,3600,100,face,3,5,0.749630212783813,8,2,0.13220483453221327,0.18533259171684466,0.1850536852059758,0.0301570575560512,0.1978241700405922,0.35438828196985434
61,OnlineFPCA-sgd,0.1,3700,100,face,3,5,0.746142387390137,8,2,0.08868121454030087,0.22489358680383975,0.222802881476069,0.02791679869888815,0.1941231390716316,0.34002741043291074
61,OnlineFPCA-sgd,0.1,3800,100,face,3,5,0.755121946334839,8,2,0.12304509324081853,0.20782387627224308,0.19873925508280132,0.030060440351888693,0.19140781961769948,0.3286240738528416
61,OnlineFPCA-sgd,0.1,3900,100,face,3,5,0.884600400924683,8,2,0.2358480595462085,0.19364990456159142,0.17322789541564962,0.03026209996534849,0.18962741368267597,0.31865076374954354
61,OnlineFPCA-sgd,0.1,4000,100,face,3,5,0.743208885192871,8,2,0.02879975184475621,0.18902502480072966,0.30966326529068,0.02879975184475621,0.18902502480072966,0.30966326529068
61,OnlineFPCA-sgd,0.1,4100,100,face,3,5,0.742438077926636,8,2,0.3551446379344031,0.25012839129367315,0.2909964109390052,0.09984892655289321,0.1934480386884056,0.2573984738247145
61,OnlineFPCA-sgd,0.1,4200,100,face,3,5,0.744083166122437,8,2,0.19032900235417516,0.1633536691465413,0.28301651138854567,0.09859968075849539,0.17652265390306904,0.2706477189972639
61,OnlineFPCA-sgd,0.1,4300,100,face,3,5,0.748462200164795,8,2,0.22868712035163843,0.19635432710622602,0.19927949368572095,0.09655403942983355,0.16129265045906863,0.2514635867242061
61,OnlineFPCA-sgd,0.1,4400,100,face,3,5,0.758439540863037,8,2,0.1920196483873161,0.20954832595292278,0.22394360577781589,0.10799211328076298,0.15926964216123607,0.23001553651399828
61,OnlineFPCA-sgd,0.1,4500,100,face,3,5,0.746531248092651,8,2,0.22643550419710629,0.2647959764635966,0.319248688416325,0.08706475495609607,0.1718779287821156,0.21619617452737008
61,OnlineFPCA-sgd,0.1,4600,100,face,3,5,0.747235059738159,8,2,0.10333974838884841,0.3481697689555405,0.22879943078604748,0.07979808541890882,0.18071074993443145,0.2146694348500552
61,OnlineFPCA-sgd,0.1,4700,100,face,3,5,0.750068664550781,8,2,0.2797929005633514,0.26864360932908415,0.28151769558275963,0.07881850264478457,0.19708099460844336,0.21471763644180863
61,OnlineFPCA-sgd,0.1,4800,100,face,3,5,0.754814386367798,8,2,0.2296679094594056,0.22310451829845312,0.2241373608427651,0.07999363374114078,0.1925896293437533,0.21675193541598478
61,OnlineFPCA-sgd,0.1,4900,100,face,3,5,0.744467496871948,8,2,0.11456941753625169,0.18365254314302124,0.20057758609275675,0.07093093178145568,0.18322553254544485,0.21479431102931612
61,OnlineFPCA-sgd,0.1,5000,100,face,3,5,0.756476402282715,8,2,0.10130892902650919,0.2745888225008002,0.29135465804412575,0.06319672912922117,0.18032240828387242,0.20695686223955456
61,OnlineFPCA-sgd,0.1,5100,100,face,3,5,0.114700317382812,8,2,0.1169357921139166,0.1369298676825016,0.34092075864243265,0.0628350335300647,0.17631258316051102,0.20201809022707876
61,OnlineFPCA-sgd,0.1,5200,100,face,3,5,0.123014688491821,8,2,0.07756862854665324,0.2038839941903472,0.292951086419985,0.06655447080027757,0.17347262222993126,0.2002241061490456
61,OnlineFPCA-sgd,0.1,5300,100,face,3,5,0.115761280059814,8,2,0.16641136613968527,0.15844662105948712,0.2839657628047745,0.0631875921484335,0.1719885835676366,0.19966392018423276
61,OnlineFPCA-sgd,0.1,5400,100,face,3,5,0.118171215057373,8,2,0.17283827758024323,0.16511591854764987,0.33262201012782866,0.06278049295382318,0.16817994574368028,0.20354785375094323
61,OnlineFPCA-sgd,0.1,5500,100,face,3,5,0.11865234375,8,2,0.16757927367709127,0.17819483993388796,0.24373524116295306,0.05964666801641207,0.1663976397766317,0.20482650117398526
61,OnlineFPCA-sgd,0.1,5600,100,face,3,5,0.11483097076416,8,2,0.22723096476063,0.16147983002596406,0.20836346473441877,0.05367001211951941,0.16355512849668136,0.20325057898860482
61,OnlineFPCA-sgd,0.1,5700,100,face,3,5,0.12004566192627,8,2,0.2528864662297915,0.13786977511412038,0.19941814224393364,0.05203021899305248,0.16137501060462206,0.19959771044397018
61,OnlineFPCA-sgd,0.1,5800,100,face,3,5,0.114116668701172,8,2,0.13074252366083233,0.189978845534243,0.25579284974776334,0.04653654168283961,0.15775068353171467,0.19802116130910027
61,OnlineFPCA-sgd,0.1,5900,100,face,3,5,0.120756864547729,8,2,0.16087789565899324,0.18615427728212008,0.25482587303771465,0.0382955462380062,0.15239368516785146,0.19784992904585216
61,OnlineFPCA-sgd,0.1,6000,100,face,3,5,0.117589950561523,8,2,0.17312109155254335,0.3267319708378966,0.272107120733726,0.03210608649452852,0.14672290492731388,0.19652813624068602
61,OnlineFPCA-sgd,0.1,6100,100,face,3,5,0.1189866065979,8,2,0.1883718507073564,0.15597758282824944,0.2924523661184104,0.02897029069903585,0.14420508699859017,0.19763993611573027
61,OnlineFPCA-sgd,0.1,6200,100,face,3,5,0.117480278015137,8,2,0.36431548833351807,0.3143547950935078,0.26088514089564596,0.02458780974354019,0.14097368327878665,0.19782639095930543
61,OnlineFPCA-sgd,0.1,6300,100,face,3,5,0.114274263381958,8,2,0.22560754516616202,0.1704672477860971,0.3087963660934788,0.02396036993383894,0.14031264229503806,0.19592097409396836
61,OnlineFPCA-sgd,0.1,6400,100,face,3,5,0.119753360748291,8,2,0.1920890033145426,0.21665293358199028,0.27188248957227207,0.027350750760293335,0.136262857260316,0.1933116420708395
61,OnlineFPCA-sgd,0.1,6500,100,face,3,5,0.114709138870239,8,2,0.2229111744344923,0.23345244782006289,0.2041384945363446,0.02669424001929557,0.13471774151528124,0.19286562112003938
61,OnlineFPCA-sgd,0.1,6600,100,face,3,5,0.117562532424927,8,2,0.15665026668334395,0.22194562387564884,0.16912520110072224,0.02818256694360316,0.13509798697020453,0.19180421181044371
61,OnlineFPCA-sgd,0.1,6700,100,face,3,5,0.118906259536743,8,2,0.18291439348136423,0.3005074065581526,0.13891137232491116,0.029859176166652936,0.13481225549666162,0.18797868756240185
61,OnlineFPCA-sgd,0.1,6800,100,face,3,5,0.114787817001343,8,2,0.28453465352728036,0.26372952550338086,0.1802628766326996,0.032170539470027265,0.13532650713683114,0.18450568938617046
61,OnlineFPCA-sgd,0.1,6900,100,face,3,5,0.12124228477478,8,2,0.1253291595322274,0.20625687505510715,0.16955887493871824,0.032130830987101296,0.1352346372903426,0.18275961680942937
61,OnlineFPCA-sgd,0.1,7000,100,face,3,5,0.114981412887573,8,2,0.17972169880541836,0.2042414635915133,0.18944531662268219,0.03299978356676499,0.1331115298218013,0.1793199681746543
61,OnlineFPCA-sgd,0.1,7100,100,face,3,5,0.117682695388794,8,2,0.22896271937923843,0.182024428597721,0.17094271100737665,0.03310775897882442,0.1309293976232317,0.175428306521498
61,OnlineFPCA-sgd,0.1,7200,100,face,3,5,0.115576028823853,8,2,0.3124800731897637,0.13490691083976936,0.20947231826226925,0.03344127674140367,0.12844472789309885,0.17110670835836136
61,OnlineFPCA-sgd,0.1,7300,100,face,3,5,0.266533613204956,8,2,0.13774092128954424,0.16121147964112362,0.16855608024934077,0.03170737082123499,0.1266464662111188,0.16832652467378995
61,OnlineFPCA-sgd,0.1,7400,100,face,3,5,0.119236946105957,8,2,0.14289657671567677,0.08986348369819482,0.11312866825541018,0.030999564241174105,0.12437359789543692,0.16559396190502654
61,OnlineFPCA-sgd,0.1,7500,100,face,3,5,0.114933729171753,8,2,0.18308869009484655,0.19314565658247906,0.1561691205825546,0.030124217243539576,0.12171483038246761,0.16311486681252324
61,OnlineFPCA-sgd,0.1,7600,100,face,3,5,0.121284961700439,8,2,0.22341805681230537,0.19761077299237137,0.16484510334327268,0.029478650194789558,0.12088657979060426,0.16203788872942498
61,OnlineFPCA-sgd,0.1,7700,100,face,3,5,0.117962598800659,8,2,0.1297811746116314,0.22861429156665042,0.18705760440136085,0.0296205652145799,0.12152802502656607,0.16051113886982948
61,OnlineFPCA-sgd,0.1,7800,100,face,3,5,0.11815357208252,8,2,0.12599306868160426,0.2400489451852342,0.12630316210924242,0.029778481425965782,0.12282010940744076,0.15799638591254947
61,OnlineFPCA-sgd,0.1,7900,100,face,3,5,0.117397546768188,8,2,0.17454402357186363,0.21121968473403027,0.09888248640396724,0.027564790323065774,0.12372945198054631,0.15540524649606063
61,OnlineFPCA-sgd,0.1,8000,100,face,3,5,0.118068218231201,8,2,0.16348264120410663,0.2569243896560664,0.1414035457025001,0.02691850958874295,0.1250517021672515,0.15389275473621605
61,OnlineFPCA-sgd,0.1,8100,100,face,3,5,0.121066093444824,8,2,0.18557256326788796,0.21684816449617395,0.18042487480249342,0.025869989972817083,0.1260881201290408,0.15271963880720454
61,OnlineFPCA-sgd,0.1,8200,100,face,3,5,0.11555814743042,8,2,0.17058084336466398,0.18156887444986164,0.22420829812659226,0.02678035540257152,0.1269344345484566,0.15201765977446444
61,OnlineFPCA-sgd,0.1,8300,100,face,3,5,0.117385864257812,8,2,0.09305097973633492,0.13718836096983436,0.17298737229637356,0.027493165301333226,0.1273242505701682,0.15167879978773596
61,OnlineFPCA-sgd,0.1,8400,100,face,3,5,0.118414163589478,8,2,0.10248434781198186,0.15734591779576057,0.15199047507928043,0.027481595975798995,0.12739332013135762,0.15092800305594853
61,OnlineFPCA-sgd,0.1,8500,100,face,3,5,0.114601850509644,8,2,0.11858235372588834,0.14648354085589926,0.08892878481230496,0.02605278655194855,0.12707384625957527,0.1489030261888782
61,OnlineFPCA-sgd,0.1,8600,100,face,3,5,0.118619918823242,8,2,0.10929871456970733,0.13148017385018596,0.1433770256130858,0.025442876759427337,0.12615212630269365,0.14789801644656395
61,OnlineFPCA-sgd,0.1,8700,100,face,3,5,0.115018844604492,8,2,0.05476108065188352,0.17423650682981182,0.169983915206899,0.02369759478212019,0.12495802631881231,0.1474212817411685
61,OnlineFPCA-sgd,0.1,8800,100,face,3,5,0.120256662368774,8,2,0.11113859583252947,0.16081799591327103,0.15536683453072028,0.023919318768808987,0.12425439298448938,0.14709856379381492
61,OnlineFPCA-sgd,0.1,8900,100,face,3,5,0.117291927337646,8,2,0.19521521612851572,0.16053564644421717,0.12905955562243496,0.02382536548102116,0.12391036070542726,0.14648634038712793
61,OnlineFPCA-sgd,0.1,9000,100,face,3,5,0.116687774658203,8,2,0.17797789246766604,0.19016038797860432,0.207884602318454,0.023509334599667017,0.1241194568256656,0.14559875498862995
61,OnlineFPCA-sgd,0.1,9100,100,face,3,5,0.11703085899353,8,2,0.24925474852311066,0.20225256115432838,0.21701711042425767,0.023429634106819586,0.12475566983109668,0.14483613071518564
61,OnlineFPCA-sgd,0.1,9200,100,face,3,5,0.11599588394165,8,2,0.14136682385367358,0.13907216790590649,0.18652436132790215,0.023618503675673603,0.12484913740098931,0.14490124302792823
61,OnlineFPCA-sgd,0.1,9300,100,face,3,5,0.119110345840454,8,2,0.20510757992543935,0.1383172701781482,0.18214743236992093,0.024255458230596952,0.12442549519559823,0.1447606938996347
61,OnlineFPCA-sgd,0.1,9400,100,face,3,5,0.118008136749268,8,2,0.1557049676231377,0.14724425769535499,0.17441056400486937,0.025989877207828364,0.12391203564504874,0.14365628633767236
61,OnlineFPCA-sgd,0.1,9500,100,face,3,5,0.117300271987915,8,2,0.19975727579491584,0.1842406587240073,0.2540263130491567,0.02630205674188827,0.12392300471976135,0.14296008095136362
61,OnlineFPCA-sgd,0.1,9600,100,face,3,5,0.119928598403931,8,2,0.09063027713843437,0.2362707905262219,0.15998327000496548,0.026513521054250807,0.12361976345115355,0.14293054873589572
61,OnlineFPCA-sgd,0.1,9700,100,face,3,5,0.115060329437256,8,2,0.21804922646620142,0.20359720847192334,0.20380088910712268,0.02700023292818992,0.1235480405594526,0.14274675522042396
61,OnlineFPCA-sgd,0.1,9800,100,face,3,5,0.12060022354126,8,2,0.20179393663342912,0.1675768853685606,0.17310924720049364,0.02766390168538536,0.12272014112343187,0.14285468343147786
61,OnlineFPCA-sgd,0.1,9900,100,face,3,5,0.119106769561768,8,2,0.118596996236861,0.146526636519941,0.16369810040568733,0.028308768895877943,0.12227153974119005,0.14281807839859367
61,OnlineFPCA-sgd,0.1,10000,100,face,3,5,0.114850044250488,8,2,0.09845677796910343,0.22077169418385903,0.25967158133191576,0.028007400295145746,0.12176782930790982,0.14252366373543793
61,OnlineFPCA-sgd,0.1,10100,100,face,3,5,0.118433237075806,8,2,0.09846054389057218,0.117250256478437,0.31355932368740075,0.02843682474915546,0.12181334462744121,0.14385911095444004
61,OnlineFPCA-sgd,0.1,10200,100,face,3,5,0.115202188491821,8,2,0.04802195773234803,0.1708633345639686,0.2690656793444629,0.029080750144381166,0.12179104394590311,0.14536653234786454
61,OnlineFPCA-sgd,0.1,10300,100,face,3,5,0.11770224571228,8,2,0.1275911024253488,0.12052872971283048,0.2311762893218545,0.029006565758066025,0.12153932681881398,0.14606639406241842
61,OnlineFPCA-sgd,0.1,10400,100,face,3,5,0.114948272705078,8,2,0.13223476558276204,0.12867821848628536,0.28021082203220804,0.029502777495539943,0.12075243598719701,0.14683618680876923
61,OnlineFPCA-sgd,0.1,10500,100,face,3,5,0.118076801300049,8,2,0.1302851425675275,0.14822152037669623,0.20665163706038253,0.029501941413408547,0.11993087871020389,0.14744044185580854
61,OnlineFPCA-sgd,0.1,10600,100,face,3,5,0.119323015213013,8,2,0.20326247069971173,0.1323071973928293,0.1814754709079255,0.028743220676458063,0.119161745600599,0.1476674335329354
61,OnlineFPCA-sgd,0.1,10700,100,face,3,5,0.115174770355225,8,2,0.2112145565317139,0.10952725803563981,0.17900088367506498,0.028649300505123484,0.11854585403681434,0.14738287641456316
61,OnlineFPCA-sgd,0.1,10800,100,face,3,5,0.12000036239624,8,2,0.10500740506396829,0.15298148334630973,0.2183866542810219,0.02803442684282566,0.11818560615021051,0.14745092431788226
61,OnlineFPCA-sgd,0.1,10900,100,face,3,5,0.118242740631104,8,2,0.15630967007770855,0.1512370891281108,0.22498258043517103,0.026403726263454795,0.11787040402802483,0.1481339010808896
61,OnlineFPCA-sgd,0.1,11000,100,face,3,5,0.118084192276001,8,2,0.12818246830214228,0.26356234681189494,0.22959362369102165,0.025139337750979124,0.11758170190073412,0.1483758040777549
61,OnlineFPCA-sgd,0.1,11100,100,face,3,5,0.117862939834595,8,2,0.15391352427180896,0.14712728188381746,0.24417664009646445,0.024448184592510438,0.11792326868718891,0.14915079138389173
61,OnlineFPCA-sgd,0.1,11200,100,face,3,5,0.118307113647461,8,2,0.26598837748509774,0.25544005520707586,0.22441206191294402,0.023512696051525554,0.11773609587597372,0.14976427084241933
61,OnlineFPCA-sgd,0.1,11300,100,face,3,5,0.119876623153687,8,2,0.17642573541436962,0.1472498272432539,0.25511318852194054,0.023386392935189355,0.11820988384947842,0.14991239951625818
61,OnlineFPCA-sgd,0.1,11400,100,face,3,5,0.115357637405396,8,2,0.1849891773337655,0.18260669132489726,0.23224886111965484,0.023999746071894847,0.11755116058501144,0.14986596969826835
61,OnlineFPCA-sgd,0.1,11500,100,face,3,5,0.120362997055054,8,2,0.18871730598357933,0.189409078854949,0.18480353369865754,0.02385105515694373,0.11729569570778409,0.15017815550292485
61,OnlineFPCA-sgd,0.1,11600,100,face,3,5,0.118752956390381,8,2,0.1398802645920713,0.1958551885550881,0.15651461242786383,0.024254673221569812,0.1175625211085988,0.1502902323152834
61,OnlineFPCA-sgd,0.1,11700,100,face,3,5,0.114309072494507,8,2,0.16305774679285814,0.26008621581635666,0.12760605477538756,0.024874982601468597,0.11769328412818976,0.14974738195113516
61,OnlineFPCA-sgd,0.1,11800,100,face,3,5,0.119703769683838,8,2,0.23833364270795127,0.23346844240986822,0.16290673106496562,0.025834441971331817,0.11794087045600071,0.14917845841047378
61,OnlineFPCA-sgd,0.1,11900,100,face,3,5,0.115580320358276,8,2,0.12209827617244412,0.1932345215475766,0.15312980906314308,0.026027437637827455,0.1179929517519012,0.14904898674145398
61,OnlineFPCA-sgd,0.1,12000,100,face,3,5,0.121095657348633,8,2,0.17035137075739434,0.17675971783139183,0.15497934687449783,0.026096997896795815,0.11731547572578988,0.14844883677307485
61,OnlineFPCA-sgd,0.1,12100,100,face,3,5,0.118234395980835,8,2,0.19553925989086865,0.1672117871188287,0.1361984067267273,0.026148806836517213,0.11655888972993719,0.14758490136887897
61,OnlineFPCA-sgd,0.1,12200,100,face,3,5,0.118099212646484,8,2,0.23528312684457298,0.11361141684079104,0.1764035529103439,0.02627950637547769,0.115629921846171,0.14642719310261829
61,OnlineFPCA-sgd,0.1,12300,100,face,3,5,0.272361755371094,8,2,0.12754759251159,0.13318635197009349,0.15791699220741914,0.02565847281304047,0.11492950997536461,0.14565710080166058
61,OnlineFPCA-sgd,0.1,12400,100,face,3,5,0.115759372711182,8,2,0.15384763736668247,0.07285432590215653,0.10159970150234682,0.025348234394801626,0.11403543748263809,0.14495475266014646
61,OnlineFPCA-sgd,0.1,12500,100,face,3,5,0.120099782943726,8,2,0.16105870695837995,0.15857731352047674,0.13897893283244425,0.025265558564590375,0.11304059137717098,0.1442597324032051
61,OnlineFPCA-sgd,0.1,12600,100,face,3,5,0.115149259567261,8,2,0.1824708812220348,0.165731274660232,0.14253681693353093,0.025264864699881786,0.11272897594059185,0.14384888358913062
61,OnlineFPCA-sgd,0.1,12700,100,face,3,5,0.118793964385986,8,2,0.12235793055152275,0.19843861352113648,0.15770713864918462,0.02533839544483221,0.11290978682314037,0.1432017490753749
61,OnlineFPCA-sgd,0.1,12800,100,face,3,5,0.118387460708618,8,2,0.10766116598623965,0.20404150211760505,0.10701698592924976,0.025554249255947434,0.11339452669341406,0.14225726788479728
61,OnlineFPCA-sgd,0.1,12900,100,face,3,5,0.115727663040161,8,2,0.1274564412595555,0.19249442641098863,0.08919572954942627,0.024913265645851463,0.11387546144484346,0.14130042842914786
61,OnlineFPCA-sgd,0.1,13000,100,face,3,5,0.118112564086914,8,2,0.15092158806358058,0.2388263584550823,0.11959999334429436,0.024892166341243884,0.11447910268309623,0.14069191357977054
61,OnlineFPCA-sgd,0.1,13100,100,face,3,5,0.118587970733643,8,2,0.1542353236534249,0.20419135204416866,0.14937219892651535,0.02464263073995007,0.11499213016207546,0.14019001325348188
61,OnlineFPCA-sgd,0.1,13200,100,face,3,5,0.11768364906311,8,2,0.15652148281402947,0.1745475681334955,0.18802567578641338,0.025062371714612855,0.11543684366241835,0.13981296079356878
61,OnlineFPCA-sgd,0.1,13300,100,face,3,5,0.118456363677979,8,2,0.08336332179242516,0.13543361961489928,0.15230899554686905,0.025372461628999674,0.11572869640828849,0.13954901641955056
61,OnlineFPCA-sgd,0.1,13400,100,face,3,5,0.117498636245728,8,2,0.10266209642926129,0.1481715794400173,0.13348024424197566,0.025412014899997077,0.11584897145577025,0.1391556943856493
61,OnlineFPCA-sgd,0.1,13500,100,face,3,5,0.120957374572754,8,2,0.10661679115719855,0.13893023928491915,0.07696385331426459,0.0248525174363585,0.11578540813331531,0.13832236247672944
61,OnlineFPCA-sgd,0.1,13600,100,face,3,5,0.115723133087158,8,2,0.09229160878509947,0.11265309595765845,0.13096222541152516,0.024569437594165223,0.1154578713312846,0.13786593891029394
61,OnlineFPCA-sgd,0.1,13700,100,face,3,5,0.121128797531128,8,2,0.050115311801959314,0.15148145950782008,0.15102578555816218,0.023795238251600317,0.11499865777818885,0.13774260727913964
61,OnlineFPCA-sgd,0.1,13800,100,face,3,5,0.118718385696411,8,2,0.10398787260788099,0.14321822894133254,0.1420325039784838,0.023835230179897415,0.11468133649727741,0.13766863628418755
61,OnlineFPCA-sgd,0.1,13900,100,face,3,5,0.117519855499268,8,2,0.16805734450874862,0.14857120494130943,0.11601743936283809,0.02374576982193383,0.11448654501830499,0.13750204132835148
61,OnlineFPCA-sgd,0.1,14000,100,face,3,5,0.119988918304443,8,2,0.1471149719362965,0.16469775031981335,0.1813924244472236,0.023588252832396194,0.11454378056041738,0.13719207740010453
61,OnlineFPCA-sgd,0.1,14100,100,face,3,5,0.118258953094482,8,2,0.19725145935132102,0.18313075557162675,0.19326852084725707,0.023515614538795943,0.11484438421926459,0.13699571870440438
61,OnlineFPCA-sgd,0.1,14200,100,face,3,5,0.118272066116333,8,2,0.12379280266407047,0.13313613570032012,0.1721537502770299,0.023535618147295954,0.11495504754215287,0.13713672089548423
61,OnlineFPCA-sgd,0.1,14300,100,face,3,5,0.115623712539673,8,2,0.19000302321697368,0.13034338979835916,0.1665052545121486,0.023735376887335107,0.11480694098981856,0.13720530496430564
61,OnlineFPCA-sgd,0.1,14400,100,face,3,5,0.119338750839233,8,2,0.14110147519413768,0.13492895850139477,0.16204838816661185,0.02450267133473745,0.11458674556636166,0.13683918657947525
61,OnlineFPCA-sgd,0.1,14500,100,face,3,5,0.122250556945801,8,2,0.16277631803222983,0.16095458462017928,0.2222453517755127,0.0246890715992158,0.11455053607446268,0.1365911416553966
61,OnlineFPCA-sgd,0.1,14600,100,face,3,5,0.115884780883789,8,2,0.08372174709468216,0.2129543489965743,0.1458483190592696,0.024795084296190102,0.11434987408995574,0.1365742025344808
61,OnlineFPCA-sgd,0.1,14700,100,face,3,5,0.127856016159058,8,2,0.18465744396161174,0.1927623708457666,0.1878832933226014,0.025000954508119993,0.11421325219056466,0.13646924089099033
61,OnlineFPCA-sgd,0.1,14800,100,face,3,5,0.115085124969482,8,2,0.1938062726528351,0.15820004626442147,0.16632529318984035,0.02529734286631846,0.11376072252657829,0.13650362503364005
61,OnlineFPCA-sgd,0.1,14900,100,face,3,5,0.123779296875,8,2,0.12249988866210193,0.13959853097901628,0.1590073311466236,0.025772899351143217,0.11353175994177148,0.13650093188145393
61,OnlineFPCA-sgd,0.1,15000,100,face,3,5,0.119156122207642,8,2,0.09702803353349038,0.19706014864776034,0.23029029228911055,0.02571143206257592,0.11325943934135453,0.1364010577325155
61,OnlineFPCA-sgd,0.1,0,100,face,3,5,2.17004084587097,8,4,1.9917709343764392,1.3570859652687575,1.3355170960124043,1.9917709343764392,1.3570859652687575,1.3355170960124043
61,OnlineFPCA-sgd,0.1,100,100,face,3,5,0.540666103363037,8,4,1.79011749162233,0.824837154581052,1.237159162943438,NA,NA,NA
61,OnlineFPCA-sgd,0.1,200,100,face,3,5,0.548619270324707,8,4,2.009198085969935,0.5530868479697197,1.4808620864563344,NA,NA,NA
61,OnlineFPCA-sgd,0.1,300,100,face,3,5,0.538725852966309,8,4,1.678472751771198,0.8735519346375241,0.8379405452956157,NA,NA,NA
61,OnlineFPCA-sgd,0.1,400,100,face,3,5,0.539405107498169,8,4,0.4680059837498906,1.880125736283723,1.5438524271529732,NA,NA,NA
61,OnlineFPCA-sgd,0.1,500,100,face,3,5,0.539872646331787,8,4,0.8574016691065319,0.6578592461168865,1.03517381408528,NA,NA,NA
61,OnlineFPCA-sgd,0.1,600,100,face,3,5,0.542067289352417,8,4,0.8362521718473862,0.6572953816758091,1.031374436242267,NA,NA,NA
61,OnlineFPCA-sgd,0.1,700,100,face,3,5,0.537806749343872,8,4,0.8070477905795863,0.6559531564920421,1.0306792486524718,NA,NA,NA
61,OnlineFPCA-sgd,0.1,800,100,face,3,5,0.53857421875,8,4,0.786107898167227,0.6504761483839826,1.0272082233215973,NA,NA,NA
61,OnlineFPCA-sgd,0.1,900,100,face,3,5,0.541968822479248,8,4,0.7680745257095123,0.6469335018838012,1.025646907065956,NA,NA,NA
61,OnlineFPCA-sgd,0.1,1000,100,face,3,5,0.534842967987061,8,4,0.7386423908206812,0.6414526036821416,1.02467319568343,NA,NA,NA
61,OnlineFPCA-sgd,0.1,1100,100,face,3,5,0.748997449874878,8,4,0.33917610024713957,0.46978672801403426,0.930099296325246,0.3845614952806786,0.5390489644065549,0.9700842277462232
61,OnlineFPCA-sgd,0.1,1200,100,face,3,5,0.751656055450439,8,4,0.2949506668778539,0.42532566736314087,0.8961382826991301,0.28167422795744984,0.46006948146805127,0.9340512418487036
61,OnlineFPCA-sgd,0.1,1300,100,face,3,5,0.74962854385376,8,4,0.2117150821230071,0.35165814988331595,0.7664112636481446,0.23515840786870562,0.4132008555376748,0.888165910881182
61,OnlineFPCA-sgd,0.1,1400,100,face,3,5,0.752887010574341,8,4,0.2110574014237536,0.3696273268730302,0.821349614859621,0.20959642095672498,0.38980759431977635,0.8705825814059045
61,OnlineFPCA-sgd,0.1,1500,100,face,3,5,0.765312910079956,8,4,0.17224517150044022,0.3242942896925994,0.7548187479759294,0.18343397450996549,0.37332836884867265,0.851744097459044
61,OnlineFPCA-sgd,0.1,1600,100,face,3,5,0.75165843963623,8,4,0.23057402451927933,0.3928952531208441,0.6254638518562801,0.16088633417394274,0.3664318935964473,0.8229247186382775
61,OnlineFPCA-sgd,0.1,1700,100,face,3,5,0.752808094024658,8,4,0.28163850609102004,0.3600217971450804,0.602418830682005,0.15529373928740056,0.35344400896707606,0.7915800279538957
61,OnlineFPCA-sgd,0.1,1800,100,face,3,5,0.754441022872925,8,4,0.3329732550753892,0.3224458037282099,0.6337608302644513,0.14645907789424586,0.34195571711213163,0.766501688629435
61,OnlineFPCA-sgd,0.1,1900,100,face,3,5,0.755534410476685,8,4,0.1570173796676645,0.2541835669376821,0.47902476922136544,0.1389252623844368,0.3323552933923119,0.7407958058803584
61,OnlineFPCA-sgd,0.1,2000,100,face,3,5,0.756213665008545,8,4,0.13817938306961086,0.2678418371932963,0.45104742884431015,0.1351962517599901,0.3258148565630247,0.7134441426293009
61,OnlineFPCA-sgd,0.1,2100,100,face,3,5,0.757753372192383,8,4,0.3363258074805732,0.2975189835847195,0.436207314345161,0.13071851583828323,0.32040338808723917,0.6874969284454673
61,OnlineFPCA-sgd,0.1,2200,100,face,3,5,0.74309229850769,8,4,0.3803865173090586,0.32118076544294427,0.43524265070434764,0.12404931862315113,0.31447269216368834,0.6567687188190386
61,OnlineFPCA-sgd,0.1,2300,100,face,3,5,0.74542498588562,8,4,0.17888189413293612,0.35631094391608303,0.30346937757164105,0.12036761240048302,0.31323046139387617,0.6284289924373329
61,OnlineFPCA-sgd,0.1,2400,100,face,3,5,0.750258207321167,8,4,0.21232848429148846,0.2739941400239928,0.2597617585596596,0.11303621690812989,0.3110151853337289,0.5917585541704663
61,OnlineFPCA-sgd,0.1,2500,100,face,3,5,0.750065803527832,8,4,0.19751985793759191,0.3744623741233342,0.33046763331852985,0.1030649153622427,0.30529862114480444,0.5657270569323011
61,OnlineFPCA-sgd,0.1,2600,100,face,3,5,0.907673835754395,8,4,0.3724739229589027,0.2898566228926422,0.3508773781933266,0.09612092023298023,0.3024147358934676,0.5480279434137113
61,OnlineFPCA-sgd,0.1,2700,100,face,3,5,0.739804267883301,8,4,0.16988664900207215,0.2528768193997491,0.37662974221198453,0.0927496199547379,0.2967593866050402,0.5333858110576303
61,OnlineFPCA-sgd,0.1,2800,100,face,3,5,0.739908456802368,8,4,0.1590949665514119,0.30880258541082267,0.2074810253021933,0.08645436464018631,0.29016315572255963,0.5166521285364998
61,OnlineFPCA-sgd,0.1,2900,100,face,3,5,0.734461307525635,8,4,0.2745387400180877,0.2538845450498813,0.17730669060415796,0.07410281251524874,0.28182948377330747,0.49515411723575703
61,OnlineFPCA-sgd,0.1,3000,100,face,3,5,0.741837501525879,8,4,0.17270549394719353,0.28312065899098365,0.251894614500695,0.06614787917725005,0.2774803736790985,0.4770484836887797
61,OnlineFPCA-sgd,0.1,3100,100,face,3,5,0.739908695220947,8,4,0.2553418455880978,0.23948859083923316,0.28706898775882067,0.060396227612197664,0.2719612525901982,0.46296150831360555
61,OnlineFPCA-sgd,0.1,3200,100,face,3,5,0.757480621337891,8,4,0.20550162272188194,0.20156731040379527,0.31588201911545927,0.059280263034497044,0.2677039870330622,0.4537957025246195
61,OnlineFPCA-sgd,0.1,3300,100,face,3,5,0.749407529830933,8,4,0.13030013000614604,0.12945286447962517,0.2099501502716278,0.0585710572240225,0.26129926208552073,0.4439417052319526
61,OnlineFPCA-sgd,0.1,3400,100,face,3,5,0.742631435394287,8,4,0.076786831712858,0.1712958046611223,0.17404992721311405,0.05732461228299632,0.2552024579241371,0.43055651320712257
61,OnlineFPCA-sgd,0.1,3500,100,face,3,5,0.753745555877686,8,4,0.17210381109759507,0.2029700933885333,0.15856446636157612,0.052322664702476526,0.24915495144705174,0.41617632207397126
61,OnlineFPCA-sgd,0.1,3600,100,face,3,5,0.744202136993408,8,4,0.14698604012267963,0.1929385047483718,0.20612741200497567,0.04891567955374275,0.24379216446262036,0.40198054191584526
61,OnlineFPCA-sgd,0.1,3700,100,face,3,5,0.74730396270752,8,4,0.09848398376754074,0.2395070320794947,0.19425218103584913,0.047613886509494614,0.2383070783131575,0.38620856212180904
61,OnlineFPCA-sgd,0.1,3800,100,face,3,5,0.748490571975708,8,4,0.1262476203323678,0.19889033255018299,0.14525346251028834,0.0478881155760596,0.2331885397315896,0.37233057087814425
61,OnlineFPCA-sgd,0.1,3900,100,face,3,5,0.744294881820679,8,4,0.243109705059572,0.17051208594599085,0.1533625690167269,0.04573583397194805,0.2285701121542493,0.3604818095691051
61,OnlineFPCA-sgd,0.1,4000,100,face,3,5,0.748016119003296,8,4,0.04365722495962028,0.2233410961142991,0.3497484255790609,0.04365722495962028,0.2233410961142991,0.3497484255790609
61,OnlineFPCA-sgd,0.1,4100,100,face,3,5,0.748010158538818,8,4,0.3546830169032616,0.34388915711575163,0.3054351278102313,0.10595096197896833,0.2447438926295874,0.311500628277423
61,OnlineFPCA-sgd,0.1,4200,100,face,3,5,0.752182960510254,8,4,0.2011181880118138,0.22501549860523753,0.33004747450243316,0.09614601557723765,0.24644125704220007,0.3170800472942863
61,OnlineFPCA-sgd,0.1,4300,100,face,3,5,0.745855331420898,8,4,0.23280149745146395,0.23111977294552816,0.19293583598439704,0.09599686307304736,0.22411285593121213,0.2808909933697356
61,OnlineFPCA-sgd,0.1,4400,100,face,3,5,0.7404465675354,8,4,0.20761044075351284,0.2527752116778192,0.23579428621265336,0.10749747895043789,0.21253051645684795,0.25306299174563107
61,OnlineFPCA-sgd,0.1,4500,100,face,3,5,0.745423316955566,8,4,0.2457461191486039,0.2975238834706432,0.3158794723472483,0.08591279809409227,0.21686005842602707,0.22740734183391434
61,OnlineFPCA-sgd,0.1,4600,100,face,3,5,0.738576650619507,8,4,0.11049195669522184,0.369511286322422,0.1555756304492816,0.07910316417802427,0.21996945510915672,0.21556513240654387
61,OnlineFPCA-sgd,0.1,4700,100,face,3,5,0.751097202301025,8,4,0.2836985842005012,0.27788573814847767,0.22590531373525607,0.07786023974805883,0.2298621737246695,0.20443454076583772
61,OnlineFPCA-sgd,0.1,4800,100,face,3,5,0.739543676376343,8,4,0.249892477997965,0.180989640229026,0.185966750176629,0.07957138342602003,0.21890601523172104,0.2023378417222905
61,OnlineFPCA-sgd,0.1,4900,100,face,3,5,0.754820585250854,8,4,0.11378844892263922,0.16700924001393724,0.16640801561555776,0.0692279852321699,0.20329836268110543,0.1983235151305107
61,OnlineFPCA-sgd,0.1,5000,100,face,3,5,0.740673065185547,8,4,0.1081688259708249,0.2837840236831453,0.27045156349478955,0.061342329934041886,0.19680576856060816,0.18848623705659487
61,OnlineFPCA-sgd,0.1,5100,100,face,3,5,0.117836952209473,8,4,0.12682915659489097,0.15544943331931485,0.32895369233027555,0.06095432717502562,0.19164060544232525,0.18220914335080915
61,OnlineFPCA-sgd,0.1,5200,100,face,3,5,0.120720148086548,8,4,0.09670003674919907,0.17062303475904073,0.23610801280561255,0.06504548629133258,0.1880682155613493,0.17759587577924643
61,OnlineFPCA-sgd,0.1,5300,100,face,3,5,0.118750095367432,8,4,0.18316898471772788,0.1736146044684132,0.27867803771672317,0.06161800528976916,0.1833061767236484,0.1755400123117816
61,OnlineFPCA-sgd,0.1,5400,100,face,3,5,0.120728254318237,8,4,0.17987009748643165,0.1726084887800523,0.3291027038762619,0.06128093121300443,0.17735300683455696,0.18066231565955915
61,OnlineFPCA-sgd,0.1,5500,100,face,3,5,0.115005493164062,8,4,0.18067205357462335,0.15193544340176945,0.20927838599458914,0.05812283530600413,0.17450370935668638,0.18135261918689674
61,OnlineFPCA-sgd,0.1,5600,100,face,3,5,0.120156288146973,8,4,0.23545134128264655,0.16593533298141663,0.17841182184363896,0.05206822087568435,0.16986679285065115,0.17869068185435338
61,OnlineFPCA-sgd,0.1,5700,100,face,3,5,0.118109941482544,8,4,0.2583698274495312,0.1548291189101305,0.1985984956292067,0.05092643279563469,0.16701874297456853,0.17473283437096826
61,OnlineFPCA-sgd,0.1,5800,100,face,3,5,0.118150234222412,8,4,0.13508326768210918,0.20696918527774635,0.230849290705254,0.045258321763490504,0.16343551220856362,0.17437549900647087
61,OnlineFPCA-sgd,0.1,5900,100,face,3,5,0.12226390838623,8,4,0.16108270646966213,0.22097208915606667,0.25751277838156456,0.0373570063018087,0.1596641131410504,0.1764406561327461
61,OnlineFPCA-sgd,0.1,6000,100,face,3,5,0.115151643753052,8,4,0.20059416240979386,0.34618763415505605,0.2948082109046912,0.031427957433585924,0.15488322713816027,0.17843378183295858
61,OnlineFPCA-sgd,0.1,6100,100,face,3,5,0.119362592697144,8,4,0.19604321016099788,0.16676042180485937,0.28965822988369905,0.028647650123911732,0.15180617517831282,0.1811993604812353
61,OnlineFPCA-sgd,0.1,6200,100,face,3,5,0.114835739135742,8,4,0.4025604824105285,0.34863236244042584,0.2403552773784742,0.024039225216808954,0.1481704814642885,0.18225915604211387
61,OnlineFPCA-sgd,0.1,6300,100,face,3,5,0.119064331054688,8,4,0.23349788032677873,0.19629205182097348,0.2978578177942549,0.023850864313720348,0.1462740320477968,0.17960378833473417
61,OnlineFPCA-sgd,0.1,6400,100,face,3,5,0.118302345275879,8,4,0.18962483188798498,0.22463391919070974,0.25777574458468505,0.028245474804486585,0.1417448339384862,0.17662752813833354
61,OnlineFPCA-sgd,0.1,6500,100,face,3,5,0.113833904266357,8,4,0.23256754213328706,0.22480474337141987,0.16539707500070253,0.027279348451148794,0.13729278608892448,0.17457091567008481
61,OnlineFPCA-sgd,0.1,6600,100,face,3,5,0.117862939834595,8,4,0.16361022708539819,0.21048800144841542,0.14852410458814183,0.028897850502817925,0.1350056123053224,0.17186045218098878
61,OnlineFPCA-sgd,0.1,6700,100,face,3,5,0.117688894271851,8,4,0.18882844186526518,0.2993807874242269,0.10659889516854373,0.030513508918171214,0.13184405628299853,0.16703534510269002
61,OnlineFPCA-sgd,0.1,6800,100,face,3,5,0.11708664894104,8,4,0.30189411942514544,0.24801382241951014,0.15910081191299635,0.032599873167347755,0.1291394914806587,0.16224747409258186
61,OnlineFPCA-sgd,0.1,6900,100,face,3,5,0.118161201477051,8,4,0.1218007913338552,0.18289470430702118,0.1448388915348998,0.03220217196537118,0.12583352804277884,0.15815946038637904
61,OnlineFPCA-sgd,0.1,7000,100,face,3,5,0.117011785507202,8,4,0.1812665225068317,0.19963912016494637,0.18851373050248355,0.03302257310515276,0.12177788254584122,0.15353954040493453
61,OnlineFPCA-sgd,0.1,7100,100,face,3,5,0.121026754379272,8,4,0.2452040282164363,0.168307694933683,0.18965238578555416,0.033264139284663465,0.11840693975163993,0.15014427512182368
61,OnlineFPCA-sgd,0.1,7200,100,face,3,5,0.115832090377808,8,4,0.3352922939209113,0.1375399745506907,0.21445289213335572,0.03350569570680991,0.11510672416249144,0.1460176369682626
61,OnlineFPCA-sgd,0.1,7300,100,face,3,5,0.120652914047241,8,4,0.14074777621355275,0.18738595041038195,0.15807357594309468,0.03169837206099164,0.1137953188971769,0.1438031589608366
61,OnlineFPCA-sgd,0.1,7400,100,face,3,5,0.118904113769531,8,4,0.13481034863538033,0.0850228034645176,0.10753497851462501,0.031015751776569064,0.1122579315774389,0.14119479049899739
61,OnlineFPCA-sgd,0.1,7500,100,face,3,5,0.117928266525269,8,4,0.19091006906652283,0.21350210600776703,0.1583066104161056,0.030044708929551616,0.11019624452376478,0.13896061488842582
61,OnlineFPCA-sgd,0.1,7600,100,face,3,5,0.119265794754028,8,4,0.24259352132270848,0.20496885586958716,0.16526398593364097,0.029291019154262216,0.11005247058083321,0.1384223192035387
61,OnlineFPCA-sgd,0.1,7700,100,face,3,5,0.118489503860474,8,4,0.1347696975188392,0.21750868996111067,0.18893987130910334,0.029456408650830636,0.10963455927071633,0.1362146587482355
61,OnlineFPCA-sgd,0.1,7800,100,face,3,5,0.118564128875732,8,4,0.13570766651257063,0.2365620765304429,0.09357854697918262,0.02950128633935063,0.10929075482883704,0.13218093441989742
61,OnlineFPCA-sgd,0.1,7900,100,face,3,5,0.114911794662476,8,4,0.19452163091714586,0.20291536607034136,0.038786914066629805,0.02710919261075381,0.1088218023154356,0.12754501637111398
61,OnlineFPCA-sgd,0.1,8000,100,face,3,5,0.120923280715942,8,4,0.16671611266415912,0.2503855792071024,0.13187574279097788,0.02655224935534377,0.10978114025533585,0.1252627526249093
61,OnlineFPCA-sgd,0.1,8100,100,face,3,5,0.120577812194824,8,4,0.1972413266107763,0.20526696735173786,0.19150756675035235,0.02545254104605293,0.11025433841885204,0.12373902563066082
61,OnlineFPCA-sgd,0.1,8200,100,face,3,5,0.115314245223999,8,4,0.17683516960046905,0.16010284597644328,0.23609474493550414,0.026422792605166594,0.1104050893094341,0.12329628837429668
61,OnlineFPCA-sgd,0.1,8300,100,face,3,5,0.122021436691284,8,4,0.0984548351382913,0.09819446862609336,0.1612518711000919,0.0271870131607424,0.10924605046475738,0.12269903343616587
61,OnlineFPCA-sgd,0.1,8400,100,face,3,5,0.114030122756958,8,4,0.10028703990718174,0.12852783301879092,0.13094810492704795,0.027080131171886315,0.10775676076361379,0.12116748923879515
61,OnlineFPCA-sgd,0.1,8500,100,face,3,5,0.120628595352173,8,4,0.12365997957633847,0.13533885563396617,0.0666216841246327,0.02561135207259317,0.10645497422052835,0.11840057874227153
61,OnlineFPCA-sgd,0.1,8600,100,face,3,5,0.117854118347168,8,4,0.11682381895413338,0.11638826278721931,0.13089471043907694,0.025108784875695782,0.1046916428927468,0.11683806797372298
61,OnlineFPCA-sgd,0.1,8700,100,face,3,5,0.113985061645508,8,4,0.06078095379023146,0.1658223897014511,0.14870469910776596,0.02355657986492633,0.10186936496076864,0.115438658234777
61,OnlineFPCA-sgd,0.1,8800,100,face,3,5,0.121154308319092,8,4,0.11416147246493775,0.14193153277841597,0.12404309819685957,0.02375862590790438,0.09965251588483597,0.11380431790567962
61,OnlineFPCA-sgd,0.1,8900,100,face,3,5,0.116127014160156,8,4,0.20541238818479468,0.14099717296978112,0.09681959831624112,0.023609355093720894,0.09804603995272285,0.1118539458205837
61,OnlineFPCA-sgd,0.1,9000,100,face,3,5,0.11758279800415,8,4,0.18955206043422354,0.18601714469885328,0.19518457861344027,0.023324636073391053,0.09707093139248005,0.10977743185566953
61,OnlineFPCA-sgd,0.1,9100,100,face,3,5,0.114717245101929,8,4,0.2725151164458568,0.20380604461435206,0.2054933846694884,0.023350415925033067,0.09715820929614634,0.10798391124055981
61,OnlineFPCA-sgd,0.1,9200,100,face,3,5,0.117818832397461,8,4,0.15026863974767574,0.1272699655385384,0.1742662018518035,0.023681632905486624,0.09717475265025975,0.10775955162449082
61,OnlineFPCA-sgd,0.1,9300,100,face,3,5,0.122125864028931,8,4,0.2113338460256187,0.12291458327738924,0.16764246480841152,0.02448171407239857,0.09585950167544362,0.10662369204607434
61,OnlineFPCA-sgd,0.1,9400,100,face,3,5,0.114521026611328,8,4,0.1637129212738378,0.1391893241324006,0.15960335900077868,0.02636731235371905,0.09444275554682081,0.10413574285024345
61,OnlineFPCA-sgd,0.1,9500,100,face,3,5,0.116456270217896,8,4,0.21521014689816167,0.18222939570787142,0.2528990243294883,0.026637833492002945,0.09378002747785168,0.10198356020001667
61,OnlineFPCA-sgd,0.1,9600,100,face,3,5,0.116838932037354,8,4,0.09374575504980759,0.23794623201908685,0.13863637357642633,0.02688309464859964,0.09251799415232571,0.10085955888336291
61,OnlineFPCA-sgd,0.1,9700,100,face,3,5,0.116765022277832,8,4,0.23225292945164447,0.1950284020224502,0.1886353562374601,0.027416844959125667,0.09171763210198575,0.09963189269514194
61,OnlineFPCA-sgd,0.1,9800,100,face,3,5,0.118472814559937,8,4,0.2065674355921475,0.1483262510960301,0.15306676151524018,0.02809790082328688,0.08950030056074601,0.09906372288497967
61,OnlineFPCA-sgd,0.1,9900,100,face,3,5,0.118008852005005,8,4,0.1154250089713375,0.1286576247576099,0.1432979985511763,0.02857496748738026,0.08766869182869994,0.09834180251498462
61,OnlineFPCA-sgd,0.1,10000,100,face,3,5,0.126940250396729,8,4,0.10055013124202287,0.22162747240599762,0.2585914846916113,0.028172246819818034,0.08601719145157913,0.09741736981592175
61,OnlineFPCA-sgd,0.1,10100,100,face,3,5,0.114198923110962,8,4,0.10258619666048446,0.10027209794297418,0.31545021983796495,0.028545258292539517,0.08559358060321155,0.09880414448316156
61,OnlineFPCA-sgd,0.1,10200,100,face,3,5,0.119873285293579,8,4,0.05518573075906562,0.15945773243106431,0.2631668480214715,0.029131230024303414,0.08539567458161977,0.10041975664508634
61,OnlineFPCA-sgd,0.1,10300,100,face,3,5,0.117988109588623,8,4,0.13762084640264902,0.10657635820090258,0.22951322094314197,0.02902604716620078,0.0844939208438611,0.10121236407049812
61,OnlineFPCA-sgd,0.1,10400,100,face,3,5,0.114953994750977,8,4,0.14137025250738872,0.114479055668599,0.28222877350056236,0.029590850737748284,0.08264073525646304,0.10240189033700281
61,OnlineFPCA-sgd,0.1,10500,100,face,3,5,0.117949247360229,8,4,0.1392683317621945,0.13596053071074204,0.19847488995056597,0.029530946328191237,0.08111616733463617,0.10331634401346104
61,OnlineFPCA-sgd,0.1,10600,100,face,3,5,0.117899894714355,8,4,0.21047334616397995,0.12492751494309523,0.1719427705442221,0.028690728726356713,0.07967642495365836,0.10355468656549147
61,OnlineFPCA-sgd,0.1,10700,100,face,3,5,0.117004156112671,8,4,0.22277085899957202,0.10369568276683837,0.17404175117579349,0.028672409771117933,0.07885450461440431,0.10333848122567343
61,OnlineFPCA-sgd,0.1,10800,100,face,3,5,0.117918252944946,8,4,0.11053736886730911,0.15412868958217701,0.21596245493663224,0.027991604300480248,0.07863126022972006,0.10381292894209775
61,OnlineFPCA-sgd,0.1,10900,100,face,3,5,0.117579698562622,8,4,0.15754653432873167,0.15537149514810042,0.22487066514272783,0.026375701675385336,0.0787525979723545,0.10520000416641447
61,OnlineFPCA-sgd,0.1,11000,100,face,3,5,0.12334680557251,8,4,0.13886635030567016,0.27644402083530983,0.23566115398355328,0.025117699765366715,0.07870583074932719,0.1061733818185363
61,OnlineFPCA-sgd,0.1,11100,100,face,3,5,0.115209579467773,8,4,0.1633881734643719,0.1416550654521575,0.2484601738171666,0.024430590405503636,0.07948028185128662,0.10777027175858617
61,OnlineFPCA-sgd,0.1,11200,100,face,3,5,0.119058609008789,8,4,0.29746399171164306,0.2701325466077509,0.22447160667133678,0.02342638468019045,0.0795057622927726,0.10902640168274647
61,OnlineFPCA-sgd,0.1,11300,100,face,3,5,0.116657972335815,8,4,0.18920747914812916,0.14817993648216865,0.26212564999369226,0.023357829270123285,0.0803324094561384,0.10928258627006644
61,OnlineFPCA-sgd,0.1,11400,100,face,3,5,0.116850852966309,8,4,0.18758662592379202,0.18626223586943919,0.23513736697334783,0.024143950665050287,0.07944065321178409,0.10933292724963795
61,OnlineFPCA-sgd,0.1,11500,100,face,3,5,0.116982221603394,8,4,0.1988718147771344,0.19358218531147436,0.1789602462229795,0.023938584056995824,0.07878518623948964,0.10970292833824301
61,OnlineFPCA-sgd,0.1,11600,100,face,3,5,0.114151239395142,8,4,0.14546891125619202,0.19670467648979098,0.14966050227610728,0.024397349619489316,0.07905922912047511,0.10983492253146362
61,OnlineFPCA-sgd,0.1,11700,100,face,3,5,0.117050647735596,8,4,0.16860501519621615,0.26761168380174033,0.11797342449881404,0.02498229903203746,0.07907880365709626,0.1092520776481675
61,OnlineFPCA-sgd,0.1,11800,100,face,3,5,0.117857217788696,8,4,0.25263636743740214,0.23541697548313012,0.15902235471346626,0.025918252868245572,0.07916663746322931,0.10860930961384546
61,OnlineFPCA-sgd,0.1,11900,100,face,3,5,0.117385149002075,8,4,0.12263477687526907,0.18989794594194082,0.14750612832879734,0.026021827885563932,0.07890902398657226,0.10838743354141178
61,OnlineFPCA-sgd,0.1,12000,100,face,3,5,0.118315696716309,8,4,0.17388417511878398,0.1795689477363746,0.15709136701001866,0.026069748933536974,0.07784657648941774,0.10776824287576006
61,OnlineFPCA-sgd,0.1,12100,100,face,3,5,0.11445426940918,8,4,0.20578218978292281,0.16494962541775166,0.14253296194433687,0.026154196658507864,0.0768440639354432,0.10711627182688971
61,OnlineFPCA-sgd,0.1,12200,100,face,3,5,0.120280027389526,8,4,0.25931877624264354,0.11211607434000644,0.18248912486780847,0.02625260658844486,0.07568227743109607,0.1060229075255552
61,OnlineFPCA-sgd,0.1,12300,100,face,3,5,0.115320444107056,8,4,0.1306181187712631,0.1392012356733183,0.1550300582474088,0.025581471211320872,0.07518940703213184,0.10554378742532332
61,OnlineFPCA-sgd,0.1,12400,100,face,3,5,0.120957374572754,8,4,0.15103591395943708,0.06922296233882211,0.095702809674992,0.025248084034407415,0.07450290158315853,0.10509460045987702
61,OnlineFPCA-sgd,0.1,12500,100,face,3,5,0.118904113769531,8,4,0.16811872258937494,0.16780340391714038,0.13927596712467877,0.025155278480671103,0.07364903676372346,0.10468113029878075
61,OnlineFPCA-sgd,0.1,12600,100,face,3,5,0.11761736869812,8,4,0.19647680541254944,0.1722827700225363,0.14389235441764295,0.025143317545341316,0.07383015039269375,0.10466433483072203
61,OnlineFPCA-sgd,0.1,12700,100,face,3,5,0.117820024490356,8,4,0.12476625032250592,0.20284197559833556,0.16235320185576863,0.02522238179441946,0.07432299798844978,0.1040408691020692
61,OnlineFPCA-sgd,0.1,12800,100,face,3,5,0.115819215774536,8,4,0.1132841432349507,0.21053080862638504,0.10104316490665698,0.02542232518068053,0.07507669791383957,0.10282558234514659
61,OnlineFPCA-sgd,0.1,12900,100,face,3,5,0.117391109466553,8,4,0.1432222204931139,0.19454225317664242,0.07843328022963222,0.024736180742458508,0.0758751360959347,0.10149497748607322
61,OnlineFPCA-sgd,0.1,13000,100,face,3,5,0.116824388504028,8,4,0.1556835254646997,0.24153516444493245,0.11929832316212503,0.02474283761033126,0.0771062825753272,0.10089972811181577
61,OnlineFPCA-sgd,0.1,13100,100,face,3,5,0.117642641067505,8,4,0.1649879109266089,0.2043126301863566,0.15646913283303301,0.024451281690304666,0.07815806187094569,0.10053374380767147
61,OnlineFPCA-sgd,0.1,13200,100,face,3,5,0.121434211730957,8,4,0.16158953988095592,0.17055959703388113,0.19760023580628927,0.02488863602452957,0.07903724669197393,0.10045963809574114
61,OnlineFPCA-sgd,0.1,13300,100,face,3,5,0.114788293838501,8,4,0.08635149855291974,0.12687282544855755,0.1535304189106282,0.025206751296042416,0.07941905452298043,0.10040770513483908
61,OnlineFPCA-sgd,0.1,13400,100,face,3,5,0.122104406356812,8,4,0.10345901369674322,0.1430143464372202,0.13205227416663637,0.025210756191965715,0.07951850736049787,0.10006916386509973
61,OnlineFPCA-sgd,0.1,13500,100,face,3,5,0.117808818817139,8,4,0.11055298038185145,0.13611507654713498,0.07172329212114162,0.024625861794825548,0.07950368371154219,0.09918169751548472
61,OnlineFPCA-sgd,0.1,13600,100,face,3,5,0.117809534072876,8,4,0.09927704876692743,0.11197350436220305,0.130688450525031,0.024372885454421078,0.07913913420330874,0.09880772584439232
61,OnlineFPCA-sgd,0.1,13700,100,face,3,5,0.118221759796143,8,4,0.050438309242836536,0.15455919396740395,0.1510291583298885,0.02363458963047932,0.07833144620621116,0.09874239355414653
61,OnlineFPCA-sgd,0.1,13800,100,face,3,5,0.11701774597168,8,4,0.10686637328399351,0.14279740525142448,0.13852045194302667,0.02369448372920185,0.07774889792065488,0.0986291034650956
61,OnlineFPCA-sgd,0.1,13900,100,face,3,5,0.121748447418213,8,4,0.17883783742021836,0.14704082862266094,0.11082859408466088,0.023603483836245505,0.07741246988795067,0.09838519254863529
61,OnlineFPCA-sgd,0.1,14000,100,face,3,5,0.116240739822388,8,4,0.1591521141237593,0.16953551822641322,0.18491041295395905,0.023460837632438995,0.07747571180960956,0.09800544006541906
61,OnlineFPCA-sgd,0.1,14100,100,face,3,5,0.118654727935791,8,4,0.21795388581428693,0.18883197718506042,0.19629747805807865,0.023417353973421453,0.07803548455059867,0.09781916587423979
61,OnlineFPCA-sgd,0.1,14200,100,face,3,5,0.119310855865479,8,4,0.13046081585664118,0.13101473632896576,0.17233549014345595,0.02348489364386817,0.07848363727076221,0.09823208055062435
61,OnlineFPCA-sgd,0.1,14300,100,face,3,5,0.118017911911011,8,4,0.19644333613944423,0.12839271399882682,0.16666484092708064,0.023746550577071868,0.07833973848921504,0.0983648922095052
61,OnlineFPCA-sgd,0.1,14400,100,face,3,5,0.1197829246521,8,4,0.14705142268574234,0.13597150126128338,0.16138817650267084,0.024583355754644674,0.0780804319104734,0.09784064669557589
61,OnlineFPCA-sgd,0.1,14500,100,face,3,5,0.116003036499023,8,4,0.17763856762969812,0.16567808912052973,0.23060737088957065,0.024768014779624144,0.07811969534693403,0.0974404174111918
61,OnlineFPCA-sgd,0.1,14600,100,face,3,5,0.117824792861938,8,4,0.08663288833714344,0.22029073046664727,0.14505682558654243,0.02488814014021545,0.07786139433024604,0.0974059753571375
61,OnlineFPCA-sgd,0.1,14700,100,face,3,5,0.118019580841064,8,4,0.199105836573129,0.19431815666212343,0.18932598261279152,0.025124094501902162,0.07773849389387873,0.0972677550504959
61,OnlineFPCA-sgd,0.1,14800,100,face,3,5,0.118234872817993,8,4,0.19680466976685337,0.1567240325315602,0.16409126099476615,0.02543636518130493,0.0769992844317806,0.09735898566578492
61,OnlineFPCA-sgd,0.1,14900,100,face,3,5,0.121754884719849,8,4,0.12090901145511936,0.1372333940221012,0.1557295259360659,0.025867684074456818,0.07652925396516164,0.09738465311963
61,OnlineFPCA-sgd,0.1,15000,100,face,3,5,0.115606546401978,8,4,0.09756640926431417,0.2039106104306655,0.238747928275449,0.02576311326824229,0.07605296202538775,0.0973212236278718
61,OnlineFPCA-adagrad,0.1,0,100,face,3,5,2.17004084587097,3,1,1.9917709343764392,1.3570859652687575,1.3355170960124043,1.9917709343764392,1.3570859652687575,1.3355170960124043
61,OnlineFPCA-adagrad,0.1,100,100,face,3,5,0.238115072250366,3,1,1.8019494492118393,1.7872036135429892,1.6997600066980059,NA,NA,NA
61,OnlineFPCA-adagrad,0.1,200,100,face,3,5,0.231223344802856,3,1,0.46849134644664026,1.3813343745385982,1.5344759137478576,NA,NA,NA
61,OnlineFPCA-adagrad,0.1,300,100,face,3,5,0.23203444480896,3,1,1.0353554134801282,1.1572260682154842,0.8308075071075459,NA,NA,NA
61,OnlineFPCA-adagrad,0.1,400,100,face,3,5,0.229095935821533,3,1,0.8097079881957846,1.6882736251469685,1.2081971275292467,NA,NA,NA
61,OnlineFPCA-adagrad,0.1,500,100,face,3,5,0.230825424194336,3,1,0.9886274977684354,1.3111656807234449,0.7769351506532799,NA,NA,NA
61,OnlineFPCA-adagrad,0.1,600,100,face,3,5,0.228788137435913,3,1,0.9693940575548798,1.318367633169844,0.8866870894977938,NA,NA,NA
61,OnlineFPCA-adagrad,0.1,700,100,face,3,5,0.233427286148071,3,1,0.9627674457701411,1.3186161937978673,0.8863682176071199,NA,NA,NA
61,OnlineFPCA-adagrad,0.1,800,100,face,3,5,0.226729154586792,3,1,0.9584851246039576,1.3186595975744115,0.8851425938769639,NA,NA,NA
61,OnlineFPCA-adagrad,0.1,900,100,face,3,5,0.23254656791687,3,1,0.9526441273711718,1.3187185755319843,0.8813103501447115,NA,NA,NA
61,OnlineFPCA-adagrad,0.1,1000,100,face,3,5,0.227361679077148,3,1,0.9236185860605853,1.315946720000948,0.834496195733927,NA,NA,NA
61,OnlineFPCA-adagrad,0.1,1100,100,face,3,5,0.309969902038574,3,1,0.514458367898373,1.155666606346391,0.38219518133349606,0.5988702230156273,1.257021549137294,0.3959168808235287
61,OnlineFPCA-adagrad,0.1,1200,100,face,3,5,0.312873840332031,3,1,1.0520087424313593,1.1957394193087867,1.504704531736929,0.5730358901855341,0.9749069422667822,0.90283507742323
61,OnlineFPCA-adagrad,0.1,1300,100,face,3,5,0.308645009994507,3,1,0.8371124816988216,1.2267599359796477,1.4425645277683514,0.5657882489724293,1.0080557121893738,1.088724128280202
61,OnlineFPCA-adagrad,0.1,1400,100,face,3,5,0.313936710357666,3,1,0.5316082228873683,1.229970854861814,1.3482522993647184,0.5576492992780177,1.0481504983160588,1.160486939770905
61,OnlineFPCA-adagrad,0.1,1500,100,face,3,5,0.312142848968506,3,1,0.502399341995376,1.23531863611579,1.3384047987738281,0.5476252554904429,1.0784558173106764,1.2000400806513205
61,OnlineFPCA-adagrad,0.1,1600,100,face,3,5,0.308703899383545,3,1,0.5008474972199946,1.235551014141535,1.3376929662288708,0.5392087904302771,1.1007959870067028,1.2244976891783441
61,OnlineFPCA-adagrad,0.1,1700,100,face,3,5,0.321742057800293,3,1,0.49983135354877184,1.2357305297650443,1.33715104517552,0.5331907855518447,1.1176603629928177,1.2414337048002926
61,OnlineFPCA-adagrad,0.1,1800,100,face,3,5,0.309098720550537,3,1,0.4986703563388775,1.2360196697685546,1.3366494790786148,0.5286302077498409,1.1308255000349785,1.2538415825656544
61,OnlineFPCA-adagrad,0.1,1900,100,face,3,5,0.312078952789307,3,1,0.4975932981560162,1.2361418597311882,1.3360710853999118,0.5250193596069141,1.1413865683225364,1.2633097396431452
61,OnlineFPCA-adagrad,0.1,2000,100,face,3,5,0.307300806045532,3,1,0.496275213820415,1.2363233635134834,1.3355796439217809,0.5220508814523455,1.1500293787962965,1.2707555971127615
61,OnlineFPCA-adagrad,0.1,2100,100,face,3,5,0.302755355834961,3,1,1.521100938833624,0.6548716049438279,1.4130009810620598,0.5676640499961045,0.9760468585679282,1.14926812415176
61,OnlineFPCA-adagrad,0.1,2200,100,face,3,5,0.304159879684448,3,1,1.251298854510996,0.12275693020164473,1.2703365739327834,0.6435467614257508,0.8436617211348759,1.0775481217501859
61,OnlineFPCA-adagrad,0.1,2300,100,face,3,5,0.304333209991455,3,1,0.43650043165645974,0.23426499970535522,0.4436737049977313,0.665099322095454,0.7639064137979027,1.0286582640343322
61,OnlineFPCA-adagrad,0.1,2400,100,face,3,5,0.304531812667847,3,1,0.31026114719493564,0.1761595268291191,0.12885474570892022,0.6157331154339073,0.7088641721602824,0.9552240197433006
61,OnlineFPCA-adagrad,0.1,2500,100,face,3,5,0.302048921585083,3,1,0.3087073102172636,0.11999304681981776,0.260884606642802,0.564178656286966,0.6560371944240748,0.8818211479819118
61,OnlineFPCA-adagrad,0.1,2600,100,face,3,5,0.326624155044556,3,1,0.25731270924001826,0.10040266301103197,0.2608366189663158,0.5298572525844758,0.609081910323609,0.8241830794543203
61,OnlineFPCA-adagrad,0.1,2700,100,face,3,5,0.333261013031006,3,1,0.21012149581700862,0.09186809934564033,0.26095799880604714,0.5002607489123383,0.5695515812740831,0.7743863506951884
61,OnlineFPCA-adagrad,0.1,2800,100,face,3,5,0.329635381698608,3,1,0.20345057552491597,0.0970129124906757,0.25971920129582254,0.4743576547756684,0.5355248238062141,0.730984237541217
61,OnlineFPCA-adagrad,0.1,2900,100,face,3,5,0.331765174865723,3,1,0.1919488529935444,0.09567277420150246,0.2589841191005935,0.45155737307252247,0.5056989281633337,0.6929003955324917
61,OnlineFPCA-adagrad,0.1,3000,100,face,3,5,0.327904939651489,3,1,0.1795957094184006,0.09878976613210845,0.258825665274337,0.4312577459540132,0.4793826036467945,0.6591853520931676
61,OnlineFPCA-adagrad,0.1,3100,100,face,3,5,0.484746694564819,3,1,0.17047154390039287,0.09829442355299166,0.2586695141004418,0.41308836330705107,0.45590409295775663,0.6292028935143084
61,OnlineFPCA-adagrad,0.1,3200,100,face,3,5,0.330363988876343,3,1,0.15383372154977756,0.09768410697364024,0.25850131678362787,0.3966189922085073,0.43487780893508676,0.602350084613596
61,OnlineFPCA-adagrad,0.1,3300,100,face,3,5,0.325474500656128,3,1,0.14555179141225408,0.09560326693733487,0.25847606665873324,0.38162537824059994,0.4159416485157979,0.5782395031619321
61,OnlineFPCA-adagrad,0.1,3400,100,face,3,5,0.328152656555176,3,1,0.13272986772178896,0.09431461067218581,0.2576376233714113,0.3679516127028074,0.3988044152847276,0.5565252149038981
61,OnlineFPCA-adagrad,0.1,3500,100,face,3,5,0.328091621398926,3,1,0.12437973266231486,0.09301722506275775,0.25663088763717234,0.3553422834055361,0.38310156318382504,0.536799436153274
61,OnlineFPCA-adagrad,0.1,3600,100,face,3,5,0.32736611366272,3,1,0.11728707388705192,0.08460443981849573,0.25729854539680513,0.34369797048124884,0.3686835812590762,0.5188581843647891
61,OnlineFPCA-adagrad,0.1,3700,100,face,3,5,0.328882932662964,3,1,0.10992844512988102,0.08342753435391695,0.2557513153552859,0.3329025069941103,0.35544085284999943,0.502512152232069
61,OnlineFPCA-adagrad,0.1,3800,100,face,3,5,0.326534271240234,3,1,0.10536978615281356,0.07959517132366127,0.25487845808971127,0.3228576606199268,0.34317094123886804,0.48756348870220567
61,OnlineFPCA-adagrad,0.1,3900,100,face,3,5,0.329147815704346,3,1,0.10109324793499203,0.08378647509960921,0.25410696570486246,0.3134884842217236,0.33178762447153237,0.47382062226750926
61,OnlineFPCA-adagrad,0.1,4000,100,face,3,5,0.327926635742188,3,1,0.3046999091351236,0.321230213390696,0.4611579458775208,0.3046999091351236,0.321230213390696,0.4611579458775208
61,OnlineFPCA-adagrad,0.1,4100,100,face,3,5,0.332277536392212,3,1,0.2456004651802702,0.3405018282550053,0.5224125134508639,0.23525336880432252,0.33723801656832714,0.4334789103435935
61,OnlineFPCA-adagrad,0.1,4200,100,face,3,5,0.329846858978271,3,1,0.1680159543085416,0.35261536752802747,0.44049408681797797,0.18837347028949544,0.330285644337681,0.43822467676469135
61,OnlineFPCA-adagrad,0.1,4300,100,face,3,5,0.330429077148438,3,1,0.19074638239020494,0.3874264925745043,0.4422938764244513,0.13928309711585624,0.3337408511454262,0.42651250100713867
61,OnlineFPCA-adagrad,0.1,4400,100,face,3,5,0.33922290802002,3,1,0.13428914330606984,0.3782833702115622,0.4145652604425874,0.1113768811565483,0.3381388275265113,0.41195393458864227
61,OnlineFPCA-adagrad,0.1,4500,100,face,3,5,0.329565048217773,3,1,0.15364643137297895,0.39549201760464725,0.553261240490511,0.08016477965938049,0.34650949267858316,0.4147186634700961
61,OnlineFPCA-adagrad,0.1,4600,100,face,3,5,0.326272010803223,3,1,0.08486249025202058,0.4931184313877292,0.45856166365532314,0.05694752177240488,0.3531352060943963,0.4212431353528844
61,OnlineFPCA-adagrad,0.1,4700,100,face,3,5,0.325567245483398,3,1,0.16973251597450162,0.4297809299987144,0.4991736259122509,0.043385997701649914,0.36572225303940903,0.42635598833223465
61,OnlineFPCA-adagrad,0.1,4800,100,face,3,5,0.331560134887695,3,1,0.19695451132239142,0.4070761355452275,0.39364507038506963,0.03907765036871215,0.3674269974532289,0.42432341277443764
61,OnlineFPCA-adagrad,0.1,4900,100,face,3,5,0.327240228652954,3,1,0.12926409900846889,0.35828467952442766,0.37079193981574315,0.028817298432622047,0.36306420615857105,0.4153331179601949
61,OnlineFPCA-adagrad,0.1,5000,100,face,3,5,0.326813936233521,3,1,0.10067320295577133,0.43709385223278086,0.5350697161896378,0.026503705812344118,0.36073217419347003,0.4027959171662127
61,OnlineFPCA-adagrad,0.1,5100,100,face,3,5,0.129507303237915,3,1,0.10358190598250533,0.33492463803537054,0.5874878698585062,0.029075955020563024,0.3596558882243753,0.40680634732552134
61,OnlineFPCA-adagrad,0.1,5200,100,face,3,5,0.128161907196045,3,1,0.06100553352434095,0.3812864703736844,0.5617112439616669,0.03434110275563081,0.3570923341510973,0.4160752267677417
61,OnlineFPCA-adagrad,0.1,5300,100,face,3,5,0.127715826034546,3,1,0.13230976128283223,0.3482582933670794,0.503415902277866,0.03291198446675729,0.3570968875602756,0.41353982738370937
61,OnlineFPCA-adagrad,0.1,5400,100,face,3,5,0.130170583724976,3,1,0.08737971623610809,0.35795408518636596,0.5291328789870791,0.033095135013623905,0.3564451025320528,0.410936124536963
61,OnlineFPCA-adagrad,0.1,5500,100,face,3,5,0.129417657852173,3,1,0.14337112235965338,0.37517880715923374,0.3953085077964126,0.03199811765942706,0.35617594859057156,0.4108229134865345
61,OnlineFPCA-adagrad,0.1,5600,100,face,3,5,0.128084421157837,3,1,0.17965124859074866,0.34376034596410404,0.3879839334689951,0.03185290919580649,0.35508357306677457,0.4088698909795237
61,OnlineFPCA-adagrad,0.1,5700,100,face,3,5,0.128082036972046,3,1,0.17219836224584817,0.3170295782960592,0.3364736746104338,0.03281220742099229,0.3531272823510093,0.4030052186220496
61,OnlineFPCA-adagrad,0.1,5800,100,face,3,5,0.126986265182495,3,1,0.0990298412637219,0.3292418081201654,0.4268227531337302,0.030043114281654616,0.34838900138412576,0.3999448360338244
61,OnlineFPCA-adagrad,0.1,5900,100,face,3,5,0.12993860244751,3,1,0.14936240176433546,0.2781789246834521,0.36431364081100476,0.02414252671818285,0.34037479848216196,0.39874023431916905
61,OnlineFPCA-adagrad,0.1,6000,100,face,3,5,0.127599477767944,3,1,0.10178261588274631,0.42632090951632073,0.3613159720564386,0.019292340278822102,0.3329409488420416,0.3917094592610361
61,OnlineFPCA-adagrad,0.1,6100,100,face,3,5,0.127490043640137,3,1,0.13691965317372043,0.25572163182103563,0.4045750325161155,0.01696613452510043,0.3275498579324501,0.38819144783324433
61,OnlineFPCA-adagrad,0.1,6200,100,face,3,5,0.127780675888062,3,1,0.15499953671769862,0.39134530335668044,0.41090019717387694,0.012454668970891704,0.32182844392034743,0.38362524834251904
61,OnlineFPCA-adagrad,0.1,6300,100,face,3,5,0.126633405685425,3,1,0.12833037652212081,0.21756904076492864,0.5915735134089664,0.011004306323977643,0.31737557291931384,0.3769122219557814
61,OnlineFPCA-adagrad,0.1,6400,100,face,3,5,0.127362251281738,3,1,0.1886090189486467,0.2568788251309185,0.55693905693007,0.014787599126316327,0.30997667252880184,0.3708659361769003
61,OnlineFPCA-adagrad,0.1,6500,100,face,3,5,0.128536939620972,3,1,0.15996624636126516,0.3081286541566198,0.37600938657476435,0.015114782595217733,0.3050975747103192,0.3667718822595442
61,OnlineFPCA-adagrad,0.1,6600,100,face,3,5,0.128700017929077,3,1,0.134065899335887,0.2575102074493578,0.3130373432953365,0.01470180374634513,0.30121448319275984,0.3620778514168368
61,OnlineFPCA-adagrad,0.1,6700,100,face,3,5,0.12445592880249,3,1,0.1677714671062987,0.32250983545714407,0.2915689448401726,0.017775315748119497,0.2967797730546391,0.353622015231535
61,OnlineFPCA-adagrad,0.1,6800,100,face,3,5,0.126374244689941,3,1,0.19866579350252134,0.2912729128010085,0.22838866646836672,0.02047070532015585,0.2930203332069349,0.3451347528355995
61,OnlineFPCA-adagrad,0.1,6900,100,face,3,5,0.127485990524292,3,1,0.10996157984463287,0.2485150284253099,0.2604137307596548,0.022002023889297166,0.2891479316152053,0.3385938174141832
61,OnlineFPCA-adagrad,0.1,7000,100,face,3,5,0.270986318588257,3,1,0.14829820581296763,0.2527169948157547,0.2750314535983431,0.024165314745617325,0.28364871351812954,0.33119007518424814
61,OnlineFPCA-adagrad,0.1,7100,100,face,3,5,0.110943078994751,3,1,0.17176792353214798,0.18898829759211502,0.17925214404905862,0.025425964122016014,0.27808551867382364,0.32215433706831437
61,OnlineFPCA-adagrad,0.1,7200,100,face,3,5,0.113430500030518,3,1,0.1609364407401268,0.14475143532017554,0.22494685030092978,0.026913730916795747,0.2724482785491665,0.31324939640248856
61,OnlineFPCA-adagrad,0.1,7300,100,face,3,5,0.111096858978271,3,1,0.10666221504596915,0.15583611366743022,0.2859345498714571,0.027135683406296202,0.2670569597264193,0.3073013274530614
61,OnlineFPCA-adagrad,0.1,7400,100,face,3,5,0.108827352523804,3,1,0.14303948576082418,0.1328844292113226,0.16673663102531958,0.026833532805769254,0.26156533555163447,0.30297203851824295
61,OnlineFPCA-adagrad,0.1,7500,100,face,3,5,0.113903522491455,3,1,0.1471276022965368,0.20249915662193746,0.20571992653548776,0.025476660925108675,0.25581542611928715,0.2970512761606831
61,OnlineFPCA-adagrad,0.1,7600,100,face,3,5,0.111158132553101,3,1,0.118535284743928,0.25822042507834514,0.20540813495594484,0.024457148606694293,0.2513134523140719,0.29159239192461495
61,OnlineFPCA-adagrad,0.1,7700,100,face,3,5,0.111867189407349,3,1,0.138135415759145,0.29759284844119266,0.22242356372850705,0.024042123802048117,0.24890616215607056,0.287221426003313
61,OnlineFPCA-adagrad,0.1,7800,100,face,3,5,0.111073017120361,3,1,0.0977862959243777,0.2828405545743428,0.19313964283322432,0.02363167011797192,0.24750517922881063,0.2829471548424722
61,OnlineFPCA-adagrad,0.1,7900,100,face,3,5,0.110939979553223,3,1,0.0875667888372911,0.24544379063137498,0.15596902307636187,0.02110237292828816,0.24563031668561092,0.279393289939898
61,OnlineFPCA-adagrad,0.1,8000,100,face,3,5,0.112279176712036,3,1,0.140398657841025,0.2930636118458043,0.20346295806808795,0.019623853848189036,0.2432326448979791,0.27600932630875585
61,OnlineFPCA-adagrad,0.1,8100,100,face,3,5,0.116106986999512,3,1,0.11850479025735967,0.22849682772869712,0.2328220572434453,0.01830079687403839,0.24108271577520965,0.272372361764953
61,OnlineFPCA-adagrad,0.1,8200,100,face,3,5,0.11152458190918,3,1,0.14054803850876624,0.20623819982541294,0.30988674088025153,0.01899629795214341,0.23899624876158024,0.268413720933441
61,OnlineFPCA-adagrad,0.1,8300,100,face,3,5,0.109551906585693,3,1,0.08236859115207251,0.1706232754911506,0.2294692092587363,0.01982038092063975,0.23733079365962692,0.2652493156106703
61,OnlineFPCA-adagrad,0.1,8400,100,face,3,5,0.112584829330444,3,1,0.08719161132433151,0.18690210162444873,0.2180581700552333,0.02032188674575848,0.23550706428733909,0.26255171254611864
61,OnlineFPCA-adagrad,0.1,8500,100,face,3,5,0.113359212875366,3,1,0.09293333584615232,0.15909193051325626,0.1452263268340081,0.01919775873140335,0.2329067602974594,0.25869924880114453
61,OnlineFPCA-adagrad,0.1,8600,100,face,3,5,0.112529993057251,3,1,0.05913561554187577,0.13087918828599418,0.20606565165634566,0.017932167861461127,0.22966121649104906,0.25571086916762287
61,OnlineFPCA-adagrad,0.1,8700,100,face,3,5,0.114257097244263,3,1,0.07274654316054154,0.18860084281199294,0.24284295033983497,0.01628346411243046,0.2267582141036587,0.25379632827947585
61,OnlineFPCA-adagrad,0.1,8800,100,face,3,5,0.112854957580566,3,1,0.0926098089747209,0.17702743800759094,0.2092448341306333,0.0165654725978749,0.2242652629856108,0.2517241113156817
61,OnlineFPCA-adagrad,0.1,8900,100,face,3,5,0.111765146255493,3,1,0.11606648146450858,0.16999347107787482,0.20090433453086048,0.01650556056923377,0.2218524368613852,0.24932922648200112
61,OnlineFPCA-adagrad,0.1,9000,100,face,3,5,0.112409591674805,3,1,0.08403999245655715,0.1891108549905167,0.3044581747051141,0.016215991604112308,0.21995173918333008,0.24681006971847189
61,OnlineFPCA-adagrad,0.1,9100,100,face,3,5,0.113797903060913,3,1,0.1218552504246889,0.22877180131352434,0.31182382299133843,0.01606820028527054,0.21784254678049222,0.24491769357483167
61,OnlineFPCA-adagrad,0.1,9200,100,face,3,5,0.112388134002686,3,1,0.09781549133054393,0.12869189903879644,0.2704349133935974,0.016103691161409337,0.2150186213942907,0.24339366393101514
61,OnlineFPCA-adagrad,0.1,9300,100,face,3,5,0.112119913101196,3,1,0.16477542295743564,0.13679089671232458,0.24382965931091588,0.016440438740092576,0.21264528730097174,0.24252476868250628
61,OnlineFPCA-adagrad,0.1,9400,100,face,3,5,0.112005949020386,3,1,0.1250240918066263,0.14125214055661792,0.228448594891491,0.018052923153627495,0.21034802919625856,0.24069685460375717
61,OnlineFPCA-adagrad,0.1,9500,100,face,3,5,0.112771511077881,3,1,0.11156819642252214,0.17564548829315677,0.3240114821671541,0.018339620059133564,0.2085273413090147,0.23935210138774232
61,OnlineFPCA-adagrad,0.1,9600,100,face,3,5,0.115186214447021,3,1,0.08026460816236819,0.25538394140870985,0.17624307257871638,0.018171032484903468,0.20652408474666786,0.23776497602544708
61,OnlineFPCA-adagrad,0.1,9700,100,face,3,5,0.114098072052002,3,1,0.13343781428462503,0.21859847591133263,0.25319578078481436,0.018227470398200784,0.20471682533709057,0.23598849113002845
61,OnlineFPCA-adagrad,0.1,9800,100,face,3,5,0.112375497817993,3,1,0.18531213995780438,0.18271945749747762,0.177674528294485,0.018559502011048026,0.20257040208471852,0.23435511555690453
61,OnlineFPCA-adagrad,0.1,9900,100,face,3,5,0.113877534866333,3,1,0.12022156457968483,0.166739395102321,0.19108814761507473,0.01947650551914017,0.20106768611514242,0.23306798486968439
61,OnlineFPCA-adagrad,0.1,10000,100,face,3,5,0.109638214111328,3,1,0.09987210348375695,0.2469427660325203,0.35202973146723837,0.01914146409106217,0.19946599323544442,0.23171126423180108
61,OnlineFPCA-adagrad,0.1,10100,100,face,3,5,0.111835479736328,3,1,0.09510882536040893,0.10228440489760902,0.41649670938232636,0.019526561839756873,0.1979725525796776,0.23256934631424941
61,OnlineFPCA-adagrad,0.1,10200,100,face,3,5,0.116550445556641,3,1,0.07394686456458222,0.1808593421770209,0.3479865371983268,0.020155523149536465,0.19616494427845627,0.23357315406975807
61,OnlineFPCA-adagrad,0.1,10300,100,face,3,5,0.115229845046997,3,1,0.09978752108450775,0.1505877526943477,0.33589168857180246,0.020129939345673836,0.1943792943879917,0.23222675450823002
61,OnlineFPCA-adagrad,0.1,10400,100,face,3,5,0.112446784973145,3,1,0.07435387876954758,0.15066511957568288,0.3948841962191063,0.020594970677519017,0.19233877761980747,0.23033268095595066
61,OnlineFPCA-adagrad,0.1,10500,100,face,3,5,0.114274263381958,3,1,0.09869609407285737,0.1825777284890893,0.21609525470723515,0.02057804523813942,0.1904749064286974,0.2291204963685263
61,OnlineFPCA-adagrad,0.1,10600,100,face,3,5,0.113398313522339,3,1,0.15293289121989107,0.140624957813023,0.1837618547302507,0.01995154533895822,0.18886344787859607,0.22810768436813073
61,OnlineFPCA-adagrad,0.1,10700,100,face,3,5,0.113569736480713,3,1,0.142258763549783,0.131222631634678,0.18430295614739806,0.019930890040956193,0.18726033241955115,0.2264699214829909
61,OnlineFPCA-adagrad,0.1,10800,100,face,3,5,0.112804174423218,3,1,0.06664054519818596,0.1880151948337615,0.2595926504284885,0.0200112930845136,0.18550896982208867,0.22512791497850257
61,OnlineFPCA-adagrad,0.1,10900,100,face,3,5,0.119163990020752,3,1,0.13089001426004476,0.1735303968620761,0.2621115047991165,0.018874160623165475,0.18349035626810112,0.22500433865736746
61,OnlineFPCA-adagrad,0.1,11000,100,face,3,5,0.277411937713623,3,1,0.09422429246201927,0.2944577405769633,0.2565854012158437,0.017840606376706508,0.18176967645105022,0.22389265989063958
61,OnlineFPCA-adagrad,0.1,11100,100,face,3,5,0.130094051361084,3,1,0.10550547296283373,0.16133486714774795,0.2742645773280974,0.017272413799646648,0.18073602133434613,0.22347997724412655
61,OnlineFPCA-adagrad,0.1,11200,100,face,3,5,0.12649941444397,3,1,0.11068578919490894,0.286977634001068,0.2716902749996215,0.016613786772805887,0.17926847450595523,0.2229516129358804
61,OnlineFPCA-adagrad,0.1,11300,100,face,3,5,0.127576112747192,3,1,0.0947364717567552,0.15486279434446648,0.42496239019547155,0.016480138027932047,0.1784071873811942,0.22194698212274205
61,OnlineFPCA-adagrad,0.1,11400,100,face,3,5,0.127974987030029,3,1,0.1646688779968686,0.1905176879412908,0.37498688417068926,0.017135304070107483,0.17654185800287295,0.22109156304088678
61,OnlineFPCA-adagrad,0.1,11500,100,face,3,5,0.126942873001099,3,1,0.13104442431328867,0.20247361556847407,0.20805159954815391,0.017420147133522898,0.1753538130890678,0.2203325604244407
61,OnlineFPCA-adagrad,0.1,11600,100,face,3,5,0.124841213226318,3,1,0.11793839958546047,0.19039212715813675,0.2028947347271898,0.01779163683000389,0.1744739856050515,0.2192297940182392
61,OnlineFPCA-adagrad,0.1,11700,100,face,3,5,0.128105163574219,3,1,0.15011699876240733,0.2551426443459831,0.17501821464783082,0.018695541930543708,0.173493840461194,0.21727216303048139
61,OnlineFPCA-adagrad,0.1,11800,100,face,3,5,0.127348661422729,3,1,0.17171819087430956,0.22564127488484612,0.15080214703143996,0.02008137678116924,0.17268699118730435,0.21514692887385334
61,OnlineFPCA-adagrad,0.1,11900,100,face,3,5,0.127355337142944,3,1,0.1071668754670748,0.19708007952952902,0.186076723529981,0.020711737985144012,0.17185837252896813,0.21361791554890164
61,OnlineFPCA-adagrad,0.1,12000,100,face,3,5,0.126857995986938,3,1,0.13638229573709268,0.1893287843100972,0.21460874351512574,0.02103861401184121,0.17027264619416246,0.21177302040070273
61,OnlineFPCA-adagrad,0.1,12100,100,face,3,5,0.128225564956665,3,1,0.16019638917926632,0.15269594534619915,0.13561724755827595,0.02112729024832006,0.16858942781871242,0.20931046163490805
61,OnlineFPCA-adagrad,0.1,12200,100,face,3,5,0.127433061599731,3,1,0.1362369993058542,0.09327970787891426,0.18183586892172054,0.02144328959629811,0.16680886049095836,0.20662128867060658
61,OnlineFPCA-adagrad,0.1,12300,100,face,3,5,0.130425691604614,3,1,0.10094974181909135,0.1214865720283348,0.22690326311749853,0.021133317796210794,0.16514012898748437,0.20486849428295528
61,OnlineFPCA-adagrad,0.1,12400,100,face,3,5,0.128719091415405,3,1,0.1311423629592,0.07274747498968466,0.12403555237207022,0.020958329318420753,0.16328441867360644,0.20363255885593287
61,OnlineFPCA-adagrad,0.1,12500,100,face,3,5,0.129144668579102,3,1,0.13061044509805383,0.15810603148319588,0.15567362440821086,0.02095960923744866,0.1613663955082945,0.20184529174164692
61,OnlineFPCA-adagrad,0.1,12600,100,face,3,5,0.127266883850098,3,1,0.10756667754827784,0.19747336881472866,0.15582681404879603,0.02103346618995523,0.1600986146570416,0.20013831549472863
61,OnlineFPCA-adagrad,0.1,12700,100,face,3,5,0.127156257629395,3,1,0.12621695924094373,0.23434947062721498,0.17192426032444655,0.02112097923403986,0.15956498139245426,0.1984630525935562
61,OnlineFPCA-adagrad,0.1,12800,100,face,3,5,0.126598596572876,3,1,0.09050309155972598,0.2239647365515819,0.12748219564052496,0.021365207608484114,0.15943488818408186,0.19671034978060872
61,OnlineFPCA-adagrad,0.1,12900,100,face,3,5,0.12844181060791,3,1,0.07406382905119245,0.20801538337684244,0.0957579483399452,0.020713623669280996,0.1592834443660302,0.19524427157712637
61,OnlineFPCA-adagrad,0.1,13000,100,face,3,5,0.126815795898438,3,1,0.1220795390058527,0.26307469330662875,0.1464727411966474,0.020432634043798668,0.15899595380725032,0.19407002778018143
61,OnlineFPCA-adagrad,0.1,13100,100,face,3,5,0.127602338790894,3,1,0.10056792623307569,0.20399128054595814,0.18402436814877432,0.020079036972546236,0.15868640588186989,0.1928569576291891
61,OnlineFPCA-adagrad,0.1,13200,100,face,3,5,0.127359390258789,3,1,0.12857371457179514,0.17979900548227098,0.25377897129778276,0.020416215869977914,0.15833457570329107,0.19156960350932284
61,OnlineFPCA-adagrad,0.1,13300,100,face,3,5,0.124784708023071,3,1,0.08120056121199148,0.13868343349366907,0.18238071091289101,0.020828141923414496,0.15806785585164446,0.19052310669941805
61,OnlineFPCA-adagrad,0.1,13400,100,face,3,5,0.13132643699646,3,1,0.08408497071688642,0.15377776678950822,0.16753521807906097,0.02095898968817027,0.15769967642200894,0.1895579717829192
61,OnlineFPCA-adagrad,0.1,13500,100,face,3,5,0.127131700515747,3,1,0.08277392086637021,0.14089044092720748,0.10676790810421914,0.02058210737557684,0.15706938847922297,0.18814996411874907
61,OnlineFPCA-adagrad,0.1,13600,100,face,3,5,0.128704071044922,3,1,0.05022847176041962,0.1008657452263712,0.17462452045261634,0.020141699454262293,0.15613462073893208,0.1871701168653845
61,OnlineFPCA-adagrad,0.1,13700,100,face,3,5,0.127455949783325,3,1,0.06867897847106325,0.15639465026106014,0.2028493890491212,0.019437581789580938,0.1552464789317633,0.18677613096276147
61,OnlineFPCA-adagrad,0.1,13800,100,face,3,5,0.127554893493652,3,1,0.07824759324556815,0.14713864114615624,0.17215286545713615,0.019424793526643787,0.15454405954021072,0.1863204838707623
61,OnlineFPCA-adagrad,0.1,13900,100,face,3,5,0.129142045974731,3,1,0.09945380622145113,0.1496643053545792,0.15701135671851246,0.019356163408729445,0.1538685898403847,0.18576184156995457
61,OnlineFPCA-adagrad,0.1,14000,100,face,3,5,0.131224870681763,3,1,0.0710549323760369,0.16107546607695514,0.25629056497376024,0.019165845447089165,0.153434940648458,0.18505032153683676
61,OnlineFPCA-adagrad,0.1,14100,100,face,3,5,0.128392219543457,3,1,0.09914090452517497,0.19781106943018137,0.2711099240652635,0.019057994008359398,0.15302374930731347,0.18468074417370386
61,OnlineFPCA-adagrad,0.1,14200,100,face,3,5,0.125174760818481,3,1,0.09030025750283896,0.12455598038588564,0.24052353205977892,0.019007081467727123,0.15232802362568276,0.18460515918491846
61,OnlineFPCA-adagrad,0.1,14300,100,face,3,5,0.12852144241333,3,1,0.1486606198402686,0.12445473108642892,0.21768759770102114,0.019118491520825193,0.151651513311545,0.18468077346524012
61,OnlineFPCA-adagrad,0.1,14400,100,face,3,5,0.131059885025024,3,1,0.1200414930913666,0.12460206209292396,0.21227414249047408,0.019822817792666928,0.150943698852075,0.18420199271272275
61,OnlineFPCA-adagrad,0.1,14500,100,face,3,5,0.128613471984863,3,1,0.09061597716308774,0.15267365558819534,0.2813195962968459,0.02003966352240172,0.15045216238531398,0.18385794183896048
61,OnlineFPCA-adagrad,0.1,14600,100,face,3,5,0.131718635559082,3,1,0.07423578704624609,0.22382748616369064,0.1511076283023839,0.020085723341506084,0.14980659789991832,0.18338780975721122
61,OnlineFPCA-adagrad,0.1,14700,100,face,3,5,0.12866473197937,3,1,0.11537158223740941,0.20035842711499505,0.22138117579253774,0.020201110631616573,0.14921192872691663,0.1827719884343896
61,OnlineFPCA-adagrad,0.1,14800,100,face,3,5,0.128669261932373,3,1,0.17465922921682364,0.1662830946791439,0.16416156329826798,0.02040351372918585,0.14838289756618941,0.18228637890045865
61,OnlineFPCA-adagrad,0.1,14900,100,face,3,5,0.127602338790894,3,1,0.11528396475700682,0.15440125001125934,0.17737094192051261,0.020916808011022456,0.1479231785613587,0.18199787020342956
61,OnlineFPCA-adagrad,0.1,15000,100,face,3,5,0.129768133163452,3,1,0.09747862924496327,0.21773881089878777,0.3082484035716359,0.02079254379553241,0.14741738051154174,0.18168703119355106
61,OnlineFPCA-adagrad,0.1,0,100,face,3,5,2.17004084587097,4,1,0.14005815040825267,1.3570859652687575,1.5276902125923724,0.14005815040825267,1.3570859652687575,1.5276902125923724
61,OnlineFPCA-adagrad,0.1,100,100,face,3,5,0.294344186782837,4,1,0.9054950398125942,1.6276670259284634,1.6393720707589743,NA,NA,NA
61,OnlineFPCA-adagrad,0.1,200,100,face,3,5,0.29460620880127,4,1,0.710990896812174,1.5816537437151916,1.1175956309244082,NA,NA,NA
61,OnlineFPCA-adagrad,0.1,300,100,face,3,5,0.29076886177063,4,1,1.0902672952042263,1.7475062946170932,1.3573192726932726,NA,NA,NA
61,OnlineFPCA-adagrad,0.1,400,100,face,3,5,0.29297399520874,4,1,1.0048878953783544,1.6928779858223437,1.3987509126113604,NA,NA,NA
61,OnlineFPCA-adagrad,0.1,500,100,face,3,5,0.293593406677246,4,1,0.8733993034582456,0.7282139344093947,0.31328895965730963,NA,NA,NA
61,OnlineFPCA-adagrad,0.1,600,100,face,3,5,0.299523115158081,4,1,0.8595841568663793,0.7304735773616742,0.3131384960985256,NA,NA,NA
61,OnlineFPCA-adagrad,0.1,700,100,face,3,5,0.292924880981445,4,1,0.8381801770511366,0.7266913812213875,0.3123165050100074,NA,NA,NA
61,OnlineFPCA-adagrad,0.1,800,100,face,3,5,0.297391891479492,4,1,0.8129876133295076,0.7105491328192823,0.3077583997855464,NA,NA,NA
61,OnlineFPCA-adagrad,0.1,900,100,face,3,5,0.296629905700684,4,1,0.7521691235443582,0.6630039286217688,0.3023243875381014,NA,NA,NA
61,OnlineFPCA-adagrad,0.1,1000,100,face,3,5,0.293416023254395,4,1,0.598752717758133,0.553066346480102,0.29164230184815493,NA,NA,NA
61,OnlineFPCA-adagrad,0.1,1100,100,face,3,5,0.408922910690308,4,1,0.4077343694832678,0.4294549941482412,0.3069618802120739,0.4403659020371136,0.45149488495180257,0.2935043482819532
61,OnlineFPCA-adagrad,0.1,1200,100,face,3,5,0.416050672531128,4,1,0.3663986895283974,0.41114071007169983,0.3143244903527422,0.40934199124210263,0.4315414280899846,0.2944222400854166
61,OnlineFPCA-adagrad,0.1,1300,100,face,3,5,0.407264471054077,4,1,0.615838675555507,0.43106252876101564,0.44793006407569336,0.3904454080374274,0.42373456302558565,0.29083360594296603
61,OnlineFPCA-adagrad,0.1,1400,100,face,3,5,0.400228500366211,4,1,0.41864612625099995,0.4160531122562457,0.3652689110160606,0.38433429382000134,0.42330740532387184,0.29539092771548536
61,OnlineFPCA-adagrad,0.1,1500,100,face,3,5,0.397630453109741,4,1,0.46747184186828133,0.40678014871493423,0.3858340103657146,0.38205873860871975,0.41832016265355576,0.3035701251877853
61,OnlineFPCA-adagrad,0.1,1600,100,face,3,5,0.40289306640625,4,1,0.39082656599546783,0.39460160188989046,0.3557025724107802,0.38087529934643355,0.4141992163305517,0.3097154066483614
61,OnlineFPCA-adagrad,0.1,1700,100,face,3,5,0.405115604400635,4,1,0.38770239639166243,0.39287880037995476,0.35417477979676515,0.3802946271206727,0.41107349299756046,0.31465021342651683
61,OnlineFPCA-adagrad,0.1,1800,100,face,3,5,0.405529022216797,4,1,0.38398617525984613,0.3908037088968353,0.35266834300442645,0.37981022205471937,0.40849385314218567,0.31854864279462
61,OnlineFPCA-adagrad,0.1,1900,100,face,3,5,0.396837949752808,4,1,0.3798724568125131,0.3875637592954666,0.35034546977275005,0.3793590789610651,0.4062079399767202,0.32171192632752443
61,OnlineFPCA-adagrad,0.1,2000,100,face,3,5,0.407340526580811,4,1,0.37642519482087633,0.3848692358952721,0.3459922538329618,0.3787309895746334,0.4040830902674699,0.32395609996214453
61,OnlineFPCA-adagrad,0.1,2100,100,face,3,5,0.398415803909302,4,1,0.3814812882091462,0.367394749582619,0.33410023189747773,0.3702608076053777,0.3969392001629987,0.3278330999964996
61,OnlineFPCA-adagrad,0.1,2200,100,face,3,5,0.391006231307983,4,1,0.42535519793068477,0.38412008952595916,0.465729733677972,0.34985920912390384,0.38076168170771363,0.32535496136209013
61,OnlineFPCA-adagrad,0.1,2300,100,face,3,5,0.410242795944214,4,1,0.21589458196196282,0.29997641824482246,0.3362889034964869,0.33453634570957025,0.3687912415523829,0.32622678492276225
61,OnlineFPCA-adagrad,0.1,2400,100,face,3,5,0.394716739654541,4,1,0.2399267478687005,0.30815614003241393,0.30090858813339333,0.310171944991755,0.3498854372378342,0.3140208840778112
61,OnlineFPCA-adagrad,0.1,2500,100,face,3,5,0.395544767379761,4,1,0.2546607660796829,0.44699060674636026,0.32534352998724986,0.28256624700689903,0.332395717386569,0.3028714034043396
61,OnlineFPCA-adagrad,0.1,2600,100,face,3,5,0.427307605743408,4,1,0.1301319521587228,0.35593945842515673,0.33098716100280595,0.25730004551236196,0.3207555288240422,0.3032766856620234
61,OnlineFPCA-adagrad,0.1,2700,100,face,3,5,0.434315919876099,4,1,0.1503227593490005,0.2934281318799395,0.3355093323075832,0.23803219741417544,0.31043558777684765,0.3007553949258108
61,OnlineFPCA-adagrad,0.1,2800,100,face,3,5,0.432190895080566,4,1,0.14830768335651368,0.3552961779461614,0.22273874682040884,0.22011222596520424,0.3011084732083236,0.29038478000197515
61,OnlineFPCA-adagrad,0.1,2900,100,face,3,5,0.430233001708984,4,1,0.12682639921431144,0.28515143184130404,0.23172226597463283,0.20295115193696617,0.2888783911812756,0.27859839956193244
61,OnlineFPCA-adagrad,0.1,3000,100,face,3,5,0.430002927780151,4,1,0.16723082481203627,0.33370213103007745,0.317433518721907,0.18828135534763907,0.2813264291522762,0.271149818655718
61,OnlineFPCA-adagrad,0.1,3100,100,face,3,5,0.433692455291748,4,1,0.13310431789760724,0.2575982606307049,0.36986278625315916,0.1778937276717693,0.2741387568340768,0.2661752517616791
61,OnlineFPCA-adagrad,0.1,3200,100,face,3,5,0.429765462875366,4,1,0.15576134713071474,0.20471901339005108,0.4336801286626837,0.16859370938733026,0.26890413567837074,0.2639591279027162
61,OnlineFPCA-adagrad,0.1,3300,100,face,3,5,0.582076787948608,4,1,0.0939763581408547,0.09072251222928691,0.22523665606327875,0.15985843220403895,0.26142185396864437,0.2602105519563441
61,OnlineFPCA-adagrad,0.1,3400,100,face,3,5,0.429125070571899,4,1,0.09257362628306838,0.11989430610739954,0.23148008360269715,0.1540351393815516,0.25378369709465126,0.2539680540660577
61,OnlineFPCA-adagrad,0.1,3500,100,face,3,5,0.427662372589111,4,1,0.10787266922926272,0.20238214080539302,0.22764400564895432,0.14607483267913202,0.24605850073203125,0.24479907366211723
61,OnlineFPCA-adagrad,0.1,3600,100,face,3,5,0.424134254455566,4,1,0.08601104328514173,0.17338789874232802,0.2810507722620244,0.13832370201199926,0.23977006829947625,0.24020165284585332
61,OnlineFPCA-adagrad,0.1,3700,100,face,3,5,0.424114942550659,4,1,0.08377075011122946,0.24832888383810026,0.2879964758820233,0.13335111764187335,0.23478763944008907,0.2346356563812584
61,OnlineFPCA-adagrad,0.1,3800,100,face,3,5,0.43070650100708,4,1,0.11724279810538188,0.24100271375335827,0.2596138989918478,0.12916754124788768,0.23184806456799248,0.22805702159983254
61,OnlineFPCA-adagrad,0.1,3900,100,face,3,5,0.426027297973633,4,1,0.1462283990435329,0.2325558867484684,0.3082725105765399,0.12383213664082628,0.23002294922443076,0.22237446070632802
61,OnlineFPCA-adagrad,0.1,4000,100,face,3,5,0.429947137832642,4,1,0.11945219439104224,0.22714929865480882,0.2173175928945508,0.11945219439104224,0.22714929865480882,0.2173175928945508
61,OnlineFPCA-adagrad,0.1,4100,100,face,3,5,0.428154945373535,4,1,0.21146856702711575,0.3074991706222168,0.26781189452132653,0.1271062484789203,0.24101850542532788,0.2056994037722823
61,OnlineFPCA-adagrad,0.1,4200,100,face,3,5,0.428535223007202,4,1,0.1616144754607851,0.20499321178517413,0.31969038225020213,0.10860810771217146,0.23796320248655742,0.24292320902897951
61,OnlineFPCA-adagrad,0.1,4300,100,face,3,5,0.427730798721313,4,1,0.19716821166390083,0.16146612564128113,0.23286229938163097,0.09941788495525461,0.20025448715839053,0.21576331607900803
61,OnlineFPCA-adagrad,0.1,4400,100,face,3,5,0.423302888870239,4,1,0.14293432279805968,0.18311615959793126,0.28876766278256233,0.09856254503609738,0.17206774479791914,0.18367105299465453
61,OnlineFPCA-adagrad,0.1,4500,100,face,3,5,0.428530216217041,4,1,0.1623503814960152,0.22940798987306846,0.4504135094232588,0.07459251658594347,0.16851469635789562,0.17918831213411737
61,OnlineFPCA-adagrad,0.1,4600,100,face,3,5,0.428149938583374,4,1,0.0831741322881969,0.3149987169040166,0.20963635284909185,0.05607767800433959,0.1662468904105093,0.1888401653449722
61,OnlineFPCA-adagrad,0.1,4700,100,face,3,5,0.426107168197632,4,1,0.18387435509366404,0.26026568663797167,0.2980151623306247,0.0508434548331937,0.17548410878997325,0.18750356761064665
61,OnlineFPCA-adagrad,0.1,4800,100,face,3,5,0.425143718719482,4,1,0.2067415238629421,0.16746449453279272,0.17947509491500682,0.05422524474155692,0.16454797050616785,0.18701799981223774
61,OnlineFPCA-adagrad,0.1,4900,100,face,3,5,0.430919408798218,4,1,0.11440584353839613,0.1621710826957309,0.2039975060922541,0.05143276283986743,0.1490707000660506,0.18036286766424245
61,OnlineFPCA-adagrad,0.1,5000,100,face,3,5,0.428474903106689,4,1,0.10583504827563353,0.28468643769201674,0.4111063107034732,0.0443521131889647,0.14459274187707127,0.16719936742436511
61,OnlineFPCA-adagrad,0.1,5100,100,face,3,5,0.13061261177063,4,1,0.1089131899985516,0.09887797008468387,0.46652036809660025,0.04560408413437032,0.14028556103421821,0.17406585208063924
61,OnlineFPCA-adagrad,0.1,5200,100,face,3,5,0.127201318740845,4,1,0.06479573448363739,0.1695725406439484,0.3659495053587046,0.05032771007642382,0.13468617194778554,0.1830563978550244
61,OnlineFPCA-adagrad,0.1,5300,100,face,3,5,0.127974510192871,4,1,0.12746258061760463,0.1540687845613904,0.415214813069292,0.04753298476128778,0.12827088044703455,0.177630487420366
61,OnlineFPCA-adagrad,0.1,5400,100,face,3,5,0.124447822570801,4,1,0.08487127008333695,0.1437118165599926,0.441555059988319,0.04786009775900444,0.11995924041040489,0.18055739262705048
61,OnlineFPCA-adagrad,0.1,5500,100,face,3,5,0.12702488899231,4,1,0.15267441637475726,0.16265622291889698,0.20651784948703458,0.04500845000683491,0.11638907918290743,0.18364093681484342
61,OnlineFPCA-adagrad,0.1,5600,100,face,3,5,0.126816272735596,4,1,0.17913958358599205,0.1297754690354059,0.17203756970369688,0.04077535749192096,0.11151620178627301,0.18106512505791164
61,OnlineFPCA-adagrad,0.1,5700,100,face,3,5,0.128495931625366,4,1,0.18464885475447587,0.15467016914754778,0.20924434626407257,0.040095239100860894,0.10891493366091483,0.1740129291052994
61,OnlineFPCA-adagrad,0.1,5800,100,face,3,5,0.127824544906616,4,1,0.08691447104765163,0.2161147636350013,0.28098874261095363,0.03777252213212043,0.10680680882527449,0.17549041011899127
61,OnlineFPCA-adagrad,0.1,5900,100,face,3,5,0.126907825469971,4,1,0.14864050002844936,0.21212402142363337,0.2902500679211564,0.03188827051013319,0.10426147266111085,0.1834555445827736
61,OnlineFPCA-adagrad,0.1,6000,100,face,3,5,0.124282360076904,4,1,0.10736077332169452,0.36021029302633384,0.32687540185380465,0.027677123102494674,0.09966689610073347,0.18573961786261037
61,OnlineFPCA-adagrad,0.1,6100,100,face,3,5,0.127100706100464,4,1,0.13443726896409233,0.17241867660618015,0.3328322310516389,0.024639845759228216,0.0991931587912891,0.19000648613802637
61,OnlineFPCA-adagrad,0.1,6200,100,face,3,5,0.13078498840332,4,1,0.15319438348972897,0.3525782107866282,0.30318456900605206,0.021365410545589443,0.0974534080082854,0.19057911506353373
61,OnlineFPCA-adagrad,0.1,6300,100,face,3,5,0.129091501235962,4,1,0.1137943983617185,0.1928525058203253,0.5762802731810942,0.020352872736577123,0.09820017394522217,0.1853162954698633
61,OnlineFPCA-adagrad,0.1,6400,100,face,3,5,0.126374006271362,4,1,0.1857582121569803,0.22436134288591672,0.5686545516802816,0.023853610740853924,0.09590739684389807,0.1828705603732656
61,OnlineFPCA-adagrad,0.1,6500,100,face,3,5,0.126727819442749,4,1,0.15281901961155528,0.26769408033157033,0.3267395499590689,0.025327428346521238,0.09449013784859195,0.18373518246082648
61,OnlineFPCA-adagrad,0.1,6600,100,face,3,5,0.126984357833862,4,1,0.1325997199434099,0.19263469837823557,0.2770311107785535,0.026384745170850946,0.09509597569447396,0.182370182276145
61,OnlineFPCA-adagrad,0.1,6700,100,face,3,5,0.123739719390869,4,1,0.1685398777395437,0.28844757059306625,0.257017409248653,0.028911201193450677,0.09431361371600912,0.1763973469901881
61,OnlineFPCA-adagrad,0.1,6800,100,face,3,5,0.12685489654541,4,1,0.19956721462474128,0.24532679699569096,0.1897520308462046,0.03234102166138984,0.0944573804322222,0.16999524401603
61,OnlineFPCA-adagrad,0.1,6900,100,face,3,5,0.126999616622925,4,1,0.09969447136688311,0.20784263757598162,0.23625516249850853,0.033093139578342236,0.09390648472576364,0.16492187808309874
61,OnlineFPCA-adagrad,0.1,7000,100,face,3,5,0.126951932907104,4,1,0.1429344565749004,0.21331104218244093,0.26718896058391906,0.03434851711666869,0.09043174252029874,0.1591985872027425
61,OnlineFPCA-adagrad,0.1,7100,100,face,3,5,0.130229473114014,4,1,0.1699423346976564,0.14733142948330852,0.13982943161010694,0.03431898201529382,0.08803463471018469,0.15216616324554344
61,OnlineFPCA-adagrad,0.1,7200,100,face,3,5,0.129822731018066,4,1,0.15736481711366462,0.12257924869568454,0.18584524612983708,0.03492395331582288,0.08511250009520477,0.1450830428235459
61,OnlineFPCA-adagrad,0.1,7300,100,face,3,5,0.135072231292725,4,1,0.10811277413940366,0.154154346960266,0.24995319537569363,0.03384553130568344,0.08412349062110061,0.14271888988412507
61,OnlineFPCA-adagrad,0.1,7400,100,face,3,5,0.124726533889771,4,1,0.14195278181599624,0.09560359390774517,0.14725168046526566,0.0328489531909215,0.08224790883941972,0.14256144796152734
61,OnlineFPCA-adagrad,0.1,7500,100,face,3,5,0.127196311950684,4,1,0.14697147355836848,0.2054514392316729,0.19899093303776744,0.03186339497237317,0.08005317436311667,0.13974934348935347
61,OnlineFPCA-adagrad,0.1,7600,100,face,3,5,0.127505540847778,4,1,0.11873115076420444,0.23716944391089556,0.18545558109929752,0.031185755455368745,0.08116195814925703,0.1372146168852291
61,OnlineFPCA-adagrad,0.1,7700,100,face,3,5,0.127758264541626,4,1,0.14156806369938058,0.25277043551063205,0.197900197323356,0.031010039518185883,0.08229120228178183,0.13333879425036219
61,OnlineFPCA-adagrad,0.1,7800,100,face,3,5,0.12694239616394,4,1,0.09984528043909963,0.24486715593425812,0.11453203240071008,0.030877051185543337,0.0836936596599193,0.12803061111272285
61,OnlineFPCA-adagrad,0.1,7900,100,face,3,5,0.13019585609436,4,1,0.09060895496792364,0.21714024285882957,0.07745044973675218,0.02840719765258877,0.08415292333959991,0.12362714955927014
61,OnlineFPCA-adagrad,0.1,8000,100,face,3,5,0.127229452133179,4,1,0.14087119348168206,0.2740188686298055,0.1670278075410479,0.0268990269078584,0.08586069280897081,0.12100821963884703
61,OnlineFPCA-adagrad,0.1,8100,100,face,3,5,0.130103826522827,4,1,0.11693638859930824,0.20375440772949366,0.2285752326897316,0.025273428324158215,0.08741594547967567,0.11805629203778308
61,OnlineFPCA-adagrad,0.1,8200,100,face,3,5,0.12694263458252,4,1,0.14102520965639703,0.17113732197813697,0.31271643416599615,0.025718494748511893,0.08875739806094418,0.11521749156085842
61,OnlineFPCA-adagrad,0.1,8300,100,face,3,5,0.127391576766968,4,1,0.08441863690824687,0.11566882851295594,0.2069810211066127,0.026468346426107226,0.08863017092872992,0.11289510097000047
61,OnlineFPCA-adagrad,0.1,8400,100,face,3,5,0.127880573272705,4,1,0.08786319574057934,0.13972279406384625,0.19039363533645254,0.026414102584141817,0.08800149090743183,0.11101357107111126
61,OnlineFPCA-adagrad,0.1,8500,100,face,3,5,0.126966953277588,4,1,0.09224258276483166,0.14319046204758626,0.12367837397879722,0.025222469095691508,0.08734943340742019,0.10837591861210218
61,OnlineFPCA-adagrad,0.1,8600,100,face,3,5,0.126226663589478,4,1,0.060070358612365315,0.1025359564743219,0.1972598414483912,0.024085403041922696,0.08615390210479625,0.108061825133107
61,OnlineFPCA-adagrad,0.1,8700,100,face,3,5,0.127254962921143,4,1,0.0726878402299585,0.16865955950597714,0.22254939374137037,0.022674986800147012,0.08412905452394191,0.10910953364102711
61,OnlineFPCA-adagrad,0.1,8800,100,face,3,5,0.124009370803833,4,1,0.09309801665482051,0.15279230815234182,0.1867299677113722,0.022841318602412158,0.08298192841457018,0.10942958428067039
61,OnlineFPCA-adagrad,0.1,8900,100,face,3,5,0.127492189407349,4,1,0.11583058470040311,0.15136638497231034,0.1904013629407914,0.022709278775191286,0.082597613916504,0.10917790850888393
61,OnlineFPCA-adagrad,0.1,9000,100,face,3,5,0.127546310424805,4,1,0.08411846615764533,0.17454932451115326,0.2964347272492684,0.022214151659225627,0.08308886431268672,0.10844492871871228
61,OnlineFPCA-adagrad,0.1,9100,100,face,3,5,0.127238512039185,4,1,0.12216601440688374,0.22865037083955622,0.30476682800910027,0.022025510577564692,0.08409962490295728,0.10933324644362119
61,OnlineFPCA-adagrad,0.1,9200,100,face,3,5,0.129783630371094,4,1,0.09808275709018635,0.12692721307447324,0.2739122877517214,0.02198574772104425,0.08505691622447072,0.11192912418625092
61,OnlineFPCA-adagrad,0.1,9300,100,face,3,5,0.129247426986694,4,1,0.16482522348122686,0.11960187492714698,0.23633356392559748,0.022377834197404717,0.08443486322230326,0.11403725825191827
61,OnlineFPCA-adagrad,0.1,9400,100,face,3,5,0.127149105072021,4,1,0.12576367269930172,0.12726969763538237,0.22108338712334163,0.02396009051686905,0.08335695727916038,0.11395044348514088
61,OnlineFPCA-adagrad,0.1,9500,100,face,3,5,0.123990058898926,4,1,0.11135982153388509,0.16297062316987446,0.31783122016318505,0.024205094412390663,0.0832099704912252,0.11417171627551678
61,OnlineFPCA-adagrad,0.1,9600,100,face,3,5,0.127506732940674,4,1,0.07999235629384185,0.2417264989904428,0.1544435927528186,0.024119252299127716,0.08235570223644907,0.11389885286127932
61,OnlineFPCA-adagrad,0.1,9700,100,face,3,5,0.12723970413208,4,1,0.13341000557247615,0.20820870425076732,0.24105565833189868,0.024389881052457728,0.08192993018952519,0.11315630004094933
61,OnlineFPCA-adagrad,0.1,9800,100,face,3,5,0.128484010696411,4,1,0.18634900966474796,0.16554599073151982,0.16228891274720905,0.024928973064715806,0.08014318879979161,0.11311517044805501
61,OnlineFPCA-adagrad,0.1,9900,100,face,3,5,0.129541158676147,4,1,0.11933283049595031,0.15498643268545045,0.18271208399168704,0.025756866283812088,0.07921061224424736,0.1135727554652239
61,OnlineFPCA-adagrad,0.1,10000,100,face,3,5,0.128037929534912,4,1,0.1005319395573702,0.23793290312616341,0.3505577947206859,0.02521555874514686,0.07832259108936931,0.11402193018042965
61,OnlineFPCA-adagrad,0.1,10100,100,face,3,5,0.127377271652222,4,1,0.09537657224689262,0.08827771826883406,0.4172708804810998,0.02543313128412182,0.07841433471544179,0.11824503221622536
61,OnlineFPCA-adagrad,0.1,10200,100,face,3,5,0.127474069595337,4,1,0.0747195157294752,0.16934452519855625,0.3439872348624577,0.025937349388839685,0.07831743042162129,0.12242131089675319
61,OnlineFPCA-adagrad,0.1,10300,100,face,3,5,0.13196587562561,4,1,0.09951809557609431,0.1408285350741403,0.3409794423458159,0.025803420664472186,0.07737504195456642,0.12257744248153231
61,OnlineFPCA-adagrad,0.1,10400,100,face,3,5,0.129499435424805,4,1,0.07394329410711095,0.139436971327445,0.40148996102440526,0.026261981669837405,0.07539949596275207,0.12207829526629907
61,OnlineFPCA-adagrad,0.1,10500,100,face,3,5,0.12996506690979,4,1,0.10009787232100355,0.17269166327864754,0.2127603537596924,0.02609028127667301,0.07383356924084085,0.12238212040768448
61,OnlineFPCA-adagrad,0.1,10600,100,face,3,5,0.127180576324463,4,1,0.15314147021848512,0.12973185054404665,0.17587290144091916,0.02519969941334756,0.07256893499344601,0.12256723112117335
61,OnlineFPCA-adagrad,0.1,10700,100,face,3,5,0.126615762710571,4,1,0.14346206407552684,0.12563774909319272,0.18648482876798195,0.025053416599792194,0.07204381472167457,0.12210412031475833
61,OnlineFPCA-adagrad,0.1,10800,100,face,3,5,0.124518871307373,4,1,0.06621198872804489,0.18331185299572095,0.25479477696299097,0.025045788599010542,0.0723273211588903,0.12260154994026798
61,OnlineFPCA-adagrad,0.1,10900,100,face,3,5,0.127671241760254,4,1,0.13108867427745569,0.17239430143103404,0.2628869319801004,0.02398209942676147,0.07278918253179552,0.12530909689173408
61,OnlineFPCA-adagrad,0.1,11000,100,face,3,5,0.128707885742188,4,1,0.09448257074718429,0.2923331412868408,0.26150266427478086,0.023029266067862188,0.0732131080622284,0.12659189224801456
61,OnlineFPCA-adagrad,0.1,11100,100,face,3,5,0.128151178359985,4,1,0.10563653205909215,0.16191199707509243,0.27787452309980815,0.022399737434572527,0.07486813523901761,0.12867476733811792
61,OnlineFPCA-adagrad,0.1,11200,100,face,3,5,0.127620697021484,4,1,0.11005683856599177,0.28657320789711327,0.2728307307739841,0.021708845492432887,0.07541410433008738,0.13034395748342448
61,OnlineFPCA-adagrad,0.1,11300,100,face,3,5,0.13001012802124,4,1,0.09300942907623481,0.15807064814774444,0.4336581361935724,0.02145904596761183,0.07671081226854067,0.13080906524724348
61,OnlineFPCA-adagrad,0.1,11400,100,face,3,5,0.1273033618927,4,1,0.16471943857664365,0.19048958620878031,0.38538552540302906,0.022004425605769984,0.07614073642264836,0.13169898174551392
61,OnlineFPCA-adagrad,0.1,11500,100,face,3,5,0.128498792648315,4,1,0.13076122323429082,0.20298147791604748,0.2107259754737162,0.02227628399936567,0.07597449866104479,0.132342845804607
61,OnlineFPCA-adagrad,0.1,11600,100,face,3,5,0.131371974945068,4,1,0.11820680924511474,0.18707948585041148,0.20832519305688482,0.02268898329150552,0.07660946656200614,0.13239663466157947
61,OnlineFPCA-adagrad,0.1,11700,100,face,3,5,0.127459287643433,4,1,0.15064902463751048,0.2533812891070706,0.18043347472786644,0.023463525794566287,0.07688086308088056,0.1313246288125373
61,OnlineFPCA-adagrad,0.1,11800,100,face,3,5,0.127592802047729,4,1,0.1720303498701933,0.22281538496200223,0.15245082633399093,0.02477907196479079,0.07727640789121751,0.12992146609248179
61,OnlineFPCA-adagrad,0.1,11900,100,face,3,5,0.12763500213623,4,1,0.10586751379862891,0.19491779277791632,0.1913743411596692,0.025261560931842092,0.07743754780795149,0.12910578726813088
61,OnlineFPCA-adagrad,0.1,12000,100,face,3,5,0.127279281616211,4,1,0.13551200949352737,0.18489014208474736,0.2198580889558029,0.025503543310772314,0.07643903207428937,0.12802616581900042
61,OnlineFPCA-adagrad,0.1,12100,100,face,3,5,0.125032186508179,4,1,0.16036271425712603,0.15015954150394498,0.1329735511545177,0.025460593329535368,0.07556649661493449,0.12632925673387227
61,OnlineFPCA-adagrad,0.1,12200,100,face,3,5,0.129043340682983,4,1,0.13628972085533844,0.0913820213759553,0.18097887273309587,0.02563394431605405,0.07447797141720973,0.12424134210593557
61,OnlineFPCA-adagrad,0.1,12300,100,face,3,5,0.128097295761108,4,1,0.10136828733432096,0.12215126486970636,0.22762258607973979,0.025137343541448285,0.07394724076587532,0.12358556866748963
61,OnlineFPCA-adagrad,0.1,12400,100,face,3,5,0.279825448989868,4,1,0.13101792295424414,0.06862313384434729,0.12484349925725674,0.0248099732085471,0.07308218653844491,0.12363055978165742
61,OnlineFPCA-adagrad,0.1,12500,100,face,3,5,0.129078149795532,4,1,0.13103227123152186,0.15752857013374208,0.15496464807056562,0.024777452805544362,0.07215710429774257,0.12287892856515807
61,OnlineFPCA-adagrad,0.1,12600,100,face,3,5,0.127518653869629,4,1,0.10745588316820892,0.19536281663182156,0.15531396577887108,0.024829457889022716,0.07250256688105164,0.12218337325679487
61,OnlineFPCA-adagrad,0.1,12700,100,face,3,5,0.127612829208374,4,1,0.1271107490844349,0.23129671576510064,0.17183171832859667,0.024914853963276695,0.073261348900924,0.12091987008863635
61,OnlineFPCA-adagrad,0.1,12800,100,face,3,5,0.127620458602905,4,1,0.09039623788078896,0.22190947717381035,0.12516243590175655,0.025165887399528252,0.07440122837160149,0.11921547206365458
61,OnlineFPCA-adagrad,0.1,12900,100,face,3,5,0.124224901199341,4,1,0.07424829871188993,0.20678745775768503,0.08866768514793572,0.024530164727703394,0.07546640861004529,0.11772803346533849
61,OnlineFPCA-adagrad,0.1,13000,100,face,3,5,0.127545356750488,4,1,0.12198358602875095,0.26336870325241146,0.14175065260280986,0.024214720247727372,0.07678280172880658,0.11695039212156191
61,OnlineFPCA-adagrad,0.1,13100,100,face,3,5,0.127708911895752,4,1,0.10032764488577242,0.2037024306466775,0.18428075324539056,0.023788506838682454,0.07797616860296253,0.1161761094127239
61,OnlineFPCA-adagrad,0.1,13200,100,face,3,5,0.127829313278198,4,1,0.12876699707856673,0.17908068750849365,0.25785948004167764,0.024045491338014018,0.07900296065745616,0.11544869524595279
61,OnlineFPCA-adagrad,0.1,13300,100,face,3,5,0.128242254257202,4,1,0.0816837207880062,0.13595184805091218,0.18405062076906015,0.024409209960175517,0.07961055733214174,0.11486382304724414
61,OnlineFPCA-adagrad,0.1,13400,100,face,3,5,0.128715038299561,4,1,0.08431342404984735,0.15058847390924163,0.16876141467166358,0.024420585565039545,0.07991622385946903,0.11426853673235496
61,OnlineFPCA-adagrad,0.1,13500,100,face,3,5,0.126873016357422,4,1,0.08263104433075291,0.14021976258671634,0.10510129187813537,0.024017309491541194,0.08003445288157468,0.11324585417240803
61,OnlineFPCA-adagrad,0.1,13600,100,face,3,5,0.125371217727661,4,1,0.05041441223036222,0.09766012032897323,0.17406958458106653,0.02358378096168088,0.07974939752649281,0.11294075632326059
61,OnlineFPCA-adagrad,0.1,13700,100,face,3,5,0.12784743309021,4,1,0.06854472473074215,0.15370822893829647,0.20233090561961797,0.022923601883399897,0.07912145241787834,0.11333512390168557
61,OnlineFPCA-adagrad,0.1,13800,100,face,3,5,0.127532482147217,4,1,0.07833693284663897,0.14475402779496221,0.17222450183151522,0.02288015864796158,0.07878083061195233,0.1135621361111085
61,OnlineFPCA-adagrad,0.1,13900,100,face,3,5,0.12885046005249,4,1,0.09936732056540264,0.14782427999684755,0.1600300494253778,0.022785679236972115,0.0786400244766295,0.11369711997516853
61,OnlineFPCA-adagrad,0.1,14000,100,face,3,5,0.128595352172852,4,1,0.07098448484578275,0.15948483169139366,0.25962555714660984,0.022546692465325514,0.07896016167703689,0.11359279475978895
61,OnlineFPCA-adagrad,0.1,14100,100,face,3,5,0.127175331115723,4,1,0.09914388491111555,0.19639607202425755,0.2761094966218844,0.02242151060129463,0.07955899393923102,0.11409695023407639
61,OnlineFPCA-adagrad,0.1,14200,100,face,3,5,0.12469220161438,4,1,0.0905067380884725,0.1250840957994341,0.24848928340178877,0.022352913520917714,0.0800287265327128,0.11526980925198065
61,OnlineFPCA-adagrad,0.1,14300,100,face,3,5,0.129173040390015,4,1,0.1488962866031309,0.12302415686884786,0.22148237955640507,0.022470613969007836,0.07995183259424499,0.11629017588206425
61,OnlineFPCA-adagrad,0.1,14400,100,face,3,5,0.139521360397339,4,1,0.12027995699486677,0.12235444584856724,0.2156221101627487,0.023164911643095684,0.07967067651385633,0.11638591366528825
61,OnlineFPCA-adagrad,0.1,14500,100,face,3,5,0.130594253540039,4,1,0.0908024177777128,0.15178272387875405,0.28279846349814536,0.023356725763759315,0.0797463688157889,0.11653832715210483
61,OnlineFPCA-adagrad,0.1,14600,100,face,3,5,0.130581617355347,4,1,0.07403560303936982,0.2206039284727701,0.1484452663908054,0.023402356145706522,0.07949079868643494,0.11648150068015643
61,OnlineFPCA-adagrad,0.1,14700,100,face,3,5,0.128421306610107,4,1,0.11542850839788969,0.19889216852906752,0.22099686240625813,0.023557725007080196,0.07935107106019727,0.11618207438958056
61,OnlineFPCA-adagrad,0.1,14800,100,face,3,5,0.129592180252075,4,1,0.17523932217153282,0.16507072111088003,0.1625013108607986,0.023811950141883108,0.07864144456331526,0.11617426115230173
61,OnlineFPCA-adagrad,0.1,14900,100,face,3,5,0.124376058578491,4,1,0.11523983319413783,0.15467549547993262,0.1793425102296435,0.02429895098890654,0.07839217778160461,0.11644008251889128
61,OnlineFPCA-adagrad,0.1,15000,100,face,3,5,0.128597736358643,4,1,0.09743973499579074,0.2166711396882494,0.31144691708069633,0.02411892540812765,0.07811233143026533,0.116710654693879
61,OnlineFPCA-adagrad,0.1,0,100,face,3,5,2.17004084587097,4,2,0.14005815040825267,2.0188567575984044,0.2948934674353061,0.14005815040825267,2.0188567575984044,0.2948934674353061
61,OnlineFPCA-adagrad,0.1,100,100,face,3,5,0.298139333724976,4,2,1.03247193623327,1.8515549130014048,0.9804057022438435,NA,NA,NA
61,OnlineFPCA-adagrad,0.1,200,100,face,3,5,0.294734477996826,4,2,1.953902004838575,1.5874811675662452,1.384581123534147,NA,NA,NA
61,OnlineFPCA-adagrad,0.1,300,100,face,3,5,0.296802520751953,4,2,0.8925500338882766,1.4527956762682936,1.7176212380213283,NA,NA,NA
61,OnlineFPCA-adagrad,0.1,400,100,face,3,5,0.296408891677856,4,2,0.7031403654686301,0.6010914744933795,1.1890315338111184,NA,NA,NA
61,OnlineFPCA-adagrad,0.1,500,100,face,3,5,0.448615789413452,4,2,0.8148778470938008,0.7367311239579043,0.7555271426143021,NA,NA,NA
61,OnlineFPCA-adagrad,0.1,600,100,face,3,5,0.291015148162842,4,2,0.8038988315605324,0.7340108404745166,0.7532750750550621,NA,NA,NA
61,OnlineFPCA-adagrad,0.1,700,100,face,3,5,0.293556451797485,4,2,0.7924554657060995,0.7308969069695657,0.7507422567985756,NA,NA,NA
61,OnlineFPCA-adagrad,0.1,800,100,face,3,5,0.29284930229187,4,2,0.7841797147109306,0.7278353724204899,0.7465055039924426,NA,NA,NA
61,OnlineFPCA-adagrad,0.1,900,100,face,3,5,0.293215036392212,4,2,0.7732249097577106,0.7250409125027881,0.7456153423295038,NA,NA,NA
61,OnlineFPCA-adagrad,0.1,1000,100,face,3,5,0.294850587844849,4,2,0.7591306409635122,0.721479374647428,0.7445505153853528,NA,NA,NA
61,OnlineFPCA-adagrad,0.1,1100,100,face,3,5,0.404058456420898,4,2,0.48230468709882174,0.4690153011580394,0.513814877563702,0.514106501569277,0.580765958929347,0.6097356852488194
61,OnlineFPCA-adagrad,0.1,1200,100,face,3,5,0.403109312057495,4,2,0.40258981514921854,0.4238130778568263,0.37874300460283883,0.3799938993076083,0.47355847379854166,0.46385793632397093
61,OnlineFPCA-adagrad,0.1,1300,100,face,3,5,0.402088642120361,4,2,0.34925243962017577,0.38474817007799855,0.406959176315106,0.2724201029581134,0.40520481986152856,0.3827592214303965
61,OnlineFPCA-adagrad,0.1,1400,100,face,3,5,0.39824914932251,4,2,0.19376096605236665,0.3386491660512163,0.34691408397220924,0.21823821623876458,0.3823895785801265,0.3460442584775511
61,OnlineFPCA-adagrad,0.1,1500,100,face,3,5,0.399996995925903,4,2,0.2948851068540322,0.31789971892367286,0.34389681617742124,0.16652291444079725,0.34753227775262147,0.3359317306030508
61,OnlineFPCA-adagrad,0.1,1600,100,face,3,5,0.40460991859436,4,2,0.2364546104778625,0.3465757261256423,0.3053879372489463,0.13077095265334546,0.32801443396089364,0.3207977875812214
61,OnlineFPCA-adagrad,0.1,1700,100,face,3,5,0.41217041015625,4,2,0.2514970794267889,0.3931500861848937,0.29122145649312253,0.11993980012680745,0.3153704897671219,0.3095309710749933
61,OnlineFPCA-adagrad,0.1,1800,100,face,3,5,0.401431798934937,4,2,0.36296431285934067,0.3387002663188594,0.35623600927352944,0.0996248779350714,0.3063716881479933,0.29997936180495494
61,OnlineFPCA-adagrad,0.1,1900,100,face,3,5,0.392388582229614,4,2,0.12919929534955962,0.2709080402552392,0.3332483823521131,0.08929038708194871,0.2990445374319448,0.30196864339995144
61,OnlineFPCA-adagrad,0.1,2000,100,face,3,5,0.402559280395508,4,2,0.2175150978046601,0.33213599485842704,0.37124738389157347,0.08988054522418329,0.29095283629417107,0.2993434932714648
61,OnlineFPCA-adagrad,0.1,2100,100,face,3,5,0.395627737045288,4,2,0.3375430641159926,0.3058535918409442,0.39146294749522614,0.08966898925346478,0.2837223364342142,0.2997840075193442
61,OnlineFPCA-adagrad,0.1,2200,100,face,3,5,0.394265174865723,4,2,0.4372632297116488,0.3232209276988994,0.3611131960544579,0.08872189169881949,0.2758174082724457,0.30036734639021334
61,OnlineFPCA-adagrad,0.1,2300,100,face,3,5,0.391484260559082,4,2,0.24916134992706165,0.37613443203178076,0.2984024446261179,0.08766645253731882,0.2740153977674474,0.3011755663008117
61,OnlineFPCA-adagrad,0.1,2400,100,face,3,5,0.395744800567627,4,2,0.14240466687508374,0.27258681929388057,0.29051634418392325,0.08270644597734383,0.27279538052527447,0.294395644596245
61,OnlineFPCA-adagrad,0.1,2500,100,face,3,5,0.392885446548462,4,2,0.232342222892856,0.38878053453633976,0.3077012306826616,0.07161242591164362,0.26963378503887375,0.2910368535372264
61,OnlineFPCA-adagrad,0.1,2600,100,face,3,5,0.428162097930908,4,2,0.1341721997318938,0.41297212740481076,0.3022225739818346,0.06118138741464601,0.2688747852130726,0.2925228380907971
61,OnlineFPCA-adagrad,0.1,2700,100,face,3,5,0.437124252319336,4,2,0.15332399538262967,0.3538205671485867,0.3102724773273927,0.055407500428651425,0.2662134514703368,0.2894983444521499
61,OnlineFPCA-adagrad,0.1,2800,100,face,3,5,0.429357528686523,4,2,0.14925515873568335,0.35263362190913133,0.21795789970112525,0.049258261014828685,0.2612962722904434,0.2813307296199451
61,OnlineFPCA-adagrad,0.1,2900,100,face,3,5,0.434695243835449,4,2,0.1251569680007893,0.2554982137847493,0.16322497775186304,0.039890173387817515,0.2550547643259245,0.26896252557239875
61,OnlineFPCA-adagrad,0.1,3000,100,face,3,5,0.42663049697876,4,2,0.167206987708418,0.3107584532264761,0.2623152652301784,0.03500590366869475,0.2522752142066032,0.2576719638406312
61,OnlineFPCA-adagrad,0.1,3100,100,face,3,5,0.428340196609497,4,2,0.1341783334455765,0.22722668748169142,0.32643990909543785,0.032404130119078105,0.24884702248654292,0.25044051908633735
61,OnlineFPCA-adagrad,0.1,3200,100,face,3,5,0.429642200469971,4,2,0.15674414253030197,0.17563109792368847,0.4052903328593918,0.03194578902420953,0.24450532861133606,0.24624772871116096
61,OnlineFPCA-adagrad,0.1,3300,100,face,3,5,0.426840305328369,4,2,0.0929249510146444,0.059639449528234044,0.22056646166344768,0.03111009868783639,0.23627813825394345,0.24091538326073617
61,OnlineFPCA-adagrad,0.1,3400,100,face,3,5,0.42644214630127,4,2,0.09229577698170359,0.11034195253111906,0.22212953865844098,0.03230575602188183,0.2282168089416458,0.23221571060272977
61,OnlineFPCA-adagrad,0.1,3500,100,face,3,5,0.432016134262085,4,2,0.10710468937468884,0.19496500157661836,0.20867905053932415,0.028657039135611267,0.222136072513707,0.22366065378700947
61,OnlineFPCA-adagrad,0.1,3600,100,face,3,5,0.42997932434082,4,2,0.08658728324931088,0.15283755529515733,0.26154822692974516,0.02614999530867775,0.21766495086615406,0.21745731060671705
61,OnlineFPCA-adagrad,0.1,3700,100,face,3,5,0.428592205047607,4,2,0.08471364533539001,0.2352901354636963,0.27990801059313886,0.02389441754053624,0.2124370026982033,0.20997006102662089
61,OnlineFPCA-adagrad,0.1,3800,100,face,3,5,0.426965713500977,4,2,0.11826971335341278,0.22470114862653912,0.2492828824698656,0.024717329027840806,0.20907965275805104,0.20475472526155558
61,OnlineFPCA-adagrad,0.1,3900,100,face,3,5,0.422802448272705,4,2,0.14674548224518635,0.21315735518714918,0.29359235680112195,0.024086083019473174,0.20703242325936927,0.2021831726645865
61,OnlineFPCA-adagrad,0.1,4000,100,face,3,5,0.423933506011963,4,2,0.023227945620199586,0.20519833511217303,0.20010177403188625,0.023227945620199586,0.20519833511217303,0.20010177403188625
61,OnlineFPCA-adagrad,0.1,4100,100,face,3,5,0.426153898239136,4,2,0.20540702932189814,0.2844301920479911,0.22576409062007127,0.08559445974940565,0.21711209452938118,0.18110677268585362
61,OnlineFPCA-adagrad,0.1,4200,100,face,3,5,0.427816867828369,4,2,0.1437242841841143,0.19527949008697743,0.2763784994031045,0.07951858098998894,0.21697567415406901,0.20753609502224615
61,OnlineFPCA-adagrad,0.1,4300,100,face,3,5,0.428147554397583,4,2,0.2032702497197156,0.16286316188760028,0.20835224271275515,0.08314227822451316,0.18597201841545188,0.17781462113275745
61,OnlineFPCA-adagrad,0.1,4400,100,face,3,5,0.43037486076355,4,2,0.14843681226461458,0.1852081002699439,0.287344309238604,0.09753239895068795,0.16272106620602628,0.1500662790470496
61,OnlineFPCA-adagrad,0.1,4500,100,face,3,5,0.429198741912842,4,2,0.1630658339830513,0.2223405695171605,0.44131114932985005,0.07869584854188479,0.16145929321879704,0.15010721307145836
61,OnlineFPCA-adagrad,0.1,4600,100,face,3,5,0.428558111190796,4,2,0.08685554231712606,0.3099103986872731,0.2075306428622311,0.06720573725602012,0.1568886911470883,0.1575070811452835
61,OnlineFPCA-adagrad,0.1,4700,100,face,3,5,0.439536571502686,4,2,0.18483833714507003,0.24972460712917174,0.2978172117644989,0.06585195568569444,0.1654744875676619,0.15797280844887562
61,OnlineFPCA-adagrad,0.1,4800,100,face,3,5,0.428410291671753,4,2,0.20617008855017666,0.16335812111907844,0.17105843382392488,0.06825300869641576,0.15325996755721916,0.15998532394112006
61,OnlineFPCA-adagrad,0.1,4900,100,face,3,5,0.42691969871521,4,2,0.11577486171624687,0.15515272038092634,0.1991718676098577,0.06374538302457645,0.13703668713830053,0.15626874208779565
61,OnlineFPCA-adagrad,0.1,5000,100,face,3,5,0.425492763519287,4,2,0.1045276252890356,0.2799549186257653,0.41672112232078784,0.055852163274053,0.1320338133548227,0.14325097662218372
61,OnlineFPCA-adagrad,0.1,5100,100,face,3,5,0.126903772354126,4,2,0.10868248140687466,0.08518681518272585,0.47155987815510436,0.05716769700263824,0.127924927259369,0.15122123296658552
61,OnlineFPCA-adagrad,0.1,5200,100,face,3,5,0.127496957778931,4,2,0.06455167319360389,0.1738426307735229,0.37661937978563736,0.06083763521332364,0.12082967224166137,0.16294337357555827
61,OnlineFPCA-adagrad,0.1,5300,100,face,3,5,0.13165545463562,4,2,0.1272326877497493,0.15199576932132924,0.41483851794789756,0.058031644232595915,0.11461802098185282,0.15872092433777374
61,OnlineFPCA-adagrad,0.1,5400,100,face,3,5,0.128456592559814,4,2,0.08488107767751626,0.1443708007022716,0.4428215250681467,0.05825888522560613,0.10617024586710816,0.16267886686304847
61,OnlineFPCA-adagrad,0.1,5500,100,face,3,5,0.130443096160889,4,2,0.15193166574199762,0.16750428946002763,0.21224207455678595,0.054754095089773865,0.10322035949119465,0.1673875929287247
61,OnlineFPCA-adagrad,0.1,5600,100,face,3,5,0.128204584121704,4,2,0.17883313516616342,0.12990161058912642,0.17382381122324717,0.04953433612105987,0.0992898012274763,0.16623164632201196
61,OnlineFPCA-adagrad,0.1,5700,100,face,3,5,0.128236770629883,4,2,0.18411301418978707,0.1542363129319405,0.20852038029494507,0.0483455268804801,0.09797196513320215,0.1603532597835435
61,OnlineFPCA-adagrad,0.1,5800,100,face,3,5,0.128057241439819,4,2,0.08701084787233661,0.2145853710409142,0.2832940350133575,0.04533747252926595,0.09584750999768744,0.16259868702754765
61,OnlineFPCA-adagrad,0.1,5900,100,face,3,5,0.128267049789429,4,2,0.14858313934165351,0.2100420112285504,0.2897490313344463,0.03876160720296659,0.09184005022519356,0.1716084787440641
61,OnlineFPCA-adagrad,0.1,6000,100,face,3,5,0.124753475189209,4,2,0.10706420103789879,0.3593085896735721,0.3249793955787704,0.033542171008700127,0.08709995811589624,0.17429368645770152
61,OnlineFPCA-adagrad,0.1,6100,100,face,3,5,0.127708196640015,4,2,0.1344056265300418,0.17024448038299772,0.3337017029427286,0.029814934168732165,0.08752357350907626,0.1793969439393201
61,OnlineFPCA-adagrad,0.1,6200,100,face,3,5,0.130321979522705,4,2,0.15283878902611156,0.352069563345265,0.3046563382040465,0.025938694134628716,0.08590478593373192,0.18076517488813024
61,OnlineFPCA-adagrad,0.1,6300,100,face,3,5,0.12807822227478,4,2,0.11403463370980871,0.18293764819056582,0.5791909993431392,0.024085727932682623,0.08681186075916562,0.17602031235704377
61,OnlineFPCA-adagrad,0.1,6400,100,face,3,5,0.12838888168335,4,2,0.1856628220749729,0.21892230233730287,0.5701101669025467,0.025986870924566963,0.0825228554906204,0.1742604755675045
61,OnlineFPCA-adagrad,0.1,6500,100,face,3,5,0.128200054168701,4,2,0.1532670041187222,0.26571863537224116,0.3368289629355911,0.026872688119077375,0.08050731034677926,0.17588383344473155
61,OnlineFPCA-adagrad,0.1,6600,100,face,3,5,0.127672910690308,4,2,0.13224401681276435,0.19106791509536236,0.2789796290435395,0.027890547715855387,0.08153087099802735,0.17539123351753036
61,OnlineFPCA-adagrad,0.1,6700,100,face,3,5,0.125001907348633,4,2,0.16823241715927573,0.2886556965688823,0.2629901508306014,0.029726057469679233,0.0811410098642176,0.17002959408066265
61,OnlineFPCA-adagrad,0.1,6800,100,face,3,5,0.279025316238403,4,2,0.19920151408930864,0.2465968832739401,0.19256947928133097,0.03300066056050216,0.08209100391549974,0.16430909524269527
61,OnlineFPCA-adagrad,0.1,6900,100,face,3,5,0.127864837646484,4,2,0.10041540656533467,0.20835139531250296,0.23798562517308136,0.03338202412174939,0.08242924707305808,0.16013288388027686
61,OnlineFPCA-adagrad,0.1,7000,100,face,3,5,0.127191543579102,4,2,0.1429666806207666,0.21330308640929305,0.26626528516224457,0.034152786852337094,0.07902116006017955,0.15506781648592763
61,OnlineFPCA-adagrad,0.1,7100,100,face,3,5,0.130050897598267,4,2,0.16980819537668573,0.14636401082050277,0.13803010704845237,0.03365646409531513,0.0765948386567087,0.14803992143981912
61,OnlineFPCA-adagrad,0.1,7200,100,face,3,5,0.127649784088135,4,2,0.1575948609976371,0.11959251309121219,0.18556891395420905,0.034054051978856026,0.07347711826841144,0.14087953369576878
61,OnlineFPCA-adagrad,0.1,7300,100,face,3,5,0.127166271209717,4,2,0.1080205443125644,0.1527743563673415,0.2508166219767585,0.03254109686776447,0.07219908037324414,0.1384942239053018
61,OnlineFPCA-adagrad,0.1,7400,100,face,3,5,0.124936819076538,4,2,0.14193545306078748,0.09309896087407614,0.14593322214112947,0.031414900961057146,0.06999836595716186,0.13847597330165953
61,OnlineFPCA-adagrad,0.1,7500,100,face,3,5,0.128196477890015,4,2,0.1469004949672478,0.201259549067407,0.1962982757348397,0.030556169802310993,0.06726017249459491,0.13552934571181055
61,OnlineFPCA-adagrad,0.1,7600,100,face,3,5,0.127392053604126,4,2,0.11875078338112817,0.2374763240388993,0.18500314603118947,0.030063250259268266,0.06857805830871846,0.1327398028624546
61,OnlineFPCA-adagrad,0.1,7700,100,face,3,5,0.129186630249023,4,2,0.14124095524076027,0.2543223267011625,0.1977570437398686,0.03000509176467071,0.07082237313848525,0.12893432520354087
61,OnlineFPCA-adagrad,0.1,7800,100,face,3,5,0.133679389953613,4,2,0.09970454321375384,0.24786306284927165,0.12248806963800486,0.030135267032082504,0.07354137813707215,0.12415956123990195
61,OnlineFPCA-adagrad,0.1,7900,100,face,3,5,0.130054712295532,4,2,0.09038872592867914,0.21814672212719693,0.08279937078331742,0.027999414813423655,0.07520403146225214,0.12040957522532923
61,OnlineFPCA-adagrad,0.1,8000,100,face,3,5,0.126405715942383,4,2,0.14079180413720668,0.2747736410842597,0.16850204468898602,0.02686591891401781,0.077767873420019007,0.11810881363484804
61,OnlineFPCA-adagrad,0.1,8100,100,face,3,5,0.124837160110474,4,2,0.11701984338077927,0.20554013496889714,0.22802357267104387,0.025473658494316445,0.08008072738524832,0.11535945251234697
61,OnlineFPCA-adagrad,0.1,8200,100,face,3,5,0.128285884857178,4,2,0.14097374651284642,0.17533624060149658,0.3125970483391043,0.026085057460419933,0.08203482727500692,0.11265809415217758
61,OnlineFPCA-adagrad,0.1,8300,100,face,3,5,0.12885856628418,4,2,0.08417555433416204,0.12271660901942091,0.2100883291340084,0.026960392448714537,0.08265557639437891,0.11069873834560931
61,OnlineFPCA-adagrad,0.1,8400,100,face,3,5,0.128094673156738,4,2,0.08775591654465788,0.14289825777729998,0.19278000179172033,0.02693145033910891,0.08270667553916825,0.10923027365327936
61,OnlineFPCA-adagrad,0.1,8500,100,face,3,5,0.12819242477417,4,2,0.09190355624409433,0.14152856624849733,0.12117349301861077,0.025916620312968337,0.08256056240134105,0.10692585892218122
61,OnlineFPCA-adagrad,0.1,8600,100,face,3,5,0.127222061157227,4,2,0.059954893256599376,0.10292089889749582,0.19700109701950647,0.024989827301490044,0.08168939371176773,0.10670656148613412
61,OnlineFPCA-adagrad,0.1,8700,100,face,3,5,0.127518653869629,4,2,0.07282779717006409,0.16790558739265474,0.22092704607880162,0.023517191376431174,0.080024490826017175,0.10797261213423634
61,OnlineFPCA-adagrad,0.1,8800,100,face,3,5,0.132007598876953,4,2,0.09312090115199485,0.15146485382407085,0.18486780035227723,0.0235922666794157,0.0792439526120029,0.10861471934100224
61,OnlineFPCA-adagrad,0.1,8900,100,face,3,5,0.127426385879517,4,2,0.11578464367558501,0.150512183470027,0.18932421358659698,0.02352258692222812,0.07916228429941519,0.10873575109567515
61,OnlineFPCA-adagrad,0.1,9000,100,face,3,5,0.130316972732544,4,2,0.0840667956987722,0.1733905025284374,0.2943253175011254,0.023028726261723514,0.07999448805501333,0.10830616488907684
61,OnlineFPCA-adagrad,0.1,9100,100,face,3,5,0.128254175186157,4,2,0.12219545393375511,0.23073192377132845,0.30059172352600644,0.022782600289425577,0.08123424278501078,0.10945407257240554
61,OnlineFPCA-adagrad,0.1,9200,100,face,3,5,0.127697467803955,4,2,0.09808252047037207,0.12831341037281555,0.27214490393181523,0.02273877705800646,0.08226939129159071,0.11207587241636038
61,OnlineFPCA-adagrad,0.1,9300,100,face,3,5,0.127150058746338,4,2,0.16477587980064343,0.1159331962239654,0.23303848649473968,0.023160270282521815,0.08194299155465568,0.11436402071535241
61,OnlineFPCA-adagrad,0.1,9400,100,face,3,5,0.127983570098877,4,2,0.12591491191569384,0.12515949407473065,0.21876727082728303,0.02485870979985995,0.08118772862109903,0.11449684157801024
61,OnlineFPCA-adagrad,0.1,9500,100,face,3,5,0.124210357666016,4,2,0.1112709376030864,0.16288253557103552,0.3170328873754975,0.0251914737719607,0.08136933494516971,0.11493463008459433
61,OnlineFPCA-adagrad,0.1,9600,100,face,3,5,0.128336906433105,4,2,0.08013008324464217,0.2408136082539954,0.15229537965743398,0.025264142708413827,0.08082399650276013,0.11480564596170591
61,OnlineFPCA-adagrad,0.1,9700,100,face,3,5,0.128846645355225,4,2,0.13352902519555435,0.21099438192737105,0.24465054636830608,0.025686145155473968,0.08069964818026246,0.11424434273896664
61,OnlineFPCA-adagrad,0.1,9800,100,face,3,5,0.280807733535767,4,2,0.18621961886542607,0.1699602580387641,0.16560494217846453,0.026301948868419814,0.07920271817572627,0.11431174422132294
61,OnlineFPCA-adagrad,0.1,9900,100,face,3,5,0.129187107086182,4,2,0.11941562526923694,0.15689105996232716,0.18425655203376906,0.02710881441251836,0.0786019963009646,0.11491622178407804
61,OnlineFPCA-adagrad,0.1,10000,100,face,3,5,0.127530097961426,4,2,0.10035974812567167,0.23905635310608847,0.3517403421354165,0.026566412388180343,0.07803187149248837,0.11549606851472595
61,OnlineFPCA-adagrad,0.1,10100,100,face,3,5,0.128432750701904,4,2,0.09536989368600654,0.08605090740963225,0.4169543087445097,0.02684122351780229,0.07834602044888433,0.11971166108756551
61,OnlineFPCA-adagrad,0.1,10200,100,face,3,5,0.124394178390503,4,2,0.0747382786063573,0.1670317058964678,0.3420237035166303,0.027382251412403528,0.07842612452463359,0.12399005785130009
61,OnlineFPCA-adagrad,0.1,10300,100,face,3,5,0.128271579742432,4,2,0.09938573523439441,0.13844829827396232,0.33955482652565494,0.02730215567569864,0.07778300172107824,0.12420365000145975
61,OnlineFPCA-adagrad,0.1,10400,100,face,3,5,0.127405881881714,4,2,0.07390157942809053,0.13794143762386826,0.4011187859665011,0.02781251327788923,0.07620524658510293,0.12370748218580344
61,OnlineFPCA-adagrad,0.1,10500,100,face,3,5,0.127926826477051,4,2,0.10002949124927409,0.1717004678450974,0.2116594562799922,0.02764475269537786,0.07495921909402255,0.12405234692315119
61,OnlineFPCA-adagrad,0.1,10600,100,face,3,5,0.129643440246582,4,2,0.1531478687399661,0.12412458345986907,0.16989213926644905,0.026732294578132417,0.07393824403263424,0.12429453450771553
61,OnlineFPCA-adagrad,0.1,10700,100,face,3,5,0.128703594207764,4,2,0.14354062479363192,0.12363020993568626,0.18515578274797587,0.026595551980576112,0.07351301082480395,0.12384629758254535
61,OnlineFPCA-adagrad,0.1,10800,100,face,3,5,0.128455400466919,4,2,0.06610717575491708,0.18240885542779894,0.2524333625425946,0.026551920257849776,0.07377276646094139,0.12429132414933812
61,OnlineFPCA-adagrad,0.1,10900,100,face,3,5,0.126243352890015,4,2,0.13119460715011755,0.17307621214625737,0.2613687054560476,0.025440881983039967,0.07418171386547377,0.12702821128494168
61,OnlineFPCA-adagrad,0.1,11000,100,face,3,5,0.128594875335693,4,2,0.09466279595200706,0.29210060236145957,0.261454449976849,0.02441969060091083,0.07455586334696317,0.12821198712154905
61,OnlineFPCA-adagrad,0.1,11100,100,face,3,5,0.128048181533813,4,2,0.10554282830352348,0.16181997062463838,0.27687514422924936,0.0237234944726819,0.07618298146268018,0.1302060837693741
61,OnlineFPCA-adagrad,0.1,11200,100,face,3,5,0.127520799636841,4,2,0.1098874515887794,0.2867322351305418,0.2701363674896044,0.022968832523531126,0.0767172999385112,0.13186262754212605
61,OnlineFPCA-adagrad,0.1,11300,100,face,3,5,0.132076501846313,4,2,0.09277045905118332,0.1578716884036928,0.4347124523158611,0.022632799535548573,0.07805254512166744,0.1324454576567381
61,OnlineFPCA-adagrad,0.1,11400,100,face,3,5,0.131142139434814,4,2,0.16460798604246027,0.19063882919194103,0.3852297341046416,0.02302636878107929,0.07744723347468933,0.13344474338940215
61,OnlineFPCA-adagrad,0.1,11500,100,face,3,5,0.127093076705933,4,2,0.13075521179409802,0.20511929989117567,0.21394396593511333,0.023197958955431912,0.07738091728649907,0.13414771213403145
61,OnlineFPCA-adagrad,0.1,11600,100,face,3,5,0.127453804016113,4,2,0.1181831294901995,0.18730408197053752,0.20854364571326675,0.02357225908657648,0.07809789122790567,0.1342825107919024
61,OnlineFPCA-adagrad,0.1,11700,100,face,3,5,0.128021717071533,4,2,0.1505444517398136,0.254470726621853,0.1827682317002588,0.024237181490492008,0.07846533811669133,0.13331145531720495
61,OnlineFPCA-adagrad,0.1,11800,100,face,3,5,0.129534006118774,4,2,0.1719280567022878,0.22292695972929946,0.1524224216978103,0.02548648320129481,0.07898217719105081,0.13202437022083546
61,OnlineFPCA-adagrad,0.1,11900,100,face,3,5,0.128523826599121,4,2,0.10587355545848692,0.19458168498677625,0.19101512956874345,0.02589145762364003,0.07920989606278415,0.13125957831098606
61,OnlineFPCA-adagrad,0.1,12000,100,face,3,5,0.127944469451904,4,2,0.13546315304209952,0.18386331504074213,0.21847420179725155,0.026036738899809977,0.07822932801969665,0.13022292635654512
61,OnlineFPCA-adagrad,0.1,12100,100,face,3,5,0.128200769424438,4,2,0.16029570708223434,0.15037912250660787,0.13320384362186294,0.0258914757154062,0.077398310428837,0.12854240316139698
61,OnlineFPCA-adagrad,0.1,12200,100,face,3,5,0.127253770828247,4,2,0.13617509324708033,0.09084714625771374,0.1805966308866978,0.02599697234395651,0.07635026088125779,0.12647379510604936
61,OnlineFPCA-adagrad,0.1,12300,100,face,3,5,0.13048529624939,4,2,0.10133139953258535,0.12296700896759444,0.2261718069182721,0.025409342697944082,0.07578139565246886,0.12578809722168438
61,OnlineFPCA-adagrad,0.1,12400,100,face,3,5,0.126374006271362,4,2,0.13097077899996235,0.06818002126184515,0.12424740529711466,0.025036730247609024,0.07484962445818255,0.12578108602754445
61,OnlineFPCA-adagrad,0.1,12500,100,face,3,5,0.129446268081665,4,2,0.13091212207948683,0.15765965423384595,0.1548164434811548,0.025005245767898105,0.07387110097177434,0.12499565149276234
61,OnlineFPCA-adagrad,0.1,12600,100,face,3,5,0.128553628921509,4,2,0.10750199535933912,0.19458077118239825,0.15389847960228709,0.02506700669402501,0.0741345501409499,0.12422302481161498
61,OnlineFPCA-adagrad,0.1,12700,100,face,3,5,0.128827810287476,4,2,0.12700261806509622,0.2297265872706927,0.17088618082120602,0.025151081287921012,0.07484051813866728,0.12285598398528366
61,OnlineFPCA-adagrad,0.1,12800,100,face,3,5,0.127364158630371,4,2,0.09051728561288903,0.2220681449674126,0.12487489528724187,0.025428051306078975,0.07601532574493468,0.12119315565069146
61,OnlineFPCA-adagrad,0.1,12900,100,face,3,5,0.12818431854248,4,2,0.07442726518451437,0.2058901608706015,0.08603997816227094,0.024847677840806954,0.07715283779817002,0.11978958717235534
61,OnlineFPCA-adagrad,0.1,13000,100,face,3,5,0.12468433380127,4,2,0.12205134287416113,0.2628482772406233,0.14031551020785044,0.024592243430075704,0.07842626973340089,0.11898912140493936
61,OnlineFPCA-adagrad,0.1,13100,100,face,3,5,0.127917528152466,4,2,0.10031029730174042,0.20352871624772653,0.1838647540522784,0.024206981764781445,0.07957153351318795,0.11818218160054887
61,OnlineFPCA-adagrad,0.1,13200,100,face,3,5,0.129839420318604,4,2,0.12876457832315033,0.17948392430156973,0.25770616678589925,0.02448923000470887,0.08055062028728768,0.11741802232639367
61,OnlineFPCA-adagrad,0.1,13300,100,face,3,5,0.127958059310913,4,2,0.08166040283321789,0.13585363297596148,0.18373286617628237,0.024872645842076675,0.08119837473930237,0.11685211143754487
61,OnlineFPCA-adagrad,0.1,13400,100,face,3,5,0.128005743026733,4,2,0.08431218730429277,0.14908911619890017,0.16746578823343727,0.024888463663845756,0.08155422114673412,0.1162836236257198
61,OnlineFPCA-adagrad,0.1,13500,100,face,3,5,0.12783670425415,4,2,0.0824518269275376,0.1365735266616012,0.0998172111110348,0.024521016194255556,0.08170570528823104,0.11529130467365155
61,OnlineFPCA-adagrad,0.1,13600,100,face,3,5,0.127820014953613,4,2,0.050445112003226496,0.09641866385699127,0.17316866511529,0.024134233395417592,0.08143799276677824,0.11495419291077051
61,OnlineFPCA-adagrad,0.1,13700,100,face,3,5,0.124374389648438,4,2,0.06862591320331184,0.15091396944029065,0.19886918394472555,0.02347251722745225,0.08086133645407809,0.11532305597628129
61,OnlineFPCA-adagrad,0.1,13800,100,face,3,5,0.129310369491577,4,2,0.0784027767063827,0.14112950777582292,0.16817557616483447,0.02341362036490806,0.08058080149767181,0.1155634042589323
61,OnlineFPCA-adagrad,0.1,13900,100,face,3,5,0.12755012512207,4,2,0.09938164591859218,0.14526900009598973,0.15679019964610066,0.023330999834785184,0.0804865706621004,0.11573439507508453
61,OnlineFPCA-adagrad,0.1,14000,100,face,3,5,0.12790322303772,4,2,0.07096137294676252,0.15667784330823042,0.2564378779071126,0.02309079847593353,0.08081005253283088,0.11564129202607464
61,OnlineFPCA-adagrad,0.1,14100,100,face,3,5,0.127847671508789,4,2,0.09922203252879018,0.1963066747474902,0.27080567789365095,0.0229503704429985,0.08139755295500069,0.1161475157481494
61,OnlineFPCA-adagrad,0.1,14200,100,face,3,5,0.129956245422363,4,2,0.09053880024160534,0.12376753507239781,0.24525703638570068,0.022876304655767055,0.08183448830428451,0.11726632210526576
61,OnlineFPCA-adagrad,0.1,14300,100,face,3,5,0.127548217773438,4,2,0.14886073587990406,0.11799937849737559,0.2169937895722302,0.022994158368547946,0.0817694144390598,0.11824894740118325
61,OnlineFPCA-adagrad,0.1,14400,100,face,3,5,0.125153064727783,4,2,0.12038579785132389,0.11883158989331295,0.21215853428160542,0.023710824701269666,0.0815088601992471,0.11833139699225656
61,OnlineFPCA-adagrad,0.1,14500,100,face,3,5,0.129512548446655,4,2,0.09071565433832818,0.1501208404260685,0.2807084500606324,0.02392166111257607,0.08159780039109986,0.11847274238023069
61,OnlineFPCA-adagrad,0.1,14600,100,face,3,5,0.128889322280884,4,2,0.07408277905690375,0.21854176791732627,0.14415265245541656,0.02400545230045413,0.08139353808144639,0.1184280486310413
61,OnlineFPCA-adagrad,0.1,14700,100,face,3,5,0.128368854522705,4,2,0.11543020294174605,0.19971086189423293,0.22162197943553735,0.02420268043359445,0.08130884365452556,0.1181642590333501
61,OnlineFPCA-adagrad,0.1,14800,100,face,3,5,0.135439157485962,4,2,0.17519228586830562,0.16556747893180385,0.16265359575292151,0.024484689626945406,0.08069617684101618,0.11819015404041175
61,OnlineFPCA-adagrad,0.1,14900,100,face,3,5,0.127478361129761,4,2,0.11520211078611534,0.1540824740944801,0.17855093375772071,0.02497146468789426,0.0805097668192059,0.11846767737180774
61,OnlineFPCA-adagrad,0.1,15000,100,face,3,5,0.124920129776001,4,2,0.09745208178722317,0.21624056268772296,0.3107817169638196,0.024791378674021623,0.0802904682638869,0.11874427571287463
61,OnlineFPCA-adagrad,0.1,0,100,face,3,5,2.17004084587097,6,1,0.14005815040825267,0.20715332455807106,0.2948934674353061,0.14005815040825267,0.20715332455807106,0.2948934674353061
61,OnlineFPCA-adagrad,0.1,100,100,face,3,5,0.423839330673218,6,1,0.9053538357821053,1.7466153325546465,1.5248645756995711,NA,NA,NA
61,OnlineFPCA-adagrad,0.1,200,100,face,3,5,0.422203063964844,6,1,0.5136494597983853,1.554987956973777,1.2760636852282154,NA,NA,NA
61,OnlineFPCA-adagrad,0.1,300,100,face,3,5,0.428332567214966,6,1,0.6315799849754402,1.8261931318716298,1.7731348186527311,NA,NA,NA
61,OnlineFPCA-adagrad,0.1,400,100,face,3,5,0.427826881408691,6,1,0.9376809250101823,1.3611482680022098,1.1188269648028768,NA,NA,NA
61,OnlineFPCA-adagrad,0.1,500,100,face,3,5,0.423227310180664,6,1,1.0030828235243339,0.9150507538033471,0.9067285481824192,NA,NA,NA
61,OnlineFPCA-adagrad,0.1,600,100,face,3,5,0.426894664764404,6,1,0.9654058290368392,0.8898909542506861,0.9278032647747585,NA,NA,NA
61,OnlineFPCA-adagrad,0.1,700,100,face,3,5,0.423240900039673,6,1,0.9154038949919651,0.8879196726556748,0.9277809789518698,NA,NA,NA
61,OnlineFPCA-adagrad,0.1,800,100,face,3,5,0.577067375183105,6,1,0.8537906129061259,0.8833238330446572,0.9222733768739266,NA,NA,NA
61,OnlineFPCA-adagrad,0.1,900,100,face,3,5,0.419456958770752,6,1,0.7569386949378423,0.8765059457923683,0.9164504979531316,NA,NA,NA
61,OnlineFPCA-adagrad,0.1,1000,100,face,3,5,0.42615818977356,6,1,0.6275697420433135,0.867641868490123,0.9109594325594845,NA,NA,NA
61,OnlineFPCA-adagrad,0.1,1100,100,face,3,5,0.582950830459595,6,1,0.39562181506762795,0.8425654589383874,0.8464308659312338,0.43625872626753737,0.8467796328204815,0.864753743892745
61,OnlineFPCA-adagrad,0.1,1200,100,face,3,5,0.586129188537598,6,1,0.3076085934383122,0.8253274276660774,0.8190428862644987,0.39469396215516617,0.8386369823986181,0.8409275806042507
61,OnlineFPCA-adagrad,0.1,1300,100,face,3,5,0.587111234664917,6,1,0.26843257508879026,0.8172941550544789,0.8099094499279849,0.35213655291765505,0.8297031257248395,0.8237171885781277
61,OnlineFPCA-adagrad,0.1,1400,100,face,3,5,0.585458755493164,6,1,0.2100077423652476,0.8014912508239561,0.7987492005119313,0.3124309426140718,0.8208772864765362,0.8107281159824189
61,OnlineFPCA-adagrad,0.1,1500,100,face,3,5,0.583538055419922,6,1,0.1491117841686573,0.7946878790935846,0.7961596652491929,0.2836951848631831,0.8122028741818856,0.8011615553306783
61,OnlineFPCA-adagrad,0.1,1600,100,face,3,5,0.592827796936035,6,1,0.13247743698550982,0.7937150134850315,0.7970287956140879,0.2586971658833118,0.8067074499064643,0.7956228624048906
61,OnlineFPCA-adagrad,0.1,1700,100,face,3,5,0.585224866867065,6,1,0.1277718457029314,0.794768449494874,0.7994379200041652,0.24008836442438508,0.8034664398356505,0.792991188337385
61,OnlineFPCA-adagrad,0.1,1800,100,face,3,5,0.582316637039185,6,1,0.12556706455198252,0.7954871223295953,0.7999889938741941,0.2253076109366233,0.8013362546805954,0.7916420898756136
61,OnlineFPCA-adagrad,0.1,1900,100,face,3,5,0.590219259262085,6,1,0.11976448247151462,0.794783432135325,0.7999029305796657,0.2137938582957951,0.7998481678920878,0.7909438983200747
61,OnlineFPCA-adagrad,0.1,2000,100,face,3,5,0.584177732467651,6,1,0.11556613910055796,0.7953319971271241,0.7979746417576196,0.20406351472387804,0.7987838477772522,0.7905739955163001
61,OnlineFPCA-adagrad,0.1,2100,100,face,3,5,0.574534177780151,6,1,0.6378212781494103,0.8929177529626834,0.8318143361948133,0.1799503590679394,0.7946260605364034,0.7940349831737448
61,OnlineFPCA-adagrad,0.1,2200,100,face,3,5,0.57140588760376,6,1,0.3446945033204597,0.8132385642901516,0.8094754486802821,0.16285121530688726,0.7964079392998743,0.7976726674569324
61,OnlineFPCA-adagrad,0.1,2300,100,face,3,5,0.57503342628479,6,1,0.20220080721411474,0.811756037756537,0.7700810878401613,0.15813284810002026,0.7957715699425345,0.7959244054965696
61,OnlineFPCA-adagrad,0.1,2400,100,face,3,5,0.572685718536377,6,1,0.2861239447957549,0.7889467380758681,0.7943457961171339,0.14896568360792325,0.7946143691331286,0.7944081160362754
61,OnlineFPCA-adagrad,0.1,2500,100,face,3,5,0.573183536529541,6,1,0.18576637401069052,0.855656281098269,0.8040772922849234,0.13554979945692325,0.7950385041079099,0.793609466026967
61,OnlineFPCA-adagrad,0.1,2600,100,face,3,5,0.627715349197388,6,1,0.07914527241814777,0.8200736808580434,0.8545287598578657,0.12209014398466662,0.7954524244248604,0.7938160981499099
61,OnlineFPCA-adagrad,0.1,2700,100,face,3,5,0.631838798522949,6,1,0.08108494891162148,0.8361264305674302,0.8917650508591676,0.11235955753589469,0.7962993606709962,0.7962160733534982
61,OnlineFPCA-adagrad,0.1,2800,100,face,3,5,0.639434337615967,6,1,0.09775474237249455,0.8785781024901296,0.8561975161041553,0.10289764744663231,0.7985730371146151,0.7979685934332724
61,OnlineFPCA-adagrad,0.1,2900,100,face,3,5,0.640428781509399,6,1,0.08436387478805357,0.900358282765329,0.8769498074597595,0.09532698745867683,0.8030919347620702,0.8014634380671128
61,OnlineFPCA-adagrad,0.1,3000,100,face,3,5,0.781001806259155,6,1,0.12011618926626862,0.903650883462797,0.8883504993291209,0.08924349840088266,0.8079270393846871,0.8047329770532212
61,OnlineFPCA-adagrad,0.1,3100,100,face,3,5,0.626356363296509,6,1,0.0983740653413804,0.9049179914501162,0.9048419116436842,0.08563696577679215,0.8120481619769148,0.8080793030529346
61,OnlineFPCA-adagrad,0.1,3200,100,face,3,5,0.629436492919922,6,1,0.1135555745234572,0.8958875152117196,0.9164272400766579,0.08186042473454196,0.8155070926491155,0.8112354526250736
61,OnlineFPCA-adagrad,0.1,3300,100,face,3,5,0.625296354293823,6,1,0.06611170807629803,0.9033201760228647,0.9027081408390835,0.07797075118949956,0.818657546852531,0.8146426067690169
61,OnlineFPCA-adagrad,0.1,3400,100,face,3,5,0.63421106338501,6,1,0.08076570810702181,0.9128910061739582,0.9208726481111502,0.07667271974781117,0.8223862271858557,0.8184222078202282
61,OnlineFPCA-adagrad,0.1,3500,100,face,3,5,0.632035493850708,6,1,0.0896605412748087,0.9456754897192766,0.9596292687436097,0.07429252619377076,0.8265305824707815,0.8230701901021672
61,OnlineFPCA-adagrad,0.1,3600,100,face,3,5,0.629365682601929,6,1,0.04519612909066524,0.9790818180304787,0.9951333092478565,0.071659207578715,0.8321027568353998,0.8289523155151584
61,OnlineFPCA-adagrad,0.1,3700,100,face,3,5,0.641096591949463,6,1,0.08137724611049549,0.9750714252279483,0.9753184509236573,0.06888012970623852,0.8371100670957353,0.8343770856820358
61,OnlineFPCA-adagrad,0.1,3800,100,face,3,5,0.62924861907959,6,1,0.07443738665069886,0.9714739331646106,0.9658638001402851,0.06610760948049776,0.8418616999348133,0.8390620592119907
61,OnlineFPCA-adagrad,0.1,3900,100,face,3,5,0.633391141891479,6,1,0.10013537739462071,0.9899109986335778,1.009115098629837,0.06299406826094542,0.8463557374731749,0.8431436081036172
61,OnlineFPCA-adagrad,0.1,4000,100,face,3,5,0.634227752685547,6,1,0.061007291213469435,0.8512091822844522,0.847749235417703,0.061007291213469435,0.8512091822844522,0.847749235417703
61,OnlineFPCA-adagrad,0.1,4100,100,face,3,5,0.633541822433472,6,1,0.1858412582256405,0.9003200997013162,0.8576023910288444,0.0829633034257518,0.8532620562604937,0.8677586998088602
61,OnlineFPCA-adagrad,0.1,4200,100,face,3,5,0.632926940917969,6,1,0.13163119017975625,0.8635380225544149,0.8812230077201845,0.0757758478870684,0.8636764734648914,0.8679066626164776
61,OnlineFPCA-adagrad,0.1,4300,100,face,3,5,0.635651826858521,6,1,0.2056602895683452,0.8560680391477428,0.8590989609728121,0.07491837230024116,0.8620904832336834,0.8593673254949116
61,OnlineFPCA-adagrad,0.1,4400,100,face,3,5,0.631807088851929,6,1,0.1457576175870289,0.8460523438347713,0.8613103948733187,0.08917678429696443,0.8523510363230755,0.851740747961851
61,OnlineFPCA-adagrad,0.1,4500,100,face,3,5,0.635317087173462,6,1,0.1606531401729773,0.8590264429454526,0.894095790842023,0.07187277581424946,0.8465382331832239,0.845480473707329
61,OnlineFPCA-adagrad,0.1,4600,100,face,3,5,0.633053064346313,6,1,0.09401354418625911,0.8542002553873654,0.7842453641347426,0.06282548960441366,0.845634046338367,0.8406271709356259
61,OnlineFPCA-adagrad,0.1,4700,100,face,3,5,0.635348081588745,6,1,0.18116050577955187,0.8493852844005191,0.7886442470703359,0.061345915643335684,0.8454415421579308,0.8326438303154432
61,OnlineFPCA-adagrad,0.1,4800,100,face,3,5,0.630200862884521,6,1,0.1894314850202022,0.8263059097238082,0.8152906295233316,0.06251733450376075,0.843801334460455,0.8273292468537956
61,OnlineFPCA-adagrad,0.1,4900,100,face,3,5,0.637737035751343,6,1,0.13436574126245326,0.8225109481285978,0.8170046858035898,0.05782706220267603,0.8399367845086908,0.8254071260035851
61,OnlineFPCA-adagrad,0.1,5000,100,face,3,5,0.632455348968506,6,1,0.1169144171713837,0.820698245835346,0.8401745881819722,0.052773007988821494,0.8352160603574047,0.8226121199402808
61,OnlineFPCA-adagrad,0.1,5100,100,face,3,5,0.127456188201904,6,1,0.09865472599814763,0.7730317270613051,0.8235251093076952,0.055359401300292495,0.826802204441309,0.815908513613741
61,OnlineFPCA-adagrad,0.1,5200,100,face,3,5,0.129513025283813,6,1,0.06789663787956214,0.7584427474866711,0.7415763751050207,0.059088677749061035,0.8175067566162176,0.8061212851682921
61,OnlineFPCA-adagrad,0.1,5300,100,face,3,5,0.128416061401367,6,1,0.13823612144116063,0.788856875792602,0.7408123399774436,0.057202645626414694,0.8099082031589364,0.7965898875383617
61,OnlineFPCA-adagrad,0.1,5400,100,face,3,5,0.129889011383057,6,1,0.08799029480547499,0.7890956680385166,0.7567610437618236,0.05676629848176002,0.8040958654401724,0.7896158531283782
61,OnlineFPCA-adagrad,0.1,5500,100,face,3,5,0.125587463378906,6,1,0.14122174186703826,0.724272346051851,0.7032780812176593,0.05406671213064969,0.799080201043659,0.7840653342093094
61,OnlineFPCA-adagrad,0.1,5600,100,face,3,5,0.127530097961426,6,1,0.18683561536901114,0.6902218184624491,0.6820528983290167,0.05005167477367247,0.7927005725242805,0.7780904522152011
61,OnlineFPCA-adagrad,0.1,5700,100,face,3,5,0.133028268814087,6,1,0.16249198452002866,0.6539244042696976,0.6398926160297381,0.04864837413165996,0.7844907569533521,0.7700214155969327
61,OnlineFPCA-adagrad,0.1,5800,100,face,3,5,0.128290176391602,6,1,0.10468609094115021,0.6728145473525655,0.6281887745588866,0.04399949326827198,0.7767303640293316,0.7630561775349097
61,OnlineFPCA-adagrad,0.1,5900,100,face,3,5,0.129679918289185,6,1,0.15623513965785946,0.6659943259336274,0.657605312039649,0.035651506487437576,0.768917528749157,0.7566492179385268
61,OnlineFPCA-adagrad,0.1,6000,100,face,3,5,0.126434087753296,6,1,0.1101452336444966,0.6471039121565549,0.6645038154084567,0.02878497968666297,0.7603188255461228,0.751581134898712
61,OnlineFPCA-adagrad,0.1,6100,100,face,3,5,0.125069618225098,6,1,0.1309111503912135,0.5733112211829763,0.5914615161851223,0.02511122544034888,0.7497154436730266,0.7436917907131608
61,OnlineFPCA-adagrad,0.1,6200,100,face,3,5,0.131288051605225,6,1,0.14859124928923828,0.6590491658104574,0.5462991567945668,0.02084976154539876,0.7390518124745477,0.7341844751605392
61,OnlineFPCA-adagrad,0.1,6300,100,face,3,5,0.131197452545166,6,1,0.11558064437111872,0.6405613633893366,0.7053921037656534,0.019104842834419145,0.7284598638273208,0.724530868302533
61,OnlineFPCA-adagrad,0.1,6400,100,face,3,5,0.132110595703125,6,1,0.1812499368972661,0.6293235484771479,0.6763418219040687,0.02063826844619691,0.7200624051306348,0.7166680125042132
61,OnlineFPCA-adagrad,0.1,6500,100,face,3,5,0.127633333206177,6,1,0.1534022048103925,0.5965874253394692,0.5434997976649022,0.02041314357343646,0.7124394502724475,0.7099376168825757
61,OnlineFPCA-adagrad,0.1,6600,100,face,3,5,0.126166105270386,6,1,0.14758647583377826,0.5587208035460676,0.5488993112173102,0.020948278366396823,0.7053010866299482,0.7028411949473766
61,OnlineFPCA-adagrad,0.1,6700,100,face,3,5,0.126979351043701,6,1,0.16301245410456336,0.548463997174728,0.47881628479061394,0.02325280943841893,0.6960198179860068,0.6938825202689963
61,OnlineFPCA-adagrad,0.1,6800,100,face,3,5,0.129560708999634,6,1,0.20718809155914697,0.49381029970340357,0.4595868468717911,0.02607349384861804,0.6860480993144689,0.6841752824361265
61,OnlineFPCA-adagrad,0.1,6900,100,face,3,5,0.130916833877563,6,1,0.09609864741848198,0.483761937054618,0.46980025299489026,0.026763420136359396,0.6773952446907602,0.6749120690005503
61,OnlineFPCA-adagrad,0.1,7000,100,face,3,5,0.127893447875977,6,1,0.15227872668063733,0.5019524712387852,0.4987466076477897,0.027878786076486688,0.6698744189903467,0.6667588462770335
61,OnlineFPCA-adagrad,0.1,7100,100,face,3,5,0.130828380584717,6,1,0.1716486284615939,0.45743006175769646,0.4682859708617279,0.0278251451266055,0.662390079545554,0.6591579347666944
61,OnlineFPCA-adagrad,0.1,7200,100,face,3,5,0.12505578994751,6,1,0.14535156362182716,0.46850932742139784,0.46132950468226014,0.028497077240975055,0.6544184106357117,0.6509823961481115
61,OnlineFPCA-adagrad,0.1,7300,100,face,3,5,0.124492406845093,6,1,0.10402136377335064,0.4996277645108963,0.46219047541374514,0.02735027043892608,0.6477904174673107,0.6439865836370282
61,OnlineFPCA-adagrad,0.1,7400,100,face,3,5,0.12738561630249,6,1,0.14284177963299227,0.4415668878291905,0.4423654803370075,0.026518556001911983,0.6420461629017543,0.6380966977971241
61,OnlineFPCA-adagrad,0.1,7500,100,face,3,5,0.127572059631348,6,1,0.13998028940184115,0.5042706724569112,0.46109761718681685,0.025352565416484143,0.6363235152293565,0.632047032550569
61,OnlineFPCA-adagrad,0.1,7600,100,face,3,5,0.13156270980835,6,1,0.1261543106661908,0.470014743358015,0.454493480924664,0.02457105302470808,0.6308874394095804,0.6260365363630691
61,OnlineFPCA-adagrad,0.1,7700,100,face,3,5,0.127718687057495,6,1,0.12872826614669058,0.4351319946041404,0.4696285213934029,0.02469878520105715,0.6252355436867709,0.6199367769299483
61,OnlineFPCA-adagrad,0.1,7800,100,face,3,5,0.134525299072266,6,1,0.11751484806059015,0.47064566808186176,0.4149811944812497,0.024683543779091308,0.6194928134987298,0.613633759855487
61,OnlineFPCA-adagrad,0.1,7900,100,face,3,5,0.130120038986206,6,1,0.10504156198420411,0.4461332568900725,0.4122540630638992,0.022204043027175685,0.6143051174788622,0.6079910326775255
61,OnlineFPCA-adagrad,0.1,8000,100,face,3,5,0.127758741378784,6,1,0.14697862012415341,0.47575270176318807,0.42926362475421204,0.021165550102594896,0.6098872723618108,0.6029843806108725
61,OnlineFPCA-adagrad,0.1,8100,100,face,3,5,0.130908250808716,6,1,0.11665816127060909,0.4122106670889108,0.44058999510550834,0.02045708939326373,0.6052565237428749,0.5979933617571525
61,OnlineFPCA-adagrad,0.1,8200,100,face,3,5,0.128253936767578,6,1,0.13853075354686195,0.37267906900810877,0.4581817143998521,0.02155308629832821,0.5998737513300585,0.592483593445813
61,OnlineFPCA-adagrad,0.1,8300,100,face,3,5,0.125981330871582,6,1,0.0813167643194536,0.32230289694169784,0.3527049505654794,0.02268872917476486,0.5935914973507559,0.586346801852534
61,OnlineFPCA-adagrad,0.1,8400,100,face,3,5,0.124754190444946,6,1,0.09095560071089352,0.3220087136456964,0.3544263552800175,0.02326294479091539,0.5873968032525335,0.5802816443909584
61,OnlineFPCA-adagrad,0.1,8500,100,face,3,5,0.129172086715698,6,1,0.09743639010752944,0.3577122526172003,0.3597395553680047,0.022254931157707915,0.5812939236998588,0.5744183397101931
61,OnlineFPCA-adagrad,0.1,8600,100,face,3,5,0.130477428436279,6,1,0.06946214654677264,0.33734636586502903,0.38034123005384807,0.021378330902073178,0.5758913192184779,0.569178109900669
61,OnlineFPCA-adagrad,0.1,8700,100,face,3,5,0.127552509307861,6,1,0.07860618284053575,0.3760793419575262,0.3634082553367034,0.01957865195340169,0.5704948382964438,0.5642703815341381
61,OnlineFPCA-adagrad,0.1,8800,100,face,3,5,0.128770589828491,6,1,0.09125263954772599,0.37191733421643797,0.35560381759805604,0.019540542657915876,0.565651262251306,0.5595503795299529
61,OnlineFPCA-adagrad,0.1,8900,100,face,3,5,0.124645233154297,6,1,0.12025188909739443,0.37756885646696525,0.37467772080565864,0.019387478999737327,0.561201098780956,0.5548783244664395
61,OnlineFPCA-adagrad,0.1,9000,100,face,3,5,0.131576299667358,6,1,0.07870006407877018,0.3797614784080573,0.39312552748478513,0.018987216706014186,0.5567447835894482,0.5502768484573617
61,OnlineFPCA-adagrad,0.1,9100,100,face,3,5,0.129027605056763,6,1,0.12215156791513421,0.4140875150114108,0.3569320425930283,0.018875392391342373,0.5522193777049228,0.5455176338775898
61,OnlineFPCA-adagrad,0.1,9200,100,face,3,5,0.130170583724976,6,1,0.09355487902682462,0.318120244660617,0.34324437827087995,0.018947304872136885,0.5478671262815069,0.5409140450573362
61,OnlineFPCA-adagrad,0.1,9300,100,face,3,5,0.125052690505981,6,1,0.16290265682355695,0.2759633055747965,0.29994595775038063,0.019446891326291134,0.5425806592790726,0.5355313573940831
61,OnlineFPCA-adagrad,0.1,9400,100,face,3,5,0.124527215957642,6,1,0.12751238712531296,0.2662489532225724,0.29336611212435926,0.02131852740824251,0.5368535041390741,0.5296455905527467
61,OnlineFPCA-adagrad,0.1,9500,100,face,3,5,0.126955509185791,6,1,0.10853231062959857,0.2777099369200956,0.3434189112180421,0.021748097094439527,0.5312164850324478,0.5236307363087758
61,OnlineFPCA-adagrad,0.1,9600,100,face,3,5,0.129912137985229,6,1,0.0854104468970468,0.324899944282686,0.22048575599672693,0.02185623931233379,0.5253691379007304,0.517608532623199
61,OnlineFPCA-adagrad,0.1,9700,100,face,3,5,0.132063865661621,6,1,0.13385501296924168,0.2977712567981464,0.2632879483469146,0.022156466320786175,0.5196935248702332,0.5116502378192351
61,OnlineFPCA-adagrad,0.1,9800,100,face,3,5,0.128872632980347,6,1,0.17973916297931858,0.23097877543912115,0.22731779195313306,0.022712420817575144,0.5138428478634709,0.5060458086914744
61,OnlineFPCA-adagrad,0.1,9900,100,face,3,5,0.127835273742676,6,1,0.11740990088968621,0.2228521621182401,0.22399323549797723,0.023484182311955704,0.508022262579492,0.5005334150607446
61,OnlineFPCA-adagrad,0.1,10000,100,face,3,5,0.127380609512329,6,1,0.10962574228862748,0.2954253409079996,0.32656903651113295,0.02319223594714545,0.5021291796413356,0.49500369639876307
61,OnlineFPCA-adagrad,0.1,10100,100,face,3,5,0.126779794692993,6,1,0.09394893674865731,0.19772823008630808,0.3859250592348545,0.023656440010878535,0.4966902379194097,0.4899640773190735
61,OnlineFPCA-adagrad,0.1,10200,100,face,3,5,0.132493019104004,6,1,0.07827066826427351,0.19085568498019756,0.28645053783447216,0.02436272735874799,0.49080891488122047,0.48429406886912435
61,OnlineFPCA-adagrad,0.1,10300,100,face,3,5,0.127731323242188,6,1,0.10173453680933166,0.20450779705624794,0.32268341891579205,0.024500667117409353,0.4845452055206661,0.47829091910880517
61,OnlineFPCA-adagrad,0.1,10400,100,face,3,5,0.130834579467773,6,1,0.07627852140886728,0.18837860001753232,0.3813008319079554,0.025036507109769682,0.4781278932041434,0.47245642721148756
61,OnlineFPCA-adagrad,0.1,10500,100,face,3,5,0.125916004180908,6,1,0.09680115343127188,0.19006224202834826,0.19166611602140488,0.025107633098226164,0.4720112744007669,0.4668112466839166
61,OnlineFPCA-adagrad,0.1,10600,100,face,3,5,0.127914667129517,6,1,0.15558411293860824,0.16315371596387418,0.1694829523981406,0.02464151143035764,0.46609877864917093,0.4611888755634597
61,OnlineFPCA-adagrad,0.1,10700,100,face,3,5,0.131443977355957,6,1,0.1421962837855222,0.18486354315338274,0.21577306255848092,0.02475058800029433,0.4607257757496158,0.4559071785697723
61,OnlineFPCA-adagrad,0.1,10800,100,face,3,5,0.128681898117065,6,1,0.06651824664696329,0.2173610213572854,0.22939159704936526,0.024725082125386388,0.4557251583817359,0.4510859381215719
61,OnlineFPCA-adagrad,0.1,10900,100,face,3,5,0.13085675239563,6,1,0.13213150062302664,0.2241299576995983,0.2523077535064841,0.023549436417116647,0.45065789749749546,0.446407989441445
61,OnlineFPCA-adagrad,0.1,11000,100,face,3,5,0.125579118728638,6,1,0.09787543588957905,0.31471297160395884,0.2655090163424787,0.022396135202188985,0.4459650656905571,0.4422822964306629
61,OnlineFPCA-adagrad,0.1,11100,100,face,3,5,0.124927520751953,6,1,0.10186064716470537,0.18200386912209032,0.25224945670410426,0.021600976086928913,0.4412516951848604,0.4380117824279721
61,OnlineFPCA-adagrad,0.1,11200,100,face,3,5,0.127745389938354,6,1,0.11010936253022988,0.31208355469105387,0.23522580824901776,0.02072712213954072,0.4362548653582079,0.43337658658689154
61,OnlineFPCA-adagrad,0.1,11300,100,face,3,5,0.126885175704956,6,1,0.09110223394054465,0.1725389074526333,0.3733213092769364,0.020360697030767927,0.4309025287476661,0.42803317419185344
61,OnlineFPCA-adagrad,0.1,11400,100,face,3,5,0.12932825088501,6,1,0.16360111179962106,0.20089335694156013,0.3289755737581034,0.02066314348948012,0.42565872576663566,0.42306296692715084
61,OnlineFPCA-adagrad,0.1,11500,100,face,3,5,0.127445697784424,6,1,0.128665330658956,0.1921035667419092,0.17196477002201915,0.020617161843226536,0.42034713765640985,0.41805908844816353
61,OnlineFPCA-adagrad,0.1,11600,100,face,3,5,0.126836776733398,6,1,0.11878561789491923,0.19055932641380596,0.1811446357979015,0.020850731767766167,0.41522219496789664,0.4129452363346396
61,OnlineFPCA-adagrad,0.1,11700,100,face,3,5,0.128823518753052,6,1,0.14921155096239883,0.2510677721264058,0.13972832750553701,0.02151798148212515,0.40996713304811294,0.40772511916308424
61,OnlineFPCA-adagrad,0.1,11800,100,face,3,5,0.1274573802948,6,1,0.1719252701526365,0.21350896819417284,0.1325341159838998,0.022661847595246195,0.40462807043618987,0.402364925061339
61,OnlineFPCA-adagrad,0.1,11900,100,face,3,5,0.140392541885376,6,1,0.1058992756909606,0.18388241096864447,0.16124662806729026,0.02302494816737973,0.39955921103127784,0.39721553103881074
61,OnlineFPCA-adagrad,0.1,12000,100,face,3,5,0.128196001052856,6,1,0.13640835554367622,0.19411230984997419,0.19447944285536162,0.023135353361058444,0.3946867247805079,0.39234572638324955
61,OnlineFPCA-adagrad,0.1,12100,100,face,3,5,0.126901149749756,6,1,0.1601712942572052,0.1490710373363237,0.13967859382468936,0.02296985844033655,0.3900169661641482,0.38779179001719766
61,OnlineFPCA-adagrad,0.1,12200,100,face,3,5,0.124828100204468,6,1,0.13290415019426002,0.09970590434129085,0.17752271653388793,0.0230786522789748,0.3854494418257736,0.3832115910386795
61,OnlineFPCA-adagrad,0.1,12300,100,face,3,5,0.128689050674438,6,1,0.09994454120726247,0.14792540204945587,0.2089560257437521,0.022494874248464705,0.38134007173117757,0.3791157956271636
61,OnlineFPCA-adagrad,0.1,12400,100,face,3,5,0.131967067718506,6,1,0.1310783032012729,0.09168246930760611,0.12082765428346684,0.022137954155789057,0.3774870638826176,0.37541206302497354
61,OnlineFPCA-adagrad,0.1,12500,100,face,3,5,0.127808094024658,6,1,0.12860012785416536,0.1786202543414286,0.15822751387721276,0.022040807846580013,0.37364963122425343,0.3716044247105986
61,OnlineFPCA-adagrad,0.1,12600,100,face,3,5,0.131677627563477,6,1,0.10812829686846737,0.2054570553685935,0.15287780038915724,0.02204547912083841,0.37008308503186566,0.36786996491567564
61,OnlineFPCA-adagrad,0.1,12700,100,face,3,5,0.124701738357544,6,1,0.12307545121999772,0.22587822802997257,0.15870416853321026,0.022153411302406566,0.3662949051777246,0.3637532287793332
61,OnlineFPCA-adagrad,0.1,12800,100,face,3,5,0.125119209289551,6,1,0.09296031410441545,0.21413301458588205,0.08453301378939249,0.022450772506912114,0.3621861233855981,0.35905492115288695
61,OnlineFPCA-adagrad,0.1,12900,100,face,3,5,0.128135681152344,6,1,0.07753459349113524,0.19734223922592609,0.04613348428778056,0.021867809007553248,0.3579908243614661,0.35420621290706866
61,OnlineFPCA-adagrad,0.1,13000,100,face,3,5,0.127825736999512,6,1,0.12392439595250862,0.25630753395230066,0.11892222331315547,0.021685668750682112,0.35438878978096955,0.3500541359691083
61,OnlineFPCA-adagrad,0.1,13100,100,face,3,5,0.130619049072266,6,1,0.10062824446101,0.19362333746701216,0.168114687436707,0.02146009680303659,0.3508172464483576,0.3460724446436325
61,OnlineFPCA-adagrad,0.1,13200,100,face,3,5,0.127817869186401,6,1,0.12843461969183492,0.16383717716711932,0.23304209247542199,0.02187613469477595,0.34726943459872145,0.3422790043568896
61,OnlineFPCA-adagrad,0.1,13300,100,face,3,5,0.12532901763916,6,1,0.08061584984346508,0.10974943534097285,0.1569196966725472,0.02235437061734454,0.3432935394401604,0.3382145444643002
61,OnlineFPCA-adagrad,0.1,13400,100,face,3,5,0.12724781036377,6,1,0.08444686738517472,0.12882037015521905,0.13709021064234653,0.022524258690937105,0.3392681755166503,0.3341146262012925
61,OnlineFPCA-adagrad,0.1,13500,100,face,3,5,0.12982702255249,6,1,0.08299789117455247,0.13228595121495523,0.08484276848613619,0.02220797217769847,0.3355023347484318,0.33021353883213195
61,OnlineFPCA-adagrad,0.1,13600,100,face,3,5,0.131418466567993,6,1,0.051006814584847834,0.08945310926150869,0.15838958772919054,0.021882405419648653,0.3319182818993117,0.3267094906898879
61,OnlineFPCA-adagrad,0.1,13700,100,face,3,5,0.127718687057495,6,1,0.06965268687525691,0.14855329634324627,0.17781564726922636,0.02118224910678691,0.3281123956539779,0.32330642342931637
61,OnlineFPCA-adagrad,0.1,13800,100,face,3,5,0.125564336776733,6,1,0.07852840731560264,0.13250824123553245,0.14530044942720513,0.021122629861770152,0.3243455744094575,0.3197235231061746
61,OnlineFPCA-adagrad,0.1,13900,100,face,3,5,0.125486850738525,6,1,0.10005823564955663,0.14020336469635927,0.12839804799414256,0.02104692903843621,0.3207578071850439,0.3161502836448743
61,OnlineFPCA-adagrad,0.1,14000,100,face,3,5,0.128286361694336,6,1,0.07054687764780283,0.15329561595057994,0.23004077032702938,0.020827634949756486,0.31737960369717394,0.3126880398746789
61,OnlineFPCA-adagrad,0.1,14100,100,face,3,5,0.128274440765381,6,1,0.09925833057790968,0.20489287926534872,0.2408416207754731,0.020720540170961206,0.3142430293612825,0.3094827150942314
61,OnlineFPCA-adagrad,0.1,14200,100,face,3,5,0.132726907730103,6,1,0.09011767809658776,0.12088693164844078,0.21599426984201814,0.020705049890073945,0.3114391360267751,0.3067827975977376
61,OnlineFPCA-adagrad,0.1,14300,100,face,3,5,0.129101037979126,6,1,0.14851934172783643,0.11173557041189701,0.19444318237968555,0.020883753503650175,0.3082410819807489,0.30378956014412534
61,OnlineFPCA-adagrad,0.1,14400,100,face,3,5,0.126065015792847,6,1,0.1200927680690216,0.11754843642169942,0.1921373368925473,0.02169934161477876,0.30497736008515886,0.3005452062667515
61,OnlineFPCA-adagrad,0.1,14500,100,face,3,5,0.12874174118042,6,1,0.08974204166552259,0.14587822919127522,0.25947868737956903,0.021947676864920655,0.30181236422536917,0.297261562824699
61,OnlineFPCA-adagrad,0.1,14600,100,face,3,5,0.129028081893921,6,1,0.07481380520111931,0.22294617773133749,0.13101035909056052,0.022054441854163807,0.29846888977173797,0.2939505091112594
61,OnlineFPCA-adagrad,0.1,14700,100,face,3,5,0.131301164627075,6,1,0.11461030917376848,0.19730696481062007,0.2062182611288165,0.02224777119378022,0.29518869857600794,0.290594685841393
61,OnlineFPCA-adagrad,0.1,14800,100,face,3,5,0.128763914108276,6,1,0.1732303911841507,0.15746572525127037,0.15242108410712416,0.022534783234585697,0.2916803092080184,0.28740088314758
61,OnlineFPCA-adagrad,0.1,14900,100,face,3,5,0.127784490585327,6,1,0.11562411277689413,0.14661579472158032,0.16475722208093788,0.023027946867477108,0.2883318216970421,0.2843766846377449
61,OnlineFPCA-adagrad,0.1,15000,100,face,3,5,0.126923561096191,6,1,0.0981776298237468,0.21743421229734833,0.2890714052568311,0.02291145311618125,0.28510266489767166,0.28151116983347024
61,OnlineFPCA-adagrad,0.1,0,100,face,3,5,2.17004084587097,6,2,0.14005815040825267,0.20715332455807106,0.2948934674353061,0.14005815040825267,0.20715332455807106,0.2948934674353061
61,OnlineFPCA-adagrad,0.1,100,100,face,3,5,0.426369428634644,6,2,0.8726090453940811,0.49963526255764196,1.5047872322923173,NA,NA,NA
61,OnlineFPCA-adagrad,0.1,200,100,face,3,5,0.422314405441284,6,2,1.9233486839761185,1.2488208396694387,1.6530241994860075,NA,NA,NA
61,OnlineFPCA-adagrad,0.1,300,100,face,3,5,0.421539068222046,6,2,0.5687079254574638,1.124350485500462,1.2239056972384992,NA,NA,NA
61,OnlineFPCA-adagrad,0.1,400,100,face,3,5,0.577672481536865,6,2,0.5660079339323191,1.3187937185400918,1.46828761433137,NA,NA,NA
61,OnlineFPCA-adagrad,0.1,500,100,face,3,5,0.420414209365845,6,2,1.079388328885125,0.6830530252811677,0.6981412058971406,NA,NA,NA
61,OnlineFPCA-adagrad,0.1,600,100,face,3,5,0.419923067092896,6,2,0.9686245488359118,0.5951618936909885,0.932947859841028,NA,NA,NA
61,OnlineFPCA-adagrad,0.1,700,100,face,3,5,0.421682834625244,6,2,0.8249146203478809,0.3311162311862719,0.8356854586856485,NA,NA,NA
61,OnlineFPCA-adagrad,0.1,800,100,face,3,5,0.419775724411011,6,2,0.8073266857598504,0.32902202131983144,0.8277089235637298,NA,NA,NA
61,OnlineFPCA-adagrad,0.1,900,100,face,3,5,0.42351245880127,6,2,0.7868860142141032,0.327786608079625,0.8221412490554189,NA,NA,NA
61,OnlineFPCA-adagrad,0.1,1000,100,face,3,5,0.419150352478027,6,2,0.7651227058534014,0.3268745526629909,0.8142513608028206,NA,NA,NA
61,OnlineFPCA-adagrad,0.1,1100,100,face,3,5,0.582285404205322,6,2,0.6020757917422795,0.25273842388823803,0.6471632460547205,0.6435757952393832,0.29066732975828496,0.7162284934363834
61,OnlineFPCA-adagrad,0.1,1200,100,face,3,5,0.597198247909546,6,2,0.2714715794338697,0.1913179139520457,0.3487765833923168,0.5424182893965853,0.26736558777837105,0.5889993198799987
61,OnlineFPCA-adagrad,0.1,1300,100,face,3,5,0.5822913646698,6,2,0.5195714578113433,0.42563720117251763,0.40845566964384195,0.3326545254375422,0.2202177290548381,0.41448521626051427
61,OnlineFPCA-adagrad,0.1,1400,100,face,3,5,0.582969188690186,6,2,0.14708092580351181,0.22191365773559124,0.27123200083597804,0.2969667397736004,0.21261353605423416,0.3708753258315151
61,OnlineFPCA-adagrad,0.1,1500,100,face,3,5,0.585838079452515,6,2,0.1159353368981273,0.18614817078689527,0.25932938520704757,0.23799448829912073,0.20572140052825946,0.3313721698175539
61,OnlineFPCA-adagrad,0.1,1600,100,face,3,5,0.587017774581909,6,2,0.08079713937904606,0.1890112315095125,0.2566446887881882,0.19548660495022474,0.19890843046271972,0.3048302327813662
61,OnlineFPCA-adagrad,0.1,1700,100,face,3,5,0.584988355636597,6,2,0.07697842843563174,0.19393011403037191,0.2614675425807466,0.1667203374569156,0.19629932399298555,0.2894780565120326
61,OnlineFPCA-adagrad,0.1,1800,100,face,3,5,0.586150169372559,6,2,0.08424115704149994,0.19845014185646376,0.26832737164188547,0.14484535076894695,0.19481033596415964,0.27951983610423264
61,OnlineFPCA-adagrad,0.1,1900,100,face,3,5,0.585118055343628,6,2,0.08671111906846125,0.19398600286739245,0.2635440760170841,0.1283292793473243,0.19406375098612502,0.27371027923127944
61,OnlineFPCA-adagrad,0.1,2000,100,face,3,5,0.590830564498901,6,2,0.09114674107684116,0.19387278861425414,0.2536521151377617,0.11615768700854565,0.19335111534175597,0.26885600126308024
61,OnlineFPCA-adagrad,0.1,2100,100,face,3,5,0.582470893859863,6,2,0.31467796676045146,0.21966551915263977,0.26832969576345345,0.1094022347775107,0.19264022869473285,0.26865238475701525
61,OnlineFPCA-adagrad,0.1,2200,100,face,3,5,0.57972526550293,6,2,0.4006128205503092,0.25574989045675794,0.3942824030062358,0.10419338251034524,0.1886964933405568,0.2678748352101064
61,OnlineFPCA-adagrad,0.1,2300,100,face,3,5,0.579023122787476,6,2,0.19027479073599265,0.21546905341865938,0.25998145863281624,0.10669443478235804,0.18536167564621175,0.26883345426443017
61,OnlineFPCA-adagrad,0.1,2400,100,face,3,5,0.582391262054443,6,2,0.2513536411399684,0.20895700728745037,0.20950863401146572,0.10049424596138128,0.18003050118442937,0.2565676969709646
61,OnlineFPCA-adagrad,0.1,2500,100,face,3,5,0.573817491531372,6,2,0.20736429366559175,0.3219171787834828,0.2607430905818588,0.08931957982814162,0.17477626646179956,0.2478013671442411
61,OnlineFPCA-adagrad,0.1,2600,100,face,3,5,0.627076864242554,6,2,0.12211193597574223,0.28780142705086215,0.2618070056734409,0.07920871633228123,0.17418480563885563,0.248825740544365
61,OnlineFPCA-adagrad,0.1,2700,100,face,3,5,0.781158447265625,6,2,0.147688820442554,0.2504077531038432,0.27062545610088157,0.07293814735183199,0.17273655532938226,0.24828510802909473
61,OnlineFPCA-adagrad,0.1,2800,100,face,3,5,0.629053354263306,6,2,0.12557789968444646,0.2910761862363636,0.08366661578570879,0.06585024628548022,0.16950959015076217,0.23759829265188773
61,OnlineFPCA-adagrad,0.1,2900,100,face,3,5,0.630946159362793,6,2,0.1120697149404181,0.1982168775782553,0.1840649168962261,0.05826863690559169,0.16265364937797508,0.22573144662156877
61,OnlineFPCA-adagrad,0.1,3000,100,face,3,5,0.627920627593994,6,2,0.1619272474757626,0.24170221239361778,0.22369945853963624,0.05370145955919578,0.16109146507858849,0.21759969187005204
61,OnlineFPCA-adagrad,0.1,3100,100,face,3,5,0.627611637115479,6,2,0.13059739801601306,0.19715590047849096,0.2207036639620112,0.05141275892415754,0.1583343334446849,0.21211596207823663
61,OnlineFPCA-adagrad,0.1,3200,100,face,3,5,0.629770040512085,6,2,0.14980546385393487,0.1606144761774663,0.29773987632630283,0.04883435945514731,0.15650061212753336,0.2084734200223199
61,OnlineFPCA-adagrad,0.1,3300,100,face,3,5,0.647533178329468,6,2,0.0885065680681011,0.0835367661654667,0.13210691217282794,0.045643544232597845,0.15083974243504736,0.20269700875616697
61,OnlineFPCA-adagrad,0.1,3400,100,face,3,5,0.647425651550293,6,2,0.08819609891894127,0.13638020959025368,0.15898435818669424,0.04577493827523379,0.1461935843407045,0.19499867516138375
61,OnlineFPCA-adagrad,0.1,3500,100,face,3,5,0.630035400390625,6,2,0.10632844522361776,0.17916558527800056,0.22245202725547267,0.04235427950277312,0.1419318195989947,0.18408579921363402
61,OnlineFPCA-adagrad,0.1,3600,100,face,3,5,0.627032041549683,6,2,0.08151152175965037,0.14196723228189828,0.2572013813222679,0.03974529632833607,0.1391185086339675,0.18099633223078648
61,OnlineFPCA-adagrad,0.1,3700,100,face,3,5,0.625239610671997,6,2,0.08537131940433358,0.22864557434973082,0.27051391984681084,0.03784531918580339,0.13595260375875268,0.17580202248997429
61,OnlineFPCA-adagrad,0.1,3800,100,face,3,5,0.6278977394104,6,2,0.1156758262620468,0.21136330126402042,0.23168543212494194,0.03724535479224251,0.1337338217696147,0.1686892798925614
61,OnlineFPCA-adagrad,0.1,3900,100,face,3,5,0.634487152099609,6,2,0.14328423048395578,0.19672390411186114,0.26857072982371516,0.03582074563399272,0.13322239335341662,0.16075186114793158
61,OnlineFPCA-adagrad,0.1,4000,100,face,3,5,0.63310980796814,6,2,0.03474254334279566,0.13311288712452876,0.15493044096849357,0.03474254334279566,0.13311288712452876,0.15493044096849357
61,OnlineFPCA-adagrad,0.1,4100,100,face,3,5,0.643167972564697,6,2,0.1961112774467516,0.24151418850164633,0.2571129674947182,0.08505774791494305,0.1615440761175575,0.1449316994258581
61,OnlineFPCA-adagrad,0.1,4200,100,face,3,5,0.630031108856201,6,2,0.1423781856916281,0.15315761079743592,0.3027069393329672,0.07710559233649418,0.1598962151477507,0.20518565124414276
61,OnlineFPCA-adagrad,0.1,4300,100,face,3,5,0.630096673965454,6,2,0.2026646008119013,0.1514591587284779,0.23120387896787714,0.07943711587764359,0.13439772294502839,0.18961426661590633
61,OnlineFPCA-adagrad,0.1,4400,100,face,3,5,0.632350921630859,6,2,0.14648204318398156,0.1756535005682013,0.2778317939033448,0.09307650097475756,0.1167339210732044,0.16140096555066988
61,OnlineFPCA-adagrad,0.1,4500,100,face,3,5,0.634741544723511,6,2,0.16190056237571865,0.21292202506813943,0.44370616664218265,0.07414946482077445,0.12361145295744976,0.16257780081184697
61,OnlineFPCA-adagrad,0.1,4600,100,face,3,5,0.638796329498291,6,2,0.08603493668629661,0.3170668042798758,0.2179794764492687,0.06256915250523691,0.1264560253190054,0.1765732145460075
61,OnlineFPCA-adagrad,0.1,4700,100,face,3,5,0.791460990905762,6,2,0.18374167767698898,0.24951457966951554,0.308202661111255,0.06137006115890576,0.1439428219664909,0.17941102487642777
61,OnlineFPCA-adagrad,0.1,4800,100,face,3,5,0.631348609924316,6,2,0.20552216351658584,0.17012711795576707,0.17944074122900672,0.06410515323466336,0.13433300223505573,0.1804531594168342
61,OnlineFPCA-adagrad,0.1,4900,100,face,3,5,0.627972364425659,6,2,0.1168641555387381,0.15476955613602703,0.19929153516844006,0.06006589780834505,0.1181348484043875,0.17382349063172672
61,OnlineFPCA-adagrad,0.1,5000,100,face,3,5,0.628613471984863,6,2,0.10381560617281237,0.28174029131850525,0.4198880696269721,0.05264748256777351,0.11509179731008108,0.15917554174159398
61,OnlineFPCA-adagrad,0.1,5100,100,face,3,5,0.128158330917358,6,2,0.10838799486928787,0.0764569138714665,0.4718918135812771,0.0543100628525602,0.11168447832073528,0.16821155028381535
61,OnlineFPCA-adagrad,0.1,5200,100,face,3,5,0.126239061355591,6,2,0.06390841519613016,0.17903891610127645,0.3823265097972626,0.058313039193579413,0.10688628686823262,0.1813458589478011
61,OnlineFPCA-adagrad,0.1,5300,100,face,3,5,0.131809711456299,6,2,0.12734697660310226,0.1533482709366554,0.41221631975256084,0.05564798172582755,0.10358716880189117,0.1774828236855811
61,OnlineFPCA-adagrad,0.1,5400,100,face,3,5,0.132957220077515,6,2,0.08515540371928954,0.14792011290976514,0.4396503887569281,0.05597540460028068,0.09773378005086787,0.1808792938632041
61,OnlineFPCA-adagrad,0.1,5500,100,face,3,5,0.128770589828491,6,2,0.15095815094354434,0.17301929069429414,0.21413733950948127,0.05264817739162021,0.0972437053429092,0.18511386624211698
61,OnlineFPCA-adagrad,0.1,5600,100,face,3,5,0.125385046005249,6,2,0.17853813843893535,0.13287105705852842,0.17932002930957758,0.04763892533647273,0.0951017839034807,0.183676910230328
61,OnlineFPCA-adagrad,0.1,5700,100,face,3,5,0.124337434768677,6,2,0.18315179470218196,0.1519447211301258,0.20277312251676213,0.04654559931758796,0.09444164405928314,0.17692774366240172
61,OnlineFPCA-adagrad,0.1,5800,100,face,3,5,0.128844499588013,6,2,0.08708294571874566,0.2146961426383422,0.28677263710839845,0.043603535003593694,0.09215034947852688,0.1783376013224947
61,OnlineFPCA-adagrad,0.1,5900,100,face,3,5,0.128605127334595,6,2,0.14838479553063177,0.20685313919873005,0.28775089679923854,0.03700041480583424,0.0879152001564576,0.18642549868466637
61,OnlineFPCA-adagrad,0.1,6000,100,face,3,5,0.131669044494629,6,2,0.10713390776343032,0.35857468008723276,0.3205332130100311,0.03178763218874658,0.0819855721687402,0.18762043063576622
61,OnlineFPCA-adagrad,0.1,6100,100,face,3,5,0.132472038269043,6,2,0.13432038606259655,0.16640474997473678,0.3305748727785726,0.028166446585392305,0.08188278970585144,0.19145852946670838
61,OnlineFPCA-adagrad,0.1,6200,100,face,3,5,0.125983953475952,6,2,0.1530691344721918,0.35100653733308285,0.30331077045082905,0.02432854482550599,0.0802898681258025,0.19191979650899865
61,OnlineFPCA-adagrad,0.1,6300,100,face,3,5,0.128982782363892,6,2,0.11511811363205086,0.17837355606840144,0.5759156699006351,0.022554869372458822,0.08184618237500242,0.1869241957287102
61,OnlineFPCA-adagrad,0.1,6400,100,face,3,5,0.127599000930786,6,2,0.18551193944618072,0.21629825829933017,0.563577090263205,0.024615142543227025,0.07753255680701396,0.18458543925767745
61,OnlineFPCA-adagrad,0.1,6500,100,face,3,5,0.131889343261719,6,2,0.1540168995199333,0.2635980735043495,0.32908242438462176,0.025603993218271993,0.07603119456228012,0.18580571974136656
61,OnlineFPCA-adagrad,0.1,6600,100,face,3,5,0.128407001495361,6,2,0.13190943745485623,0.19162096167936649,0.270570090566663,0.026648619162975826,0.07759033572006634,0.1849434317637237
61,OnlineFPCA-adagrad,0.1,6700,100,face,3,5,0.128856420516968,6,2,0.16790734192062265,0.2886165224215431,0.2549220479367898,0.028611682254805537,0.07777489163470562,0.17908424731305894
61,OnlineFPCA-adagrad,0.1,6800,100,face,3,5,0.125672340393066,6,2,0.19874633885904514,0.2468667279859841,0.18214253044469622,0.03196922112801358,0.07943120904311661,0.17293857442671362
61,OnlineFPCA-adagrad,0.1,6900,100,face,3,5,0.127631902694702,6,2,0.10119543405150884,0.20782862867982868,0.2284444676384994,0.032482499705777844,0.08014671916959226,0.16828345031036182
61,OnlineFPCA-adagrad,0.1,7000,100,face,3,5,0.130261421203613,6,2,0.1436128042560149,0.2141355617243566,0.25658336037055235,0.0333441842155626,0.07687116193081489,0.16255776994755838
61,OnlineFPCA-adagrad,0.1,7100,100,face,3,5,0.128172397613525,6,2,0.17000005394636808,0.14655048732349227,0.13854764480332696,0.03297511824385854,0.07459607545295616,0.15517370729350788
61,OnlineFPCA-adagrad,0.1,7200,100,face,3,5,0.130898952484131,6,2,0.15749866523126124,0.11700353173428485,0.18589844803961425,0.03345089517742829,0.07157356027470704,0.14767397505546864
61,OnlineFPCA-adagrad,0.1,7300,100,face,3,5,0.125307083129883,6,2,0.10768404040278788,0.14978968956573485,0.2505333084771072,0.03204032433422587,0.07013046079142435,0.14484310348258803
61,OnlineFPCA-adagrad,0.1,7400,100,face,3,5,0.125922441482544,6,2,0.14189786348936448,0.09231491176956269,0.14404619668658136,0.03098025061171307,0.06760595453675376,0.1443526973807943
61,OnlineFPCA-adagrad,0.1,7500,100,face,3,5,0.131439447402954,6,2,0.14673718024690222,0.2000839530330913,0.19648450714827662,0.030134426066111535,0.06460095235945808,0.14118933928410582
61,OnlineFPCA-adagrad,0.1,7600,100,face,3,5,0.128388166427612,6,2,0.11877425282907919,0.23675489070634254,0.18442433966179705,0.029641243472206064,0.06563732798428619,0.13825063989000544
61,OnlineFPCA-adagrad,0.1,7700,100,face,3,5,0.132660388946533,6,2,0.1411167094521472,0.25439810457875767,0.19738148267528968,0.029576694815304446,0.06788142369436784,0.13443131520447804
61,OnlineFPCA-adagrad,0.1,7800,100,face,3,5,0.127065658569336,6,2,0.09944743172601689,0.2481573010274473,0.12213793765966505,0.029694194500819473,0.0709927563381514,0.12961451787681144
61,OnlineFPCA-adagrad,0.1,7900,100,face,3,5,0.124659776687622,6,2,0.09009129852031982,0.21793165702260126,0.08614783060967265,0.0275368678788098,0.0730574723702798,0.12599081410943946
61,OnlineFPCA-adagrad,0.1,8000,100,face,3,5,0.13215970993042,6,2,0.14069532877541227,0.273653734704522,0.17096614537410398,0.026375123024291798,0.07572547104777014,0.12376369175031147
61,OnlineFPCA-adagrad,0.1,8100,100,face,3,5,0.127540349960327,6,2,0.11709335567595494,0.20520162883141893,0.22773138158464043,0.02498119246433027,0.0781364456643024,0.12110443816849194
61,OnlineFPCA-adagrad,0.1,8200,100,face,3,5,0.138652801513672,6,2,0.1408135632490928,0.17533228942007995,0.31020603106060546,0.025595664302728072,0.08019516020869008,0.11840749614438154
61,OnlineFPCA-adagrad,0.1,8300,100,face,3,5,0.128021955490112,6,2,0.08395545808562331,0.12425775046917956,0.20751724941282476,0.026470181580024302,0.08114286080595533,0.11648898163504107
61,OnlineFPCA-adagrad,0.1,8400,100,face,3,5,0.125242471694946,6,2,0.0875419205446943,0.14455293345650383,0.19042192297081748,0.026471296321573953,0.08154190650842975,0.11509293231550617
61,OnlineFPCA-adagrad,0.1,8500,100,face,3,5,0.128681421279907,6,2,0.09193213963012517,0.14107545081574893,0.12279081190848334,0.02545006238973323,0.08155886185137276,0.11268075191914985
61,OnlineFPCA-adagrad,0.1,8600,100,face,3,5,0.127898454666138,6,2,0.059906571377163785,0.10351804478974802,0.19736432313444235,0.0245025727464942,0.0807271389019859,0.11243280867918026
61,OnlineFPCA-adagrad,0.1,8700,100,face,3,5,0.132425308227539,6,2,0.07280183961354628,0.16837622671103378,0.22099699181299848,0.023011245598342684,0.07920222691392677,0.11365154055283222
61,OnlineFPCA-adagrad,0.1,8800,100,face,3,5,0.128066539764404,6,2,0.09306863420510936,0.15153821586188393,0.18391106293324314,0.023104215035097478,0.078559898442256,0.1141187573481454
61,OnlineFPCA-adagrad,0.1,8900,100,face,3,5,0.128700017929077,6,2,0.1158028410817251,0.15024941258373503,0.1869976384182564,0.02304719580864929,0.07856978753647724,0.11389984459898389
61,OnlineFPCA-adagrad,0.1,9000,100,face,3,5,0.127275466918945,6,2,0.084100658414750007,0.1733717809346024,0.2923937628168856,0.022564192724074825,0.07945577256569529,0.11314907549289377
61,OnlineFPCA-adagrad,0.1,9100,100,face,3,5,0.127058982849121,6,2,0.12222776001215549,0.2311325120048262,0.29729081036654786,0.022320108163160875,0.0807176882166954,0.11396416711549932
61,OnlineFPCA-adagrad,0.1,9200,100,face,3,5,0.131815433502197,6,2,0.09797850467379783,0.12728521197165074,0.2662892274118748,0.022268941238812397,0.08165039305466368,0.11624669041880074
61,OnlineFPCA-adagrad,0.1,9300,100,face,3,5,0.128237962722778,6,2,0.1646312983949502,0.11595446207153703,0.23021324877930854,0.022672956520730543,0.08138159741139628,0.1183305619309693
61,OnlineFPCA-adagrad,0.1,9400,100,face,3,5,0.124094009399414,6,2,0.12582091936455364,0.1257610569817473,0.21677019014247884,0.024352134129825682,0.08073377248240407,0.1183403309130472
61,OnlineFPCA-adagrad,0.1,9500,100,face,3,5,0.124779462814331,6,2,0.1111211595112682,0.1625801353630092,0.31720697122676855,0.024686054206172862,0.08102991134692125,0.11875076149982755
61,OnlineFPCA-adagrad,0.1,9600,100,face,3,5,0.131375789642334,6,2,0.08016582277589697,0.24213492655753233,0.15380622217214318,0.02475397371691094,0.08066184863866559,0.11879275189694996
61,OnlineFPCA-adagrad,0.1,9700,100,face,3,5,0.130986213684082,6,2,0.13341508391436946,0.2113298213719645,0.24538008379828716,0.025165056800301948,0.08073461134718239,0.11843129732456671
61,OnlineFPCA-adagrad,0.1,9800,100,face,3,5,0.126547336578369,6,2,0.1860081057780943,0.1696589433948201,0.16662824733398623,0.025773384371991035,0.07946679636091569,0.11863131274871488
61,OnlineFPCA-adagrad,0.1,9900,100,face,3,5,0.127497911453247,6,2,0.11932001325794725,0.15589335932208875,0.1827389089867334,0.026601893023700314,0.07903830817404006,0.11920819247049068
61,OnlineFPCA-adagrad,0.1,10000,100,face,3,5,0.12812876701355,6,2,0.10040490018209763,0.23895920045037639,0.35040970086164586,0.026076433326531555,0.07861127030168015,0.11972481243369384
61,OnlineFPCA-adagrad,0.1,10100,100,face,3,5,0.131359577178955,6,2,0.09535626351617024,0.08611918230108927,0.41480862994786794,0.026363926891947925,0.078950069168668,0.12385719174013429
61,OnlineFPCA-adagrad,0.1,10200,100,face,3,5,0.128552436828613,6,2,0.07462744034079531,0.1665380157946329,0.33871824230919073,0.02692161876259661,0.07912293500543488,0.12809826579541503
61,OnlineFPCA-adagrad,0.1,10300,100,face,3,5,0.12751030921936,6,2,0.09938764480874045,0.1384944549231905,0.3360758550658342,0.026849616417271734,0.07863673331870877,0.12839178872287904
61,OnlineFPCA-adagrad,0.1,10400,100,face,3,5,0.125497341156006,6,2,0.07411521055534338,0.1378484432029405,0.3964778394774241,0.027357916029599198,0.07727056742141236,0.1280279561434859
61,OnlineFPCA-adagrad,0.1,10500,100,face,3,5,0.128724813461304,6,2,0.09980410417506463,0.1710278192814867,0.20685654372600806,0.027201297383433447,0.0762251285475859,0.12845717659204248
61,OnlineFPCA-adagrad,0.1,10600,100,face,3,5,0.131647109985352,6,2,0.15308260636372523,0.12401705590119257,0.16771184156716398,0.026300135398892394,0.0753696947580463,0.12873084692347314
61,OnlineFPCA-adagrad,0.1,10700,100,face,3,5,0.129013299942017,6,2,0.1432311700655519,0.12347032756308288,0.18176587994244328,0.02616067195346115,0.07499832208670043,0.12824467346360918
61,OnlineFPCA-adagrad,0.1,10800,100,face,3,5,0.128300666809082,6,2,0.06597569954677286,0.18250477456038397,0.25197787357657,0.026125140547039183,0.07523608884675556,0.12868718261409634
61,OnlineFPCA-adagrad,0.1,10900,100,face,3,5,0.126150846481323,6,2,0.1311375598727889,0.17298987391655193,0.26000551599122373,0.025012826355966366,0.0756205823051982,0.13135944216055478
61,OnlineFPCA-adagrad,0.1,11000,100,face,3,5,0.12685227394104,6,2,0.09474810271836843,0.29154381194354334,0.258990753673908,0.023992100001801343,0.07588959525906694,0.13241130448823943
61,OnlineFPCA-adagrad,0.1,11100,100,face,3,5,0.130485773086548,6,2,0.10553590015130133,0.16034582657953678,0.2737645688700139,0.023304271467447846,0.07738646436908439,0.13424480741950115
61,OnlineFPCA-adagrad,0.1,11200,100,face,3,5,0.128308057785034,6,2,0.10994791633040983,0.28597696817005724,0.2677505713365979,0.02256465777954742,0.0778702718493374,0.1357428814381058
61,OnlineFPCA-adagrad,0.1,11300,100,face,3,5,0.130823135375977,6,2,0.09321045514170281,0.15631042429408154,0.43225708946009117,0.022243904949145448,0.07919097390518877,0.13621272533692547
61,OnlineFPCA-adagrad,0.1,11400,100,face,3,5,0.124721050262451,6,2,0.16440764400073293,0.18956380126685518,0.38134050253836577,0.022645541279336403,0.07860407996803306,0.13706760227861164
61,OnlineFPCA-adagrad,0.1,11500,100,face,3,5,0.125103235244751,6,2,0.1307616195319314,0.20325836366534206,0.20977543243891245,0.022827319201651104,0.07856485813698841,0.1376931710579691
61,OnlineFPCA-adagrad,0.1,11600,100,face,3,5,0.127562999725342,6,2,0.1179727997875418,0.18716852659063446,0.2038781145701131,0.023205609241889604,0.0792835874613002,0.1377655942309706
61,OnlineFPCA-adagrad,0.1,11700,100,face,3,5,0.127501726150513,6,2,0.15032380365426076,0.2541093643657136,0.17810838355216596,0.023885940838014087,0.07967181308052255,0.13671241107210294
61,OnlineFPCA-adagrad,0.1,11800,100,face,3,5,0.130991458892822,6,2,0.17175234490483798,0.22273780647393443,0.14902892990111938,0.025150350825813433,0.08021892456826633,0.1353624634318531
61,OnlineFPCA-adagrad,0.1,11900,100,face,3,5,0.127574920654297,6,2,0.10620758631549797,0.19423512062175188,0.18653107152413984,0.025577284305974946,0.08046140292122032,0.13452290107041515
61,OnlineFPCA-adagrad,0.1,12000,100,face,3,5,0.127130508422852,6,2,0.13571397237371716,0.1845186017311297,0.21525214581815866,0.025735569873800983,0.07952030639357002,0.13339189592721
61,OnlineFPCA-adagrad,0.1,12100,100,face,3,5,0.127490758895874,6,2,0.16015217676937107,0.1503021007796925,0.13428499728980733,0.025604139221086272,0.07871314883906755,0.1316756069106594
61,OnlineFPCA-adagrad,0.1,12200,100,face,3,5,0.127695798873901,6,2,0.13599761981806058,0.09057194309723798,0.1802639289572896,0.02572117219504385,0.0776978555789675,0.12957865481453565
61,OnlineFPCA-adagrad,0.1,12300,100,face,3,5,0.138238191604614,6,2,0.10111717106053401,0.12260721290271104,0.22520891474833798,0.02514830929536613,0.07711897559166433,0.1288216523642692
61,OnlineFPCA-adagrad,0.1,12400,100,face,3,5,0.127850294113159,6,2,0.13090642348246528,0.0685836680288997,0.12334623716366636,0.024788384130361583,0.07616932188399461,0.1287291483046961
61,OnlineFPCA-adagrad,0.1,12500,100,face,3,5,0.127159118652344,6,2,0.1307628573572658,0.15761981295019994,0.15543952015644327,0.02476652943294669,0.07518129667314312,0.1279064535587571
61,OnlineFPCA-adagrad,0.1,12600,100,face,3,5,0.1248779296875,6,2,0.10748539789036701,0.1941685586149853,0.15348559436049905,0.024834377507717432,0.07538537210384483,0.12710080616851516
61,OnlineFPCA-adagrad,0.1,12700,100,face,3,5,0.127264499664307,6,2,0.12693067462788538,0.2289694872273341,0.1706220233656744,0.024921994127538035,0.07604451731640413,0.12572954047757234
61,OnlineFPCA-adagrad,0.1,12800,100,face,3,5,0.13146448135376,6,2,0.09041699882853901,0.2213518109764252,0.12277506068256969,0.025200574890472973,0.07720926288074242,0.12405728905814487
61,OnlineFPCA-adagrad,0.1,12900,100,face,3,5,0.128273248672485,6,2,0.07428521351053859,0.20511443908064864,0.08647485903596652,0.024618180467339275,0.07834978617886872,0.12267951596993223
61,OnlineFPCA-adagrad,0.1,13000,100,face,3,5,0.12894868850708,6,2,0.12198335843413023,0.2615544970369359,0.1421273481012036,0.024359817273317447,0.07957870992142482,0.12189493209020562
61,OnlineFPCA-adagrad,0.1,13100,100,face,3,5,0.124777317047119,6,2,0.10034651784318292,0.20257261550028322,0.18454245416998089,0.023976068222173384,0.08068021034225216,0.12110507212769993
61,OnlineFPCA-adagrad,0.1,13200,100,face,3,5,0.127435445785522,6,2,0.1286558188508859,0.1783644747032798,0.2568127574368842,0.024259810733588325,0.08161966837860803,0.1203385759924986
61,OnlineFPCA-adagrad,0.1,13300,100,face,3,5,0.131725549697876,6,2,0.08152465668792462,0.1352548488038421,0.18228853224981237,0.02464344434373394,0.08227659924614862,0.11976983880856601
61,OnlineFPCA-adagrad,0.1,13400,100,face,3,5,0.12727165222168,6,2,0.08418010849372531,0.1487825331028034,0.16587498340112497,0.024665240522099934,0.08265935385210653,0.11920711932263209
61,OnlineFPCA-adagrad,0.1,13500,100,face,3,5,0.13198184967041,6,2,0.08246335548708718,0.13598593287764368,0.10020418367735502,0.02429671213381842,0.08281842217769636,0.11819550377469093
61,OnlineFPCA-adagrad,0.1,13600,100,face,3,5,0.125792980194092,6,2,0.05043042227330811,0.09625812910453622,0.17350775963134085,0.02390668429569502,0.08255153449152117,0.11785903409110562
61,OnlineFPCA-adagrad,0.1,13700,100,face,3,5,0.129243135452271,6,2,0.06862424342289239,0.15088550039517976,0.19855263111611532,0.023240121947776745,0.08200381526854335,0.11822265758777059
61,OnlineFPCA-adagrad,0.1,13800,100,face,3,5,0.128008842468262,6,2,0.07836556263044787,0.14081522089709944,0.16707152177591444,0.023183981126418993,0.08175300157611483,0.11843033883018601
61,OnlineFPCA-adagrad,0.1,13900,100,face,3,5,0.131162881851196,6,2,0.09937426189290757,0.14492107992416492,0.15466617977059974,0.023104521739688896,0.08167761393726097,0.11852531611488125
61,OnlineFPCA-adagrad,0.1,14000,100,face,3,5,0.131733655929565,6,2,0.07101010027298041,0.156402537070401,0.25478349766465336,0.022866884723645172,0.08200089322414139,0.1183581428727331
61,OnlineFPCA-adagrad,0.1,14100,100,face,3,5,0.125123262405396,6,2,0.09922272267630156,0.19659680046944855,0.26819813766582445,0.02272681297957332,0.08257339811135399,0.1187746657826313
61,OnlineFPCA-adagrad,0.1,14200,100,face,3,5,0.126618146896362,6,2,0.09041833856550044,0.12306741701783869,0.24108150026350514,0.02265022414570824,0.08297163154040901,0.11979528109048222
61,OnlineFPCA-adagrad,0.1,14300,100,face,3,5,0.128902196884155,6,2,0.14869380114941963,0.11771719338470904,0.21455380685566008,0.02276291000650574,0.08290654950390323,0.1207023295896239
61,OnlineFPCA-adagrad,0.1,14400,100,face,3,5,0.137562990188599,6,2,0.12029357268125734,0.1190615011294489,0.2100104765927321,0.023472091012196054,0.08266075635154081,0.12073383238955877
61,OnlineFPCA-adagrad,0.1,14500,100,face,3,5,0.128632783889771,6,2,0.09059488479429838,0.1495725192456996,0.2803644261612057,0.023682266325219928,0.08276094362854723,0.12084983667074481
61,OnlineFPCA-adagrad,0.1,14600,100,face,3,5,0.132428884506226,6,2,0.07411850867785727,0.21926962276507334,0.14463552912546884,0.02376549250646997,0.08258610558247446,0.12083329296711105
61,OnlineFPCA-adagrad,0.1,14700,100,face,3,5,0.129133939743042,6,2,0.11540079651330498,0.19975272227720242,0.22162925254471522,0.023960068011988012,0.08253406250620768,0.12061252130369997
61,OnlineFPCA-adagrad,0.1,14800,100,face,3,5,0.125437021255493,6,2,0.17498745733081797,0.16507941094918477,0.16285924672897653,0.024239759976990412,0.0819729892812127,0.1206690006863349
61,OnlineFPCA-adagrad,0.1,14900,100,face,3,5,0.132208347320557,6,2,0.11509389766880593,0.15286829567804253,0.17679213184259263,0.02473246743590672,0.08182110075416048,0.1209345831173213
61,OnlineFPCA-adagrad,0.1,15000,100,face,3,5,0.129409313201904,6,2,0.09750224891688074,0.21580796842390904,0.30970418693588114,0.024557889390708985,0.08162939696109567,0.12118830880375603
61,OnlineFPCA-adagrad,0.1,0,100,face,3,5,2.17004084587097,6,3,1.480802145183372,1.5285625969138732,1.3682051256896293,1.480802145183372,1.5285625969138732,1.3682051256896293
61,OnlineFPCA-adagrad,0.1,100,100,face,3,5,0.421828031539917,6,3,1.533707940302874,1.3695126981341135,1.3800474472644526,NA,NA,NA
61,OnlineFPCA-adagrad,0.1,200,100,face,3,5,0.422585010528564,6,3,1.156268209762409,1.8490151408715831,1.5019134298726649,NA,NA,NA
61,OnlineFPCA-adagrad,0.1,300,100,face,3,5,0.42381477355957,6,3,1.7495760222674497,1.2008877004400094,1.5261734088436083,NA,NA,NA
61,OnlineFPCA-adagrad,0.1,400,100,face,3,5,0.418987035751343,6,3,1.1819921568670533,1.4522968795732152,1.7007054400914943,NA,NA,NA
61,OnlineFPCA-adagrad,0.1,500,100,face,3,5,0.425196170806885,6,3,0.9576085015888397,0.4504928963079716,0.995436890241952,NA,NA,NA
61,OnlineFPCA-adagrad,0.1,600,100,face,3,5,0.424339056015015,6,3,0.5985359375736253,0.3465930069496005,0.7025269870269674,NA,NA,NA
61,OnlineFPCA-adagrad,0.1,700,100,face,3,5,0.421952724456787,6,3,0.5162512030920652,0.34514246581876956,0.5628739786041063,NA,NA,NA
61,OnlineFPCA-adagrad,0.1,800,100,face,3,5,0.425894260406494,6,3,0.43476414405222036,0.3416883958219505,0.39739421392195573,NA,NA,NA
61,OnlineFPCA-adagrad,0.1,900,100,face,3,5,0.433168411254883,6,3,0.3797917931486858,0.3344085649616122,0.3118887023593478,NA,NA,NA
61,OnlineFPCA-adagrad,0.1,1000,100,face,3,5,0.423966884613037,6,3,0.3606549872983386,0.32302069571191033,0.29447893044321327,NA,NA,NA
61,OnlineFPCA-adagrad,0.1,1100,100,face,3,5,0.588571548461914,6,3,0.8166985586591311,0.12900627451184463,0.7287713854767162,0.3736137590405451,0.266222024639121,0.33506101188171533
61,OnlineFPCA-adagrad,0.1,1200,100,face,3,5,0.585510492324829,6,3,0.327746423686129,0.16097455259513424,0.497968231669034,0.19198306800634862,0.2065520124098576,0.2396168054175538
61,OnlineFPCA-adagrad,0.1,1300,100,face,3,5,0.583729267120361,6,3,0.13306641660957538,0.21076743762275962,0.2929706472869653,0.19847580261841494,0.25040541659251997,0.24380988139861767
61,OnlineFPCA-adagrad,0.1,1400,100,face,3,5,0.588593721389771,6,3,0.1329148491914298,0.1925882726776526,0.2693680492774941,0.17198745549327885,0.23380233795355393,0.24923727261160747
61,OnlineFPCA-adagrad,0.1,1500,100,face,3,5,0.583803653717041,6,3,0.14011702951758156,0.20074715601226734,0.27472563434098984,0.14537195501922778,0.22147624440400962,0.2517624252760158
61,OnlineFPCA-adagrad,0.1,1600,100,face,3,5,0.589734792709351,6,3,0.39211405996121296,0.32250794914714104,0.4944193133226629,0.12726325115589793,0.23068744775691635,0.2920956492401902
61,OnlineFPCA-adagrad,0.1,1700,100,face,3,5,0.594002962112427,6,3,0.37224215603797806,0.3254782901527057,0.47609062012526643,0.14119982630576822,0.23824635649497392,0.31369848301276876
61,OnlineFPCA-adagrad,0.1,1800,100,face,3,5,0.589450836181641,6,3,0.352335783443456,0.3265778158483346,0.4647914159846902,0.1590389387469271,0.24568829825765615,0.3303049357218592
61,OnlineFPCA-adagrad,0.1,1900,100,face,3,5,0.587773561477661,6,3,0.33919538629124407,0.3226570474550103,0.44491886571977585,0.17379147505133777,0.25213748828892035,0.3428810112005625
61,OnlineFPCA-adagrad,0.1,2000,100,face,3,5,0.588988304138184,6,3,0.2976672466764551,0.31516682929982787,0.420632024735244,0.18358086591352907,0.25647414012482084,0.35160489560185215
61,OnlineFPCA-adagrad,0.1,2100,100,face,3,5,0.580576419830322,6,3,1.4024755784341265,0.8372313609542391,1.2251661863734693,0.23195307539579504,0.23619338877560178,0.35215036529392496
61,OnlineFPCA-adagrad,0.1,2200,100,face,3,5,0.582526922225952,6,3,0.28046264653623637,0.29599537187412267,0.4298908886358461,0.1704672077573435,0.25941427314135285,0.3474928006044905
61,OnlineFPCA-adagrad,0.1,2300,100,face,3,5,0.582531929016113,6,3,0.16657069802391503,0.2800327013071397,0.2971754452928677,0.15656109249224384,0.25555021404490796,0.3411014224677068
61,OnlineFPCA-adagrad,0.1,2400,100,face,3,5,0.729369878768921,6,3,0.2507950308314727,0.23474578042175287,0.21575531796790365,0.14456508758329709,0.2504228301608594,0.3314251498575604
61,OnlineFPCA-adagrad,0.1,2500,100,face,3,5,0.574297428131104,6,3,0.20537383974476456,0.2829399644307919,0.29470195191277726,0.13887958377238616,0.24223675304514572,0.32311863440541655
61,OnlineFPCA-adagrad,0.1,2600,100,face,3,5,0.624233484268188,6,3,0.11906056310855023,0.28491402807387206,0.24945298834123156,0.13477973599782297,0.23970014301732828,0.319709114003606
61,OnlineFPCA-adagrad,0.1,2700,100,face,3,5,0.626652240753174,6,3,0.1461332811743197,0.32734146801369024,0.29750392703500766,0.12945560875670395,0.2415761462440177,0.31623405767994495
61,OnlineFPCA-adagrad,0.1,2800,100,face,3,5,0.626437902450562,6,3,0.07632474784456628,0.30853540520814166,0.25946002991581096,0.12644692785464876,0.24354356009705375,0.31381323704611747
61,OnlineFPCA-adagrad,0.1,2900,100,face,3,5,0.625765085220337,6,3,0.08609869211416432,0.23207314300116277,0.28333443679451176,0.12047821042859036,0.2411098202875371,0.3095005671003462
61,OnlineFPCA-adagrad,0.1,3000,100,face,3,5,0.622185230255127,6,3,0.14524472774870598,0.23393390230309358,0.23332340919335096,0.1149850492930533,0.239358177178641,0.30471066738011543
61,OnlineFPCA-adagrad,0.1,3100,100,face,3,5,0.635761976242065,6,3,0.12788381984406605,0.21650602545284947,0.1911560465526733,0.10816656636672761,0.2363238571214915,0.29831192870643375
61,OnlineFPCA-adagrad,0.1,3200,100,face,3,5,0.632612228393555,6,3,0.13832137696202404,0.217124078802231,0.24482820351278758,0.10391481476334542,0.23434051198891817,0.2916775740575926
61,OnlineFPCA-adagrad,0.1,3300,100,face,3,5,0.628137826919556,6,3,0.07869856412692874,0.20605890706056904,0.21749230381859438,0.10152361895664788,0.23264135897370936,0.28636735854885914
61,OnlineFPCA-adagrad,0.1,3400,100,face,3,5,0.628535509109497,6,3,0.08390113670676114,0.22209943923561587,0.2122202651438997,0.09673447982852557,0.23172608540350145,0.2810856713988247
61,OnlineFPCA-adagrad,0.1,3500,100,face,3,5,0.626347064971924,6,3,0.10528746213051769,0.16583407881695872,0.22125000433588474,0.09293004070454634,0.22746456643956614,0.27199706332997037
61,OnlineFPCA-adagrad,0.1,3600,100,face,3,5,0.627669334411621,6,3,0.07637442154612702,0.14410866516787732,0.2592639177082273,0.08951131570308433,0.2214831595456222,0.2678285735052342
61,OnlineFPCA-adagrad,0.1,3700,100,face,3,5,0.625702381134033,6,3,0.08045650975184473,0.20944859926847542,0.27591191767188383,0.08547828929495747,0.2166086929164995,0.26303796590660344
61,OnlineFPCA-adagrad,0.1,3800,100,face,3,5,0.636607646942139,6,3,0.10752854418482616,0.19214551584829687,0.22255106506645864,0.08381894139273043,0.2109181025165451,0.2567254541522278
61,OnlineFPCA-adagrad,0.1,3900,100,face,3,5,0.628807306289673,6,3,0.13907183917585159,0.16934190974266689,0.22597141032933765,0.08282596666533802,0.20669099499952098,0.24880182777598028
61,OnlineFPCA-adagrad,0.1,4000,100,face,3,5,0.630158424377441,6,3,0.08022971134097669,0.20409496988643636,0.2417478704067515,0.08022971134097669,0.20409496988643636,0.2417478704067515
61,OnlineFPCA-adagrad,0.1,4100,100,face,3,5,0.623729944229126,6,3,0.20587085931270818,0.2547245438768653,0.32495484372901073,0.09973409137610163,0.22913217609459777,0.20190617480638814
61,OnlineFPCA-adagrad,0.1,4200,100,face,3,5,0.626822710037231,6,3,0.13724644801397448,0.16490806610650252,0.3042415029352245,0.08736614406678371,0.19128170851924284,0.23471830272630512
61,OnlineFPCA-adagrad,0.1,4300,100,face,3,5,0.628996849060059,6,3,0.2037500675509509,0.22574243754112294,0.3049668584487772,0.08925351906912064,0.17837499291044945,0.24127274287350767
61,OnlineFPCA-adagrad,0.1,4400,100,face,3,5,0.631386041641235,6,3,0.14864431900120229,0.223940045046359,0.29910247232024034,0.10693802048728811,0.17705248037678534,0.23299212837588523
61,OnlineFPCA-adagrad,0.1,4500,100,face,3,5,0.77877950668335,6,3,0.16069251199486695,0.2514793001683558,0.4762999400428797,0.0903246221075247,0.18769889051461655,0.24389833596008698
61,OnlineFPCA-adagrad,0.1,4600,100,face,3,5,0.62501335144043,6,3,0.09215039956737182,0.36550479594877117,0.3209982645172026,0.07972364517393014,0.1947541781852995,0.2583935041473491
61,OnlineFPCA-adagrad,0.1,4700,100,face,3,5,0.625006198883057,6,3,0.18469086797667766,0.2985431682879472,0.38876839034021365,0.07948722372724634,0.2112011701112655,0.26777409913094596
61,OnlineFPCA-adagrad,0.1,4800,100,face,3,5,0.622639894485474,6,3,0.20396353565713413,0.2578650817275254,0.2620817241906142,0.08230192584717544,0.20963944072998977,0.2702568863393759
61,OnlineFPCA-adagrad,0.1,4900,100,face,3,5,0.62660026550293,6,3,0.12188233588704216,0.2147600072944131,0.24426769050367395,0.07874318730654026,0.20223986401787847,0.26453874979617964
61,OnlineFPCA-adagrad,0.1,5000,100,face,3,5,0.629508018493652,6,3,0.10095953389737734,0.31176979771063273,0.45442201907127555,0.06964699667251706,0.19902009599614937,0.2513201569508852
61,OnlineFPCA-adagrad,0.1,5100,100,face,3,5,0.13739275932312,6,3,0.10398217216336926,0.1508067692659659,0.48560288839058663,0.06789447686874023,0.19569022864441904,0.25779403579852633
61,OnlineFPCA-adagrad,0.1,5200,100,face,3,5,0.128201246261597,6,3,0.05983760430447159,0.23957912763481695,0.42282761451967593,0.06909003908518926,0.19245272772219604,0.26836761574679713
61,OnlineFPCA-adagrad,0.1,5300,100,face,3,5,0.131647825241089,6,3,0.13068893117885289,0.2072394833552536,0.41402080941388225,0.06561139250003406,0.19237704406194445,0.26450164332648235
61,OnlineFPCA-adagrad,0.1,5400,100,face,3,5,0.12645959854126,6,3,0.08565573880417193,0.21407618806546805,0.43362564407833953,0.06485534572544306,0.19089309793927622,0.26340029112537383
61,OnlineFPCA-adagrad,0.1,5500,100,face,3,5,0.124520301818848,6,3,0.13504890646099307,0.2341522903507849,0.24692157060022082,0.06075302757815933,0.1912770895022244,0.2640530510981193
61,OnlineFPCA-adagrad,0.1,5600,100,face,3,5,0.128031015396118,6,3,0.17700982605840151,0.19937441906799505,0.25471965177487116,0.055104655899460064,0.1906773318059138,0.261802794377215
61,OnlineFPCA-adagrad,0.1,5700,100,face,3,5,0.131757497787476,6,3,0.17652629319042468,0.17978658680906695,0.21235394015923678,0.053057096431749134,0.18922269688361226,0.25527502284474407
61,OnlineFPCA-adagrad,0.1,5800,100,face,3,5,0.131669044494629,6,3,0.08813108580048769,0.23228213824399707,0.3270352004758989,0.049738942562566765,0.18478650634945928,0.25370105190716347
61,OnlineFPCA-adagrad,0.1,5900,100,face,3,5,0.126495122909546,6,3,0.14766419601226335,0.19742661227542696,0.29284578537315376,0.04327029769109041,0.1775407885876629,0.256185890052452
61,OnlineFPCA-adagrad,0.1,6000,100,face,3,5,0.125130653381348,6,3,0.10574503763142273,0.3524802592904759,0.303222333507164,0.03792955899656714,0.1698452032957566,0.25228813337504946
61,OnlineFPCA-adagrad,0.1,6100,100,face,3,5,0.127049446105957,6,3,0.13529703336486334,0.15747759967466732,0.3237406454816959,0.03448913775482035,0.16587322522183195,0.25169021971044214
61,OnlineFPCA-adagrad,0.1,6200,100,face,3,5,0.13247275352478,6,3,0.1545183244953212,0.341237025353585,0.3136115457161752,0.03082547694792275,0.16159484242625624,0.24915483171752323
61,OnlineFPCA-adagrad,0.1,6300,100,face,3,5,0.127871751785278,6,3,0.12057422224860025,0.1611763421450841,0.5468629398268198,0.028863985423954904,0.1597239679913933,0.24355656307610787
61,OnlineFPCA-adagrad,0.1,6400,100,face,3,5,0.129940032958984,6,3,0.17516756095132993,0.2097886432877632,0.5066902881900924,0.030158072487569458,0.15367226192958477,0.23983306028331278
61,OnlineFPCA-adagrad,0.1,6500,100,face,3,5,0.125234127044678,6,3,0.1573989963388067,0.2487268530810355,0.26680315501971247,0.030402624682919786,0.15082284003140772,0.23855290427881037
61,OnlineFPCA-adagrad,0.1,6600,100,face,3,5,0.12587833404541,6,3,0.12857324309776838,0.20643874536924772,0.22159879952405048,0.03125301063235574,0.14979072531347476,0.23596701578423332
61,OnlineFPCA-adagrad,0.1,6700,100,face,3,5,0.130171060562134,6,3,0.164519540943691,0.2885155438354264,0.21258485565786264,0.03263224685942504,0.14813917882511643,0.22884024938657563
61,OnlineFPCA-adagrad,0.1,6800,100,face,3,5,0.127079725265503,6,3,0.19783554559269143,0.2538416699416068,0.15645646043063996,0.03595860551728811,0.14755656709565643,0.22193330156712382
61,OnlineFPCA-adagrad,0.1,6900,100,face,3,5,0.130905151367188,6,3,0.10927400580578236,0.21316833885403327,0.19579395489855198,0.03697409803912214,0.14684082114534555,0.2170314321672562
61,OnlineFPCA-adagrad,0.1,7000,100,face,3,5,0.127710580825806,6,3,0.1492228519587931,0.2205844871349276,0.23883780729578974,0.037670036857445535,0.1435087100144275,0.21089766333032373
61,OnlineFPCA-adagrad,0.1,7100,100,face,3,5,0.125305652618408,6,3,0.17227850749521478,0.1549592444493342,0.15912902884339974,0.03732023462793899,0.14033695368464208,0.20339819313465266
61,OnlineFPCA-adagrad,0.1,7200,100,face,3,5,0.125478744506836,6,3,0.15557718599729822,0.10935304326324559,0.20106154977307514,0.03778812197578014,0.1367236288383254,0.19582362886072546
61,OnlineFPCA-adagrad,0.1,7300,100,face,3,5,0.128329753875732,6,3,0.10612931489919225,0.13319612499843386,0.2574540259932256,0.03613573127734185,0.13355633707491255,0.1917574983787871
61,OnlineFPCA-adagrad,0.1,7400,100,face,3,5,0.131424427032471,6,3,0.1423020383760047,0.09423842726318567,0.13997555615308038,0.034922438188186584,0.12992638148492675,0.1895839296101604
61,OnlineFPCA-adagrad,0.1,7500,100,face,3,5,0.127644062042236,6,3,0.14580863306276517,0.18992964340262022,0.19660927761931363,0.03425242911935569,0.12588457160021752,0.18571109545140227
61,OnlineFPCA-adagrad,0.1,7600,100,face,3,5,0.128188371658325,6,3,0.11939621543659305,0.23321781122920582,0.18436639518295098,0.03395981640665426,0.1240939850056128,0.1823131914188198
61,OnlineFPCA-adagrad,0.1,7700,100,face,3,5,0.124757289886475,6,3,0.13903300706015212,0.26136147286458894,0.20070161415632826,0.03392168670667092,0.12468648026895664,0.17907043183203933
61,OnlineFPCA-adagrad,0.1,7800,100,face,3,5,0.128126859664917,6,3,0.09700102969911564,0.2526659871795726,0.13581765090646733,0.03406706178259765,0.12622496889302265,0.17520296869010452
61,OnlineFPCA-adagrad,0.1,7900,100,face,3,5,0.133485794067383,6,3,0.08685722115436911,0.2215601280773093,0.12190985125666086,0.03209561376849349,0.12706625264404897,0.17245469568006072
61,OnlineFPCA-adagrad,0.1,8000,100,face,3,5,0.127584218978882,6,3,0.13921936615535993,0.2694877363291357,0.19105324783191707,0.030871777994855132,0.12777229185172906,0.17078452836781358
61,OnlineFPCA-adagrad,0.1,8100,100,face,3,5,0.130781412124634,6,3,0.1173298502574613,0.20645275336971378,0.2249829563058631,0.029508527362884215,0.1284131000215624,0.16875597764745368
61,OnlineFPCA-adagrad,0.1,8200,100,face,3,5,0.124876260757446,6,3,0.1393540490473201,0.17935280057693595,0.2939315229220697,0.02979072084104827,0.12893330294995534,0.1664590551078833
61,OnlineFPCA-adagrad,0.1,8300,100,face,3,5,0.124859809875488,6,3,0.08317173827099776,0.14086321734812984,0.1952446905756565,0.03051794208175678,0.12934372934618135,0.1647787197047533
61,OnlineFPCA-adagrad,0.1,8400,100,face,3,5,0.131223678588867,6,3,0.08603489020362935,0.16253855242145332,0.18342179549042004,0.030406312419960623,0.12950315683010227,0.16334100155059866
61,OnlineFPCA-adagrad,0.1,8500,100,face,3,5,0.127952098846436,6,3,0.09219906536878374,0.14424772580470552,0.14167094320763002,0.029407994400992322,0.12885624662089654,0.16062247638240737
61,OnlineFPCA-adagrad,0.1,8600,100,face,3,5,0.280746936798096,6,3,0.059747454522171915,0.11027660586636254,0.2030428256368701,0.028338869153461194,0.12740135635551575,0.15953769167965381
61,OnlineFPCA-adagrad,0.1,8700,100,face,3,5,0.125759840011597,6,3,0.07227439029322996,0.17432837504093057,0.22793693509756577,0.026712738553535606,0.12589734567530386,0.15960420329377126
61,OnlineFPCA-adagrad,0.1,8800,100,face,3,5,0.124576330184937,6,3,0.0915802686764745,0.15822375337328187,0.18613456977331022,0.02675898533054254,0.12482640379922014,0.15908190388119642
61,OnlineFPCA-adagrad,0.1,8900,100,face,3,5,0.129983901977539,6,3,0.11574425906237243,0.15297189170461925,0.1784429206372307,0.026774017254419212,0.12403097079048739,0.15787785405055832
61,OnlineFPCA-adagrad,0.1,9000,100,face,3,5,0.128151178359985,6,3,0.08486940606892492,0.17659648803489483,0.28680189981679416,0.026327571417114268,0.12394484282622137,0.15649538448656286
61,OnlineFPCA-adagrad,0.1,9100,100,face,3,5,0.130311727523804,6,3,0.12208189008993353,0.22875241492093012,0.2862934363152517,0.02592313425531349,0.12390423890152315,0.15600754430603553
61,OnlineFPCA-adagrad,0.1,9200,100,face,3,5,0.128003597259521,6,3,0.09740396983030254,0.1210126282106982,0.23540461665772844,0.025606767326140912,0.12318461080354058,0.15633658294587663
61,OnlineFPCA-adagrad,0.1,9300,100,face,3,5,0.125926494598389,6,3,0.16269986141789539,0.12522665651874632,0.2235064787263494,0.025747017839304737,0.12233508883308578,0.15695370643093268
61,OnlineFPCA-adagrad,0.1,9400,100,face,3,5,0.131146192550659,6,3,0.1264248331998574,0.1342586234931314,0.2127099623988761,0.02732521404179857,0.12142313333675872,0.15622054202750693
61,OnlineFPCA-adagrad,0.1,9500,100,face,3,5,0.128321409225464,6,3,0.10966107150880494,0.1619665695332771,0.3238701645251412,0.027717921836514007,0.1211710963202805,0.1561400761166103
61,OnlineFPCA-adagrad,0.1,9600,100,face,3,5,0.130242347717285,6,3,0.08302965140394884,0.25101145242728407,0.17234868048345722,0.0277289854806541,0.12042483855789303,0.15593893926959315
61,OnlineFPCA-adagrad,0.1,9700,100,face,3,5,0.127239227294922,6,3,0.13728428834105658,0.2119943576193669,0.2548618974935447,0.02817428309927729,0.11995256616334286,0.15555910956140845
61,OnlineFPCA-adagrad,0.1,9800,100,face,3,5,0.12726879119873,6,3,0.18795821730161222,0.16618910335071788,0.17614423076568358,0.02894713093890647,0.11866220547272742,0.1554563569567982
61,OnlineFPCA-adagrad,0.1,9900,100,face,3,5,0.124799251556396,6,3,0.12013578892765292,0.1493259745284414,0.17646023703392857,0.029906553906294105,0.11815399235311766,0.15551252123627698
61,OnlineFPCA-adagrad,0.1,10000,100,face,3,5,0.12785816192627,6,3,0.10052451531238889,0.2360789808856541,0.34251810736303756,0.029395739992036027,0.11750263639228112,0.15535324169802647
61,OnlineFPCA-adagrad,0.1,10100,100,face,3,5,0.131618499755859,6,3,0.094666558184074,0.09203888698060478,0.4016750976247951,0.029409827994663105,0.11727112709394885,0.15808064470346048
61,OnlineFPCA-adagrad,0.1,10200,100,face,3,5,0.128192186355591,6,3,0.07356770925475607,0.16728852694822924,0.32094097695941465,0.029749959120973456,0.1168095346626701,0.16083654445380322
61,OnlineFPCA-adagrad,0.1,10300,100,face,3,5,0.131234645843506,6,3,0.10216120625582029,0.1420607834111395,0.3168866758030295,0.029755459531594416,0.11604198979156892,0.16069342059556996
61,OnlineFPCA-adagrad,0.1,10400,100,face,3,5,0.125141620635986,6,3,0.07507692495527549,0.14055935030846037,0.36930494243975315,0.030197283884006297,0.11473345963853387,0.16002590377017392
61,OnlineFPCA-adagrad,0.1,10500,100,face,3,5,0.128345489501953,6,3,0.09371011736138113,0.16904801969230696,0.18026692709937472,0.03000918858554586,0.11369680448119411,0.15994480343889722
61,OnlineFPCA-adagrad,0.1,10600,100,face,3,5,0.128896236419678,6,3,0.1519622124802117,0.13049975372416406,0.16783396568162529,0.029168226383846804,0.11293259064613297,0.15983463227881645
61,OnlineFPCA-adagrad,0.1,10700,100,face,3,5,0.13053035736084,6,3,0.14109085460999635,0.12461069190559482,0.16818718284521367,0.028901980482996987,0.11231377373814555,0.15899816894147328
61,OnlineFPCA-adagrad,0.1,10800,100,face,3,5,0.129581689834595,6,3,0.06526706451836649,0.18366701729856144,0.25470300021549747,0.028766085101229147,0.11179822273215456,0.15888531927293015
61,OnlineFPCA-adagrad,0.1,10900,100,face,3,5,0.125222682952881,6,3,0.13085240155165118,0.17074809809943678,0.25612476658452665,0.027711990828636696,0.11115340086178041,0.16037846371149636
61,OnlineFPCA-adagrad,0.1,11000,100,face,3,5,0.124552726745605,6,3,0.09479180326836194,0.2848710069653448,0.24707793788615526,0.026699226179425727,0.11056337616361973,0.16051174414936042
61,OnlineFPCA-adagrad,0.1,11100,100,face,3,5,0.127679109573364,6,3,0.1060007911142003,0.15015549804389436,0.25827347951026136,0.02602941319536589,0.11086745789040929,0.1613454681098573
61,OnlineFPCA-adagrad,0.1,11200,100,face,3,5,0.130942106246948,6,3,0.1104495026366027,0.2783658732735468,0.25663816599324535,0.02532894797270723,0.11052483848572016,0.16185589015415264
61,OnlineFPCA-adagrad,0.1,11300,100,face,3,5,0.128608226776123,6,3,0.0963416914354722,0.14549630494366445,0.41139986320364197,0.024992994403250365,0.11088980341247341,0.16154927995661042
61,OnlineFPCA-adagrad,0.1,11400,100,face,3,5,0.128936767578125,6,3,0.15847621222373184,0.18263403121768249,0.35051831160948704,0.025318116748312764,0.10986269342861936,0.16153524403625566
61,OnlineFPCA-adagrad,0.1,11500,100,face,3,5,0.126281023025513,6,3,0.1287203082558917,0.1876148836115006,0.17906019987535493,0.025306222583673516,0.10946530489218069,0.16157789850443266
61,OnlineFPCA-adagrad,0.1,11600,100,face,3,5,0.125055551528931,6,3,0.11411450707728278,0.18662957581897585,0.17383673967015084,0.02556881334620708,0.10956855763794608,0.16121500548628598
61,OnlineFPCA-adagrad,0.1,11700,100,face,3,5,0.127995491027832,6,3,0.146961316771707,0.24993647928588722,0.14905804571332415,0.026123364727627718,0.10947893913882376,0.15981491850529672
61,OnlineFPCA-adagrad,0.1,11800,100,face,3,5,0.127567052841187,6,3,0.1712077964864192,0.22187874904095137,0.14007162261007267,0.02733997376223047,0.1095577643774415,0.15826160059747924
61,OnlineFPCA-adagrad,0.1,11900,100,face,3,5,0.130519151687622,6,3,0.10948503692939268,0.19366148524646185,0.16668865797471014,0.027891632993009903,0.10956405024212167,0.15733798611860134
61,OnlineFPCA-adagrad,0.1,12000,100,face,3,5,0.134656190872192,6,3,0.13800964857657516,0.18810285157539064,0.20525118764118053,0.028054642216059213,0.10862131118017432,0.15604347892532525
61,OnlineFPCA-adagrad,0.1,12100,100,face,3,5,0.124244213104248,6,3,0.1601524405644464,0.15074859873000324,0.14378023501458248,0.027910430567655128,0.10764425896937582,0.15424932909123024
61,OnlineFPCA-adagrad,0.1,12200,100,face,3,5,0.13043999671936,6,3,0.13355791377266557,0.09073805557790567,0.18166835549253793,0.028045032367915137,0.10652371638866648,0.15213671959598613
61,OnlineFPCA-adagrad,0.1,12300,100,face,3,5,0.128527879714966,6,3,0.09992536715805292,0.11960399034278425,0.22240686127897574,0.02746482678171301,0.10563853219540381,0.1510760909133909
61,OnlineFPCA-adagrad,0.1,12400,100,face,3,5,0.130697965621948,6,3,0.1307963403596927,0.07140880254577955,0.11983065106291715,0.0270868862135382,0.10449547770578341,0.15056582790314396
61,OnlineFPCA-adagrad,0.1,12500,100,face,3,5,0.127900362014771,6,3,0.12938942600072323,0.1553704724028232,0.15815774157506657,0.02707430177940655,0.10327454626984515,0.1495188310965089
61,OnlineFPCA-adagrad,0.1,12600,100,face,3,5,0.125336885452271,6,3,0.10777264359380337,0.19202095965965002,0.15344666075088917,0.027167679297066028,0.10293882825857352,0.14855250213282323
61,OnlineFPCA-adagrad,0.1,12700,100,face,3,5,0.128098011016846,6,3,0.12579066036667497,0.22646204993676444,0.17168061966207881,0.027264191507339868,0.10328907720185652,0.14733751796436748
61,OnlineFPCA-adagrad,0.1,12800,100,face,3,5,0.126759767532349,6,3,0.0897235569350376,0.21730037543483788,0.11545622842174295,0.02750223328715978,0.10405082522728737,0.14584253109668638
61,OnlineFPCA-adagrad,0.1,12900,100,face,3,5,0.12913703918457,6,3,0.07268247001087523,0.2016961664116514,0.0978679167731199,0.02691324569795262,0.10476123430614409,0.14467574884343534
61,OnlineFPCA-adagrad,0.1,13000,100,face,3,5,0.128000497817993,6,3,0.12121772487921184,0.2536107554790899,0.15561165817518843,0.02661964715734476,0.10545656113156869,0.1440668313960422
61,OnlineFPCA-adagrad,0.1,13100,100,face,3,5,0.127947092056274,6,3,0.10044179931619429,0.19715483654796537,0.18707450124258568,0.02624398467634985,0.10604211603178529,0.14342900917446821
61,OnlineFPCA-adagrad,0.1,13200,100,face,3,5,0.127618789672852,6,3,0.1276376498461384,0.1722306737013698,0.24882480012598446,0.026449428029395095,0.10651771684707328,0.1427315279755339
61,OnlineFPCA-adagrad,0.1,13300,100,face,3,5,0.128431558609009,6,3,0.08120667510357632,0.13428703070295686,0.17300625171927378,0.02680343643475404,0.10690728535638906,0.142183284124654
61,OnlineFPCA-adagrad,0.1,13400,100,face,3,5,0.131325244903564,6,3,0.08310994527078856,0.15058496488504056,0.15725795944135068,0.026814004297415733,0.1071334819477446,0.14161295464462628
61,OnlineFPCA-adagrad,0.1,13500,100,face,3,5,0.127878427505493,6,3,0.08250060221476604,0.1364542976130718,0.10983515574982802,0.0264535334950078,0.10707802461508341,0.14053663966605942
61,OnlineFPCA-adagrad,0.1,13600,100,face,3,5,0.129610776901245,6,3,0.05036888884408018,0.09702554036884332,0.17760727931357392,0.026021333391417698,0.10665618646228599,0.14008011983385105
61,OnlineFPCA-adagrad,0.1,13700,100,face,3,5,0.127737283706665,6,3,0.06839996001174498,0.15362676894834273,0.20081185291093412,0.0253040324608244,0.1061367336530013,0.14023715762810376
61,OnlineFPCA-adagrad,0.1,13800,100,face,3,5,0.127393960952759,6,3,0.0776436747490873,0.14310260946065614,0.16512859383555892,0.02523251755641035,0.10581680831061932,0.1402201989496546
61,OnlineFPCA-adagrad,0.1,13900,100,face,3,5,0.131401538848877,6,3,0.09920762630989896,0.1455562144134599,0.14557812612656112,0.025176057542973976,0.1055890693647482,0.14001231523586205
61,OnlineFPCA-adagrad,0.1,14000,100,face,3,5,0.128218412399292,6,3,0.07168945243487763,0.15748348369299212,0.24840604030604216,0.02496223615272859,0.10568858607031718,0.1396358698461619
61,OnlineFPCA-adagrad,0.1,14100,100,face,3,5,0.130233287811279,6,3,0.09904679111196464,0.19734778955030768,0.258177747473784,0.024778463309920933,0.10592102283397757,0.1396555697530204
61,OnlineFPCA-adagrad,0.1,14200,100,face,3,5,0.124592304229736,6,3,0.08962292771179674,0.12015878175308643,0.21906244253171,0.024610939038510336,0.105886841987749,0.14009949483356118
61,OnlineFPCA-adagrad,0.1,14300,100,face,3,5,0.125678539276123,6,3,0.14701576093664093,0.12208992498029601,0.2065176359878,0.024634488315461344,0.10566712871277462,0.14055456223466303
61,OnlineFPCA-adagrad,0.1,14400,100,face,3,5,0.129009962081909,6,3,0.12044055167121148,0.12452690864022005,0.20254987815834655,0.02532896251285005,0.10536430896687002,0.1403492936503139
61,OnlineFPCA-adagrad,0.1,14500,100,face,3,5,0.128856182098389,6,3,0.08957127538351521,0.14768744451068103,0.28293666666231543,0.02556991856232952,0.10533995135215579,0.14033762061932373
61,OnlineFPCA-adagrad,0.1,14600,100,face,3,5,0.132052421569824,6,3,0.07629206204316409,0.22509975513029626,0.15513566984163443,0.02563199777233511,0.10506354753721674,0.14027908835354588
61,OnlineFPCA-adagrad,0.1,14700,100,face,3,5,0.128906965255737,6,3,0.11903524516277929,0.19935576386301884,0.22635372151769964,0.02583821821088948,0.10486730008776182,0.1401014619944029
61,OnlineFPCA-adagrad,0.1,14800,100,face,3,5,0.125313282012939,6,3,0.17667557800651745,0.16137580817182626,0.16878148660276016,0.02618681039759882,0.10427284840826737,0.14011237975234545
61,OnlineFPCA-adagrad,0.1,14900,100,face,3,5,0.127275466918945,6,3,0.11613397943286871,0.1453844278238138,0.17058171828702398,0.02673644945160345,0.10409185251890112,0.1402542470945309
61,OnlineFPCA-adagrad,0.1,15000,100,face,3,5,0.131254196166992,6,3,0.09766160103040612,0.2122923477386591,0.30408370651409145,0.026581691346317323,0.10384723535681085,0.14032728969968405
61,OnlineFPCA-adagrad,0.1,0,100,face,3,5,2.17004084587097,8,1,1.9917709343764392,1.5285625969138732,1.5276902125923724,1.9917709343764392,1.5285625969138732,1.5276902125923724
61,OnlineFPCA-adagrad,0.1,100,100,face,3,5,0.552868127822876,8,1,1.6718307090240518,1.6574497037112779,1.7510150155364683,NA,NA,NA
61,OnlineFPCA-adagrad,0.1,200,100,face,3,5,0.549354791641235,8,1,0.6019680319470243,1.8206869342552348,1.9714347783901007,NA,NA,NA
61,OnlineFPCA-adagrad,0.1,300,100,face,3,5,0.550935745239258,8,1,1.2094162185887154,1.8906392063759585,1.7413564329555362,NA,NA,NA
61,OnlineFPCA-adagrad,0.1,400,100,face,3,5,0.561506271362305,8,1,1.6315688668003578,1.5314320763676914,1.1293689701173708,NA,NA,NA
61,OnlineFPCA-adagrad,0.1,500,100,face,3,5,0.550959825515747,8,1,1.2188186046659815,0.6717154445947923,0.9922640753952158,NA,NA,NA
61,OnlineFPCA-adagrad,0.1,600,100,face,3,5,0.550724983215332,8,1,1.2114557531357044,0.6656966819314857,0.9886203311515501,NA,NA,NA
61,OnlineFPCA-adagrad,0.1,700,100,face,3,5,0.550289392471313,8,1,1.1995640170017834,0.6642914783664413,0.9877995832857835,NA,NA,NA
61,OnlineFPCA-adagrad,0.1,800,100,face,3,5,0.552990913391113,8,1,1.1918639925292105,0.6588912499032636,0.9867474348299652,NA,NA,NA
61,OnlineFPCA-adagrad,0.1,900,100,face,3,5,0.556181669235229,8,1,1.185433289149205,0.6546300435088289,0.9840483089716245,NA,NA,NA
61,OnlineFPCA-adagrad,0.1,1000,100,face,3,5,0.55158805847168,8,1,1.1771901847323036,0.6506354733340083,0.9850508780060516,NA,NA,NA
61,OnlineFPCA-adagrad,0.1,1100,100,face,3,5,0.786967992782593,8,1,0.4380720992236662,0.5112137187854503,0.7465774976023127,0.7130123728090744,0.5199023830881305,0.8969914470518728
61,OnlineFPCA-adagrad,0.1,1200,100,face,3,5,0.772810697555542,8,1,0.46421958873015207,0.5726182065528441,0.48063146702875476,0.4480914272459835,0.4778956397099171,0.7347926447578674
61,OnlineFPCA-adagrad,0.1,1300,100,face,3,5,0.769506931304932,8,1,0.4060308815677927,0.3859115967120146,0.33166997997352643,0.3339637709723965,0.4483525805765761,0.6030420911324722
61,OnlineFPCA-adagrad,0.1,1400,100,face,3,5,0.77750563621521,8,1,0.15618775360590018,0.38796934570599634,0.3840349549810442,0.2791549251080133,0.42491020833526466,0.5122250104809664
61,OnlineFPCA-adagrad,0.1,1500,100,face,3,5,0.770706176757812,8,1,0.30234373931631475,0.36645650587194933,0.40991070833975657,0.23687274344141246,0.40681547650159855,0.4850209288157303
61,OnlineFPCA-adagrad,0.1,1600,100,face,3,5,0.773420333862305,8,1,0.17869948991038961,0.38223024625674845,0.3255511101942814,0.20688264856185976,0.3958912776994809,0.4598685473052294
61,OnlineFPCA-adagrad,0.1,1700,100,face,3,5,0.923166036605835,8,1,0.21202015458283377,0.40351823094323513,0.31800574456146435,0.19475913151974597,0.3907546144804523,0.43603409385050307
61,OnlineFPCA-adagrad,0.1,1800,100,face,3,5,0.764041662216187,8,1,0.3306204590261751,0.40467236786299793,0.4032924303067559,0.18708249810152122,0.38667500526491044,0.4245872466181786
61,OnlineFPCA-adagrad,0.1,1900,100,face,3,5,0.770174264907837,8,1,0.15464961440537614,0.33524309005299047,0.3484960461398467,0.17518855621593346,0.38263462038034063,0.4190763614185183
61,OnlineFPCA-adagrad,0.1,2000,100,face,3,5,0.767123222351074,8,1,0.18543963915896425,0.33430887473651455,0.3998215177795329,0.1680135988418483,0.37404772954345594,0.40949704565299627
61,OnlineFPCA-adagrad,0.1,2100,100,face,3,5,0.766207695007324,8,1,0.3274055775654812,0.330438121328152,0.3493344241367237,0.15728680037267076,0.36736540741213,0.4001334513346387
61,OnlineFPCA-adagrad,0.1,2200,100,face,3,5,0.758489370346069,8,1,0.4510380868782278,0.3076205154054898,0.4282589034367691,0.15029122526707409,0.3574219726787948,0.393201776033915
61,OnlineFPCA-adagrad,0.1,2300,100,face,3,5,0.755792379379272,8,1,0.21644387162370032,0.2972285022257895,0.35932384568496767,0.13656017208291013,0.3498779411321839,0.3847871336794996
61,OnlineFPCA-adagrad,0.1,2400,100,face,3,5,0.762676954269409,8,1,0.1621002029050728,0.2880352894585418,0.28425226542455795,0.12837606516097283,0.34140537662752674,0.3710095778821798
61,OnlineFPCA-adagrad,0.1,2500,100,face,3,5,0.76396369934082,8,1,0.22629847418287907,0.3219003477639117,0.3034921030449009,0.1181967776214577,0.3306643600098054,0.3627555321694203
61,OnlineFPCA-adagrad,0.1,2600,100,face,3,5,0.825106143951416,8,1,0.11466651769277393,0.3931681373607736,0.33480501165800164,0.10795938532098115,0.32451025060815564,0.35866381679061965
61,OnlineFPCA-adagrad,0.1,2700,100,face,3,5,0.832917451858521,8,1,0.14412265685196562,0.4104893161979761,0.32464845235050804,0.10210055017951039,0.3247095713836223,0.3543603845445782
61,OnlineFPCA-adagrad,0.1,2800,100,face,3,5,0.841964960098267,8,1,0.11317695091419167,0.3922648559837725,0.28980559019803365,0.097230497731428,0.32456849377523794,0.34980554467269304
61,OnlineFPCA-adagrad,0.1,2900,100,face,3,5,0.833059310913086,8,1,0.10636474237758597,0.2971777553164813,0.2679054613114363,0.087862471954267,0.32034874538098573,0.3426411436642523
61,OnlineFPCA-adagrad,0.1,3000,100,face,3,5,0.835947036743164,8,1,0.16065367875747652,0.32306619370287304,0.3134947482945693,0.08037259299458703,0.3169754603211153,0.3340115683630525
61,OnlineFPCA-adagrad,0.1,3100,100,face,3,5,0.829738140106201,8,1,0.14043503800295135,0.27147795956670884,0.2945999210830119,0.07394993162367558,0.31300278364529016,0.3277742549547979
61,OnlineFPCA-adagrad,0.1,3200,100,face,3,5,0.834803104400635,8,1,0.15341159101646473,0.256607451639167,0.3661705845208925,0.07252893853618272,0.3093711769609166,0.3240651307675063
61,OnlineFPCA-adagrad,0.1,3300,100,face,3,5,0.976993560791016,8,1,0.08425877748227992,0.23251472434955675,0.26280035737855695,0.07186102327284329,0.3057767417224609,0.321948416871197
61,OnlineFPCA-adagrad,0.1,3400,100,face,3,5,0.831255435943604,8,1,0.08930305075826844,0.24245196808447836,0.27344848637943586,0.0693895537584672,0.3025627462180644,0.3164883370671589
61,OnlineFPCA-adagrad,0.1,3500,100,face,3,5,0.828675508499146,8,1,0.10816126060148597,0.18421863997242707,0.22797931025974982,0.06513587965631087,0.2960510495559894,0.30730305292848165
61,OnlineFPCA-adagrad,0.1,3600,100,face,3,5,0.833670616149902,8,1,0.0828280743133503,0.16237208753581447,0.24667868262126158,0.06110383712111993,0.28833708751116255,0.2979243369620738
61,OnlineFPCA-adagrad,0.1,3700,100,face,3,5,0.827575922012329,8,1,0.08150275692269267,0.2228785428014712,0.29791183169844426,0.057226870317765306,0.28180751215293226,0.28798568487449583
61,OnlineFPCA-adagrad,0.1,3800,100,face,3,5,0.839833498001099,8,1,0.11596344895045745,0.21425580086285734,0.26378371748815593,0.05666767858422058,0.27520650902965477,0.2805677684127402
61,OnlineFPCA-adagrad,0.1,3900,100,face,3,5,0.831456184387207,8,1,0.1451150353120081,0.19006290187663819,0.263182995562815,0.055289812644067966,0.26973617695971763,0.27523407115214676
61,OnlineFPCA-adagrad,0.1,4000,100,face,3,5,0.827199220657349,8,1,0.05311072077929666,0.2655632534139663,0.27087836042412256,0.05311072077929666,0.2655632534139663,0.27087836042412256
61,OnlineFPCA-adagrad,0.1,4100,100,face,3,5,0.831790924072266,8,1,0.21281660134103886,0.31377359484224465,0.3087627632457709,0.09463237196535008,0.2833847564776588,0.2379573480470588
61,OnlineFPCA-adagrad,0.1,4200,100,face,3,5,0.826822996139526,8,1,0.1402800524471921,0.20910238497644287,0.26503174863427187,0.08466986240797494,0.2515998364681459,0.24483844260851914
61,OnlineFPCA-adagrad,0.1,4300,100,face,3,5,0.81734037399292,8,1,0.2054231882652326,0.2499493982679564,0.2754064563824165,0.08761156205128663,0.23115655712112348,0.2362590931458671
61,OnlineFPCA-adagrad,0.1,4400,100,face,3,5,0.739491939544678,8,1,0.14342713920356254,0.24482738689958886,0.3221219459621888,0.1024696282869859,0.22266471942445962,0.22596208080844793
61,OnlineFPCA-adagrad,0.1,4500,100,face,3,5,0.71852707862854,8,1,0.16244413725336465,0.2823767135276555,0.473685549644976,0.084381089706058,0.22912698798205478,0.2354803311847309
61,OnlineFPCA-adagrad,0.1,4600,100,face,3,5,0.714141368865967,8,1,0.08283422349390505,0.38238202903747814,0.3396164490858271,0.07371601309585228,0.2326232727486564,0.24885786916754693
61,OnlineFPCA-adagrad,0.1,4700,100,face,3,5,0.71895432472229,8,1,0.18422201990450746,0.3212984934186613,0.40009247153515415,0.07264693457628722,0.24520985478904972,0.2601150555565287
61,OnlineFPCA-adagrad,0.1,4800,100,face,3,5,0.852251529693604,8,1,0.20158722887124414,0.2895407386376389,0.2815583287823154,0.07425776069132195,0.24176355082084525,0.2660128757564067
61,OnlineFPCA-adagrad,0.1,4900,100,face,3,5,0.710911989212036,8,1,0.1237738918984374,0.24262565461075472,0.27573331048046396,0.0705579661270841,0.23435942485290148,0.2650207863329953
61,OnlineFPCA-adagrad,0.1,5000,100,face,3,5,0.713748216629028,8,1,0.0999608857567399,0.33268118236388033,0.4762452333177374,0.061861178790797396,0.23103895268714297,0.25541846988533584
61,OnlineFPCA-adagrad,0.1,5100,100,face,3,5,0.110475778579712,8,1,0.10615922218087918,0.18506430712411234,0.5220393654191223,0.06266881737084934,0.22863841663920864,0.26052397907779856
61,OnlineFPCA-adagrad,0.1,5200,100,face,3,5,0.109918594360352,8,1,0.06222931596095566,0.26778690268085203,0.46910805097284164,0.06577358952517877,0.22522823450191448,0.2707721424581365
61,OnlineFPCA-adagrad,0.1,5300,100,face,3,5,0.110412836074829,8,1,0.12855179976248327,0.23138405253423935,0.4439998299782678,0.062276646799790523,0.2246855230268922,0.2694312084427139
61,OnlineFPCA-adagrad,0.1,5400,100,face,3,5,0.112519025802612,8,1,0.08618481895756361,0.23953966943694818,0.4703533048401678,0.062148573165694075,0.22271380334685517,0.27056398483879396
61,OnlineFPCA-adagrad,0.1,5500,100,face,3,5,0.108084917068481,8,1,0.14739339898191753,0.262717920730864,0.2925212371545455,0.058126559901193114,0.22272848119970692,0.2729071383520894
61,OnlineFPCA-adagrad,0.1,5600,100,face,3,5,0.114235162734985,8,1,0.17764721140102177,0.2254874679962862,0.27852279273725034,0.05200721981132734,0.2220024765894055,0.271911475648999
61,OnlineFPCA-adagrad,0.1,5700,100,face,3,5,0.108289003372192,8,1,0.17729101509734213,0.19986354019475472,0.23372060632666805,0.05008106577289654,0.2202575891733818,0.26658585938432133
61,OnlineFPCA-adagrad,0.1,5800,100,face,3,5,0.114233255386353,8,1,0.09015787270244766,0.24454849254757552,0.34228954061642985,0.046579555852218776,0.21565438595969816,0.26458971300408235
61,OnlineFPCA-adagrad,0.1,5900,100,face,3,5,0.107754945755005,8,1,0.14763865422261502,0.20491725779400116,0.3049621518176469,0.039395323022810125,0.20813662818658726,0.26583449875470894
61,OnlineFPCA-adagrad,0.1,6000,100,face,3,5,0.114278316497803,8,1,0.10435088548716642,0.3674190658422953,0.3191929118769187,0.033749450889115226,0.2003905974031889,0.26156088296467256
61,OnlineFPCA-adagrad,0.1,6100,100,face,3,5,0.109798431396484,8,1,0.13534033915966295,0.1787775893746941,0.3515783958808945,0.02996764222214268,0.19627717244695222,0.26115616137092984
61,OnlineFPCA-adagrad,0.1,6200,100,face,3,5,0.112281084060669,8,1,0.15401034518880238,0.3505417779332155,0.34299254356766584,0.026350192190232186,0.19170959878273278,0.259084390964829
61,OnlineFPCA-adagrad,0.1,6300,100,face,3,5,0.112952947616577,8,1,0.1210402800822994,0.17516368438069513,0.578602132854593,0.02467190813635113,0.18931043802536965,0.25361378845091836
61,OnlineFPCA-adagrad,0.1,6400,100,face,3,5,0.108803510665894,8,1,0.18637613818987128,0.21551468556318354,0.5582144467598805,0.026395735760272234,0.18259770197422648,0.24942964506607165
61,OnlineFPCA-adagrad,0.1,6500,100,face,3,5,0.110385179519653,8,1,0.15640951592973387,0.2678282343694077,0.3383619201506807,0.027460506031363217,0.17913026247646963,0.24831032423452545
61,OnlineFPCA-adagrad,0.1,6600,100,face,3,5,0.108175277709961,8,1,0.13149768163285266,0.2050487228434877,0.27473505819099897,0.028539072369351166,0.17741568641791375,0.24604628927974956
61,OnlineFPCA-adagrad,0.1,6700,100,face,3,5,0.113334655761719,8,1,0.16758555754028037,0.29430126673964957,0.25899154211884706,0.030532489163149375,0.17507177132333873,0.2395172783357964
61,OnlineFPCA-adagrad,0.1,6800,100,face,3,5,0.107827663421631,8,1,0.19816154863848978,0.2576462878425714,0.1879910523811252,0.03406010574368059,0.17373674433464012,0.23301182940040452
61,OnlineFPCA-adagrad,0.1,6900,100,face,3,5,0.12034010887146,8,1,0.10497165709324115,0.21779196051141939,0.23137155497505674,0.03473795086608707,0.17232232889688273,0.22840105958210438
61,OnlineFPCA-adagrad,0.1,7000,100,face,3,5,0.107783079147339,8,1,0.14557488957605638,0.22233956597528212,0.2551386008344348,0.03553414780228815,0.16830002848480743,0.22269365493741913
61,OnlineFPCA-adagrad,0.1,7100,100,face,3,5,0.113345146179199,8,1,0.17063620630005186,0.15510042916610514,0.14704025011997576,0.035010548969805363,0.16427012382447848,0.21483870595263574
61,OnlineFPCA-adagrad,0.1,7200,100,face,3,5,0.106990814208984,8,1,0.15897384886148286,0.11426914189049028,0.19579823445940606,0.035387913862811066,0.15981738224839404,0.20699875103180077
61,OnlineFPCA-adagrad,0.1,7300,100,face,3,5,0.114898204803467,8,1,0.10720174331583884,0.13565191898754023,0.261744354173247,0.03387673201120812,0.15584824101230674,0.202700376761111
61,OnlineFPCA-adagrad,0.1,7400,100,face,3,5,0.11034369468689,8,1,0.14212000837209732,0.09308221747331522,0.14348187119491818,0.032824655682610664,0.1515245351592578,0.20029997306591318
61,OnlineFPCA-adagrad,0.1,7500,100,face,3,5,0.114399909973145,8,1,0.14697105684219589,0.192094898795346,0.1942685362826968,0.032123625686993104,0.1468091508544138,0.19581168773139687
61,OnlineFPCA-adagrad,0.1,7600,100,face,3,5,0.110584020614624,8,1,0.11837781346299571,0.23804323941660252,0.18582638140271082,0.03166230990480795,0.14429562174027027,0.19177720434233278
61,OnlineFPCA-adagrad,0.1,7700,100,face,3,5,0.109186172485352,8,1,0.14062541730185396,0.2682560024078219,0.20245090906615623,0.031606048552208416,0.14429131989606747,0.1883852686574498
61,OnlineFPCA-adagrad,0.1,7800,100,face,3,5,0.113872528076172,8,1,0.09780572336072416,0.2578032331241847,0.14796001261024697,0.0317778547532443,0.14526669678168633,0.1848282440127495
61,OnlineFPCA-adagrad,0.1,7900,100,face,3,5,0.108513355255127,8,1,0.08817797354414718,0.22689109062199178,0.11614587495551235,0.029659853568102846,0.14560835527473093,0.1821736965910862
61,OnlineFPCA-adagrad,0.1,8000,100,face,3,5,0.113086700439453,8,1,0.14008413876039663,0.2786999069355117,0.18456623612852024,0.028432686458569462,0.14573776623238413,0.18009311566180142
61,OnlineFPCA-adagrad,0.1,8100,100,face,3,5,0.108267307281494,8,1,0.11751403731152929,0.2120818661843632,0.22936625443552303,0.027033432822178707,0.145895820445707,0.17763128675367357
61,OnlineFPCA-adagrad,0.1,8200,100,face,3,5,0.114538431167603,8,1,0.14056751973391032,0.1850186141659697,0.309471356568138,0.027585432065338242,0.14598601256913693,0.17498791631809002
61,OnlineFPCA-adagrad,0.1,8300,100,face,3,5,0.107580661773682,8,1,0.0833246622882819,0.14281636878763526,0.214347018536301,0.028392921361304575,0.1460290633664559,0.1732003220611805
61,OnlineFPCA-adagrad,0.1,8400,100,face,3,5,0.113821506500244,8,1,0.08723273231238408,0.1629002230013172,0.20066682122956656,0.02836088018830631,0.1458120983327801,0.17178750913441712
61,OnlineFPCA-adagrad,0.1,8500,100,face,3,5,0.108367204666138,8,1,0.0924301308455847,0.1481174106852892,0.13456772599393788,0.027281567382246297,0.14480623919832547,0.16920586846729332
61,OnlineFPCA-adagrad,0.1,8600,100,face,3,5,0.114214897155762,8,1,0.059443683219652786,0.11284439085612635,0.2013905169584331,0.026252990246152217,0.14303110288471643,0.16784551950949814
61,OnlineFPCA-adagrad,0.1,8700,100,face,3,5,0.112941980361938,8,1,0.07247505939110621,0.1757083234912631,0.23192170126016548,0.024623276880328258,0.14128666802658926,0.16768166172873525
61,OnlineFPCA-adagrad,0.1,8800,100,face,3,5,0.112114906311035,8,1,0.09267943177567457,0.16192615041013844,0.19580286968602423,0.02467438600970798,0.14000410826347823,0.16722319019901796
61,OnlineFPCA-adagrad,0.1,8900,100,face,3,5,0.110766649246216,8,1,0.11570000216595687,0.15747547734785142,0.19255627541296133,0.024614552535324543,0.13896956465662527,0.16636763084380168
61,OnlineFPCA-adagrad,0.1,9000,100,face,3,5,0.109271287918091,8,1,0.08418351920413328,0.17932578703755217,0.2988976457593815,0.024086358334037928,0.13861704141650757,0.16525534985972531
61,OnlineFPCA-adagrad,0.1,9100,100,face,3,5,0.114262580871582,8,1,0.12197181911589268,0.22716126071875337,0.30568449010673326,0.02379960217785773,0.13826455412961447,0.16503452369037855
61,OnlineFPCA-adagrad,0.1,9200,100,face,3,5,0.108464956283569,8,1,0.09783573286562999,0.12535591090292722,0.26690975898457786,0.023656047492220965,0.1372268757042205,0.16550034901333874
61,OnlineFPCA-adagrad,0.1,9300,100,face,3,5,0.116745710372925,8,1,0.16452163466300346,0.12676714048673113,0.23733395707792984,0.02397786782931474,0.13615513674185134,0.1663638682272118
61,OnlineFPCA-adagrad,0.1,9400,100,face,3,5,0.108054876327515,8,1,0.12531140766317747,0.13326222232520252,0.2227361917972473,0.02551345096883171,0.1350139948558477,0.16582231062849764
61,OnlineFPCA-adagrad,0.1,9500,100,face,3,5,0.245659112930298,8,1,0.11115217153448198,0.16700348014137822,0.3224137731967978,0.02581359151207492,0.1345211605775035,0.1657233854153871
61,OnlineFPCA-adagrad,0.1,9600,100,face,3,5,0.107613563537598,8,1,0.0800037508927675,0.24798387784004994,0.16659075442294585,0.025863222829028552,0.1335909482841275,0.16521277418397168
61,OnlineFPCA-adagrad,0.1,9700,100,face,3,5,0.11323070526123,8,1,0.13327181803364307,0.21255270573691348,0.248153057357367,0.026241384411097395,0.13288125259449082,0.1644287424424953
61,OnlineFPCA-adagrad,0.1,9800,100,face,3,5,0.107611179351807,8,1,0.18577296960519415,0.17232254514663306,0.17063506150702315,0.026823540930647552,0.13143763273858902,0.16395618547187407
61,OnlineFPCA-adagrad,0.1,9900,100,face,3,5,0.114005327224731,8,1,0.11943220101402703,0.1583588516906936,0.1847770674387187,0.027693191857540853,0.1308010022545774,0.16391049696070165
61,OnlineFPCA-adagrad,0.1,10000,100,face,3,5,0.113089084625244,8,1,0.10019532142340058,0.24035791928406913,0.3511517470858413,0.027173172084551857,0.13003584717901445,0.16373083682491804
61,OnlineFPCA-adagrad,0.1,10100,100,face,3,5,0.111452579498291,8,1,0.09533014480778952,0.09416491156841995,0.4158947924122694,0.027464558565614382,0.12967097769833466,0.16632479086555893
61,OnlineFPCA-adagrad,0.1,10200,100,face,3,5,0.110195875167847,8,1,0.07429571332392841,0.1734236419906696,0.34271260918499474,0.02804742097647516,0.12901005526140102,0.1689852294967612
61,OnlineFPCA-adagrad,0.1,10300,100,face,3,5,0.108834981918335,8,1,0.09953194466439796,0.1447225842618033,0.3357544411639667,0.02796142875334561,0.12805437453004054,0.1686067619755503
61,OnlineFPCA-adagrad,0.1,10400,100,face,3,5,0.113878011703491,8,1,0.0743013728137603,0.14419249053589436,0.393858321509657,0.028426272384394692,0.12655127556348333,0.1676056771455857
61,OnlineFPCA-adagrad,0.1,10500,100,face,3,5,0.108088731765747,8,1,0.09944458794975163,0.17600681064276338,0.20845464362357313,0.02824773446273485,0.125308156570996,0.16731466332977063
61,OnlineFPCA-adagrad,0.1,10600,100,face,3,5,0.114041805267334,8,1,0.15285563036756472,0.13425094945595337,0.17718728915496512,0.02731524825131699,0.1243725400262019,0.1671096635837885
61,OnlineFPCA-adagrad,0.1,10700,100,face,3,5,0.108091831207275,8,1,0.1425872575398631,0.12722898653234652,0.18156412547225964,0.027104426218049694,0.12359706693643267,0.1662593599477245
61,OnlineFPCA-adagrad,0.1,10800,100,face,3,5,0.115616321563721,8,1,0.06609541063340517,0.18475246978955082,0.25712408302932743,0.027029221898785476,0.12289970429185443,0.1658948229335888
61,OnlineFPCA-adagrad,0.1,10900,100,face,3,5,0.107691287994385,8,1,0.13089015018060154,0.17183128848228993,0.2618539924369874,0.02586620234373403,0.12205102954390493,0.16711783800890298
61,OnlineFPCA-adagrad,0.1,11000,100,face,3,5,0.11538553237915,8,1,0.09436841321983777,0.2912839397081571,0.2569565687682185,0.024806735080630544,0.12136012649569208,0.16715882408847835
61,OnlineFPCA-adagrad,0.1,11100,100,face,3,5,0.108392000198364,8,1,0.10567557125621899,0.15985746957323244,0.2733922328228307,0.02409912412273193,0.12159362514535596,0.16798416922585419
61,OnlineFPCA-adagrad,0.1,11200,100,face,3,5,0.113360643386841,8,1,0.1102151825747152,0.28480565317591716,0.2706219029994417,0.023395859907056997,0.12115865132572473,0.16858931170625058
61,OnlineFPCA-adagrad,0.1,11300,100,face,3,5,0.110838890075684,8,1,0.09417270530227215,0.15496031673938207,0.4291769993499847,0.02309118552228889,0.12143045413186174,0.1684433056349661
61,OnlineFPCA-adagrad,0.1,11400,100,face,3,5,0.111531496047974,8,1,0.16430982152801174,0.1888661361706723,0.37818867343736506,0.023457152872467663,0.12030787576991168,0.1685502629917944
61,OnlineFPCA-adagrad,0.1,11500,100,face,3,5,0.111825227737427,8,1,0.130817216869753,0.20036250838951028,0.20517014733133515,0.023643690517869565,0.11985283193028147,0.1686582780480511
61,OnlineFPCA-adagrad,0.1,11600,100,face,3,5,0.108749151229858,8,1,0.1177262125719017,0.1880160423361635,0.20092884385834595,0.024020095152546807,0.11987624025565288,0.16831917811627703
61,OnlineFPCA-adagrad,0.1,11700,100,face,3,5,0.111693382263184,8,1,0.1501277342412705,0.2533207952904674,0.17340545074497685,0.024715166400828013,0.11969775717210794,0.16699156337752624
61,OnlineFPCA-adagrad,0.1,11800,100,face,3,5,0.108599185943604,8,1,0.17161615835302071,0.2236659061598944,0.14811075386790773,0.026005780206960784,0.11967899089312753,0.16545393518280863
61,OnlineFPCA-adagrad,0.1,11900,100,face,3,5,0.115412473678589,8,1,0.1067455954338612,0.19552841834418036,0.18438569068545257,0.026468589339994058,0.11959088371663064,0.16452418373929845
61,OnlineFPCA-adagrad,0.1,12000,100,face,3,5,0.10834813117981,8,1,0.13611577800360528,0.18674490759392157,0.21478594811101873,0.026631301528841866,0.11852630540814868,0.16326141904589758
61,OnlineFPCA-adagrad,0.1,12100,100,face,3,5,0.121440887451172,8,1,0.16005005479267695,0.15116702037279123,0.13563489322233419,0.026469676410062593,0.11740437527849205,0.16131372647754905
61,OnlineFPCA-adagrad,0.1,12200,100,face,3,5,0.110157489776611,8,1,0.13611079836991202,0.09185578804243869,0.18133677425721426,0.026569517641642084,0.11611369588828581,0.1590648021902128
61,OnlineFPCA-adagrad,0.1,12300,100,face,3,5,0.112532138824463,8,1,0.10096005193490967,0.12092608082154213,0.22697213509846306,0.025985404003803586,0.11505518448220484,0.15793231475787023
61,OnlineFPCA-adagrad,0.1,12400,100,face,3,5,0.113184213638306,8,1,0.13091632803614683,0.07020826495751661,0.12387359740144142,0.02562969312305336,0.11374582384582511,0.15738484235845948
61,OnlineFPCA-adagrad,0.1,12500,100,face,3,5,0.110075950622559,8,1,0.13072353502562456,0.15689884067186327,0.1562049902094924,0.02563495733493094,0.11235406306287252,0.1561900567933635
61,OnlineFPCA-adagrad,0.1,12600,100,face,3,5,0.113534927368164,8,1,0.10743061661476197,0.19503122012574994,0.15520901099735063,0.025709228092784253,0.11185479773124056,0.155068269374394
61,OnlineFPCA-adagrad,0.1,12700,100,face,3,5,0.109392642974854,8,1,0.12685467447525456,0.23119120537164087,0.17217491193270462,0.025802029500087788,0.11209754902780295,0.15377198805759634
61,OnlineFPCA-adagrad,0.1,12800,100,face,3,5,0.11370587348938,8,1,0.09016432100794568,0.2216700647917375,0.12441034925219997,0.026085240654786103,0.11275829817127658,0.1523003351589297
61,OnlineFPCA-adagrad,0.1,12900,100,face,3,5,0.108186960220337,8,1,0.0737776766048997,0.2063744385799753,0.09303834442046571,0.02549764656241552,0.11336884968176165,0.15109501737894024
61,OnlineFPCA-adagrad,0.1,13000,100,face,3,5,0.112135410308838,8,1,0.12177002731556223,0.2615325438656105,0.14679634399179958,0.02521917523475426,0.11394625420927548,0.1503301224360883
61,OnlineFPCA-adagrad,0.1,13100,100,face,3,5,0.108321905136108,8,1,0.10037700692716216,0.20277954378836835,0.18575864545704254,0.024831361145434907,0.11443706173100097,0.14952172817009754
61,OnlineFPCA-adagrad,0.1,13200,100,face,3,5,0.116644620895386,8,1,0.1285145232569544,0.1782712361181407,0.2560466964106404,0.02510450968531275,0.11483396605073279,0.1486849188106979
61,OnlineFPCA-adagrad,0.1,13300,100,face,3,5,0.110598802566528,8,1,0.08135459049156986,0.136950649392633,0.1822160137568142,0.0254766983149482,0.1151567555449736,0.1480651067946161
61,OnlineFPCA-adagrad,0.1,13400,100,face,3,5,0.112923383712769,8,1,0.0840282492773812,0.15189177416353603,0.1670149397991645,0.02549635611574717,0.1153059207284798,0.1474628085576905
61,OnlineFPCA-adagrad,0.1,13500,100,face,3,5,0.107900142669678,8,1,0.08264004595688836,0.13985377664396303,0.10699853065556188,0.025113245952675778,0.11517239564412528,0.14639848514805548
61,OnlineFPCA-adagrad,0.1,13600,100,face,3,5,0.115966320037842,8,1,0.050312545474836094,0.09861311668588624,0.17531424108756458,0.024704683143416558,0.11467716572299798,0.14585201896128727
61,OnlineFPCA-adagrad,0.1,13700,100,face,3,5,0.110592603683472,8,1,0.06854313847322409,0.1545078052302074,0.202762869391573,0.024004154462281112,0.11410709303008915,0.14593928458819982
61,OnlineFPCA-adagrad,0.1,13800,100,face,3,5,0.111670732498169,8,1,0.07820919863120772,0.1453122021915574,0.171375613677557,0.023935637049031393,0.11374222230810127,0.14593873061499313
61,OnlineFPCA-adagrad,0.1,13900,100,face,3,5,0.113822460174561,8,1,0.09931569235554642,0.14804017594668953,0.15688779592503985,0.02385387091025387,0.11346119669042727,0.14584467207640714
61,OnlineFPCA-adagrad,0.1,14000,100,face,3,5,0.112444877624512,8,1,0.07108160371664263,0.1596365633879193,0.25702337519665386,0.023605233973674578,0.11349885939237302,0.14555779815209208
61,OnlineFPCA-adagrad,0.1,14100,100,face,3,5,0.112760305404663,8,1,0.09910078837759288,0.19684951902322387,0.27180405102739136,0.02345400884009269,0.11365173115884925,0.14569779526705698
61,OnlineFPCA-adagrad,0.1,14200,100,face,3,5,0.108894109725952,8,1,0.09026831456103589,0.12408206686065429,0.24096410020382644,0.023353944077904348,0.1135374808850965,0.14624005877942647
61,OnlineFPCA-adagrad,0.1,14300,100,face,3,5,0.113895893096924,8,1,0.14855006098497917,0.12338153078832571,0.21760401799165957,0.023444294234262184,0.11326194529846129,0.1468293002015968
61,OnlineFPCA-adagrad,0.1,14400,100,face,3,5,0.109083890914917,8,1,0.12006840982045668,0.12346593385494026,0.21221584805601798,0.024114314686243653,0.11289667304330309,0.14672120971282787
61,OnlineFPCA-adagrad,0.1,14500,100,face,3,5,0.114730596542358,8,1,0.09055789906648304,0.1512864673605559,0.282622230443989,0.024310543587446026,0.11280305164718989,0.14672871792214992
61,OnlineFPCA-adagrad,0.1,14600,100,face,3,5,0.108386039733887,8,1,0.07410763322334428,0.22233065503728786,0.150527774727043,0.024386970717870663,0.11247518623883604,0.14657156803271748
61,OnlineFPCA-adagrad,0.1,14700,100,face,3,5,0.121591329574585,8,1,0.11536349921480755,0.1993930168700875,0.22166824927969297,0.024570879129460398,0.11220985517621426,0.1462425857517173
61,OnlineFPCA-adagrad,0.1,14800,100,face,3,5,0.108113288879395,8,1,0.17480104402616925,0.16485850063588836,0.16373643894819048,0.024842006980916126,0.11157556523576907,0.1461043385034441
61,OnlineFPCA-adagrad,0.1,14900,100,face,3,5,0.114966869354248,8,1,0.11504348424053606,0.15294914531400747,0.17663812663005785,0.02534427182222705,0.11136248414963577,0.14619488329301153
61,OnlineFPCA-adagrad,0.1,15000,100,face,3,5,0.111227035522461,8,1,0.09748452820708257,0.21609368772400733,0.3095626037851084,0.025172981020454524,0.11109173874113842,0.14625136019313129
61,OnlineFPCA-adagrad,0.1,0,100,face,3,5,2.17004084587097,8,2,1.9917709343764392,1.3570859652687575,1.5276902125923724,1.9917709343764392,1.3570859652687575,1.5276902125923724
61,OnlineFPCA-adagrad,0.1,100,100,face,3,5,0.482770442962646,8,2,1.7940593105769211,1.6275482179679441,1.6401634124621471,NA,NA,NA
61,OnlineFPCA-adagrad,0.1,200,100,face,3,5,0.492123126983643,8,2,0.5905240429019032,0.8549332777009511,1.8317057425130496,NA,NA,NA
61,OnlineFPCA-adagrad,0.1,300,100,face,3,5,0.479632377624512,8,2,1.0431700029741475,1.1622639808727662,0.863468997251605,NA,NA,NA
61,OnlineFPCA-adagrad,0.1,400,100,face,3,5,0.477734088897705,8,2,0.540326095455073,1.0382157179408786,1.2478299640903878,NA,NA,NA
61,OnlineFPCA-adagrad,0.1,500,100,face,3,5,0.477376461029053,8,2,0.6407063458088004,0.5686342020831049,1.065796607968755,NA,NA,NA
61,OnlineFPCA-adagrad,0.1,600,100,face,3,5,0.482121706008911,8,2,0.6047310529098637,0.5576642646837285,1.0628415222530079,NA,NA,NA
61,OnlineFPCA-adagrad,0.1,700,100,face,3,5,0.481053352355957,8,2,0.5693904070493458,0.5541193782950794,1.0627894188693185,NA,NA,NA
61,OnlineFPCA-adagrad,0.1,800,100,face,3,5,0.478670358657837,8,2,0.5417130201676494,0.5494193294439874,1.0622865408980946,NA,NA,NA
61,OnlineFPCA-adagrad,0.1,900,100,face,3,5,0.612655401229858,8,2,0.5038371803406178,0.5440137220768247,1.0599045882527116,NA,NA,NA
61,OnlineFPCA-adagrad,0.1,1000,100,face,3,5,0.472440958023071,8,2,0.46279756306620834,0.5388393359676164,1.0592390561761196,NA,NA,NA
61,OnlineFPCA-adagrad,0.1,1100,100,face,3,5,0.663817405700684,8,2,0.20656963400587705,0.38695629215778565,0.9994821641635862,0.10958632796126985,0.43211237149929244,1.0244025999912458
61,OnlineFPCA-adagrad,0.1,1200,100,face,3,5,0.664330720901489,8,2,0.19317848745614133,0.3382285040334261,0.9382022587798253,0.07271316483140233,0.3822291928809453,0.9948952442024552
61,OnlineFPCA-adagrad,0.1,1300,100,face,3,5,0.662712097167969,8,2,0.11098166086795312,0.269216333919842,0.8752207346087966,0.06000118489711516,0.34365899308381825,0.9619117430663334
61,OnlineFPCA-adagrad,0.1,1400,100,face,3,5,0.664121389389038,8,2,0.16438143312601786,0.2790607895333481,0.8308680304078465,0.06979248894718143,0.3183745571019229,0.9358599332722933
61,OnlineFPCA-adagrad,0.1,1500,100,face,3,5,0.669950485229492,8,2,0.12529189015929515,0.23240027470839317,0.7448408926630355,0.05685333323752352,0.29754228436700003,0.9066777588981354
61,OnlineFPCA-adagrad,0.1,1600,100,face,3,5,0.663662910461426,8,2,0.23017252448696573,0.308303997766526,0.4971705825618114,0.05930778573251126,0.2882024796564983,0.8552593974920261
61,OnlineFPCA-adagrad,0.1,1700,100,face,3,5,0.661417961120605,8,2,0.28476530746796425,0.3007529747301482,0.5118341407495008,0.0656582322514832,0.2720416777689898,0.802977235135895
61,OnlineFPCA-adagrad,0.1,1800,100,face,3,5,0.661002397537231,8,2,0.3038452481048212,0.2880453352073662,0.550530146500473,0.07287175996965868,0.26637531918952034,0.7637962682225825
61,OnlineFPCA-adagrad,0.1,1900,100,face,3,5,0.665413856506348,8,2,0.1529579956946399,0.2142733884008506,0.3815738666333666,0.07482889823621704,0.26143301270445685,0.7266965837312258
61,OnlineFPCA-adagrad,0.1,2000,100,face,3,5,0.663750410079956,8,2,0.12846265971656132,0.20700200263742347,0.3279021257438957,0.07750872344310925,0.2570416083471548,0.6882085044467736
61,OnlineFPCA-adagrad,0.1,2100,100,face,3,5,0.665937662124634,8,2,0.30681922668252043,0.22599306736425373,0.29168444236926455,0.07463737102283732,0.24967519714034245,0.650382098182984
61,OnlineFPCA-adagrad,0.1,2200,100,face,3,5,0.652257442474365,8,2,0.37846290308735314,0.20815368042750443,0.3734483186994927,0.07189980763284987,0.24138681286116984,0.6181707518449416
61,OnlineFPCA-adagrad,0.1,2300,100,face,3,5,0.659818887710571,8,2,0.17008598576441172,0.21845809809438554,0.22727766181390868,0.07065454149562377,0.23602971713161294,0.5864987909276064
61,OnlineFPCA-adagrad,0.1,2400,100,face,3,5,0.664302110671997,8,2,0.19977097827170023,0.15886433300217587,0.1390921005779887,0.06688525590280257,0.22919876705534856,0.5454324275674253
61,OnlineFPCA-adagrad,0.1,2500,100,face,3,5,0.660713672637939,8,2,0.17937831406958257,0.22734047922323627,0.25399552424014193,0.06240738702954003,0.22117000111184953,0.5165814281885431
61,OnlineFPCA-adagrad,0.1,2600,100,face,3,5,0.851474523544312,8,2,0.1219503186909804,0.2864866545679585,0.2155563534819589,0.05841337052833317,0.21682801884000039,0.49636630526373743
61,OnlineFPCA-adagrad,0.1,2700,100,face,3,5,0.711014032363892,8,2,0.15741124557278469,0.3261917051834205,0.26889168931897595,0.05640353996156257,0.21516998145647434,0.4771329295272103
61,OnlineFPCA-adagrad,0.1,2800,100,face,3,5,0.71715235710144,8,2,0.09648868596869585,0.3355052725975695,0.19584831391232638,0.05457699980705975,0.21767467146505085,0.45708659101543825
61,OnlineFPCA-adagrad,0.1,2900,100,face,3,5,0.716219425201416,8,2,0.09715076018393802,0.23711225954590462,0.23952937176920666,0.04739674342322642,0.216887386266619,0.43506947834962306
61,OnlineFPCA-adagrad,0.1,3000,100,face,3,5,0.718852996826172,8,2,0.1566428957497299,0.2584035955034834,0.23983952015687746,0.04312123051117896,0.2170161708365769,0.4140550175241111
61,OnlineFPCA-adagrad,0.1,3100,100,face,3,5,0.721367835998535,8,2,0.13511426705028828,0.2241909407944168,0.21548354579729667,0.03828950247784603,0.21573243761813254,0.3994376478981112
61,OnlineFPCA-adagrad,0.1,3200,100,face,3,5,0.71560263633728,8,2,0.14831870144107748,0.21011786348013398,0.28842713842735423,0.03720821928577844,0.21411478505585488,0.39037621900736164
61,OnlineFPCA-adagrad,0.1,3300,100,face,3,5,0.711972713470459,8,2,0.08297025442829452,0.19001492848262583,0.20074730523196951,0.03695545598558333,0.21230835592583683,0.38264107928223023
61,OnlineFPCA-adagrad,0.1,3400,100,face,3,5,0.71725058555603,8,2,0.08647046929804639,0.21108913724084347,0.21217425338686066,0.036238588272550595,0.2114659027336964,0.3701581872545767
61,OnlineFPCA-adagrad,0.1,3500,100,face,3,5,0.714044809341431,8,2,0.10764832064400581,0.16112957906082195,0.21886770418468904,0.03254350901732664,0.20756189084669158,0.3532177927334539
61,OnlineFPCA-adagrad,0.1,3600,100,face,3,5,0.713221788406372,8,2,0.08054188989199305,0.13620252540163041,0.2543903328764351,0.030411166446278937,0.2017869878497135,0.3393368799309361
61,OnlineFPCA-adagrad,0.1,3700,100,face,3,5,0.727588653564453,8,2,0.08184942953871613,0.20886037388819595,0.2800212907611721,0.02824970059549056,0.1963187798647814,0.3220710544078665
61,OnlineFPCA-adagrad,0.1,3800,100,face,3,5,0.717931747436523,8,2,0.1143070514417673,0.19077576883521108,0.22986827706571397,0.03005761984114925,0.19105981516323875,0.30746645458086286
61,OnlineFPCA-adagrad,0.1,3900,100,face,3,5,0.724287986755371,8,2,0.14378913709692948,0.16515635193095568,0.2363193792560022,0.030754041430202654,0.1872432956268564,0.2960429888789626
61,OnlineFPCA-adagrad,0.1,4000,100,face,3,5,0.719469785690308,8,2,0.029438980088049033,0.18526632660183756,0.2868465629511151,0.029438980088049033,0.18526632660183756,0.2868465629511151
61,OnlineFPCA-adagrad,0.1,4100,100,face,3,5,0.726053476333618,8,2,0.2082741120259506,0.271528649932354,0.32542868349696213,0.08872792987617811,0.21280853528856258,0.25108596912294073
61,OnlineFPCA-adagrad,0.1,4200,100,face,3,5,0.717114925384521,8,2,0.14580174969384005,0.1519332417557413,0.2824126851050334,0.08099138069780959,0.19038422709367783,0.2730167378243947
61,OnlineFPCA-adagrad,0.1,4300,100,face,3,5,0.717270374298096,8,2,0.20529257695899158,0.2038934233800698,0.22203248583827634,0.08435349279887887,0.1697713141836319,0.24088744054571642
61,OnlineFPCA-adagrad,0.1,4400,100,face,3,5,0.712066888809204,8,2,0.14382822823062494,0.21208377081649993,0.2891628595391716,0.09955068415855545,0.16418361990722496,0.21487240161352023
61,OnlineFPCA-adagrad,0.1,4500,100,face,3,5,0.71650505065918,8,2,0.15456329304562363,0.23936474968252583,0.46055421912450406,0.08100150542923108,0.1752429118934986,0.20599154075758472
61,OnlineFPCA-adagrad,0.1,4600,100,face,3,5,0.717858552932739,8,2,0.08300347314457081,0.36056338309318725,0.2964709775528131,0.07014020902542788,0.18144499026226696,0.2180588552320266
61,OnlineFPCA-adagrad,0.1,4700,100,face,3,5,0.724608421325684,8,2,0.17749885779378546,0.28715456165465625,0.36984720482022887,0.06946101526804498,0.19937561721878777,0.22623393530727265
61,OnlineFPCA-adagrad,0.1,4800,100,face,3,5,0.720587015151978,8,2,0.20335069677515197,0.23689242623450973,0.24778825003905416,0.07160662132913244,0.19561016122572533,0.2322575135561323
61,OnlineFPCA-adagrad,0.1,4900,100,face,3,5,0.714058876037598,8,2,0.11924712234861759,0.1972576595932803,0.23100663181147088,0.0676127607988995,0.1857630876531086,0.2297867125629061
61,OnlineFPCA-adagrad,0.1,5000,100,face,3,5,0.72176718711853,8,2,0.10015982089323153,0.3008635573349042,0.44494509890539546,0.05910299380476003,0.1820679299130125,0.21612726874168078
61,OnlineFPCA-adagrad,0.1,5100,100,face,3,5,0.108739852905273,8,2,0.10659594657851942,0.12925266690245854,0.4811685657391467,0.05992696941643489,0.1780882751833706,0.2152744563126303
61,OnlineFPCA-adagrad,0.1,5200,100,face,3,5,0.118981599807739,8,2,0.060600902192532766,0.2243597761720925,0.40407437828258497,0.06324964526404352,0.17443363588113736,0.22163873106273194
61,OnlineFPCA-adagrad,0.1,5300,100,face,3,5,0.108464479446411,8,2,0.12655608443277297,0.19306040538836602,0.4094201409272429,0.059983140525925,0.17410057097050843,0.22240891466616391
61,OnlineFPCA-adagrad,0.1,5400,100,face,3,5,0.113442182540894,8,2,0.08670559884046454,0.1991122415386364,0.42689407868272194,0.06002779492252799,0.17199679001783794,0.22762365427835204
61,OnlineFPCA-adagrad,0.1,5500,100,face,3,5,0.107319116592407,8,2,0.14717622577920686,0.2195725807392373,0.2382595590934273,0.05625622556860054,0.17256997318974746,0.23038362420391006
61,OnlineFPCA-adagrad,0.1,5600,100,face,3,5,0.11367654800415,8,2,0.1764818044930842,0.18521270206143822,0.2403567969323326,0.050412459196890046,0.17200949962108325,0.22836699969352686
61,OnlineFPCA-adagrad,0.1,5700,100,face,3,5,0.108484268188477,8,2,0.1778695164916029,0.1705282377817946,0.20455519633330965,0.048759609269303894,0.17070981366952728,0.22225847557564046
61,OnlineFPCA-adagrad,0.1,5800,100,face,3,5,0.112611770629883,8,2,0.08778351391129073,0.2265297208199973,0.31879798468366305,0.04549463020694249,0.16654416200524536,0.2204700670975006
61,OnlineFPCA-adagrad,0.1,5900,100,face,3,5,0.109468221664429,8,2,0.1471210744420537,0.1951922509496524,0.288403401467637,0.038628473988649735,0.15951969542580202,0.221741585772905
61,OnlineFPCA-adagrad,0.1,6000,100,face,3,5,0.110604524612427,8,2,0.1062117461828872,0.35037128359779107,0.3001123611290095,0.03325033246109652,0.15171062124714876,0.21831153463912553
61,OnlineFPCA-adagrad,0.1,6100,100,face,3,5,0.110010623931885,8,2,0.13441741501607393,0.15303623883114997,0.3178292307281593,0.029584067396948743,0.14806983327478582,0.21853758432216583
61,OnlineFPCA-adagrad,0.1,6200,100,face,3,5,0.110999345779419,8,2,0.15404665402444967,0.3400190851313691,0.30565617671902423,0.025890916203535237,0.14410770146150514,0.21653263723129604
61,OnlineFPCA-adagrad,0.1,6300,100,face,3,5,0.113355159759521,8,2,0.12384439979346572,0.16043775938744606,0.547701235156842,0.024175813891451275,0.1426745408572647,0.2105524924521179
61,OnlineFPCA-adagrad,0.1,6400,100,face,3,5,0.108365058898926,8,2,0.1839967129654181,0.2059473085933591,0.5156541166839682,0.025995756097990163,0.1366255309649485,0.20555653951126307
61,OnlineFPCA-adagrad,0.1,6500,100,face,3,5,0.114311933517456,8,2,0.15763377758473185,0.24632585034504095,0.27174874676926897,0.02701369757611573,0.13390765613677305,0.2049167016434981
61,OnlineFPCA-adagrad,0.1,6600,100,face,3,5,0.108020067214966,8,2,0.12988300346860182,0.20178461349915316,0.2211572627190073,0.02812198655335115,0.13328586182477445,0.2031675176321181
61,OnlineFPCA-adagrad,0.1,6700,100,face,3,5,0.11388087272644,8,2,0.16624246943857465,0.2864780784588595,0.21173940890093426,0.0300840981020502,0.1319123221099334,0.19697318092221025
61,OnlineFPCA-adagrad,0.1,6800,100,face,3,5,0.108290910720825,8,2,0.1959714218301765,0.2510011493073659,0.14896033881165488,0.033557670142475966,0.13168814109018057,0.1907865463060518
61,OnlineFPCA-adagrad,0.1,6900,100,face,3,5,0.113916397094727,8,2,0.10670709839965871,0.21051399049347402,0.19061905099905777,0.03419982284670769,0.13128498222575435,0.18686850573529334
61,OnlineFPCA-adagrad,0.1,7000,100,face,3,5,0.10714316368103,8,2,0.14759275674290537,0.21718819003978762,0.2346421919658723,0.03501431496061756,0.12812178393309678,0.18155996325489854
61,OnlineFPCA-adagrad,0.1,7100,100,face,3,5,0.114734172821045,8,2,0.17035464920658483,0.15264721127671824,0.1542226690528034,0.03471963876306958,0.12513682183996813,0.17502778852087306
61,OnlineFPCA-adagrad,0.1,7200,100,face,3,5,0.110224962234497,8,2,0.15782389681256181,0.10828335875487588,0.20129353786903648,0.035093702501668766,0.1216750045994432,0.16825942081978953
61,OnlineFPCA-adagrad,0.1,7300,100,face,3,5,0.111671924591064,8,2,0.10627643646217785,0.13238335554504252,0.2565275162214287,0.03356461513441225,0.118835758642341,0.1652224553220331
61,OnlineFPCA-adagrad,0.1,7400,100,face,3,5,0.109469652175903,8,2,0.1414017391311013,0.09248019425245464,0.13868962400417892,0.03247382070353023,0.11546497724372427,0.16351804728427274
61,OnlineFPCA-adagrad,0.1,7500,100,face,3,5,0.110706090927124,8,2,0.14555575427443768,0.19023720038808142,0.1968801512745395,0.03176255427081927,0.11168466639772817,0.16025742286755665
61,OnlineFPCA-adagrad,0.1,7600,100,face,3,5,0.113361358642578,8,2,0.11863961619325175,0.2320977826404506,0.1837163844070081,0.031319772977390484,0.11039818109304383,0.15797077752278116
61,OnlineFPCA-adagrad,0.1,7700,100,face,3,5,0.107930183410645,8,2,0.14087298695763872,0.25837471024025543,0.20071275071776612,0.03132261542539682,0.11138314941620034,0.15560913248317973
61,OnlineFPCA-adagrad,0.1,7800,100,face,3,5,0.120811223983765,8,2,0.09673235293851573,0.250258050805046,0.12972057489446698,0.03152877472027554,0.11332484509601407,0.1523231320953611
61,OnlineFPCA-adagrad,0.1,7900,100,face,3,5,0.107533931732178,8,2,0.08690339955528213,0.2194584604256492,0.11794735724563059,0.02942259790565772,0.1145223539840527,0.14991458542684297
61,OnlineFPCA-adagrad,0.1,8000,100,face,3,5,0.111491441726685,8,2,0.1393113384411114,0.2676955332999986,0.1905178779772712,0.028171520725635883,0.11570511460763108,0.1486881010078975
61,OnlineFPCA-adagrad,0.1,8100,100,face,3,5,0.107668399810791,8,2,0.1172005760107915,0.20509894143904134,0.22517446959420032,0.02676136734673095,0.11677643250954768,0.1472574180106616
61,OnlineFPCA-adagrad,0.1,8200,100,face,3,5,0.114151239395142,8,2,0.13950271860734811,0.1771619561536499,0.29363615489117034,0.027284863856025104,0.11765357083056077,0.14583479750206485
61,OnlineFPCA-adagrad,0.1,8300,100,face,3,5,0.110357999801636,8,2,0.08236298862505409,0.13786427732474588,0.19240061301458683,0.028079075680931733,0.11826891519728952,0.1449528439849795
61,OnlineFPCA-adagrad,0.1,8400,100,face,3,5,0.112366437911987,8,2,0.08606392041066865,0.15993957071881026,0.18116444316341676,0.028017660271876056,0.11861582508502683,0.14401426269700948
61,OnlineFPCA-adagrad,0.1,8500,100,face,3,5,0.113345861434937,8,2,0.09234127132053357,0.14326061774937698,0.14142863331161704,0.026935915444607116,0.11816734821841102,0.14153477203520698
61,OnlineFPCA-adagrad,0.1,8600,100,face,3,5,0.108737707138062,8,2,0.05948121510116617,0.10889495046396085,0.20336747882461417,0.025928459575936064,0.11687178773288302,0.1408337586152243
61,OnlineFPCA-adagrad,0.1,8700,100,face,3,5,0.114172220230103,8,2,0.07224572685142133,0.17331389866376715,0.22740743719195464,0.024353189445495978,0.11542809050297693,0.14110358560239405
61,OnlineFPCA-adagrad,0.1,8800,100,face,3,5,0.108532667160034,8,2,0.0922525122472982,0.1566384330458047,0.184820057651527,0.02442415877637683,0.11447364233597947,0.14087306175744124
61,OnlineFPCA-adagrad,0.1,8900,100,face,3,5,0.113512516021729,8,2,0.11564854120346935,0.1518119578168784,0.17701956601851523,0.024374909750468698,0.1138544267419595,0.14003321869844046
61,OnlineFPCA-adagrad,0.1,9000,100,face,3,5,0.107917070388794,8,2,0.08460376118421753,0.17580050830516872,0.2857445665385914,0.023838206176546983,0.11400172177426025,0.13900027348391333
61,OnlineFPCA-adagrad,0.1,9100,100,face,3,5,0.114721536636353,8,2,0.12227410349860779,0.22919917366282508,0.2848601381124011,0.02356590242550884,0.11425057574508955,0.13880246711434194
61,OnlineFPCA-adagrad,0.1,9200,100,face,3,5,0.107927560806274,8,2,0.09735030071398497,0.12038725565628142,0.23429732884096735,0.023442768820844777,0.1138440873657601,0.13959004987450402
61,OnlineFPCA-adagrad,0.1,9300,100,face,3,5,0.11441445350647,8,2,0.1635960452724919,0.1238452447961876,0.22268337091095364,0.023778005154060144,0.11314456742438028,0.1404443306565248
61,OnlineFPCA-adagrad,0.1,9400,100,face,3,5,0.110765695571899,8,2,0.12489663483335112,0.13352254313034928,0.21088650728553027,0.025320117984645275,0.1123516558694007,0.13974910277873243
61,OnlineFPCA-adagrad,0.1,9500,100,face,3,5,0.1114821434021,8,2,0.1100826736313882,0.16103425815471892,0.32405048982433504,0.025607261297075357,0.11227783796186112,0.1397088481554345
61,OnlineFPCA-adagrad,0.1,9600,100,face,3,5,0.113630771636963,8,2,0.0800984797671524,0.25078363001931114,0.17030409365375396,0.025660693047767028,0.1116434314168583,0.13966416358048792
61,OnlineFPCA-adagrad,0.1,9700,100,face,3,5,0.108985424041748,8,2,0.13220147977861035,0.2115900445669566,0.2506230904244511,0.02606939938568711,0.11132918073020201,0.13941502823793817
61,OnlineFPCA-adagrad,0.1,9800,100,face,3,5,0.113845586776733,8,2,0.18489063078475224,0.16517384863199866,0.17427805217886977,0.026699895225834325,0.11009251530077505,0.13962651606413795
61,OnlineFPCA-adagrad,0.1,9900,100,face,3,5,0.108853816986084,8,2,0.11847311381882297,0.1490422921946499,0.1759102262300995,0.027575920671449382,0.10964515352485925,0.14002053422200614
61,OnlineFPCA-adagrad,0.1,10000,100,face,3,5,0.114707708358765,8,2,0.1005109821024774,0.23589885980148653,0.34293258803071963,0.027057975539290142,0.10904370262445749,0.1401246442013116
61,OnlineFPCA-adagrad,0.1,10100,100,face,3,5,0.107778310775757,8,2,0.09532444602570936,0.09123542461086491,0.40189897785147904,0.02734364262482415,0.10892560595304024,0.14314758652713508
61,OnlineFPCA-adagrad,0.1,10200,100,face,3,5,0.114680528640747,8,2,0.07368235330898146,0.16640830452694688,0.31956202052876437,0.027935816865257545,0.10861788943416151,0.1461701946458547
61,OnlineFPCA-adagrad,0.1,10300,100,face,3,5,0.108533620834351,8,2,0.09926334876537414,0.14136684730819152,0.3156449714737529,0.02786183053304158,0.10794592246882233,0.14635617902999423
61,OnlineFPCA-adagrad,0.1,10400,100,face,3,5,0.24447226524353,8,2,0.07542967005776491,0.14011216752367223,0.36806032634554886,0.028330365141798496,0.10665849901086791,0.1460872354919624
61,OnlineFPCA-adagrad,0.1,10500,100,face,3,5,0.110559225082397,8,2,0.0986737771554631,0.16833516862476453,0.18116442557701443,0.028169318771405633,0.10567880816557657,0.14627898703237932
61,OnlineFPCA-adagrad,0.1,10600,100,face,3,5,0.111716508865356,8,2,0.15234940207598086,0.12995650123801322,0.1672826401621312,0.027249936809001923,0.10497428369517865,0.1463278269271982
61,OnlineFPCA-adagrad,0.1,10700,100,face,3,5,0.110415935516357,8,2,0.1413336763995587,0.12447988892985862,0.1676820208745135,0.02704267554323314,0.10445693707314975,0.14566734798872502
61,OnlineFPCA-adagrad,0.1,10800,100,face,3,5,0.111726999282837,8,2,0.06520809779696783,0.18350971447696698,0.2545280364378877,0.026955380280797955,0.10412072023139421,0.14571350715787382
61,OnlineFPCA-adagrad,0.1,10900,100,face,3,5,0.113680601119995,8,2,0.13062483894724963,0.17047670610401572,0.2559214183828542,0.025808874662645767,0.10368448988367847,0.14731947747838478
61,OnlineFPCA-adagrad,0.1,11000,100,face,3,5,0.109007596969604,8,2,0.09480299639885968,0.28477291428567,0.24622228914050426,0.02476556890206007,0.10324236017073396,0.14761708025801112
61,OnlineFPCA-adagrad,0.1,11100,100,face,3,5,0.113337993621826,8,2,0.10587031225438241,0.1497397386579489,0.2574477517812428,0.02405656449115642,0.1037393387167967,0.1486609790311199
61,OnlineFPCA-adagrad,0.1,11200,100,face,3,5,0.10876989364624,8,2,0.11018884150483288,0.278168376753608,0.25600543035114276,0.023354912511223586,0.10354766980565627,0.14935287718926116
61,OnlineFPCA-adagrad,0.1,11300,100,face,3,5,0.11469554901123,8,2,0.09677484796969163,0.1454579671974992,0.41164361477481093,0.023048755495886974,0.10407166171156625,0.14912016288433458
61,OnlineFPCA-adagrad,0.1,11400,100,face,3,5,0.10849404335022,8,2,0.16281588503060454,0.18176596671704787,0.3535701247062294,0.023406108377760533,0.10311910607738768,0.1491155319343105
61,OnlineFPCA-adagrad,0.1,11500,100,face,3,5,0.115104913711548,8,2,0.1302420246368793,0.18704894517840645,0.18219598281589677,0.02358650644747766,0.10279396202377282,0.1493624051568478
61,OnlineFPCA-adagrad,0.1,11600,100,face,3,5,0.108597278594971,8,2,0.1164805628640851,0.18603922568112177,0.17467737628414545,0.023969341078046404,0.10301399250575768,0.14917711992512914
61,OnlineFPCA-adagrad,0.1,11700,100,face,3,5,0.115997552871704,8,2,0.1489036999952083,0.24962747826957774,0.15012983259511203,0.024651200685378693,0.1030158941409674,0.14795324974539176
61,OnlineFPCA-adagrad,0.1,11800,100,face,3,5,0.110735654830933,8,2,0.17051345140396684,0.22172752521981148,0.13829049917369793,0.025932723360921405,0.10318170037896893,0.14654518798432614
61,OnlineFPCA-adagrad,0.1,11900,100,face,3,5,0.112344741821289,8,2,0.10843013374034656,0.19335302393896378,0.16487815058424357,0.02638906290757146,0.10325733356089412,0.14579027041965895
61,OnlineFPCA-adagrad,0.1,12000,100,face,3,5,0.110209703445435,8,2,0.13714629639941758,0.18755508777839058,0.20374046311208574,0.02655404568422893,0.10236240185924288,0.14465988083461997
61,OnlineFPCA-adagrad,0.1,12100,100,face,3,5,0.110206365585327,8,2,0.15907979720167736,0.15055565084041722,0.14160244464862187,0.026410196583068604,0.10143650747441652,0.14304922484616037
61,OnlineFPCA-adagrad,0.1,12200,100,face,3,5,0.113358736038208,8,2,0.13524739276106298,0.09067031958203528,0.18292004769146492,0.026500668734746442,0.10035734817415788,0.14107986798468988
61,OnlineFPCA-adagrad,0.1,12300,100,face,3,5,0.107275485992432,8,2,0.10002673695575,0.11912104614528424,0.22281494815202238,0.025901130628971206,0.09955151762893268,0.14021228890376633
61,OnlineFPCA-adagrad,0.1,12400,100,face,3,5,0.111749649047852,8,2,0.13035623656926987,0.0714007616775941,0.11942460271550841,0.025530065604556167,0.09848343339298259,0.13981983553017047
61,OnlineFPCA-adagrad,0.1,12500,100,face,3,5,0.107447624206543,8,2,0.12973151327005347,0.15517831125177356,0.15854911948239608,0.025535684424152435,0.09734250933962356,0.13891412133539208
61,OnlineFPCA-adagrad,0.1,12600,100,face,3,5,0.113390922546387,8,2,0.10735017021580817,0.19189322790281615,0.15349984351616724,0.025614000241418116,0.0971296881411885,0.1381592340100516
61,OnlineFPCA-adagrad,0.1,12700,100,face,3,5,0.11002779006958,8,2,0.12671150187364805,0.22606969967807006,0.1724106999720098,0.02572179683631979,0.09757209768411312,0.13710843561465605
61,OnlineFPCA-adagrad,0.1,12800,100,face,3,5,0.112421989440918,8,2,0.08943859190233612,0.21698028452062962,0.11457533527101357,0.026020277751631564,0.09843265257875755,0.13573761089332526
61,OnlineFPCA-adagrad,0.1,12900,100,face,3,5,0.110438108444214,8,2,0.07261607623426979,0.20130502033162978,0.09764774730972908,0.025446541489413704,0.09923927423868063,0.1346473179548831
61,OnlineFPCA-adagrad,0.1,13000,100,face,3,5,0.112575054168701,8,2,0.12110218542189875,0.253129505842767,0.15618384944985658,0.02516566608359701,0.10006054840421863,0.13414405261439155
61,OnlineFPCA-adagrad,0.1,13100,100,face,3,5,0.113466024398804,8,2,0.10032674809922228,0.197097280372935,0.1874549255465565,0.024778201250615046,0.10076339331290944,0.13364252564789655
61,OnlineFPCA-adagrad,0.1,13200,100,face,3,5,0.108345985412598,8,2,0.12768337481923558,0.1719671755054833,0.24874968191579783,0.02504265249205126,0.10133967902309217,0.13314111324602082
61,OnlineFPCA-adagrad,0.1,13300,100,face,3,5,0.114639520645142,8,2,0.08043196304500314,0.13410374047506662,0.17224110680811172,0.025407448639627066,0.10179350091615305,0.13276731270202904
61,OnlineFPCA-adagrad,0.1,13400,100,face,3,5,0.108148813247681,8,2,0.08312166524469272,0.15034117215096915,0.1569496857218047,0.02541644856983043,0.10207412805975702,0.13231350560429267
61,OnlineFPCA-adagrad,0.1,13500,100,face,3,5,0.112458229064941,8,2,0.08258533803776741,0.13628395423955625,0.11000772094425218,0.025032663411951758,0.10207145369495312,0.1313060770739572
61,OnlineFPCA-adagrad,0.1,13600,100,face,3,5,0.107544898986816,8,2,0.05022965867061946,0.09695865465200258,0.1781157913336593,0.024631622115372526,0.10168938982923757,0.13094996871138212
61,OnlineFPCA-adagrad,0.1,13700,100,face,3,5,0.113056421279907,8,2,0.06845819869566035,0.1535346334762916,0.2010373212930038,0.023941426641601593,0.10118128549236931,0.13117506027857584
61,OnlineFPCA-adagrad,0.1,13800,100,face,3,5,0.107558727264404,8,2,0.07790281108526463,0.14290479681251364,0.16497279780882582,0.02387712847712666,0.10088283273067303,0.13124372009968793
61,OnlineFPCA-adagrad,0.1,13900,100,face,3,5,0.114008188247681,8,2,0.09914331758978925,0.1453841192262992,0.14504183802170362,0.023803249602846212,0.10069113060019408,0.13113698348185512
61,OnlineFPCA-adagrad,0.1,14000,100,face,3,5,0.119364500045776,8,2,0.0714457318811462,0.1573631470280158,0.2479494535540243,0.02355261058307505,0.10084684114761339,0.13085375735959107
61,OnlineFPCA-adagrad,0.1,14100,100,face,3,5,0.108866930007935,8,2,0.09908548232949291,0.1975004805349025,0.25769758618266647,0.023401791613157738,0.1011556591968761,0.13096157571699577
61,OnlineFPCA-adagrad,0.1,14200,100,face,3,5,0.11161208152771,8,2,0.08958659290023435,0.11987963317630444,0.2183954020408613,0.02330288886640397,0.10120502473432769,0.13153931202968636
61,OnlineFPCA-adagrad,0.1,14300,100,face,3,5,0.108367919921875,8,2,0.14753799979494037,0.12179235419916556,0.20631015953061935,0.02339263695081665,0.10102572035510136,0.13206949587556427
61,OnlineFPCA-adagrad,0.1,14400,100,face,3,5,0.112685918807983,8,2,0.11950355186423492,0.12444755906570099,0.20164026582864364,0.024058943383701015,0.10075446525298075,0.13187315996666019
61,OnlineFPCA-adagrad,0.1,14500,100,face,3,5,0.108979940414429,8,2,0.08983353959212431,0.1474724769433824,0.2831243331165726,0.024250124864251245,0.10077601380302405,0.13186636037064076
61,OnlineFPCA-adagrad,0.1,14600,100,face,3,5,0.11541748046875,8,2,0.07423465943078461,0.22525819571504602,0.15429983475885728,0.024329913158971112,0.10052717395974117,0.13184903836833864
61,OnlineFPCA-adagrad,0.1,14700,100,face,3,5,0.108880281448364,8,2,0.11497197144329928,0.19939349536920975,0.22371865083337963,0.024527110078811944,0.10037032210863535,0.1317034068154463
61,OnlineFPCA-adagrad,0.1,14800,100,face,3,5,0.115310430526733,8,2,0.17375491827542744,0.16133829676458666,0.16708854921464406,0.0248186556489974,0.09978868097319911,0.1317927400304317
61,OnlineFPCA-adagrad,0.1,14900,100,face,3,5,0.110787391662598,8,2,0.1143184023083382,0.14560728081995117,0.16976212843875815,0.025330299660974033,0.0996214742812019,0.13202007311831332
61,OnlineFPCA-adagrad,0.1,15000,100,face,3,5,0.112988710403442,8,2,0.09769994095076229,0.21240677830661311,0.30444630109195997,0.02516342540991503,0.09938497489586966,0.13216585549649573
61,OnlineFPCA-adagrad,0.1,0,100,face,3,5,2.17004084587097,8,4,1.9917709343764392,1.3570859652687575,1.3355170960124043,1.9917709343764392,1.3570859652687575,1.3355170960124043
61,OnlineFPCA-adagrad,0.1,100,100,face,3,5,0.481144905090332,8,4,1.79011749162233,0.824837154581052,1.237159162943438,NA,NA,NA
61,OnlineFPCA-adagrad,0.1,200,100,face,3,5,0.479294538497925,8,4,2.009198085969935,0.5530868479697197,1.4808620864563344,NA,NA,NA
61,OnlineFPCA-adagrad,0.1,300,100,face,3,5,0.474418163299561,8,4,1.678472751771198,0.8735519346375241,0.8379405452956157,NA,NA,NA
61,OnlineFPCA-adagrad,0.1,400,100,face,3,5,0.476784706115723,8,4,0.4680059837498906,1.880125736283723,1.5438524271529732,NA,NA,NA
61,OnlineFPCA-adagrad,0.1,500,100,face,3,5,0.480172395706177,8,4,0.8574016691065319,0.6578592461168865,1.03517381408528,NA,NA,NA
61,OnlineFPCA-adagrad,0.1,600,100,face,3,5,0.482660293579102,8,4,0.8362521718473862,0.6572953816758091,1.031374436242267,NA,NA,NA
61,OnlineFPCA-adagrad,0.1,700,100,face,3,5,0.486918210983276,8,4,0.8070477905795863,0.6559531564920421,1.0306792486524718,NA,NA,NA
61,OnlineFPCA-adagrad,0.1,800,100,face,3,5,0.477901935577393,8,4,0.786107898167227,0.6504761483839826,1.0272082233215973,NA,NA,NA
61,OnlineFPCA-adagrad,0.1,900,100,face,3,5,0.476085186004639,8,4,0.7680745257095123,0.6469335018838012,1.025646907065956,NA,NA,NA
61,OnlineFPCA-adagrad,0.1,1000,100,face,3,5,0.481891393661499,8,4,0.7386423908206812,0.6414526036821416,1.02467319568343,NA,NA,NA
61,OnlineFPCA-adagrad,0.1,1100,100,face,3,5,0.667623519897461,8,4,0.33917610024713957,0.46978672801403426,0.930099296325246,0.3845614952806786,0.5390489644065549,0.9700842277462232
61,OnlineFPCA-adagrad,0.1,1200,100,face,3,5,0.671114206314087,8,4,0.2949506668778539,0.42532566736314087,0.8961382826991301,0.28167422795744984,0.46006948146805127,0.9340512418487036
61,OnlineFPCA-adagrad,0.1,1300,100,face,3,5,0.664715528488159,8,4,0.2117150821230071,0.35165814988331595,0.7664112636481446,0.23515840786870562,0.4132008555376748,0.888165910881182
61,OnlineFPCA-adagrad,0.1,1400,100,face,3,5,0.670289516448975,8,4,0.2110574014237536,0.3696273268730302,0.821349614859621,0.20959642095672498,0.38980759431977635,0.8705825814059045
61,OnlineFPCA-adagrad,0.1,1500,100,face,3,5,0.66530966758728,8,4,0.17224517150044022,0.3242942896925994,0.7548187479759294,0.18343397450996549,0.37332836884867265,0.851744097459044
61,OnlineFPCA-adagrad,0.1,1600,100,face,3,5,0.600483894348145,8,4,0.23057402451927933,0.3928952531208441,0.6254638518562801,0.16088633417394274,0.3664318935964473,0.8229247186382775
61,OnlineFPCA-adagrad,0.1,1700,100,face,3,5,0.599644660949707,8,4,0.28163850609102004,0.3600217971450804,0.602418830682005,0.15529373928740056,0.35344400896707606,0.7915800279538957
61,OnlineFPCA-adagrad,0.1,1800,100,face,3,5,0.595925092697144,8,4,0.3329732550753892,0.3224458037282099,0.6337608302644513,0.14645907789424586,0.34195571711213163,0.766501688629435
61,OnlineFPCA-adagrad,0.1,1900,100,face,3,5,0.728106737136841,8,4,0.1570173796676645,0.2541835669376821,0.47902476922136544,0.1389252623844368,0.3323552933923119,0.7407958058803584
61,OnlineFPCA-adagrad,0.1,2000,100,face,3,5,0.592211246490479,8,4,0.13817938306961086,0.2678418371932963,0.45104742884431015,0.1351962517599901,0.3258148565630247,0.7134441426293009
61,OnlineFPCA-adagrad,0.1,2100,100,face,3,5,0.578689098358154,8,4,0.3363258074805732,0.2975189835847195,0.436207314345161,0.13071851583828323,0.32040338808723917,0.6874969284454673
61,OnlineFPCA-adagrad,0.1,2200,100,face,3,5,0.582814931869507,8,4,0.3803865173090586,0.32118076544294427,0.43524265070434764,0.12404931862315113,0.31447269216368834,0.6567687188190386
61,OnlineFPCA-adagrad,0.1,2300,100,face,3,5,0.585161685943604,8,4,0.17888189413293612,0.35631094391608303,0.30346937757164105,0.12036761240048302,0.31323046139387617,0.6284289924373329
61,OnlineFPCA-adagrad,0.1,2400,100,face,3,5,0.589952230453491,8,4,0.21232848429148846,0.2739941400239928,0.2597617585596596,0.11303621690812989,0.3110151853337289,0.5917585541704663
61,OnlineFPCA-adagrad,0.1,2500,100,face,3,5,0.589505672454834,8,4,0.19823631556354412,0.3751318746450909,0.3309406242108569,0.10306425271143044,0.3052994405474468,0.5657275189789137
61,OnlineFPCA-adagrad,0.1,2600,100,face,3,5,0.632609605789185,8,4,0.12253056852098006,0.27463106088097344,0.32865134277787705,0.09600936715814064,0.30129278596277353,0.5477183175333946
61,OnlineFPCA-adagrad,0.1,2700,100,face,3,5,0.641763210296631,8,4,0.15787042513446295,0.24087126839839415,0.3336779597376993,0.09073713240611897,0.29309268584935905,0.5299015731481168
61,OnlineFPCA-adagrad,0.1,2800,100,face,3,5,0.641472816467285,8,4,0.11500386487879241,0.28576465933602657,0.1510451109237378,0.0843337784206973,0.283910064074652,0.5088656391544792
61,OnlineFPCA-adagrad,0.1,2900,100,face,3,5,0.643611907958984,8,4,0.1105520216665373,0.2262013872578053,0.21622030604147616,0.07269786607142349,0.273284804126446,0.4804578189497479
61,OnlineFPCA-adagrad,0.1,3000,100,face,3,5,0.645554304122925,8,4,0.16104771048718833,0.25865468990758295,0.24183900891365817,0.06503970874485336,0.26725385574341765,0.45697454134102383
61,OnlineFPCA-adagrad,0.1,3100,100,face,3,5,0.642114400863647,8,4,0.12698058766399914,0.21804920402629102,0.2279975604762487,0.05859701798814904,0.2598409652000536,0.43965647000115415
61,OnlineFPCA-adagrad,0.1,3200,100,face,3,5,0.640859842300415,8,4,0.14640658654461366,0.17509485908704878,0.2934482662456087,0.05631544368289186,0.2539450237118603,0.4298551081247532
61,OnlineFPCA-adagrad,0.1,3300,100,face,3,5,0.6418776512146,8,4,0.08861301975864674,0.08691017414163096,0.12895733041031673,0.054653641926152706,0.24571864829088877,0.4190530547308843
61,OnlineFPCA-adagrad,0.1,3400,100,face,3,5,0.641598701477051,8,4,0.08761832964033783,0.1317542058373755,0.1421267572912252,0.05280139273656246,0.23753512009549796,0.40303997177581313
61,OnlineFPCA-adagrad,0.1,3500,100,face,3,5,0.6404709815979,8,4,0.10688393126576279,0.16694384279601782,0.1953659714189706,0.047961182331512135,0.2300624442208703,0.384903101033888
61,OnlineFPCA-adagrad,0.1,3600,100,face,3,5,0.639545440673828,8,4,0.08135858466708769,0.1474838128192254,0.2802861314793828,0.044095563114809444,0.2240620443220097,0.36963244633828835
61,OnlineFPCA-adagrad,0.1,3700,100,face,3,5,0.63839054107666,8,4,0.08323505116479403,0.2265624748396447,0.26341537030850265,0.042513053521797746,0.21820907078959223,0.35255569852674584
61,OnlineFPCA-adagrad,0.1,3800,100,face,3,5,0.644594192504883,8,4,0.11217658241862476,0.20194293508834568,0.2111635029555195,0.04324748620449414,0.21419787892332004,0.33794393284506713
61,OnlineFPCA-adagrad,0.1,3900,100,face,3,5,0.63691782951355,8,4,0.14414632856929543,0.1855597915045063,0.2605177565233872,0.04198100634850332,0.21175377968443868,0.3281370988697066
61,OnlineFPCA-adagrad,0.1,4000,100,face,3,5,0.646448373794556,8,4,0.04024668620045068,0.20820615074415366,0.319391260705471,0.04024668620045068,0.20820615074415366,0.319391260705471
61,OnlineFPCA-adagrad,0.1,4100,100,face,3,5,0.639011859893799,8,4,0.20558848051814843,0.30349266297499133,0.29729647133056664,0.0911528078172178,0.21785325485738952,0.28661768719749614
61,OnlineFPCA-adagrad,0.1,4200,100,face,3,5,0.641628742218018,8,4,0.15046171431561656,0.19117619167974811,0.3131879056694761,0.08215121769846075,0.22483885031236195,0.30174107726166155
61,OnlineFPCA-adagrad,0.1,4300,100,face,3,5,0.642027139663696,8,4,0.20246732786288787,0.16486920096785895,0.1784628397621394,0.08444133159280316,0.1889582512022743,0.2386351389430671
61,OnlineFPCA-adagrad,0.1,4400,100,face,3,5,0.638317584991455,8,4,0.14795884987050853,0.193929774508791,0.26197581218042804,0.09765047966340576,0.1659297054496994,0.19871977791382822
61,OnlineFPCA-adagrad,0.1,4500,100,face,3,5,0.647109031677246,8,4,0.1518099799960533,0.21775538105652806,0.4527599311475594,0.07825174528724149,0.16388016203963224,0.1746002666143625
61,OnlineFPCA-adagrad,0.1,4600,100,face,3,5,0.650444030761719,8,4,0.08567677645251363,0.3272961893157511,0.18559736346740385,0.06625370638996445,0.165197111058633,0.17912707261649266
61,OnlineFPCA-adagrad,0.1,4700,100,face,3,5,0.64473032951355,8,4,0.16943852112996344,0.25178756128635965,0.30281996325269994,0.06551617674760507,0.17708732516558034,0.17427933026390094
61,OnlineFPCA-adagrad,0.1,4800,100,face,3,5,0.642737865447998,8,4,0.2060414241485658,0.13872122594661204,0.19359587276925053,0.06856296146699817,0.16816102185403334,0.1777998109265786
61,OnlineFPCA-adagrad,0.1,4900,100,face,3,5,0.645483493804932,8,4,0.11036860293569672,0.1433878431800517,0.1801980697755766,0.064305028449571075,0.15133850896568318,0.175664776843009
61,OnlineFPCA-adagrad,0.1,5000,100,face,3,5,0.646368503570557,8,4,0.10582014455336729,0.28047952518426705,0.3888792603240211,0.055992919411474176,0.14648894227577478,0.161915530172747
61,OnlineFPCA-adagrad,0.1,5100,100,face,3,5,0.101961851119995,8,4,0.10912362945237299,0.110785079805403,0.4256444954771806,0.056774662848098525,0.14181796974192057,0.1626095884039511
61,OnlineFPCA-adagrad,0.1,5200,100,face,3,5,0.0961544513702393,8,4,0.06274110578527234,0.1522633639211681,0.3086433442746208,0.060418010595367985,0.1374451768981782,0.16688964042260848
61,OnlineFPCA-adagrad,0.1,5300,100,face,3,5,0.101691961288452,8,4,0.1254453278001397,0.14868563798879497,0.3859814615637492,0.05767131369941811,0.13192019110839812,0.16668704271369117
61,OnlineFPCA-adagrad,0.1,5400,100,face,3,5,0.096003532409668,8,4,0.08666895747284964,0.13834662015647656,0.39490921658680195,0.057959524915094963,0.12487421549383784,0.17462531353636715
61,OnlineFPCA-adagrad,0.1,5500,100,face,3,5,0.102183818817139,8,4,0.14999860988766714,0.14689625990949354,0.1609045916110602,0.05453623688773547,0.12211695507482397,0.17629289858487365
61,OnlineFPCA-adagrad,0.1,5600,100,face,3,5,0.10157036781311,8,4,0.17740722628402888,0.12303018199525986,0.16297596200784706,0.04905095770026303,0.11744033574448233,0.17133466789274027
61,OnlineFPCA-adagrad,0.1,5700,100,face,3,5,0.0969536304473877,8,4,0.18213090536090196,0.15420619343311223,0.1939162411203086,0.04778405298848031,0.11457491938546781,0.16358695051017075
61,OnlineFPCA-adagrad,0.1,5800,100,face,3,5,0.102109432220459,8,4,0.0858116502970184,0.21567793360150447,0.2778288474643192,0.04497168026715489,0.11185220436877133,0.16418715598804232
61,OnlineFPCA-adagrad,0.1,5900,100,face,3,5,0.096489429473877,8,4,0.14774628054052621,0.21022409514431117,0.2784333298701675,0.0386549241094817,0.10855926624813311,0.16954498308614585
61,OnlineFPCA-adagrad,0.1,6000,100,face,3,5,0.101979494094849,8,4,0.10888565385802867,0.3452329093061576,0.3000029077096178,0.03374172235943159,0.10271247837854787,0.170923250808497
61,OnlineFPCA-adagrad,0.1,6100,100,face,3,5,0.0966446399688721,8,4,0.13357287686269126,0.1519483204621974,0.2920449490753334,0.03018144832412155,0.10048873184113796,0.17405521149711498
61,OnlineFPCA-adagrad,0.1,6200,100,face,3,5,0.102704048156738,8,4,0.1534739769794397,0.34093243629605036,0.26609949410215633,0.02645930125878184,0.09767136892048817,0.17335597915049752
61,OnlineFPCA-adagrad,0.1,6300,100,face,3,5,0.0958597660064697,8,4,0.12128647538763901,0.1683490000002567,0.5315350234763633,0.024753109707035474,0.09633813183074483,0.1668168810202904
61,OnlineFPCA-adagrad,0.1,6400,100,face,3,5,0.103106498718262,8,4,0.18244420785570964,0.2086650476706307,0.4956312458357774,0.026760234995781097,0.09262711713160672,0.16231484939791274
61,OnlineFPCA-adagrad,0.1,6500,100,face,3,5,0.0989360809326172,8,4,0.15621908906556298,0.23361408272127232,0.22982106786213946,0.0276750435592073,0.08942143885144982,0.1623622159817444
61,OnlineFPCA-adagrad,0.1,6600,100,face,3,5,0.100135326385498,8,4,0.1299046221471775,0.19474834975745958,0.1962630057190445,0.02880501725952927,0.08865086474542216,0.16078067536995633
61,OnlineFPCA-adagrad,0.1,6700,100,face,3,5,0.100859880447388,8,4,0.16578615401376334,0.27816314074160214,0.18492602881976108,0.030691971947850408,0.08655986529112548,0.15485297967298203
61,OnlineFPCA-adagrad,0.1,6800,100,face,3,5,0.0972018241882324,8,4,0.19570084186675651,0.23883290065290524,0.1277452504222548,0.034036162105617,0.0854797422939351,0.1486065882698024
61,OnlineFPCA-adagrad,0.1,6900,100,face,3,5,0.101809740066528,8,4,0.10459737746465396,0.19904643222571744,0.1686806047517256,0.034498196449270054,0.08378326502256465,0.14397693882411447
61,OnlineFPCA-adagrad,0.1,7000,100,face,3,5,0.0968549251556396,8,4,0.14717627120076246,0.20864578593178965,0.22405794199337614,0.03526194246749354,0.08025996763471216,0.13854241317351182
61,OnlineFPCA-adagrad,0.1,7100,100,face,3,5,0.102738380432129,8,4,0.1700895170195689,0.1460866223672467,0.15455794419318875,0.03504179808824294,0.0778914352488915,0.13335455557986142
61,OnlineFPCA-adagrad,0.1,7200,100,face,3,5,0.096243143081665,8,4,0.15626096124299832,0.10874893266824899,0.1988522438414662,0.03535599919190806,0.07529776972729875,0.1275157499974696
61,OnlineFPCA-adagrad,0.1,7300,100,face,3,5,0.101928234100342,8,4,0.10626961418881373,0.14115650546935168,0.24601705335158314,0.03377329448605755,0.07452741093067897,0.12596787733345657
61,OnlineFPCA-adagrad,0.1,7400,100,face,3,5,0.0959644317626953,8,4,0.14102843174229943,0.0932886808314317,0.13715130191109248,0.03258653730412507,0.07286124950144007,0.12543102297505732
61,OnlineFPCA-adagrad,0.1,7500,100,face,3,5,0.103396892547607,8,4,0.14477267689784404,0.19676960463236753,0.200302246415454,0.03182435224517254,0.07109133740128108,0.12369962189600639
61,OnlineFPCA-adagrad,0.1,7600,100,face,3,5,0.0986740589141846,8,4,0.11904238648597736,0.22777254588412404,0.18290001274976295,0.031400092145359396,0.07231492565641712,0.12306221387994973
61,OnlineFPCA-adagrad,0.1,7700,100,face,3,5,0.100677967071533,8,4,0.14126132603053562,0.24317399289808367,0.19792765008621732,0.031429565851600595,0.07310687912873476,0.12032060654398555
61,OnlineFPCA-adagrad,0.1,7800,100,face,3,5,0.0982832908630371,8,4,0.09732814158932436,0.23753648541272981,0.09771078832076885,0.03161988127418577,0.07422098772401269,0.11535464062651621
61,OnlineFPCA-adagrad,0.1,7900,100,face,3,5,0.0996897220611572,8,4,0.08761752402046434,0.20913886515421143,0.0984578022127446,0.029478622205853438,0.07466473220890518,0.11105391970435866
61,OnlineFPCA-adagrad,0.1,8000,100,face,3,5,0.101636409759521,8,4,0.13937962517680927,0.2585697112775997,0.18262968885891945,0.028234932627287608,0.07655824155941378,0.10945718415890425
61,OnlineFPCA-adagrad,0.1,8100,100,face,3,5,0.096973180770874,8,4,0.11661869602663572,0.19619690980582774,0.22029905296907062,0.02678213307964974,0.07816244442657588,0.10792127541546766
61,OnlineFPCA-adagrad,0.1,8200,100,face,3,5,0.100528240203857,8,4,0.13916337049202024,0.1645014530504734,0.2853454405555536,0.02726651882728477,0.0794417822286305,0.10691719475573946
61,OnlineFPCA-adagrad,0.1,8300,100,face,3,5,0.09627366065979,8,4,0.08244544910654626,0.11942549523414206,0.17520076640296123,0.02804516123241123,0.07933164599439994,0.10581588877919632
61,OnlineFPCA-adagrad,0.1,8400,100,face,3,5,0.101263761520386,8,4,0.08587122552526989,0.1450267888817071,0.16313665350035048,0.027926247867976043,0.07883850645100489,0.10417910921238803
61,OnlineFPCA-adagrad,0.1,8500,100,face,3,5,0.0960221290588379,8,4,0.09217727850063959,0.1373969383722197,0.13706255954309213,0.02684089471257463,0.07832067302833358,0.10113066216206727
61,OnlineFPCA-adagrad,0.1,8600,100,face,3,5,0.102297067642212,8,4,0.05985543708156764,0.10055195926360395,0.20161649322500114,0.02588212365818965,0.07716476261868493,0.10087406637186842
61,OnlineFPCA-adagrad,0.1,8700,100,face,3,5,0.0965576171875,8,4,0.07227128669378544,0.1677648696709987,0.21896758080005782,0.024426646062035495,0.07505614888733891,0.10147878286605166
61,OnlineFPCA-adagrad,0.1,8800,100,face,3,5,0.102280616760254,8,4,0.09221014780011266,0.14813645387160218,0.17315815510985164,0.024519283739172577,0.0738471120518404,0.10126300566829798
61,OnlineFPCA-adagrad,0.1,8900,100,face,3,5,0.0987937450408936,8,4,0.11571867396203633,0.14477922551104494,0.16702226436009276,0.02446237030859096,0.07344441039834076,0.10031486415417507
61,OnlineFPCA-adagrad,0.1,9000,100,face,3,5,0.10016393661499,8,4,0.0847956107496982,0.17092077673814715,0.27679148357362215,0.02392070738622577,0.07395915167635278,0.09918404786769758
61,OnlineFPCA-adagrad,0.1,9100,100,face,3,5,0.098895788192749,8,4,0.1225168857260645,0.2306170137192306,0.2729827111050662,0.023660488272386968,0.07510199102651564,0.09927778189651867
61,OnlineFPCA-adagrad,0.1,9200,100,face,3,5,0.10009241104126,8,4,0.09726905131147644,0.11823214711145938,0.22140482975019896,0.023583491337871954,0.07619173829373223,0.10124616489409503
61,OnlineFPCA-adagrad,0.1,9300,100,face,3,5,0.101622581481934,8,4,0.16326393165349082,0.11794814248456288,0.21445612545716142,0.023948206394267403,0.07563125910634048,0.10229556868837238
61,OnlineFPCA-adagrad,0.1,9400,100,face,3,5,0.0967094898223877,8,4,0.12491955341453957,0.1301098423626002,0.20346937546452235,0.025543551524200812,0.07472110222769292,0.10123268585917687
61,OnlineFPCA-adagrad,0.1,9500,100,face,3,5,0.103181838989258,8,4,0.109636672790218,0.15543246344408693,0.32198206650518657,0.025820290177524394,0.07479406968096554,0.1008986552427214
61,OnlineFPCA-adagrad,0.1,9600,100,face,3,5,0.0961108207702637,8,4,0.08013278941629857,0.24848231729566117,0.1650454090343958,0.02586970730358583,0.07410247549395663,0.10093490765450862
61,OnlineFPCA-adagrad,0.1,9700,100,face,3,5,0.103509187698364,8,4,0.13165600758679402,0.20845514944937685,0.24745715497076207,0.026302317531413964,0.07398191029478049,0.10073772318950364
61,OnlineFPCA-adagrad,0.1,9800,100,face,3,5,0.0957646369934082,8,4,0.18471488096067584,0.15723897390823993,0.17128230326070593,0.026963163154210365,0.07232866164002004,0.10139590597923419
61,OnlineFPCA-adagrad,0.1,9900,100,face,3,5,0.10140585899353,8,4,0.11795331392125132,0.14195891914240988,0.16999434812395384,0.0277964714656905,0.07139541421179064,0.10210201534224299
61,OnlineFPCA-adagrad,0.1,10000,100,face,3,5,0.0959722995758057,8,4,0.10085239074280039,0.23227381209181425,0.33752653362529583,0.027245684755033982,0.07053597361205756,0.1025415589410935
61,OnlineFPCA-adagrad,0.1,10100,100,face,3,5,0.102100372314453,8,4,0.09532028823847018,0.0870245076549462,0.3946080661215458,0.027491595452314607,0.07068763909919513,0.1066470572317573
61,OnlineFPCA-adagrad,0.1,10200,100,face,3,5,0.0984871387481689,8,4,0.07359053930509613,0.16028583688027553,0.3077651170025669,0.02804333020924767,0.07083705244880217,0.11060776365249281
61,OnlineFPCA-adagrad,0.1,10300,100,face,3,5,0.100175619125366,8,4,0.09910847896957205,0.13735910770446783,0.3079454385313559,0.027963739155433428,0.07017787310628973,0.11134334889245422
61,OnlineFPCA-adagrad,0.1,10400,100,face,3,5,0.0989837646484375,8,4,0.07581620510424444,0.13517003630107055,0.3590332285122661,0.028446251330195276,0.06853410584275631,0.11172596455461162
61,OnlineFPCA-adagrad,0.1,10500,100,face,3,5,0.0972030162811279,8,4,0.0985430805639186,0.16233666577297223,0.1695501964831119,0.02828632114215526,0.06738726537895688,0.11238217324047547
61,OnlineFPCA-adagrad,0.1,10600,100,face,3,5,0.100130796432495,8,4,0.15224483855176826,0.12510317539533053,0.16134827755097572,0.027364984974293963,0.06643969364074555,0.11256794233470395
61,OnlineFPCA-adagrad,0.1,10700,100,face,3,5,0.0970861911773682,8,4,0.14117618834690435,0.12223977056825823,0.16354756602993553,0.027180852107401836,0.06609585030246547,0.1120655913171937
61,OnlineFPCA-adagrad,0.1,10800,100,face,3,5,0.102312564849854,8,4,0.06484424846400441,0.18204509433213714,0.2515647234255538,0.027091546467516842,0.06651428237618041,0.1127649321964451
61,OnlineFPCA-adagrad,0.1,10900,100,face,3,5,0.0961363315582275,8,4,0.13060376244524274,0.1701062026038926,0.2530851804979261,0.02597947513249407,0.0670888750720191,0.11538185432575612
61,OnlineFPCA-adagrad,0.1,11000,100,face,3,5,0.10234808921814,8,4,0.09507112015641934,0.281781044881208,0.24297352831811603,0.024968923739901915,0.06733612620990402,0.11647747200661741
61,OnlineFPCA-adagrad,0.1,11100,100,face,3,5,0.0969045162200928,8,4,0.10592629251707893,0.14566472530739713,0.2513214050469058,0.024266919634949882,0.06872266537195247,0.11830389952639564
61,OnlineFPCA-adagrad,0.1,11200,100,face,3,5,0.103746891021729,8,4,0.11008511132210669,0.2755945084865613,0.24909616314609007,0.023544997077994352,0.06913449881088488,0.11955798395500337
61,OnlineFPCA-adagrad,0.1,11300,100,face,3,5,0.0988364219665527,8,4,0.09750270428325707,0.14203422974851385,0.40374910019298593,0.023224705348828676,0.07018487378078742,0.11944280061940382
61,OnlineFPCA-adagrad,0.1,11400,100,face,3,5,0.0996112823486328,8,4,0.16224776077492045,0.17875665275129168,0.34385375225189413,0.023595159445687023,0.069397536311125,0.11966879546078808
61,OnlineFPCA-adagrad,0.1,11500,100,face,3,5,0.0984046459197998,8,4,0.12982738064557614,0.18121708765489924,0.17421098739630259,0.02376534288078218,0.06902401608533275,0.12017504928074672
61,OnlineFPCA-adagrad,0.1,11600,100,face,3,5,0.0996115207672119,8,4,0.11612135057211195,0.1842863836783042,0.16554093515385454,0.024153212213990083,0.06952276642463964,0.12020238127275466
61,OnlineFPCA-adagrad,0.1,11700,100,face,3,5,0.101733446121216,8,4,0.14851518309279535,0.2474825562172602,0.14233710801779156,0.024813331209961643,0.0696650425344475,0.11911008607217573
61,OnlineFPCA-adagrad,0.1,11800,100,face,3,5,0.0967116355895996,8,4,0.17016133025976407,0.22002165698737683,0.13645060743544207,0.026069192668377494,0.06995260671714358,0.1177855337335006
61,OnlineFPCA-adagrad,0.1,11900,100,face,3,5,0.101781129837036,8,4,0.1088031086985325,0.19167355993594154,0.15899116792692997,0.026490790341312534,0.07003270384093682,0.11709349190143217
61,OnlineFPCA-adagrad,0.1,12000,100,face,3,5,0.0960590839385986,8,4,0.13730336857834025,0.18658291775284871,0.20048539822957517,0.02664666996550289,0.0691098776567938,0.11609091120960388
61,OnlineFPCA-adagrad,0.1,12100,100,face,3,5,0.106091976165771,8,4,0.1587594540989341,0.1495557325641974,0.14256048898703766,0.02651623714871317,0.06830237304547415,0.11481288516241007
61,OnlineFPCA-adagrad,0.1,12200,100,face,3,5,0.0967197418212891,8,4,0.13489206518201094,0.08957399199889711,0.18351819863277966,0.026597362856608207,0.0673594064914675,0.11305242051464773
61,OnlineFPCA-adagrad,0.1,12300,100,face,3,5,0.101585626602173,8,4,0.09978389987925473,0.1186747966094105,0.22074362437546718,0.025984321873198844,0.06696585865440834,0.11255987201845165
61,OnlineFPCA-adagrad,0.1,12400,100,face,3,5,0.095721960067749,8,4,0.13013658952173057,0.07089956124989602,0.11737587915048456,0.02559173934400943,0.06625321471154043,0.11253972235988507
61,OnlineFPCA-adagrad,0.1,12500,100,face,3,5,0.102135896682739,8,4,0.1293395922236204,0.15445372210465158,0.15878868275672475,0.025580646233067387,0.06551874410576472,0.1120333553576843
61,OnlineFPCA-adagrad,0.1,12600,100,face,3,5,0.101565837860107,8,4,0.107354393627487,0.19030913132229887,0.15266215695535373,0.025656103753833506,0.06597482492283624,0.11169739524325356
61,OnlineFPCA-adagrad,0.1,12700,100,face,3,5,0.100593090057373,8,4,0.12669669572431805,0.22335680560321672,0.1722235970941676,0.02576651894958759,0.06673695507288092,0.11069918007482737
61,OnlineFPCA-adagrad,0.1,12800,100,face,3,5,0.102097272872925,8,4,0.08919972141879225,0.21450079610407574,0.10976704624459205,0.026068567461083228,0.067887957638711,0.10912099377630051
61,OnlineFPCA-adagrad,0.1,12900,100,face,3,5,0.0972998142242432,8,4,0.07225470483091975,0.19878455729315858,0.09777167627613131,0.025502362852348134,0.06901522968613019,0.10780270592812007
61,OnlineFPCA-adagrad,0.1,13000,100,face,3,5,0.0996804237365723,8,4,0.12086580648838652,0.24969017625426035,0.15780387186032255,0.025226533135763514,0.07041060576630075,0.10738904980012513
61,OnlineFPCA-adagrad,0.1,13100,100,face,3,5,0.0965397357940674,8,4,0.10024062046348725,0.1946149382423983,0.18678517311580414,0.024832064384332293,0.07163384255378842,0.1070406727628792
61,OnlineFPCA-adagrad,0.1,13200,100,face,3,5,0.104860782623291,8,4,0.12736797847001496,0.16912759567576593,0.24526073867010564,0.025085539128672774,0.07264276530756869,0.10677571531229872
61,OnlineFPCA-adagrad,0.1,13300,100,face,3,5,0.0963118076324463,8,4,0.08010246619891274,0.13202397098696325,0.1678160580256346,0.02544273995711568,0.073254599119583,0.10650581591898203
61,OnlineFPCA-adagrad,0.1,13400,100,face,3,5,0.110063314437866,8,4,0.08281258581120195,0.1487383812322858,0.1524709959236832,0.025434730667860696,0.07360775218190284,0.10604624659638696
61,OnlineFPCA-adagrad,0.1,13500,100,face,3,5,0.0965659618377686,8,4,0.08254585415487534,0.13455936524770964,0.11003476257362939,0.025050743270336285,0.07377119597011075,0.10500855911517407
61,OnlineFPCA-adagrad,0.1,13600,100,face,3,5,0.100741147994995,8,4,0.050236718811419175,0.09551819512045036,0.17870555113143985,0.024659656244754382,0.0735170561955206,0.10482883588841062
61,OnlineFPCA-adagrad,0.1,13700,100,face,3,5,0.0965559482574463,8,4,0.06842363341780498,0.1525123347849211,0.19965397901890802,0.023994307174226567,0.07289726622767931,0.10523146983838173
61,OnlineFPCA-adagrad,0.1,13800,100,face,3,5,0.100946187973022,8,4,0.07779753981862768,0.14127189615920746,0.16197315729975253,0.02393596713012164,0.0725753043963158,0.10538577145536447
61,OnlineFPCA-adagrad,0.1,13900,100,face,3,5,0.101519107818604,8,4,0.09907924442755937,0.14382543506994377,0.1404399264865874,0.023864416635710053,0.072461399735327,0.10532598644971501
61,OnlineFPCA-adagrad,0.1,14000,100,face,3,5,0.0969095230102539,8,4,0.0715842113654718,0.1560269920074156,0.24443880994343134,0.0236132920079673,0.0728097081380578,0.1050906820059898
61,OnlineFPCA-adagrad,0.1,14100,100,face,3,5,0.101972579956055,8,4,0.09909355855484767,0.19742162545213254,0.2526325359357991,0.023464061225208156,0.07345785183970717,0.10533635813555418
61,OnlineFPCA-adagrad,0.1,14200,100,face,3,5,0.0954980850219727,8,4,0.08937215582368573,0.11817267256965316,0.21098766851632672,0.02337555541445642,0.07396407859423805,0.10626672148517446
61,OnlineFPCA-adagrad,0.1,14300,100,face,3,5,0.101855754852295,8,4,0.14720297344220093,0.1207512924893861,0.20283282070911002,0.0234733399049694,0.07392294323371358,0.10693561443698069
61,OnlineFPCA-adagrad,0.1,14400,100,face,3,5,0.0949437618255615,8,4,0.11931708167643829,0.12429719080234002,0.1981043866521295,0.024154871056866638,0.07371192409149155,0.10671622462786755
61,OnlineFPCA-adagrad,0.1,14500,100,face,3,5,0.100426912307739,8,4,0.08958988400667839,0.1457524128085907,0.28341164008646896,0.024345224390048825,0.07387717224625782,0.10670382028435
61,OnlineFPCA-adagrad,0.1,14600,100,face,3,5,0.0945634841918945,8,4,0.07425147567508755,0.22567870905122847,0.155058997234779,0.024425389764459793,0.0736887751559247,0.10677726624703067
61,OnlineFPCA-adagrad,0.1,14700,100,face,3,5,0.101398468017578,8,4,0.1147675251808468,0.199071377743942,0.2243465944522959,0.024632309735426804,0.07365873146897663,0.10671761105939359
61,OnlineFPCA-adagrad,0.1,14800,100,face,3,5,0.097304105758667,8,4,0.17344641009306525,0.1595942152274354,0.16812483005130127,0.02493650899043236,0.07300509730526443,0.10698853563008835
61,OnlineFPCA-adagrad,0.1,14900,100,face,3,5,0.098719596862793,8,4,0.11407163823980503,0.142813305296099,0.1678755536642776,0.02544042759432347,0.07277384487525501,0.10736209383880294
61,OnlineFPCA-adagrad,0.1,15000,100,face,3,5,0.0997459888458252,8,4,0.09777005251775074,0.2108140261760889,0.30248159267270586,0.02526485793338886,0.07251162575438813,0.10765755655205285
