seed,Method,StepSize,N,Ninit,initMethod,npc,nBatch,Time,C,W,RMSEphi1,RMSEphi2,RMSEphi3,RMSEphi1.avg,RMSEphi2.avg,RMSEphi3.avg
39,OnlineFPCA-sgd,0.1,0,100,face,3,5,6.4053201675415,3,1,1.9966689220856704,0.1863838381641178,1.974867155238438,1.9966689220856704,0.1863838381641178,1.974867155238438
39,OnlineFPCA-sgd,0.1,100,100,face,3,5,0.356865406036377,3,1,0.7663334976449518,1.342923849029091,1.1553815135793564,NA,NA,NA
39,OnlineFPCA-sgd,0.1,200,100,face,3,5,0.216209888458252,3,1,0.412760185448175,0.7899196125434805,1.1561099154974648,NA,NA,NA
39,OnlineFPCA-sgd,0.1,300,100,face,3,5,0.214812517166138,3,1,0.7663099050824796,0.8770283506044492,1.283655991130668,NA,NA,NA
39,OnlineFPCA-sgd,0.1,400,100,face,3,5,0.22298526763916,3,1,0.5894631355626975,0.9250105066837172,0.7410226207467051,NA,NA,NA
39,OnlineFPCA-sgd,0.1,500,100,face,3,5,0.218199253082275,3,1,0.26321767522879774,0.6586885836840544,0.7983985780069465,NA,NA,NA
39,OnlineFPCA-sgd,0.1,600,100,face,3,5,0.219603776931763,3,1,0.2607044471796883,0.6587312389225465,0.798473026573649,NA,NA,NA
39,OnlineFPCA-sgd,0.1,700,100,face,3,5,0.209605932235718,3,1,0.25798265501574585,0.6583280210153805,0.7986829942445889,NA,NA,NA
39,OnlineFPCA-sgd,0.1,800,100,face,3,5,0.212485074996948,3,1,0.25614344716082615,0.6576171551463891,0.7986291157025708,NA,NA,NA
39,OnlineFPCA-sgd,0.1,900,100,face,3,5,0.346495628356934,3,1,0.25349163971634553,0.6571378787075072,0.7985214464802478,NA,NA,NA
39,OnlineFPCA-sgd,0.1,1000,100,face,3,5,0.208154439926147,3,1,0.25008349901260035,0.6569226898063507,0.7985634021854091,NA,NA,NA
39,OnlineFPCA-sgd,0.1,1100,100,face,3,5,0.296240091323853,3,1,0.46886424247861463,0.44569086285328424,0.7238478045533246,0.19255672697337298,0.5345432640271511,0.8030718180121816
39,OnlineFPCA-sgd,0.1,1200,100,face,3,5,0.254701614379883,3,1,0.34307016472781265,0.4453733310572304,0.8856903435310809,0.18133638263087687,0.3428728218705768,0.8428416130516359
39,OnlineFPCA-sgd,0.1,1300,100,face,3,5,0.260230541229248,3,1,0.2532899632277596,0.39344665000429957,0.9219377648054033,0.1442122076880158,0.38052693635210677,0.8488586528323119
39,OnlineFPCA-sgd,0.1,1400,100,face,3,5,0.296599149703979,3,1,0.3658003752265454,0.2934347012479772,0.7968258234510003,0.14973367117513336,0.36513067621826234,0.852838248876886
39,OnlineFPCA-sgd,0.1,1500,100,face,3,5,0.292665004730225,3,1,0.26202401982059786,0.3402621958936654,0.844908513660352,0.12111685346135515,0.31680130771512593,0.8430894862018259
39,OnlineFPCA-sgd,0.1,1600,100,face,3,5,0.257534742355347,3,1,0.1496223630207853,0.19502339767258048,0.812040488023574,0.09369197987780943,0.3027644706187973,0.8238019891851489
39,OnlineFPCA-sgd,0.1,1700,100,face,3,5,0.268109798431396,3,1,0.23178913480074007,0.2571037154736719,0.7836126062034291,0.07737448098109764,0.27990284078075983,0.8136060653432943
39,OnlineFPCA-sgd,0.1,1800,100,face,3,5,0.272243499755859,3,1,0.17975570855424539,0.21889947283953365,0.8313371045430505,0.0708663445802539,0.2509507688387751,0.8033695743681634
39,OnlineFPCA-sgd,0.1,1900,100,face,3,5,0.262545347213745,3,1,0.34751096003526666,0.25706511124247367,0.7203595701920612,0.06837642135665599,0.23839647026856187,0.7903283154302415
39,OnlineFPCA-sgd,0.1,2000,100,face,3,5,0.270230531692505,3,1,0.1741897451977724,0.19369254607789851,0.7669704523963442,0.06910410871940208,0.22649725227075265,0.7782141750135964
39,OnlineFPCA-sgd,0.1,2100,100,face,3,5,0.277313709259033,3,1,0.31806699415897116,0.1435979863221812,0.7349446453850702,0.06731232958403861,0.21541469475415148,0.7696858798986169
39,OnlineFPCA-sgd,0.1,2200,100,face,3,5,0.265093088150024,3,1,0.3731685590840764,0.22109846393065757,0.6178036572574716,0.06024262905982993,0.20802818999289205,0.7529142164547517
39,OnlineFPCA-sgd,0.1,2300,100,face,3,5,0.276179790496826,3,1,0.37136106062768015,0.21488270858337838,0.48958219962398913,0.062149117059454105,0.19968829967458498,0.7304047299143532
39,OnlineFPCA-sgd,0.1,2400,100,face,3,5,0.284864187240601,3,1,0.18873654231086223,0.2524791785303108,0.5188635774427042,0.05790822233064179,0.1922120399593298,0.708225416386673
39,OnlineFPCA-sgd,0.1,2500,100,face,3,5,0.272602081298828,3,1,0.1608290096502788,0.2111990250281571,0.5111945300293327,0.055652940375628436,0.17946005621020059,0.6895632342851312
39,OnlineFPCA-sgd,0.1,2600,100,face,3,5,0.286158323287964,3,1,0.23358337856140346,0.19065514129615058,0.39981192117544767,0.05443942735089733,0.16847140718565573,0.6635343325301701
39,OnlineFPCA-sgd,0.1,2700,100,face,3,5,0.279155254364014,3,1,0.24074821521003628,0.17475440647639698,0.39684691474576206,0.05127346314737531,0.15930330440995283,0.639939953253007
39,OnlineFPCA-sgd,0.1,2800,100,face,3,5,0.264140844345093,3,1,0.23750629848385693,0.24387859676605544,0.4016742673851818,0.04832231663452424,0.1520753170609422,0.6170930682823803
39,OnlineFPCA-sgd,0.1,2900,100,face,3,5,0.251830339431763,3,1,0.20002677159674734,0.20261061255698498,0.32344849705241036,0.043757877464561445,0.1488904011987128,0.5950906148433446
39,OnlineFPCA-sgd,0.1,3000,100,face,3,5,0.288430690765381,3,1,0.20225849952746291,0.17788302939567874,0.37363643647942096,0.03914402951955542,0.14104303164086018,0.5790257093393191
39,OnlineFPCA-sgd,0.1,3100,100,face,3,5,0.295988321304321,3,1,0.21879688215098714,0.20054592719971842,0.4297538550416231,0.03752531274013852,0.12937184573031493,0.5668850081322409
39,OnlineFPCA-sgd,0.1,3200,100,face,3,5,0.262003660202026,3,1,0.09586074641116521,0.2111077550907289,0.43803437365757364,0.03620747109252243,0.1172415819288086,0.5553849835852973
39,OnlineFPCA-sgd,0.1,3300,100,face,3,5,0.265393257141113,3,1,0.18736962237908605,0.2615572135673107,0.45755277496147845,0.03539098309438877,0.10357616943990379,0.5439799233455664
39,OnlineFPCA-sgd,0.1,3400,100,face,3,5,0.276200771331787,3,1,0.20225984886929788,0.2548989777136849,0.37865094425979445,0.03477424588640004,0.09687210671297533,0.5337144463546101
39,OnlineFPCA-sgd,0.1,3500,100,face,3,5,0.285158395767212,3,1,0.12643978234545217,0.23436736123901608,0.3061510570354821,0.030106419862604664,0.09424939661797398,0.5208407757319362
39,OnlineFPCA-sgd,0.1,3600,100,face,3,5,0.280982732772827,3,1,0.13294995062848672,0.21381787051146522,0.3337275675342958,0.029397956254393072,0.09453241392499666,0.5083623383829842
39,OnlineFPCA-sgd,0.1,3700,100,face,3,5,0.279847621917725,3,1,0.26154796334491726,0.19637197725350078,0.32538787029978217,0.03184908195768399,0.09494559571395213,0.49339873413478064
39,OnlineFPCA-sgd,0.1,3800,100,face,3,5,0.276499509811401,3,1,0.379570549012274,0.2714170517265001,0.1994890224030322,0.0350160712796609,0.09282003370019759,0.476777883065865
39,OnlineFPCA-sgd,0.1,3900,100,face,3,5,0.291233777999878,3,1,0.29760743817556917,0.2651326935116373,0.19550734291800617,0.035154888311228205,0.09019865887259798,0.4615121471644765
39,OnlineFPCA-sgd,0.1,4000,100,face,3,5,0.268021821975708,3,1,0.03449233999436465,0.08963572688325148,0.4459506957582001,0.03449233999436465,0.08963572688325148,0.4459506957582001
39,OnlineFPCA-sgd,0.1,4100,100,face,3,5,0.260554313659668,3,1,0.09660480223297371,0.33008723139425045,0.410246282379872,0.10324668879535102,0.2267019539435007,0.4436572130619946
39,OnlineFPCA-sgd,0.1,4200,100,face,3,5,0.279958963394165,3,1,0.18769799427250197,0.20821054168613137,0.2736638031150792,0.0985801021251988,0.239756726492888,0.39202860574353093
39,OnlineFPCA-sgd,0.1,4300,100,face,3,5,0.266918659210205,3,1,0.19976398758617692,0.1959671863792705,0.2975404696409991,0.07689901291758852,0.1829329913167289,0.34493419089091554
39,OnlineFPCA-sgd,0.1,4400,100,face,3,5,0.265714168548584,3,1,0.30495213472448507,0.11666378473789508,0.3680857482457075,0.05683379815293241,0.1301244464071821,0.33416257236883806
39,OnlineFPCA-sgd,0.1,4500,100,face,3,5,0.259157419204712,3,1,0.2618990155935712,0.22631645035089787,0.26100902201951576,0.03942998185755064,0.11938025835743642,0.3195610613365482
39,OnlineFPCA-sgd,0.1,4600,100,face,3,5,0.293499946594238,3,1,0.2988877714881844,0.17098269787826667,0.2820536643122173,0.04692234323959659,0.1001392834965649,0.31061159715331527
39,OnlineFPCA-sgd,0.1,4700,100,face,3,5,0.27552318572998,3,1,0.12860124624056596,0.15412006760312894,0.2913944556577096,0.0605657686069364,0.08007474618703751,0.3036229050270006
39,OnlineFPCA-sgd,0.1,4800,100,face,3,5,0.272458791732788,3,1,0.16688247379037296,0.19493175827907858,0.3798285067143381,0.06235084950758382,0.07164477080101057,0.3022878941877158
39,OnlineFPCA-sgd,0.1,4900,100,face,3,5,0.285660028457642,3,1,0.2327476373967549,0.1834227566377148,0.42342905161645766,0.06555514993533866,0.07690600995648658,0.3043281407225871
39,OnlineFPCA-sgd,0.1,5000,100,face,3,5,0.25291919708252,3,1,0.20154147786653767,0.2947357057929644,0.46717813428741506,0.06755294467593341,0.08723056090963985,0.30756436740263937
39,OnlineFPCA-sgd,0.1,5100,100,face,3,5,0.106333017349243,3,1,0.32897418885567264,0.17914465876865984,0.5253810243321342,0.07418866268063404,0.09719417578635207,0.3153631356957326
39,OnlineFPCA-sgd,0.1,5200,100,face,3,5,0.114989995956421,3,1,0.22504135082765311,0.168189495256387,0.3074030741867799,0.07589613358118635,0.09074964489553021,0.31558339804822066
39,OnlineFPCA-sgd,0.1,5300,100,face,3,5,0.117924690246582,3,1,0.18232912206229512,0.2219164302447003,0.31164345733696464,0.08034972513862057,0.0898886459215654,0.3107772936013006
39,OnlineFPCA-sgd,0.1,5400,100,face,3,5,0.114781141281128,3,1,0.1720495578961388,0.22029540681780455,0.3720820383335572,0.08170646266628903,0.09254089175416512,0.30861295025405117
39,OnlineFPCA-sgd,0.1,5500,100,face,3,5,0.102417469024658,3,1,0.20577757393569332,0.2940432589617858,0.3623399387813431,0.08185537785046709,0.10003994392474976,0.30976832699257056
39,OnlineFPCA-sgd,0.1,5600,100,face,3,5,0.11214280128479,3,1,0.16406464764033588,0.19005961468582144,0.26009711597652424,0.08083245502913627,0.1029807660340252,0.30748120104531623
39,OnlineFPCA-sgd,0.1,5700,100,face,3,5,0.100044965744019,3,1,0.34534228488551394,0.1626750380963787,0.3205569841435109,0.08017505054839792,0.10597000266930873,0.3044474821607968
39,OnlineFPCA-sgd,0.1,5800,100,face,3,5,0.105871200561523,3,1,0.20873978300021262,0.10783630049646872,0.2149022919971647,0.07866592428004042,0.10778287838927951,0.29822448699868054
39,OnlineFPCA-sgd,0.1,5900,100,face,3,5,0.10530424118042,3,1,0.3167721133591074,0.19121472523770772,0.27135939516235397,0.07225434546408806,0.10607203851296519,0.2891736648813042
39,OnlineFPCA-sgd,0.1,6000,100,face,3,5,0.110275745391846,3,1,0.16648105146809292,0.18487407848402931,0.18031572813733715,0.06809256676195831,0.10143202695726918,0.2808935679735998
39,OnlineFPCA-sgd,0.1,6100,100,face,3,5,0.106496095657349,3,1,0.10692100462718293,0.16249321486148585,0.20776954094199127,0.06396544138894958,0.09920652826355511,0.27020187605162516
39,OnlineFPCA-sgd,0.1,6200,100,face,3,5,0.102214574813843,3,1,0.2688326556976196,0.23370371126548461,0.21126429062939664,0.059065262004497625,0.09608235658020027,0.26000951258564137
39,OnlineFPCA-sgd,0.1,6300,100,face,3,5,0.111749887466431,3,1,0.2410388268312564,0.19700768748043657,0.21116320451633758,0.054001365322927736,0.09932937877302149,0.2513195223363591
39,OnlineFPCA-sgd,0.1,6400,100,face,3,5,0.100285530090332,3,1,0.21277007920386287,0.13617199826750476,0.2013463800122428,0.05185765556942664,0.09721787665868857,0.24152334145625962
39,OnlineFPCA-sgd,0.1,6500,100,face,3,5,0.107057332992554,3,1,0.14266394429989615,0.19704171382842434,0.20464719279594892,0.0499640894968965,0.09384470780435146,0.23497881116357786
39,OnlineFPCA-sgd,0.1,6600,100,face,3,5,0.095905065536499,3,1,0.12873977344461454,0.13510651439211635,0.21838691584405548,0.046892712781088204,0.09398067506167125,0.22852927094675948
39,OnlineFPCA-sgd,0.1,6700,100,face,3,5,0.108235597610474,3,1,0.1850626448246112,0.1097779841440463,0.19209013937481226,0.04573880032004126,0.0908396673139541,0.22197897163506003
39,OnlineFPCA-sgd,0.1,6800,100,face,3,5,0.0993027687072754,3,1,0.14397575789780104,0.21371972137266546,0.19597452414125838,0.04304446014514522,0.08626925844648634,0.2154017202710324
39,OnlineFPCA-sgd,0.1,6900,100,face,3,5,0.111459016799927,3,1,0.26995482558436773,0.1468221430178789,0.24204036383559124,0.043704199012636204,0.08297737469837191,0.2107365805268483
39,OnlineFPCA-sgd,0.1,7000,100,face,3,5,0.105735301971436,3,1,0.12075566602114841,0.1360767146964621,0.17563831894482912,0.044555435029378206,0.08137871052403611,0.206544432316944
39,OnlineFPCA-sgd,0.1,7100,100,face,3,5,0.103423118591309,3,1,0.21905885957129373,0.12804052968677343,0.17379839207415848,0.044901175457945995,0.07975678561802138,0.20225598190138597
39,OnlineFPCA-sgd,0.1,7200,100,face,3,5,0.118286848068237,3,1,0.24172735486009114,0.20467749309469013,0.2373684262707319,0.044056973891816176,0.076863155033657,0.19746088563528713
39,OnlineFPCA-sgd,0.1,7300,100,face,3,5,0.099919319152832,3,1,0.30228651268769596,0.19434225780034306,0.2635958563345188,0.045214152693182366,0.07375446924052871,0.19404136063086075
39,OnlineFPCA-sgd,0.1,7400,100,face,3,5,0.113832712173462,3,1,0.2960784376785518,0.20522457534988556,0.3266463790026316,0.04425608158717666,0.07144588529337238,0.1915588681213532
39,OnlineFPCA-sgd,0.1,7500,100,face,3,5,0.096710205078125,3,1,0.11726778045708147,0.1560374403694593,0.3388326610803454,0.04402181942347005,0.06716919249643327,0.19067456701499463
39,OnlineFPCA-sgd,0.1,7600,100,face,3,5,0.112116575241089,3,1,0.16371302761615852,0.15877154829417076,0.3154408822879015,0.04424991574371446,0.0647330749403196,0.1897181621897693
39,OnlineFPCA-sgd,0.1,7700,100,face,3,5,0.108310461044312,3,1,0.19744502413481163,0.14764490708140335,0.26407972055594425,0.04419929686772955,0.06386652899907427,0.1888040273713686
39,OnlineFPCA-sgd,0.1,7800,100,face,3,5,0.109068155288696,3,1,0.19805317843604806,0.19194234743224883,0.3344037817424587,0.04309432817142292,0.0648623435547415,0.18896994699764924
39,OnlineFPCA-sgd,0.1,7900,100,face,3,5,0.117611885070801,3,1,0.1792830822394489,0.14264247418759965,0.25162093024722587,0.04047897013330313,0.06378843968099364,0.18883787221944606
39,OnlineFPCA-sgd,0.1,8000,100,face,3,5,0.108601331710815,3,1,0.14536026142393457,0.13921784356052413,0.22426083694101298,0.03792405471380165,0.06132896831201496,0.1882730406450498
39,OnlineFPCA-sgd,0.1,8100,100,face,3,5,0.108809947967529,3,1,0.17934779591443192,0.15968516721538592,0.2684606017592378,0.036693479740362585,0.05876091354941989,0.1879132292761547
39,OnlineFPCA-sgd,0.1,8200,100,face,3,5,0.0945224761962891,3,1,0.08300249645189008,0.19772785190058467,0.3134755322752199,0.03541029382284074,0.0572903978218689,0.1899990816225487
39,OnlineFPCA-sgd,0.1,8300,100,face,3,5,0.100873231887817,3,1,0.16215317341859564,0.24595323817242068,0.3570003676806171,0.03423521824737144,0.05503814802885952,0.19290279694516968
39,OnlineFPCA-sgd,0.1,8400,100,face,3,5,0.100430488586426,3,1,0.16974141881290736,0.23556228655816197,0.31785976620743595,0.03460250947974318,0.053340282245459086,0.1953877523533312
39,OnlineFPCA-sgd,0.1,8500,100,face,3,5,0.105044603347778,3,1,0.11917250106794403,0.2002943399428502,0.2834291529872096,0.0330907893965537,0.05152466058041924,0.1970155538803112
39,OnlineFPCA-sgd,0.1,8600,100,face,3,5,0.10144305229187,3,1,0.127531627256017,0.18048580334644612,0.29040727214107465,0.03245684939035322,0.050005911449373525,0.19939282788711002
39,OnlineFPCA-sgd,0.1,8700,100,face,3,5,0.107273578643799,3,1,0.2399800420265521,0.15479861923468763,0.31074389762775095,0.03412433460129556,0.048419002693278,0.20110850152704504
39,OnlineFPCA-sgd,0.1,8800,100,face,3,5,0.103907108306885,3,1,0.2849655714571532,0.198972812131559,0.19838335560439427,0.03511081148614958,0.04776351428462583,0.20109139642668497
39,OnlineFPCA-sgd,0.1,8900,100,face,3,5,0.103593349456787,3,1,0.23061928626242936,0.20798437787823118,0.1886239214257157,0.03454250020962598,0.04754126969165218,0.19993549657000018
39,OnlineFPCA-sgd,0.1,9000,100,face,3,5,0.114442348480225,3,1,0.20855771627982103,0.1992200196777109,0.18141216066533847,0.033043860536375126,0.04814299654396067,0.19783442145863306
39,OnlineFPCA-sgd,0.1,9100,100,face,3,5,0.0923395156860352,3,1,0.12071111431325818,0.34704070513967483,0.18244483821599924,0.0329550937819782,0.0495632339848856,0.19446686878072572
39,OnlineFPCA-sgd,0.1,9200,100,face,3,5,0.101254940032959,3,1,0.12697820268028306,0.244340666742174,0.20319723067472378,0.03301565305424706,0.05172488926023427,0.19100667695811663
39,OnlineFPCA-sgd,0.1,9300,100,face,3,5,0.0919320583343506,3,1,0.16872011228561248,0.10014163955648887,0.26978195546867845,0.032227401596505965,0.05299784558309886,0.1880543786158685
39,OnlineFPCA-sgd,0.1,9400,100,face,3,5,0.101495027542114,3,1,0.22123243457630323,0.10279112529964446,0.2369567354723664,0.031777356711211055,0.05285024195154358,0.1865260274855364
39,OnlineFPCA-sgd,0.1,9500,100,face,3,5,0.101334810256958,3,1,0.18975810196553483,0.2020399434604593,0.16196264265856772,0.03166032643318437,0.05415670207025569,0.18529462025466986
39,OnlineFPCA-sgd,0.1,9600,100,face,3,5,0.10241174697876,3,1,0.23238228984492101,0.18112581122266516,0.1586438989882443,0.033168082540563006,0.05524750114717906,0.18391903732594753
39,OnlineFPCA-sgd,0.1,9700,100,face,3,5,0.103418111801147,3,1,0.12031522860728273,0.16453683182035483,0.15409067505853946,0.03490348840347396,0.055586532922637905,0.18263173874026115
39,OnlineFPCA-sgd,0.1,9800,100,face,3,5,0.109052658081055,3,1,0.12961726201721738,0.18609988776418138,0.28000361968926507,0.03563328337765788,0.055851995104098835,0.18255252024223617
39,OnlineFPCA-sgd,0.1,9900,100,face,3,5,0.0996599197387695,3,1,0.16233776781761294,0.14614121518753845,0.31384733118678665,0.03613087800887125,0.05681219445863601,0.18438954743833275
39,OnlineFPCA-sgd,0.1,10000,100,face,3,5,0.0986428260803223,3,1,0.14884847363844672,0.2454083342662993,0.3474364112981445,0.03624520798715691,0.05799147560808816,0.18662635794229454
39,OnlineFPCA-sgd,0.1,10100,100,face,3,5,0.10470724105835,3,1,0.2438069133569531,0.17906014592771727,0.3820649903348895,0.03671330153240053,0.059470678308003046,0.18902022247845102
39,OnlineFPCA-sgd,0.1,10200,100,face,3,5,0.107975721359253,3,1,0.17529552180716698,0.13757519181563924,0.23415869600965053,0.03687928925846111,0.05891602238514971,0.19019559502332947
39,OnlineFPCA-sgd,0.1,10300,100,face,3,5,0.10604190826416,3,1,0.15243932574749705,0.19284985910860214,0.23619389510963798,0.03719130921761496,0.05866588550605455,0.19053746169620484
39,OnlineFPCA-sgd,0.1,10400,100,face,3,5,0.097318172454834,3,1,0.15711286258170415,0.19115850245737992,0.28769898177027764,0.03731900542452914,0.05927814153135346,0.19113011675884425
39,OnlineFPCA-sgd,0.1,10500,100,face,3,5,0.105699300765991,3,1,0.16756317133607146,0.26302978569587776,0.291989071711865,0.03729213504804227,0.060770197362846966,0.19212051927799492
39,OnlineFPCA-sgd,0.1,10600,100,face,3,5,0.112419366836548,3,1,0.14974433718583421,0.17194366119519108,0.21140077450961914,0.036738641077081725,0.061957125607403706,0.1925606631599344
39,OnlineFPCA-sgd,0.1,10700,100,face,3,5,0.0983529090881348,3,1,0.3017277757315418,0.15033343504873783,0.27364864362400226,0.03692068494647391,0.06323057090505407,0.19318118369922999
39,OnlineFPCA-sgd,0.1,10800,100,face,3,5,0.107651233673096,3,1,0.189086204917472,0.11153628422873528,0.1815787089348634,0.03733325066346914,0.06431123977845239,0.19311808170440528
39,OnlineFPCA-sgd,0.1,10900,100,face,3,5,0.102521896362305,3,1,0.26111793718868187,0.169689059641301,0.22874887345333397,0.036693653228535586,0.0646534392790251,0.1921543482919326
39,OnlineFPCA-sgd,0.1,11000,100,face,3,5,0.108043670654297,3,1,0.13042712671620255,0.16960686256895782,0.16079822600967555,0.03642776902001037,0.06440164327711367,0.19117708374019607
39,OnlineFPCA-sgd,0.1,11100,100,face,3,5,0.0999546051025391,3,1,0.08701363604707568,0.13736808364892125,0.18040160029947394,0.03581336531304139,0.06427203682584516,0.18966035559369684
39,OnlineFPCA-sgd,0.1,11200,100,face,3,5,0.101290225982666,3,1,0.23895061827978475,0.20498314945152094,0.18055832803639335,0.03547417051180727,0.063971359523214,0.18828905327431744
39,OnlineFPCA-sgd,0.1,11300,100,face,3,5,0.113782644271851,3,1,0.21468178229263363,0.18217421827355382,0.1765164942331827,0.034898029226799805,0.06488103632765979,0.18690003676151623
39,OnlineFPCA-sgd,0.1,11400,100,face,3,5,0.10410737991333,3,1,0.18424726253952262,0.13969765038229895,0.17441457935147034,0.03435069293256695,0.06449467500105614,0.1852215281989771
39,OnlineFPCA-sgd,0.1,11500,100,face,3,5,0.108646869659424,3,1,0.10004807698974874,0.15512473454384787,0.1750349087352704,0.03407468671750397,0.06394958253015018,0.1840611055647516
39,OnlineFPCA-sgd,0.1,11600,100,face,3,5,0.0999135971069336,3,1,0.08351040818674443,0.11676316637905201,0.17938282805238076,0.03348493135122695,0.06443797398548745,0.18267543703451455
39,OnlineFPCA-sgd,0.1,11700,100,face,3,5,0.108342885971069,3,1,0.1322186307010801,0.11056126106756077,0.16691697600701647,0.03370382370568357,0.06423238341740797,0.18110704087046547
39,OnlineFPCA-sgd,0.1,11800,100,face,3,5,0.102480411529541,3,1,0.12402544381902252,0.17841049000404058,0.16525603868299232,0.033321499548422874,0.06348813230731973,0.179805026235711
39,OnlineFPCA-sgd,0.1,11900,100,face,3,5,0.10840630531311,3,1,0.22410544344099403,0.10278493407833827,0.2090074886712336,0.0335924959476327,0.06272225968103609,0.17912855754740437
39,OnlineFPCA-sgd,0.1,12000,100,face,3,5,0.0955874919891357,3,1,0.10171233282228083,0.1013312701178993,0.14756317536828273,0.03376908875023479,0.06254790951104143,0.17853226852826537
39,OnlineFPCA-sgd,0.1,12100,100,face,3,5,0.110110521316528,3,1,0.1726370923621772,0.09921126113720834,0.1371081104113211,0.03387770702297198,0.06242532839093649,0.1775409043287024
39,OnlineFPCA-sgd,0.1,12200,100,face,3,5,0.105681657791138,3,1,0.1968573016569934,0.15989207692199087,0.21000590950615367,0.03379399271918286,0.06199412016554508,0.17663161038887343
39,OnlineFPCA-sgd,0.1,12300,100,face,3,5,0.102522373199463,3,1,0.23798335909985596,0.1558371992290514,0.23096417850784107,0.034530737661344624,0.06148767421743913,0.17639967841184243
39,OnlineFPCA-sgd,0.1,12400,100,face,3,5,0.102134227752686,3,1,0.26712438970012614,0.17029781618673356,0.28109955090989225,0.03447715895097412,0.061074959055650274,0.17641631073496347
39,OnlineFPCA-sgd,0.1,12500,100,face,3,5,0.107914924621582,3,1,0.10176131289025227,0.12736205250188057,0.29434767281523794,0.03457617077897306,0.060048515767163246,0.17698358272914355
39,OnlineFPCA-sgd,0.1,12600,100,face,3,5,0.10608696937561,3,1,0.12568152302297522,0.12338997782992889,0.285161025884327,0.03454753368584756,0.05923468522940694,0.17742977247247785
39,OnlineFPCA-sgd,0.1,12700,100,face,3,5,0.101392030715942,3,1,0.1767332962706302,0.12088600966148264,0.2444935966706744,0.03440413746220912,0.058775533883922405,0.1777523701753626
39,OnlineFPCA-sgd,0.1,12800,100,face,3,5,0.12193751335144,3,1,0.19579889202152526,0.15448417863721337,0.30233687855290664,0.033842002829796894,0.05900728959669883,0.17834635177401448
39,OnlineFPCA-sgd,0.1,12900,100,face,3,5,0.100000619888306,3,1,0.15889100648045848,0.1137882853629356,0.23458764075525965,0.032798320890381025,0.05876532861918158,0.1786558355439184
39,OnlineFPCA-sgd,0.1,13000,100,face,3,5,0.106078863143921,3,1,0.10661702205896331,0.11395562482949138,0.2107265881491742,0.0318579915410615,0.05813968161458121,0.17860436336274352
39,OnlineFPCA-sgd,0.1,13100,100,face,3,5,0.103477716445923,3,1,0.15681915495765628,0.13812305701878455,0.2372453462768773,0.031412177857516765,0.057406789293766455,0.17852088120237355
39,OnlineFPCA-sgd,0.1,13200,100,face,3,5,0.108164310455322,3,1,0.07898576146214197,0.16001670478285437,0.2754990270640374,0.031049632295288995,0.057051502559752616,0.1791513397416633
39,OnlineFPCA-sgd,0.1,13300,100,face,3,5,0.106404066085815,3,1,0.1393624304309372,0.20856371632904858,0.32100549969352615,0.03080707212375382,0.05638494739980579,0.18011060827527284
39,OnlineFPCA-sgd,0.1,13400,100,face,3,5,0.101418018341064,3,1,0.14878226793717947,0.20442880511613387,0.29422698527204333,0.03134147063476641,0.055781757509683436,0.18101502266123332
39,OnlineFPCA-sgd,0.1,13500,100,face,3,5,0.105974197387695,3,1,0.11380759374501027,0.16819789772944058,0.27398793205095245,0.031049975065817165,0.05508064173519809,0.1817640893212253
39,OnlineFPCA-sgd,0.1,13600,100,face,3,5,0.101948022842407,3,1,0.11925020258264857,0.15772388983288396,0.26908465398343034,0.030991356706165846,0.054440664387781744,0.18278496267224403
39,OnlineFPCA-sgd,0.1,13700,100,face,3,5,0.10421895980835,3,1,0.21394832545662784,0.13636808781959966,0.3031035391192015,0.0316898994643773,0.05361389799361994,0.18368228344529589
39,OnlineFPCA-sgd,0.1,13800,100,face,3,5,0.105787754058838,3,1,0.2535743757377614,0.1524830909524359,0.20643290619783464,0.03221949769273547,0.053133056780542275,0.18404332385174796
39,OnlineFPCA-sgd,0.1,13900,100,face,3,5,0.107201099395752,3,1,0.19887021028583832,0.17237088302408904,0.1870190816189501,0.03223522686729235,0.052917405655689906,0.18391400922517034
39,OnlineFPCA-sgd,0.1,14000,100,face,3,5,0.105259895324707,3,1,0.18053722357481522,0.17345683593257855,0.17200256164926755,0.031762950169548936,0.05304817161734253,0.18337044862526827
39,OnlineFPCA-sgd,0.1,14100,100,face,3,5,0.10163950920105,3,1,0.11294231347506774,0.3108787539127864,0.16359266234246017,0.031796129277408686,0.05350249614759146,0.18232351426115034
39,OnlineFPCA-sgd,0.1,14200,100,face,3,5,0.108155012130737,3,1,0.1144430612568043,0.23759872851192929,0.1840308181744911,0.0318365835540297,0.05418634854810176,0.18115572095214758
39,OnlineFPCA-sgd,0.1,14300,100,face,3,5,0.0983974933624268,3,1,0.12935597618876904,0.07255760046697618,0.24274535580457,0.031464729705651784,0.05460397659900881,0.18011942269350062
39,OnlineFPCA-sgd,0.1,14400,100,face,3,5,0.105368852615356,3,1,0.1906177495121061,0.09616205116058722,0.21290806513210123,0.031218450740444784,0.05447032702679478,0.17963228750853277
39,OnlineFPCA-sgd,0.1,14500,100,face,3,5,0.109381675720215,3,1,0.15807597751039795,0.17159076794180336,0.16261505349578717,0.031174300990162974,0.054970267483787826,0.1792300938880657
39,OnlineFPCA-sgd,0.1,14600,100,face,3,5,0.104515075683594,3,1,0.2060098104301221,0.16870202211736338,0.15247917566354402,0.03188731472082049,0.055538049103484255,0.17864164364087012
39,OnlineFPCA-sgd,0.1,14700,100,face,3,5,0.103272438049316,3,1,0.11868300497112984,0.15689322212281326,0.15093118721499393,0.03278891996469806,0.05582416662375435,0.17804791665870287
39,OnlineFPCA-sgd,0.1,14800,100,face,3,5,0.108319044113159,3,1,0.11601786643520749,0.17701925716192599,0.24881364084749935,0.03321084200769201,0.05599473396396042,0.1779080953337247
39,OnlineFPCA-sgd,0.1,14900,100,face,3,5,0.105271816253662,3,1,0.13612295917335826,0.12662810150635045,0.27496294585742415,0.033491548436620285,0.05644184534920514,0.17864065928009953
39,OnlineFPCA-sgd,0.1,15000,100,face,3,5,0.106387138366699,3,1,0.12442553169941035,0.2169341804255559,0.30224870948561666,0.03354150794621303,0.056962011401729476,0.17956242475357906
39,OnlineFPCA-sgd,0.1,0,100,face,3,5,6.4053201675415,4,1,1.9966689220856704,0.1863838381641178,1.974867155238438,1.9966689220856704,0.1863838381641178,1.974867155238438
39,OnlineFPCA-sgd,0.1,100,100,face,3,5,0.253810167312622,4,1,0.7663493842506103,1.3429092617359293,1.1553837626454835,NA,NA,NA
39,OnlineFPCA-sgd,0.1,200,100,face,3,5,0.246825456619263,4,1,0.4124443761703152,0.7900754824295222,1.155868387112105,NA,NA,NA
39,OnlineFPCA-sgd,0.1,300,100,face,3,5,0.260760307312012,4,1,0.7657276168348559,0.8783712746717987,1.2837670584462086,NA,NA,NA
39,OnlineFPCA-sgd,0.1,400,100,face,3,5,0.250200748443604,4,1,0.5891185757860041,0.9252879499591742,0.7400616377542657,NA,NA,NA
39,OnlineFPCA-sgd,0.1,500,100,face,3,5,0.258140802383423,4,1,0.2627854560118292,0.6579945433487991,0.7959332470003274,NA,NA,NA
39,OnlineFPCA-sgd,0.1,600,100,face,3,5,0.258179187774658,4,1,0.25502406220084467,0.6581339022978124,0.7961677515624389,NA,NA,NA
39,OnlineFPCA-sgd,0.1,700,100,face,3,5,0.249789476394653,4,1,0.24666693772347517,0.6568725102187539,0.7968195653980791,NA,NA,NA
39,OnlineFPCA-sgd,0.1,800,100,face,3,5,0.239366292953491,4,1,0.24120431544413992,0.6545719719408171,0.7966431367915697,NA,NA,NA
39,OnlineFPCA-sgd,0.1,900,100,face,3,5,0.234291315078735,4,1,0.23320074628175164,0.6529738608306039,0.7962359696235892,NA,NA,NA
39,OnlineFPCA-sgd,0.1,1000,100,face,3,5,0.238172769546509,4,1,0.22274230170917433,0.6523066303000498,0.796350169734017,NA,NA,NA
39,OnlineFPCA-sgd,0.1,1100,100,face,3,5,0.342187166213989,4,1,0.43849154898393566,0.45071560509072317,0.7305375329297124,0.1906119967127972,0.5329954084553882,0.8027910479096793
39,OnlineFPCA-sgd,0.1,1200,100,face,3,5,0.345082998275757,4,1,0.3591050491115202,0.408763101758373,0.8750611239939156,0.18429767045779497,0.34998687495311365,0.8382960734759781
39,OnlineFPCA-sgd,0.1,1300,100,face,3,5,0.320098638534546,4,1,0.2532871082711581,0.39546037485715513,0.885602871765656,0.14968725977146297,0.38028122552973437,0.8400254992553343
39,OnlineFPCA-sgd,0.1,1400,100,face,3,5,0.332542419433594,4,1,0.36237944157593244,0.29604057035043535,0.774259641829523,0.14862954080949115,0.36609816969735093,0.8387502494199125
39,OnlineFPCA-sgd,0.1,1500,100,face,3,5,0.338451862335205,4,1,0.2616865159467798,0.33367469239164305,0.8130244761504637,0.1217037301831296,0.31683244684078915,0.8269155931543865
39,OnlineFPCA-sgd,0.1,1600,100,face,3,5,0.330170154571533,4,1,0.14240698975845856,0.19554070030324652,0.7795318688639786,0.09540397061168208,0.30130767506747425,0.8041956380078192
39,OnlineFPCA-sgd,0.1,1700,100,face,3,5,0.314164400100708,4,1,0.22928433386319305,0.24581293262294296,0.7416775254086108,0.0791135953963751,0.278149062752006,0.7912541501804039
39,OnlineFPCA-sgd,0.1,1800,100,face,3,5,0.321274995803833,4,1,0.17753560312109015,0.2162859174210032,0.7950852510741452,0.07311824125824934,0.24894004821810953,0.7781653416850113
39,OnlineFPCA-sgd,0.1,1900,100,face,3,5,0.338140487670898,4,1,0.3449511979995546,0.2544418467891612,0.685189174633574,0.06935568400343207,0.2364410336757316,0.7629256390164493
39,OnlineFPCA-sgd,0.1,2000,100,face,3,5,0.382990121841431,4,1,0.17240482474361574,0.19230312698207072,0.7378061200240779,0.0695517135718676,0.22466910355129274,0.7488744868808663
39,OnlineFPCA-sgd,0.1,2100,100,face,3,5,0.353116512298584,4,1,0.3202728437074866,0.14634865934417318,0.7066288698025538,0.0676862905681347,0.21369931427483296,0.7392990774198274
39,OnlineFPCA-sgd,0.1,2200,100,face,3,5,0.349457263946533,4,1,0.37062432879123147,0.22332371292454828,0.5836850224301222,0.060594219527328276,0.2063084546988752,0.7212948155521867
39,OnlineFPCA-sgd,0.1,2300,100,face,3,5,0.348210334777832,4,1,0.37271945535275197,0.21529611379490646,0.45424517372377937,0.06253321910475979,0.1978020207312582,0.6972229972999385
39,OnlineFPCA-sgd,0.1,2400,100,face,3,5,0.366082668304443,4,1,0.19290126267702656,0.24906536903692625,0.4885416559561367,0.05823968863028591,0.19014819699868377,0.6736999203985988
39,OnlineFPCA-sgd,0.1,2500,100,face,3,5,0.363579273223877,4,1,0.15663770218328918,0.20735154254015017,0.4814850810079704,0.055951802212812186,0.1770775404340955,0.6536849774094543
39,OnlineFPCA-sgd,0.1,2600,100,face,3,5,0.507459402084351,4,1,0.23430060663334204,0.18840227082493158,0.37817942510987695,0.054758001908938765,0.16596476215578712,0.6268546761625907
39,OnlineFPCA-sgd,0.1,2700,100,face,3,5,0.34994912147522,4,1,0.24147157972936018,0.17763086759578478,0.369738742431127,0.05138532852100169,0.15674218444362495,0.6027028247062373
39,OnlineFPCA-sgd,0.1,2800,100,face,3,5,0.347305536270142,4,1,0.23686605711659303,0.242588793652978,0.3861457616773305,0.04813108394708828,0.14950968740709655,0.5797528794628658
39,OnlineFPCA-sgd,0.1,2900,100,face,3,5,0.381977558135986,4,1,0.19981333854470215,0.19986820777293743,0.2999218427983438,0.04345983922553042,0.14618105064090378,0.5576377500194436
39,OnlineFPCA-sgd,0.1,3000,100,face,3,5,0.352410554885864,4,1,0.20346521068059573,0.17536242876533883,0.35201665486605166,0.03888081185579209,0.1382219624496659,0.5417592688020297
39,OnlineFPCA-sgd,0.1,3100,100,face,3,5,0.340337514877319,4,1,0.21854361927166527,0.20001570286324583,0.4156218192192414,0.03715235545439363,0.126498627236523,0.5301828267884071
39,OnlineFPCA-sgd,0.1,3200,100,face,3,5,0.358327627182007,4,1,0.09579120320312942,0.212467898924046,0.42921614497312,0.03615567568189437,0.11413409060941918,0.5196058635375349
39,OnlineFPCA-sgd,0.1,3300,100,face,3,5,0.37246561050415,4,1,0.18853056529199314,0.26537731445027063,0.4499666168561863,0.035475592172367225,0.10007633919617821,0.5092682302010159
39,OnlineFPCA-sgd,0.1,3400,100,face,3,5,0.353739261627197,4,1,0.20290315073936716,0.25488065233870694,0.37125498549996505,0.034738384766824615,0.0932128325823903,0.5000667351596036
39,OnlineFPCA-sgd,0.1,3500,100,face,3,5,0.355602502822876,4,1,0.12664968849444566,0.23397812312069607,0.3001343259254317,0.030068992571462665,0.09059634238958435,0.4882243258246565
39,OnlineFPCA-sgd,0.1,3600,100,face,3,5,0.36824107170105,4,1,0.133393240438106,0.21325871509737535,0.32994811297222604,0.029421473944761228,0.09093127814485805,0.4768553852764326
39,OnlineFPCA-sgd,0.1,3700,100,face,3,5,0.379142045974731,4,1,0.2621022883149893,0.19712151117204446,0.3242322919389164,0.031686563148805726,0.09140211490160645,0.4629366104966744
39,OnlineFPCA-sgd,0.1,3800,100,face,3,5,0.32717490196228,4,1,0.3821684250062491,0.27236490259256385,0.20069576710008283,0.03505885433639535,0.08934080049757676,0.4472745495441918
39,OnlineFPCA-sgd,0.1,3900,100,face,3,5,0.390037775039673,4,1,0.29767372344431753,0.265697888173124,0.1965327439787223,0.03522353887761903,0.08682181360785476,0.4329000110634695
39,OnlineFPCA-sgd,0.1,4000,100,face,3,5,0.330748558044434,4,1,0.03471457517271842,0.08639215105653096,0.41823001199512194,0.03471457517271842,0.08639215105653096,0.41823001199512194
39,OnlineFPCA-sgd,0.1,4100,100,face,3,5,0.374983072280884,4,1,0.09797935068699548,0.33141017850871507,0.3803240479270759,0.10338095450348977,0.225587937318926,0.41385970116088583
39,OnlineFPCA-sgd,0.1,4200,100,face,3,5,0.370186328887939,4,1,0.19019121478790116,0.2080762503945913,0.2544732958637147,0.09837677559093523,0.2393682208299516,0.3631203947456761
39,OnlineFPCA-sgd,0.1,4300,100,face,3,5,0.369300127029419,4,1,0.20383170223302907,0.1956578190357894,0.2849394131778308,0.07645859850235252,0.1824388436763598,0.3185091195811328
39,OnlineFPCA-sgd,0.1,4400,100,face,3,5,0.353692054748535,4,1,0.3039894902165272,0.11504439054256596,0.35549782818338765,0.05718921478512179,0.12954443561771084,0.3105998995929431
39,OnlineFPCA-sgd,0.1,4500,100,face,3,5,0.362044334411621,4,1,0.26242379716732095,0.22786320411561284,0.2456904681517376,0.0397559602393172,0.11926411430645978,0.2975440042362693
39,OnlineFPCA-sgd,0.1,4600,100,face,3,5,0.351677894592285,4,1,0.2988162809826174,0.17149141108410648,0.27175252439718106,0.04722559417834539,0.10016944211735572,0.2898669175041421
39,OnlineFPCA-sgd,0.1,4700,100,face,3,5,0.366409540176392,4,1,0.1292909008319068,0.1546611203291418,0.2803814098037239,0.060726753272762425,0.08018580818124213,0.28408317713197967
39,OnlineFPCA-sgd,0.1,4800,100,face,3,5,0.384942770004272,4,1,0.16721170562455212,0.1958165623981782,0.37705981987270815,0.06250693859564774,0.0718745995585218,0.28431614540777134
39,OnlineFPCA-sgd,0.1,4900,100,face,3,5,0.359233140945435,4,1,0.23282372262203546,0.1838849370025101,0.4227176967881597,0.06565213869015069,0.0773520987490601,0.2883114236579322
39,OnlineFPCA-sgd,0.1,5000,100,face,3,5,0.333641529083252,4,1,0.20203046355496646,0.2949612578899248,0.4667740469762486,0.06765464254941184,0.08766283289376589,0.2932971354557869
39,OnlineFPCA-sgd,0.1,5100,100,face,3,5,0.107388973236084,4,1,0.32982653286121444,0.1789519281581762,0.5249850524970141,0.07434211044211457,0.09763062166474643,0.30259848406013873
39,OnlineFPCA-sgd,0.1,5200,100,face,3,5,0.103719711303711,4,1,0.22479482036719464,0.16801437122471152,0.3049844818858547,0.07605376250569473,0.09107251501890261,0.30388074906137114
39,OnlineFPCA-sgd,0.1,5300,100,face,3,5,0.106929302215576,4,1,0.18234095154407792,0.2217918718961008,0.30957538305413984,0.08045139407935037,0.09019935138240161,0.2998603960118509
39,OnlineFPCA-sgd,0.1,5400,100,face,3,5,0.104585886001587,4,1,0.17207796338717507,0.2206941245813237,0.3710977499016697,0.08178724744459645,0.09293489713379444,0.29846676000396843
39,OnlineFPCA-sgd,0.1,5500,100,face,3,5,0.101424932479858,4,1,0.20612643217912313,0.29440473728956407,0.36139114742576534,0.08189934681035357,0.10046455319245973,0.3003406909589222
39,OnlineFPCA-sgd,0.1,5600,100,face,3,5,0.0965728759765625,4,1,0.16416102150854592,0.19072034561619805,0.25787705397073535,0.08086614027804234,0.1034063352038147,0.29861352259406154
39,OnlineFPCA-sgd,0.1,5700,100,face,3,5,0.0955674648284912,4,1,0.345825985400511,0.16304449948886401,0.3208731265512809,0.08018742563334279,0.10642690246795712,0.29618334945474073
39,OnlineFPCA-sgd,0.1,5800,100,face,3,5,0.0998401641845703,4,1,0.2096763512811663,0.10797907726451811,0.21589532865995795,0.07866362163837473,0.10825351293542289,0.2905183818280839
39,OnlineFPCA-sgd,0.1,5900,100,face,3,5,0.244522333145142,4,1,0.31730876695587984,0.19143663168920347,0.2724671652218037,0.07225604464832264,0.10653148081388934,0.28195771019002724
39,OnlineFPCA-sgd,0.1,6000,100,face,3,5,0.108566284179688,4,1,0.166591075203982,0.18513893748516674,0.18129523849489732,0.06808508706210167,0.10186914191982692,0.2741741325529328
39,OnlineFPCA-sgd,0.1,6100,100,face,3,5,0.112728118896484,4,1,0.10712458764230194,0.16288584449354995,0.20998757328355727,0.06395675006147757,0.09964685597890444,0.2639391116782628
39,OnlineFPCA-sgd,0.1,6200,100,face,3,5,0.110172271728516,4,1,0.2691375694019572,0.23449777360159701,0.21322623299433122,0.05904983951558573,0.0965418079865506,0.2542154828788288
39,OnlineFPCA-sgd,0.1,6300,100,face,3,5,0.105420112609863,4,1,0.24141184803617072,0.19737202625183753,0.2129521574928643,0.05396966321585338,0.0998119554608167,0.24592813897672378
39,OnlineFPCA-sgd,0.1,6400,100,face,3,5,0.0998532772064209,4,1,0.21308954385439555,0.1356242593239066,0.203355782155382,0.05180234011569644,0.09767485548418037,0.2365021461815466
39,OnlineFPCA-sgd,0.1,6500,100,face,3,5,0.0986826419830322,4,1,0.14332461776838162,0.19797717490860786,0.20574130851716332,0.04990435283504977,0.09429032835139756,0.2303524157799246
39,OnlineFPCA-sgd,0.1,6600,100,face,3,5,0.112157106399536,4,1,0.12954536506649997,0.1356186616010655,0.21915822439057,0.04684102537884458,0.09444989684927409,0.22415693523787644
39,OnlineFPCA-sgd,0.1,6700,100,face,3,5,0.110237598419189,4,1,0.18581364261719877,0.10977130963494591,0.193088519867639,0.045698844182075746,0.0913115679948944,0.2178327806678614
39,OnlineFPCA-sgd,0.1,6800,100,face,3,5,0.100191831588745,4,1,0.1443194116444334,0.21420534527975826,0.19666280299998803,0.04302161367946926,0.08674700898815325,0.21148228258367768
39,OnlineFPCA-sgd,0.1,6900,100,face,3,5,0.105648040771484,4,1,0.2705564550533219,0.1472547630262648,0.24281417294004104,0.0436807963237461,0.08344809459449798,0.20699196696055921
39,OnlineFPCA-sgd,0.1,7000,100,face,3,5,0.113705158233643,4,1,0.12094421355112792,0.1364693536799475,0.1752972828746174,0.04453691694899302,0.08182263818880217,0.20291427972938356
39,OnlineFPCA-sgd,0.1,7100,100,face,3,5,0.100260734558105,4,1,0.21986893268452776,0.1282633388099587,0.17406431566107847,0.04487506684032919,0.08017409922996387,0.19869576910245001
39,OnlineFPCA-sgd,0.1,7200,100,face,3,5,0.103381395339966,4,1,0.24221135530923762,0.2053330016893329,0.23789415301175776,0.04403965989397516,0.07724213283064979,0.19403733243072094
39,OnlineFPCA-sgd,0.1,7300,100,face,3,5,0.106198310852051,4,1,0.3031528347910527,0.19505152518047647,0.2647983008962991,0.04520314184207243,0.07410600870653207,0.19085727287387108
39,OnlineFPCA-sgd,0.1,7400,100,face,3,5,0.103444814682007,4,1,0.2967826966063235,0.20581095031932276,0.3279451890522834,0.0442422564702457,0.0717812212772525,0.1885896875408921
39,OnlineFPCA-sgd,0.1,7500,100,face,3,5,0.121874332427979,4,1,0.11752509738956865,0.15657401490040293,0.34011250703577617,0.043999996748683316,0.06747433180674434,0.1879696271328591
39,OnlineFPCA-sgd,0.1,7600,100,face,3,5,0.109238386154175,4,1,0.1643147001151063,0.15927941376252375,0.3164190088587832,0.044235153569224445,0.06501794060098247,0.18724936806930728
39,OnlineFPCA-sgd,0.1,7700,100,face,3,5,0.113090991973877,4,1,0.19776830915903368,0.14814359663903778,0.26467058728643955,0.04418673591250659,0.06413918877450082,0.18653635700478108
39,OnlineFPCA-sgd,0.1,7800,100,face,3,5,0.101130962371826,4,1,0.1980949339805059,0.19249544592374074,0.3352427039029527,0.04307526819936449,0.06513415110373516,0.18689712637353187
39,OnlineFPCA-sgd,0.1,7900,100,face,3,5,0.105697154998779,4,1,0.17947282391464836,0.14302350248768733,0.25198540919689805,0.04045333705381663,0.0640366693612195,0.1869199939779565
39,OnlineFPCA-sgd,0.1,8000,100,face,3,5,0.108670234680176,4,1,0.14595703015219386,0.13952873396920001,0.22432785337753847,0.03789683216328003,0.06155594268236482,0.18642876199586297
39,OnlineFPCA-sgd,0.1,8100,100,face,3,5,0.106554508209229,4,1,0.17963747743782932,0.16000780384849445,0.26887887228995583,0.03666451996802034,0.058969598830372644,0.18610566284058397
39,OnlineFPCA-sgd,0.1,8200,100,face,3,5,0.106722593307495,4,1,0.08307132542406617,0.1982813372389079,0.31388133051060046,0.035391465464207336,0.05749317269569703,0.1882038568494678
39,OnlineFPCA-sgd,0.1,8300,100,face,3,5,0.111490249633789,4,1,0.16249510295240843,0.24657107641523646,0.35734331872877206,0.03422996344810111,0.05523266359420588,0.19109344975942702
39,OnlineFPCA-sgd,0.1,8400,100,face,3,5,0.103036403656006,4,1,0.17008235918625592,0.2359799813445413,0.3179664783492079,0.0346103604455055,0.05352669177156548,0.19355583674209068
39,OnlineFPCA-sgd,0.1,8500,100,face,3,5,0.103602170944214,4,1,0.11926587076600954,0.20075641027116753,0.283295357348091,0.03311105236727969,0.05169711523697813,0.19519513911275985
39,OnlineFPCA-sgd,0.1,8600,100,face,3,5,0.100462913513184,4,1,0.12763920604471735,0.1808316721718853,0.2905119116134378,0.03248501191613804,0.050161403183761805,0.19761624793589888
39,OnlineFPCA-sgd,0.1,8700,100,face,3,5,0.110105752944946,4,1,0.24032178006716542,0.15514198868264154,0.3106929101446253,0.03415550210082208,0.048550201472522925,0.1993979732392853
39,OnlineFPCA-sgd,0.1,8800,100,face,3,5,0.104451656341553,4,1,0.2856133838247053,0.1997239658247917,0.19819376172827213,0.03515408065789942,0.047884013085835335,0.19944604926862075
39,OnlineFPCA-sgd,0.1,8900,100,face,3,5,0.101993560791016,4,1,0.23118998608499372,0.20855084286448694,0.1887002837407351,0.03459506150417992,0.04766760373671525,0.19834204457675492
39,OnlineFPCA-sgd,0.1,9000,100,face,3,5,0.101959466934204,4,1,0.20897538530745585,0.1996200156155896,0.18176022788676116,0.03310294533330711,0.04827903547295823,0.19630091338357628
39,OnlineFPCA-sgd,0.1,9100,100,face,3,5,0.112588167190552,4,1,0.1208394208706348,0.34765315974234184,0.18310998875883383,0.03301178981212448,0.049696675636316974,0.1930043174965643
39,OnlineFPCA-sgd,0.1,9200,100,face,3,5,0.0997879505157471,4,1,0.12728378515662947,0.24442784043334972,0.2038221149617308,0.03307050124373683,0.051855692484133784,0.18960680294804838
39,OnlineFPCA-sgd,0.1,9300,100,face,3,5,0.0968399047851562,4,1,0.16938230376270952,0.1006403680291778,0.2704502331834531,0.03228029057611187,0.053127024368719904,0.1867179720871374
39,OnlineFPCA-sgd,0.1,9400,100,face,3,5,0.0980632305145264,4,1,0.22176878567178832,0.10289755506438153,0.23749691385461924,0.03184340932448993,0.05297599292845008,0.18525642890615546
39,OnlineFPCA-sgd,0.1,9500,100,face,3,5,0.104044675827026,4,1,0.19031173719358246,0.20255520172547697,0.1619564910699508,0.03172670383358312,0.0542886093921449,0.1840706788294435
39,OnlineFPCA-sgd,0.1,9600,100,face,3,5,0.103251218795776,4,1,0.23282915990097403,0.1812792038667329,0.15867913408723305,0.033237665363923134,0.05538880230884194,0.18271634128552144
39,OnlineFPCA-sgd,0.1,9700,100,face,3,5,0.113763809204102,4,1,0.12037042817148241,0.16461980466756884,0.15409881355036428,0.034972360578654785,0.055731136363148664,0.18144473393952137
39,OnlineFPCA-sgd,0.1,9800,100,face,3,5,0.105329990386963,4,1,0.1298751609651866,0.18625175481398806,0.2805741956252163,0.03570059577549876,0.055997706180897826,0.18138026091036902
39,OnlineFPCA-sgd,0.1,9900,100,face,3,5,0.107834577560425,4,1,0.1628029862881932,0.14648436529022238,0.31454245532904046,0.03619237381018956,0.05695847539189642,0.18324955650056846
39,OnlineFPCA-sgd,0.1,10000,100,face,3,5,0.11102294921875,4,1,0.14928544472578587,0.2458700871728051,0.34823540075848747,0.03630455052251903,0.058135156688335805,0.18552176118957428
39,OnlineFPCA-sgd,0.1,10100,100,face,3,5,0.0978841781616211,4,1,0.24466257332394695,0.17907303763808724,0.3830431230902622,0.036774417055853464,0.05961351977986806,0.1879464347813122
39,OnlineFPCA-sgd,0.1,10200,100,face,3,5,0.10184907913208,4,1,0.17571515698558282,0.13773051805378073,0.2344214100322971,0.03693960711484628,0.059046422150434326,0.18914316621693983
39,OnlineFPCA-sgd,0.1,10300,100,face,3,5,0.102535724639893,4,1,0.15267875467953046,0.1930628136824998,0.2365176904674614,0.03724536391190585,0.05878866941448321,0.1895037899949463
39,OnlineFPCA-sgd,0.1,10400,100,face,3,5,0.121037006378174,4,1,0.1572687471021469,0.19141079189281798,0.2882099635159042,0.0373685914912591,0.059404220649398584,0.1901136279361128
39,OnlineFPCA-sgd,0.1,10500,100,face,3,5,0.105270147323608,4,1,0.1679168755563846,0.263319317986969,0.29244586958128543,0.037336654320441844,0.06089966889439294,0.1911140682934598
39,OnlineFPCA-sgd,0.1,10600,100,face,3,5,0.102129936218262,4,1,0.14989751684014258,0.1721185164299916,0.21152289948676023,0.03677940897972097,0.06208772240171028,0.19156475177463447
39,OnlineFPCA-sgd,0.1,10700,100,face,3,5,0.102046489715576,4,1,0.3022320296057145,0.15040979249961048,0.2740535028667341,0.03695748387267207,0.06336438498024191,0.19221016554334108
39,OnlineFPCA-sgd,0.1,10800,100,face,3,5,0.108204364776611,4,1,0.18938413697993128,0.1114011129443404,0.18187291826769295,0.037368626627880104,0.06444763857155375,0.1921792425952069
39,OnlineFPCA-sgd,0.1,10900,100,face,3,5,0.11439323425293,4,1,0.2616121847763674,0.169804860154061,0.2291390380416446,0.03673172561412306,0.06478892411924878,0.19124521090401247
39,OnlineFPCA-sgd,0.1,11000,100,face,3,5,0.109139204025269,4,1,0.13077993359128812,0.169741380334749,0.16099351304241055,0.036464357334743645,0.06453337842593417,0.19030052562895686
39,OnlineFPCA-sgd,0.1,11100,100,face,3,5,0.108862638473511,4,1,0.08721215137416244,0.13759111610062316,0.18077943229465454,0.035849860890733956,0.0644027964348116,0.18882201577238278
39,OnlineFPCA-sgd,0.1,11200,100,face,3,5,0.106236696243286,4,1,0.2392750041746647,0.20530153346340285,0.18093896884360514,0.03551041869707879,0.06410492392900036,0.1874918025254885
39,OnlineFPCA-sgd,0.1,11300,100,face,3,5,0.104253530502319,4,1,0.21500099240437778,0.18233875096341626,0.17692618383097533,0.03493272139908522,0.06502122369948717,0.18613590121229176
39,OnlineFPCA-sgd,0.1,11400,100,face,3,5,0.11983060836792,4,1,0.1845423759859731,0.13969307712754458,0.17480345331714872,0.03438107539639251,0.06463098695049596,0.18449193683795445
39,OnlineFPCA-sgd,0.1,11500,100,face,3,5,0.111748933792114,4,1,0.1005207119513215,0.15558542085941973,0.17537880264921996,0.03410312357239281,0.06408349230157528,0.18336683506549867
39,OnlineFPCA-sgd,0.1,11600,100,face,3,5,0.107367992401123,4,1,0.0839047485108519,0.11696961597202614,0.1797972255819473,0.03351600712439225,0.06457634082679323,0.18200151852574897
39,OnlineFPCA-sgd,0.1,11700,100,face,3,5,0.104619264602661,4,1,0.1327815717055435,0.11056969212301744,0.16724309493387216,0.03373786739823175,0.06437176173522005,0.18045334021822165
39,OnlineFPCA-sgd,0.1,11800,100,face,3,5,0.114542007446289,4,1,0.124239526854968,0.1788335734946892,0.1655926390404369,0.0333575841673122,0.06362800414935921,0.17917579640227865
39,OnlineFPCA-sgd,0.1,11900,100,face,3,5,0.0994808673858643,4,1,0.2246096761999483,0.10320874834683966,0.20941511907060673,0.03362797332078992,0.06286146273900836,0.17851732589759708
39,OnlineFPCA-sgd,0.1,12000,100,face,3,5,0.103075504302979,4,1,0.1018683490641786,0.1016320166848425,0.14777284142442904,0.03380388619298766,0.06268505759208312,0.17793183307791746
39,OnlineFPCA-sgd,0.1,12100,100,face,3,5,0.0965499877929688,4,1,0.17312301351365994,0.09950902697669486,0.13745544751094962,0.033910053918439306,0.06256023384056833,0.17694379740900917
39,OnlineFPCA-sgd,0.1,12200,100,face,3,5,0.0988128185272217,4,1,0.19736420219190856,0.16043090994070297,0.2103316121227908,0.033828785766391166,0.06212421665713139,0.1760503941114066
39,OnlineFPCA-sgd,0.1,12300,100,face,3,5,0.1094970703125,4,1,0.23880479696858298,0.15627393711497836,0.2314113740479328,0.03456713153515202,0.06161387262258737,0.17584911062103903
39,OnlineFPCA-sgd,0.1,12400,100,face,3,5,0.107892751693726,4,1,0.2675668314374349,0.17068287038419494,0.2816943270680959,0.034511862734607636,0.061198621905658966,0.1758946792639297
39,OnlineFPCA-sgd,0.1,12500,100,face,3,5,0.0967302322387695,4,1,0.10197129781498794,0.1276327019281111,0.2949286348846306,0.03460737923695134,0.06016625803255026,0.1764973624845468
39,OnlineFPCA-sgd,0.1,12600,100,face,3,5,0.0950944423675537,4,1,0.1261322905091434,0.12379249507536638,0.2855660860832041,0.03457900310589859,0.05934889022748401,0.17697550829606473
39,OnlineFPCA-sgd,0.1,12700,100,face,3,5,0.100161552429199,4,1,0.17699532128711473,0.12117940179453954,0.24476393006106242,0.03443537716237276,0.05888850162011419,0.17732572235051247
39,OnlineFPCA-sgd,0.1,12800,100,face,3,5,0.105083227157593,4,1,0.1958596681913487,0.15492860034939324,0.30277859151761444,0.033871233149647614,0.0591224592333052,0.17794699952685183
39,OnlineFPCA-sgd,0.1,12900,100,face,3,5,0.118467330932617,4,1,0.15919585733709582,0.11411020755525733,0.23479891189821023,0.03282528846111857,0.058877616564807306,0.1782777512873921
39,OnlineFPCA-sgd,0.1,13000,100,face,3,5,0.104382991790771,4,1,0.10707962979271199,0.1142562650768915,0.2108712085046126,0.03188453353840357,0.05824783573924311,0.1782345718976037
39,OnlineFPCA-sgd,0.1,13100,100,face,3,5,0.107813596725464,4,1,0.15714277413022168,0.13837382894097822,0.2376008363457291,0.031438300221162514,0.057510600732662606,0.17815363946297458
39,OnlineFPCA-sgd,0.1,13200,100,face,3,5,0.107969045639038,4,1,0.07903376506843687,0.16050400775907453,0.2759677963423071,0.031078334132760416,0.05715421619567793,0.17877965486352707
39,OnlineFPCA-sgd,0.1,13300,100,face,3,5,0.0988037586212158,4,1,0.13967941538306855,0.20904957167024174,0.32148949978829056,0.030839374643737705,0.056485422109375384,0.17972735678577423
39,OnlineFPCA-sgd,0.1,13400,100,face,3,5,0.0954067707061768,4,1,0.14906233382900702,0.20484379600986216,0.29455073297255485,0.031376847026028144,0.05588067596811082,0.18061842604324865
39,OnlineFPCA-sgd,0.1,13500,100,face,3,5,0.106486558914185,4,1,0.113882301096881,0.16862570132791285,0.27412296378880796,0.031087633102173086,0.0551772691648206,0.18136109140104875
39,OnlineFPCA-sgd,0.1,13600,100,face,3,5,0.104725122451782,4,1,0.11938366368397738,0.1580110617655183,0.26933231629024534,0.031030420950597683,0.05453460982286911,0.18238256179100956
39,OnlineFPCA-sgd,0.1,13700,100,face,3,5,0.106947898864746,4,1,0.21438026080905243,0.13656735292415215,0.30323352161870976,0.03172996173107083,0.053703420971720005,0.18328629238529398
39,OnlineFPCA-sgd,0.1,13800,100,face,3,5,0.116467952728271,4,1,0.253968015916477,0.15313069395899084,0.20627944192106865,0.032262776902811575,0.0532213623510198,0.18365498843117772
39,OnlineFPCA-sgd,0.1,13900,100,face,3,5,0.0990242958068848,4,1,0.19926943432540611,0.1728707668286301,0.18697586984628775,0.03228071643216222,0.05300792908984627,0.18353130012855273
39,OnlineFPCA-sgd,0.1,14000,100,face,3,5,0.103193044662476,4,1,0.18094636134719522,0.17385302585130172,0.17208135501994715,0.03180922283663873,0.05314170559660086,0.18299594275555697
39,OnlineFPCA-sgd,0.1,14100,100,face,3,5,0.101767301559448,4,1,0.1130600625599755,0.3114380466307091,0.16379956828208014,0.03184127741353434,0.05359737272564582,0.18196024990995824
39,OnlineFPCA-sgd,0.1,14200,100,face,3,5,0.107816457748413,4,1,0.11456052897963552,0.2377426467554036,0.18426609980104228,0.031880627569413074,0.054282476921420096,0.18080224369469106
39,OnlineFPCA-sgd,0.1,14300,100,face,3,5,0.106709957122803,4,1,0.1299250178326861,0.07285407971240139,0.24312962796166263,0.031507836941086755,0.054700508579127366,0.1797764932051009
39,OnlineFPCA-sgd,0.1,14400,100,face,3,5,0.107107400894165,4,1,0.19104412692975709,0.09623504276056877,0.21319798822805497,0.03126491980970461,0.05456568759078385,0.17930164355449763
39,OnlineFPCA-sgd,0.1,14500,100,face,3,5,0.0980522632598877,4,1,0.1585315347274388,0.1720575515250324,0.162579174172373,0.031221333872297852,0.055067228347832495,0.17890780549476945
39,OnlineFPCA-sgd,0.1,14600,100,face,3,5,0.109409093856812,4,1,0.20641633910338336,0.16891369792836544,0.15253882590292459,0.0319359824092191,0.055637256855822145,0.17832227517430285
39,OnlineFPCA-sgd,0.1,14700,100,face,3,5,0.10733699798584,4,1,0.11869797870425573,0.15702867893364042,0.15094141623862856,0.03283766054930302,0.05592377004822788,0.17773016038723885
39,OnlineFPCA-sgd,0.1,14800,100,face,3,5,0.106481790542603,4,1,0.1162182175953898,0.1771831423631547,0.2492375184847117,0.03325904973079664,0.05609435319767389,0.17759113088174405
39,OnlineFPCA-sgd,0.1,14900,100,face,3,5,0.108238220214844,4,1,0.13649461033124977,0.12691077479975746,0.27552301070103236,0.033537682693049055,0.05654190840696743,0.1783284826265903
39,OnlineFPCA-sgd,0.1,15000,100,face,3,5,0.105722427368164,4,1,0.12479094339662719,0.21737882044348536,0.30291489693232043,0.03358664781204065,0.057061825270817136,0.1792562385626607
39,OnlineFPCA-sgd,0.1,0,100,face,3,5,6.4053201675415,4,2,0.13571165624240533,0.1863838381641178,0.3520904473894682,0.13571165624240533,0.1863838381641178,0.3520904473894682
39,OnlineFPCA-sgd,0.1,100,100,face,3,5,0.270817756652832,4,2,1.0587733810419493,1.125921177612758,1.2466566898896614,NA,NA,NA
39,OnlineFPCA-sgd,0.1,200,100,face,3,5,0.268586874008179,4,2,1.971692110761733,0.7900754824295222,1.6761376822614373,NA,NA,NA
39,OnlineFPCA-sgd,0.1,300,100,face,3,5,0.24553918838501,4,2,1.8432803537958469,0.8783712746717987,1.6071422919903664,NA,NA,NA
39,OnlineFPCA-sgd,0.1,400,100,face,3,5,0.262069940567017,4,2,0.5580236476144952,0.7906607737957914,0.9058940796018402,NA,NA,NA
39,OnlineFPCA-sgd,0.1,500,100,face,3,5,0.258831977844238,4,2,0.39957989669009153,0.5692261643758554,0.9576442004012766,NA,NA,NA
39,OnlineFPCA-sgd,0.1,600,100,face,3,5,0.241908550262451,4,2,0.30525671144669947,0.599328258310476,0.9884305317585128,NA,NA,NA
39,OnlineFPCA-sgd,0.1,700,100,face,3,5,0.242545127868652,4,2,0.29413631905913834,0.5976842837512083,0.9880173493752177,NA,NA,NA
39,OnlineFPCA-sgd,0.1,800,100,face,3,5,0.236767768859863,4,2,0.2845179901760293,0.5944655808162582,0.9869370218992294,NA,NA,NA
39,OnlineFPCA-sgd,0.1,900,100,face,3,5,0.391051292419434,4,2,0.273602913641828,0.5932316465294462,0.9857568899363846,NA,NA,NA
39,OnlineFPCA-sgd,0.1,1000,100,face,3,5,0.242428779602051,4,2,0.25939076038401016,0.5915477175082059,0.9855795912401553,NA,NA,NA
39,OnlineFPCA-sgd,0.1,1100,100,face,3,5,0.352002143859863,4,2,0.39804075911590764,0.40256932511582155,0.8852215697131309,0.17910590688362535,0.4662953453501372,0.957134466681014
39,OnlineFPCA-sgd,0.1,1200,100,face,3,5,0.343253135681152,4,2,0.33318772186831286,0.2727675343129192,0.9079454186981396,0.16516786540566794,0.30930877210955965,0.9539403100773094
39,OnlineFPCA-sgd,0.1,1300,100,face,3,5,0.345229148864746,4,2,0.2519338702635509,0.3300323005952734,0.8749950600230402,0.1395529882866419,0.3003860905019189,0.9361894764501741
39,OnlineFPCA-sgd,0.1,1400,100,face,3,5,0.349720001220703,4,2,0.33972201778389827,0.31852083415755456,0.7975856544137997,0.14551768909896518,0.2954517218547861,0.9178221742697537
39,OnlineFPCA-sgd,0.1,1500,100,face,3,5,0.342468976974487,4,2,0.28608026190239305,0.2850406162454812,0.7405927327291083,0.11805981286228368,0.25041756965288275,0.8758881934245445
39,OnlineFPCA-sgd,0.1,1600,100,face,3,5,0.363903045654297,4,2,0.12408178583619428,0.1542262327414268,0.6441712998115764,0.09292178868065913,0.23638975948119595,0.8330866513045893
39,OnlineFPCA-sgd,0.1,1700,100,face,3,5,0.340737104415894,4,2,0.21286792644329466,0.20753263432296992,0.5309601696943127,0.07964702696129962,0.21587404704441382,0.7907161569055152
39,OnlineFPCA-sgd,0.1,1800,100,face,3,5,0.364246606826782,4,2,0.12481500276785709,0.17879447882072458,0.43061143891149456,0.07529319985663126,0.20162098624048103,0.7389880439145825
39,OnlineFPCA-sgd,0.1,1900,100,face,3,5,0.350065231323242,4,2,0.2886583797701517,0.2361776487882467,0.2708541742720295,0.06803594532488975,0.19463861949613664,0.6864578864871664
39,OnlineFPCA-sgd,0.1,2000,100,face,3,5,0.373816728591919,4,2,0.15389243968774352,0.2020522630937273,0.3904289415798845,0.0682005328523205,0.19303263147497965,0.6485902282572757
39,OnlineFPCA-sgd,0.1,2100,100,face,3,5,0.371357202529907,4,2,0.2929485472854948,0.17065452764486236,0.2599176040124664,0.06302617481940706,0.1905508234871954,0.6139209057471493
39,OnlineFPCA-sgd,0.1,2200,100,face,3,5,0.376173973083496,4,2,0.2964458596596241,0.2739754882301067,0.29501018601238715,0.05572925067615162,0.1870442221905598,0.571834305654883
39,OnlineFPCA-sgd,0.1,2300,100,face,3,5,0.319994926452637,4,2,0.3683576034255427,0.2240784643765384,0.20247765322237637,0.055278482261345914,0.18062797149065257,0.5241169420642611
39,OnlineFPCA-sgd,0.1,2400,100,face,3,5,0.342999696731567,4,2,0.3126966485528645,0.27498785566150924,0.3082472176809933,0.05161685767044018,0.1769667142717319,0.4830486849239628
39,OnlineFPCA-sgd,0.1,2500,100,face,3,5,0.357109785079956,4,2,0.1515853641444278,0.2458446697423129,0.33939194027998426,0.05022699717777075,0.17223649145971456,0.4451285563380435
39,OnlineFPCA-sgd,0.1,2600,100,face,3,5,0.353291034698486,4,2,0.23225267213024525,0.21697542771699305,0.2911327656836435,0.049487730594484164,0.16930273286109607,0.4110065923657879
39,OnlineFPCA-sgd,0.1,2700,100,face,3,5,0.371951580047607,4,2,0.2442096685198254,0.2157011605691742,0.24883944777089737,0.04596939847381369,0.16760590892021984,0.3835224487515571
39,OnlineFPCA-sgd,0.1,2800,100,face,3,5,0.361175060272217,4,2,0.22101893369239373,0.2576885106663023,0.3432238591026915,0.0432857300890838,0.16509190468954918,0.36019305091751663
39,OnlineFPCA-sgd,0.1,2900,100,face,3,5,0.347289085388184,4,2,0.2034219434664039,0.201403002244567,0.23663944964180414,0.03847886342487159,0.16145838420325065,0.33980881253380835
39,OnlineFPCA-sgd,0.1,3000,100,face,3,5,0.374643087387085,4,2,0.2091490662797968,0.18525963631172299,0.24668677455997257,0.034468123659155456,0.15800287301718968,0.327746755532637
39,OnlineFPCA-sgd,0.1,3100,100,face,3,5,0.338048219680786,4,2,0.21562218915757203,0.20364071886959662,0.34595302334864586,0.03287234795184853,0.15354357143843916,0.3201533228971841
39,OnlineFPCA-sgd,0.1,3200,100,face,3,5,0.307825565338135,4,2,0.09803672256522629,0.2544902556597453,0.3955400723396999,0.03269600592696267,0.14990433953908616,0.3168849416495743
39,OnlineFPCA-sgd,0.1,3300,100,face,3,5,0.313010692596436,4,2,0.1955628809268684,0.3073207632768787,0.42147052132232793,0.032316289585363304,0.1480840149774408,0.3166658017579154
39,OnlineFPCA-sgd,0.1,3400,100,face,3,5,0.312481164932251,4,2,0.20577302486336893,0.2771314624888698,0.35187416852048,0.03217712511535067,0.14742611441465692,0.3160969598024355
39,OnlineFPCA-sgd,0.1,3500,100,face,3,5,0.311071634292603,4,2,0.1280013167080961,0.2523425500672069,0.2894610117494146,0.027366684231227706,0.1447708126919222,0.3114169567697379
39,OnlineFPCA-sgd,0.1,3600,100,face,3,5,0.313498973846436,4,2,0.13532887124145748,0.22663907162360136,0.3380073019438539,0.027022089222345776,0.14324946067559333,0.3088268695495491
39,OnlineFPCA-sgd,0.1,3700,100,face,3,5,0.317177772521973,4,2,0.2630910984870102,0.2050116695160109,0.3324523514269644,0.029319254145386543,0.14178118199520615,0.30289495713452597
39,OnlineFPCA-sgd,0.1,3800,100,face,3,5,0.310638666152954,4,2,0.3869924882486773,0.28533607922368276,0.22160260748041893,0.03257618312206502,0.13948395787977666,0.2935647459512911
39,OnlineFPCA-sgd,0.1,3900,100,face,3,5,0.311066627502441,4,2,0.2938097931657114,0.2715361169045852,0.20962174152573257,0.03306750279300483,0.13718433362386015,0.28413101692515363
39,OnlineFPCA-sgd,0.1,4000,100,face,3,5,0.31324577331543,4,2,0.033268581175665,0.1341578198546856,0.2735403926934508,0.033268581175665,0.1341578198546856,0.2735403926934508
39,OnlineFPCA-sgd,0.1,4100,100,face,3,5,0.313451051712036,4,2,0.11877902963971496,0.34934415409414893,0.24153362022689248,0.1066173400679722,0.2308989667573771,0.2651269760097802
39,OnlineFPCA-sgd,0.1,4200,100,face,3,5,0.441306352615356,4,2,0.1925947547760204,0.235749489309706,0.1893362499815681,0.10043309539550396,0.2523747529166845,0.22554737002854422
39,OnlineFPCA-sgd,0.1,4300,100,face,3,5,0.312724113464355,4,2,0.21877450029727377,0.21580037418879364,0.26594819313161744,0.07568731324462,0.21343592469072795,0.2107803761328822
39,OnlineFPCA-sgd,0.1,4400,100,face,3,5,0.316343784332275,4,2,0.2982847656327163,0.1278526484379176,0.3113865386827264,0.05800518678818993,0.17046334250889084,0.2199888783403149
39,OnlineFPCA-sgd,0.1,4500,100,face,3,5,0.332237958908081,4,2,0.2605025277113998,0.24855348854337264,0.20508745130657408,0.04198511183948074,0.15737921509438335,0.22013054588101047
39,OnlineFPCA-sgd,0.1,4600,100,face,3,5,0.350379467010498,4,2,0.294889925411714,0.19811550680800352,0.2537299411470111,0.04975437139156625,0.14272826222625587,0.22164504297851564
39,OnlineFPCA-sgd,0.1,4700,100,face,3,5,0.361728668212891,4,2,0.13089782896610752,0.1879746585652603,0.2439940560643783,0.0629765239165186,0.12908739476660455,0.22027990794172253
39,OnlineFPCA-sgd,0.1,4800,100,face,3,5,0.329343557357788,4,2,0.16327739854959208,0.20652359124685662,0.3713787871804006,0.06420457105933518,0.12283416359650667,0.22532938420098522
39,OnlineFPCA-sgd,0.1,4900,100,face,3,5,0.341562032699585,4,2,0.23235804720327966,0.18611903727618315,0.42514230308638645,0.06632950949648138,0.12167625945602203,0.23688121550971028
39,OnlineFPCA-sgd,0.1,5000,100,face,3,5,0.353514194488525,4,2,0.20064317090088263,0.2945771228660551,0.47359179673024704,0.06752253793437767,0.12441008886802074,0.24896451335647074
39,OnlineFPCA-sgd,0.1,5100,100,face,3,5,0.103347778320312,4,2,0.3304647716596147,0.1748574785305677,0.5297352926506285,0.07409014711930519,0.12815197372291542,0.2641551340375902
39,OnlineFPCA-sgd,0.1,5200,100,face,3,5,0.10793662071228,4,2,0.22246777684983146,0.15977065354105677,0.2997292923651223,0.07564213363039021,0.11807015652834081,0.26847394365960775
39,OnlineFPCA-sgd,0.1,5300,100,face,3,5,0.111094951629639,4,2,0.18165764060356637,0.20678168807862768,0.30573253202250966,0.07968907100047966,0.1126195394328846,0.2668258503831995
39,OnlineFPCA-sgd,0.1,5400,100,face,3,5,0.101502656936646,4,2,0.17087264275101965,0.21348744296190544,0.3699517483272814,0.0808649475780596,0.1113936982338575,0.26814718739377175
39,OnlineFPCA-sgd,0.1,5500,100,face,3,5,0.106903791427612,4,2,0.206302222339988,0.2913822200597438,0.36329715492160514,0.08093070155377662,0.11513329688895713,0.2725257262553064
39,OnlineFPCA-sgd,0.1,5600,100,face,3,5,0.112621784210205,4,2,0.16419953511466445,0.19157092324478517,0.25103889703968146,0.07981668748521543,0.11616551927062135,0.2726615494926213
39,OnlineFPCA-sgd,0.1,5700,100,face,3,5,0.101653814315796,4,2,0.3469633394490968,0.1556363058728975,0.32195757374318285,0.07915438895864872,0.11706816763968561,0.2724817478735517
39,OnlineFPCA-sgd,0.1,5800,100,face,3,5,0.103965520858765,4,2,0.2130366978413042,0.09594989616754418,0.21982260380443286,0.07769458136537846,0.11705193600402822,0.2693891156387926
39,OnlineFPCA-sgd,0.1,5900,100,face,3,5,0.115241289138794,4,2,0.31776882033134046,0.18608651865110523,0.27465083179303285,0.07142614749442101,0.1135588309507298,0.26307174385347215
39,OnlineFPCA-sgd,0.1,6000,100,face,3,5,0.108119249343872,4,2,0.16624893234678303,0.18270679569056839,0.1834996037861783,0.06732651500993415,0.10843986923284427,0.2577026718849469
39,OnlineFPCA-sgd,0.1,6100,100,face,3,5,0.109188079833984,4,2,0.10744880775081114,0.1586270385072844,0.21501734894677374,0.0632994088482739,0.1056183086177178,0.24975152097729397
39,OnlineFPCA-sgd,0.1,6200,100,face,3,5,0.112844705581665,4,2,0.2696466824748526,0.23478522794383228,0.22086725587083672,0.05849082225485659,0.10306254580441235,0.24251224902465537
39,OnlineFPCA-sgd,0.1,6300,100,face,3,5,0.106367588043213,4,2,0.24266088373409928,0.19957497245614764,0.22146239546755955,0.053449774392581605,0.10671314536581814,0.23643416240922943
39,OnlineFPCA-sgd,0.1,6400,100,face,3,5,0.11766529083252,4,2,0.2133870852087627,0.1382203423880056,0.21308998314765695,0.051172605869263,0.10518571616942822,0.22920973101417452
39,OnlineFPCA-sgd,0.1,6500,100,face,3,5,0.111238956451416,4,2,0.14437993761151915,0.2015675118147672,0.21504364344488397,0.04929349990691518,0.10174626945195514,0.22491216543665532
39,OnlineFPCA-sgd,0.1,6600,100,face,3,5,0.105820655822754,4,2,0.13037980945613956,0.1395489171700964,0.224596869165677,0.04632251653896315,0.10209354294879759,0.21985599838305528
39,OnlineFPCA-sgd,0.1,6700,100,face,3,5,0.100753307342529,4,2,0.18667882380828557,0.11442659219594555,0.1998744603718952,0.04530458827877826,0.0994582098205664,0.2145493767983132
39,OnlineFPCA-sgd,0.1,6800,100,face,3,5,0.107220888137817,4,2,0.14458860519235167,0.21810474252188214,0.20068558059125377,0.04268281752371778,0.0956021753472,0.2090158865164189
39,OnlineFPCA-sgd,0.1,6900,100,face,3,5,0.103660345077515,4,2,0.27096764123746947,0.15240136176131489,0.24603287905361582,0.04334525999846389,0.09295876594301766,0.20487228639513147
39,OnlineFPCA-sgd,0.1,7000,100,face,3,5,0.112697124481201,4,2,0.1208206021366459,0.14391323290313396,0.1786076556013157,0.044180387671843444,0.09204253167435414,0.20104549101639396
39,OnlineFPCA-sgd,0.1,7100,100,face,3,5,0.0984885692596436,4,2,0.22039843005172918,0.1328222473737701,0.17695961513739597,0.04448327026173932,0.09119734443210144,0.19710567815499608
39,OnlineFPCA-sgd,0.1,7200,100,face,3,5,0.108162641525269,4,2,0.24310313428879077,0.20836975615400374,0.2413591512747118,0.043695359822760044,0.0890766572232468,0.1929847332037539
39,OnlineFPCA-sgd,0.1,7300,100,face,3,5,0.104578495025635,4,2,0.3043956227493145,0.199007564579637,0.26923123208555794,0.04491192026665223,0.08608938250965749,0.19058436308890495
39,OnlineFPCA-sgd,0.1,7400,100,face,3,5,0.110750436782837,4,2,0.29817603974407114,0.20909433511952014,0.3317564941086587,0.0439491987000375,0.08410369902047546,0.18888133702348747
39,OnlineFPCA-sgd,0.1,7500,100,face,3,5,0.115270853042603,4,2,0.11788161883027959,0.15994337491780797,0.3437890876115175,0.04371191901314157,0.08046670512968378,0.18898818166305337
39,OnlineFPCA-sgd,0.1,7600,100,face,3,5,0.115832805633545,4,2,0.16480682227265203,0.16272794883839609,0.3191407077813216,0.043949928396703204,0.07851849713894433,0.188882294848338
39,OnlineFPCA-sgd,0.1,7700,100,face,3,5,0.111896514892578,4,2,0.19819357595817014,0.15109872093287163,0.26732088521123326,0.04388485939483142,0.07796258423058736,0.1887122098732238
39,OnlineFPCA-sgd,0.1,7800,100,face,3,5,0.103579044342041,4,2,0.19805233855901133,0.19487598196078748,0.33705719093976644,0.04270490372472877,0.0789222141831823,0.18945687200375783
39,OnlineFPCA-sgd,0.1,7900,100,face,3,5,0.105047464370728,4,2,0.17969605585386375,0.1454829076069961,0.25370210337425675,0.0400754483008277,0.07790433919957261,0.1897906255636686
39,OnlineFPCA-sgd,0.1,8000,100,face,3,5,0.118026494979858,4,2,0.14664821646737536,0.1417969885754373,0.22551875340226427,0.03754493301916853,0.0759077543605594,0.18936170405434727
39,OnlineFPCA-sgd,0.1,8100,100,face,3,5,0.108487367630005,4,2,0.17989351228781755,0.16172669173544243,0.2701174313706997,0.03631811086638094,0.07375434197269704,0.1888695341759059
39,OnlineFPCA-sgd,0.1,8200,100,face,3,5,0.107539176940918,4,2,0.08322294191617227,0.20100070045098967,0.31518779772017247,0.03515401187136145,0.07273892751766727,0.19061507338680522
39,OnlineFPCA-sgd,0.1,8300,100,face,3,5,0.100901126861572,4,2,0.16299571278392233,0.2486988378539836,0.358377696728384,0.03407114516289168,0.0713706665860503,0.19316517589376495
39,OnlineFPCA-sgd,0.1,8400,100,face,3,5,0.101566076278687,4,2,0.17057410385493693,0.2377535605537546,0.3190443120324082,0.034544897465081895,0.07031311353979731,0.1952588173945399
39,OnlineFPCA-sgd,0.1,8500,100,face,3,5,0.104178428649902,4,2,0.11938774890358601,0.20276976211158415,0.2838078585874695,0.033094579500671,0.06905192180611038,0.19667672713917603
39,OnlineFPCA-sgd,0.1,8600,100,face,3,5,0.10510778427124,4,2,0.1277804590644073,0.1824475373833089,0.2915225064557189,0.03252337091835237,0.06793405708874671,0.19905021126516242
39,OnlineFPCA-sgd,0.1,8700,100,face,3,5,0.104912757873535,4,2,0.240610911381913,0.15635887197688147,0.3111593384427453,0.03418877912095839,0.0664629624952529,0.20086573833534
39,OnlineFPCA-sgd,0.1,8800,100,face,3,5,0.101486206054688,4,2,0.2862685802253104,0.20145564403864713,0.19896199859958813,0.035229364928478356,0.06567160861901639,0.2009564932867757
39,OnlineFPCA-sgd,0.1,8900,100,face,3,5,0.116697311401367,4,2,0.2316567416725415,0.20969488604746622,0.1894621105861515,0.03474618114544323,0.06543388594807853,0.19987896781236097
39,OnlineFPCA-sgd,0.1,9000,100,face,3,5,0.125913143157959,4,2,0.2093633135003285,0.20076627903660482,0.18296236955654474,0.03331284912055988,0.06563162242267304,0.197894015434336
39,OnlineFPCA-sgd,0.1,9100,100,face,3,5,0.127450227737427,4,2,0.12096889749309772,0.34865290392457216,0.1844436968629691,0.03323186337444476,0.06637260008362653,0.19482013998593953
39,OnlineFPCA-sgd,0.1,9200,100,face,3,5,0.125287055969238,4,2,0.12752183192737843,0.24506157887709212,0.20465696972107267,0.033303724337488544,0.06762270275028978,0.19156861336618441
39,OnlineFPCA-sgd,0.1,9300,100,face,3,5,0.133749008178711,4,2,0.17003766233776885,0.10218038095049171,0.2715281404403188,0.03249976402494729,0.06852739021670425,0.18886097910884536
39,OnlineFPCA-sgd,0.1,9400,100,face,3,5,0.131584882736206,4,2,0.22234735793902677,0.10374645543112794,0.2382894006656249,0.03212207451772144,0.06823559293880757,0.18750029978052052
39,OnlineFPCA-sgd,0.1,9500,100,face,3,5,0.122976779937744,4,2,0.19087270790327154,0.20334807555305962,0.1624279677543287,0.032007849594208077,0.06886545042441598,0.18638834977252217
39,OnlineFPCA-sgd,0.1,9600,100,face,3,5,0.124498128890991,4,2,0.23330245701367075,0.18183927594965557,0.15930094971942604,0.03352476786714908,0.06957730103078007,0.18505434636753829
39,OnlineFPCA-sgd,0.1,9700,100,face,3,5,0.117855548858643,4,2,0.12047288816368963,0.1652742072887631,0.15463053532168802,0.035268440430587654,0.06976526789101868,0.18376600970985796
39,OnlineFPCA-sgd,0.1,9800,100,face,3,5,0.125070810317993,4,2,0.130088788122801,0.18662762926407955,0.2813591122539675,0.03599224641859679,0.06986120755625022,0.18359873581567035
39,OnlineFPCA-sgd,0.1,9900,100,face,3,5,0.124689817428589,4,2,0.1632585035718686,0.14699521319022862,0.3154360645716333,0.03644936834515809,0.0703408287437029,0.18536118750423278
39,OnlineFPCA-sgd,0.1,10000,100,face,3,5,0.125970125198364,4,2,0.14967995010647078,0.246399344824612,0.3492972339262959,0.03651789752067322,0.07101124457451316,0.18756280395044536
39,OnlineFPCA-sgd,0.1,10100,100,face,3,5,0.12389612197876,4,2,0.2455125264852946,0.17902920427100047,0.3842849929099225,0.03696452251213896,0.0719283149163483,0.18990654030933943
39,OnlineFPCA-sgd,0.1,10200,100,face,3,5,0.124656915664673,4,2,0.17611340106746706,0.1378297666248236,0.2348293418622244,0.037105591656103616,0.0710812934819134,0.19099310137876904
39,OnlineFPCA-sgd,0.1,10300,100,face,3,5,0.126754283905029,4,2,0.15290334213615622,0.19308180581680834,0.23695867746078747,0.037363790975105865,0.07046518391138736,0.191263165488302
39,OnlineFPCA-sgd,0.1,10400,100,face,3,5,0.128274917602539,4,2,0.15740767438584935,0.1915414095165886,0.28884606927426837,0.037447903972625436,0.07063251571123956,0.19179054227038697
39,OnlineFPCA-sgd,0.1,10500,100,face,3,5,0.122413158416748,4,2,0.16827429665088212,0.26355463235610754,0.2930678177075515,0.037397138654238764,0.07157745107374076,0.1926848483457382
39,OnlineFPCA-sgd,0.1,10600,100,face,3,5,0.128587245941162,4,2,0.15005127760369052,0.17233247347336642,0.21171087819888101,0.03680823749951017,0.07234045916674398,0.19305424476697233
39,OnlineFPCA-sgd,0.1,10700,100,face,3,5,0.120770931243896,4,2,0.30274463377994787,0.15037958414622563,0.2744908843837143,0.03696532987575579,0.0731576488581478,0.19367461975024905
39,OnlineFPCA-sgd,0.1,10800,100,face,3,5,0.119282484054565,4,2,0.1896893161856237,0.11108766281729239,0.182222066138934,0.03737279562428234,0.07381098419442154,0.19368917659083704
39,OnlineFPCA-sgd,0.1,10900,100,face,3,5,0.126163482666016,4,2,0.2621184535388326,0.1698315533894405,0.22952505148149788,0.03675500654622721,0.07378785092235322,0.1928153087906777
39,OnlineFPCA-sgd,0.1,11000,100,face,3,5,0.124459028244019,4,2,0.13113863543065563,0.16986199752852799,0.16118404847669104,0.03649266822174635,0.07335319691864481,0.191960033529124
39,OnlineFPCA-sgd,0.1,11100,100,face,3,5,0.138150453567505,4,2,0.08742501063149702,0.13774015927614963,0.18113568127258048,0.03589303144735644,0.07302888719067714,0.1906008903630985
39,OnlineFPCA-sgd,0.1,11200,100,face,3,5,0.127127170562744,4,2,0.239596640324407,0.20560697456392474,0.181371588811901,0.03556939659269544,0.072674748361178,0.18941512889074627
39,OnlineFPCA-sgd,0.1,11300,100,face,3,5,0.125959157943726,4,2,0.21534223639156572,0.1825753361338316,0.17746408650866266,0.03500042685012744,0.07343937542746465,0.1881925209954153
39,OnlineFPCA-sgd,0.1,11400,100,face,3,5,0.130837202072144,4,2,0.1848399355643529,0.13980380209431417,0.17532524779609202,0.0344332655153851,0.07305044658611354,0.18671417664537232
39,OnlineFPCA-sgd,0.1,11500,100,face,3,5,0.131702423095703,4,2,0.10098966544694042,0.15611617973398545,0.17590504510904484,0.03415358178625058,0.07242988819391746,0.18571740270608708
39,OnlineFPCA-sgd,0.1,11600,100,face,3,5,0.129784822463989,4,2,0.08430118558634155,0.11726509078869059,0.18034501304570694,0.03358115586760486,0.07277127912628562,0.18441545815009833
39,OnlineFPCA-sgd,0.1,11700,100,face,3,5,0.139179944992065,4,2,0.13334785303012947,0.1106863651670211,0.16769400606131604,0.033818722834168605,0.0725090717999373,0.18293393449458045
39,OnlineFPCA-sgd,0.1,11800,100,face,3,5,0.132389783859253,4,2,0.12444835980221354,0.17935295952111294,0.16601400943288805,0.033446744695994145,0.07177808304855568,0.1817026533379626
39,OnlineFPCA-sgd,0.1,11900,100,face,3,5,0.12986421585083,4,2,0.22511248669172026,0.10380335036710146,0.20987818443445916,0.033714461763926284,0.07103737447329932,0.18103194813693713
39,OnlineFPCA-sgd,0.1,12000,100,face,3,5,0.123205423355103,4,2,0.10202007211395897,0.10218021979929769,0.14813699504912714,0.033882851389839735,0.0708443972938024,0.18042152857062863
39,OnlineFPCA-sgd,0.1,12100,100,face,3,5,0.129477262496948,4,2,0.17360399697237122,0.09997426228624573,0.1379311909909017,0.03397637508570224,0.07072895374636604,0.17941883829607597
39,OnlineFPCA-sgd,0.1,12200,100,face,3,5,0.13074779510498,4,2,0.19788220457027825,0.1610540230569675,0.21073540440777375,0.033900483539149324,0.07032803302512226,0.1785533031826101
39,OnlineFPCA-sgd,0.1,12300,100,face,3,5,0.118390560150146,4,2,0.2396315800992556,0.15680702274446634,0.23192325547571044,0.03464289815094295,0.06975621054163869,0.17840297033667987
39,OnlineFPCA-sgd,0.1,12400,100,face,3,5,0.131004810333252,4,2,0.2680155040535983,0.171141658979192,0.2823374111782962,0.03458420667746897,0.06930349669345807,0.1784741230456594
39,OnlineFPCA-sgd,0.1,12500,100,face,3,5,0.124313592910767,4,2,0.10218178496707314,0.12797725984664263,0.29554730358043324,0.03467410474875074,0.06829944670125564,0.17911473394789046
39,OnlineFPCA-sgd,0.1,12600,100,face,3,5,0.137761116027832,4,2,0.1265783467217705,0.12429817995137003,0.28599382554841235,0.03464223551450288,0.06750391403549197,0.1796257861987789
39,OnlineFPCA-sgd,0.1,12700,100,face,3,5,0.125497341156006,4,2,0.17725865072584682,0.12156036048440627,0.2450775577457318,0.034492044017036746,0.06705128416164202,0.18001199419973926
39,OnlineFPCA-sgd,0.1,12800,100,face,3,5,0.123449563980103,4,2,0.19591854044887727,0.15543907172411234,0.30322974440659817,0.03391035680476733,0.06722042243130046,0.1806501749002178
39,OnlineFPCA-sgd,0.1,12900,100,face,3,5,0.125378608703613,4,2,0.15949913739485547,0.11451763549257815,0.23503495108430517,0.032860737583011806,0.0669264084235596,0.18099036834793902
39,OnlineFPCA-sgd,0.1,13000,100,face,3,5,0.129099369049072,4,2,0.10754266368939007,0.11463555708324356,0.2110511234959551,0.03192565754424324,0.06631820506305422,0.18092323633402538
39,OnlineFPCA-sgd,0.1,13100,100,face,3,5,0.122310638427734,4,2,0.1574652995042689,0.13868329026350998,0.23798726788559768,0.03147905496450352,0.06559910643371551,0.18078339688728118
39,OnlineFPCA-sgd,0.1,13200,100,face,3,5,0.134928941726685,4,2,0.07908182600598768,0.1610792182590245,0.2764762841716144,0.031140019843975273,0.06526473721802072,0.1813081361959036
39,OnlineFPCA-sgd,0.1,13300,100,face,3,5,0.125629901885986,4,2,0.1400008188957243,0.20959059119980497,0.3220043605956001,0.030917120931585385,0.06470785343733178,0.18214372816740756
39,OnlineFPCA-sgd,0.1,13400,100,face,3,5,0.131399631500244,4,2,0.149347295226362,0.20530715177029174,0.2949129129817761,0.03147067598656766,0.06418288007359513,0.1829133234950987
39,OnlineFPCA-sgd,0.1,13500,100,face,3,5,0.135065793991089,4,2,0.11395780245027644,0.16911751076507242,0.27427830264247754,0.031191680061633937,0.06355863219812417,0.18356212706860697
39,OnlineFPCA-sgd,0.1,13600,100,face,3,5,0.12133264541626,4,2,0.11951613661281874,0.1583466252280581,0.2696099731596589,0.031145219304294376,0.06297412906609946,0.18452149750326066
39,OnlineFPCA-sgd,0.1,13700,100,face,3,5,0.126720190048218,4,2,0.2148065689465498,0.13679780503339375,0.3033722579191228,0.03184328788954305,0.062161821089782375,0.18538244727733655
39,OnlineFPCA-sgd,0.1,13800,100,face,3,5,0.133557319641113,4,2,0.2543604441621053,0.1538194653544353,0.20614940140900878,0.03238396351636123,0.06164207136385416,0.1857162188534352
39,OnlineFPCA-sgd,0.1,13900,100,face,3,5,0.125918626785278,4,2,0.19966677885512038,0.17339503360850161,0.18694762486037497,0.03241737568261754,0.06140194072945204,0.18555901936562585
39,OnlineFPCA-sgd,0.1,14000,100,face,3,5,0.138620376586914,4,2,0.18135330905347016,0.17427943045126176,0.17218154940369607,0.03195829084623493,0.06143532518708123,0.1850021780170162
39,OnlineFPCA-sgd,0.1,14100,100,face,3,5,0.132528305053711,4,2,0.11317662074274662,0.3120122266933987,0.1640226388773035,0.031991919802792444,0.061736464567987565,0.18398391731381436
39,OnlineFPCA-sgd,0.1,14200,100,face,3,5,0.129420280456543,4,2,0.11467751204324296,0.2379069511930245,0.18449976436644586,0.03203434567975732,0.06222068215745821,0.18283172383283455
39,OnlineFPCA-sgd,0.1,14300,100,face,3,5,0.123283386230469,4,2,0.13049134637767426,0.07322180017678268,0.2435221735300718,0.03165852360299808,0.06253821106844729,0.1818226763327873
39,OnlineFPCA-sgd,0.1,14400,100,face,3,5,0.127809524536133,4,2,0.19147084952685212,0.09634570230071769,0.21349520317098905,0.0314306873645464,0.06236613221994,0.1813530854959302
39,OnlineFPCA-sgd,0.1,14500,100,face,3,5,0.128558397293091,4,2,0.15898649517389452,0.17253766051390781,0.16256098049080364,0.03138914016673114,0.06269775355318355,0.1809629632724796
39,OnlineFPCA-sgd,0.1,14600,100,face,3,5,0.129159688949585,4,2,0.20682366873654298,0.1691429486163943,0.15262746992627438,0.032106416616090656,0.06314506044984648,0.18036951887644592
39,OnlineFPCA-sgd,0.1,14700,100,face,3,5,0.128759622573853,4,2,0.11871537638599115,0.15719034485876734,0.15097756429784132,0.03301084065111827,0.06336272213268396,0.17976181484047524
39,OnlineFPCA-sgd,0.1,14800,100,face,3,5,0.125998258590698,4,2,0.11641633791384011,0.17735707921201677,0.24967207593671265,0.03343124749244047,0.06347049378622452,0.17958361664389294
39,OnlineFPCA-sgd,0.1,14900,100,face,3,5,0.130824089050293,4,2,0.13686598755717796,0.12720484455574696,0.27609367426613374,0.0337005272719229,0.06378058086274695,0.18027729863945707
39,OnlineFPCA-sgd,0.1,15000,100,face,3,5,0.130697727203369,4,2,0.12515346454704385,0.21782735725530367,0.30359427671510836,0.03373719491210413,0.06415752343956382,0.18117074371624914
39,OnlineFPCA-sgd,0.1,0,100,face,3,5,6.4053201675415,6,1,0.13571165624240533,0.1863838381641178,0.3520904473894682,0.13571165624240533,0.1863838381641178,0.3520904473894682
39,OnlineFPCA-sgd,0.1,100,100,face,3,5,0.451727628707886,6,1,0.85486913222438,0.65817122124285,0.68002899040734,NA,NA,NA
39,OnlineFPCA-sgd,0.1,200,100,face,3,5,0.448809862136841,6,1,0.849254318386709,1.482248812249437,0.3298131034279352,NA,NA,NA
39,OnlineFPCA-sgd,0.1,300,100,face,3,5,0.457351207733154,6,1,0.7344961809215267,0.9959774129159469,0.9811388960168321,NA,NA,NA
39,OnlineFPCA-sgd,0.1,400,100,face,3,5,0.430853843688965,6,1,0.43857738629478465,0.6618271697363443,0.9347013079135341,NA,NA,NA
39,OnlineFPCA-sgd,0.1,500,100,face,3,5,0.450002193450928,6,1,0.733274720460365,0.58084729326707,1.0146199012957513,NA,NA,NA
39,OnlineFPCA-sgd,0.1,600,100,face,3,5,0.426542520523071,6,1,0.5974015534059587,0.5794532156285964,1.0243776945214336,NA,NA,NA
39,OnlineFPCA-sgd,0.1,700,100,face,3,5,0.420271635055542,6,1,0.5649140230902358,0.5735676469605764,1.023309279525686,NA,NA,NA
39,OnlineFPCA-sgd,0.1,800,100,face,3,5,0.445196390151978,6,1,0.5318962725532045,0.5617884283523269,1.0213032909370063,NA,NA,NA
39,OnlineFPCA-sgd,0.1,900,100,face,3,5,0.411571741104126,6,1,0.4799004339349261,0.5476491582208738,1.0190086843266437,NA,NA,NA
39,OnlineFPCA-sgd,0.1,1000,100,face,3,5,0.426565885543823,6,1,0.428939747886399,0.5306784355874576,1.0180515183379593,NA,NA,NA
39,OnlineFPCA-sgd,0.1,1100,100,face,3,5,0.637679576873779,6,1,0.1583506879368965,0.4937687008454148,0.8618556441178062,0.20282853933679162,0.500700872517695,0.941134841764263
39,OnlineFPCA-sgd,0.1,1200,100,face,3,5,0.62541675567627,6,1,0.20784931000476523,0.4511827088500352,0.7927666411569331,0.16705617835151768,0.47961148470713993,0.8856507605662755
39,OnlineFPCA-sgd,0.1,1300,100,face,3,5,0.639041662216187,6,1,0.19145885740245674,0.49258801958969695,0.6822217723296627,0.141848047273578,0.47582823776445904,0.8321301433999354
39,OnlineFPCA-sgd,0.1,1400,100,face,3,5,0.616560697555542,6,1,0.18870840587083168,0.5065979608205627,0.5662712994532725,0.1314059025347554,0.47847518275676976,0.7707182034213563
39,OnlineFPCA-sgd,0.1,1500,100,face,3,5,0.621503353118896,6,1,0.08730733624362474,0.4903543856832367,0.5446920844446245,0.11213857205282496,0.4779327704675011,0.7169758213304523
39,OnlineFPCA-sgd,0.1,1600,100,face,3,5,0.610888004302979,6,1,0.029567311215324663,0.47742996154444306,0.5361154758826808,0.09304617108647324,0.47673268018008463,0.6802195259771917
39,OnlineFPCA-sgd,0.1,1700,100,face,3,5,0.617395162582397,6,1,0.037006250304049124,0.4770073488546497,0.5301693103040475,0.07924130273534101,0.47588003333381923,0.6543070480614915
39,OnlineFPCA-sgd,0.1,1800,100,face,3,5,0.768301248550415,6,1,0.03011289540105851,0.474981248487205,0.5198991334262594,0.06944549262091491,0.47532287481733126,0.6340194572776631
39,OnlineFPCA-sgd,0.1,1900,100,face,3,5,0.616293668746948,6,1,0.04785917227654562,0.4753477538413985,0.5180444325156991,0.0630381803535983,0.4748794827457065,0.6179857954942577
39,OnlineFPCA-sgd,0.1,2000,100,face,3,5,0.618767023086548,6,1,0.04766847250153393,0.4733696724891511,0.5188811548569838,0.059354518916127794,0.4744495254660488,0.6051166617851442
39,OnlineFPCA-sgd,0.1,2100,100,face,3,5,0.595288991928101,6,1,0.3213951098165137,0.4196811693782706,0.4237479583277174,0.05428464824944434,0.47168684411098766,0.5867694408478965
39,OnlineFPCA-sgd,0.1,2200,100,face,3,5,0.611399412155151,6,1,0.24129972657843313,0.44097023265452306,0.5104117392757548,0.04338333481736938,0.4648135881737794,0.55974792938823
39,OnlineFPCA-sgd,0.1,2300,100,face,3,5,0.608923673629761,6,1,0.3175726858526468,0.48039359605626475,0.5110682778723505,0.03933650922826179,0.45464139098959433,0.5287729119315755
39,OnlineFPCA-sgd,0.1,2400,100,face,3,5,0.644572734832764,6,1,0.37206449845851636,0.4645228090097045,0.530124977692199,0.036179782658190864,0.44876366497619874,0.5033673089049341
39,OnlineFPCA-sgd,0.1,2500,100,face,3,5,0.630405902862549,6,1,0.2110221018319246,0.42766357484047773,0.5372850527742287,0.033360410608131025,0.44416880955439225,0.48224981682496626
39,OnlineFPCA-sgd,0.1,2600,100,face,3,5,0.634436130523682,6,1,0.26827054819474433,0.4333353978481088,0.49657553967459983,0.03624714747036112,0.44169898629366844,0.46848564723335784
39,OnlineFPCA-sgd,0.1,2700,100,face,3,5,0.61039924621582,6,1,0.2726406529817894,0.4300216430889859,0.4338579847752653,0.03780578179451581,0.4387512358445602,0.45992465769792823
39,OnlineFPCA-sgd,0.1,2800,100,face,3,5,0.621599197387695,6,1,0.23198047420406753,0.4143022233416272,0.4146796807144134,0.037017918694659126,0.433764989364568,0.45131188584424803
39,OnlineFPCA-sgd,0.1,2900,100,face,3,5,0.620616674423218,6,1,0.20506266598544842,0.3393427410404731,0.3347856294778183,0.0319657185794021,0.42696437921272123,0.44263206797147014
39,OnlineFPCA-sgd,0.1,3000,100,face,3,5,0.598881721496582,6,1,0.20716228347502796,0.3293042676889428,0.3403626910632799,0.02638321956800709,0.42047590172959143,0.4361104063588197
39,OnlineFPCA-sgd,0.1,3100,100,face,3,5,0.615859270095825,6,1,0.2153320389127611,0.33562205582355287,0.38806167383465906,0.023525393577970916,0.41319563105500395,0.42974878402546063
39,OnlineFPCA-sgd,0.1,3200,100,face,3,5,0.613575458526611,6,1,0.13519116117929558,0.41921265533151547,0.3741706808368949,0.0189341623556247,0.4074659731337955,0.425924146234457
39,OnlineFPCA-sgd,0.1,3300,100,face,3,5,0.615180730819702,6,1,0.20275559176643776,0.4444691520316234,0.43140821005834673,0.01637373756831517,0.4035287651552829,0.4245067877837417
39,OnlineFPCA-sgd,0.1,3400,100,face,3,5,0.623260736465454,6,1,0.2252039383626495,0.40183676193946427,0.38758209262313814,0.017089295023619805,0.40007437416340075,0.42264299370237524
39,OnlineFPCA-sgd,0.1,3500,100,face,3,5,0.631283044815063,6,1,0.12362534070744166,0.3904572935949783,0.3117231914068539,0.015433267047667313,0.3969210628127396,0.41893246716950644
39,OnlineFPCA-sgd,0.1,3600,100,face,3,5,0.618166923522949,6,1,0.141693895317264,0.3393886554572147,0.3673373560777797,0.01646927961341253,0.3931216229211771,0.41665998426462336
39,OnlineFPCA-sgd,0.1,3700,100,face,3,5,0.627353191375732,6,1,0.27653849774198913,0.29912565155284754,0.3380956344273002,0.0202963985389097,0.38742650739577394,0.4120339547038404
39,OnlineFPCA-sgd,0.1,3800,100,face,3,5,0.597806930541992,6,1,0.4260750009008442,0.42428591660216636,0.31940936980043955,0.024421252903310188,0.3819464562243701,0.4050073674922401
39,OnlineFPCA-sgd,0.1,3900,100,face,3,5,0.678081750869751,6,1,0.29059718689456226,0.3607304585476019,0.30322031917584,0.026875838821517985,0.3776809928586423,0.39744075519958644
39,OnlineFPCA-sgd,0.1,4000,100,face,3,5,0.614042282104492,6,1,0.027097157662205815,0.3716924052580621,0.3884891428266155,0.027097157662205815,0.3716924052580621,0.3884891428266155
39,OnlineFPCA-sgd,0.1,4100,100,face,3,5,0.772059679031372,6,1,0.13263894143110222,0.4828279454494131,0.32129872537836685,0.11213646712568981,0.4016780809578995,0.36466294219804235
39,OnlineFPCA-sgd,0.1,4200,100,face,3,5,0.608931064605713,6,1,0.203179929586425,0.37987439744130314,0.34589858539765567,0.09781007398640376,0.4016436787409249,0.33827839741589877
39,OnlineFPCA-sgd,0.1,4300,100,face,3,5,0.639986515045166,6,1,0.24953113956858536,0.32335929723611856,0.38303766152922575,0.06933334626081888,0.37426042957925326,0.3416977650215114
39,OnlineFPCA-sgd,0.1,4400,100,face,3,5,0.597495555877686,6,1,0.3138633539441682,0.25040030292638327,0.3651523595865862,0.056524958177127445,0.3383940814100584,0.3392374948512186
39,OnlineFPCA-sgd,0.1,4500,100,face,3,5,0.608186006546021,6,1,0.2825977210320762,0.32293858573270773,0.2596637516480398,0.041270728971137004,0.3198951183049564,0.3243705273411524
39,OnlineFPCA-sgd,0.1,4600,100,face,3,5,0.616607427597046,6,1,0.3076170454249275,0.27618973498329275,0.3145458718822089,0.0530984852786387,0.3013614453920239,0.31307401272986846
39,OnlineFPCA-sgd,0.1,4700,100,face,3,5,0.611595630645752,6,1,0.14679649196166666,0.274563486625533,0.2853174813555021,0.06606855154807437,0.28147926871661016,0.29963139070057915
39,OnlineFPCA-sgd,0.1,4800,100,face,3,5,0.609815835952759,6,1,0.17615210203053797,0.2762987062618615,0.42455341859919443,0.06559610452136075,0.2700112121183818,0.29518071572060656
39,OnlineFPCA-sgd,0.1,4900,100,face,3,5,0.618114471435547,6,1,0.24572271544152635,0.23791112785767699,0.4686300457149135,0.06853846628133735,0.2608973342016364,0.29691945063099773
39,OnlineFPCA-sgd,0.1,5000,100,face,3,5,0.642129182815552,6,1,0.21369761540653162,0.3174817133414791,0.5210584119736629,0.07081665525617153,0.25337595579768907,0.30044346296874336
39,OnlineFPCA-sgd,0.1,5100,100,face,3,5,0.123347282409668,6,1,0.35376619599282805,0.19000436134340978,0.5686704879123022,0.07838370887503268,0.24589130832207043,0.3080811664654226
39,OnlineFPCA-sgd,0.1,5200,100,face,3,5,0.12441086769104,6,1,0.2314222796201929,0.16647299852150724,0.2838608350272599,0.07968720127951488,0.22923479638683408,0.30509738305036005
39,OnlineFPCA-sgd,0.1,5300,100,face,3,5,0.121352910995483,6,1,0.18771759721228304,0.20167318477059323,0.2907429081590883,0.08330854774697553,0.2165136473848987,0.2975950840997044
39,OnlineFPCA-sgd,0.1,5400,100,face,3,5,0.123867988586426,6,1,0.17368090787970583,0.214178210075047,0.3648032990026651,0.08467483101599169,0.20709364128066898,0.2939085327014858
39,OnlineFPCA-sgd,0.1,5500,100,face,3,5,0.130710363388062,6,1,0.21772363182331952,0.2960593843983353,0.3659547738642347,0.0839523094553387,0.20217639164275317,0.29428598180806576
39,OnlineFPCA-sgd,0.1,5600,100,face,3,5,0.129314422607422,6,1,0.16743253085793666,0.2084076285062478,0.22109045591334028,0.08275572718377303,0.1971686831474479,0.2908348280784924
39,OnlineFPCA-sgd,0.1,5700,100,face,3,5,0.127481698989868,6,1,0.35736186416786325,0.15081028354987075,0.31671705710540937,0.08196062596914669,0.19204022932609238,0.28805426491502123
39,OnlineFPCA-sgd,0.1,5800,100,face,3,5,0.130095958709717,6,1,0.2250323827195892,0.07596242868749392,0.2332788216171859,0.0801787850624371,0.18642959893210978,0.2827950114671664
39,OnlineFPCA-sgd,0.1,5900,100,face,3,5,0.133026123046875,6,1,0.3341415458236241,0.1904859923742557,0.2816396080688356,0.07352219037318178,0.17811858360525046,0.2746968302114548
39,OnlineFPCA-sgd,0.1,6000,100,face,3,5,0.126312494277954,6,1,0.17675205550108655,0.18688422678492314,0.1832115634389309,0.06902453538445223,0.17073291744925645,0.2681320733210118
39,OnlineFPCA-sgd,0.1,6100,100,face,3,5,0.127213716506958,6,1,0.11597800240172934,0.15835961587579542,0.2264953897387035,0.06460970166942542,0.16504872647521507,0.2594513526953725
39,OnlineFPCA-sgd,0.1,6200,100,face,3,5,0.125003099441528,6,1,0.283187162004091,0.24436257825779953,0.23378524110781237,0.05947387974051309,0.16096125707314596,0.25263088499321074
39,OnlineFPCA-sgd,0.1,6300,100,face,3,5,0.127208232879639,6,1,0.25518059192109543,0.2103043779891197,0.24487416750665278,0.05399158363802652,0.1620571912927083,0.24737251262483742
39,OnlineFPCA-sgd,0.1,6400,100,face,3,5,0.129199743270874,6,1,0.22484027561960107,0.14414348868165128,0.23358915995766144,0.0515581080320673,0.15965195232013885,0.24154164205283235
39,OnlineFPCA-sgd,0.1,6500,100,face,3,5,0.119706392288208,6,1,0.1573608294994235,0.2254239454284203,0.23047975959125014,0.04962660927401617,0.15476264500953674,0.23813754917407304
39,OnlineFPCA-sgd,0.1,6600,100,face,3,5,0.127679824829102,6,1,0.15715913636195192,0.1584224954071577,0.2408099745507872,0.04657509638160495,0.15342232819155602,0.23372494615364608
39,OnlineFPCA-sgd,0.1,6700,100,face,3,5,0.12670373916626,6,1,0.21008659546234595,0.13058588192761902,0.21174196570797693,0.04560659082874585,0.1499958665731376,0.22905131252110905
39,OnlineFPCA-sgd,0.1,6800,100,face,3,5,0.132012605667114,6,1,0.15210785851650507,0.24023639769857907,0.2132993838978131,0.04320515369108,0.14604572404313051,0.22393411085449313
39,OnlineFPCA-sgd,0.1,6900,100,face,3,5,0.135595560073853,6,1,0.2881383303743192,0.18274991164040344,0.26594401884364394,0.04404587814741849,0.14351246943480142,0.21963688406720075
39,OnlineFPCA-sgd,0.1,7000,100,face,3,5,0.12693452835083,6,1,0.12934809033514275,0.1747924043619353,0.20198613119112407,0.04508006527975882,0.14254631228856626,0.21586347614399518
39,OnlineFPCA-sgd,0.1,7100,100,face,3,5,0.131608247756958,6,1,0.2452172446367394,0.15630502453640882,0.20409559959724852,0.04526451487024353,0.1416777231924942,0.2122085192461861
39,OnlineFPCA-sgd,0.1,7200,100,face,3,5,0.138328790664673,6,1,0.26069159450469526,0.23372693727290011,0.258497160283458,0.04455946027404059,0.13995603501220272,0.20855858961990378
39,OnlineFPCA-sgd,0.1,7300,100,face,3,5,0.124237775802612,6,1,0.32775684664852145,0.22628017971416306,0.2923924577290634,0.04577813941728602,0.1365993109595859,0.20637685102207576
39,OnlineFPCA-sgd,0.1,7400,100,face,3,5,0.130266427993774,6,1,0.3108264912801539,0.23363698667178903,0.35627749446455664,0.04477454942107323,0.13444752186701195,0.20468717726752025
39,OnlineFPCA-sgd,0.1,7500,100,face,3,5,0.128753423690796,6,1,0.12449153959170879,0.18268082964529445,0.36537588411520144,0.044338604973969076,0.13117510321923564,0.204856485146893
39,OnlineFPCA-sgd,0.1,7600,100,face,3,5,0.131255388259888,6,1,0.18241977312476848,0.18617359291684765,0.3347699518379498,0.04467956483078896,0.12932518499946813,0.20469284048674663
39,OnlineFPCA-sgd,0.1,7700,100,face,3,5,0.133551120758057,6,1,0.20808846219757335,0.17401398116380729,0.27576269159146194,0.04460882638086462,0.12853726061838083,0.20454820708244062
39,OnlineFPCA-sgd,0.1,7800,100,face,3,5,0.126776695251465,6,1,0.19840307515322195,0.217439850602223,0.34750942223355963,0.043380832724838655,0.1285393006818101,0.20512172070828208
39,OnlineFPCA-sgd,0.1,7900,100,face,3,5,0.128284931182861,6,1,0.18619923735457286,0.16340759438250615,0.2538873471471337,0.040611582926872065,0.1270025954794183,0.2052039390554368
39,OnlineFPCA-sgd,0.1,8000,100,face,3,5,0.130405187606812,6,1,0.16525875687520405,0.15694736253638572,0.2238403245926097,0.03804486488630713,0.12501058465091516,0.2043904640155486
39,OnlineFPCA-sgd,0.1,8100,100,face,3,5,0.120787858963013,6,1,0.18818298398061586,0.17485372881647082,0.27892225060535847,0.03683476364258454,0.1227342499573895,0.2033630577088353
39,OnlineFPCA-sgd,0.1,8200,100,face,3,5,0.132204294204712,6,1,0.0866327920107875,0.22249330006272233,0.32375869176612493,0.035791941341826373,0.121457960324869,0.20437922278707285
39,OnlineFPCA-sgd,0.1,8300,100,face,3,5,0.130957365036011,6,1,0.1732096618311847,0.2693303353755933,0.3638359752869903,0.034945491783001936,0.12022127073358212,0.2060801526446469
39,OnlineFPCA-sgd,0.1,8400,100,face,3,5,0.122845649719238,6,1,0.18157977248075458,0.25197521041912896,0.3168297828357701,0.03564400178028507,0.11925239595030404,0.2073208648506457
39,OnlineFPCA-sgd,0.1,8500,100,face,3,5,0.123061418533325,6,1,0.12195466931206389,0.22217301740000794,0.2689428427713498,0.03430558665324792,0.11816224498365628,0.20791923960429143
39,OnlineFPCA-sgd,0.1,8600,100,face,3,5,0.118524789810181,6,1,0.13137193081349274,0.1953330304585373,0.28658842696995146,0.033794764325261475,0.11705931516965999,0.2097016298698173
39,OnlineFPCA-sgd,0.1,8700,100,face,3,5,0.129808902740479,6,1,0.2489595893644838,0.16824744791666296,0.2996149156594678,0.03552136701121964,0.11533106086771132,0.210992277562797
39,OnlineFPCA-sgd,0.1,8800,100,face,3,5,0.127677440643311,6,1,0.30548222633034194,0.23026841919927782,0.18861617428833086,0.036730072648690715,0.11405415618517298,0.21052124850531276
39,OnlineFPCA-sgd,0.1,8900,100,face,3,5,0.131929874420166,6,1,0.2479763177032144,0.22816239778343028,0.1858318348455121,0.03631500699545233,0.1134678912897413,0.20896073122250494
39,OnlineFPCA-sgd,0.1,9000,100,face,3,5,0.140308856964111,6,1,0.22123623520789434,0.21384452552362393,0.19172106484781182,0.034939553933995185,0.11288573225189409,0.2065776718196822
39,OnlineFPCA-sgd,0.1,9100,100,face,3,5,0.124444007873535,6,1,0.12415769762025097,0.3675776914182093,0.20299537292395664,0.03484270382706766,0.1126987012415396,0.20336384438434466
39,OnlineFPCA-sgd,0.1,9200,100,face,3,5,0.134927749633789,6,1,0.13702397149367798,0.24735335668247857,0.22239756163781307,0.03488997212530942,0.1127231436949171,0.19996117607108582
39,OnlineFPCA-sgd,0.1,9300,100,face,3,5,0.127700090408325,6,1,0.18948677571060196,0.12130626996531044,0.28957645270524085,0.03406299940762135,0.11279525690090261,0.19734520915036163
39,OnlineFPCA-sgd,0.1,9400,100,face,3,5,0.130275249481201,6,1,0.2381941522951056,0.10926194119403568,0.25423412658832995,0.03382660480029892,0.11186288831005105,0.19595514604007527
39,OnlineFPCA-sgd,0.1,9500,100,face,3,5,0.136639833450317,6,1,0.20733643368813331,0.21771131286504233,0.16247643199801218,0.033709948391775456,0.11127965308265513,0.19456164563242398
39,OnlineFPCA-sgd,0.1,9600,100,face,3,5,0.122485876083374,6,1,0.2464882443339845,0.1867107750770778,0.16272171680623485,0.035324268498380766,0.11096350258968125,0.19306469885421193
39,OnlineFPCA-sgd,0.1,9700,100,face,3,5,0.133277654647827,6,1,0.12259964644641969,0.1690028928683123,0.15554021559302572,0.03700545799198036,0.11033398252776946,0.1916133930934793
39,OnlineFPCA-sgd,0.1,9800,100,face,3,5,0.130513429641724,6,1,0.13763084162979483,0.19068669051472828,0.29685819278656417,0.03766080976766865,0.10969822679701673,0.19122809206896385
39,OnlineFPCA-sgd,0.1,9900,100,face,3,5,0.124586582183838,6,1,0.17795695542955428,0.1573696956759331,0.3308821722762337,0.03804002958840717,0.10917009585120281,0.19264237004706794
39,OnlineFPCA-sgd,0.1,10000,100,face,3,5,0.140995502471924,6,1,0.16243424181989732,0.2599120734242135,0.3636972604201535,0.03810141110683288,0.10885484545192713,0.19451433918396702
39,OnlineFPCA-sgd,0.1,10100,100,face,3,5,0.129091501235962,6,1,0.26965729777253206,0.18015842450748817,0.3993869941626998,0.03858312177808428,0.10864486804959723,0.1964758573007976
39,OnlineFPCA-sgd,0.1,10200,100,face,3,5,0.12578821182251,6,1,0.18982223245364524,0.14346633526253583,0.22712700778977443,0.038709023199517585,0.10696494606603443,0.19699587334455687
39,OnlineFPCA-sgd,0.1,10300,100,face,3,5,0.128188371658325,6,1,0.16054095960948342,0.20048715400013306,0.231050900874921,0.03886754213256856,0.1054188891594321,0.1966481755418141
39,OnlineFPCA-sgd,0.1,10400,100,face,3,5,0.133681297302246,6,1,0.16198447363129628,0.19759838604660188,0.2870963715642278,0.03890018526939978,0.10449700681179498,0.19655711459447975
39,OnlineFPCA-sgd,0.1,10500,100,face,3,5,0.137372970581055,6,1,0.17795290302655067,0.27071452157787096,0.2921863732154752,0.038722429132842115,0.10425850578760151,0.19685334419603845
39,OnlineFPCA-sgd,0.1,10600,100,face,3,5,0.130315780639648,6,1,0.15495901482749996,0.1763749829056447,0.1981577039256494,0.03806939542126632,0.10400497213641925,0.19665658781275414
39,OnlineFPCA-sgd,0.1,10700,100,face,3,5,0.131014347076416,6,1,0.3152611158135862,0.1519973203303353,0.2726840425869429,0.038190782700810416,0.10376508004386248,0.19680056681891772
39,OnlineFPCA-sgd,0.1,10800,100,face,3,5,0.126187086105347,6,1,0.19802836201444352,0.10645777031663092,0.180696520840343,0.03856437155797491,0.10339378574177471,0.1963774826029995
39,OnlineFPCA-sgd,0.1,10900,100,face,3,5,0.129374265670776,6,1,0.27558107600968557,0.17342104055959562,0.23138315890605213,0.037969120688149824,0.1024097943433111,0.19506220058007784
39,OnlineFPCA-sgd,0.1,11000,100,face,3,5,0.133293151855469,6,1,0.14151404699789621,0.17236243422879524,0.15842635121627638,0.037668536642823096,0.10134409083292582,0.19386925924236645
39,OnlineFPCA-sgd,0.1,11100,100,face,3,5,0.133693695068359,6,1,0.09408430976040952,0.14196655058587992,0.18404305850280922,0.037005772004681275,0.1003765095841372,0.19221844155014878
39,OnlineFPCA-sgd,0.1,11200,100,face,3,5,0.127882480621338,6,1,0.2511031315533148,0.2110037114401861,0.18231864814903553,0.036676968060104245,0.0995859707016519,0.19088515754763677
39,OnlineFPCA-sgd,0.1,11300,100,face,3,5,0.130676984786987,6,1,0.2248352325152322,0.18514364363495092,0.18291466917287122,0.03607195955700897,0.09984378596111809,0.18958628665189062
39,OnlineFPCA-sgd,0.1,11400,100,face,3,5,0.137286186218262,6,1,0.19384242089999246,0.1386568597479834,0.17881538222083251,0.03544516692421525,0.09924955220171718,0.18814988550332903
39,OnlineFPCA-sgd,0.1,11500,100,face,3,5,0.133943319320679,6,1,0.11412921596186605,0.16952504071556374,0.1765903278491845,0.035135185964311894,0.0982887559907754,0.18719233030492471
39,OnlineFPCA-sgd,0.1,11600,100,face,3,5,0.129980802536011,6,1,0.09862715229207539,0.12350082842126203,0.18475366961774278,0.034592021593677365,0.0981721631731171,0.18588416516621764
39,OnlineFPCA-sgd,0.1,11700,100,face,3,5,0.123977422714233,6,1,0.15134792424981755,0.11224395510370358,0.1693487008620321,0.034870485542785705,0.09758249546322743,0.18443465659522315
39,OnlineFPCA-sgd,0.1,11800,100,face,3,5,0.131401777267456,6,1,0.13004000836647164,0.1922164116572108,0.16949616653496258,0.034518867187905054,0.09664283684786382,0.18324293664359573
39,OnlineFPCA-sgd,0.1,11900,100,face,3,5,0.127440690994263,6,1,0.23928387729198383,0.11852846904576833,0.22010838955710774,0.03480162663627449,0.09581514755214311,0.1825586359496846
39,OnlineFPCA-sgd,0.1,12000,100,face,3,5,0.12605619430542,6,1,0.10717378963372924,0.11285142219574783,0.15584475650289883,0.03496613400355346,0.09548444634411146,0.1819307490653174
39,OnlineFPCA-sgd,0.1,12100,100,face,3,5,0.137307167053223,6,1,0.18954211641899288,0.11060987388484006,0.14944989346956467,0.03502558288140567,0.09523880983401502,0.18091379150013875
39,OnlineFPCA-sgd,0.1,12200,100,face,3,5,0.127877473831177,6,1,0.21342828612728534,0.1778702516241834,0.2186753393625787,0.03499377012611901,0.09480379820689473,0.1801080351093964
39,OnlineFPCA-sgd,0.1,12300,100,face,3,5,0.13548755645752,6,1,0.26323006046368963,0.16959146061985433,0.24217577814652058,0.03576352927216557,0.09403628431230347,0.1800193653867144
39,OnlineFPCA-sgd,0.1,12400,100,face,3,5,0.135911464691162,6,1,0.2795830125144315,0.18244843209801373,0.29548664407023034,0.03565872065124972,0.09342622472988293,0.1801287876100647
39,OnlineFPCA-sgd,0.1,12500,100,face,3,5,0.12731671333313,6,1,0.10730617581244882,0.1348616129148216,0.3064501190983188,0.03567964387352192,0.09234134023544037,0.18080876892419562
39,OnlineFPCA-sgd,0.1,12600,100,face,3,5,0.130581140518188,6,1,0.1406014918167679,0.13647033423930632,0.2924863166231565,0.035649161086366635,0.09149394905110324,0.18131685238445855
39,OnlineFPCA-sgd,0.1,12700,100,face,3,5,0.128923177719116,6,1,0.18491574174045441,0.13197866461466765,0.2471308977858834,0.03548286238444114,0.09100159338723143,0.18170396694764737
39,OnlineFPCA-sgd,0.1,12800,100,face,3,5,0.126110076904297,6,1,0.1965188901885005,0.1699742237317757,0.3095510890795332,0.034870944094836674,0.09098914157630704,0.18232569591345824
39,OnlineFPCA-sgd,0.1,12900,100,face,3,5,0.130132913589478,6,1,0.16846339961547313,0.12437375587240727,0.23328719496820527,0.03377298645557186,0.09054293473578204,0.18262510608943602
39,OnlineFPCA-sgd,0.1,13000,100,face,3,5,0.123364210128784,6,1,0.1227659966590105,0.12368281138590621,0.20731898633716983,0.03282965536141647,0.08986870663040977,0.18247153818830833
39,OnlineFPCA-sgd,0.1,13100,100,face,3,5,0.122895240783691,6,1,0.1669040055355969,0.14556831630606207,0.24122849784761152,0.03238815981210129,0.08905354790575244,0.18221168792945147
39,OnlineFPCA-sgd,0.1,13200,100,face,3,5,0.137948513031006,6,1,0.0809902002049669,0.17561510832764687,0.2822866945361631,0.03210708555229218,0.08862740518266983,0.18262447906553003
39,OnlineFPCA-sgd,0.1,13300,100,face,3,5,0.122113943099976,6,1,0.14954697923680266,0.22355739303378772,0.3273619347756578,0.0319584793037971,0.08807559223753404,0.18331381811816566
39,OnlineFPCA-sgd,0.1,13400,100,face,3,5,0.136157989501953,6,1,0.15854797151615968,0.2159070151613751,0.2939219307158049,0.03257477318928356,0.0875770290166695,0.18390711947686195
39,OnlineFPCA-sgd,0.1,13500,100,face,3,5,0.126903295516968,6,1,0.11646316029838613,0.18309681346989806,0.2639504405532175,0.03230714508387729,0.0870177118052853,0.18436023684973318
39,OnlineFPCA-sgd,0.1,13600,100,face,3,5,0.128088235855103,6,1,0.12371253044339059,0.16558656288912083,0.26392162486027404,0.03226392604186302,0.08646696882840639,0.1851887051666112
39,OnlineFPCA-sgd,0.1,13700,100,face,3,5,0.1309654712677,6,1,0.2264979099427987,0.14218824698514626,0.2953160296525271,0.032984897518098674,0.08563533768360541,0.18593280291387335
39,OnlineFPCA-sgd,0.1,13800,100,face,3,5,0.125016689300537,6,1,0.26591028660307026,0.17633567296593697,0.19084975697048007,0.03358690519651717,0.08504162183007564,0.18609702103314096
39,OnlineFPCA-sgd,0.1,13900,100,face,3,5,0.12828803062439,6,1,0.21201170606457714,0.1886553183721978,0.1762242157863593,0.033629210571105614,0.08476509280916687,0.1857492604190633
39,OnlineFPCA-sgd,0.1,14000,100,face,3,5,0.125750303268433,6,1,0.19349981795970106,0.1864290420515611,0.1714494664204559,0.03317817050695423,0.08464292902958533,0.18501121049885139
39,OnlineFPCA-sgd,0.1,14100,100,face,3,5,0.12632155418396,6,1,0.11625967735333113,0.32896034441558925,0.17136140588032084,0.03319086959049069,0.08475391233371994,0.18385403330239483
39,OnlineFPCA-sgd,0.1,14200,100,face,3,5,0.132524967193604,6,1,0.11872251237220335,0.24137499972810914,0.19281770379497273,0.03321837044306136,0.08498247647879467,0.18257631324265694
39,OnlineFPCA-sgd,0.1,14300,100,face,3,5,0.122297048568726,6,1,0.14812486030527544,0.08449651611716229,0.2548845202877566,0.032829402371262424,0.08511588173038448,0.1815303072651305
39,OnlineFPCA-sgd,0.1,14400,100,face,3,5,0.128465175628662,6,1,0.20349789074930902,0.09892228172287022,0.22150861971820196,0.032646272539708594,0.08480485645722538,0.18105693488523827
39,OnlineFPCA-sgd,0.1,14500,100,face,3,5,0.140146017074585,6,1,0.17261017153062616,0.18621666642162674,0.15909724797433955,0.03261441221240491,0.08481860440245671,0.18060983151687893
39,OnlineFPCA-sgd,0.1,14600,100,face,3,5,0.128721714019775,6,1,0.21853187436986607,0.174868302901924,0.15304704054253068,0.03337701995721029,0.08495530979503513,0.179989762511948
39,OnlineFPCA-sgd,0.1,14700,100,face,3,5,0.13071870803833,6,1,0.11936820117819981,0.16109335378616593,0.14876889299916823,0.034265327906710816,0.0849042861077941,0.17935691875746024
39,OnlineFPCA-sgd,0.1,14800,100,face,3,5,0.128686189651489,6,1,0.12235338984738996,0.18173094803918194,0.25937338859411835,0.03466825602667445,0.08478149670764433,0.17916302279262078
39,OnlineFPCA-sgd,0.1,14900,100,face,3,5,0.131483554840088,6,1,0.14840281197671645,0.13588580444227727,0.2871351241182218,0.034900159606881566,0.08478433779689808,0.1798437097062735
39,OnlineFPCA-sgd,0.1,15000,100,face,3,5,0.13117504119873,6,1,0.13609257502634398,0.23082476165537513,0.31480524177989133,0.03492293421634839,0.08487132325343902,0.18072857213862165
39,OnlineFPCA-sgd,0.1,0,100,face,3,5,6.4053201675415,6,2,0.13571165624240533,0.1863838381641178,0.3520904473894682,0.13571165624240533,0.1863838381641178,0.3520904473894682
39,OnlineFPCA-sgd,0.1,100,100,face,3,5,0.419122219085693,6,2,1.8649432018257839,1.3383682088653022,1.6433079272520659,NA,NA,NA
39,OnlineFPCA-sgd,0.1,200,100,face,3,5,0.430126667022705,6,2,0.5029852655083218,1.139166823459149,0.7135385515122281,NA,NA,NA
39,OnlineFPCA-sgd,0.1,300,100,face,3,5,0.61047887802124,6,2,0.7352272526986064,0.6839605318508656,1.2201676130600911,NA,NA,NA
39,OnlineFPCA-sgd,0.1,400,100,face,3,5,0.436046838760376,6,2,0.4758309938913825,0.7420407490654604,0.9484525445664543,NA,NA,NA
39,OnlineFPCA-sgd,0.1,500,100,face,3,5,0.415192127227783,6,2,0.6986680413578253,0.4460850280661545,0.9015704070827306,NA,NA,NA
39,OnlineFPCA-sgd,0.1,600,100,face,3,5,0.416639804840088,6,2,0.6667992340160289,0.44575146607485333,0.9001294884403686,NA,NA,NA
39,OnlineFPCA-sgd,0.1,700,100,face,3,5,0.40966272354126,6,2,0.42584847635779616,0.5902068272188441,0.9302045952300617,NA,NA,NA
39,OnlineFPCA-sgd,0.1,800,100,face,3,5,0.419183969497681,6,2,0.407797063215043,0.579175066131097,0.9283694364093729,NA,NA,NA
39,OnlineFPCA-sgd,0.1,900,100,face,3,5,0.419529914855957,6,2,0.3795966164035848,0.5643281425332588,0.9259190942279092,NA,NA,NA
39,OnlineFPCA-sgd,0.1,1000,100,face,3,5,0.43713903427124,6,2,0.34760765485705314,0.5405201148923999,0.9243491238311605,NA,NA,NA
39,OnlineFPCA-sgd,0.1,1100,100,face,3,5,0.649168729782104,6,2,0.13700075467141273,0.377259244835747,0.8179373038436386,0.13306513135457362,0.4070673069867602,0.882813385449708
39,OnlineFPCA-sgd,0.1,1200,100,face,3,5,0.604928970336914,6,2,0.23798020416075302,0.2521261872474281,0.7842333270175276,0.12154913539666955,0.33792235075727756,0.8470587633655844
39,OnlineFPCA-sgd,0.1,1300,100,face,3,5,0.628937482833862,6,2,0.21800325010344695,0.3628199945462098,0.6697321230752431,0.10714396175256748,0.3289959289117863,0.8048329369474555
39,OnlineFPCA-sgd,0.1,1400,100,face,3,5,0.617560386657715,6,2,0.14404511832598257,0.3813678006861538,0.5688555882505991,0.10841902946774401,0.3385972048107873,0.7601423576918445
39,OnlineFPCA-sgd,0.1,1500,100,face,3,5,0.62926197052002,6,2,0.1341700664933709,0.32239273143946057,0.44136938184119523,0.08934971664842277,0.33257724662645716,0.6653383518766974
39,OnlineFPCA-sgd,0.1,1600,100,face,3,5,0.610216379165649,6,2,0.12089248563182217,0.28381427231229134,0.4085080446611257,0.07622948902121245,0.32337500035538985,0.6177065294795289
39,OnlineFPCA-sgd,0.1,1700,100,face,3,5,0.588427066802979,6,2,0.20091567421729847,0.3008667455504355,0.3553760953956657,0.06352241440197999,0.3167718094981486,0.5755927892132813
39,OnlineFPCA-sgd,0.1,1800,100,face,3,5,0.580325603485107,6,2,0.117752412620759,0.2865708373026984,0.28131180154319774,0.058586573831077245,0.31019384747894474,0.5336595439327262
39,OnlineFPCA-sgd,0.1,1900,100,face,3,5,0.569056987762451,6,2,0.26830251245642195,0.3033179364740507,0.29040841393956396,0.0545627442918869,0.3049743575323181,0.49694740515732116
39,OnlineFPCA-sgd,0.1,2000,100,face,3,5,0.565234184265137,6,2,0.13397415556444597,0.30220564065005673,0.3485283635966636,0.05585643242235884,0.3022929312241781,0.4681770109669595
39,OnlineFPCA-sgd,0.1,2100,100,face,3,5,0.555072069168091,6,2,0.2849710301522828,0.2564189372123737,0.2558877743299325,0.05182047316628375,0.2993026831469754,0.4484094257461669
39,OnlineFPCA-sgd,0.1,2200,100,face,3,5,0.55451488494873,6,2,0.24082990086185602,0.3179398450858076,0.35947166274961495,0.043855578580672704,0.2941028465026161,0.4216371404281184
39,OnlineFPCA-sgd,0.1,2300,100,face,3,5,0.550520420074463,6,2,0.34824371588453107,0.3071635977455811,0.3437692310499039,0.043715691263781414,0.2860682595570131,0.39081567906523856
39,OnlineFPCA-sgd,0.1,2400,100,face,3,5,0.584112167358398,6,2,0.3622537967427421,0.3213963483274786,0.38887421407901346,0.04062255959761174,0.28119107567187773,0.3645866973716783
39,OnlineFPCA-sgd,0.1,2500,100,face,3,5,0.578751087188721,6,2,0.1508477158344822,0.2645187305275273,0.3828683969627998,0.03944017355318787,0.2768941574917934,0.3418958221105153
39,OnlineFPCA-sgd,0.1,2600,100,face,3,5,0.624347448348999,6,2,0.2213018056436009,0.2734477320269814,0.36137622580250967,0.04031836841257775,0.27385158814546323,0.32510781060895977
39,OnlineFPCA-sgd,0.1,2700,100,face,3,5,0.803950309753418,6,2,0.23651632776173276,0.2736312703898268,0.29989736842868386,0.0391230995576564,0.27113137878933335,0.31346986142285277
39,OnlineFPCA-sgd,0.1,2800,100,face,3,5,0.623873233795166,6,2,0.20644660180900443,0.2921306928527574,0.35827982862546964,0.03745523862307339,0.2671523213490261,0.3039633618652605
39,OnlineFPCA-sgd,0.1,2900,100,face,3,5,0.602710247039795,6,2,0.19995901062179677,0.22991812790084207,0.25038674513882536,0.03248991661129847,0.2621097230005309,0.295575144418573
39,OnlineFPCA-sgd,0.1,3000,100,face,3,5,0.665682792663574,6,2,0.20188389943604018,0.22182677431610018,0.23629342352166685,0.02788195643858885,0.25746240966348466,0.28989370230594474
39,OnlineFPCA-sgd,0.1,3100,100,face,3,5,0.58232045173645,6,2,0.2034501864182729,0.2265436890585855,0.3152441563949703,0.02581579727027317,0.25230282061976217,0.28523098226102395
39,OnlineFPCA-sgd,0.1,3200,100,face,3,5,0.63371205329895,6,2,0.09997807405845884,0.2925724515010581,0.3607462148156142,0.024910086865039687,0.24772515392907724,0.28470570381448956
39,OnlineFPCA-sgd,0.1,3300,100,face,3,5,0.630995273590088,6,2,0.19262166979892678,0.33463941960629773,0.40048634330224475,0.024310308804226122,0.2446878066460374,0.2867741239022487
39,OnlineFPCA-sgd,0.1,3400,100,face,3,5,0.615705490112305,6,2,0.20363721218039704,0.3036303563102127,0.347937696128982,0.024796253477223067,0.24248781859317048,0.2880260899087481
39,OnlineFPCA-sgd,0.1,3500,100,face,3,5,0.58834433555603,6,2,0.12545575388053629,0.2821775221456975,0.27514564982256445,0.021496193994065813,0.2392468859134558,0.286552971633413
39,OnlineFPCA-sgd,0.1,3600,100,face,3,5,0.605067253112793,6,2,0.13462797413266958,0.2458175001518291,0.32100089396622533,0.021773904449976282,0.23646797161741148,0.28686454144859846
39,OnlineFPCA-sgd,0.1,3700,100,face,3,5,0.636073112487793,6,2,0.2613705459317265,0.21404483171768576,0.3153728504832102,0.02443554717775052,0.23311252167945434,0.2852208578858405
39,OnlineFPCA-sgd,0.1,3800,100,face,3,5,0.618220090866089,6,2,0.3565716651076044,0.298806176159953,0.2233525207128978,0.028128048005579828,0.22927124124007925,0.2806092956227123
39,OnlineFPCA-sgd,0.1,3900,100,face,3,5,0.618160486221313,6,2,0.2789006784952294,0.2780824758156686,0.21535448042896585,0.029611691121696548,0.2258872617539961,0.27498335432904436
39,OnlineFPCA-sgd,0.1,4000,100,face,3,5,0.622257232666016,6,2,0.029914245307314916,0.2217392179126074,0.26780817464480694,0.029914245307314916,0.2217392179126074,0.26780817464480694
39,OnlineFPCA-sgd,0.1,4100,100,face,3,5,0.631581544876099,6,2,0.11690793148574516,0.3728225856203275,0.2190326073969912,0.10073544542662578,0.2763735287529833,0.24768790848791472
39,OnlineFPCA-sgd,0.1,4200,100,face,3,5,0.617542028427124,6,2,0.17680832859560802,0.28254152351437944,0.24074747766745563,0.09641546102593572,0.29296285523892884,0.22897143393547872
39,OnlineFPCA-sgd,0.1,4300,100,face,3,5,0.620702743530273,6,2,0.20252620946268982,0.23598268968718686,0.30156640900410897,0.06735725034931289,0.26172015695539375,0.23588412730766092
39,OnlineFPCA-sgd,0.1,4400,100,face,3,5,0.63303804397583,6,2,0.2827967922081203,0.1647946976054501,0.30493661535649474,0.05330290577094045,0.22480297286982276,0.24660062483361078
39,OnlineFPCA-sgd,0.1,4500,100,face,3,5,0.611457347869873,6,2,0.24620683881676292,0.2631060766816447,0.2107441845545065,0.03895598480259678,0.21097689842715414,0.24168177815447583
39,OnlineFPCA-sgd,0.1,4600,100,face,3,5,0.588313102722168,6,2,0.2790684597641801,0.22391035126896375,0.25342952728876944,0.0480793769796605,0.19600310740061797,0.23587049960004697
39,OnlineFPCA-sgd,0.1,4700,100,face,3,5,0.633498191833496,6,2,0.12900030025381581,0.2181911625308346,0.234598430632223,0.061857585559683285,0.18245722173241755,0.2285894870039104
39,OnlineFPCA-sgd,0.1,4800,100,face,3,5,0.587371110916138,6,2,0.15213429961253863,0.2269523642121187,0.3630138166149852,0.06296386195325122,0.17531928616936748,0.2295427932484383
39,OnlineFPCA-sgd,0.1,4900,100,face,3,5,0.62451958656311,6,2,0.21336305408103315,0.19077895547125415,0.4137260677298309,0.06409119562144563,0.1711675020912888,0.23844595979004224
39,OnlineFPCA-sgd,0.1,5000,100,face,3,5,0.615038394927979,6,2,0.18856484653929176,0.28655676368911476,0.4618522061452078,0.06416153929796924,0.1693880013175605,0.2478859853161373
39,OnlineFPCA-sgd,0.1,5100,100,face,3,5,0.132323980331421,6,2,0.31420699883650205,0.17629120698627265,0.5147136568013022,0.07000841183895373,0.16833060260644744,0.25969401188235963
39,OnlineFPCA-sgd,0.1,5200,100,face,3,5,0.126164674758911,6,2,0.210032974774801,0.1524096993860548,0.2885888738620872,0.07161043624668695,0.15733493642881807,0.26196353427975116
39,OnlineFPCA-sgd,0.1,5300,100,face,3,5,0.127426624298096,6,2,0.17359555327336487,0.1937265752272008,0.29341755002351855,0.07553368227184258,0.14983661116136127,0.2595829009310591
39,OnlineFPCA-sgd,0.1,5400,100,face,3,5,0.125806331634521,6,2,0.16809378231621624,0.2045033877524025,0.35715374949640133,0.07689881834355705,0.14547770080777267,0.25993963352514743
39,OnlineFPCA-sgd,0.1,5500,100,face,3,5,0.129434823989868,6,2,0.1977869339607816,0.2797527519080549,0.354939088895027,0.07708043137634447,0.14542770334882577,0.263385995196413
39,OnlineFPCA-sgd,0.1,5600,100,face,3,5,0.13603949546814,6,2,0.1597895980526836,0.1881416419162089,0.23858153980468122,0.07610995853074672,0.1443257601836899,0.26305541716201447
39,OnlineFPCA-sgd,0.1,5700,100,face,3,5,0.124613523483276,6,2,0.33655221571921234,0.1471716363757526,0.31018281717284957,0.07575558881910059,0.14294309611085762,0.2629045692327389
39,OnlineFPCA-sgd,0.1,5800,100,face,3,5,0.134185314178467,6,2,0.20891711399961485,0.08758836467096355,0.21675806802207964,0.07486121063088251,0.14088960252528654,0.2602760366132813
39,OnlineFPCA-sgd,0.1,5900,100,face,3,5,0.124591588973999,6,2,0.3028989383306662,0.17894190770839055,0.2657200400768297,0.06890363642643321,0.13594448406809406,0.25457463866182634
39,OnlineFPCA-sgd,0.1,6000,100,face,3,5,0.119642972946167,6,2,0.15821931631122282,0.18021212356324573,0.17833329520960345,0.06507037680141427,0.13063970108142564,0.2498747391864554
39,OnlineFPCA-sgd,0.1,6100,100,face,3,5,0.128036260604858,6,2,0.10304004170181762,0.15092486814190734,0.20731925918237926,0.061336932130161295,0.12689198284778244,0.24284247028052333
39,OnlineFPCA-sgd,0.1,6200,100,face,3,5,0.12742805480957,6,2,0.2594080764189091,0.2274763891305991,0.21290756089591556,0.056809103956740624,0.12379721756616414,0.23674149336371547
39,OnlineFPCA-sgd,0.1,6300,100,face,3,5,0.131718635559082,6,2,0.23685141663906137,0.19841280220909674,0.21676139950065337,0.05205366807223086,0.1259155433407791,0.23162136127445832
39,OnlineFPCA-sgd,0.1,6400,100,face,3,5,0.124037742614746,6,2,0.20536970963215573,0.14350281979037355,0.20726197943137023,0.04977848748285878,0.12422359351775433,0.22560565983061867
39,OnlineFPCA-sgd,0.1,6500,100,face,3,5,0.120316982269287,6,2,0.13226108332279843,0.19168735897958408,0.208758325653747,0.048026503061104626,0.12047823972868259,0.2219814759733381
39,OnlineFPCA-sgd,0.1,6600,100,face,3,5,0.130787134170532,6,2,0.11399914040932187,0.13699637280833304,0.21646247397757254,0.045212836064143246,0.11996769718426793,0.21746903197956594
39,OnlineFPCA-sgd,0.1,6700,100,face,3,5,0.123273849487305,6,2,0.17114514348184792,0.11757101191433325,0.1924037620803188,0.04435725008230565,0.11729081467584081,0.21267510982379534
39,OnlineFPCA-sgd,0.1,6800,100,face,3,5,0.133161783218384,6,2,0.13816134565965713,0.2107830114588716,0.18974712298536714,0.04195378586497223,0.11360899845583904,0.20767953458949293
39,OnlineFPCA-sgd,0.1,6900,100,face,3,5,0.12866473197937,6,2,0.25758861414391687,0.14376609604778642,0.2359632557482268,0.04252957845526388,0.11092891015469536,0.20384733239380792
39,OnlineFPCA-sgd,0.1,7000,100,face,3,5,0.133991479873657,6,2,0.11428710297827656,0.13777787607837919,0.17316500758102749,0.043326496536654074,0.10993202229859812,0.20039371825116137
39,OnlineFPCA-sgd,0.1,7100,100,face,3,5,0.132561922073364,6,2,0.20539145318216648,0.1280133569658228,0.16867123188340571,0.04352003304856769,0.10916055734081367,0.1968498776014571
39,OnlineFPCA-sgd,0.1,7200,100,face,3,5,0.130447864532471,6,2,0.22874170282031675,0.19720140300037378,0.23286520833871843,0.042691172072553664,0.10740081312907046,0.19330780542553772
39,OnlineFPCA-sgd,0.1,7300,100,face,3,5,0.131303548812866,6,2,0.2863018024187641,0.18946950561865109,0.2592843426554968,0.04398609963524907,0.10452314573941195,0.19143586942710694
39,OnlineFPCA-sgd,0.1,7400,100,face,3,5,0.132806301116943,6,2,0.29163108613394223,0.19996094558084776,0.31771936773337944,0.04321957976629815,0.10251231835046591,0.19006948061849918
39,OnlineFPCA-sgd,0.1,7500,100,face,3,5,0.123989343643188,6,2,0.11308031790418696,0.15222991819528645,0.329609794983968,0.043071497873329645,0.09932063391898639,0.1903999311340366
39,OnlineFPCA-sgd,0.1,7600,100,face,3,5,0.125442028045654,6,2,0.15221999019735794,0.15422978966524725,0.30909821366621365,0.043191839081840676,0.09737075521456143,0.19052581318726097
39,OnlineFPCA-sgd,0.1,7700,100,face,3,5,0.133042335510254,6,2,0.19164374501853423,0.14489726651384033,0.2618743375832895,0.04302186189848452,0.09651303915362704,0.19059120226029527
39,OnlineFPCA-sgd,0.1,7800,100,face,3,5,0.132972478866577,6,2,0.19793498583744074,0.1847389286950099,0.32660387449108536,0.04187936759779729,0.09684833972325932,0.19134303783490417
39,OnlineFPCA-sgd,0.1,7900,100,face,3,5,0.135039329528809,6,2,0.1739216417213158,0.1380758279648478,0.24695583566156876,0.03931005528905173,0.09569377674711792,0.1916385019146923
39,OnlineFPCA-sgd,0.1,8000,100,face,3,5,0.12620997428894,6,2,0.13395729485676583,0.13616062424813638,0.22081829218230356,0.03681197823769304,0.09389178651805423,0.19113566964451603
39,OnlineFPCA-sgd,0.1,8100,100,face,3,5,0.127997398376465,6,2,0.1730554369302363,0.15623327787734992,0.25903011982436636,0.035623937890172444,0.09193608340854324,0.19047855548116002
39,OnlineFPCA-sgd,0.1,8200,100,face,3,5,0.128821849822998,6,2,0.08172355191294277,0.19133623011001555,0.30296638826541233,0.03442659822088135,0.09094451984493325,0.19170120693366532
39,OnlineFPCA-sgd,0.1,8300,100,face,3,5,0.126205682754517,6,2,0.15579562917375375,0.23812165025851906,0.3474884685543791,0.03336595217512075,0.08983641182203246,0.19372292331314422
39,OnlineFPCA-sgd,0.1,8400,100,face,3,5,0.128190279006958,6,2,0.16391672780428507,0.22924190884089884,0.3121343435989,0.0338512808594809,0.08886817620436911,0.19539170746176227
39,OnlineFPCA-sgd,0.1,8500,100,face,3,5,0.131341457366943,6,2,0.11763112325347395,0.1946971478587137,0.2799562717646678,0.03251984307530244,0.0877025486104974,0.19654698546824928
39,OnlineFPCA-sgd,0.1,8600,100,face,3,5,0.129034519195557,6,2,0.12508885788281143,0.17574397093831823,0.2827995036343801,0.03201557733321312,0.08661706293555149,0.19857437957390692
39,OnlineFPCA-sgd,0.1,8700,100,face,3,5,0.133578777313232,6,2,0.2328999983720673,0.1500774923848239,0.30776000374603646,0.03358260588622152,0.08510581354450379,0.20015941369354145
39,OnlineFPCA-sgd,0.1,8800,100,face,3,5,0.131894588470459,6,2,0.2739667451952059,0.18747796368478736,0.20009007276433033,0.034615564782675357,0.084046619069278,0.20025612914506916
39,OnlineFPCA-sgd,0.1,8900,100,face,3,5,0.126658916473389,6,2,0.21997645741944974,0.19865418629073803,0.1868866059758552,0.034300054395602665,0.08348650647896971,0.19927493905567367
39,OnlineFPCA-sgd,0.1,9000,100,face,3,5,0.133407831192017,6,2,0.2000633635733474,0.19396564355344836,0.1790053135887082,0.032944829459313825,0.08318778014249181,0.19743652162226683
39,OnlineFPCA-sgd,0.1,9100,100,face,3,5,0.123802423477173,6,2,0.11826263757954537,0.33724636581156875,0.1774121726974371,0.032886841980103006,0.0833402173500979,0.19469676250525092
39,OnlineFPCA-sgd,0.1,9200,100,face,3,5,0.127150058746338,6,2,0.12170305817853899,0.24448704925067394,0.19677806680910762,0.03293909050545306,0.08386289511969035,0.1917443560817689
39,OnlineFPCA-sgd,0.1,9300,100,face,3,5,0.131125450134277,6,2,0.15579262046679923,0.09309512793933813,0.26174739421272225,0.03214816688999993,0.08430759710371877,0.18931347582619532
39,OnlineFPCA-sgd,0.1,9400,100,face,3,5,0.128855466842651,6,2,0.21074104440666008,0.10245025026991633,0.22822330509327912,0.03174328434323996,0.08380682666184254,0.18809576172874753
39,OnlineFPCA-sgd,0.1,9500,100,face,3,5,0.133076429367065,6,2,0.17931985396673608,0.19337802001408194,0.16204621904199287,0.03165453197850382,0.08387534158884564,0.18709346687282585
39,OnlineFPCA-sgd,0.1,9600,100,face,3,5,0.135010242462158,6,2,0.22343015963363763,0.1786035810520005,0.1571428352719844,0.03312944500948595,0.08414383685064743,0.18583745733641807
39,OnlineFPCA-sgd,0.1,9700,100,face,3,5,0.127090692520142,6,2,0.11970124215588336,0.16393235529992126,0.15319119981259077,0.0348696879455296,0.08408597111875567,0.18459550483092152
39,OnlineFPCA-sgd,0.1,9800,100,face,3,5,0.131537675857544,6,2,0.12476357039929357,0.18425955335407648,0.26858069360352166,0.035594807236225344,0.08393390746432201,0.18428630414417427
39,OnlineFPCA-sgd,0.1,9900,100,face,3,5,0.122934341430664,6,2,0.1529074022510463,0.13988451080987568,0.3000220427553539,0.036044915224098605,0.08399750163115242,0.1857090527060448
39,OnlineFPCA-sgd,0.1,10000,100,face,3,5,0.128089427947998,6,2,0.1403460555819293,0.23602635023695653,0.3316500976760135,0.036091396855167934,0.08422824700114195,0.18754159165704803
39,OnlineFPCA-sgd,0.1,10100,100,face,3,5,0.121242523193359,6,2,0.2272587640746853,0.17756858249033114,0.36339853169026065,0.036447439700067634,0.08466045226186535,0.1894727045872067
39,OnlineFPCA-sgd,0.1,10200,100,face,3,5,0.128417253494263,6,2,0.1665188912656447,0.1341718770100474,0.22722722224128059,0.03655491821371018,0.08371123366730696,0.19027698177636362
39,OnlineFPCA-sgd,0.1,10300,100,face,3,5,0.127350568771362,6,2,0.147514834680145,0.1882755761946365,0.22787593617938212,0.03676909932429483,0.08290902845467456,0.19038041838967595
39,OnlineFPCA-sgd,0.1,10400,100,face,3,5,0.132145404815674,6,2,0.15397594646860444,0.18606873977647642,0.27650248469667177,0.03684068892819062,0.08271478135981217,0.1907067571121603
39,OnlineFPCA-sgd,0.1,10500,100,face,3,5,0.130095958709717,6,2,0.16057007243898241,0.2564876819537384,0.2816840455465033,0.03679028319280361,0.0831770991934726,0.19136827045221652
39,OnlineFPCA-sgd,0.1,10600,100,face,3,5,0.124462842941284,6,2,0.1464666849896258,0.1685169823167544,0.20592736739091363,0.03620661636916778,0.08354799121303338,0.19158352188361796
39,OnlineFPCA-sgd,0.1,10700,100,face,3,5,0.124683380126953,6,2,0.2913612898539146,0.14841934504879264,0.26408099219341596,0.036352158286272314,0.08394450120793337,0.19205397556182638
39,OnlineFPCA-sgd,0.1,10800,100,face,3,5,0.13589882850647,6,2,0.183410306975375,0.11359978463938386,0.1751314833188829,0.03680782131593924,0.08421569871714381,0.19199380311707437
39,OnlineFPCA-sgd,0.1,10900,100,face,3,5,0.130151033401489,6,2,0.2515546634822828,0.16763422621521823,0.22050168153555613,0.03619232041411146,0.08393344699301,0.1911161942174654
39,OnlineFPCA-sgd,0.1,11000,100,face,3,5,0.126370668411255,6,2,0.1234983603177005,0.16740143975134486,0.15598352928710735,0.03594073208868424,0.08338710265101265,0.19026403203699976
39,OnlineFPCA-sgd,0.1,11100,100,face,3,5,0.132380723953247,6,2,0.08338039387116823,0.13318019316704535,0.17283370915395652,0.035386455911116596,0.08290199086768278,0.1889665539861381
39,OnlineFPCA-sgd,0.1,11200,100,face,3,5,0.121812105178833,6,2,0.23230151926535617,0.19899591540742695,0.17278954312451303,0.035081437365270716,0.08242015705413434,0.18784218422630258
39,OnlineFPCA-sgd,0.1,11300,100,face,3,5,0.133398771286011,6,2,0.20855136695831872,0.17936472338291687,0.1690549808845508,0.034553727174814856,0.08287694082309026,0.18669239799266918
39,OnlineFPCA-sgd,0.1,11400,100,face,3,5,0.127169847488403,6,2,0.17840437250173877,0.13967341876614575,0.16700813571666695,0.0340123872239087,0.08242228073892077,0.18534044472607508
39,OnlineFPCA-sgd,0.1,11500,100,face,3,5,0.126539945602417,6,2,0.09066041860404413,0.14658737717675904,0.16787204983654144,0.033760538673717116,0.08171623227161312,0.1843798625302917
39,OnlineFPCA-sgd,0.1,11600,100,face,3,5,0.132539510726929,6,2,0.0761688778890934,0.11322197554927953,0.17125630961197258,0.03318499109320031,0.08180843296078126,0.1831277732395038
39,OnlineFPCA-sgd,0.1,11700,100,face,3,5,0.12343692779541,6,2,0.1214714126134734,0.11029196421855664,0.15995868372949948,0.03340613608688319,0.08142518264388325,0.1817065176138916
39,OnlineFPCA-sgd,0.1,11800,100,face,3,5,0.128976821899414,6,2,0.11988776667555914,0.17030527350922195,0.1577930340002081,0.033071079963161505,0.08064611302037408,0.1805108119116196
39,OnlineFPCA-sgd,0.1,11900,100,face,3,5,0.115492582321167,6,2,0.21425701396045366,0.09534245505028467,0.2006693099343457,0.033318052314906775,0.07984991864022613,0.17982383881532454
39,OnlineFPCA-sgd,0.1,12000,100,face,3,5,0.112494468688965,6,2,0.09871532017091957,0.0962690476539872,0.14312918659498025,0.033493982178853514,0.0795583446708788,0.17922776354604447
39,OnlineFPCA-sgd,0.1,12100,100,face,3,5,0.127014636993408,6,2,0.16373370783307672,0.09379456163500852,0.1306178568370471,0.03356896548778837,0.07936961833753498,0.1782813574276063
39,OnlineFPCA-sgd,0.1,12200,100,face,3,5,0.105470657348633,6,2,0.1867986217759418,0.14971811671047283,0.20316195809986307,0.03346556539254905,0.07894880277733031,0.1774843554017819
39,OnlineFPCA-sgd,0.1,12300,100,face,3,5,0.119487285614014,6,2,0.22186681095826785,0.14785568277060251,0.222301977570612,0.034188295986880925,0.07831821837783595,0.17735980875019017
39,OnlineFPCA-sgd,0.1,12400,100,face,3,5,0.113062620162964,6,2,0.25858938706384044,0.1631773975677533,0.26945587259572984,0.034184617005297735,0.07779844518289501,0.17741891081918715
39,OnlineFPCA-sgd,0.1,12500,100,face,3,5,0.111252784729004,6,2,0.09736761389245628,0.1225324156027891,0.28279641085303314,0.03429877970470471,0.07683146258498857,0.1780036523727648
39,OnlineFPCA-sgd,0.1,12600,100,face,3,5,0.128636360168457,6,2,0.11705074240335638,0.1158560595494593,0.27698850498235217,0.034251840851844066,0.0760170823541221,0.1784870358504807
39,OnlineFPCA-sgd,0.1,12700,100,face,3,5,0.111184120178223,6,2,0.17160411089213065,0.11581181627782033,0.2388221667416612,0.034085009179448095,0.07548700423318741,0.1788749625297599
39,OnlineFPCA-sgd,0.1,12800,100,face,3,5,0.111794948577881,6,2,0.19441943289019925,0.14620463041095313,0.29330461335566227,0.03351861440501269,0.0754861714230046,0.17947652769324537
39,OnlineFPCA-sgd,0.1,12900,100,face,3,5,0.115926027297974,6,2,0.15251566296832486,0.10771411989077158,0.229417748500571,0.032497933599446915,0.07511380440816161,0.17978203299424492
39,OnlineFPCA-sgd,0.1,13000,100,face,3,5,0.111122608184814,6,2,0.09781379485365334,0.1083060521087588,0.20684233476395011,0.03157067368484151,0.07450590742997144,0.17969636388099444
39,OnlineFPCA-sgd,0.1,13100,100,face,3,5,0.116111755371094,6,2,0.15044706370840974,0.13347260637925445,0.22955482126352472,0.031122844271522093,0.0738008929384634,0.17952769618935435
39,OnlineFPCA-sgd,0.1,13200,100,face,3,5,0.113104581832886,6,2,0.07796872037429105,0.1508084889306284,0.2655715262770176,0.03075120222236871,0.07343459788327149,0.17992674210670923
39,OnlineFPCA-sgd,0.1,13300,100,face,3,5,0.116502523422241,6,2,0.13310722217401236,0.19940313179839014,0.3106744730996859,0.030510237912235463,0.07292297215949517,0.18062998756482193
39,OnlineFPCA-sgd,0.1,13400,100,face,3,5,0.126274585723877,6,2,0.14339627781757458,0.19628633115490535,0.28671731394355454,0.031036847640614647,0.07240394695908756,0.18129075996359406
39,OnlineFPCA-sgd,0.1,13500,100,face,3,5,0.119422197341919,6,2,0.11236250740355902,0.16007987689196473,0.26964369064036364,0.030788416574864752,0.07179192226974535,0.18186588980152849
39,OnlineFPCA-sgd,0.1,13600,100,face,3,5,0.114439010620117,6,2,0.11649073753782954,0.15218351939690514,0.2627809722383196,0.030757213317084687,0.07120847314212352,0.1827218681310422
39,OnlineFPCA-sgd,0.1,13700,100,face,3,5,0.116811037063599,6,2,0.20524380032396977,0.13276982195787218,0.2989923910329821,0.03142300317496786,0.07039251637443167,0.18350653654692503
39,OnlineFPCA-sgd,0.1,13800,100,face,3,5,0.107680082321167,6,2,0.24600733736650612,0.14024357739154866,0.20798980170434025,0.031942298708975726,0.06979322794843623,0.18383905900379344
39,OnlineFPCA-sgd,0.1,13900,100,face,3,5,0.119490385055542,6,2,0.19144558023458422,0.1627087567393717,0.18683698058660347,0.03200808598078181,0.06944033231950504,0.18371663731321602
39,OnlineFPCA-sgd,0.1,14000,100,face,3,5,0.117696523666382,6,2,0.17251003782447655,0.16577401326483845,0.17018231162999195,0.03157773739157949,0.06931179872950063,0.1832184357025299
39,OnlineFPCA-sgd,0.1,14100,100,face,3,5,0.117360591888428,6,2,0.11056986916213572,0.29996303799750756,0.1599922624630938,0.031626468474700804,0.06941869870397431,0.18231684121979475
39,OnlineFPCA-sgd,0.1,14200,100,face,3,5,0.121931791305542,6,2,0.1125176601017895,0.2345973243251538,0.17984907310749393,0.03167089858906249,0.06967455466493712,0.1812829369420924
39,OnlineFPCA-sgd,0.1,14300,100,face,3,5,0.13542366027832,6,2,0.1183857130866866,0.06777273549096004,0.23546247880578897,0.031310165645700036,0.06984485893442385,0.18038298803895814
39,OnlineFPCA-sgd,0.1,14400,100,face,3,5,0.129106044769287,6,2,0.18230442106109188,0.09486036517602857,0.2072904241244652,0.0310721608892684,0.06961318743298055,0.17997229196825448
39,OnlineFPCA-sgd,0.1,14500,100,face,3,5,0.133050441741943,6,2,0.14926981767381586,0.16256367060307703,0.16276240255987573,0.03103208642558483,0.06976787225098463,0.1796276407196392
39,OnlineFPCA-sgd,0.1,14600,100,face,3,5,0.123762845993042,6,2,0.19800717044575802,0.1643291683549468,0.15089097813344934,0.03172303829877734,0.07006767416193738,0.17907747575461191
39,OnlineFPCA-sgd,0.1,14700,100,face,3,5,0.135036706924438,6,2,0.11842177268604802,0.15409788001588995,0.15028391787820347,0.03261877076930077,0.07020393255574632,0.17850679421410703
39,OnlineFPCA-sgd,0.1,14800,100,face,3,5,0.122982025146484,6,2,0.11217710721337465,0.173705951286017,0.24029225469563273,0.03304014326539784,0.0702351228289989,0.17830262512857062
39,OnlineFPCA-sgd,0.1,14900,100,face,3,5,0.131840944290161,6,2,0.1290062186914025,0.12124741363288198,0.26364826798942365,0.033316416496657286,0.07040975851771947,0.1788881210475064
39,OnlineFPCA-sgd,0.1,15000,100,face,3,5,0.124639987945557,6,2,0.11739489237478293,0.2081583419028311,0.2887155877534341,0.03335801650743482,0.07064526370154459,0.1796562329741325
39,OnlineFPCA-sgd,0.1,0,100,face,3,5,6.4053201675415,6,3,0.13571165624240533,1.3990713237722305,1.4174029949402176,0.13571165624240533,1.3990713237722305,1.4174029949402176
39,OnlineFPCA-sgd,0.1,100,100,face,3,5,0.434987306594849,6,3,1.0194073922635587,1.119548514217572,1.280451313770745,NA,NA,NA
39,OnlineFPCA-sgd,0.1,200,100,face,3,5,0.445656538009644,6,3,0.742261971447514,1.7376420622207487,1.471215650510931,NA,NA,NA
39,OnlineFPCA-sgd,0.1,300,100,face,3,5,0.426877021789551,6,3,0.7352272526986064,1.7146900772672697,1.3103759219083786,NA,NA,NA
39,OnlineFPCA-sgd,0.1,400,100,face,3,5,0.435910224914551,6,3,0.39380049133559025,1.666477714436361,1.6817178186388375,NA,NA,NA
39,OnlineFPCA-sgd,0.1,500,100,face,3,5,0.446441173553467,6,3,0.5350183372673407,1.5608887078873284,1.7283265304386264,NA,NA,NA
39,OnlineFPCA-sgd,0.1,600,100,face,3,5,0.442916393280029,6,3,0.5034402787136965,1.5637698130268467,1.7272071010652046,NA,NA,NA
39,OnlineFPCA-sgd,0.1,700,100,face,3,5,0.4422926902771,6,3,0.4347643988104153,0.29306197683859336,0.4137730067750837,NA,NA,NA
39,OnlineFPCA-sgd,0.1,800,100,face,3,5,0.44072437286377,6,3,0.3489121642639535,0.28621549202486896,0.4043181711542612,NA,NA,NA
39,OnlineFPCA-sgd,0.1,900,100,face,3,5,0.442936897277832,6,3,0.25392879115949674,0.2767192168744109,0.3926592725794315,NA,NA,NA
39,OnlineFPCA-sgd,0.1,1000,100,face,3,5,0.453518867492676,6,3,0.21095317448174208,0.2643085981967739,0.3822043299690585,NA,NA,NA
39,OnlineFPCA-sgd,0.1,1100,100,face,3,5,0.625117540359497,6,3,0.13620868518636783,0.18499106898824005,0.31549612322610526,0.16828129757490393,0.2157491744155759,0.3451394300183053
39,OnlineFPCA-sgd,0.1,1200,100,face,3,5,0.648697853088379,6,3,0.19663572352341951,0.16167086216212154,0.30806659885510335,0.14294332077599647,0.18435378939456037,0.3226874736047998
39,OnlineFPCA-sgd,0.1,1300,100,face,3,5,0.79057502746582,6,3,0.7427887784075278,1.4365940699317405,1.3617994987149762,0.11185487956330492,0.35694401515242297,0.43242287265898427
39,OnlineFPCA-sgd,0.1,1400,100,face,3,5,0.634058237075806,6,3,0.08878943547001357,0.20811977121432562,0.2363484755571011,0.10904640852425922,0.17582773468333907,0.28971272142124527
39,OnlineFPCA-sgd,0.1,1500,100,face,3,5,0.634261131286621,6,3,0.30389505316767806,0.8094112568817398,0.8044595353196017,0.07118400969370117,0.21617692380432377,0.3136233364160913
39,OnlineFPCA-sgd,0.1,1600,100,face,3,5,0.600371599197388,6,3,0.05797372272436567,0.18601011064629072,0.25304098359371235,0.05223608651558489,0.16796669021863378,0.27756623788243484
39,OnlineFPCA-sgd,0.1,1700,100,face,3,5,0.651633977890015,6,3,0.05779667697063476,0.1900462980691709,0.24857321553955258,0.036564795016176856,0.1684677590110927,0.2726855130864255
39,OnlineFPCA-sgd,0.1,1800,100,face,3,5,0.609676361083984,6,3,0.057207769436464904,0.18994843370911593,0.2425855286466974,0.026781817034958567,0.16915207053064035,0.26852145135225985
39,OnlineFPCA-sgd,0.1,1900,100,face,3,5,0.606052875518799,6,3,0.04982230564158124,0.18952378731350777,0.24209951256741083,0.022274145199083658,0.17008714595559507,0.2650786554131678
39,OnlineFPCA-sgd,0.1,2000,100,face,3,5,0.607834577560425,6,3,0.05315592650113437,0.18852238213010802,0.24431102814408084,0.02075097105035426,0.17119782725029262,0.26238037987344703
39,OnlineFPCA-sgd,0.1,2100,100,face,3,5,0.635231494903564,6,3,0.3392188529714832,0.18836864618358712,0.19798304055729776,0.01808560226442876,0.17073994904259351,0.25493167606824924
39,OnlineFPCA-sgd,0.1,2200,100,face,3,5,0.585031986236572,6,3,0.2827669122283081,0.33086881570241905,0.39221032291387764,0.020005326341922196,0.1719704226383867,0.24180500854520937
39,OnlineFPCA-sgd,0.1,2300,100,face,3,5,0.608296632766724,6,3,0.3949684611976053,0.3181836537627042,0.4229019449679455,0.02482878992246546,0.1783171655620801,0.2332859953459255
39,OnlineFPCA-sgd,0.1,2400,100,face,3,5,0.608954191207886,6,3,0.3833958346038878,0.3234081733814138,0.47864936538885944,0.021711636555580165,0.18501240048842593,0.22889229584245374
39,OnlineFPCA-sgd,0.1,2500,100,face,3,5,0.584056615829468,6,3,0.21513056043877346,0.27475824807612576,0.5012751830353922,0.023481520782228215,0.18816913888349282,0.229985062197443
39,OnlineFPCA-sgd,0.1,2600,100,face,3,5,0.60639762878418,6,3,0.2659884887552244,0.2714250637016225,0.43728571708553826,0.022531479865786373,0.18907514708846898,0.23246712564488226
39,OnlineFPCA-sgd,0.1,2700,100,face,3,5,0.617923974990845,6,3,0.257438713264724,0.27248795186566677,0.3331109812923983,0.021305253531444718,0.18974561249934974,0.23506976820287953
39,OnlineFPCA-sgd,0.1,2800,100,face,3,5,0.632976293563843,6,3,0.21818798517071292,0.2933296268887047,0.41084212639516493,0.018332121487285677,0.18915385959911507,0.23849831411716693
39,OnlineFPCA-sgd,0.1,2900,100,face,3,5,0.615742683410645,6,3,0.20615909118673986,0.2232241750247155,0.2785086690966545,0.015102210948146127,0.18692613965501448,0.24072441993928634
39,OnlineFPCA-sgd,0.1,3000,100,face,3,5,0.619065284729004,6,3,0.2359883495557172,0.20226082767508743,0.23628755840272023,0.015448838007486015,0.1841136163884958,0.23903541076824325
39,OnlineFPCA-sgd,0.1,3100,100,face,3,5,0.619925022125244,6,3,0.22132702909212265,0.2120758007814106,0.35116053799442104,0.014478818016626255,0.17976078134872822,0.23548713488686404
39,OnlineFPCA-sgd,0.1,3200,100,face,3,5,0.61453914642334,6,3,0.11118987152008818,0.262789557679662,0.37970053781897284,0.01941749053375986,0.17443671558011073,0.2362664941905213
39,OnlineFPCA-sgd,0.1,3300,100,face,3,5,0.618507146835327,6,3,0.20845767364838697,0.32211693976686423,0.40171605346710954,0.022551075664555126,0.17211945254103117,0.23837845215613052
39,OnlineFPCA-sgd,0.1,3400,100,face,3,5,0.632501840591431,6,3,0.2195925929662078,0.28120203538830285,0.3283539637000988,0.0276743751584933,0.1705603374526967,0.23834778838454465
39,OnlineFPCA-sgd,0.1,3500,100,face,3,5,0.59534740447998,6,3,0.13102037437486838,0.2718115708280594,0.2647125460243147,0.02741366791149224,0.16716139848090125,0.23798365582354605
39,OnlineFPCA-sgd,0.1,3600,100,face,3,5,0.789228200912476,6,3,0.14123477724626834,0.23945743282915674,0.3227543038933738,0.0293904778098507,0.16554707085720377,0.24047609984625348
39,OnlineFPCA-sgd,0.1,3700,100,face,3,5,0.615204811096191,6,3,0.2716690933906371,0.22564646748052342,0.334130114419382,0.030684299791234458,0.1642328077705676,0.2426780617104036
39,OnlineFPCA-sgd,0.1,3800,100,face,3,5,0.616441011428833,6,3,0.4326056103487818,0.3197153993693873,0.26673017870505383,0.03395046426710318,0.1616844678684388,0.24176536801993606
39,OnlineFPCA-sgd,0.1,3900,100,face,3,5,0.639094829559326,6,3,0.2988832022508271,0.2918192010594036,0.24485162681861233,0.037476499263520036,0.15879331601909816,0.23922203956017518
39,OnlineFPCA-sgd,0.1,4000,100,face,3,5,0.601915836334229,6,3,0.03984489074110108,0.15664715857075423,0.23527546001601804,0.03984489074110108,0.15664715857075423,0.23527546001601804
39,OnlineFPCA-sgd,0.1,4100,100,face,3,5,0.610070943832397,6,3,0.13275461009262732,0.39926499080186945,0.1842403650772945,0.1088322281887064,0.23704137817242235,0.21298847311395266
39,OnlineFPCA-sgd,0.1,4200,100,face,3,5,0.633826494216919,6,3,0.20964457863697777,0.26183526661116135,0.28308565973458155,0.09128275234773592,0.2661093499371459,0.21879509543187653
39,OnlineFPCA-sgd,0.1,4300,100,face,3,5,0.609457731246948,6,3,0.24958013542819588,0.21802901201645522,0.3417421314848948,0.06348475952019929,0.22235039625121794,0.24482450779875997
39,OnlineFPCA-sgd,0.1,4400,100,face,3,5,0.657332897186279,6,3,0.3181468642085469,0.1605792865281281,0.3465406442727787,0.05070325053705043,0.1849391466633411,0.26644571037418885
39,OnlineFPCA-sgd,0.1,4500,100,face,3,5,0.59056568145752,6,3,0.2830291247472477,0.2825605645288208,0.2117255104583053,0.03526477351087426,0.18379028577993073,0.2513141483823377
39,OnlineFPCA-sgd,0.1,4600,100,face,3,5,0.600751638412476,6,3,0.3056852307194831,0.23006831023111063,0.24989564007063286,0.04853507718858862,0.17777549792740363,0.23560437425374428
39,OnlineFPCA-sgd,0.1,4700,100,face,3,5,0.630217790603638,6,3,0.14687486637472547,0.22362327898687445,0.2391388681289062,0.061985465170627675,0.16837441513261744,0.22395550767934297
39,OnlineFPCA-sgd,0.1,4800,100,face,3,5,0.591764688491821,6,3,0.17802898997122082,0.2263167195202465,0.4018808082692702,0.061926040900763556,0.16377642383417804,0.2251005658569276
39,OnlineFPCA-sgd,0.1,4900,100,face,3,5,0.614487648010254,6,3,0.24744784519719518,0.20719531913011,0.45418985937161244,0.06479569161231363,0.16203652764005694,0.23490293609078558
39,OnlineFPCA-sgd,0.1,5000,100,face,3,5,0.614122867584229,6,3,0.21439405551537774,0.3086688412212179,0.5073973047020067,0.06746930968277334,0.1625441006033539,0.24406893611538838
39,OnlineFPCA-sgd,0.1,5100,100,face,3,5,0.122497081756592,6,3,0.3514337781967475,0.17499325962752854,0.5607248462097306,0.0753490207272656,0.16324201142896202,0.25652209059997505
39,OnlineFPCA-sgd,0.1,5200,100,face,3,5,0.131735324859619,6,3,0.2300284091313339,0.1608890548120633,0.2972055827558917,0.07696632103003385,0.15039140471168652,0.25904492410924346
39,OnlineFPCA-sgd,0.1,5300,100,face,3,5,0.120360851287842,6,3,0.18791872840052423,0.20060206000781033,0.3045489993293256,0.08066705493873173,0.1424392757514802,0.25609903660194644
39,OnlineFPCA-sgd,0.1,5400,100,face,3,5,0.129331588745117,6,3,0.17281994201389736,0.21513516861065163,0.3789510214036869,0.08227119053422752,0.13877929599051655,0.256284454426513
39,OnlineFPCA-sgd,0.1,5500,100,face,3,5,0.129271984100342,6,3,0.2177579861839034,0.29950064506566304,0.3727220087818065,0.08168282745471458,0.14010947155746442,0.2601813114283021
39,OnlineFPCA-sgd,0.1,5600,100,face,3,5,0.130477905273438,6,3,0.16819193448004222,0.20618272137957494,0.24028122542256236,0.08064696593661881,0.1392676317581709,0.2599405439899346
39,OnlineFPCA-sgd,0.1,5700,100,face,3,5,0.129033088684082,6,3,0.3598555036394127,0.1519070336850501,0.33151910066464463,0.08005871987974317,0.1390949944377758,0.2606876166682102
39,OnlineFPCA-sgd,0.1,5800,100,face,3,5,0.133804559707642,6,3,0.22603168786167874,0.07836382447489856,0.23384538397957197,0.0784997691411659,0.13755255149341444,0.2581258468030356
39,OnlineFPCA-sgd,0.1,5900,100,face,3,5,0.124963283538818,6,3,0.33739342714789544,0.18846561306173568,0.288680259308774,0.07178254409337073,0.13234477556634638,0.2518583875612217
39,OnlineFPCA-sgd,0.1,6000,100,face,3,5,0.127521276473999,6,3,0.17565764007067514,0.18615647565545043,0.19037530815921042,0.06728201467982473,0.1258944556463519,0.2475391337627406
39,OnlineFPCA-sgd,0.1,6100,100,face,3,5,0.126142024993896,6,3,0.11428350555104144,0.16090118030175235,0.23420001931340262,0.06300134445377524,0.12174313527563704,0.24030128176788967
39,OnlineFPCA-sgd,0.1,6200,100,face,3,5,0.133018493652344,6,3,0.28312749368089146,0.24719964551012358,0.24570002755477852,0.05781085547477597,0.11819264322737738,0.2342939485305885
39,OnlineFPCA-sgd,0.1,6300,100,face,3,5,0.121499538421631,6,3,0.2532056637881513,0.20852906924885264,0.2470128653251221,0.05235794986037828,0.12138906715590969,0.22921456473715582
39,OnlineFPCA-sgd,0.1,6400,100,face,3,5,0.122256755828857,6,3,0.22450841566563723,0.13614429805500425,0.23828935934794343,0.05002207936622054,0.11960881849197363,0.22329042553083422
39,OnlineFPCA-sgd,0.1,6500,100,face,3,5,0.12763500213623,6,3,0.1594602919156079,0.2247517088144587,0.24086954019576487,0.04814654875471205,0.11607167163515979,0.22068904228831474
39,OnlineFPCA-sgd,0.1,6600,100,face,3,5,0.128620147705078,6,3,0.1557376560673423,0.15706064702106262,0.24900374859853935,0.04510141537479709,0.11664850507478865,0.21645055686102588
39,OnlineFPCA-sgd,0.1,6700,100,face,3,5,0.12682580947876,6,3,0.208520806214241,0.1256332928802588,0.2210243994602895,0.04416474414492311,0.11412509590854021,0.21182656250176488
39,OnlineFPCA-sgd,0.1,6800,100,face,3,5,0.129902124404907,6,3,0.1531848562152508,0.23921251826627687,0.22073663126337184,0.041798650758366654,0.11065000422523259,0.20738689666621102
39,OnlineFPCA-sgd,0.1,6900,100,face,3,5,0.122133255004883,6,3,0.2888980039524555,0.1789344528810304,0.2662598198444799,0.04270715778060266,0.10873569171820051,0.20415059181568757
39,OnlineFPCA-sgd,0.1,7000,100,face,3,5,0.129800081253052,6,3,0.12913021020335108,0.16293061650252189,0.18952513925606554,0.04382570761286302,0.10817238986918283,0.20090832337312445
39,OnlineFPCA-sgd,0.1,7100,100,face,3,5,0.13072657585144,6,3,0.24393621179165603,0.15216068768376828,0.19918263490549548,0.04398653279108473,0.1073952456481685,0.1970652525695055
39,OnlineFPCA-sgd,0.1,7200,100,face,3,5,0.130594968795776,6,3,0.2617473087388285,0.23362304303838025,0.2613076717786822,0.043293029663727986,0.10554779584294827,0.19369787874343555
39,OnlineFPCA-sgd,0.1,7300,100,face,3,5,0.132374048233032,6,3,0.32792143998579,0.22181002814777703,0.291358763675379,0.04454370122299931,0.10337886619353803,0.19304915201689604
39,OnlineFPCA-sgd,0.1,7400,100,face,3,5,0.135250568389893,6,3,0.31001876323840866,0.22958489400507906,0.3576306012814554,0.04360451987788812,0.10204779447433837,0.19288293280955374
39,OnlineFPCA-sgd,0.1,7500,100,face,3,5,0.12248706817627,6,3,0.12522204233337828,0.1793652411441758,0.3692441828204502,0.043172469506088204,0.09870535504372821,0.19460652814205098
39,OnlineFPCA-sgd,0.1,7600,100,face,3,5,0.134407043457031,6,3,0.18230854511906952,0.1775799098104251,0.3365511007983305,0.04356926128805626,0.09689126116521327,0.19570108388369803
39,OnlineFPCA-sgd,0.1,7700,100,face,3,5,0.123322010040283,6,3,0.2076200428585628,0.1663008282903446,0.27761072171603957,0.04351748738332235,0.09646548914297019,0.1964487742733814
39,OnlineFPCA-sgd,0.1,7800,100,face,3,5,0.135281801223755,6,3,0.1989504276903381,0.209413286539293,0.35208631108942534,0.04234756831607118,0.09738650970212606,0.1981310897737268
39,OnlineFPCA-sgd,0.1,7900,100,face,3,5,0.132762908935547,6,3,0.18582132690816958,0.155556024831439,0.2599923871724348,0.03957456881105338,0.09621468268044912,0.1991174493171805
39,OnlineFPCA-sgd,0.1,8000,100,face,3,5,0.125067710876465,6,3,0.16411301440660464,0.14959841140491303,0.22824654231699718,0.03700359749394682,0.09397571435752207,0.19870171986796087
39,OnlineFPCA-sgd,0.1,8100,100,face,3,5,0.126450538635254,6,3,0.18815224946111964,0.16566006805494252,0.2792009855779355,0.03583352589999801,0.09125896412207105,0.1978321286231716
39,OnlineFPCA-sgd,0.1,8200,100,face,3,5,0.122245073318481,6,3,0.08542843073000103,0.20581290877500552,0.3234558716403648,0.03475230796618169,0.08956786998329401,0.1990227908837897
39,OnlineFPCA-sgd,0.1,8300,100,face,3,5,0.119826316833496,6,3,0.17216150525591703,0.2592888142374378,0.36551322760773997,0.033908617112704785,0.08790160253808808,0.20090876517131798
39,OnlineFPCA-sgd,0.1,8400,100,face,3,5,0.127806901931763,6,3,0.17972265838742968,0.24407179122872333,0.31933315554695657,0.034612461847524534,0.08625408799657944,0.2021022848863004
39,OnlineFPCA-sgd,0.1,8500,100,face,3,5,0.123497009277344,6,3,0.12187035911541567,0.21254584901457743,0.2807960894126448,0.03330812558550601,0.08481665269779119,0.20303444547403685
39,OnlineFPCA-sgd,0.1,8600,100,face,3,5,0.138891696929932,6,3,0.13096215439605732,0.1897728973783475,0.29564200935031015,0.03284668551403242,0.08360208781889847,0.20520763119083468
39,OnlineFPCA-sgd,0.1,8700,100,face,3,5,0.133556604385376,6,3,0.24878259503522313,0.16407572646860238,0.3092077273363128,0.034624371062130364,0.08179886614941856,0.20696505699796403
39,OnlineFPCA-sgd,0.1,8800,100,face,3,5,0.132128715515137,6,3,0.30634591872119854,0.22226311341443966,0.19524083591824715,0.035829343956970364,0.08070261873689397,0.20700740388617908
39,OnlineFPCA-sgd,0.1,8900,100,face,3,5,0.132562160491943,6,3,0.24837651910305647,0.22738872479317634,0.19332339511107327,0.035471352817104985,0.08030471284486619,0.20586933317837827
39,OnlineFPCA-sgd,0.1,9000,100,face,3,5,0.130688190460205,6,3,0.22120675779842489,0.211857442248106,0.19135946039816648,0.03407258235123233,0.08064213998155123,0.20399857338443753
39,OnlineFPCA-sgd,0.1,9100,100,face,3,5,0.120676279067993,6,3,0.12459827186655589,0.366168953824908,0.19975991991190895,0.03402042770653033,0.08141157996760688,0.2010738477169487
39,OnlineFPCA-sgd,0.1,9200,100,face,3,5,0.128216743469238,6,3,0.1372509629991013,0.24816573123200739,0.21981500115589808,0.03406670021456514,0.0828650840907963,0.1981185988812895
39,OnlineFPCA-sgd,0.1,9300,100,face,3,5,0.128708124160767,6,3,0.18918073518864412,0.12217866190342018,0.2891336268508646,0.033240479163172486,0.08363402822280376,0.19570567143838188
39,OnlineFPCA-sgd,0.1,9400,100,face,3,5,0.126317977905273,6,3,0.23915887773691344,0.11450023186833398,0.25673620083708554,0.03301788357115937,0.08323928201730114,0.19466962217330713
39,OnlineFPCA-sgd,0.1,9500,100,face,3,5,0.13100528717041,6,3,0.20723841903953624,0.2223815790235145,0.17123351219967742,0.0329249148292023,0.08405717342052577,0.19370136584511063
39,OnlineFPCA-sgd,0.1,9600,100,face,3,5,0.125792503356934,6,3,0.2470320414263618,0.1940586952015544,0.17380503240537634,0.03457844198105177,0.08488735108003054,0.1923810817012762
39,OnlineFPCA-sgd,0.1,9700,100,face,3,5,0.123177766799927,6,3,0.12311018627166533,0.17993169860779665,0.16880658081039443,0.03630150093883267,0.08521226546565618,0.19111490773972364
39,OnlineFPCA-sgd,0.1,9800,100,face,3,5,0.122437000274658,6,3,0.13703128036211404,0.19417157583320072,0.3026494532051441,0.036946939522251726,0.08540159071553832,0.19100491730474828
39,OnlineFPCA-sgd,0.1,9900,100,face,3,5,0.132482767105103,6,3,0.17784341953892227,0.16008331417489272,0.33937228380125933,0.03732574123214876,0.08573923051172752,0.19285228160465595
39,OnlineFPCA-sgd,0.1,10000,100,face,3,5,0.121981620788574,6,3,0.16189884463521967,0.2610334799488549,0.37635248153063044,0.037392503952000264,0.08621884691133815,0.195102135038592
39,OnlineFPCA-sgd,0.1,10100,100,face,3,5,0.129900217056274,6,3,0.2698664652828973,0.17911243288928777,0.4157678441686733,0.03788237446643439,0.08677731404639819,0.1974286028161271
39,OnlineFPCA-sgd,0.1,10200,100,face,3,5,0.128112554550171,6,3,0.18827954702474464,0.14224205209340884,0.24457457578266226,0.03800920557820079,0.08563986542926692,0.19839791363315248
39,OnlineFPCA-sgd,0.1,10300,100,face,3,5,0.125806570053101,6,3,0.15993450521164262,0.1947942319692001,0.24828457690440273,0.0381687441430509,0.08471842803155204,0.1985045124920027
39,OnlineFPCA-sgd,0.1,10400,100,face,3,5,0.127821445465088,6,3,0.16133359936734104,0.19588356403192841,0.30479595080690236,0.03822939165373274,0.08454366457370756,0.1988459850058944
39,OnlineFPCA-sgd,0.1,10500,100,face,3,5,0.130562782287598,6,3,0.17874928239635898,0.2712880387639757,0.30898793613754155,0.03805711085423053,0.0850801280306785,0.19951223667076567
39,OnlineFPCA-sgd,0.1,10600,100,face,3,5,0.125036716461182,6,3,0.15469746573926624,0.1792443675597826,0.21613580366401036,0.03741845459949071,0.08550341526649283,0.19966004468560475
39,OnlineFPCA-sgd,0.1,10700,100,face,3,5,0.129788160324097,6,3,0.31722715410658114,0.14951144386296636,0.2858311438604172,0.037580891195727925,0.08604465861947054,0.20019278998724088
39,OnlineFPCA-sgd,0.1,10800,100,face,3,5,0.122479200363159,6,3,0.19850997690213293,0.10105336766265946,0.19106047410267382,0.037996303404466025,0.08636079083947368,0.20010668950785038
39,OnlineFPCA-sgd,0.1,10900,100,face,3,5,0.124813318252563,6,3,0.2773655968068997,0.17108512409578497,0.2393065552220562,0.037378562993134946,0.08598778606447777,0.1990835462022079
39,OnlineFPCA-sgd,0.1,11000,100,face,3,5,0.13529109954834,6,3,0.14157016443061313,0.17320055777236784,0.16545937037897815,0.037072803184643295,0.08530703633423953,0.19816637003156748
39,OnlineFPCA-sgd,0.1,11100,100,face,3,5,0.123992443084717,6,3,0.09385447525876983,0.14160571855579693,0.18962200842070318,0.03642396880411004,0.08469372789168238,0.19673428932683815
39,OnlineFPCA-sgd,0.1,11200,100,face,3,5,0.126348972320557,6,3,0.2497230385696282,0.21401088553125458,0.1927446479133032,0.036083488706666646,0.08407530353403493,0.19551088094356153
39,OnlineFPCA-sgd,0.1,11300,100,face,3,5,0.129321098327637,6,3,0.2249793757622676,0.18842205514222524,0.19118335835424238,0.03547007807242694,0.08465094457305596,0.19422968940234286
39,OnlineFPCA-sgd,0.1,11400,100,face,3,5,0.130051851272583,6,3,0.1936740707674651,0.14110089912163168,0.18773573411062278,0.03485297235518861,0.08418462131696318,0.19275917711268642
39,OnlineFPCA-sgd,0.1,11500,100,face,3,5,0.1290442943573,6,3,0.1146661229529518,0.172168695686798,0.19021072488232163,0.03455373870313349,0.08354942120049956,0.19187118273587067
39,OnlineFPCA-sgd,0.1,11600,100,face,3,5,0.123944520950317,6,3,0.09751902698635452,0.12701762631231225,0.196109651310128,0.03400900616686696,0.0838824806877322,0.19058367846071217
39,OnlineFPCA-sgd,0.1,11700,100,face,3,5,0.125334501266479,6,3,0.15070914661813806,0.11483875624784341,0.18015901224601394,0.03429971953573852,0.08362936262637553,0.18912433467607095
39,OnlineFPCA-sgd,0.1,11800,100,face,3,5,0.134050846099854,6,3,0.13047931352313735,0.1953039453226295,0.17841904567541467,0.033956192722339934,0.08294767937222916,0.18798169512501586
39,OnlineFPCA-sgd,0.1,11900,100,face,3,5,0.121317148208618,6,3,0.2398955056574799,0.12176217533270124,0.22321938011759943,0.03425733860464723,0.08232810130096144,0.18738467199462028
39,OnlineFPCA-sgd,0.1,12000,100,face,3,5,0.12794017791748,6,3,0.10723281519409825,0.11338931395270405,0.1557857781657968,0.03443971047862549,0.08217934032046825,0.18678333164742342
39,OnlineFPCA-sgd,0.1,12100,100,face,3,5,0.129858493804932,6,3,0.18875236601110154,0.113401489134234,0.15214314312818217,0.03449176690549994,0.08205225078481503,0.18570497486111634
39,OnlineFPCA-sgd,0.1,12200,100,face,3,5,0.129272937774658,6,3,0.2137317567825732,0.18027352282434922,0.2234474041123418,0.0344602142984886,0.08167864316434688,0.1848673912301563
39,OnlineFPCA-sgd,0.1,12300,100,face,3,5,0.139273166656494,6,3,0.2635864515827254,0.17132931592926856,0.24520465866444832,0.035232671378643304,0.08123918657779182,0.18491505455531002
39,OnlineFPCA-sgd,0.1,12400,100,face,3,5,0.127139091491699,6,3,0.2799231138868772,0.18400913514319675,0.2997674938159697,0.03514798647961853,0.08084989028505912,0.1851603381291628
39,OnlineFPCA-sgd,0.1,12500,100,face,3,5,0.128884792327881,6,3,0.10794560291595746,0.13759074521915643,0.31216645870846416,0.03516884114015137,0.07983480449992124,0.18599928634998064
39,OnlineFPCA-sgd,0.1,12600,100,face,3,5,0.117342472076416,6,3,0.1402536670890447,0.13531930188194,0.2965735481018517,0.03514701283150093,0.07903681263507452,0.18664104403141468
39,OnlineFPCA-sgd,0.1,12700,100,face,3,5,0.123417854309082,6,3,0.18487106124511835,0.13033860494914748,0.25192362727347956,0.034980407664884076,0.0786150380771541,0.18711628771053712
39,OnlineFPCA-sgd,0.1,12800,100,face,3,5,0.130864143371582,6,3,0.19696648256425306,0.16730217363889802,0.3147268403087516,0.034380858061377174,0.07878057127560961,0.1878696468153493
39,OnlineFPCA-sgd,0.1,12900,100,face,3,5,0.125976800918579,6,3,0.1679898829290701,0.12209989880824663,0.23979354972763625,0.03328207625714826,0.07844147362308553,0.18828438901228325
39,OnlineFPCA-sgd,0.1,13000,100,face,3,5,0.126858472824097,6,3,0.12175715064617756,0.12189910210406445,0.21381980381094626,0.03233940270947288,0.07774458778033697,0.1881727394307185
39,OnlineFPCA-sgd,0.1,13100,100,face,3,5,0.127569437026978,6,3,0.16672445916468043,0.14233194761309068,0.2451385456818204,0.03191028302133459,0.07684471863457296,0.18790908305388795
39,OnlineFPCA-sgd,0.1,13200,100,face,3,5,0.12638521194458,6,3,0.08057191143896113,0.16854110056701968,0.2859514837610853,0.03162033901541451,0.0763357931847389,0.18831551706720676
39,OnlineFPCA-sgd,0.1,13300,100,face,3,5,0.129036426544189,6,3,0.14884211039962097,0.22046319940642642,0.3325654147105714,0.03147434964617457,0.07570644819336438,0.18901387454666363
39,OnlineFPCA-sgd,0.1,13400,100,face,3,5,0.13029408454895,6,3,0.15732494713441053,0.21441244141919044,0.3004976779667287,0.03210066851373854,0.07500185455844625,0.18955125974982387
39,OnlineFPCA-sgd,0.1,13500,100,face,3,5,0.128488063812256,6,3,0.11608764406233069,0.17978651306988044,0.2757940120129852,0.03184427491827745,0.07433000927630755,0.19004616207788305
39,OnlineFPCA-sgd,0.1,13600,100,face,3,5,0.127323389053345,6,3,0.12327716459904692,0.16537339357984485,0.27488028037252277,0.031815480940050274,0.07372183572723912,0.1909379461007456
39,OnlineFPCA-sgd,0.1,13700,100,face,3,5,0.130281686782837,6,3,0.2266599448116566,0.141516374687091,0.3046127456754037,0.03254629576760174,0.0727873506043828,0.19173272429975163
39,OnlineFPCA-sgd,0.1,13800,100,face,3,5,0.127223968505859,6,3,0.26625527405216515,0.17229035002388732,0.19998407058881632,0.03314440601697967,0.07217057522034112,0.19196882410825308
39,OnlineFPCA-sgd,0.1,13900,100,face,3,5,0.127872467041016,6,3,0.21208233464221227,0.18870714210423395,0.18562181582982032,0.03320782621522407,0.07189150800989126,0.19170370305825193
39,OnlineFPCA-sgd,0.1,14000,100,face,3,5,0.13343620300293,6,3,0.19327089575324688,0.18553726363800294,0.17509268346531037,0.03274551644022646,0.07196459336638064,0.19108043908335653
39,OnlineFPCA-sgd,0.1,14100,100,face,3,5,0.129717350006104,6,3,0.11654038197076579,0.32819062295792373,0.17159056190156421,0.0327736759635534,0.07229029406691641,0.18999508164287757
39,OnlineFPCA-sgd,0.1,14200,100,face,3,5,0.124249935150146,6,3,0.11892202516648887,0.24214619346052832,0.19234641973979588,0.03280038147983944,0.07287607210138392,0.18881019804890453
39,OnlineFPCA-sgd,0.1,14300,100,face,3,5,0.136559247970581,6,3,0.14748895957488883,0.08645387575972054,0.2557341141773735,0.03240832848940233,0.07318188775352578,0.18777901754783943
39,OnlineFPCA-sgd,0.1,14400,100,face,3,5,0.124707221984863,6,3,0.20440930138690871,0.10254138178397078,0.2240305764683792,0.03222732089288503,0.07296286625641005,0.18732205458712292
39,OnlineFPCA-sgd,0.1,14500,100,face,3,5,0.130446910858154,6,3,0.17258830324943314,0.18929065799128386,0.16606804142946924,0.03220086624396424,0.07334860557093933,0.18693902367958526
39,OnlineFPCA-sgd,0.1,14600,100,face,3,5,0.134200572967529,6,3,0.21904344945595938,0.1794624183033097,0.16129555721617156,0.03297626964390995,0.07381101577342068,0.18632943689117556
39,OnlineFPCA-sgd,0.1,14700,100,face,3,5,0.123467683792114,6,3,0.11970524557607558,0.16788768829220022,0.15853497291776766,0.033881017222000286,0.07405200591930103,0.18571503941593254
39,OnlineFPCA-sgd,0.1,14800,100,face,3,5,0.123497486114502,6,3,0.12193505715036655,0.18416552457982135,0.26488465540415,0.03427719290624934,0.07417836692195863,0.1855512299243633
39,OnlineFPCA-sgd,0.1,14900,100,face,3,5,0.136615753173828,6,3,0.14823608769966365,0.138207748205627,0.29468263573913317,0.03450983446704321,0.07443206745246084,0.18629371954957788
39,OnlineFPCA-sgd,0.1,15000,100,face,3,5,0.121657133102417,6,3,0.1356574773072901,0.23180077036271474,0.32514918694404926,0.03453460839561891,0.07474357519028096,0.18723794811732072
39,OnlineFPCA-sgd,0.1,0,100,face,3,5,6.4053201675415,8,1,0.13571165624240533,0.1863838381641178,0.3520904473894682,0.13571165624240533,0.1863838381641178,0.3520904473894682
39,OnlineFPCA-sgd,0.1,100,100,face,3,5,0.556528329849243,8,1,0.49257888377946435,0.5418164763624755,0.5118682031699792,NA,NA,NA
39,OnlineFPCA-sgd,0.1,200,100,face,3,5,0.565337657928467,8,1,0.9361776568471629,1.4060755753422642,0.3882306683312273,NA,NA,NA
39,OnlineFPCA-sgd,0.1,300,100,face,3,5,0.562169790267944,8,1,0.7274164706319438,0.8654579502589826,0.9252302343932973,NA,NA,NA
39,OnlineFPCA-sgd,0.1,400,100,face,3,5,0.573607921600342,8,1,0.46517076157146003,0.7563978397853236,0.8103459620570677,NA,NA,NA
39,OnlineFPCA-sgd,0.1,500,100,face,3,5,0.5806725025177,8,1,0.5603375742428574,0.5616604488835559,0.963938909178719,NA,NA,NA
39,OnlineFPCA-sgd,0.1,600,100,face,3,5,0.569550752639771,8,1,0.49790301283756244,0.5806083096473442,0.9628230670598997,NA,NA,NA
39,OnlineFPCA-sgd,0.1,700,100,face,3,5,0.589332103729248,8,1,0.47714028160130006,0.5752088863987317,0.9619476801757868,NA,NA,NA
39,OnlineFPCA-sgd,0.1,800,100,face,3,5,0.559414625167847,8,1,0.4577570169835225,0.5653541453332377,0.9601644935344312,NA,NA,NA
39,OnlineFPCA-sgd,0.1,900,100,face,3,5,0.586137771606445,8,1,0.4296576171123203,0.5552497383319304,0.957952436831275,NA,NA,NA
39,OnlineFPCA-sgd,0.1,1000,100,face,3,5,0.584956169128418,8,1,0.4011135927579651,0.5409788727170484,0.9570784994220762,NA,NA,NA
39,OnlineFPCA-sgd,0.1,1100,100,face,3,5,0.819772481918335,8,1,0.20420903986056801,0.3304983923453313,0.8707327012430689,0.15312149373266182,0.3671292652600268,0.9318014144318899
39,OnlineFPCA-sgd,0.1,1200,100,face,3,5,0.842047214508057,8,1,0.269308102576066,0.17510184684407315,0.8221186429497332,0.13828642783699271,0.27495814879592234,0.8968228160322131
39,OnlineFPCA-sgd,0.1,1300,100,face,3,5,0.812753677368164,8,1,0.2545550485716688,0.3553872108470424,0.6800135388710222,0.11911755978220959,0.2731544750721899,0.8436483521147344
39,OnlineFPCA-sgd,0.1,1400,100,face,3,5,0.825425624847412,8,1,0.15319780772627473,0.3743661656767956,0.5459276659159595,0.12194174641352497,0.29366204409791996,0.7879393134474446
39,OnlineFPCA-sgd,0.1,1500,100,face,3,5,0.821832180023193,8,1,0.1833936964020391,0.2714445873962639,0.43682759860919257,0.10368821436279378,0.2781520207654812,0.7263535654076555
39,OnlineFPCA-sgd,0.1,1600,100,face,3,5,0.816175222396851,8,1,0.08996878807872645,0.21530201867562915,0.4091777882530374,0.08995653935324194,0.26419975875514545,0.673961159535592
39,OnlineFPCA-sgd,0.1,1700,100,face,3,5,0.969467639923096,8,1,0.2034985800297455,0.23220642987730328,0.32121369153838664,0.07357909740945419,0.2539023641430236,0.6274864968308478
39,OnlineFPCA-sgd,0.1,1800,100,face,3,5,0.810436964035034,8,1,0.12379351468734033,0.23141280563808922,0.25346461275195403,0.06708610105086711,0.2461371436722593,0.5772771833040928
39,OnlineFPCA-sgd,0.1,1900,100,face,3,5,0.821466445922852,8,1,0.26616026058852205,0.26301652250743435,0.2399623769375834,0.06180792251634146,0.24121107332434927,0.5333645846504094
39,OnlineFPCA-sgd,0.1,2000,100,face,3,5,0.837922334671021,8,1,0.13617714385948193,0.2490154466293133,0.31918483587947194,0.06164236140713122,0.2400027210920293,0.49758908186393824
39,OnlineFPCA-sgd,0.1,2100,100,face,3,5,0.805417776107788,8,1,0.29032589780882445,0.21060298279404188,0.221094017011563,0.05665040343845989,0.23804673115572972,0.47089418058569105
39,OnlineFPCA-sgd,0.1,2200,100,face,3,5,0.778319835662842,8,1,0.24819573050213692,0.2955542804785765,0.3237151630833382,0.04796131670385635,0.23428731114454154,0.4365280320434705
39,OnlineFPCA-sgd,0.1,2300,100,face,3,5,0.827950716018677,8,1,0.34608018325826845,0.26629132328778843,0.2933816468136285,0.04721135939524975,0.2283743250289755,0.3975047617743838
39,OnlineFPCA-sgd,0.1,2400,100,face,3,5,0.816782236099243,8,1,0.3408161647969252,0.2847803446993534,0.33914836625467887,0.04402651745417825,0.22522119171810404,0.3635395475031285
39,OnlineFPCA-sgd,0.1,2500,100,face,3,5,0.782911777496338,8,1,0.15393045615110373,0.22633854688988223,0.3292665099737976,0.04247596164542368,0.2218117259359975,0.3327681306446558
39,OnlineFPCA-sgd,0.1,2600,100,face,3,5,0.814549207687378,8,1,0.22483141847125337,0.2321651147238135,0.3211678385539926,0.042506892800843264,0.21953582952649775,0.3084798417707768
39,OnlineFPCA-sgd,0.1,2700,100,face,3,5,0.812978029251099,8,1,0.23915945157281196,0.24981967975167196,0.24791548631441204,0.04055292288668634,0.2178013610702769,0.29164075329862227
39,OnlineFPCA-sgd,0.1,2800,100,face,3,5,0.813550472259521,8,1,0.20669863625738755,0.2736756934434775,0.3224928510324252,0.03865494360132767,0.21489615241541957,0.2773843447305791
39,OnlineFPCA-sgd,0.1,2900,100,face,3,5,0.806207656860352,8,1,0.2027281665097523,0.2038068736133252,0.21364402474497712,0.03382893632813094,0.21071847247989192,0.2652695328181932
39,OnlineFPCA-sgd,0.1,3000,100,face,3,5,0.814642429351807,8,1,0.20379304495394707,0.19231695843300559,0.2029000074324688,0.02934262753486866,0.20671978029043095,0.25832230524110783
39,OnlineFPCA-sgd,0.1,3100,100,face,3,5,0.791927099227905,8,1,0.2029155515299988,0.20577477359748375,0.2898357412666204,0.0272806247220158,0.2020317680953712,0.25324392905123044
39,OnlineFPCA-sgd,0.1,3200,100,face,3,5,0.82235860824585,8,1,0.10460220909601094,0.2755354250372002,0.31873977460205144,0.026375952197062732,0.1980142495045981,0.25241216634164526
39,OnlineFPCA-sgd,0.1,3300,100,face,3,5,0.791847229003906,8,1,0.19382317552107037,0.3194852704956632,0.3612508346615783,0.025665207237106327,0.19550134476442463,0.25481559041579654
39,OnlineFPCA-sgd,0.1,3400,100,face,3,5,0.960647583007812,8,1,0.207068134970138,0.2818203098466297,0.3016877368485635,0.02527181854768088,0.19400970522464822,0.25630130458744665
39,OnlineFPCA-sgd,0.1,3500,100,face,3,5,0.789863348007202,8,1,0.12603199749962188,0.27078317968351123,0.22560554199166216,0.021282774232156784,0.1913558795454691,0.2543576261571487
39,OnlineFPCA-sgd,0.1,3600,100,face,3,5,0.800085067749023,8,1,0.13790696206595432,0.22920938083023776,0.2841867806446647,0.0214422561861665,0.18928662593166623,0.25415723255705586
39,OnlineFPCA-sgd,0.1,3700,100,face,3,5,0.791337490081787,8,1,0.2628229740195943,0.1995020936488675,0.27667787798240606,0.023798853219482264,0.1866564051975553,0.2512513340068659
39,OnlineFPCA-sgd,0.1,3800,100,face,3,5,0.819283962249756,8,1,0.36270208461089015,0.30430326458283713,0.1980074423369413,0.027631294206400994,0.1836125115606025,0.2451498124335606
39,OnlineFPCA-sgd,0.1,3900,100,face,3,5,0.825390338897705,8,1,0.281569481192484,0.27339423542951385,0.19406838673836288,0.029051992807419928,0.18113369369281282,0.23833191052992633
39,OnlineFPCA-sgd,0.1,4000,100,face,3,5,0.78688907623291,8,1,0.02946277345348636,0.1779553637013702,0.23009675400888785,0.02946277345348636,0.1779553637013702,0.23009675400888785
39,OnlineFPCA-sgd,0.1,4100,100,face,3,5,0.799006223678589,8,1,0.11759246844220693,0.3638859897506477,0.18988596435857757,0.10145488377467242,0.25045846664417976,0.21535619692958308
39,OnlineFPCA-sgd,0.1,4200,100,face,3,5,0.829671382904053,8,1,0.17910999621174553,0.2571941736777993,0.21394436687458687,0.09759478840032705,0.27101893323673876,0.1938411520215191
39,OnlineFPCA-sgd,0.1,4300,100,face,3,5,0.833385229110718,8,1,0.2084477123911549,0.2219909074277626,0.27883052471301706,0.06985127718573958,0.23525816642498984,0.2017445660966816
39,OnlineFPCA-sgd,0.1,4400,100,face,3,5,0.81589412689209,8,1,0.28300837637170734,0.14226699314709443,0.292581841102498,0.05477923744506485,0.19616502312247158,0.21549759453479103
39,OnlineFPCA-sgd,0.1,4500,100,face,3,5,0.818261384963989,8,1,0.24951801669005433,0.2531330091543046,0.19131989554103196,0.03990189280948436,0.18404778575344177,0.21319342460792087
39,OnlineFPCA-sgd,0.1,4600,100,face,3,5,0.828972578048706,8,1,0.28330935567682053,0.20970544909023447,0.242736005115948,0.048439759341921754,0.1696060300103336,0.21039110032514444
39,OnlineFPCA-sgd,0.1,4700,100,face,3,5,0.813250064849854,8,1,0.12890622053290152,0.20267659318843154,0.22330115956501564,0.06201125654171541,0.15612065917077447,0.20535655796668081
39,OnlineFPCA-sgd,0.1,4800,100,face,3,5,0.83568000793457,8,1,0.15547452820344748,0.21569239739986584,0.354873274036108,0.0633115753430406,0.14941575261858853,0.208011209771047
39,OnlineFPCA-sgd,0.1,4900,100,face,3,5,0.816309690475464,8,1,0.21904683018713633,0.18533400314991516,0.40525043321500465,0.064804094221317,0.14676120487224817,0.2183355406567911
39,OnlineFPCA-sgd,0.1,5000,100,face,3,5,0.826704025268555,8,1,0.19231634498798778,0.2873287485281703,0.4504665059316951,0.06525403544743417,0.14701009272553256,0.22904716212557
39,OnlineFPCA-sgd,0.1,5100,100,face,3,5,0.134206056594849,8,1,0.31946956764375717,0.1748122160393006,0.5021464700954344,0.07133211359994333,0.14819457336762257,0.24203675196317503
39,OnlineFPCA-sgd,0.1,5200,100,face,3,5,0.127984046936035,8,1,0.21516735944176155,0.15402501692333934,0.2720396671813941,0.07296491952781815,0.1378289432560351,0.24495508142048694
39,OnlineFPCA-sgd,0.1,5300,100,face,3,5,0.124458074569702,8,1,0.1764623020284066,0.20119536178990283,0.27812488472795793,0.07703041015343694,0.13142270052014624,0.24273896236455283
39,OnlineFPCA-sgd,0.1,5400,100,face,3,5,0.12346076965332,8,1,0.16963191930025256,0.2069692373627746,0.3425049664663918,0.07831466283687687,0.12855051579803498,0.24354073532900675
39,OnlineFPCA-sgd,0.1,5500,100,face,3,5,0.12652063369751,8,1,0.19984514351711044,0.282248999870899,0.3420224363170776,0.07850104087108142,0.13022244645002842,0.247493927983699
39,OnlineFPCA-sgd,0.1,5600,100,face,3,5,0.124375820159912,8,1,0.1615900085668105,0.18697376325195536,0.22462203817423468,0.0775168726592785,0.1300937311595696,0.24745879281226502
39,OnlineFPCA-sgd,0.1,5700,100,face,3,5,0.130205631256104,8,1,0.33835473445485764,0.14976561347780787,0.3011125472257196,0.07702303770192691,0.12982606575534528,0.2475943490227715
39,OnlineFPCA-sgd,0.1,5800,100,face,3,5,0.123986005783081,8,1,0.20995576595414533,0.09094145257146231,0.20934498136586674,0.07588986402545966,0.1288316562459182,0.24512429065962243
39,OnlineFPCA-sgd,0.1,5900,100,face,3,5,0.130863428115845,8,1,0.3054625250841238,0.18151583627376427,0.2599377965609462,0.069862492498551,0.12464356639664301,0.23957734269525882
39,OnlineFPCA-sgd,0.1,6000,100,face,3,5,0.12199878692627,8,1,0.16062301511675828,0.17982678718374312,0.17245492912826096,0.06594532733571196,0.11944607274631676,0.23507143422848203
39,OnlineFPCA-sgd,0.1,6100,100,face,3,5,0.13505744934082,8,1,0.10481624681263632,0.15192761831260504,0.2032144112762614,0.062079022016011565,0.11604964331488182,0.22814245185564946
39,OnlineFPCA-sgd,0.1,6200,100,face,3,5,0.137395143508911,8,1,0.2639991201150511,0.22666208618421016,0.20584595393486382,0.057465998910571615,0.11304765059978589,0.22209917341612834
39,OnlineFPCA-sgd,0.1,6300,100,face,3,5,0.12405252456665,8,1,0.2388022195022367,0.19638228078367884,0.2116502589287304,0.052631262015793094,0.11567461968424073,0.21718963351656803
39,OnlineFPCA-sgd,0.1,6400,100,face,3,5,0.137164831161499,8,1,0.20795329666792425,0.14030703622457233,0.2011473289678338,0.05035254178041703,0.11395835968202835,0.2112933553422537
39,OnlineFPCA-sgd,0.1,6500,100,face,3,5,0.125983238220215,8,1,0.13504974278796658,0.19350485913854934,0.2007172379108243,0.04855273466261724,0.11037292513503145,0.2079540994298405
39,OnlineFPCA-sgd,0.1,6600,100,face,3,5,0.13116455078125,8,1,0.11977461134111028,0.13667835594637306,0.21124190817715252,0.045703224837629855,0.11027985329626225,0.20369502704191841
39,OnlineFPCA-sgd,0.1,6700,100,face,3,5,0.127994298934937,8,1,0.1764960215916862,0.11632175202032254,0.18667632668539713,0.04477718606503986,0.10765150262954921,0.19914426023909737
39,OnlineFPCA-sgd,0.1,6800,100,face,3,5,0.121577978134155,8,1,0.13944303593743004,0.21200975902548833,0.18681754861573455,0.04229713792333425,0.10390898484506698,0.1942560956167206
39,OnlineFPCA-sgd,0.1,6900,100,face,3,5,0.124783277511597,8,1,0.26096723382714415,0.14513269897211906,0.23701953571366555,0.04286806901650518,0.10123228848107851,0.1904675921546303
39,OnlineFPCA-sgd,0.1,7000,100,face,3,5,0.126558303833008,8,1,0.11630475934257589,0.13720274047359504,0.17391611020007994,0.04365241299063812,0.10028959514136421,0.18707544423924935
39,OnlineFPCA-sgd,0.1,7100,100,face,3,5,0.126278877258301,8,1,0.21047700071085065,0.1286581369207331,0.1704981627205038,0.04390595869189716,0.09953582699978851,0.18364967340995386
39,OnlineFPCA-sgd,0.1,7200,100,face,3,5,0.126452445983887,8,1,0.23280519212118095,0.20021587659116635,0.23316859526359593,0.043094661591119056,0.09768134669153941,0.18014204217418975
39,OnlineFPCA-sgd,0.1,7300,100,face,3,5,0.130600214004517,8,1,0.2914909122983635,0.1908243691042479,0.2594262373953844,0.04436648858310299,0.09490699195589831,0.1783521258211596
39,OnlineFPCA-sgd,0.1,7400,100,face,3,5,0.13114070892334,8,1,0.2931733238454357,0.20149256444825722,0.31825484981516866,0.043517772122952735,0.09300645486106945,0.1770486609103945
39,OnlineFPCA-sgd,0.1,7500,100,face,3,5,0.130261182785034,8,1,0.11393619419872114,0.15229590234178816,0.32879922070695183,0.043349082739028336,0.0897375094396245,0.17744166082607693
39,OnlineFPCA-sgd,0.1,7600,100,face,3,5,0.125866174697876,8,1,0.15618216311445188,0.15556991319786456,0.30801107646595316,0.043496523231047274,0.08784895348610573,0.17766483776166325
39,OnlineFPCA-sgd,0.1,7700,100,face,3,5,0.137547731399536,8,1,0.19356828100319837,0.14677866784714994,0.2590413609161162,0.043369965590203396,0.08715643350845025,0.17783761416003302
39,OnlineFPCA-sgd,0.1,7800,100,face,3,5,0.125507831573486,8,1,0.1975159160162925,0.18782159109635324,0.3250741970082759,0.042209494508256805,0.08779226442590554,0.17873375188859783
39,OnlineFPCA-sgd,0.1,7900,100,face,3,5,0.13187837600708,8,1,0.17605743105556412,0.13936341528414403,0.2427988974360828,0.039627808469343245,0.0867538232992577,0.17917310769360428
39,OnlineFPCA-sgd,0.1,8000,100,face,3,5,0.13442063331604,8,1,0.13849172848003155,0.13708209660801898,0.21606392580896006,0.037118510833722376,0.08492660317176867,0.17879975461833342
39,OnlineFPCA-sgd,0.1,8100,100,face,3,5,0.131324529647827,8,1,0.17518566024639948,0.15673342920626038,0.25654976739022933,0.03590331437914849,0.0829608501194387,0.17827854880566432
39,OnlineFPCA-sgd,0.1,8200,100,face,3,5,0.132480144500732,8,1,0.08253781461100125,0.19349234606764965,0.3003639204863971,0.03471786950767128,0.08200528556509915,0.17975013104571094
39,OnlineFPCA-sgd,0.1,8300,100,face,3,5,0.122887372970581,8,1,0.15815417193290493,0.2404415244303595,0.3443911524328461,0.03363506205373385,0.0808029836651309,0.18204641028192609
39,OnlineFPCA-sgd,0.1,8400,100,face,3,5,0.124113082885742,8,1,0.1665355696899968,0.2302607997475482,0.306697568901323,0.03409168213990027,0.07981744346067896,0.18394386098453303
39,OnlineFPCA-sgd,0.1,8500,100,face,3,5,0.126030445098877,8,1,0.11835059193568176,0.19764368380932568,0.2709438835588768,0.03270747881024187,0.07861464326352564,0.1852615976085459
39,OnlineFPCA-sgd,0.1,8600,100,face,3,5,0.124369621276855,8,1,0.12629053104200433,0.17627620438091027,0.2756333465252122,0.03216392672450583,0.0775273408794271,0.18746103550055307
39,OnlineFPCA-sgd,0.1,8700,100,face,3,5,0.129264354705811,8,1,0.23524538961575017,0.1507831046935932,0.3005576773022423,0.033753772120091,0.07606432069574184,0.18919533754892204
39,OnlineFPCA-sgd,0.1,8800,100,face,3,5,0.129512786865234,8,1,0.27704724389076785,0.19384042398104176,0.1919006289798621,0.034795222832463626,0.07515222325863684,0.1893759626295032
39,OnlineFPCA-sgd,0.1,8900,100,face,3,5,0.131800413131714,8,1,0.2233201513517022,0.2021031847201176,0.18068209744900465,0.034397929524093214,0.07474836021867702,0.18839774515385438
39,OnlineFPCA-sgd,0.1,9000,100,face,3,5,0.12540602684021,8,1,0.2030391176987226,0.19641373976455268,0.1779151749855949,0.033038291258810165,0.07468875662421459,0.1865426822293501
39,OnlineFPCA-sgd,0.1,9100,100,face,3,5,0.125160217285156,8,1,0.1188577795136092,0.34123692096428926,0.18004405201815218,0.03295593110490531,0.07512745199024214,0.1837428377549738
39,OnlineFPCA-sgd,0.1,9200,100,face,3,5,0.129316568374634,8,1,0.12305515330412341,0.24450441218253008,0.19986812490524009,0.033021982823607535,0.07599877213284166,0.18080515752428242
39,OnlineFPCA-sgd,0.1,9300,100,face,3,5,0.125075101852417,8,1,0.160452958529369,0.0958952428373145,0.2646706813182504,0.03223541633896506,0.07665894549924479,0.17846477695112908
39,OnlineFPCA-sgd,0.1,9400,100,face,3,5,0.130198001861572,8,1,0.21358762306926135,0.10268616373238097,0.23031040958789986,0.031843125432758614,0.07627222993719147,0.17741249984484034
39,OnlineFPCA-sgd,0.1,9500,100,face,3,5,0.132811307907104,8,1,0.18277685006384706,0.19633827328134343,0.16041482684827232,0.03174683264688646,0.0766322352490952,0.17656766818399164
39,OnlineFPCA-sgd,0.1,9600,100,face,3,5,0.126610279083252,8,1,0.22617217765384268,0.17947470925063008,0.1565765762221236,0.03322773820277541,0.07713009823143524,0.17546303950829356
39,OnlineFPCA-sgd,0.1,9700,100,face,3,5,0.127933025360107,8,1,0.11993678813122392,0.16440528991387257,0.15154605784222583,0.034960460842655895,0.07720858650485131,0.17436172717109655
39,OnlineFPCA-sgd,0.1,9800,100,face,3,5,0.130137205123901,8,1,0.12624446370516199,0.18491880300535138,0.26995337824864285,0.035698112067378975,0.07718698712376167,0.1742364871817177
39,OnlineFPCA-sgd,0.1,9900,100,face,3,5,0.1224205493927,8,1,0.15601754027495854,0.14194345469413755,0.30043272599292675,0.036149586633886524,0.07746476274150203,0.1758837244428712
39,OnlineFPCA-sgd,0.1,10000,100,face,3,5,0.138108015060425,8,1,0.14311536927901727,0.2390859212682882,0.3306530018977772,0.03620164804125781,0.07791352361372805,0.17790158650880677
39,OnlineFPCA-sgd,0.1,10100,100,face,3,5,0.125824451446533,8,1,0.2323872479012246,0.17854629219570345,0.36133126643990515,0.036587375315642434,0.07859184804192361,0.17997422877882263
39,OnlineFPCA-sgd,0.1,10200,100,face,3,5,0.124367237091064,8,1,0.17026064398619586,0.13581157975297292,0.22015715832736535,0.03670959038054847,0.07773295004592262,0.18085919212575635
39,OnlineFPCA-sgd,0.1,10300,100,face,3,5,0.129623889923096,8,1,0.14939057882091683,0.19055551487376096,0.22104607100292528,0.0369446844859371,0.07705633160046316,0.18100866837806062
39,OnlineFPCA-sgd,0.1,10400,100,face,3,5,0.124249219894409,8,1,0.15516721174034584,0.18719110954467452,0.27012020328854486,0.03701371501028523,0.07704995835095092,0.18138878844178874
39,OnlineFPCA-sgd,0.1,10500,100,face,3,5,0.126509666442871,8,1,0.162426127780084,0.25772917577635834,0.2761150046788038,0.03696823164603833,0.0777464824656871,0.1821067485463471
39,OnlineFPCA-sgd,0.1,10600,100,face,3,5,0.124554872512817,8,1,0.14778493528102105,0.16866802713877557,0.19661962238512706,0.03638721957016392,0.07829846951486902,0.18234996160204592
39,OnlineFPCA-sgd,0.1,10700,100,face,3,5,0.131251096725464,8,1,0.2938063025485588,0.14832988645720419,0.2584587144638015,0.03652234567945581,0.07889543152819967,0.1828621852316294
39,OnlineFPCA-sgd,0.1,10800,100,face,3,5,0.129778385162354,8,1,0.18522153304497205,0.11231055905393152,0.16985945402237074,0.036945099051952875,0.07935883467203976,0.18282029631410632
39,OnlineFPCA-sgd,0.1,10900,100,face,3,5,0.126865148544312,8,1,0.25401861419994815,0.16814656179514328,0.21671622925349077,0.036346132606647576,0.07922303689068544,0.1819382259316832
39,OnlineFPCA-sgd,0.1,11000,100,face,3,5,0.134174823760986,8,1,0.12591417065367122,0.16746510964011097,0.1513771589063964,0.03609945465804028,0.07874702813378782,0.18109822784444224
39,OnlineFPCA-sgd,0.1,11100,100,face,3,5,0.134035587310791,8,1,0.08509967052307996,0.13317456395697475,0.1697220937511183,0.035527147641164596,0.07833960554050796,0.1797971171944602
39,OnlineFPCA-sgd,0.1,11200,100,face,3,5,0.129274606704712,8,1,0.23552015378663574,0.19869427543949714,0.1686608767833965,0.03522476838460955,0.07789777063595534,0.17867880242564804
39,OnlineFPCA-sgd,0.1,11300,100,face,3,5,0.129827737808228,8,1,0.2106383347452445,0.17899025691583043,0.16707339737919452,0.034695174551155755,0.07845240473549295,0.17755553539152508
39,OnlineFPCA-sgd,0.1,11400,100,face,3,5,0.134638786315918,8,1,0.1804748008614059,0.1391028650770019,0.16422738796202363,0.034144506658383075,0.07800256408859514,0.17622491375385432
39,OnlineFPCA-sgd,0.1,11500,100,face,3,5,0.126568078994751,8,1,0.0933680478052092,0.1489026765464501,0.16410729860623358,0.033880539713944426,0.07733233230875021,0.17532218220570658
39,OnlineFPCA-sgd,0.1,11600,100,face,3,5,0.131195545196533,8,1,0.07901127116647418,0.11404787300009213,0.16887647119365506,0.033313247812908925,0.07753017106831066,0.1741248402871084
39,OnlineFPCA-sgd,0.1,11700,100,face,3,5,0.125781774520874,8,1,0.1251150877771831,0.11091063386424191,0.15702376595140746,0.033536882760109875,0.07719937701779817,0.17275972121821476
39,OnlineFPCA-sgd,0.1,11800,100,face,3,5,0.126517057418823,8,1,0.12076717464776475,0.17314537892255405,0.1550914228913846,0.033191352227909796,0.07644315312642937,0.17162716799017885
39,OnlineFPCA-sgd,0.1,11900,100,face,3,5,0.120964527130127,8,1,0.21704165564545708,0.09837947255855488,0.20137279640820857,0.03343610580390864,0.07567028745728759,0.17100683075919604
39,OnlineFPCA-sgd,0.1,12000,100,face,3,5,0.117269039154053,8,1,0.09946961231953741,0.09775501604038264,0.14378377186320107,0.033600013042510195,0.07542516313245987,0.17047952028581484
39,OnlineFPCA-sgd,0.1,12100,100,face,3,5,0.115117311477661,8,1,0.1669466283500819,0.09595307454570864,0.13197103787131503,0.03368824836283439,0.07527139532898004,0.16959205920311435
39,OnlineFPCA-sgd,0.1,12200,100,face,3,5,0.111921548843384,8,1,0.19030069578603676,0.15341452059741126,0.20353998212990215,0.03359787714448784,0.07486505571614205,0.16885656220600767
39,OnlineFPCA-sgd,0.1,12300,100,face,3,5,0.116385221481323,8,1,0.22709966892331845,0.14997178626933674,0.22279009416778328,0.03433026657719978,0.0742858219063465,0.16881495408346767
39,OnlineFPCA-sgd,0.1,12400,100,face,3,5,0.114596128463745,8,1,0.2611827778368504,0.16500834551381613,0.2701151672536972,0.034300734372716496,0.07381490097502758,0.168952294064119
39,OnlineFPCA-sgd,0.1,12500,100,face,3,5,0.115421295166016,8,1,0.09848021816898508,0.12269995032392486,0.28258487945917765,0.03441011047383156,0.07285901995969565,0.16961432294675735
39,OnlineFPCA-sgd,0.1,12600,100,face,3,5,0.11675763130188,8,1,0.1200489467766171,0.11797536855914414,0.2761745204787767,0.034365689512575376,0.07206985248738909,0.17016741840233407
39,OnlineFPCA-sgd,0.1,12700,100,face,3,5,0.111138820648193,8,1,0.17325558274642724,0.1178457073978357,0.23688627006171234,0.03420759265347933,0.07158062624891082,0.17061499732461458
39,OnlineFPCA-sgd,0.1,12800,100,face,3,5,0.114366769790649,8,1,0.19466406571764275,0.14937079280400406,0.2921701483390211,0.03363399604071371,0.07165663914627574,0.17127612113791016
39,OnlineFPCA-sgd,0.1,12900,100,face,3,5,0.116986989974976,8,1,0.155041804058622,0.10940376990183572,0.22604206449700776,0.0326059737487083,0.07132966550333723,0.17162911548453558
39,OnlineFPCA-sgd,0.1,13000,100,face,3,5,0.114727735519409,8,1,0.10124156280366503,0.10996301845732016,0.2029317939405617,0.031675887832571914,0.07073503037554864,0.17157762422048195
39,OnlineFPCA-sgd,0.1,13100,100,face,3,5,0.12761402130127,8,1,0.15275129049477612,0.13433128365641298,0.2270131479114069,0.03122268787979471,0.07004149590166824,0.17144211331479295
39,OnlineFPCA-sgd,0.1,13200,100,face,3,5,0.116858720779419,8,1,0.07846763664312291,0.15361750659212461,0.2637065499329074,0.030864082099490698,0.06969849913041812,0.17189960095047077
39,OnlineFPCA-sgd,0.1,13300,100,face,3,5,0.121490716934204,8,1,0.13537739745674798,0.20188049215315768,0.30880218375066976,0.030626732835627654,0.06917127140416503,0.17266683761856436
39,OnlineFPCA-sgd,0.1,13400,100,face,3,5,0.113499879837036,8,1,0.14566469876130497,0.1978716481932193,0.2829845666528459,0.031153883710082604,0.06865527882032013,0.17338184264038692
39,OnlineFPCA-sgd,0.1,13500,100,face,3,5,0.118189334869385,8,1,0.11305628417210475,0.16333353015018254,0.26275962063508423,0.030892383760038195,0.06803980262215122,0.17399579324258702
39,OnlineFPCA-sgd,0.1,13600,100,face,3,5,0.283656597137451,8,1,0.11770191162681623,0.15276069688813118,0.2565137685641834,0.030851795093300174,0.0674594862997442,0.17489256819031224
39,OnlineFPCA-sgd,0.1,13700,100,face,3,5,0.120344877243042,8,1,0.20793062550005784,0.13279363966807423,0.29337595558280194,0.03152520564782093,0.06665520779222234,0.17571877702180477
39,OnlineFPCA-sgd,0.1,13800,100,face,3,5,0.117426633834839,8,1,0.24823916373140206,0.14599710679203579,0.20018911672946854,0.032055221921883266,0.06609820725282556,0.17607789844802454
39,OnlineFPCA-sgd,0.1,13900,100,face,3,5,0.122283220291138,8,1,0.19379929862064574,0.1662730875210717,0.17961515165106307,0.032102042843448066,0.06579619210206868,0.17595131776467565
39,OnlineFPCA-sgd,0.1,14000,100,face,3,5,0.12006139755249,8,1,0.17531824111611694,0.1690644437334036,0.16658692084451446,0.031672839963728536,0.06574200738339694,0.17543861867257052
39,OnlineFPCA-sgd,0.1,14100,100,face,3,5,0.135954618453979,8,1,0.11118917515332895,0.30428759730153293,0.15920653757941608,0.03171033611349807,0.0659398085670827,0.17450721975417605
39,OnlineFPCA-sgd,0.1,14200,100,face,3,5,0.124772310256958,8,1,0.11293629555690582,0.2357946560421868,0.18017241982520243,0.03175674740794383,0.0663032923101976,0.17346399321291073
39,OnlineFPCA-sgd,0.1,14300,100,face,3,5,0.128987789154053,8,1,0.12243833337014845,0.06943973406127225,0.23670627312736342,0.0313964804180443,0.0665416997100157,0.17258293385695156
39,OnlineFPCA-sgd,0.1,14400,100,face,3,5,0.129645586013794,8,1,0.18435628292614392,0.09524252179637793,0.20724042883784458,0.03116360248836605,0.06633979993696464,0.1722199947266302
39,OnlineFPCA-sgd,0.1,14500,100,face,3,5,0.122456789016724,8,1,0.15213070439012397,0.16579203056179873,0.16000400656553643,0.03112463532065496,0.06658218285218245,0.1719211364880366
39,OnlineFPCA-sgd,0.1,14600,100,face,3,5,0.133127927780151,8,1,0.20044627986556135,0.16585345320221076,0.1494834620681476,0.031820915486075775,0.0669536947458604,0.1714148986937374
39,OnlineFPCA-sgd,0.1,14700,100,face,3,5,0.125785350799561,8,1,0.11859483083064558,0.15519103268691045,0.1479111865358363,0.03271423975224272,0.06713236667751309,0.17088528279703974
39,OnlineFPCA-sgd,0.1,14800,100,face,3,5,0.127312421798706,8,1,0.11349911370591417,0.17488507976087242,0.24005405288786524,0.03314267388789306,0.06720274841315026,0.17073866974842475
39,OnlineFPCA-sgd,0.1,14900,100,face,3,5,0.126851797103882,8,1,0.13137135900963956,0.12313368153968778,0.26306706983430034,0.03341642359207156,0.06744550159673544,0.17139907351154676
39,OnlineFPCA-sgd,0.1,15000,100,face,3,5,0.132607460021973,8,1,0.11968943673076748,0.21112454796663174,0.28745071449167214,0.033455302776082024,0.06775014949199684,0.17222967811852372
39,OnlineFPCA-sgd,0.1,0,100,face,3,5,6.4053201675415,8,2,0.13571165624240533,0.1863838381641178,0.3520904473894682,0.13571165624240533,0.1863838381641178,0.3520904473894682
39,OnlineFPCA-sgd,0.1,100,100,face,3,5,0.586995363235474,8,2,1.8640445320113141,1.3333029965120047,1.6430119892649968,NA,NA,NA
39,OnlineFPCA-sgd,0.1,200,100,face,3,5,0.566445350646973,8,2,0.9143751195301694,1.4044321762957026,0.3848738053195903,NA,NA,NA
39,OnlineFPCA-sgd,0.1,300,100,face,3,5,0.556833505630493,8,2,0.7228726983231774,0.650173937170731,0.6284593000401122,NA,NA,NA
39,OnlineFPCA-sgd,0.1,400,100,face,3,5,0.73404860496521,8,2,0.3230135232939409,0.5244102715327441,0.5884620299648116,NA,NA,NA
39,OnlineFPCA-sgd,0.1,500,100,face,3,5,0.572036027908325,8,2,0.600273064954722,0.4598064375189174,0.8137785241399149,NA,NA,NA
39,OnlineFPCA-sgd,0.1,600,100,face,3,5,0.565704107284546,8,2,0.5798334401318439,0.34276544922008295,0.722172334815608,NA,NA,NA
39,OnlineFPCA-sgd,0.1,700,100,face,3,5,0.562875747680664,8,2,0.5244009878915672,0.33697747485071133,0.7215410855823929,NA,NA,NA
39,OnlineFPCA-sgd,0.1,800,100,face,3,5,0.554398775100708,8,2,0.4642634034914194,0.3280638232298778,0.7192807999233126,NA,NA,NA
39,OnlineFPCA-sgd,0.1,900,100,face,3,5,0.549697875976562,8,2,0.3982051067281555,0.3243959954334672,0.7169797704447416,NA,NA,NA
39,OnlineFPCA-sgd,0.1,1000,100,face,3,5,0.553684234619141,8,2,0.36021453194040653,0.3195119645132791,0.7134648534299416,NA,NA,NA
39,OnlineFPCA-sgd,0.1,1100,100,face,3,5,0.808306694030762,8,2,0.6346682589005701,0.3720555275047123,0.47497622688491586,0.14769594116246196,0.19936318516163423,0.5587991487971385
39,OnlineFPCA-sgd,0.1,1200,100,face,3,5,0.780317783355713,8,2,0.2382507004904048,0.14691110809642396,0.3576724615853518,0.20372455730716016,0.1936194223764123,0.47886557494934806
39,OnlineFPCA-sgd,0.1,1300,100,face,3,5,0.824756860733032,8,2,0.25040706786241385,0.19486144221201576,0.292649870725051,0.1807158824908563,0.1836021772181341,0.4150835755526641
39,OnlineFPCA-sgd,0.1,1400,100,face,3,5,0.828748464584351,8,2,0.055210262458555294,0.1990666368181312,0.2330826618333558,0.1359954965518248,0.17345971411592057,0.3599720829949903
39,OnlineFPCA-sgd,0.1,1500,100,face,3,5,0.790509223937988,8,2,0.1249195780508981,0.173996846213576,0.24350516200974892,0.1113087781326317,0.16229583706411957,0.32810366518471407
39,OnlineFPCA-sgd,0.1,1600,100,face,3,5,0.811960697174072,8,2,0.03140571822508808,0.15468880239632005,0.2296150710913027,0.09073373598586659,0.15555425312444796,0.3081835085159954
39,OnlineFPCA-sgd,0.1,1700,100,face,3,5,0.786302804946899,8,2,0.04125355025979121,0.15120275046109227,0.22274695712678386,0.07851959927242877,0.15181694221747397,0.2944132090058391
39,OnlineFPCA-sgd,0.1,1800,100,face,3,5,0.801532745361328,8,2,0.04071165148383366,0.14745097437261803,0.2074280936833123,0.07044513380698383,0.14934439600879146,0.28218682816199586
39,OnlineFPCA-sgd,0.1,1900,100,face,3,5,0.808260202407837,8,2,0.07436703648895972,0.1494392360346394,0.2088149999850863,0.06553142846370416,0.14798590889696955,0.2721628451260787
39,OnlineFPCA-sgd,0.1,2000,100,face,3,5,0.79407000541687,8,2,0.05564606363253567,0.15170974399395476,0.2187407106583193,0.06130586244735925,0.14732249188010127,0.26409441213031504
39,OnlineFPCA-sgd,0.1,2100,100,face,3,5,0.813709735870361,8,2,0.3192018922046321,0.1330395614138068,0.1436194724118127,0.05269194439475531,0.14460050303716132,0.252579687944519
39,OnlineFPCA-sgd,0.1,2200,100,face,3,5,0.969729423522949,8,2,0.24405215992327503,0.2984308826651038,0.3556959342644604,0.053051703261944645,0.14208503218938842,0.2346045658520608
39,OnlineFPCA-sgd,0.1,2300,100,face,3,5,0.769151449203491,8,2,0.3467120674232068,0.23853798829144113,0.35240805288564037,0.055839293448974675,0.1384297151651653,0.21394680473195687
39,OnlineFPCA-sgd,0.1,2400,100,face,3,5,0.812530517578125,8,2,0.3436886569744858,0.24620968193482787,0.38086645925424595,0.0528126450512576,0.13766488073723832,0.19802758008062263
39,OnlineFPCA-sgd,0.1,2500,100,face,3,5,0.794412851333618,8,2,0.19722470527008215,0.17745880116377988,0.37562249674226766,0.05110130163601861,0.135555857557984,0.18690328469216075
39,OnlineFPCA-sgd,0.1,2600,100,face,3,5,0.796284914016724,8,2,0.24945664864292186,0.1869226915350905,0.3478158924238557,0.04579201974836796,0.13272726112493205,0.18183508601476242
39,OnlineFPCA-sgd,0.1,2700,100,face,3,5,0.813742876052856,8,2,0.2566924932090009,0.2394424739074476,0.22280151724658864,0.038970541021256425,0.13143637573266212,0.17979238870742736
39,OnlineFPCA-sgd,0.1,2800,100,face,3,5,0.840357303619385,8,2,0.21819243106587016,0.2678695790962493,0.33393134269851443,0.03343109974903596,0.13064467380421407,0.17886748425099655
39,OnlineFPCA-sgd,0.1,2900,100,face,3,5,0.809261322021484,8,2,0.2073691576322498,0.1740937953885608,0.20319557533090196,0.02937259277227191,0.12858454874597547,0.178112714071457
39,OnlineFPCA-sgd,0.1,3000,100,face,3,5,0.814522266387939,8,2,0.20941958696694477,0.14776354909003786,0.16469092092205967,0.029954018311244415,0.12705828948495687,0.17606835906139978
39,OnlineFPCA-sgd,0.1,3100,100,face,3,5,0.815246343612671,8,2,0.20891190731071382,0.19467410562709245,0.2813823855688259,0.029639098951289012,0.1241050448296041,0.172710466542953
39,OnlineFPCA-sgd,0.1,3200,100,face,3,5,0.767878532409668,8,2,0.12107995752740047,0.2735485114599521,0.26306898949048896,0.03497783497899517,0.12232421801675865,0.17415822686217453
39,OnlineFPCA-sgd,0.1,3300,100,face,3,5,0.837951421737671,8,2,0.2002856418824071,0.31848057306401245,0.3151140796811101,0.03914671185627661,0.12208868235289558,0.17703513445504343
39,OnlineFPCA-sgd,0.1,3400,100,face,3,5,0.792065620422363,8,2,0.21781163902908734,0.26275710032793514,0.2514941890524391,0.04385574643527511,0.12343001159438267,0.17868144900694127
39,OnlineFPCA-sgd,0.1,3500,100,face,3,5,0.793111562728882,8,2,0.12783741383314146,0.2630883189163721,0.1807939896864237,0.043945184668777476,0.12214849903863555,0.1784567068039209
39,OnlineFPCA-sgd,0.1,3600,100,face,3,5,0.806993961334229,8,2,0.14520352958997343,0.22183695748814133,0.2536489813317277,0.04570064584128817,0.12178856492719349,0.1810488441164196
39,OnlineFPCA-sgd,0.1,3700,100,face,3,5,0.803050994873047,8,2,0.2693317974998843,0.1908900694474641,0.24923210401717982,0.045554066311498304,0.12009247104389878,0.1828058538953104
39,OnlineFPCA-sgd,0.1,3800,100,face,3,5,0.808712244033813,8,2,0.4116061914501805,0.3321133154336856,0.21067098018282404,0.04862013372354204,0.11878058601097674,0.1812725302030796
39,OnlineFPCA-sgd,0.1,3900,100,face,3,5,0.794753313064575,8,2,0.29338244403064273,0.2760561420035018,0.2032687965677677,0.052573136585720735,0.11927407303836939,0.1777103023075902
39,OnlineFPCA-sgd,0.1,4000,100,face,3,5,0.802614688873291,8,2,0.05435602911040055,0.11875529665003846,0.17247946551481053,0.05435602911040055,0.11875529665003846,0.17247946551481053
39,OnlineFPCA-sgd,0.1,4100,100,face,3,5,0.834139108657837,8,2,0.1275213380506749,0.37934689053093734,0.1319925840731089,0.10416950525970028,0.21441618904130796,0.15974262109572454
39,OnlineFPCA-sgd,0.1,4200,100,face,3,5,0.803958892822266,8,2,0.19377109562713285,0.22064595071962187,0.24854240126652694,0.09064859653294886,0.24088896159129966,0.16824566910249958
39,OnlineFPCA-sgd,0.1,4300,100,face,3,5,0.798342227935791,8,2,0.241037723309784,0.209415121790905,0.29982900439715754,0.06295333593676578,0.19085000729716536,0.20009312146519717
39,OnlineFPCA-sgd,0.1,4400,100,face,3,5,0.814780473709106,8,2,0.2938278224457366,0.11379071513302284,0.2866217609600017,0.05120662579124443,0.15005475585662867,0.22090359456008493
39,OnlineFPCA-sgd,0.1,4500,100,face,3,5,0.815888643264771,8,2,0.2681474243418851,0.2544361972115408,0.15740581148005703,0.036307006977449076,0.14663590554650605,0.20662593289878475
39,OnlineFPCA-sgd,0.1,4600,100,face,3,5,0.771787166595459,8,2,0.298070341628775,0.19465695696646135,0.2095890162108478,0.04774158599555469,0.13531520821219478,0.18993656842826812
39,OnlineFPCA-sgd,0.1,4700,100,face,3,5,0.775205373764038,8,2,0.13519400982335825,0.18040695511146623,0.18371900097091723,0.06128320926009213,0.11983971475554232,0.1747032864736767
39,OnlineFPCA-sgd,0.1,4800,100,face,3,5,0.798458099365234,8,2,0.171253955743453,0.20463663256408132,0.3595712043161079,0.06223036725357568,0.11253175511744018,0.17506073091128216
39,OnlineFPCA-sgd,0.1,4900,100,face,3,5,0.787485599517822,8,2,0.23976647772496973,0.19066351704421886,0.39658162891781157,0.06400286913213789,0.11352941338492753,0.18778977480724854
39,OnlineFPCA-sgd,0.1,5000,100,face,3,5,0.839397430419922,8,2,0.20811996365183852,0.3007336525725941,0.42801276300812585,0.06539779962011953,0.11829530892232322,0.19889766635161288
39,OnlineFPCA-sgd,0.1,5100,100,face,3,5,0.127465724945068,8,2,0.3420003893054329,0.17910534694030025,0.46782446870186656,0.07233775666038203,0.12406620160657536,0.21018004429664439
39,OnlineFPCA-sgd,0.1,5200,100,face,3,5,0.125759363174438,8,2,0.23003909393603744,0.16560180814295178,0.2196878845127358,0.07408509693103132,0.11345338776354733,0.2112758221768867
39,OnlineFPCA-sgd,0.1,5300,100,face,3,5,0.132383584976196,8,2,0.18612027883185686,0.22515017027939682,0.23652449913905654,0.07815845700205304,0.1088305882617457,0.20709616296444275
39,OnlineFPCA-sgd,0.1,5400,100,face,3,5,0.125182628631592,8,2,0.17499962583548337,0.21707017316663202,0.3064713942991175,0.07954510234409516,0.10882622473570094,0.2069870552045674
39,OnlineFPCA-sgd,0.1,5500,100,face,3,5,0.125166893005371,8,2,0.210272982854594,0.29409761628862346,0.31292758041997526,0.07946840549531868,0.11390381241397189,0.21061245414748433
39,OnlineFPCA-sgd,0.1,5600,100,face,3,5,0.127297163009644,8,2,0.1680474274508731,0.19252521263727468,0.18839085387917265,0.07856783246814714,0.11498197537666673,0.21025272731273573
39,OnlineFPCA-sgd,0.1,5700,100,face,3,5,0.125346183776855,8,2,0.3469143796626771,0.16178522687888552,0.2888397114411874,0.07791751771200317,0.11707443204233067,0.21126668737595583
39,OnlineFPCA-sgd,0.1,5800,100,face,3,5,0.12750768661499,8,2,0.21790907509924126,0.10110899616850409,0.21051455163464897,0.0763914236839641,0.11805446132329525,0.20950719088585962
39,OnlineFPCA-sgd,0.1,5900,100,face,3,5,0.130640745162964,8,2,0.3202482748415903,0.19072204975391266,0.261771657540021,0.07004434493331246,0.11507757751428263,0.20450729056531033
39,OnlineFPCA-sgd,0.1,6000,100,face,3,5,0.1260986328125,8,2,0.17104691695317964,0.1808772097337593,0.17347180560901296,0.06581810488712739,0.10928893827457242,0.2016256733987437
39,OnlineFPCA-sgd,0.1,6100,100,face,3,5,0.124261140823364,8,2,0.11236620509967445,0.15758102848062172,0.2081667589577833,0.061678116328397835,0.10607653263601893,0.19603646949349643
39,OnlineFPCA-sgd,0.1,6200,100,face,3,5,0.130374431610107,8,2,0.28095775870226436,0.22955832901685502,0.20058232609542823,0.056780561974262,0.10257869983910542,0.19137055318491342
39,OnlineFPCA-sgd,0.1,6300,100,face,3,5,0.129483699798584,8,2,0.2502192517804803,0.19223421204170585,0.20775874382001738,0.05163619115612954,0.10552001995685172,0.1878454770138098
39,OnlineFPCA-sgd,0.1,6400,100,face,3,5,0.127133846282959,8,2,0.21959340832798518,0.1319966004007423,0.1966160108457429,0.04933927240228024,0.1028834165571185,0.18311595225358515
39,OnlineFPCA-sgd,0.1,6500,100,face,3,5,0.124024391174316,8,2,0.1484790862247816,0.20901735472746613,0.18817722115627245,0.047537641255278366,0.09931666223649402,0.1811441120015613
39,OnlineFPCA-sgd,0.1,6600,100,face,3,5,0.129554748535156,8,2,0.14846744772891252,0.1442423697903429,0.20416457166487434,0.04468658384543433,0.09977713341931994,0.1773444727587951
39,OnlineFPCA-sgd,0.1,6700,100,face,3,5,0.131426811218262,8,2,0.20197297132011954,0.11876759958583478,0.18050105350800563,0.043807122655384625,0.0967818077004417,0.17318170142696845
39,OnlineFPCA-sgd,0.1,6800,100,face,3,5,0.128516435623169,8,2,0.1467793261738482,0.22365789760686622,0.19173599759919052,0.04141311372400727,0.09264152805500299,0.1688356470657473
39,OnlineFPCA-sgd,0.1,6900,100,face,3,5,0.131599426269531,8,2,0.2775661744026408,0.16007230007441933,0.25272435725876,0.0421574176113853,0.089857750047514,0.16528454256514613
39,OnlineFPCA-sgd,0.1,7000,100,face,3,5,0.122488498687744,8,2,0.12570096868682862,0.14849659548039462,0.18566469061165333,0.04310497111268535,0.08865425220885736,0.16198695394841273
39,OnlineFPCA-sgd,0.1,7100,100,face,3,5,0.131054162979126,8,2,0.23506008901689623,0.13937873752054067,0.18724451023816666,0.04341425185329618,0.08750395185758572,0.15840339479150828
39,OnlineFPCA-sgd,0.1,7200,100,face,3,5,0.13430118560791,8,2,0.25088344661317374,0.21888424107720603,0.24333699653468666,0.04277466890687784,0.085155708731759,0.15511745463484888
39,OnlineFPCA-sgd,0.1,7300,100,face,3,5,0.128455877304077,8,2,0.3155757399112886,0.20496435973310428,0.2722792212965488,0.044103237575913015,0.08268106273846565,0.15425460683593462
39,OnlineFPCA-sgd,0.1,7400,100,face,3,5,0.129659652709961,8,2,0.3026091640697941,0.21537483105520863,0.3323252252070974,0.04313011949898006,0.08105371580164836,0.15391505118276186
39,OnlineFPCA-sgd,0.1,7500,100,face,3,5,0.125123023986816,8,2,0.11936657132706661,0.16126731155113347,0.33730632869908084,0.042824977023607706,0.07741007859699207,0.15536785797278477
39,OnlineFPCA-sgd,0.1,7600,100,face,3,5,0.125097513198853,8,2,0.1747736449972182,0.16833173163334483,0.3135322002472194,0.043106423826006636,0.07551224424437698,0.1565439687238858
39,OnlineFPCA-sgd,0.1,7700,100,face,3,5,0.124153137207031,8,2,0.20322729173591922,0.1622004190189248,0.25609175533039935,0.04307998617117849,0.07515212278874722,0.15745169233549602
39,OnlineFPCA-sgd,0.1,7800,100,face,3,5,0.12209153175354,8,2,0.1962665884001212,0.20580719382454007,0.3270477260222178,0.0418701369775983,0.07637864671860894,0.15918128458319267
39,OnlineFPCA-sgd,0.1,7900,100,face,3,5,0.131141424179077,8,2,0.18431924755947285,0.15038843415777126,0.23331839783279829,0.039194596126926766,0.07544443814291059,0.16025335288805206
39,OnlineFPCA-sgd,0.1,8000,100,face,3,5,0.135550260543823,8,2,0.15866227470151076,0.14529221370112266,0.2032824948286355,0.0366773440509606,0.07339455296976508,0.16002548232059746
39,OnlineFPCA-sgd,0.1,8100,100,face,3,5,0.127932548522949,8,2,0.18378531829632927,0.1636683597416309,0.25527692439904015,0.035457186444165394,0.07120877435504985,0.1594925471744684
39,OnlineFPCA-sgd,0.1,8200,100,face,3,5,0.135347604751587,8,2,0.08662943777103374,0.20904119315540895,0.29692205229253127,0.03442871307322071,0.07010048289040718,0.16108848572990056
39,OnlineFPCA-sgd,0.1,8300,100,face,3,5,0.129451274871826,8,2,0.16891150036757904,0.25604868576372286,0.33810503588777135,0.033522216864327936,0.06832619980171861,0.16330210126050634
39,OnlineFPCA-sgd,0.1,8400,100,face,3,5,0.124891042709351,8,2,0.17842324703529733,0.23896743350754845,0.2908944233165586,0.03416603434971611,0.06720162476741526,0.1650161814441453
39,OnlineFPCA-sgd,0.1,8500,100,face,3,5,0.127469539642334,8,2,0.12136253107085636,0.21396744456652814,0.24100746055050146,0.03283513880675941,0.06576257820163066,0.1661931524067232
39,OnlineFPCA-sgd,0.1,8600,100,face,3,5,0.128748655319214,8,2,0.131083326054177,0.18374055579001186,0.2571011146277609,0.032331545062954506,0.06458149372713387,0.168410696671244
39,OnlineFPCA-sgd,0.1,8700,100,face,3,5,0.128340244293213,8,2,0.24522230218884813,0.15804360879453622,0.27858682836479004,0.0340398257614958,0.06321488419241893,0.17035475321868604
39,OnlineFPCA-sgd,0.1,8800,100,face,3,5,0.134347438812256,8,2,0.29434029452093374,0.22351179264463938,0.17114822961109305,0.03524317200705749,0.06265937252073292,0.17068183222640726
39,OnlineFPCA-sgd,0.1,8900,100,face,3,5,0.123670816421509,8,2,0.23931514139615231,0.21911822486784885,0.16942241552228632,0.03482585226886285,0.06269398967276904,0.16960469240579906
39,OnlineFPCA-sgd,0.1,9000,100,face,3,5,0.12760591506958,8,2,0.21598323922112406,0.20739205615725706,0.1850088500371875,0.03358580770036981,0.06330151097469068,0.1677026074848721
39,OnlineFPCA-sgd,0.1,9100,100,face,3,5,0.128848314285278,8,2,0.12174602050614593,0.3591645760398492,0.19835150253281245,0.0335019669268542,0.06447090795680348,0.16486591201074516
39,OnlineFPCA-sgd,0.1,9200,100,face,3,5,0.127521514892578,8,2,0.1313500887103435,0.24413063832472467,0.21751792323886424,0.033606699452551854,0.06617287741964079,0.16222662962134424
39,OnlineFPCA-sgd,0.1,9300,100,face,3,5,0.132887840270996,8,2,0.18081612775005104,0.11393497962124102,0.28205472314658775,0.03281543056773778,0.06717097946924902,0.16048261601366634
39,OnlineFPCA-sgd,0.1,9400,100,face,3,5,0.123107194900513,8,2,0.2290069582484683,0.10587969814037973,0.24426105124234482,0.032582329591090475,0.06693775052719168,0.160214541091609
39,OnlineFPCA-sgd,0.1,9500,100,face,3,5,0.128499031066895,8,2,0.1995657854181246,0.20968380898597413,0.15926676582463128,0.032487065900726295,0.06795078897319072,0.159779482909095
39,OnlineFPCA-sgd,0.1,9600,100,face,3,5,0.128012895584106,8,2,0.23947912525645917,0.18343524602855155,0.1586925693173276,0.034059956129105534,0.06888830305085451,0.1589159930406203
39,OnlineFPCA-sgd,0.1,9700,100,face,3,5,0.128248453140259,8,2,0.12130487376291972,0.1672592155157036,0.14968815368140295,0.03575629373621913,0.06909642605910006,0.15798266347046014
39,OnlineFPCA-sgd,0.1,9800,100,face,3,5,0.129973411560059,8,2,0.13327404241397403,0.18802938338529232,0.2827516816848919,0.036476745515022065,0.06921976397587475,0.15816152674422485
39,OnlineFPCA-sgd,0.1,9900,100,face,3,5,0.123876810073853,8,2,0.17106150962974614,0.15169126125864366,0.3095610357418862,0.03685878540422546,0.06985316928110309,0.16021989376198004
39,OnlineFPCA-sgd,0.1,10000,100,face,3,5,0.132493257522583,8,2,0.15615528851703087,0.2528728448343872,0.3340995412687038,0.03688938075650236,0.07068120949141946,0.16246684690050944
39,OnlineFPCA-sgd,0.1,10100,100,face,3,5,0.138013124465942,8,2,0.2567257976220958,0.18147695301401942,0.3612194376217816,0.03732003059212864,0.0717680832862121,0.1645455919793812
39,OnlineFPCA-sgd,0.1,10200,100,face,3,5,0.125448226928711,8,2,0.18650146195798117,0.142690388124576,0.19713700864397043,0.037434634827458846,0.07085162178679212,0.16523139884056368
39,OnlineFPCA-sgd,0.1,10300,100,face,3,5,0.128310918807983,8,2,0.15789737415438918,0.1993841034907189,0.20118726317786906,0.03761556375286831,0.0702251697061059,0.16512683514291832
39,OnlineFPCA-sgd,0.1,10400,100,face,3,5,0.129071712493896,8,2,0.16030244923809628,0.19206603605321723,0.25369556348971234,0.03762348554851756,0.07042935728360607,0.1652575138389214
39,OnlineFPCA-sgd,0.1,10500,100,face,3,5,0.132174253463745,8,2,0.17162259911084998,0.2635579528780267,0.2636925378927794,0.03749790032202374,0.07146410224866667,0.16572619473755626
39,OnlineFPCA-sgd,0.1,10600,100,face,3,5,0.136013031005859,8,2,0.1534479736426443,0.1703990748460679,0.16997341960085185,0.03686929076012645,0.0722263938905749,0.165704588814464
39,OnlineFPCA-sgd,0.1,10700,100,face,3,5,0.12548041343689,8,2,0.3051764830080739,0.1483442446878487,0.24719134596260153,0.03695581218806469,0.0731383984803563,0.16609238977102123
39,OnlineFPCA-sgd,0.1,10800,100,face,3,5,0.129900693893433,8,2,0.1934168305418295,0.10638802079008262,0.16377001747622083,0.0373064244644631,0.07389174200874295,0.16590322096587592
39,OnlineFPCA-sgd,0.1,10900,100,face,3,5,0.128400325775146,8,2,0.26626236404130704,0.17037619259234674,0.214357097225932,0.03676246637686592,0.07391012055935806,0.1648147815646028
39,OnlineFPCA-sgd,0.1,11000,100,face,3,5,0.130064964294434,8,2,0.136990175473855,0.16761272162565408,0.1464542470105129,0.03650666849825496,0.0734043608418715,0.16393784911106996
39,OnlineFPCA-sgd,0.1,11100,100,face,3,5,0.125034809112549,8,2,0.09217448776794114,0.1347209170807715,0.16839487554682686,0.0358796510370808,0.07300216802054826,0.16260084431767846
39,OnlineFPCA-sgd,0.1,11200,100,face,3,5,0.131111145019531,8,2,0.2483720221362897,0.1996973476543746,0.16256237902838505,0.03558987084153801,0.07251064063541392,0.16150808264159186
39,OnlineFPCA-sgd,0.1,11300,100,face,3,5,0.133046865463257,8,2,0.22089809691339535,0.17776166122800138,0.16609588447002202,0.03504582615568962,0.07318128914870006,0.16045921063524218
39,OnlineFPCA-sgd,0.1,11400,100,face,3,5,0.124826908111572,8,2,0.18982394606793856,0.13714789753086407,0.15990210027775362,0.034439986438629784,0.07262399785533932,0.15922842836836396
39,OnlineFPCA-sgd,0.1,11500,100,face,3,5,0.135073661804199,8,2,0.10622452230593735,0.16131298378565537,0.15626804942010045,0.03414701300937923,0.07195450180731766,0.15850358474569376
39,OnlineFPCA-sgd,0.1,11600,100,face,3,5,0.130740642547607,8,2,0.09378427344745217,0.11947705808378059,0.16578623842868706,0.03363246097948604,0.07233701929711835,0.15738294123600108
39,OnlineFPCA-sgd,0.1,11700,100,face,3,5,0.125035285949707,8,2,0.14412726952648147,0.11392403810315828,0.15188193162319724,0.033906321848967864,0.07205077143922675,0.15610699396992553
39,OnlineFPCA-sgd,0.1,11800,100,face,3,5,0.138333797454834,8,2,0.12560506974200505,0.18661130543425147,0.15450550910089067,0.03357038358800125,0.07128802948264945,0.15514264670709174
39,OnlineFPCA-sgd,0.1,11900,100,face,3,5,0.128743648529053,8,2,0.23079773085628802,0.11306130762217761,0.21209883930010015,0.033824533261535804,0.0705570559189891,0.15467893055746182
39,OnlineFPCA-sgd,0.1,12000,100,face,3,5,0.127711534500122,8,2,0.1041876059355756,0.10715739363867738,0.1529524743427487,0.033966738504840895,0.07038749955288015,0.15428701205578665
39,OnlineFPCA-sgd,0.1,12100,100,face,3,5,0.127051830291748,8,2,0.1827871440791625,0.10678147494402346,0.1434972895863985,0.03405627350373672,0.07026445023133149,0.15344927928994131
39,OnlineFPCA-sgd,0.1,12200,100,face,3,5,0.13025689125061,8,2,0.20584743980383682,0.1707819823259419,0.21036724257144476,0.03403097971067225,0.06987307162378836,0.1528532686871477
39,OnlineFPCA-sgd,0.1,12300,100,face,3,5,0.127936601638794,8,2,0.2513331608512606,0.16095167534238017,0.23026489181592885,0.03480876899547216,0.06941688497808951,0.15307488193762545
39,OnlineFPCA-sgd,0.1,12400,100,face,3,5,0.129426240921021,8,2,0.2730886537343887,0.17483515785546858,0.2791351831587185,0.03470973457712706,0.06905706331295078,0.15347491192414234
39,OnlineFPCA-sgd,0.1,12500,100,face,3,5,0.13004207611084,8,2,0.10335980235740047,0.12606396452379195,0.2875550050613147,0.03476932177497853,0.06808652483194802,0.15440883153203744
39,OnlineFPCA-sgd,0.1,12600,100,face,3,5,0.136631965637207,8,2,0.13442172387576048,0.1290924354777184,0.2774302441594748,0.03472752163905854,0.06733932016710732,0.15518775283230637
39,OnlineFPCA-sgd,0.1,12700,100,face,3,5,0.123456716537476,8,2,0.18096967799697575,0.1286275320010904,0.2333821689146781,0.03457635123093645,0.06696352377668162,0.15580454455995843
39,OnlineFPCA-sgd,0.1,12800,100,face,3,5,0.132123947143555,8,2,0.19513433593496163,0.16448949963949938,0.2924913332549354,0.033968971902032956,0.0672289521447338,0.15664379026263994
39,OnlineFPCA-sgd,0.1,12900,100,face,3,5,0.123484373092651,8,2,0.16551469398274177,0.11844818942290575,0.21698473680788988,0.032902065786946585,0.06699145193832985,0.15711733308467005
39,OnlineFPCA-sgd,0.1,13000,100,face,3,5,0.127255916595459,8,2,0.11739972472165798,0.11835150503315474,0.1915968627314374,0.03197183143512545,0.06640319611154509,0.15708071815003996
39,OnlineFPCA-sgd,0.1,13100,100,face,3,5,0.138803243637085,8,2,0.1627145506815295,0.13974605617273925,0.22275445503170507,0.03151859837916326,0.06569412807830238,0.15692816000955576
39,OnlineFPCA-sgd,0.1,13200,100,face,3,5,0.122566938400269,8,2,0.08088579479426722,0.16817562204172812,0.2615890892355065,0.031235547356953594,0.06537373408003183,0.15741685048775056
39,OnlineFPCA-sgd,0.1,13300,100,face,3,5,0.130901098251343,8,2,0.14564814428394146,0.21517700260564754,0.30624941567757474,0.031069401338092474,0.06475567802579102,0.1581751151051751
39,OnlineFPCA-sgd,0.1,13400,100,face,3,5,0.131936311721802,8,2,0.15592405692287498,0.20691220039170424,0.27250266374843746,0.03166003956268862,0.06425072601592599,0.158846961233942
39,OnlineFPCA-sgd,0.1,13500,100,face,3,5,0.125837564468384,8,2,0.11599958038287157,0.17878114526519517,0.23960465311326726,0.031403855717193035,0.06362588092181283,0.15940400247438102
39,OnlineFPCA-sgd,0.1,13600,100,face,3,5,0.132733345031738,8,2,0.12265245560096322,0.15816968628960684,0.23865526870796652,0.031364263708821415,0.06305918851781792,0.1602841461977723
39,OnlineFPCA-sgd,0.1,13700,100,face,3,5,0.126850605010986,8,2,0.2203971634142092,0.13596329044425512,0.2762802661959952,0.032071757386883254,0.06230296424777883,0.16114733867699063
39,OnlineFPCA-sgd,0.1,13800,100,face,3,5,0.139052629470825,8,2,0.25901067776451847,0.17192766379292188,0.17605780955409048,0.03266965213436094,0.0618766850491358,0.16151562515298545
39,OnlineFPCA-sgd,0.1,13900,100,face,3,5,0.128381729125977,8,2,0.20547146172992947,0.18255259308311034,0.1606017906173376,0.0327064310654357,0.061742051005853296,0.16129666776249407
39,OnlineFPCA-sgd,0.1,14000,100,face,3,5,0.135018587112427,8,2,0.18820470454104093,0.18245584568122056,0.1636118223898561,0.03230850444212842,0.06190145100312986,0.16068727864932963
39,OnlineFPCA-sgd,0.1,14100,100,face,3,5,0.135096311569214,8,2,0.11418202729156673,0.32242382527115165,0.1669473195029445,0.032324033479517185,0.062343972932485815,0.15964779340290236
39,OnlineFPCA-sgd,0.1,14200,100,face,3,5,0.128549337387085,8,2,0.11590490081824592,0.23928401884808295,0.18848385349094224,0.03237342345485075,0.06297962345795712,0.15859588234174973
39,OnlineFPCA-sgd,0.1,14300,100,face,3,5,0.131004810333252,8,2,0.14079391927345994,0.08059717050328497,0.24799376765423117,0.032006937741323,0.06335185864293168,0.1578246800920583
39,OnlineFPCA-sgd,0.1,14400,100,face,3,5,0.131150484085083,8,2,0.1957680062729417,0.09794727480155987,0.21371984651594603,0.03182537936404321,0.06319468782839799,0.15767113247029083
39,OnlineFPCA-sgd,0.1,14500,100,face,3,5,0.126113176345825,8,2,0.16608688849917166,0.17965628196042652,0.15556497604616407,0.031800047143383796,0.06363173892761258,0.15750042960164695
39,OnlineFPCA-sgd,0.1,14600,100,face,3,5,0.130553722381592,8,2,0.2122299271327969,0.17203931872386805,0.14950319913463905,0.0325411264212,0.06413603858900102,0.15708495506037884
39,OnlineFPCA-sgd,0.1,14700,100,face,3,5,0.124340534210205,8,2,0.11914484533434416,0.15992821206788324,0.1439334556133206,0.033424896573789095,0.06435222376073571,0.1566269728881581
39,OnlineFPCA-sgd,0.1,14800,100,face,3,5,0.132952928543091,8,2,0.11913122440740236,0.17958885586828208,0.24732564285593334,0.03385573020380485,0.06446356480013075,0.1566030345185765
39,OnlineFPCA-sgd,0.1,14900,100,face,3,5,0.137817144393921,8,2,0.1429576123382102,0.13157659445756675,0.2692847287811461,0.034094777897671895,0.0648173117637126,0.15743612888633599
39,OnlineFPCA-sgd,0.1,15000,100,face,3,5,0.129843711853027,8,2,0.13068077854847118,0.2243388779538089,0.29084285317093184,0.034112761922128455,0.06524240553512015,0.15838335678472334
39,OnlineFPCA-sgd,0.1,0,100,face,3,5,6.4053201675415,8,4,0.13571165624240533,0.1863838381641178,0.3520904473894682,0.13571165624240533,0.1863838381641178,0.3520904473894682
39,OnlineFPCA-sgd,0.1,100,100,face,3,5,0.600055456161499,8,4,0.46858414703672374,0.8090755596641437,0.868042080251181,NA,NA,NA
39,OnlineFPCA-sgd,0.1,200,100,face,3,5,0.583602666854858,8,4,0.9361776568471629,1.4060755753422642,0.3882306683312273,NA,NA,NA
39,OnlineFPCA-sgd,0.1,300,100,face,3,5,0.572984218597412,8,4,0.7274164706319438,0.8654579502589826,0.9252302343932973,NA,NA,NA
39,OnlineFPCA-sgd,0.1,400,100,face,3,5,0.548693418502808,8,4,0.785305357073601,0.7988440844641433,0.8093072207577174,NA,NA,NA
39,OnlineFPCA-sgd,0.1,500,100,face,3,5,0.576695442199707,8,4,0.5195348224990254,0.582762690059552,0.9635090915610851,NA,NA,NA
39,OnlineFPCA-sgd,0.1,600,100,face,3,5,0.584000110626221,8,4,0.4331516095138131,0.5948911746274169,0.9565654840180001,NA,NA,NA
39,OnlineFPCA-sgd,0.1,700,100,face,3,5,0.572453498840332,8,4,0.405652300102891,0.6000793448581341,0.957423041288795,NA,NA,NA
39,OnlineFPCA-sgd,0.1,800,100,face,3,5,0.586279153823853,8,4,0.39083366482974596,0.5941371943117205,0.9557608337122522,NA,NA,NA
39,OnlineFPCA-sgd,0.1,900,100,face,3,5,0.601165294647217,8,4,0.37108988833856943,0.5907377777917919,0.953911933947228,NA,NA,NA
39,OnlineFPCA-sgd,0.1,1000,100,face,3,5,0.574740648269653,8,4,0.3505462275033133,0.5857511023648215,0.9532919686404075,NA,NA,NA
39,OnlineFPCA-sgd,0.1,1100,100,face,3,5,0.784785985946655,8,4,0.29656793624804983,0.3616270700941994,0.8827272375794526,0.17798918566443064,0.4003397836635465,0.9344604418286088
39,OnlineFPCA-sgd,0.1,1200,100,face,3,5,0.833315849304199,8,4,0.29647942805827093,0.15237762006018082,0.8934724032807939,0.16065701308444327,0.2724042098004172,0.9276471753835468
39,OnlineFPCA-sgd,0.1,1300,100,face,3,5,0.817160367965698,8,4,0.25436755212770973,0.3376341801138697,0.8061875891247429,0.13776884280990298,0.2649707776617376,0.901428564120994
39,OnlineFPCA-sgd,0.1,1400,100,face,3,5,0.803554773330688,8,4,0.2423735564953592,0.34731769661961004,0.7168973665792965,0.1444283319239471,0.2827131179165354,0.8712439363359604
39,OnlineFPCA-sgd,0.1,1500,100,face,3,5,0.799861192703247,8,4,0.23896169076304852,0.26963879039789496,0.6175346562174543,0.11837366703241528,0.25049593315915636,0.8250078745117163
39,OnlineFPCA-sgd,0.1,1600,100,face,3,5,0.807586193084717,8,4,0.11514675356577758,0.17442843749962814,0.5567463446804202,0.09867784005388078,0.23516743822542277,0.7804179142172208
39,OnlineFPCA-sgd,0.1,1700,100,face,3,5,0.81457257270813,8,4,0.20770203105070406,0.21439257388422173,0.4779245018668091,0.08139669500962995,0.22172374613557239,0.7428703761121213
39,OnlineFPCA-sgd,0.1,1800,100,face,3,5,0.83439564704895,8,4,0.1212724374197933,0.191974295935982,0.41382906993384194,0.07578442675501805,0.21017684542033568,0.6995523306238636
39,OnlineFPCA-sgd,0.1,1900,100,face,3,5,0.830604553222656,8,4,0.276216361356044,0.2667103229133227,0.31958439731481425,0.06964617706429832,0.2058224716751644,0.6596909711761482
39,OnlineFPCA-sgd,0.1,2000,100,face,3,5,0.859665870666504,8,4,0.1438385016575979,0.22130648564633562,0.3982582763115678,0.06873285272750149,0.20606551567608677,0.6220320608660389
39,OnlineFPCA-sgd,0.1,2100,100,face,3,5,0.797808408737183,8,4,0.3010264736115344,0.19500556338047056,0.29020058978945545,0.06425526965055407,0.20481655351916248,0.5916940155494052
39,OnlineFPCA-sgd,0.1,2200,100,face,3,5,0.816518068313599,8,4,0.2649850254935405,0.2755093671467465,0.30768380281547364,0.05488380405660068,0.20231927701181673,0.550589351308756
39,OnlineFPCA-sgd,0.1,2300,100,face,3,5,0.824023008346558,8,4,0.35068203907567,0.22389786667586536,0.20488447389924688,0.05378644976818311,0.19775850470288925,0.5044592495378353
39,OnlineFPCA-sgd,0.1,2400,100,face,3,5,0.806486845016479,8,4,0.300657829672094,0.2579906162670811,0.2535589753232371,0.050215980029726145,0.19502911202839882,0.4643840345658131
39,OnlineFPCA-sgd,0.1,2500,100,face,3,5,0.806457281112671,8,4,0.15866317167777233,0.2090065531246782,0.22468896537609884,0.047557172774967245,0.1909199195131778,0.4246593173682553
39,OnlineFPCA-sgd,0.1,2600,100,face,3,5,0.786934852600098,8,4,0.22889810181836315,0.2071754720453864,0.2573011046576952,0.0477389548276017,0.18823287238392847,0.3918170638711735
39,OnlineFPCA-sgd,0.1,2700,100,face,3,5,0.997161626815796,8,4,0.24462557868303333,0.23437659729685356,0.20954403115058662,0.04588574028092862,0.1867728563305359,0.36605023325496994
39,OnlineFPCA-sgd,0.1,2800,100,face,3,5,0.777131795883179,8,4,0.2129456258488501,0.2649432461706284,0.29220917874978253,0.04383248805705372,0.18402545405861037,0.3428322419181846
39,OnlineFPCA-sgd,0.1,2900,100,face,3,5,0.796738386154175,8,4,0.20731094616952744,0.19212480043800043,0.18004360023339427,0.03902644968584391,0.17983605705769767,0.3218142843607451
39,OnlineFPCA-sgd,0.1,3000,100,face,3,5,0.815968036651611,8,4,0.20300399167431263,0.17115121656322774,0.19175633422951402,0.034355101300513766,0.1757226899108631,0.3099120830677286
39,OnlineFPCA-sgd,0.1,3100,100,face,3,5,0.801202297210693,8,4,0.20881492708004418,0.1934825849353239,0.28934942559176113,0.03212489024583158,0.17059976844505334,0.301278079609632
39,OnlineFPCA-sgd,0.1,3200,100,face,3,5,0.827254772186279,8,4,0.10999464071736256,0.26574654808748466,0.29774264761172753,0.030214984549969112,0.16647204350376854,0.2960178112952718
39,OnlineFPCA-sgd,0.1,3300,100,face,3,5,0.809743642807007,8,4,0.19611832455687603,0.31129642556745224,0.3563516001122325,0.0287355190624544,0.16405060946365543,0.2952008429161654
39,OnlineFPCA-sgd,0.1,3400,100,face,3,5,0.803827047348022,8,4,0.20926015389825,0.2690333746088006,0.29017437967586335,0.02742369650952922,0.1625148552773466,0.2939739754564378
39,OnlineFPCA-sgd,0.1,3500,100,face,3,5,0.808627128601074,8,4,0.12653697939733874,0.2639333259663634,0.20873625719064146,0.02249372559074746,0.15991584006407927,0.2884320397165011
39,OnlineFPCA-sgd,0.1,3600,100,face,3,5,0.796216249465942,8,4,0.1407871502684361,0.21993267252841295,0.260216655349431,0.021989806579014528,0.1581346659970772,0.2837781842625256
39,OnlineFPCA-sgd,0.1,3700,100,face,3,5,0.818166732788086,8,4,0.26359434665890763,0.19360169885175438,0.26245898962592673,0.02460475026177742,0.1558672013680793,0.27751154308844456
39,OnlineFPCA-sgd,0.1,3800,100,face,3,5,0.797711133956909,8,4,0.37688152904803185,0.3120840797808508,0.18387207125217309,0.02817287444062682,0.15314878340543867,0.2667104942485749
39,OnlineFPCA-sgd,0.1,3900,100,face,3,5,0.781127691268921,8,4,0.2874419322214104,0.2707282637983611,0.1800688466865142,0.028691965607486238,0.1510466407596261,0.25626366835030184
39,OnlineFPCA-sgd,0.1,4000,100,face,3,5,0.797115802764893,8,4,0.028680964266321874,0.14822678099618747,0.24480945062667442,0.028680964266321874,0.14822678099618747,0.24480945062667442
39,OnlineFPCA-sgd,0.1,4100,100,face,3,5,0.818441390991211,8,4,0.11917417026473033,0.3604212809726552,0.2153781818245871,0.10421247118921954,0.23913944799544992,0.2379442207387015
39,OnlineFPCA-sgd,0.1,4200,100,face,3,5,0.813459634780884,8,4,0.18199842638864805,0.23365913609460914,0.18338832490534823,0.10042078680064928,0.2585505474317729,0.20012872898548384
39,OnlineFPCA-sgd,0.1,4300,100,face,3,5,0.821496248245239,8,4,0.2198868427455664,0.2224393899277981,0.25216139868703297,0.07491926118538599,0.218032341093988,0.19102125638036593
39,OnlineFPCA-sgd,0.1,4400,100,face,3,5,0.940751791000366,8,4,0.28305849288940793,0.12829807276041158,0.2795646180771868,0.05794069582352667,0.1771100643829463,0.19760334407192062
39,OnlineFPCA-sgd,0.1,4500,100,face,3,5,0.816476106643677,8,4,0.25484616357015116,0.24801710479911934,0.1800123844971023,0.04253389256972858,0.16522033747947482,0.1977075012626206
39,OnlineFPCA-sgd,0.1,4600,100,face,3,5,0.823195219039917,8,4,0.2903490651784868,0.19969061212225286,0.24647445593144143,0.05002017032076676,0.15064201681017458,0.19864700772449287
39,OnlineFPCA-sgd,0.1,4700,100,face,3,5,0.804621458053589,8,4,0.12860142033838692,0.19385733439656203,0.2208077179069796,0.06314660833162374,0.13716017054482327,0.1972641941997584
39,OnlineFPCA-sgd,0.1,4800,100,face,3,5,0.812004566192627,8,4,0.15953389006788563,0.20655447832199605,0.3377399328605065,0.06470888557336983,0.1310983700647082,0.20056961582505595
39,OnlineFPCA-sgd,0.1,4900,100,face,3,5,0.799111843109131,8,4,0.2288596879088025,0.18549755829792453,0.3774919256183402,0.06660220399871575,0.12948812222785377,0.20967913286115336
39,OnlineFPCA-sgd,0.1,5000,100,face,3,5,0.844500064849854,8,4,0.19756593703016656,0.2917969797631757,0.4046481565482557,0.06748325988717906,0.13170440624644095,0.218924238821733
39,OnlineFPCA-sgd,0.1,5100,100,face,3,5,0.126419544219971,8,4,0.3248792290657673,0.1803235707347246,0.42272666028850286,0.07350681817258732,0.13490023653183522,0.2267294943001
39,OnlineFPCA-sgd,0.1,5200,100,face,3,5,0.128178596496582,8,4,0.2262959202560107,0.16134563772322402,0.21511213599937393,0.07521626698177332,0.12541159221014325,0.23075855145204313
39,OnlineFPCA-sgd,0.1,5300,100,face,3,5,0.132029294967651,8,4,0.18204249074204032,0.21513934353456574,0.230320628911019,0.07953365096378757,0.11991459136844664,0.22596524267867424
39,OnlineFPCA-sgd,0.1,5400,100,face,3,5,0.126626968383789,8,4,0.17268611975142983,0.20741644138994045,0.294373120204672,0.08057907459429561,0.11787425075036048,0.2252805550029145
39,OnlineFPCA-sgd,0.1,5500,100,face,3,5,0.124926567077637,8,4,0.20213066617008527,0.28370556335329816,0.3067550458179064,0.08080425721968447,0.1205637485875846,0.2282149771786597
39,OnlineFPCA-sgd,0.1,5600,100,face,3,5,0.125488758087158,8,4,0.16514319992480972,0.1838281889752675,0.186696169185759,0.07981944102026654,0.12091730775592842,0.22711850656663976
39,OnlineFPCA-sgd,0.1,5700,100,face,3,5,0.123535633087158,8,4,0.33732099822681805,0.15184086903149177,0.2732190992569274,0.07899536814765437,0.12129885296859853,0.22637442535938443
39,OnlineFPCA-sgd,0.1,5800,100,face,3,5,0.133994102478027,8,4,0.21044466889693716,0.09278665058692917,0.19778126520293932,0.07735392648360463,0.12099894059613572,0.22305731260849251
39,OnlineFPCA-sgd,0.1,5900,100,face,3,5,0.122953176498413,8,4,0.3069668722131233,0.18369842004139256,0.24573727799472672,0.07130093957637541,0.11736495627242066,0.21715771326845312
39,OnlineFPCA-sgd,0.1,6000,100,face,3,5,0.124000310897827,8,4,0.16520040942688433,0.1758115754200285,0.16143438388205905,0.06730075600126463,0.11218471053590313,0.2124196146849102
39,OnlineFPCA-sgd,0.1,6100,100,face,3,5,0.128020763397217,8,4,0.10849768749375631,0.1486381580996713,0.18868873523939853,0.06317921146266448,0.10889790686001677,0.20546071740061123
39,OnlineFPCA-sgd,0.1,6200,100,face,3,5,0.12992000579834,8,4,0.27245990024081806,0.21836461317275546,0.18282022385267588,0.058520911827880384,0.10571575729008445,0.19947491371916776
39,OnlineFPCA-sgd,0.1,6300,100,face,3,5,0.124514102935791,8,4,0.24384974373127305,0.18836572902482399,0.1937196781560173,0.053642212638471805,0.10820810244776896,0.1951612005082682
39,OnlineFPCA-sgd,0.1,6400,100,face,3,5,0.126610279083252,8,4,0.2122609821198563,0.1377546405366626,0.17967322042295006,0.051367050609985775,0.10616619589873914,0.18982306911906213
39,OnlineFPCA-sgd,0.1,6500,100,face,3,5,0.129327297210693,8,4,0.13740291995401505,0.19669929111842271,0.17682540159446958,0.049513863200379725,0.10264211824539325,0.18701799272307504
39,OnlineFPCA-sgd,0.1,6600,100,face,3,5,0.141276121139526,8,4,0.13206862317064644,0.13888391971065758,0.19310492986205866,0.04667130072811113,0.10269765842874759,0.18336901397688493
39,OnlineFPCA-sgd,0.1,6700,100,face,3,5,0.131858587265015,8,4,0.18755247794423477,0.12042112080181647,0.16882641426951575,0.0456341520176606,0.09994339940781004,0.17939846772547052
39,OnlineFPCA-sgd,0.1,6800,100,face,3,5,0.130303382873535,8,4,0.1401483473586815,0.21602066546561896,0.17899940215711632,0.04303829483867983,0.09617446197395488,0.17458775811978525
39,OnlineFPCA-sgd,0.1,6900,100,face,3,5,0.130743265151978,8,4,0.2650129713797554,0.1512838680923719,0.24092212086083506,0.043564004011533757,0.0936659581092836,0.17054804508205285
39,OnlineFPCA-sgd,0.1,7000,100,face,3,5,0.130819797515869,8,4,0.11984636352951672,0.14089101130880122,0.18203092231021947,0.04426661311719814,0.09286319518729134,0.16709897677276028
39,OnlineFPCA-sgd,0.1,7100,100,face,3,5,0.129008054733276,8,4,0.21976720579813652,0.13389430649672032,0.1779695081758531,0.044669060167737286,0.09222328200198548,0.16396455159754814
39,OnlineFPCA-sgd,0.1,7200,100,face,3,5,0.124089241027832,8,4,0.23894912881958616,0.2073476544618146,0.23364352811631234,0.04391999824718698,0.09045841370874895,0.16043002756954647
39,OnlineFPCA-sgd,0.1,7300,100,face,3,5,0.130436658859253,8,4,0.29937219138373816,0.1927988206797881,0.257023232304888,0.04517142749530103,0.08803269115699729,0.1583747383056787
39,OnlineFPCA-sgd,0.1,7400,100,face,3,5,0.124418973922729,8,4,0.29457539911789227,0.20435035548898778,0.3133656526057947,0.044145449999518686,0.08648170564686365,0.1566500866122012
39,OnlineFPCA-sgd,0.1,7500,100,face,3,5,0.113922595977783,8,4,0.11403925221402252,0.15070822250472768,0.317865501274854,0.04394909771217031,0.08343747694206835,0.15639359465874286
39,OnlineFPCA-sgd,0.1,7600,100,face,3,5,0.121295928955078,8,4,0.1630570123603502,0.15853624427212204,0.2985188354312971,0.04410479610062911,0.08189951024063892,0.1561214528647075
39,OnlineFPCA-sgd,0.1,7700,100,face,3,5,0.118892669677734,8,4,0.1967380652016751,0.15403636929844514,0.2465774452254562,0.044052778749919454,0.0815844909347103,0.15598507189228797
39,OnlineFPCA-sgd,0.1,7800,100,face,3,5,0.112207412719727,8,4,0.19560508836640406,0.19554382691685784,0.31282522957607023,0.04283178489432041,0.08256661210431633,0.15656627866986497
39,OnlineFPCA-sgd,0.1,7900,100,face,3,5,0.121233940124512,8,4,0.1801881652310387,0.142324697991231,0.22439786934502268,0.040242130745109905,0.08169326983019094,0.15674249809819063
39,OnlineFPCA-sgd,0.1,8000,100,face,3,5,0.116393804550171,8,4,0.1473122678088833,0.13905711299202528,0.19686985428266993,0.0377289931144542,0.0799434316538909,0.15627206190163997
39,OnlineFPCA-sgd,0.1,8100,100,face,3,5,0.109142303466797,8,4,0.17810190373570478,0.15704067566109237,0.24195313142414407,0.0364461015192191,0.07804788256639804,0.15571427998765006
39,OnlineFPCA-sgd,0.1,8200,100,face,3,5,0.118537187576294,8,4,0.08507999994359262,0.1989451228389304,0.2834169873461902,0.03531438182375589,0.07715544507785303,0.15735367394611588
39,OnlineFPCA-sgd,0.1,8300,100,face,3,5,0.11802077293396,8,4,0.16246346799815287,0.24474404480223283,0.32591269540087736,0.034197072063191995,0.07591819232746212,0.15995810844254177
39,OnlineFPCA-sgd,0.1,8400,100,face,3,5,0.12294864654541,8,4,0.17233019697004184,0.2301517921748435,0.2821990814901495,0.03459615588733155,0.07501743051115677,0.1620618184326905
39,OnlineFPCA-sgd,0.1,8500,100,face,3,5,0.11395001411438,8,4,0.11994327964676611,0.20585585143438984,0.23505566575710404,0.03310834385428715,0.07387164520730725,0.16336522469919984
39,OnlineFPCA-sgd,0.1,8600,100,face,3,5,0.129701375961304,8,4,0.12890901118421066,0.17612703186641215,0.24632504032534153,0.03248100451887546,0.07287531437873195,0.1655135307053853
39,OnlineFPCA-sgd,0.1,8700,100,face,3,5,0.124614953994751,8,4,0.23875574117820175,0.15087872561587126,0.2740000453607948,0.03409423374780634,0.07155811904055032,0.16712924671734317
39,OnlineFPCA-sgd,0.1,8800,100,face,3,5,0.113537311553955,8,4,0.28133803873413543,0.21022684546420367,0.16832982951070047,0.0351689573072824,0.07085064076661837,0.1671163108922859
39,OnlineFPCA-sgd,0.1,8900,100,face,3,5,0.118455648422241,8,4,0.2280844356226473,0.20876062253149077,0.16268522726524437,0.03459754485629252,0.07066674803744011,0.16583702872462358
39,OnlineFPCA-sgd,0.1,9000,100,face,3,5,0.113219261169434,8,4,0.20801148477365783,0.20107976956693943,0.17767520850862858,0.03330066228621904,0.07084499506950491,0.16368582880819213
39,OnlineFPCA-sgd,0.1,9100,100,face,3,5,0.11689281463623,8,4,0.11921483975108159,0.34819488143906446,0.1883361702133653,0.03315906031863371,0.07153886783410267,0.16063704270473503
39,OnlineFPCA-sgd,0.1,9200,100,face,3,5,0.115972995758057,8,4,0.12496093498405929,0.24325661572853774,0.20743746433935922,0.03326462127691647,0.072684745441726,0.15770408582129636
39,OnlineFPCA-sgd,0.1,9300,100,face,3,5,0.113001346588135,8,4,0.16811482260432614,0.10445648320429064,0.27090950903319466,0.03249746694594743,0.07347565568629869,0.15564156707909063
39,OnlineFPCA-sgd,0.1,9400,100,face,3,5,0.119635105133057,8,4,0.21766725323830627,0.10414559628986521,0.233110266837089,0.03214427309684144,0.07315273682842367,0.15498238826994595
39,OnlineFPCA-sgd,0.1,9500,100,face,3,5,0.113356113433838,8,4,0.18870166726695084,0.2003813239652427,0.15793062893416196,0.03203368334888358,0.07371213739028815,0.15451642976490645
39,OnlineFPCA-sgd,0.1,9600,100,face,3,5,0.111323356628418,8,4,0.23026310111870635,0.18065611320416924,0.15628557136243063,0.03351515160368225,0.0743377751996986,0.1538349943540804
39,OnlineFPCA-sgd,0.1,9700,100,face,3,5,0.105658054351807,8,4,0.12027303031031804,0.16614609477796988,0.14744526466281432,0.035208832827790706,0.07445928124288109,0.15311365365161164
39,OnlineFPCA-sgd,0.1,9800,100,face,3,5,0.107274532318115,8,4,0.12801247163644422,0.1857253376457182,0.2694625911445248,0.03598354815490538,0.07450089018571728,0.1533614655317183
39,OnlineFPCA-sgd,0.1,9900,100,face,3,5,0.117821216583252,8,4,0.161380786812128,0.14496283951421132,0.2932710978660167,0.03642318422585501,0.07489790574963573,0.15530202714695404
39,OnlineFPCA-sgd,0.1,10000,100,face,3,5,0.120643615722656,8,4,0.14746373897730738,0.2435327981147611,0.31518297432701053,0.036471384336436624,0.07548259597919733,0.15745207701342706
39,OnlineFPCA-sgd,0.1,10100,100,face,3,5,0.132037401199341,8,4,0.23961701759619175,0.18086429939858287,0.338574165692211,0.03688966274304061,0.07629863914917245,0.15947529537908633
39,OnlineFPCA-sgd,0.1,10200,100,face,3,5,0.126679420471191,8,4,0.17835547506366967,0.13955423056212155,0.1879488895456752,0.03702695902999704,0.07545699898670577,0.16018118572246523
39,OnlineFPCA-sgd,0.1,10300,100,face,3,5,0.122522592544556,8,4,0.1531059859783409,0.19466493653335037,0.19062036323299153,0.03728313399074946,0.0748140750502098,0.1601200750814122
39,OnlineFPCA-sgd,0.1,10400,100,face,3,5,0.134704113006592,8,4,0.15715515297010177,0.1864599860218353,0.23967391328506327,0.0373163080876524,0.07485064964078478,0.16032535498367165
39,OnlineFPCA-sgd,0.1,10500,100,face,3,5,0.133729696273804,8,4,0.16431931836115105,0.256660687371199,0.25084617847277596,0.037270954088396924,0.07561541389671944,0.16089057913318272
39,OnlineFPCA-sgd,0.1,10600,100,face,3,5,0.136785268783569,8,4,0.15039976997079,0.1660163010795955,0.16229733432117346,0.03668870456351913,0.07619692336160433,0.1609473140721058
39,OnlineFPCA-sgd,0.1,10700,100,face,3,5,0.131742715835571,8,4,0.29456908665351467,0.1454300256124338,0.2353101877919497,0.03676881270601147,0.07685180204538278,0.16131033752600552
39,OnlineFPCA-sgd,0.1,10800,100,face,3,5,0.127576351165771,8,4,0.1875261555324866,0.10780420957477638,0.15490400194504558,0.037099043162122355,0.0773796605535064,0.1610950834768562
39,OnlineFPCA-sgd,0.1,10900,100,face,3,5,0.131021738052368,8,4,0.2563993518376995,0.16726426228227625,0.20459422305193128,0.03656431999065225,0.07727748808151028,0.16004862647151988
39,OnlineFPCA-sgd,0.1,11000,100,face,3,5,0.131907939910889,8,4,0.130163820199843,0.16436761044730502,0.14060862601926258,0.03634148331734976,0.07679739848275706,0.15913939179910055
39,OnlineFPCA-sgd,0.1,11100,100,face,3,5,0.127336978912354,8,4,0.08852493253834864,0.12927767574797291,0.1592041031600811,0.03573555097205219,0.0763719487049633,0.15777220227708594
39,OnlineFPCA-sgd,0.1,11200,100,face,3,5,0.131465196609497,8,4,0.24193383858043638,0.19201707730871329,0.15321880313042563,0.03546241904661041,0.07587682811900201,0.15665136794488635
39,OnlineFPCA-sgd,0.1,11300,100,face,3,5,0.12748122215271,8,4,0.21453698439623928,0.17362371358637022,0.15678445305078967,0.03495639104703827,0.07638637237537857,0.15564119340983903
39,OnlineFPCA-sgd,0.1,11400,100,face,3,5,0.128493785858154,8,4,0.18388672515727542,0.1367121713246031,0.15041092599115188,0.03438742440769817,0.07586787972991588,0.15445872277880449
39,OnlineFPCA-sgd,0.1,11500,100,face,3,5,0.128698348999023,8,4,0.09686402457071296,0.15187047340385856,0.14739360266145,0.034104779116374696,0.075184814465396,0.15374419099925823
39,OnlineFPCA-sgd,0.1,11600,100,face,3,5,0.128187894821167,8,4,0.08549204102920825,0.11498663848589732,0.15567191239352812,0.03357291025235281,0.07541477091377828,0.15273584400086232
39,OnlineFPCA-sgd,0.1,11700,100,face,3,5,0.132948875427246,8,4,0.13255287822832584,0.11377895227355798,0.1433056115950479,0.033799198399790356,0.07508152459484234,0.15156915249357522
39,OnlineFPCA-sgd,0.1,11800,100,face,3,5,0.133081674575806,8,4,0.12112141983521307,0.17859994534948695,0.14518625037883082,0.03344139970905015,0.07432609902412485,0.15061018951148192
39,OnlineFPCA-sgd,0.1,11900,100,face,3,5,0.126543045043945,8,4,0.2205728082371866,0.10513482195901078,0.20301966745978203,0.03366825286759374,0.07359537865233942,0.15012308405157257
39,OnlineFPCA-sgd,0.1,12000,100,face,3,5,0.141808986663818,8,4,0.10051350849858055,0.10105278667262553,0.14767733694479404,0.03379227556404189,0.07340528714466234,0.1497518433805287
39,OnlineFPCA-sgd,0.1,12100,100,face,3,5,0.130966901779175,8,4,0.17284324468289805,0.10083026154847902,0.1353828551880819,0.03391314118008039,0.07328861327732077,0.14903415234223064
39,OnlineFPCA-sgd,0.1,12200,100,face,3,5,0.129650115966797,8,4,0.19566601026041935,0.1603210129933044,0.20265228736891547,0.03385615529563231,0.07292644152532902,0.14845699596119194
39,OnlineFPCA-sgd,0.1,12300,100,face,3,5,0.129721403121948,8,4,0.2351349316827443,0.15190978934967247,0.22002029750697724,0.03461134891753978,0.0724365481628089,0.14856763994272043
39,OnlineFPCA-sgd,0.1,12400,100,face,3,5,0.131170511245728,8,4,0.26468927714552387,0.1666481311498336,0.26549063597687994,0.03452232644177599,0.07205097019145042,0.14880890263069774
39,OnlineFPCA-sgd,0.1,12500,100,face,3,5,0.133236408233643,8,4,0.0991572178529165,0.11940582912055264,0.2739857501571754,0.03462673258575937,0.0711569998222516,0.14951586113893875
39,OnlineFPCA-sgd,0.1,12600,100,face,3,5,0.132267951965332,8,4,0.125466806159341,0.12068995893003205,0.2673147971047212,0.03457799192046477,0.07045186750094339,0.15010240740639874
39,OnlineFPCA-sgd,0.1,12700,100,face,3,5,0.129390239715576,8,4,0.1756740546561926,0.12270093968333946,0.22570169115018604,0.034436839485696216,0.07006055222403383,0.1505837451282599
39,OnlineFPCA-sgd,0.1,12800,100,face,3,5,0.138770818710327,8,4,0.1941112462806866,0.15578120784143878,0.281323316932056,0.03384230839148663,0.07023719820957462,0.15125147591600516
39,OnlineFPCA-sgd,0.1,12900,100,face,3,5,0.12876558303833,8,4,0.1598612210831095,0.11164182863562781,0.20990475660484306,0.032806235813308944,0.06997368686613945,0.15158755703930984
39,OnlineFPCA-sgd,0.1,13000,100,face,3,5,0.135961055755615,8,4,0.10821921127535267,0.11213770628790207,0.18559741341184632,0.03187556494902869,0.06942003949730956,0.1515219663987699
39,OnlineFPCA-sgd,0.1,13100,100,face,3,5,0.129786252975464,8,4,0.15654282964752192,0.13421802668463972,0.2123913481973436,0.03140445793220863,0.06875760409691974,0.15137453353336938
39,OnlineFPCA-sgd,0.1,13200,100,face,3,5,0.1272292137146,8,4,0.0797922534632087,0.1583767551657222,0.249254537472229,0.031080216892593472,0.06845163359826043,0.15186624339131852
39,OnlineFPCA-sgd,0.1,13300,100,face,3,5,0.133369445800781,8,4,0.13950053038195825,0.205125413408074,0.29368210139437023,0.030852006038688956,0.06792771321534037,0.15269728588643094
39,OnlineFPCA-sgd,0.1,13400,100,face,3,5,0.125016927719116,8,4,0.15054441892290152,0.1979548159202817,0.2625346865336777,0.031371016750509496,0.0674558534293528,0.15344928003071184
39,OnlineFPCA-sgd,0.1,13500,100,face,3,5,0.13460636138916,8,4,0.11468795583890634,0.17043893379792144,0.23247156572510047,0.03108396134366868,0.06687910607075817,0.15404578599895583
39,OnlineFPCA-sgd,0.1,13600,100,face,3,5,0.129645109176636,8,4,0.12010778241176334,0.15140729530985456,0.22887674182397008,0.03102101921295069,0.06634469554816583,0.15490973263986152
39,OnlineFPCA-sgd,0.1,13700,100,face,3,5,0.129746675491333,8,4,0.2117830404577823,0.13065385003051233,0.2699684407922965,0.03170225067168902,0.06560355147067445,0.15570970090317376
39,OnlineFPCA-sgd,0.1,13800,100,face,3,5,0.131045341491699,8,4,0.2510006905498087,0.15967906350543104,0.17456807843130695,0.03226039749740607,0.0651292855836528,0.1560320339494714
39,OnlineFPCA-sgd,0.1,13900,100,face,3,5,0.133246183395386,8,4,0.1972887888855886,0.1730608655243455,0.1562753280864575,0.03226133061982329,0.06491809547127893,0.15580213033334053
39,OnlineFPCA-sgd,0.1,14000,100,face,3,5,0.140315294265747,8,4,0.18021104081136322,0.1753802639276079,0.15788571765401158,0.03186197987369115,0.06495455680041146,0.15517449062616123
39,OnlineFPCA-sgd,0.1,14100,100,face,3,5,0.133054733276367,8,4,0.11179914586004118,0.31186938908963696,0.15967609727497195,0.0318716827203126,0.06525119272940418,0.15413498357167837
39,OnlineFPCA-sgd,0.1,14200,100,face,3,5,0.124152898788452,8,4,0.11331259526272619,0.23677308423491847,0.1814944167249355,0.03192738328433318,0.06571939681188559,0.15307246058353166
39,OnlineFPCA-sgd,0.1,14300,100,face,3,5,0.133593797683716,8,4,0.12973879526807333,0.07427599510513265,0.2386438155756534,0.03157647068853065,0.06601494640327346,0.15228025988647811
39,OnlineFPCA-sgd,0.1,14400,100,face,3,5,0.129065990447998,8,4,0.1866960858786447,0.09642862323013009,0.20571249217858711,0.03136073078677206,0.06583552751126377,0.1520681553993469
39,OnlineFPCA-sgd,0.1,14500,100,face,3,5,0.130513429641724,8,4,0.15697040625164976,0.17068352649530072,0.154041243251134,0.03132569224723076,0.06614227001758287,0.15191056483879423
39,OnlineFPCA-sgd,0.1,14600,100,face,3,5,0.129928112030029,8,4,0.20400455423046598,0.16799516374496926,0.14666610403886604,0.032027195810809365,0.06655008491859919,0.15155735098673143
39,OnlineFPCA-sgd,0.1,14700,100,face,3,5,0.130316257476807,8,4,0.11886296920693687,0.1574424498176546,0.14181405098085842,0.03290352032651959,0.06673593397011196,0.15116918825136788
39,OnlineFPCA-sgd,0.1,14800,100,face,3,5,0.134443044662476,8,4,0.11520661570443494,0.1765359005797049,0.23664016120350934,0.03335278136028523,0.06682116100716634,0.15117229989427425
39,OnlineFPCA-sgd,0.1,14900,100,face,3,5,0.131290674209595,8,4,0.13543614383244298,0.12595005657835698,0.25559017182468224,0.03361637497932275,0.06709960683572412,0.15196571110430518
39,OnlineFPCA-sgd,0.1,15000,100,face,3,5,0.135350704193115,8,4,0.12336174300659178,0.2155072551972594,0.27465342827699823,0.03364572210043013,0.06744647532564395,0.15286838585026238
39,OnlineFPCA-adagrad,0.1,0,100,face,3,5,6.4053201675415,3,1,1.9966689220856704,0.1863838381641178,1.974867155238438,1.9966689220856704,0.1863838381641178,1.974867155238438
39,OnlineFPCA-adagrad,0.1,100,100,face,3,5,0.235492706298828,3,1,0.7663334976449518,1.342923849029091,1.1553815135793564,NA,NA,NA
39,OnlineFPCA-adagrad,0.1,200,100,face,3,5,0.264582395553589,3,1,0.412760185448175,0.7899196125434805,1.1561099154974648,NA,NA,NA
39,OnlineFPCA-adagrad,0.1,300,100,face,3,5,0.238538980484009,3,1,0.7663099050824796,0.8770283506044492,1.283655991130668,NA,NA,NA
39,OnlineFPCA-adagrad,0.1,400,100,face,3,5,0.238960981369019,3,1,0.5894631355626975,0.9250105066837172,0.7410226207467051,NA,NA,NA
39,OnlineFPCA-adagrad,0.1,500,100,face,3,5,0.241675615310669,3,1,0.26321767522879774,0.6586885836840544,0.7983985780069465,NA,NA,NA
39,OnlineFPCA-adagrad,0.1,600,100,face,3,5,0.247276544570923,3,1,0.2607044471796883,0.6587312389225465,0.798473026573649,NA,NA,NA
39,OnlineFPCA-adagrad,0.1,700,100,face,3,5,0.248065233230591,3,1,0.25798265501574585,0.6583280210153805,0.7986829942445889,NA,NA,NA
39,OnlineFPCA-adagrad,0.1,800,100,face,3,5,0.242507934570312,3,1,0.25614344716082615,0.6576171551463891,0.7986291157025708,NA,NA,NA
39,OnlineFPCA-adagrad,0.1,900,100,face,3,5,0.236548662185669,3,1,0.25349163971634553,0.6571378787075072,0.7985214464802478,NA,NA,NA
39,OnlineFPCA-adagrad,0.1,1000,100,face,3,5,0.252829074859619,3,1,0.25008349901260035,0.6569226898063507,0.7985634021854091,NA,NA,NA
39,OnlineFPCA-adagrad,0.1,1100,100,face,3,5,0.321393489837646,3,1,0.46886424247861463,0.44569086285328424,0.7238478045533246,0.19255672697337298,0.5345432640271511,0.8030718180121816
39,OnlineFPCA-adagrad,0.1,1200,100,face,3,5,0.348695516586304,3,1,0.34307016472781265,0.4453733310572304,0.8856903435310809,0.18133638263087687,0.3428728218705768,0.8428416130516359
39,OnlineFPCA-adagrad,0.1,1300,100,face,3,5,0.352663993835449,3,1,0.2532899632277596,0.39344665000429957,0.9219377648054033,0.1442122076880158,0.38052693635210677,0.8488586528323119
39,OnlineFPCA-adagrad,0.1,1400,100,face,3,5,0.335297584533691,3,1,0.3658003752265454,0.2934347012479772,0.7968258234510003,0.14973367117513336,0.36513067621826234,0.852838248876886
39,OnlineFPCA-adagrad,0.1,1500,100,face,3,5,0.35979700088501,3,1,0.26202401982059786,0.3402621958936654,0.844908513660352,0.12111685346135515,0.31680130771512593,0.8430894862018259
39,OnlineFPCA-adagrad,0.1,1600,100,face,3,5,0.322573900222778,3,1,0.1496223630207853,0.19502339767258048,0.812040488023574,0.09369197987780943,0.3027644706187973,0.8238019891851489
39,OnlineFPCA-adagrad,0.1,1700,100,face,3,5,0.340726375579834,3,1,0.23178913480074007,0.2571037154736719,0.7836126062034291,0.07737448098109764,0.27990284078075983,0.8136060653432943
39,OnlineFPCA-adagrad,0.1,1800,100,face,3,5,0.35652494430542,3,1,0.17975570855424539,0.21889947283953365,0.8313371045430505,0.0708663445802539,0.2509507688387751,0.8033695743681634
39,OnlineFPCA-adagrad,0.1,1900,100,face,3,5,0.351318359375,3,1,0.34751096003526666,0.25706511124247367,0.7203595701920612,0.06837642135665599,0.23839647026856187,0.7903283154302415
39,OnlineFPCA-adagrad,0.1,2000,100,face,3,5,0.3262619972229,3,1,0.1741897451977724,0.19369254607789851,0.7669704523963442,0.06910410871940208,0.22649725227075265,0.7782141750135964
39,OnlineFPCA-adagrad,0.1,2100,100,face,3,5,0.339862585067749,3,1,0.31806699415897116,0.1435979863221812,0.7349446453850702,0.06731232958403861,0.21541469475415148,0.7696858798986169
39,OnlineFPCA-adagrad,0.1,2200,100,face,3,5,0.334697008132935,3,1,0.3731685590840764,0.22109846393065757,0.6178036572574716,0.06024262905982993,0.20802818999289205,0.7529142164547517
39,OnlineFPCA-adagrad,0.1,2300,100,face,3,5,0.329506158828735,3,1,0.37136106062768015,0.21488270858337838,0.48958219962398913,0.062149117059454105,0.19968829967458498,0.7304047299143532
39,OnlineFPCA-adagrad,0.1,2400,100,face,3,5,0.324609518051147,3,1,0.18873654231086223,0.2524791785303108,0.5188635774427042,0.05790822233064179,0.1922120399593298,0.708225416386673
39,OnlineFPCA-adagrad,0.1,2500,100,face,3,5,0.335555076599121,3,1,0.1608290096502788,0.2111990250281571,0.5111945300293327,0.055652940375628436,0.17946005621020059,0.6895632342851312
39,OnlineFPCA-adagrad,0.1,2600,100,face,3,5,0.370596647262573,3,1,0.13345592082455596,0.18170072393992226,0.347426119275224,0.05458435788959099,0.17085155302291496,0.6582779545472761
39,OnlineFPCA-adagrad,0.1,2700,100,face,3,5,0.363600730895996,3,1,0.1486137248927469,0.1853711354182373,0.327775561170362,0.051137075208397484,0.1612099928430289,0.6303758338244853
39,OnlineFPCA-adagrad,0.1,2800,100,face,3,5,0.358953952789307,3,1,0.18987209795000573,0.228523276940141,0.3924239874110288,0.0476362361827188,0.1530216480294448,0.5997282003721699
39,OnlineFPCA-adagrad,0.1,2900,100,face,3,5,0.364438772201538,3,1,0.17675009261134986,0.217878125431472,0.31255910504910306,0.04264556843144688,0.14973078874144657,0.57510976765289
39,OnlineFPCA-adagrad,0.1,3000,100,face,3,5,0.366975545883179,3,1,0.07616850343336132,0.15070539921103382,0.3783696171653681,0.03740881699602582,0.1420374147427185,0.560245691997099
39,OnlineFPCA-adagrad,0.1,3100,100,face,3,5,0.523654699325562,3,1,0.1389810996104863,0.09693281758070822,0.41240964894495563,0.03589345324124749,0.13061310562188333,0.5497247262641068
39,OnlineFPCA-adagrad,0.1,3200,100,face,3,5,0.370558500289917,3,1,0.07608862534184854,0.19058869973306505,0.36226769343402065,0.03430203455621624,0.12343932950052162,0.5403875297417603
39,OnlineFPCA-adagrad,0.1,3300,100,face,3,5,0.35453200340271,3,1,0.12747016037793174,0.19795211384999506,0.4797740922275088,0.03212167652991149,0.1138565751341377,0.5303564598798605
39,OnlineFPCA-adagrad,0.1,3400,100,face,3,5,0.337436437606812,3,1,0.16733368072059937,0.2527144950860323,0.37288249808332813,0.030040261111673433,0.10938746320307274,0.5212283245295029
39,OnlineFPCA-adagrad,0.1,3500,100,face,3,5,0.348957300186157,3,1,0.11019843728481261,0.20859887531388024,0.21030829755720426,0.025602287774873007,0.1076694168568425,0.5067502407424617
39,OnlineFPCA-adagrad,0.1,3600,100,face,3,5,0.373523712158203,3,1,0.11958253583977234,0.21461758489626614,0.20279530327336354,0.0240890673817317,0.10705668728529108,0.49158753193024707
39,OnlineFPCA-adagrad,0.1,3700,100,face,3,5,0.336833953857422,3,1,0.17694386898675227,0.18429966123625907,0.39499547739605856,0.025603978925804786,0.10752495675206494,0.4723046944991508
39,OnlineFPCA-adagrad,0.1,3800,100,face,3,5,0.355433940887451,3,1,0.25281555863300287,0.22493616756916116,0.2891401615321646,0.02813507873689785,0.1061957923605154,0.4484496689735449
39,OnlineFPCA-adagrad,0.1,3900,100,face,3,5,0.343418121337891,3,1,0.18705782660286177,0.19686022008351514,0.33400798561879885,0.028170636280305947,0.10372507186676815,0.42530136269460367
39,OnlineFPCA-adagrad,0.1,4000,100,face,3,5,0.353324890136719,3,1,0.028014401698382416,0.10217277985047135,0.4023153482317874,0.028014401698382416,0.10217277985047135,0.4023153482317874
39,OnlineFPCA-adagrad,0.1,4100,100,face,3,5,0.344874620437622,3,1,0.09932528282360271,0.3241756716267938,0.319114924713962,0.06897714693871783,0.24293503428631977,0.377834697992621
39,OnlineFPCA-adagrad,0.1,4200,100,face,3,5,0.34611964225769,3,1,0.11546137624343762,0.2177821645504301,0.22847393753256742,0.09257448219330688,0.2546884736126016,0.29829664774994824
39,OnlineFPCA-adagrad,0.1,4300,100,face,3,5,0.376400709152222,3,1,0.10111771099369728,0.22801736576049386,0.30417885828111546,0.06854372690437233,0.18322631941921483,0.2337040786470474
39,OnlineFPCA-adagrad,0.1,4400,100,face,3,5,0.347809314727783,3,1,0.23416690467316498,0.0870558017910214,0.2924280398222493,0.056159259210935106,0.11797820062842523,0.2309451884799398
39,OnlineFPCA-adagrad,0.1,4500,100,face,3,5,0.359573364257812,3,1,0.11594894125901757,0.21110970707059193,0.12304508063261428,0.047577201881908046,0.10536835277351232,0.21008419762076957
39,OnlineFPCA-adagrad,0.1,4600,100,face,3,5,0.360875368118286,3,1,0.20668748939306758,0.18520202184393822,0.20374627095787767,0.0512558537173926,0.0828870134101598,0.19409068851170558
39,OnlineFPCA-adagrad,0.1,4700,100,face,3,5,0.365756273269653,3,1,0.10978774333784709,0.17480905458324394,0.21321501177877875,0.06323322434848058,0.06811136152085197,0.18567912936782607
39,OnlineFPCA-adagrad,0.1,4800,100,face,3,5,0.374078512191772,3,1,0.08772156883251442,0.21855633312466713,0.4330792865758949,0.06459566369447838,0.0633994169467132,0.19158733792280494
39,OnlineFPCA-adagrad,0.1,4900,100,face,3,5,0.353816986083984,3,1,0.14167898285734018,0.14369549425351258,0.46862969999405807,0.06214750324854286,0.0653288310370449,0.20654313431632088
39,OnlineFPCA-adagrad,0.1,5000,100,face,3,5,0.354124307632446,3,1,0.1329416538562334,0.23338636477933702,0.5291449348410407,0.057958164105215086,0.07239142197932665,0.22251476947499077
39,OnlineFPCA-adagrad,0.1,5100,100,face,3,5,0.146400213241577,3,1,0.17940032995491528,0.13790292184673744,0.6110443684286218,0.05821219913118714,0.07767648457315221,0.24388901201847651
39,OnlineFPCA-adagrad,0.1,5200,100,face,3,5,0.140928983688354,3,1,0.14471603872255687,0.15648403888350193,0.2987484562460785,0.05698202605987649,0.06856789413674273,0.251823815221365
39,OnlineFPCA-adagrad,0.1,5300,100,face,3,5,0.136029005050659,3,1,0.1254185682169101,0.1867579485111093,0.3187909604573567,0.05799186089606407,0.06530697302739628,0.25247613746314534
39,OnlineFPCA-adagrad,0.1,5400,100,face,3,5,0.143398523330688,3,1,0.1383596287180058,0.19446102526904271,0.4073376702882501,0.05852065613693276,0.06711675393055483,0.2565411195513403
39,OnlineFPCA-adagrad,0.1,5500,100,face,3,5,0.137951374053955,3,1,0.1443274116427252,0.28621556565413975,0.3710570589972801,0.05987910696728879,0.07454306104585101,0.26359400933884874
39,OnlineFPCA-adagrad,0.1,5600,100,face,3,5,0.127869844436646,3,1,0.12886027131129785,0.1658502474250038,0.22696170776143654,0.05895719666024601,0.07957319300616224,0.26357352974530873
39,OnlineFPCA-adagrad,0.1,5700,100,face,3,5,0.137719392776489,3,1,0.21582173195270538,0.15562505805685428,0.30512370643889225,0.057735545962563216,0.0843648257867564,0.2633103529043452
39,OnlineFPCA-adagrad,0.1,5800,100,face,3,5,0.140412569046021,3,1,0.14716273379850012,0.09373814347949032,0.18569155843699212,0.05849552418711061,0.08737111417284463,0.25881181419236576
39,OnlineFPCA-adagrad,0.1,5900,100,face,3,5,0.141323089599609,3,1,0.19642328425502226,0.23072016197802084,0.2647004159594092,0.055548854184326646,0.08809007637628852,0.2521380046081199
39,OnlineFPCA-adagrad,0.1,6000,100,face,3,5,0.138918161392212,3,1,0.09311411404152406,0.17979458284086722,0.13710033097580515,0.0528282511452835,0.08843219744760954,0.24428879793821964
39,OnlineFPCA-adagrad,0.1,6100,100,face,3,5,0.137696504592896,3,1,0.08544572965619764,0.12651549597214534,0.208025589309126,0.05037843519801878,0.0887707252774765,0.233325969601412
39,OnlineFPCA-adagrad,0.1,6200,100,face,3,5,0.138046741485596,3,1,0.19666734117141293,0.24513845859791003,0.2245788169809413,0.04729289839401863,0.08816549580817783,0.22436624347949116
39,OnlineFPCA-adagrad,0.1,6300,100,face,3,5,0.153403759002686,3,1,0.16060230869865053,0.20813142204775745,0.2483348443828674,0.04413804400648027,0.0936454851723042,0.21689887541109149
39,OnlineFPCA-adagrad,0.1,6400,100,face,3,5,0.140721797943115,3,1,0.1482335950049017,0.17077317394067681,0.23661362777666012,0.04127710228495019,0.09171727908136362,0.20776686113328285
39,OnlineFPCA-adagrad,0.1,6500,100,face,3,5,0.140686750411987,3,1,0.06558831015458656,0.18632309774552777,0.21124969894039805,0.03984395051129215,0.08800981129187412,0.2040870630601387
39,OnlineFPCA-adagrad,0.1,6600,100,face,3,5,0.13654088973999,3,1,0.07674144566602095,0.11438961720626832,0.2028212274745616,0.03793766377178123,0.08757377261843437,0.19970699514943346
39,OnlineFPCA-adagrad,0.1,6700,100,face,3,5,0.140861034393311,3,1,0.11140253229360228,0.15462067825046763,0.191859040806631,0.038050659582176606,0.08437536167290656,0.19393559327354032
39,OnlineFPCA-adagrad,0.1,6800,100,face,3,5,0.139858961105347,3,1,0.1109844413489479,0.201567925037831,0.25426413407400167,0.03661665781176671,0.07972924088915284,0.1880979763778003
39,OnlineFPCA-adagrad,0.1,6900,100,face,3,5,0.138221502304077,3,1,0.1625473145916666,0.169623116872373,0.3971494109456755,0.03686646074465792,0.07560532642833484,0.18483304331581024
39,OnlineFPCA-adagrad,0.1,7000,100,face,3,5,0.139399528503418,3,1,0.08351150045446439,0.14037329711651536,0.3065438600298403,0.037349019478640735,0.07293322781571074,0.18231530897702442
39,OnlineFPCA-adagrad,0.1,7100,100,face,3,5,0.302656888961792,3,1,0.1453746226493459,0.14035913445964435,0.2758405418885976,0.03781464808404004,0.07096323154559281,0.1792786903409811
39,OnlineFPCA-adagrad,0.1,7200,100,face,3,5,0.144315481185913,3,1,0.1734671351054428,0.20372829716547322,0.2679660796850644,0.03773382787415508,0.06876630655362803,0.17422819262937594
39,OnlineFPCA-adagrad,0.1,7300,100,face,3,5,0.142167091369629,3,1,0.13519809652924786,0.18413799376221116,0.36424277736849625,0.039537563111790526,0.06656014051005348,0.17137375811759126
39,OnlineFPCA-adagrad,0.1,7400,100,face,3,5,0.132436990737915,3,1,0.17019759126324285,0.2154904517551695,0.4017269345144042,0.03858287158320397,0.06598741123369195,0.1701558585566644
39,OnlineFPCA-adagrad,0.1,7500,100,face,3,5,0.138942718505859,3,1,0.08325642601276075,0.14721767822152376,0.4111862578119651,0.03871344423351597,0.06382715125037956,0.17168883125421006
39,OnlineFPCA-adagrad,0.1,7600,100,face,3,5,0.133237838745117,3,1,0.09658547494011059,0.13864220135991098,0.3879015572144076,0.03909428377872348,0.062245374302033196,0.17316279955893862
39,OnlineFPCA-adagrad,0.1,7700,100,face,3,5,0.1450355052948,3,1,0.13851120691008298,0.14902487568822068,0.27422281059696096,0.03884637550034958,0.0610291639239873,0.17417899823175137
39,OnlineFPCA-adagrad,0.1,7800,100,face,3,5,0.138712406158447,3,1,0.16549438747203662,0.18872785025558708,0.3719037634082386,0.03734590128960019,0.061786258808999926,0.1760218299971738
39,OnlineFPCA-adagrad,0.1,7900,100,face,3,5,0.139602422714233,3,1,0.13634507158041337,0.16703637456427933,0.23905434587987703,0.03440510864731446,0.06082584652360663,0.17639359722611986
39,OnlineFPCA-adagrad,0.1,8000,100,face,3,5,0.135544776916504,3,1,0.06678758327190486,0.11941954101022492,0.2350479961883741,0.031708282880869,0.05925306557083477,0.17590082830406986
39,OnlineFPCA-adagrad,0.1,8100,100,face,3,5,0.140957355499268,3,1,0.11477407607882247,0.0866698272701519,0.29562156021139696,0.030593720610391773,0.05742088126306531,0.1756392585531789
39,OnlineFPCA-adagrad,0.1,8200,100,face,3,5,0.135676383972168,3,1,0.07068565096458387,0.1369674389708178,0.30282460690463164,0.029373965075895347,0.05656785356865837,0.1777279374645027
39,OnlineFPCA-adagrad,0.1,8300,100,face,3,5,0.130553960800171,3,1,0.10353015866442154,0.18055805146501164,0.41745489869474955,0.02849384052645496,0.05446289680488716,0.1794944932460822
39,OnlineFPCA-adagrad,0.1,8400,100,face,3,5,0.139482736587524,3,1,0.1450198150508704,0.2025721926240526,0.3377418795168039,0.028833663539734274,0.052596425155239296,0.1806511370607127
39,OnlineFPCA-adagrad,0.1,8500,100,face,3,5,0.151662349700928,3,1,0.11057930348605845,0.1747355725607872,0.24733766718527303,0.027953832956660745,0.05064550767381586,0.18101820450824768
39,OnlineFPCA-adagrad,0.1,8600,100,face,3,5,0.140273332595825,3,1,0.10675184301230331,0.1714962245352085,0.2167423601181846,0.027627877783020865,0.04925481609894255,0.1819801063231749
39,OnlineFPCA-adagrad,0.1,8700,100,face,3,5,0.129141092300415,3,1,0.1450247104951636,0.16867086310969778,0.3642592852145982,0.029071025630377705,0.04768916346221548,0.18268794681217987
39,OnlineFPCA-adagrad,0.1,8800,100,face,3,5,0.136708974838257,3,1,0.20755968214974888,0.16286538186931615,0.23054154705185886,0.030159465503627702,0.04678123814181242,0.18141620440278047
39,OnlineFPCA-adagrad,0.1,8900,100,face,3,5,0.144525289535522,3,1,0.16441840022852902,0.16316069416962034,0.23901697744320863,0.029730806681393513,0.04650730486880195,0.1786462867689679
39,OnlineFPCA-adagrad,0.1,9000,100,face,3,5,0.134004831314087,3,1,0.11381235733680516,0.18536735971648682,0.31584484934478707,0.028784909818940347,0.04716361466978158,0.17513042832692954
39,OnlineFPCA-adagrad,0.1,9100,100,face,3,5,0.144101142883301,3,1,0.10129245935864317,0.3314598669124841,0.36891863416512555,0.028775286261998427,0.04863175645726564,0.16964969158503124
39,OnlineFPCA-adagrad,0.1,9200,100,face,3,5,0.139478206634521,3,1,0.11575443181036306,0.2495112052729407,0.27452470085236663,0.028884101584961408,0.05070828716658079,0.1656747981518037
39,OnlineFPCA-adagrad,0.1,9300,100,face,3,5,0.145854711532593,3,1,0.0778426469468798,0.12769311182369383,0.3570642544179245,0.028436768689938028,0.05162821801583662,0.16360221832610622
39,OnlineFPCA-adagrad,0.1,9400,100,face,3,5,0.148421287536621,3,1,0.1768997756066348,0.09116623566896906,0.23401151833034545,0.028441059814607254,0.05098555625161781,0.1639818032999319
39,OnlineFPCA-adagrad,0.1,9500,100,face,3,5,0.145704507827759,3,1,0.08725309347757265,0.19806345595578945,0.17119691090837572,0.02863017969862858,0.05236352829529796,0.1635793715378154
39,OnlineFPCA-adagrad,0.1,9600,100,face,3,5,0.146225929260254,3,1,0.17367699215402227,0.18082843688308375,0.14638096307948842,0.030157632916509865,0.053209913403624576,0.1622026555440858
39,OnlineFPCA-adagrad,0.1,9700,100,face,3,5,0.138416528701782,3,1,0.12112050535286106,0.17114563095588173,0.14939568268014,0.0319823314727502,0.05347916582961659,0.1609095307658904
39,OnlineFPCA-adagrad,0.1,9800,100,face,3,5,0.149938821792603,3,1,0.08537221242144974,0.193633781122125,0.339059075564846,0.03287072314199269,0.053459326817200024,0.161287384795571
39,OnlineFPCA-adagrad,0.1,9900,100,face,3,5,0.137366056442261,3,1,0.10434255396989468,0.11640360022664108,0.3733308469036398,0.03323927423465406,0.054094311760785364,0.16421121349418677
39,OnlineFPCA-adagrad,0.1,10000,100,face,3,5,0.140785217285156,3,1,0.10450547396273334,0.19724723782045347,0.41188210466700903,0.03330481305851495,0.05519319069246451,0.16726352425042082
39,OnlineFPCA-adagrad,0.1,10100,100,face,3,5,0.141019344329834,3,1,0.1293326591068384,0.1270256478998062,0.48615723178310655,0.033280715082987994,0.05621549134211471,0.17036637432532062
39,OnlineFPCA-adagrad,0.1,10200,100,face,3,5,0.135471343994141,3,1,0.10881197409790397,0.11371031493932393,0.25397726417031347,0.032870500124471055,0.055021325756361074,0.17179435276659094
39,OnlineFPCA-adagrad,0.1,10300,100,face,3,5,0.143539667129517,3,1,0.10747542852279537,0.15300931214696958,0.2658334496699582,0.03254580499810243,0.054199415566156865,0.17232031201890274
39,OnlineFPCA-adagrad,0.1,10400,100,face,3,5,0.138708114624023,3,1,0.12189396974545451,0.16846605892403804,0.33900180691860327,0.03225062435527263,0.054093682842452875,0.17299885304462587
39,OnlineFPCA-adagrad,0.1,10500,100,face,3,5,0.139098644256592,3,1,0.12476716358397319,0.24748975831390377,0.32470021475745625,0.03206808432504848,0.05499410570978786,0.17420517353029216
39,OnlineFPCA-adagrad,0.1,10600,100,face,3,5,0.140579223632812,3,1,0.11674200934772348,0.14786746304544734,0.2094959923031297,0.031313979158684675,0.05584268646892428,0.174612374983
39,OnlineFPCA-adagrad,0.1,10700,100,face,3,5,0.134240388870239,3,1,0.1705974192161466,0.13770000380961459,0.27211899490536373,0.031036439000372718,0.05689992815363127,0.17523123892455172
39,OnlineFPCA-adagrad,0.1,10800,100,face,3,5,0.138890027999878,3,1,0.12820126672349852,0.0967390316733661,0.16566723792333043,0.0315646214432832,0.057728569983139445,0.17492276770044562
39,OnlineFPCA-adagrad,0.1,10900,100,face,3,5,0.140140056610107,3,1,0.16339156747853642,0.2020709263807887,0.2422235439779894,0.03138849921583309,0.05811922686106048,0.17379482815328892
39,OnlineFPCA-adagrad,0.1,11000,100,face,3,5,0.140400648117065,3,1,0.07472024206344427,0.17291030521485648,0.14105942226970103,0.0312240388373693,0.05832039106021872,0.17256766751054342
39,OnlineFPCA-adagrad,0.1,11100,100,face,3,5,0.29348611831665,3,1,0.07885362444425215,0.11445546624742246,0.17872481231992093,0.0308608793347956,0.0584126329729792,0.17077043967251113
39,OnlineFPCA-adagrad,0.1,11200,100,face,3,5,0.138275861740112,3,1,0.16569722268468876,0.21378167378331386,0.1958071492688777,0.030692430599419375,0.058393553006607236,0.1693051256143275
39,OnlineFPCA-adagrad,0.1,11300,100,face,3,5,0.139163970947266,3,1,0.1466143156413086,0.19459059495245923,0.2058054298244611,0.030470324891954594,0.05968017219741236,0.16772040958165838
39,OnlineFPCA-adagrad,0.1,11400,100,face,3,5,0.138835668563843,3,1,0.1254899319943946,0.1545575073787863,0.19707282829839148,0.029940348850900564,0.059399654248753764,0.16585934738433755
39,OnlineFPCA-adagrad,0.1,11500,100,face,3,5,0.13364577293396,3,1,0.04247555949432704,0.14905760181366517,0.18198126302964923,0.029840400681157765,0.05889049487951204,0.16472580232041967
39,OnlineFPCA-adagrad,0.1,11600,100,face,3,5,0.136978626251221,3,1,0.06670045196629656,0.1045203501188784,0.17784039796814283,0.02944314948673984,0.05931982907692954,0.16348064770341544
39,OnlineFPCA-adagrad,0.1,11700,100,face,3,5,0.134213447570801,3,1,0.09558834670955742,0.13326985287274987,0.16244178827779515,0.02974872200965284,0.059075608277615474,0.16188558131669648
39,OnlineFPCA-adagrad,0.1,11800,100,face,3,5,0.137115716934204,3,1,0.09271042426513154,0.15838253878123298,0.20328684174282285,0.029753971386193692,0.05837028154341172,0.1609927889078618
39,OnlineFPCA-adagrad,0.1,11900,100,face,3,5,0.13248085975647,3,1,0.13270686115248986,0.12940571771115322,0.32620257008670756,0.029922489453017728,0.05760716134239016,0.16106101514257798
39,OnlineFPCA-adagrad,0.1,12000,100,face,3,5,0.1359543800354,3,1,0.08439428350689074,0.11496352416274296,0.24123553829918828,0.030055271682890336,0.057433957161010206,0.16122647179177882
39,OnlineFPCA-adagrad,0.1,12100,100,face,3,5,0.140898942947388,3,1,0.11976682892316738,0.11036229275421608,0.2123701204593012,0.03017396387217174,0.05722778207887235,0.16062358606824828
39,OnlineFPCA-adagrad,0.1,12200,100,face,3,5,0.141161680221558,3,1,0.14383905995919408,0.15968827248752104,0.23803600360335206,0.030307385200223934,0.05681694789437571,0.15987861371154935
39,OnlineFPCA-adagrad,0.1,12300,100,face,3,5,0.137661695480347,3,1,0.09739170712447344,0.1592053852691503,0.30010782483823745,0.03107981315461207,0.056493907059606226,0.1600729914040053
39,OnlineFPCA-adagrad,0.1,12400,100,face,3,5,0.142168521881104,3,1,0.1469819396418831,0.1889020260011762,0.3379774484623217,0.03103028914252824,0.056503978255918456,0.16075757382541178
39,OnlineFPCA-adagrad,0.1,12500,100,face,3,5,0.150309324264526,3,1,0.06173198531454422,0.13643011233530503,0.35321481556366785,0.031131070641800485,0.0559971379845893,0.16216049563798934
39,OnlineFPCA-adagrad,0.1,12600,100,face,3,5,0.139204025268555,3,1,0.07460713993166664,0.11199497388945613,0.35355491585147336,0.031189751304157264,0.055440805167131305,0.16339883431115435
39,OnlineFPCA-adagrad,0.1,12700,100,face,3,5,0.145833492279053,3,1,0.11971164972312737,0.12333000987725554,0.26193150113323127,0.031047156077656474,0.05488018459288583,0.16432553679831022
39,OnlineFPCA-adagrad,0.1,12800,100,face,3,5,0.137963533401489,3,1,0.1451349456463225,0.15878684590650216,0.339579701047432,0.030412126134133376,0.05501828919618393,0.16551610528863092
39,OnlineFPCA-adagrad,0.1,12900,100,face,3,5,0.141817092895508,3,1,0.11145462600814651,0.13392061839738237,0.23026534425632794,0.029230600482328235,0.05476957970924634,0.16603008903463884
39,OnlineFPCA-adagrad,0.1,13000,100,face,3,5,0.138450384140015,3,1,0.06091188943092598,0.10678717593765928,0.2139347500891578,0.028173625068899026,0.05434084631020055,0.16598037103723057
39,OnlineFPCA-adagrad,0.1,13100,100,face,3,5,0.142712116241455,3,1,0.10027941197791897,0.09107022741533537,0.2566809063628522,0.02765351619190535,0.05378113288904163,0.1658870174367143
39,OnlineFPCA-adagrad,0.1,13200,100,face,3,5,0.154374361038208,3,1,0.06314105430461227,0.10785097267502629,0.2760221862330595,0.027208850475757867,0.05358905823493265,0.1664569426154507
39,OnlineFPCA-adagrad,0.1,13300,100,face,3,5,0.140295267105103,3,1,0.08537664185978672,0.16066800972718778,0.3798957111277769,0.027069813099742355,0.05295272987797771,0.16702215679574234
39,OnlineFPCA-adagrad,0.1,13400,100,face,3,5,0.134884834289551,3,1,0.12878242931260575,0.1750232874026608,0.3162456137862567,0.027516956243058437,0.05227431936412561,0.16745174699780505
39,OnlineFPCA-adagrad,0.1,13500,100,face,3,5,0.142359733581543,3,1,0.10652906234253404,0.14946887813841092,0.25963121076616824,0.027483753387640166,0.05146879077867139,0.16777980560264963
39,OnlineFPCA-adagrad,0.1,13600,100,face,3,5,0.13755464553833,3,1,0.09828308592603827,0.15220594630297232,0.22493763759733887,0.02751924684521684,0.050810449965768896,0.16836848613512417
39,OnlineFPCA-adagrad,0.1,13700,100,face,3,5,0.132083892822266,3,1,0.12818011722148276,0.15912494806518382,0.3420305607987139,0.02813820380495641,0.0499733697267171,0.16900509836701608
39,OnlineFPCA-adagrad,0.1,13800,100,face,3,5,0.139934062957764,3,1,0.17833348916923164,0.1268505803375723,0.210415496435977,0.028720854445313665,0.049388956749299266,0.16903801013981978
39,OnlineFPCA-adagrad,0.1,13900,100,face,3,5,0.13531231880188,3,1,0.14870365643389452,0.13998509631931952,0.2032399838987457,0.02875461156662988,0.049175612308265886,0.16845766480811075
39,OnlineFPCA-adagrad,0.1,14000,100,face,3,5,0.14285945892334,3,1,0.10088195984131385,0.16476991318486223,0.25437080384504257,0.02848351204122134,0.049382822567662445,0.16747815150211284
39,OnlineFPCA-adagrad,0.1,14100,100,face,3,5,0.144394159317017,3,1,0.0923284110594456,0.3038876872385102,0.2947246619317809,0.028557628161362952,0.049910242360074714,0.165696195102995
39,OnlineFPCA-adagrad,0.1,14200,100,face,3,5,0.140262842178345,3,1,0.11174114509123512,0.24274280783604082,0.24497491039531435,0.028635418754061583,0.05063799443747665,0.16420620356152343
39,OnlineFPCA-adagrad,0.1,14300,100,face,3,5,0.130307197570801,3,1,0.07001745233845859,0.08409757577005442,0.3175565603391762,0.028455950810562694,0.0510620259953075,0.16330476974653646
39,OnlineFPCA-adagrad,0.1,14400,100,face,3,5,0.146306991577148,3,1,0.15041100421960166,0.08716504553742578,0.21317484098310446,0.02843694080423895,0.050857743931947544,0.16335179006944528
39,OnlineFPCA-adagrad,0.1,14500,100,face,3,5,0.135940313339233,3,1,0.0754488498566062,0.17467349436335056,0.16841867755201653,0.028529253924731976,0.05148852566073095,0.16313549201016941
39,OnlineFPCA-adagrad,0.1,14600,100,face,3,5,0.136624336242676,3,1,0.15764395639374681,0.16940905448574498,0.13645296507743795,0.02925827192031209,0.05203972081015979,0.1624231800730726
39,OnlineFPCA-adagrad,0.1,14700,100,face,3,5,0.139633893966675,3,1,0.12180033577412397,0.16291996420604857,0.14371424572669883,0.030187696508262384,0.05234151481786879,0.16169611427566125
39,OnlineFPCA-adagrad,0.1,14800,100,face,3,5,0.137530088424683,3,1,0.08680988726716964,0.1803968513334114,0.28814297496576324,0.030713611841798636,0.05244261978118254,0.16165740079732402
39,OnlineFPCA-adagrad,0.1,14900,100,face,3,5,0.147629976272583,3,1,0.09143040543836825,0.10248758830248166,0.31850018982379324,0.03097840290997735,0.05278721258879388,0.1628173311775776
39,OnlineFPCA-adagrad,0.1,15000,100,face,3,5,0.289047718048096,3,1,0.0914491336033041,0.1768105881318699,0.3470403473037343,0.031085473654718823,0.05330850519703831,0.1640623981369089
39,OnlineFPCA-adagrad,0.1,0,100,face,3,5,6.4053201675415,4,1,1.9966689220856704,0.1863838381641178,1.974867155238438,1.9966689220856704,0.1863838381641178,1.974867155238438
39,OnlineFPCA-adagrad,0.1,100,100,face,3,5,0.307213068008423,4,1,0.7663493842506103,1.3429092617359293,1.1553837626454835,NA,NA,NA
39,OnlineFPCA-adagrad,0.1,200,100,face,3,5,0.299787998199463,4,1,0.4124443761703152,0.7900754824295222,1.155868387112105,NA,NA,NA
39,OnlineFPCA-adagrad,0.1,300,100,face,3,5,0.313792705535889,4,1,0.7657276168348559,0.8783712746717987,1.2837670584462086,NA,NA,NA
39,OnlineFPCA-adagrad,0.1,400,100,face,3,5,0.323102712631226,4,1,0.5891185757860041,0.9252879499591742,0.7400616377542657,NA,NA,NA
39,OnlineFPCA-adagrad,0.1,500,100,face,3,5,0.305256605148315,4,1,0.2627854560118292,0.6579945433487991,0.7959332470003274,NA,NA,NA
39,OnlineFPCA-adagrad,0.1,600,100,face,3,5,0.334606647491455,4,1,0.25502406220084467,0.6581339022978124,0.7961677515624389,NA,NA,NA
39,OnlineFPCA-adagrad,0.1,700,100,face,3,5,0.319225311279297,4,1,0.24666693772347517,0.6568725102187539,0.7968195653980791,NA,NA,NA
39,OnlineFPCA-adagrad,0.1,800,100,face,3,5,0.312478065490723,4,1,0.24120431544413992,0.6545719719408171,0.7966431367915697,NA,NA,NA
39,OnlineFPCA-adagrad,0.1,900,100,face,3,5,0.30891752243042,4,1,0.23320074628175164,0.6529738608306039,0.7962359696235892,NA,NA,NA
39,OnlineFPCA-adagrad,0.1,1000,100,face,3,5,0.331822156906128,4,1,0.22274230170917433,0.6523066303000498,0.796350169734017,NA,NA,NA
39,OnlineFPCA-adagrad,0.1,1100,100,face,3,5,0.440432548522949,4,1,0.43849154898393566,0.45071560509072317,0.7305375329297124,0.1906119967127972,0.5329954084553882,0.8027910479096793
39,OnlineFPCA-adagrad,0.1,1200,100,face,3,5,0.443476915359497,4,1,0.3591050491115202,0.408763101758373,0.8750611239939156,0.18429767045779497,0.34998687495311365,0.8382960734759781
39,OnlineFPCA-adagrad,0.1,1300,100,face,3,5,0.438676118850708,4,1,0.2532871082711581,0.39546037485715513,0.885602871765656,0.14968725977146297,0.38028122552973437,0.8400254992553343
39,OnlineFPCA-adagrad,0.1,1400,100,face,3,5,0.459779500961304,4,1,0.36237944157593244,0.29604057035043535,0.774259641829523,0.14862954080949115,0.36609816969735093,0.8387502494199125
39,OnlineFPCA-adagrad,0.1,1500,100,face,3,5,0.416782140731812,4,1,0.2616865159467798,0.33367469239164305,0.8130244761504637,0.1217037301831296,0.31683244684078915,0.8269155931543865
39,OnlineFPCA-adagrad,0.1,1600,100,face,3,5,0.431102752685547,4,1,0.14240698975845856,0.19554070030324652,0.7795318688639786,0.09540397061168208,0.30130767506747425,0.8041956380078192
39,OnlineFPCA-adagrad,0.1,1700,100,face,3,5,0.431576251983643,4,1,0.22928433386319305,0.24581293262294296,0.7416775254086108,0.0791135953963751,0.278149062752006,0.7912541501804039
39,OnlineFPCA-adagrad,0.1,1800,100,face,3,5,0.434104681015015,4,1,0.17753560312109015,0.2162859174210032,0.7950852510741452,0.07311824125824934,0.24894004821810953,0.7781653416850113
39,OnlineFPCA-adagrad,0.1,1900,100,face,3,5,0.452602863311768,4,1,0.3449511979995546,0.2544418467891612,0.685189174633574,0.06935568400343207,0.2364410336757316,0.7629256390164493
39,OnlineFPCA-adagrad,0.1,2000,100,face,3,5,0.443485260009766,4,1,0.17240482474361574,0.19230312698207072,0.7378061200240779,0.0695517135718676,0.22466910355129274,0.7488744868808663
39,OnlineFPCA-adagrad,0.1,2100,100,face,3,5,0.43039083480835,4,1,0.3202728437074866,0.14634865934417318,0.7066288698025538,0.0676862905681347,0.21369931427483296,0.7392990774198274
39,OnlineFPCA-adagrad,0.1,2200,100,face,3,5,0.42697811126709,4,1,0.37062432879123147,0.22332371292454828,0.5836850224301222,0.060594219527328276,0.2063084546988752,0.7212948155521867
39,OnlineFPCA-adagrad,0.1,2300,100,face,3,5,0.421818733215332,4,1,0.37271945535275197,0.21529611379490646,0.45424517372377937,0.06253321910475979,0.1978020207312582,0.6972229972999385
39,OnlineFPCA-adagrad,0.1,2400,100,face,3,5,0.442377090454102,4,1,0.19290126267702656,0.24906536903692625,0.4885416559561367,0.05823968863028591,0.19014819699868377,0.6736999203985988
39,OnlineFPCA-adagrad,0.1,2500,100,face,3,5,0.448861360549927,4,1,0.15663770218328918,0.20735154254015017,0.4814850810079704,0.055951802212812186,0.1770775404340955,0.6536849774094543
39,OnlineFPCA-adagrad,0.1,2600,100,face,3,5,0.477219104766846,4,1,0.13505399050000183,0.17501182044106467,0.33389928544701475,0.05488520948007977,0.16817262162781904,0.6219537897072266
39,OnlineFPCA-adagrad,0.1,2700,100,face,3,5,0.485438585281372,4,1,0.14984525829920606,0.18929242320979697,0.30722683351345537,0.05138949996672179,0.158357407434425,0.593896897294161
39,OnlineFPCA-adagrad,0.1,2800,100,face,3,5,0.472594976425171,4,1,0.18995785860034664,0.22902777543660596,0.3858605476303824,0.04773035852325851,0.15022966189137196,0.5635737529070445
39,OnlineFPCA-adagrad,0.1,2900,100,face,3,5,0.474177122116089,4,1,0.1761481374099904,0.21649209715241302,0.29469409049470346,0.042598640577886,0.14689356896426753,0.5392192001243987
39,OnlineFPCA-adagrad,0.1,3000,100,face,3,5,0.50586724281311,4,1,0.07663634052402042,0.147808535174963,0.36425481741421417,0.037326586861604893,0.13917660157324588,0.5248914762994744
39,OnlineFPCA-adagrad,0.1,3100,100,face,3,5,0.480180978775024,4,1,0.1393441371454241,0.09411369059876849,0.40370839996719615,0.03562106217666087,0.1277170986894801,0.515230560803518
39,OnlineFPCA-adagrad,0.1,3200,100,face,3,5,0.457010507583618,4,1,0.07641611208092379,0.18812866909611395,0.3579564586920219,0.034224233463977925,0.12040868751219941,0.5070388188304511
39,OnlineFPCA-adagrad,0.1,3300,100,face,3,5,0.464092254638672,4,1,0.12772975898067643,0.19861795057443993,0.4766551818358777,0.03213774233180928,0.11061195182852847,0.498222182838653
39,OnlineFPCA-adagrad,0.1,3400,100,face,3,5,0.628726243972778,4,1,0.16743154821150028,0.2515291100265776,0.37014023031712245,0.029960920971941144,0.10598777964396884,0.4901629467817126
39,OnlineFPCA-adagrad,0.1,3500,100,face,3,5,0.447417736053467,4,1,0.11029530492350033,0.20752515427640314,0.20915439607733013,0.02558934091839203,0.10426965120179209,0.47684114614774864
39,OnlineFPCA-adagrad,0.1,3600,100,face,3,5,0.494542360305786,4,1,0.11945352278251717,0.2141340332271176,0.20249757186006426,0.0241361310211637,0.10368020350862568,0.4628745717226004
39,OnlineFPCA-adagrad,0.1,3700,100,face,3,5,0.456998586654663,4,1,0.1772067009926242,0.18417830794654774,0.39515991850343235,0.02554921794603567,0.10422658911208835,0.44471350657070424
39,OnlineFPCA-adagrad,0.1,3800,100,face,3,5,0.443806886672974,4,1,0.2529884921732791,0.22473164960507191,0.28926982449851,0.028285633836919066,0.10300685261018888,0.4220076719451902
39,OnlineFPCA-adagrad,0.1,3900,100,face,3,5,0.43801474571228,4,1,0.1871551567611111,0.1969753644823518,0.33362820344206107,0.028470166253808455,0.10063007332585745,0.3999517796356772
39,OnlineFPCA-adagrad,0.1,4000,100,face,3,5,0.430399894714355,4,1,0.028440526814155855,0.09921989454719665,0.37811078282920035,0.028440526814155855,0.09921989454719665,0.37811078282920035
39,OnlineFPCA-adagrad,0.1,4100,100,face,3,5,0.464394330978394,4,1,0.09935556825029963,0.32451199060319824,0.29334275604567595,0.06923657173781497,0.24179304130673826,0.3489445301704343
39,OnlineFPCA-adagrad,0.1,4200,100,face,3,5,0.472987174987793,4,1,0.11483076630359156,0.21738036101531694,0.22417167158148543,0.09261695787795199,0.25424639803417143,0.27166454900518333
39,OnlineFPCA-adagrad,0.1,4300,100,face,3,5,0.465214014053345,4,1,0.1010810514990855,0.2274549031636805,0.3060748976295319,0.0682522219755857,0.18289719640800717,0.21285136392139517
39,OnlineFPCA-adagrad,0.1,4400,100,face,3,5,0.463243722915649,4,1,0.2339172902636876,0.08648177593552248,0.2884964734297131,0.0562660780898378,0.11765301451083858,0.21585470069850043
39,OnlineFPCA-adagrad,0.1,4500,100,face,3,5,0.470550060272217,4,1,0.11597999192399687,0.21174348296305165,0.12073576649660213,0.04779306766983615,0.1052240036449415,0.19728971861551403
39,OnlineFPCA-adagrad,0.1,4600,100,face,3,5,0.437166452407837,4,1,0.20657530721252398,0.18577711148370932,0.20172759655749356,0.0515016055374291,0.08295313901193185,0.18249371141645993
39,OnlineFPCA-adagrad,0.1,4700,100,face,3,5,0.469407558441162,4,1,0.10991225849715834,0.17550209318954144,0.20995031390510205,0.06340948652345405,0.06846360094829705,0.17512668607764062
39,OnlineFPCA-adagrad,0.1,4800,100,face,3,5,0.467739582061768,4,1,0.0876194896128392,0.21851340171181172,0.4328853002382267,0.06475083753202052,0.06393392759094198,0.18240639294395733
39,OnlineFPCA-adagrad,0.1,4900,100,face,3,5,0.463300466537476,4,1,0.14154269053789434,0.14374970558481076,0.4686162309534004,0.06224099273294097,0.06585158128979596,0.19913502164708707
39,OnlineFPCA-adagrad,0.1,5000,100,face,3,5,0.497033834457397,4,1,0.13285442242758225,0.2334116620200312,0.5291271620716926,0.057997682130238676,0.0728387861515901,0.2164667883018447
39,OnlineFPCA-adagrad,0.1,5100,100,face,3,5,0.13669490814209,4,1,0.17936717269959507,0.13777612284610743,0.610838656735501,0.05824019748094062,0.07807075399572078,0.23877093619162953
39,OnlineFPCA-adagrad,0.1,5200,100,face,3,5,0.137003183364868,4,1,0.14462987765972096,0.156218411331099,0.29861333392640693,0.057002294528501266,0.06888580892381736,0.24726355974266198
39,OnlineFPCA-adagrad,0.1,5300,100,face,3,5,0.145454883575439,4,1,0.12536873096441023,0.1864430704269616,0.3186097200303229,0.05796717268470298,0.06554626156704933,0.24831742185441075
39,OnlineFPCA-adagrad,0.1,5400,100,face,3,5,0.136920213699341,4,1,0.13830793107715067,0.19436553458394792,0.4072353297420232,0.05846736029018429,0.06733290026302159,0.25275038101821373
39,OnlineFPCA-adagrad,0.1,5500,100,face,3,5,0.138287782669067,4,1,0.14430650720545718,0.2861888922215845,0.37101866457266064,0.05981656871736102,0.07473444502627928,0.26007779612720633
39,OnlineFPCA-adagrad,0.1,5600,100,face,3,5,0.142120599746704,4,1,0.12884406949612165,0.1658633241898612,0.22679033635021412,0.058882449385819026,0.07975191887204404,0.26027021108914966
39,OnlineFPCA-adagrad,0.1,5700,100,face,3,5,0.141426086425781,4,1,0.21584083836131554,0.15554020401712418,0.30520974684763325,0.05765116568220048,0.0845282068406312,0.2602831653349313
39,OnlineFPCA-adagrad,0.1,5800,100,face,3,5,0.138503074645996,4,1,0.14716321256310666,0.09356688407458906,0.18573433356224706,0.0584174511918105,0.0875241179431377,0.256069693438435
39,OnlineFPCA-adagrad,0.1,5900,100,face,3,5,0.142082452774048,4,1,0.19642916374077812,0.23064022861634162,0.2647915748437445,0.05549164991619878,0.0882215672818857,0.249632115389805
39,OnlineFPCA-adagrad,0.1,6000,100,face,3,5,0.144226789474487,4,1,0.09311425480392783,0.17975357944038373,0.1372689825839111,0.05277802308366572,0.0885631613200278,0.24201559057615876
39,OnlineFPCA-adagrad,0.1,6100,100,face,3,5,0.138041496276855,4,1,0.08545596711502085,0.1264557917478436,0.20821257534098406,0.05034061570809147,0.08889935949507773,0.23130273861295395
39,OnlineFPCA-adagrad,0.1,6200,100,face,3,5,0.137876987457275,4,1,0.19665476303623178,0.24516511473806027,0.2247822435640915,0.0472655452930729,0.08832192561530934,0.222614641054475
39,OnlineFPCA-adagrad,0.1,6300,100,face,3,5,0.14455771446228,4,1,0.16059926096334617,0.2081489276710662,0.2483749750474841,0.044116636310212315,0.0938230947641283,0.21536349172173275
39,OnlineFPCA-adagrad,0.1,6400,100,face,3,5,0.135910272598267,4,1,0.14822897213172007,0.17078437234757157,0.23672101998640321,0.04124772570412022,0.091897185109389,0.2064258620528646
39,OnlineFPCA-adagrad,0.1,6500,100,face,3,5,0.143236637115479,4,1,0.06558634031057567,0.18636849429185512,0.2113973307095754,0.03981518681289841,0.08818554403174836,0.20290812460988675
39,OnlineFPCA-adagrad,0.1,6600,100,face,3,5,0.134820461273193,4,1,0.07674725187689914,0.11444579908420881,0.2028655256696864,0.03791921336098807,0.0877568424348719,0.19860170346530534
39,OnlineFPCA-adagrad,0.1,6700,100,face,3,5,0.139612913131714,4,1,0.11140234278599404,0.15466320522622112,0.19194926404824497,0.038040063087665665,0.08456782500844144,0.1928922379187048
39,OnlineFPCA-adagrad,0.1,6800,100,face,3,5,0.143792867660522,4,1,0.11098203222086206,0.20161578697554583,0.2542681613329311,0.03661216057982039,0.07993591723689428,0.18713131433861868
39,OnlineFPCA-adagrad,0.1,6900,100,face,3,5,0.132160663604736,4,1,0.16254108984890464,0.1696424849615272,0.3970692958112072,0.03686081277963577,0.0758180136814292,0.18389067860954242
39,OnlineFPCA-adagrad,0.1,7000,100,face,3,5,0.14013671875,4,1,0.0835099040972647,0.14042962859230484,0.3064400760469832,0.03734185242454872,0.07315161855391422,0.181343409809576
39,OnlineFPCA-adagrad,0.1,7100,100,face,3,5,0.145653247833252,4,1,0.1453674972847229,0.1403966960231079,0.27576745164035155,0.037801248865370486,0.07119219386749295,0.17826289763277497
39,OnlineFPCA-adagrad,0.1,7200,100,face,3,5,0.138733625411987,4,1,0.17344824999186587,0.203763156905779,0.2679626919467678,0.03772403509065783,0.06900012135441956,0.1732508062476847
39,OnlineFPCA-adagrad,0.1,7300,100,face,3,5,0.13805079460144,4,1,0.13519850013487894,0.18418465331238978,0.3642470128654342,0.039531033290813596,0.0667877468629417,0.1705201417772204
39,OnlineFPCA-adagrad,0.1,7400,100,face,3,5,0.141102313995361,4,1,0.17020462509430825,0.21552342385179682,0.401723908471865,0.03857547002925936,0.06621163795322295,0.16941366749784853
39,OnlineFPCA-adagrad,0.1,7500,100,face,3,5,0.141379833221436,4,1,0.08325351490026761,0.1472425429657927,0.4111808945703017,0.03870242497675489,0.06404703016138662,0.17108267441421782
39,OnlineFPCA-adagrad,0.1,7600,100,face,3,5,0.135837078094482,4,1,0.09658419768165517,0.1386650765933566,0.38789352005663263,0.039082768268216335,0.06246055463238228,0.17266072932237608
39,OnlineFPCA-adagrad,0.1,7700,100,face,3,5,0.1377272605896,4,1,0.1385116899262706,0.14904548587739733,0.2742451682880006,0.03883403168823152,0.06124321330338242,0.1737518626911192
39,OnlineFPCA-adagrad,0.1,7800,100,face,3,5,0.137159585952759,4,1,0.165491829392136,0.18874625806942522,0.3718930859885762,0.0373292933373178,0.06199855320132971,0.17566803992703794
39,OnlineFPCA-adagrad,0.1,7900,100,face,3,5,0.147173643112183,4,1,0.13632916871165288,0.16704220986977333,0.23905483291228982,0.03438471956511533,0.06102876104608821,0.1760783341520143
39,OnlineFPCA-adagrad,0.1,8000,100,face,3,5,0.141616821289062,4,1,0.06678641456037146,0.11943085928860403,0.23503578700739083,0.03168741267489324,0.05945249295131922,0.1755780773630346
39,OnlineFPCA-adagrad,0.1,8100,100,face,3,5,0.14007568359375,4,1,0.114773144724662,0.0866875823106852,0.29560925601540344,0.030570922303663352,0.057617051363582264,0.17529600584935365
39,OnlineFPCA-adagrad,0.1,8200,100,face,3,5,0.141628265380859,4,1,0.07069014908799078,0.1369989506713523,0.30282388920239656,0.029355207271762343,0.05676675512539518,0.17733749326084475
39,OnlineFPCA-adagrad,0.1,8300,100,face,3,5,0.135986328125,4,1,0.1035330510146558,0.1805848406992791,0.41742787577780127,0.028479564488771435,0.05467140396384865,0.17904342384540245
39,OnlineFPCA-adagrad,0.1,8400,100,face,3,5,0.140969276428223,4,1,0.14502354404424067,0.20258771562408592,0.3377288611687647,0.02882385790890264,0.05281102991351795,0.18013904148454862
39,OnlineFPCA-adagrad,0.1,8500,100,face,3,5,0.142925977706909,4,1,0.11058001119474699,0.17475052454401457,0.24733836068218767,0.027947416559405705,0.05086618622545645,0.18048375860007132
39,OnlineFPCA-adagrad,0.1,8600,100,face,3,5,0.140241384506226,4,1,0.1067450602828032,0.17151121528354546,0.21675045879357374,0.027625304022409286,0.04947751689755356,0.18144476873771465
39,OnlineFPCA-adagrad,0.1,8700,100,face,3,5,0.140043973922729,4,1,0.14502492576536732,0.1686772832807032,0.3642475398502843,0.029069537661911348,0.04790392810858815,0.18217092662003717
39,OnlineFPCA-adagrad,0.1,8800,100,face,3,5,0.146039485931396,4,1,0.20755829065000236,0.1628811780252633,0.23053901748610553,0.030162637765754244,0.046988968835905566,0.18093483867299437
39,OnlineFPCA-adagrad,0.1,8900,100,face,3,5,0.14041543006897,4,1,0.1644173317430809,0.1631696165196107,0.23900232526637893,0.02974063003628342,0.046714089492984195,0.17820366431873536
39,OnlineFPCA-adagrad,0.1,9000,100,face,3,5,0.135277509689331,4,1,0.11381054288955061,0.18537637403222237,0.31581641729847815,0.02879836294299283,0.047364189595170636,0.17473804457714243
39,OnlineFPCA-adagrad,0.1,9100,100,face,3,5,0.136215448379517,4,1,0.10129149669702955,0.33146609169957014,0.3688834259307856,0.02878791988692091,0.048820761872165226,0.16932502739730798
39,OnlineFPCA-adagrad,0.1,9200,100,face,3,5,0.148505210876465,4,1,0.1157531887984863,0.24951023851649484,0.274514587923496,0.028896056097511506,0.0508817063581981,0.16539736993418552
39,OnlineFPCA-adagrad,0.1,9300,100,face,3,5,0.130815982818604,4,1,0.07783935422335897,0.12770368498330145,0.35704985017576385,0.028448635453052963,0.05179677211892673,0.1633652897990077
39,OnlineFPCA-adagrad,0.1,9400,100,face,3,5,0.312974691390991,4,1,0.17689480294831658,0.0911705039273411,0.23400696715085897,0.02845748076313655,0.05115251127478388,0.16377680639569192
39,OnlineFPCA-adagrad,0.1,9500,100,face,3,5,0.13042950630188,4,1,0.08725356240589051,0.19806926455123522,0.17119718626689648,0.028648694426819634,0.052522049057391176,0.16339666856037863
39,OnlineFPCA-adagrad,0.1,9600,100,face,3,5,0.134739637374878,4,1,0.17367448252338621,0.18083079256581083,0.14637995822692615,0.030176992709447917,0.05336844744871705,0.16202901739424927
39,OnlineFPCA-adagrad,0.1,9700,100,face,3,5,0.137048959732056,4,1,0.12112196988240131,0.1711490506896494,0.1493961390828279,0.03200152443815335,0.05363984156752822,0.16074081099190232
39,OnlineFPCA-adagrad,0.1,9800,100,face,3,5,0.144245624542236,4,1,0.08537523870193744,0.19363205945033163,0.3390243224858429,0.03288963146764439,0.05362098421148787,0.16111505272469082
39,OnlineFPCA-adagrad,0.1,9900,100,face,3,5,0.139854907989502,4,1,0.10433804821257793,0.11640804756313822,0.3732977058677616,0.033256338807749135,0.05425179466332884,0.1640385105116517
39,OnlineFPCA-adagrad,0.1,10000,100,face,3,5,0.139496803283691,4,1,0.10450626215116517,0.19725153845302007,0.41184529040301765,0.03331959912352913,0.055345293750659795,0.1670912463354949
39,OnlineFPCA-adagrad,0.1,10100,100,face,3,5,0.140334606170654,4,1,0.12933302344056166,0.12702730822877698,0.4861193568633275,0.03329492244912708,0.05636239723477054,0.17018865293434268
39,OnlineFPCA-adagrad,0.1,10200,100,face,3,5,0.134321451187134,4,1,0.10881294200041565,0.11371090256330549,0.25396470520416053,0.0328845345336705,0.05516490708308257,0.1716108949141452
39,OnlineFPCA-adagrad,0.1,10300,100,face,3,5,0.12639045715332,4,1,0.10747630529000052,0.15301103570180902,0.2658204354635376,0.0325571194662611,0.05433908009785174,0.17213332255137842
39,OnlineFPCA-adagrad,0.1,10400,100,face,3,5,0.148013591766357,4,1,0.12189460827003505,0.16846886992702031,0.3389881732461019,0.032259214085140445,0.05423067942065178,0.1728075457440191
39,OnlineFPCA-adagrad,0.1,10500,100,face,3,5,0.140781402587891,4,1,0.12476724758836115,0.2474924758730158,0.32469023298881555,0.03207495806553517,0.05512677480142851,0.1740041444067487
39,OnlineFPCA-adagrad,0.1,10600,100,face,3,5,0.134912729263306,4,1,0.11674135735637164,0.14786849953276607,0.20949008471553943,0.0313189066494213,0.0559717342698917,0.17440505480821672
39,OnlineFPCA-adagrad,0.1,10700,100,face,3,5,0.162579298019409,4,1,0.1705974932175731,0.13769891626202105,0.2721128348513778,0.03103938992504906,0.05702464231774009,0.1750252209372632
39,OnlineFPCA-adagrad,0.1,10800,100,face,3,5,0.139235734939575,4,1,0.128201833942432,0.09673567400865556,0.16566805650344607,0.03156673326407013,0.057849724925088455,0.17472330817769086
39,OnlineFPCA-adagrad,0.1,10900,100,face,3,5,0.134015321731567,4,1,0.16339123588775112,0.20207199032979212,0.24221883866261748,0.031392458821238936,0.05823676177937009,0.17360129348177128
39,OnlineFPCA-adagrad,0.1,11000,100,face,3,5,0.136133670806885,4,1,0.0747203972641983,0.1729114514275483,0.14106285078451217,0.031228506778768355,0.058436475097865405,0.17238302415062817
39,OnlineFPCA-adagrad,0.1,11100,100,face,3,5,0.148324251174927,4,1,0.07885329011215114,0.11445491250977306,0.1787242622450398,0.03086648162886689,0.058527387740226935,0.17060036547347648
39,OnlineFPCA-adagrad,0.1,11200,100,face,3,5,0.150028944015503,4,1,0.16569567543067107,0.2137855860163544,0.1958043101849351,0.030699089453094037,0.05851010091994094,0.16915209595350666
39,OnlineFPCA-adagrad,0.1,11300,100,face,3,5,0.141718149185181,4,1,0.14661432850829295,0.1945905795753268,0.20580445775533635,0.03047753415411767,0.05979728184280476,0.16758147240327584
39,OnlineFPCA-adagrad,0.1,11400,100,face,3,5,0.144963026046753,4,1,0.12548880363605153,0.1545571038277513,0.1970707359262867,0.029946632540989143,0.05951693794594645,0.1657363670235247
39,OnlineFPCA-adagrad,0.1,11500,100,face,3,5,0.134419202804565,4,1,0.04247433562394997,0.14905972686021138,0.18198427907035578,0.029846224532868976,0.059006855904192614,0.16461509817696635
39,OnlineFPCA-adagrad,0.1,11600,100,face,3,5,0.13939356803894,4,1,0.06669977959736005,0.10452069675185346,0.17783985098189337,0.02945019226409716,0.059435482407665635,0.16337454279566233
39,OnlineFPCA-adagrad,0.1,11700,100,face,3,5,0.129218816757202,4,1,0.09558664876471909,0.13327149951732045,0.16243818048339415,0.029756495240879484,0.05919146395570465,0.1617842856017868
39,OnlineFPCA-adagrad,0.1,11800,100,face,3,5,0.14066743850708,4,1,0.09271043373751507,0.15838394271284897,0.20327288671159077,0.029762295964259566,0.05848727453456807,0.16089829716212123
39,OnlineFPCA-adagrad,0.1,11900,100,face,3,5,0.140924453735352,4,1,0.1327056618801254,0.1294046904899346,0.3261766333732605,0.02993056143286,0.05772436238319472,0.16096678068439924
39,OnlineFPCA-adagrad,0.1,12000,100,face,3,5,0.131917476654053,4,1,0.08439465397200649,0.11496114764189391,0.2412166380119263,0.030062882254303345,0.05755044601207302,0.1611267765134602
39,OnlineFPCA-adagrad,0.1,12100,100,face,3,5,0.141867876052856,4,1,0.11976549572868518,0.11036147824147582,0.2123546565559318,0.03018030201080031,0.05734474091781941,0.16051626555490905
39,OnlineFPCA-adagrad,0.1,12200,100,face,3,5,0.136258363723755,4,1,0.143834440795759,0.15969112657289478,0.23802669172087174,0.030313905786785358,0.05693392265253955,0.15977475798486515
39,OnlineFPCA-adagrad,0.1,12300,100,face,3,5,0.141835451126099,4,1,0.09739123831565823,0.15920837166818777,0.3000933468316208,0.03108641896860188,0.05660904715629644,0.15998182592159335
39,OnlineFPCA-adagrad,0.1,12400,100,face,3,5,0.137821197509766,4,1,0.14698295434358397,0.1889051637529736,0.3379627152461817,0.031036554632462934,0.05661755705538687,0.16067767041665487
39,OnlineFPCA-adagrad,0.1,12500,100,face,3,5,0.139276504516602,4,1,0.061730227354454256,0.1364323888067984,0.3531995125159946,0.031136317986133585,0.05610922592007432,0.16209465717749802
39,OnlineFPCA-adagrad,0.1,12600,100,face,3,5,0.138676404953003,4,1,0.07460684270326014,0.11199464243461009,0.35354249131180204,0.031194644237751906,0.05555160751087456,0.16334468324345466
39,OnlineFPCA-adagrad,0.1,12700,100,face,3,5,0.135619401931763,4,1,0.1197115084169918,0.12333089443947066,0.2619292218316468,0.03105169892767871,0.05499036630359268,0.1642808679474105
39,OnlineFPCA-adagrad,0.1,12800,100,face,3,5,0.141497373580933,4,1,0.14513404988469317,0.15878936557301457,0.3395707512242635,0.030415782752455465,0.05512776500846867,0.16548088074526668
39,OnlineFPCA-adagrad,0.1,12900,100,face,3,5,0.14072060585022,4,1,0.11144890836730807,0.13392008899701197,0.23026250305849957,0.029233590968885066,0.054876937749410076,0.16600014390300089
39,OnlineFPCA-adagrad,0.1,13000,100,face,3,5,0.15515923500061,4,1,0.06091092898272843,0.1067876148801533,0.2139312971689521,0.028176558547722077,0.054446895385595245,0.1659488114396214
39,OnlineFPCA-adagrad,0.1,13100,100,face,3,5,0.139017820358276,4,1,0.10027895584502132,0.09107120562694651,0.2566765695024369,0.02765593772380993,0.05388592696970896,0.1658514805057283
39,OnlineFPCA-adagrad,0.1,13200,100,face,3,5,0.144352674484253,4,1,0.06314233813450416,0.10785654571650895,0.276019468917072,0.027211866191295307,0.05369355994369632,0.1664106173048032
39,OnlineFPCA-adagrad,0.1,13300,100,face,3,5,0.14023232460022,4,1,0.08537763033455985,0.16067303383863588,0.37988368509048215,0.027073557783727997,0.05305839797991897,0.1669608897581386
39,OnlineFPCA-adagrad,0.1,13400,100,face,3,5,0.140499353408813,4,1,0.12878340675256084,0.17502599038690445,0.31623874419053727,0.027521228066099065,0.05238058093898444,0.1673747322313805
39,OnlineFPCA-adagrad,0.1,13500,100,face,3,5,0.142253398895264,4,1,0.10652964685213819,0.14947108274682913,0.2596299836713035,0.027488505731076748,0.051575862843831984,0.1676940194776978
39,OnlineFPCA-adagrad,0.1,13600,100,face,3,5,0.138691425323486,4,1,0.09828078221562223,0.152209015181465,0.2249386256039555,0.02752466193780762,0.05091774892827112,0.16827808911809422
39,OnlineFPCA-adagrad,0.1,13700,100,face,3,5,0.140531778335571,4,1,0.12818015130147642,0.15912663195539167,0.3420249093438756,0.02814373951545391,0.05007919953410851,0.16891436542052118
39,OnlineFPCA-adagrad,0.1,13800,100,face,3,5,0.137338876724243,4,1,0.17833240989182145,0.12685425602544378,0.21041513837897483,0.02872715442446735,0.049493317861555614,0.16895148641137264
39,OnlineFPCA-adagrad,0.1,13900,100,face,3,5,0.137434244155884,4,1,0.1487033110920244,0.13998817452337362,0.20323651587942118,0.02876234603505021,0.04927933491442362,0.1683765707541968
39,OnlineFPCA-adagrad,0.1,14000,100,face,3,5,0.145623683929443,4,1,0.10088126533390031,0.1647720658075375,0.2543592699824371,0.028492079323244313,0.04948496738640871,0.1674055229454403
39,OnlineFPCA-adagrad,0.1,14100,100,face,3,5,0.143082857131958,4,1,0.09232808741065988,0.3038895201238019,0.2947093030470277,0.028565989239908166,0.05000975624667858,0.16563608691000836
39,OnlineFPCA-adagrad,0.1,14200,100,face,3,5,0.143618583679199,4,1,0.11174051507796083,0.24274171592675792,0.2449700162038545,0.028643557676137577,0.05073402676660899,0.1641552553738879
39,OnlineFPCA-adagrad,0.1,14300,100,face,3,5,0.144134759902954,4,1,0.07001595049074122,0.0841014520025522,0.3175485963465754,0.028464035595790776,0.05115654839111729,0.16326218382417435
39,OnlineFPCA-adagrad,0.1,14400,100,face,3,5,0.140830039978027,4,1,0.15040881696602912,0.0871659015937537,0.2131729870211673,0.02844602050336722,0.050951619618657684,0.16331599136588928
39,OnlineFPCA-adagrad,0.1,14500,100,face,3,5,0.144466876983643,4,1,0.07544884668591695,0.17467582417623884,0.1684178663328199,0.02853886943139059,0.05158004623021533,0.16310476023548978
39,OnlineFPCA-adagrad,0.1,14600,100,face,3,5,0.139309406280518,4,1,0.1576421608730622,0.16940971046771053,0.13645168094083182,0.029268149416964092,0.052130634514137866,0.16239457595547427
39,OnlineFPCA-adagrad,0.1,14700,100,face,3,5,0.147998094558716,4,1,0.12180032125682953,0.16292057898279655,0.1437142957282172,0.030197592160882365,0.052432465781936465,0.16166877737311156
39,OnlineFPCA-adagrad,0.1,14800,100,face,3,5,0.143217086791992,4,1,0.08681095524746893,0.18039638363413926,0.2881281269819953,0.03072345912231593,0.05253351358627068,0.16162865293995177
39,OnlineFPCA-adagrad,0.1,14900,100,face,3,5,0.141304731369019,4,1,0.09142876158292935,0.1024891891118986,0.318484120431897,0.030987782724133998,0.05287692422651221,0.16278722874732784
39,OnlineFPCA-adagrad,0.1,15000,100,face,3,5,0.138422012329102,4,1,0.09144948022984073,0.17681266070606913,0.34702200655732396,0.03109420435950553,0.05339670747713442,0.1640311826091041
39,OnlineFPCA-adagrad,0.1,0,100,face,3,5,6.4053201675415,4,2,0.13571165624240533,0.1863838381641178,0.3520904473894682,0.13571165624240533,0.1863838381641178,0.3520904473894682
39,OnlineFPCA-adagrad,0.1,100,100,face,3,5,0.308956384658813,4,2,1.0587733810419493,1.125921177612758,1.2466566898896614,NA,NA,NA
39,OnlineFPCA-adagrad,0.1,200,100,face,3,5,0.303098201751709,4,2,1.971692110761733,0.7900754824295222,1.6761376822614373,NA,NA,NA
39,OnlineFPCA-adagrad,0.1,300,100,face,3,5,0.308661222457886,4,2,1.8432803537958469,0.8783712746717987,1.6071422919903664,NA,NA,NA
39,OnlineFPCA-adagrad,0.1,400,100,face,3,5,0.30616307258606,4,2,0.5580236476144952,0.7906607737957914,0.9058940796018402,NA,NA,NA
39,OnlineFPCA-adagrad,0.1,500,100,face,3,5,0.320607423782349,4,2,0.39957989669009153,0.5692261643758554,0.9576442004012766,NA,NA,NA
39,OnlineFPCA-adagrad,0.1,600,100,face,3,5,0.493579387664795,4,2,0.30525671144669947,0.599328258310476,0.9884305317585128,NA,NA,NA
39,OnlineFPCA-adagrad,0.1,700,100,face,3,5,0.302254676818848,4,2,0.29413631905913834,0.5976842837512083,0.9880173493752177,NA,NA,NA
39,OnlineFPCA-adagrad,0.1,800,100,face,3,5,0.304718255996704,4,2,0.2845179901760293,0.5944655808162582,0.9869370218992294,NA,NA,NA
39,OnlineFPCA-adagrad,0.1,900,100,face,3,5,0.299562692642212,4,2,0.273602913641828,0.5932316465294462,0.9857568899363846,NA,NA,NA
39,OnlineFPCA-adagrad,0.1,1000,100,face,3,5,0.313925266265869,4,2,0.25939076038401016,0.5915477175082059,0.9855795912401553,NA,NA,NA
39,OnlineFPCA-adagrad,0.1,1100,100,face,3,5,0.433820009231567,4,2,0.39804075911590764,0.40256932511582155,0.8852215697131309,0.17910590688362535,0.4662953453501372,0.957134466681014
39,OnlineFPCA-adagrad,0.1,1200,100,face,3,5,0.45504355430603,4,2,0.33318772186831286,0.2727675343129192,0.9079454186981396,0.16516786540566794,0.30930877210955965,0.9539403100773094
39,OnlineFPCA-adagrad,0.1,1300,100,face,3,5,0.411789894104004,4,2,0.2519338702635509,0.3300323005952734,0.8749950600230402,0.1395529882866419,0.3003860905019189,0.9361894764501741
39,OnlineFPCA-adagrad,0.1,1400,100,face,3,5,0.445722818374634,4,2,0.33972201778389827,0.31852083415755456,0.7975856544137997,0.14551768909896518,0.2954517218547861,0.9178221742697537
39,OnlineFPCA-adagrad,0.1,1500,100,face,3,5,0.425546646118164,4,2,0.28608026190239305,0.2850406162454812,0.7405927327291083,0.11805981286228368,0.25041756965288275,0.8758881934245445
39,OnlineFPCA-adagrad,0.1,1600,100,face,3,5,0.46866250038147,4,2,0.12408178583619428,0.1542262327414268,0.6441712998115764,0.09292178868065913,0.23638975948119595,0.8330866513045893
39,OnlineFPCA-adagrad,0.1,1700,100,face,3,5,0.432306528091431,4,2,0.21286792644329466,0.20753263432296992,0.5309601696943127,0.07964702696129962,0.21587404704441382,0.7907161569055152
39,OnlineFPCA-adagrad,0.1,1800,100,face,3,5,0.435564517974854,4,2,0.12481500276785709,0.17879447882072458,0.43061143891149456,0.07529319985663126,0.20162098624048103,0.7389880439145825
39,OnlineFPCA-adagrad,0.1,1900,100,face,3,5,0.420606136322021,4,2,0.2886583797701517,0.2361776487882467,0.2708541742720295,0.06803594532488975,0.19463861949613664,0.6864578864871664
39,OnlineFPCA-adagrad,0.1,2000,100,face,3,5,0.432926177978516,4,2,0.15389243968774352,0.2020522630937273,0.3904289415798845,0.0682005328523205,0.19303263147497965,0.6485902282572757
39,OnlineFPCA-adagrad,0.1,2100,100,face,3,5,0.440589427947998,4,2,0.2929485472854948,0.17065452764486236,0.2599176040124664,0.06302617481940706,0.1905508234871954,0.6139209057471493
39,OnlineFPCA-adagrad,0.1,2200,100,face,3,5,0.409096240997314,4,2,0.2964458596596241,0.2739754882301067,0.29501018601238715,0.05572925067615162,0.1870442221905598,0.571834305654883
39,OnlineFPCA-adagrad,0.1,2300,100,face,3,5,0.432977914810181,4,2,0.3683576034255427,0.2240784643765384,0.20247765322237637,0.055278482261345914,0.18062797149065257,0.5241169420642611
39,OnlineFPCA-adagrad,0.1,2400,100,face,3,5,0.421010732650757,4,2,0.3126966485528645,0.27498785566150924,0.3082472176809933,0.05161685767044018,0.1769667142717319,0.4830486849239628
39,OnlineFPCA-adagrad,0.1,2500,100,face,3,5,0.432218551635742,4,2,0.1515853641444278,0.2458446697423129,0.33939194027998426,0.05022699717777075,0.17223649145971456,0.4451285563380435
39,OnlineFPCA-adagrad,0.1,2600,100,face,3,5,0.465791702270508,4,2,0.13931701531518725,0.19787908958267306,0.2949383325751878,0.04845342551235108,0.16977585287673602,0.4115630789548678
39,OnlineFPCA-adagrad,0.1,2700,100,face,3,5,0.473546266555786,4,2,0.15748588246269732,0.23810236639175567,0.24696608473397863,0.04538958380243734,0.16870780542789363,0.38626598420101826
39,OnlineFPCA-adagrad,0.1,2800,100,face,3,5,0.470089912414551,4,2,0.18790320669236263,0.24652198277259746,0.3676595092700028,0.041931288464629804,0.1661798871196344,0.35935301893003657
39,OnlineFPCA-adagrad,0.1,2900,100,face,3,5,0.471443891525269,4,2,0.17214300496533913,0.2156548688970222,0.22308842420101874,0.03738686712571366,0.16143207691658687,0.33908771639040963
39,OnlineFPCA-adagrad,0.1,3000,100,face,3,5,0.484691858291626,4,2,0.07920939214888945,0.1563636539221121,0.2956720202837833,0.03269284391194737,0.1572071789836996,0.33031181722552205
39,OnlineFPCA-adagrad,0.1,3100,100,face,3,5,0.459303140640259,4,2,0.14098066737541748,0.11827178236910857,0.36274556940259106,0.031187548758335553,0.15225285609124015,0.32516135946071273
39,OnlineFPCA-adagrad,0.1,3200,100,face,3,5,0.45461893081665,4,2,0.08016597717183042,0.20613267219022652,0.34530095913249353,0.030554809617649375,0.14867513772589627,0.3244773211206594
39,OnlineFPCA-adagrad,0.1,3300,100,face,3,5,0.511136770248413,4,2,0.13008702971105524,0.22731026261286788,0.4647366257956186,0.028693148798498505,0.14561168191582663,0.3253517941926377
39,OnlineFPCA-adagrad,0.1,3400,100,face,3,5,0.452308177947998,4,2,0.1687579304171842,0.2612160537283317,0.3673438503806772,0.027114874744468345,0.1447496522781154,0.3244995774570783
39,OnlineFPCA-adagrad,0.1,3500,100,face,3,5,0.479775428771973,4,2,0.10985400376898868,0.21839422988598955,0.2113640811024462,0.02274360154756624,0.14247205310698016,0.3179993868854656
39,OnlineFPCA-adagrad,0.1,3600,100,face,3,5,0.47604513168335,4,2,0.11745946282971757,0.22241833007250378,0.21305068650786585,0.021417963012554605,0.14093569567519246,0.31160090589602574
39,OnlineFPCA-adagrad,0.1,3700,100,face,3,5,0.455008506774902,4,2,0.17635223273326336,0.1876755961817437,0.39570571989222625,0.022905884205679312,0.13847754959069658,0.2993099211913825
39,OnlineFPCA-adagrad,0.1,3800,100,face,3,5,0.642311811447144,4,2,0.25451998510142887,0.23166006146307228,0.29697986356481987,0.025677000506447435,0.13455798134671765,0.2816598580318585
39,OnlineFPCA-adagrad,0.1,3900,100,face,3,5,0.470191240310669,4,2,0.18660070181648522,0.1989211792437961,0.33590181673559805,0.026089536984685458,0.1311776972786158,0.2632436920209179
39,OnlineFPCA-adagrad,0.1,4000,100,face,3,5,0.487720489501953,4,2,0.026608272105306845,0.12717342618499844,0.24438241006784497,0.026608272105306845,0.12717342618499844,0.24438241006784497
39,OnlineFPCA-adagrad,0.1,4100,100,face,3,5,0.448055267333984,4,2,0.09881655682324972,0.3223708435338307,0.19540216875466287,0.07295146181123618,0.23655131944301394,0.22593729152791792
39,OnlineFPCA-adagrad,0.1,4200,100,face,3,5,0.475542783737183,4,2,0.11242940924549277,0.21843963635750846,0.20771948068253968,0.09510285984118316,0.2497134219984782,0.16154101673073715
39,OnlineFPCA-adagrad,0.1,4300,100,face,3,5,0.464804410934448,4,2,0.09935721529740271,0.230013125532677,0.32190596820940826,0.06838738195283431,0.19161202142065156,0.14868186628514715
39,OnlineFPCA-adagrad,0.1,4400,100,face,3,5,0.474992275238037,4,2,0.23415666055643633,0.09475893949243867,0.27728418703630947,0.057823487942474126,0.13630741241099403,0.17579369571162973
39,OnlineFPCA-adagrad,0.1,4500,100,face,3,5,0.4595947265625,4,2,0.11583196986763886,0.21941841228253137,0.1391738676952601,0.049867826616041916,0.1228230474833293,0.17492475085399095
39,OnlineFPCA-adagrad,0.1,4600,100,face,3,5,0.465431213378906,4,2,0.20636042666166984,0.19987645862372042,0.20908237568595767,0.053646193947169525,0.10721811585237984,0.16704588424742767
39,OnlineFPCA-adagrad,0.1,4700,100,face,3,5,0.441857576370239,4,2,0.11167778302756894,0.19270584091593668,0.20289933532988974,0.06528297162131169,0.09894989844073816,0.16075699839993796
39,OnlineFPCA-adagrad,0.1,4800,100,face,3,5,0.497604608535767,4,2,0.08634629772881286,0.22345709869723895,0.4335771880246634,0.06639658523212455,0.09603304607152813,0.16906162302373048
39,OnlineFPCA-adagrad,0.1,4900,100,face,3,5,0.445335388183594,4,2,0.14012052728134078,0.14642153961041748,0.4692116380088033,0.06349564073031218,0.0939578576409391,0.1897234431265874
39,OnlineFPCA-adagrad,0.1,5000,100,face,3,5,0.470470905303955,4,2,0.13124733448693543,0.23454659246789308,0.5316400852960639,0.05875986370345857,0.09648557098299312,0.21016275767228157
39,OnlineFPCA-adagrad,0.1,5100,100,face,3,5,0.139469385147095,4,2,0.17897936072284676,0.13551103972893638,0.6116350087159077,0.05876650035576298,0.09773056745373625,0.2338476395112792
39,OnlineFPCA-adagrad,0.1,5200,100,face,3,5,0.1475989818573,4,2,0.14363678681560374,0.1508121994414013,0.29854075433416294,0.0573324309411175,0.08643009129814366,0.24228100286872226
39,OnlineFPCA-adagrad,0.1,5300,100,face,3,5,0.131089687347412,4,2,0.12497372256777843,0.17901878122639073,0.3179346990371683,0.05801366830536069,0.07997104262680806,0.24330535250936644
39,OnlineFPCA-adagrad,0.1,5400,100,face,3,5,0.149640560150146,4,2,0.1379627222823891,0.19132567725854555,0.4070114466492391,0.058303831979483724,0.07867931964870192,0.2482224676653229
39,OnlineFPCA-adagrad,0.1,5500,100,face,3,5,0.137980222702026,4,2,0.1442511428021316,0.2847483857725381,0.3727233641346938,0.059613456532513175,0.08320796564615192,0.25580711867622136
39,OnlineFPCA-adagrad,0.1,5600,100,face,3,5,0.140902042388916,4,2,0.1288039866184201,0.16551542662389035,0.22631346033520117,0.05857513800109731,0.08660189936726143,0.25620834539763376
39,OnlineFPCA-adagrad,0.1,5700,100,face,3,5,0.141173839569092,4,2,0.21597494794319483,0.15309937856220515,0.3047563285692421,0.057306226914321454,0.08969276130118226,0.2567826537670648
39,OnlineFPCA-adagrad,0.1,5800,100,face,3,5,0.134016990661621,4,2,0.14710365689500665,0.08870952212608053,0.18565208371397773,0.058090545750680955,0.09131663546411797,0.25347465979527106
39,OnlineFPCA-adagrad,0.1,5900,100,face,3,5,0.141619920730591,4,2,0.1965227970306757,0.22905509436070934,0.26395985269534483,0.05527064247315581,0.09047651269041668,0.24767597538405514
39,OnlineFPCA-adagrad,0.1,6000,100,face,3,5,0.138273954391479,4,2,0.09321260360825573,0.17890877175859973,0.13691489675793447,0.052618884870081435,0.0904197460944333,0.24098112497331778
39,OnlineFPCA-adagrad,0.1,6100,100,face,3,5,0.138312816619873,4,2,0.0855957560280406,0.12456458069217756,0.2074361076094739,0.0502507899316093,0.09029167772517802,0.23115543806457564
39,OnlineFPCA-adagrad,0.1,6200,100,face,3,5,0.129115581512451,4,2,0.19659267057394053,0.24502012967342118,0.22515470207002802,0.04726342601526937,0.09026028780834998,0.22355487386813805
39,OnlineFPCA-adagrad,0.1,6300,100,face,3,5,0.125825166702271,4,2,0.16067442266864151,0.20849409386414566,0.24890016561728603,0.044175328119171256,0.096328612506101,0.2173079240981499
39,OnlineFPCA-adagrad,0.1,6400,100,face,3,5,0.133133888244629,4,2,0.1482857279142013,0.1717947141869666,0.2371997160657721,0.04127670807947524,0.09505298499873323,0.20924306189220848
39,OnlineFPCA-adagrad,0.1,6500,100,face,3,5,0.122523307800293,4,2,0.06551808659623862,0.18685230865834399,0.21311287444116095,0.039851132135977914,0.09144396242710565,0.2062114798788675
39,OnlineFPCA-adagrad,0.1,6600,100,face,3,5,0.131155252456665,4,2,0.07669615794566403,0.11543723141207235,0.20375369392495585,0.03799783967879166,0.09119910074653237,0.20198345032245238
39,OnlineFPCA-adagrad,0.1,6700,100,face,3,5,0.131215810775757,4,2,0.11129896835991619,0.1556398337784039,0.1924981729431334,0.03815760367983613,0.08837170117904103,0.19636547147616762
39,OnlineFPCA-adagrad,0.1,6800,100,face,3,5,0.279191255569458,4,2,0.11091420540688551,0.202453207464313,0.25385563972371167,0.036747050098315547,0.084272326120409,0.19057295455100492
39,OnlineFPCA-adagrad,0.1,6900,100,face,3,5,0.120166540145874,4,2,0.1624373337003604,0.1702363885392922,0.39586120991823326,0.03699535218771697,0.08060359562561076,0.18692071391554183
39,OnlineFPCA-adagrad,0.1,7000,100,face,3,5,0.112659692764282,4,2,0.08351307975473049,0.14184740656089426,0.30578374714870915,0.037452741474414436,0.07847330795255168,0.18389981563036184
39,OnlineFPCA-adagrad,0.1,7100,100,face,3,5,0.1253981590271,4,2,0.14530901564090715,0.14129937251827376,0.2752781905673121,0.0378827239836091,0.07717392112236778,0.1805435023273214
39,OnlineFPCA-adagrad,0.1,7200,100,face,3,5,0.13551664352417,4,2,0.17330212332249104,0.20422816181297562,0.2678896861381017,0.0378116566546388,0.07554061995801448,0.17551078527669522
39,OnlineFPCA-adagrad,0.1,7300,100,face,3,5,0.124965667724609,4,2,0.13518543354865442,0.1849118519437728,0.3636585583406062,0.03962540280076479,0.07334756862202002,0.1729383803988608
39,OnlineFPCA-adagrad,0.1,7400,100,face,3,5,0.127668380737305,4,2,0.1703017758828605,0.21592238980699865,0.4011429943446048,0.03865987030093542,0.07274225349757649,0.17183569903445517
39,OnlineFPCA-adagrad,0.1,7500,100,face,3,5,0.116440296173096,4,2,0.08321624514906382,0.14756561280036545,0.41058801378846765,0.03877898707108465,0.07062005601331216,0.1735588010180981
39,OnlineFPCA-adagrad,0.1,7600,100,face,3,5,0.125060319900513,4,2,0.09654175729208835,0.13914769558841855,0.38745154789061265,0.03914806928421106,0.0690357247447307,0.1751544255469959
39,OnlineFPCA-adagrad,0.1,7700,100,face,3,5,0.120260238647461,4,2,0.13851294855100527,0.14943828880028692,0.27440902862563354,0.03888733703564768,0.06795894836643471,0.17628462582973206
39,OnlineFPCA-adagrad,0.1,7800,100,face,3,5,0.121869087219238,4,2,0.16546032184877185,0.18897958175913088,0.37146275488123326,0.037347752628609315,0.06861547658889597,0.1781711235381814
39,OnlineFPCA-adagrad,0.1,7900,100,face,3,5,0.129563808441162,4,2,0.13611539812107873,0.1671675392539084,0.23908247927304926,0.03438516626460813,0.06751478953104945,0.17851804770346646
39,OnlineFPCA-adagrad,0.1,8000,100,face,3,5,0.123658418655396,4,2,0.06676704898055576,0.11965277600645596,0.23498313084056577,0.031693074654196025,0.06599647902626954,0.1778710430533803
39,OnlineFPCA-adagrad,0.1,8100,100,face,3,5,0.123831748962402,4,2,0.11478392557226952,0.08712675400804988,0.29538391363610245,0.03056884591157032,0.06423238767037294,0.17732896937489662
39,OnlineFPCA-adagrad,0.1,8200,100,face,3,5,0.12568187713623,4,2,0.07069947981170417,0.13744568822626269,0.3027978302479649,0.0293876082772298,0.0634977499800352,0.17906702599602217
39,OnlineFPCA-adagrad,0.1,8300,100,face,3,5,0.123413562774658,4,2,0.10352784185715219,0.18094114635854544,0.4170387004955064,0.028535965856297866,0.061767925018470886,0.18053610116915275
39,OnlineFPCA-adagrad,0.1,8400,100,face,3,5,0.122828722000122,4,2,0.14503602080686967,0.2028075846517497,0.33761781752792486,0.028908570208121685,0.06026701507011062,0.18132980660833062
39,OnlineFPCA-adagrad,0.1,8500,100,face,3,5,0.135879993438721,4,2,0.11057552610958589,0.17499950806487538,0.24741333303132518,0.028041026679505133,0.058637558770642924,0.18149631008655004
39,OnlineFPCA-adagrad,0.1,8600,100,face,3,5,0.125622749328613,4,2,0.10665968613730535,0.17168407658822962,0.21693898079444343,0.027732566140086193,0.057450540098060963,0.18238426395943746
39,OnlineFPCA-adagrad,0.1,8700,100,face,3,5,0.122921705245972,4,2,0.14504426233507398,0.16869225290873155,0.3639049250498017,0.029174082865850482,0.05588222994087578,0.18305742071456255
39,OnlineFPCA-adagrad,0.1,8800,100,face,3,5,0.123939275741577,4,2,0.2075157994400912,0.16308338595849614,0.23012906111505949,0.030282354385377273,0.05482948793908821,0.18181125345024557
39,OnlineFPCA-adagrad,0.1,8900,100,face,3,5,0.13602876663208,4,2,0.16440570195396098,0.16326125396926633,0.2383651769513127,0.029887859538719332,0.054433174281139085,0.17906927112819399
39,OnlineFPCA-adagrad,0.1,9000,100,face,3,5,0.119881868362427,4,2,0.1138069646476428,0.18549068765734103,0.3149595819184721,0.028965274484029233,0.05472377367819618,0.17561735715457788
39,OnlineFPCA-adagrad,0.1,9100,100,face,3,5,0.132771730422974,4,2,0.10128638174116754,0.33150189117599144,0.36787546646290803,0.02895486377198671,0.055744327072539984,0.17033529741076067
39,OnlineFPCA-adagrad,0.1,9200,100,face,3,5,0.123029947280884,4,2,0.11572729529375626,0.2494899903206074,0.2741127398109333,0.029069073542689634,0.05722297115552398,0.16643275615308503
39,OnlineFPCA-adagrad,0.1,9300,100,face,3,5,0.12574315071106,4,2,0.07780374789256277,0.12776092072592868,0.35665445875717644,0.02861997279556745,0.05790452092430206,0.16445157757779302
39,OnlineFPCA-adagrad,0.1,9400,100,face,3,5,0.125160455703735,4,2,0.17680752503303554,0.09124085453261666,0.23387786158914176,0.028645968207853326,0.05722744658861281,0.16486613049780327
39,OnlineFPCA-adagrad,0.1,9500,100,face,3,5,0.128090381622314,4,2,0.08726316588041938,0.19805990322684264,0.17117665916226332,0.028843697640559825,0.058221809293213155,0.16456369979758304
39,OnlineFPCA-adagrad,0.1,9600,100,face,3,5,0.119109153747559,4,2,0.1736371048916253,0.18085636049562626,0.14639282321140332,0.030370936107010776,0.0589612747673769,0.16324991810388284
39,OnlineFPCA-adagrad,0.1,9700,100,face,3,5,0.12468409538269,4,2,0.12114856808611667,0.17120887305677934,0.14939948671264724,0.032194738817797566,0.05923310212518523,0.16197696621085053
39,OnlineFPCA-adagrad,0.1,9800,100,face,3,5,0.12359356880188,4,2,0.08541905075057563,0.1936409596631027,0.3385726029462774,0.03308105499882842,0.059196887007753544,0.16229810233057676
39,OnlineFPCA-adagrad,0.1,9900,100,face,3,5,0.135856628417969,4,2,0.10429747434558125,0.11642284270239199,0.3728398766568222,0.033438962383496855,0.059637441704987686,0.1651795536000057
39,OnlineFPCA-adagrad,0.1,10000,100,face,3,5,0.136187553405762,4,2,0.10448958584214264,0.19728002608778583,0.4113154967354483,0.03348418652219963,0.06052739301622041,0.16822594034843683
39,OnlineFPCA-adagrad,0.1,10100,100,face,3,5,0.120184898376465,4,2,0.12931276083251547,0.1270788391132883,0.485516627342099,0.033450720114963146,0.0613277984815749,0.17130159122991342
39,OnlineFPCA-adagrad,0.1,10200,100,face,3,5,0.127088785171509,4,2,0.10879804249917872,0.11366715028032029,0.25381896065679804,0.033033873309141204,0.0600350329237514,0.17266442402417986
39,OnlineFPCA-adagrad,0.1,10300,100,face,3,5,0.129644393920898,4,2,0.10746964503107159,0.15297902371232824,0.2656450599484806,0.03269021862377656,0.05907135612642771,0.17313200870790718
39,OnlineFPCA-adagrad,0.1,10400,100,face,3,5,0.132703542709351,4,2,0.12189043857044725,0.16844994361414464,0.33874460830745523,0.032374266171212994,0.05879374964293858,0.1737784548710259
39,OnlineFPCA-adagrad,0.1,10500,100,face,3,5,0.140843629837036,4,2,0.12475705397295805,0.24748304775774296,0.3245431807754548,0.032180965151962296,0.05946400694463504,0.1749287666258635
39,OnlineFPCA-adagrad,0.1,10600,100,face,3,5,0.134995460510254,4,2,0.11673163564944367,0.14787429988871728,0.20949244251778637,0.031411171156623896,0.06012339997342853,0.17529547879135268
39,OnlineFPCA-adagrad,0.1,10700,100,face,3,5,0.138404369354248,4,2,0.1706064468639969,0.13768769186894936,0.2720247933261239,0.03112031149215507,0.06095813763258801,0.1759086035580193
39,OnlineFPCA-adagrad,0.1,10800,100,face,3,5,0.140308141708374,4,2,0.1282105039404185,0.09670126755683213,0.16565923658929818,0.031640094409264435,0.06157518447240143,0.17563475973265094
39,OnlineFPCA-adagrad,0.1,10900,100,face,3,5,0.145553350448608,4,2,0.16340308359902914,0.2020239073586018,0.24213341568858285,0.03147303510605595,0.06174924418982506,0.1745382398429371
39,OnlineFPCA-adagrad,0.1,11000,100,face,3,5,0.141154766082764,4,2,0.07472333689004389,0.17289902836278168,0.14112117683163233,0.03131395069526024,0.061838207035968096,0.1733736648840407
39,OnlineFPCA-adagrad,0.1,11100,100,face,3,5,0.146322250366211,4,2,0.0788446948056877,0.11444552344840303,0.17864967127614514,0.03095832090606002,0.061821566732780955,0.1716497294499865
39,OnlineFPCA-adagrad,0.1,11200,100,face,3,5,0.14504861831665,4,2,0.1656831930012876,0.21378381585958295,0.19569113725828804,0.030799282345885675,0.0617934288021792,0.1702793854626721
39,OnlineFPCA-adagrad,0.1,11300,100,face,3,5,0.149513721466064,4,2,0.1466114818813079,0.1945613830085139,0.20567784240078954,0.03058336619431567,0.06304205804086899,0.16879589046304522
39,OnlineFPCA-adagrad,0.1,11400,100,face,3,5,0.141238927841187,4,2,0.12547472101344073,0.1545280663683182,0.1969497621841035,0.030049709157342057,0.0628162723430332,0.16704288869930672
39,OnlineFPCA-adagrad,0.1,11500,100,face,3,5,0.139558076858521,4,2,0.04245589573759695,0.1490446886722124,0.1819576792518784,0.02994761699680177,0.06229950388023973,0.16598090440447197
39,OnlineFPCA-adagrad,0.1,11600,100,face,3,5,0.137197256088257,4,2,0.06666520234526284,0.10451737892955365,0.1777951759975634,0.029556068966679373,0.06268523069332478,0.16475502537509376
39,OnlineFPCA-adagrad,0.1,11700,100,face,3,5,0.149419546127319,4,2,0.0955388195306528,0.13326583428969274,0.1623422758418765,0.029864732499825103,0.06244316242343387,0.16317881392648473
39,OnlineFPCA-adagrad,0.1,11800,100,face,3,5,0.136560916900635,4,2,0.09270884727681357,0.15836788376770275,0.20304106665254948,0.02987095577957688,0.06177787801042481,0.16227940984480071
39,OnlineFPCA-adagrad,0.1,11900,100,face,3,5,0.138248682022095,4,2,0.13269008843736374,0.12934759084308237,0.3257751184567299,0.030038158056410122,0.06105016392091313,0.1622853304005555
39,OnlineFPCA-adagrad,0.1,12000,100,face,3,5,0.142530918121338,4,2,0.08439723717523265,0.11491486071993966,0.2409035528801179,0.030166523233492958,0.06089181648707626,0.16237323742835952
39,OnlineFPCA-adagrad,0.1,12100,100,face,3,5,0.134958982467651,4,2,0.11975169854886082,0.11032071168690041,0.2120961328836864,0.030278051439297664,0.06073720757805358,0.16171830103112342
39,OnlineFPCA-adagrad,0.1,12200,100,face,3,5,0.143019199371338,4,2,0.14377304677154018,0.1596785262902379,0.23787357337833864,0.030410288794812137,0.06038137520870576,0.16096513971263252
39,OnlineFPCA-adagrad,0.1,12300,100,face,3,5,0.139018058776855,4,2,0.09738704412883696,0.15921063671493701,0.2998225984132931,0.03118100214421817,0.06003162931786051,0.16117723516409127
39,OnlineFPCA-adagrad,0.1,12400,100,face,3,5,0.149089574813843,4,2,0.14699637908366492,0.1888990444823096,0.3376851964293529,0.031128170707093183,0.060002416969078584,0.16185688300179404
39,OnlineFPCA-adagrad,0.1,12500,100,face,3,5,0.153276443481445,4,2,0.061713611208664684,0.13643630641057458,0.35292464118428996,0.031224545731293043,0.05947135128309171,0.16326068334118152
39,OnlineFPCA-adagrad,0.1,12600,100,face,3,5,0.141802310943604,4,2,0.0745978740550634,0.1119690916065083,0.35333527777166723,0.03127992027805195,0.058893899886927746,0.1644965578721695
39,OnlineFPCA-adagrad,0.1,12700,100,face,3,5,0.138640403747559,4,2,0.11970909465320796,0.12332574222724013,0.26186596537178675,0.03113388200837377,0.05834367276723733,0.16542800965258617
39,OnlineFPCA-adagrad,0.1,12800,100,face,3,5,0.145509481430054,4,2,0.14512609030173562,0.15878303533721796,0.33941500885113385,0.030491013813548223,0.058451132744907576,0.16661300721307995
39,OnlineFPCA-adagrad,0.1,12900,100,face,3,5,0.323692321777344,4,2,0.1113711980212535,0.13389861262816163,0.23025132409399435,0.029305361620002492,0.05815980179502376,0.16711594541125627
39,OnlineFPCA-adagrad,0.1,13000,100,face,3,5,0.142144441604614,4,2,0.06090132340094815,0.10678157865468035,0.2138904808855715,0.028249253419813377,0.057720310719763926,0.16703739022518926
39,OnlineFPCA-adagrad,0.1,13100,100,face,3,5,0.145752191543579,4,2,0.10028001743011065,0.0910899903172644,0.25658284530355985,0.027726489499142963,0.05715314504509456,0.16689299500126548
39,OnlineFPCA-adagrad,0.1,13200,100,face,3,5,0.143971681594849,4,2,0.06314506164420546,0.10787144436342626,0.27593262884794884,0.027287642624244227,0.05696265416814505,0.16738992652582232
39,OnlineFPCA-adagrad,0.1,13300,100,face,3,5,0.136134386062622,4,2,0.08536917490226065,0.1606962487795192,0.37967019785755357,0.027152622605969446,0.05638097837263808,0.16788407626347446
39,OnlineFPCA-adagrad,0.1,13400,100,face,3,5,0.15212082862854,4,2,0.12877799139531682,0.17502674362967324,0.3161149841940799,0.027603073421343702,0.055759751036018296,0.16822576926081015
39,OnlineFPCA-adagrad,0.1,13500,100,face,3,5,0.135715007781982,4,2,0.10653239853797239,0.14946728203081355,0.2596001006155741,0.02757076286608951,0.05501291440445017,0.1684926503563099
39,OnlineFPCA-adagrad,0.1,13600,100,face,3,5,0.149714231491089,4,2,0.09825344465814319,0.15220900151239328,0.22495364576172486,0.027608761738209534,0.05439618376049479,0.16904333294198612
39,OnlineFPCA-adagrad,0.1,13700,100,face,3,5,0.14106011390686,4,2,0.12818998522183822,0.15911278540310417,0.3418924523330285,0.02822668792256824,0.0535682490817582,0.16965317995036688
39,OnlineFPCA-adagrad,0.1,13800,100,face,3,5,0.144788265228271,4,2,0.17831221224985744,0.12686753492582917,0.21033000288858808,0.02881189160723308,0.05296409164022151,0.1696747187485971
39,OnlineFPCA-adagrad,0.1,13900,100,face,3,5,0.149131536483765,4,2,0.14869890314074546,0.14000217578924257,0.2030861718341205,0.028852268206065113,0.05272398056376539,0.169084623490515
39,OnlineFPCA-adagrad,0.1,14000,100,face,3,5,0.138773918151855,4,2,0.10087874229820573,0.16476903604247972,0.2540491274961756,0.028586009390201342,0.05285667704730227,0.16810553238337128
39,OnlineFPCA-adagrad,0.1,14100,100,face,3,5,0.147821187973022,4,2,0.09232519749029705,0.3038735979091122,0.2943144129090854,0.02865960640171817,0.053289763454809146,0.16635310062893266
39,OnlineFPCA-adagrad,0.1,14200,100,face,3,5,0.141207218170166,4,2,0.11173244389543632,0.24271493911956313,0.24481704406049826,0.02873835438333342,0.0538913056015444,0.16487226418082782
39,OnlineFPCA-adagrad,0.1,14300,100,face,3,5,0.152234315872192,4,2,0.06999946559543908,0.08411821940630015,0.31735464895650695,0.0285584952857627,0.05425332967203876,0.1639872419133351
39,OnlineFPCA-adagrad,0.1,14400,100,face,3,5,0.145530462265015,4,2,0.15036686318904585,0.08717529951931884,0.21311826707966566,0.028544307015208627,0.05403750947241366,0.1640413236132001
39,OnlineFPCA-adagrad,0.1,14500,100,face,3,5,0.145877838134766,4,2,0.07544984223333805,0.17465929575148115,0.1683808788900198,0.02863882798925968,0.054572602835013875,0.16384744651607047
39,OnlineFPCA-adagrad,0.1,14600,100,face,3,5,0.145526647567749,4,2,0.15761283744783833,0.16939957181159648,0.13642540111901097,0.029367997112806975,0.05508274461240445,0.16314895420305417
39,OnlineFPCA-adagrad,0.1,14700,100,face,3,5,0.14667010307312,4,2,0.121800394693607,0.16291569861084645,0.14370049159173548,0.030297452286083618,0.055372000006872694,0.1624274561607173
39,OnlineFPCA-adagrad,0.1,14800,100,face,3,5,0.145574331283569,4,2,0.08682805101054242,0.180390068488054,0.2879305459791458,0.030822968492510726,0.05546071861714181,0.16237311037475344
39,OnlineFPCA-adagrad,0.1,14900,100,face,3,5,0.152869701385498,4,2,0.0914168795923655,0.1024869825795053,0.3182581708674932,0.03108511918362429,0.055752198115310146,0.16351792943986532
39,OnlineFPCA-adagrad,0.1,15000,100,face,3,5,0.137758493423462,4,2,0.0914458648060682,0.17682008816126984,0.3467548860985867,0.03118658858025532,0.05621637147157773,0.1647573163618037
39,OnlineFPCA-adagrad,0.1,0,100,face,3,5,6.4053201675415,6,1,0.13571165624240533,0.1863838381641178,0.3520904473894682,0.13571165624240533,0.1863838381641178,0.3520904473894682
39,OnlineFPCA-adagrad,0.1,100,100,face,3,5,0.465706825256348,6,1,0.85486913222438,0.65817122124285,0.68002899040734,NA,NA,NA
39,OnlineFPCA-adagrad,0.1,200,100,face,3,5,0.466232538223267,6,1,0.849254318386709,1.482248812249437,0.3298131034279352,NA,NA,NA
39,OnlineFPCA-adagrad,0.1,300,100,face,3,5,0.446613788604736,6,1,0.7344961809215267,0.9959774129159469,0.9811388960168321,NA,NA,NA
39,OnlineFPCA-adagrad,0.1,400,100,face,3,5,0.438740968704224,6,1,0.43857738629478465,0.6618271697363443,0.9347013079135341,NA,NA,NA
39,OnlineFPCA-adagrad,0.1,500,100,face,3,5,0.468076944351196,6,1,0.733274720460365,0.58084729326707,1.0146199012957513,NA,NA,NA
39,OnlineFPCA-adagrad,0.1,600,100,face,3,5,0.459892511367798,6,1,0.5974015534059587,0.5794532156285964,1.0243776945214336,NA,NA,NA
39,OnlineFPCA-adagrad,0.1,700,100,face,3,5,0.479624509811401,6,1,0.5649140230902358,0.5735676469605764,1.023309279525686,NA,NA,NA
39,OnlineFPCA-adagrad,0.1,800,100,face,3,5,0.633310556411743,6,1,0.5318962725532045,0.5617884283523269,1.0213032909370063,NA,NA,NA
39,OnlineFPCA-adagrad,0.1,900,100,face,3,5,0.437527179718018,6,1,0.4799004339349261,0.5476491582208738,1.0190086843266437,NA,NA,NA
39,OnlineFPCA-adagrad,0.1,1000,100,face,3,5,0.469947338104248,6,1,0.428939747886399,0.5306784355874576,1.0180515183379593,NA,NA,NA
39,OnlineFPCA-adagrad,0.1,1100,100,face,3,5,0.656699419021606,6,1,0.1583506879368965,0.4937687008454148,0.8618556441178062,0.20282853933679162,0.500700872517695,0.941134841764263
39,OnlineFPCA-adagrad,0.1,1200,100,face,3,5,0.623142719268799,6,1,0.20784931000476523,0.4511827088500352,0.7927666411569331,0.16705617835151768,0.47961148470713993,0.8856507605662755
39,OnlineFPCA-adagrad,0.1,1300,100,face,3,5,0.677582025527954,6,1,0.19145885740245674,0.49258801958969695,0.6822217723296627,0.141848047273578,0.47582823776445904,0.8321301433999354
39,OnlineFPCA-adagrad,0.1,1400,100,face,3,5,0.661015272140503,6,1,0.18870840587083168,0.5065979608205627,0.5662712994532725,0.1314059025347554,0.47847518275676976,0.7707182034213563
39,OnlineFPCA-adagrad,0.1,1500,100,face,3,5,0.633508920669556,6,1,0.08730733624362474,0.4903543856832367,0.5446920844446245,0.11213857205282496,0.4779327704675011,0.7169758213304523
39,OnlineFPCA-adagrad,0.1,1600,100,face,3,5,0.663386821746826,6,1,0.029567311215324663,0.47742996154444306,0.5361154758826808,0.09304617108647324,0.47673268018008463,0.6802195259771917
39,OnlineFPCA-adagrad,0.1,1700,100,face,3,5,0.671633005142212,6,1,0.037006250304049124,0.4770073488546497,0.5301693103040475,0.07924130273534101,0.47588003333381923,0.6543070480614915
39,OnlineFPCA-adagrad,0.1,1800,100,face,3,5,0.611263990402222,6,1,0.03011289540105851,0.474981248487205,0.5198991334262594,0.06944549262091491,0.47532287481733126,0.6340194572776631
39,OnlineFPCA-adagrad,0.1,1900,100,face,3,5,0.632723569869995,6,1,0.04785917227654562,0.4753477538413985,0.5180444325156991,0.0630381803535983,0.4748794827457065,0.6179857954942577
39,OnlineFPCA-adagrad,0.1,2000,100,face,3,5,0.660726547241211,6,1,0.04766847250153393,0.4733696724891511,0.5188811548569838,0.059354518916127794,0.4744495254660488,0.6051166617851442
39,OnlineFPCA-adagrad,0.1,2100,100,face,3,5,0.639452219009399,6,1,0.3213951098165137,0.4196811693782706,0.4237479583277174,0.05428464824944434,0.47168684411098766,0.5867694408478965
39,OnlineFPCA-adagrad,0.1,2200,100,face,3,5,0.689970254898071,6,1,0.24129972657843313,0.44097023265452306,0.5104117392757548,0.04338333481736938,0.4648135881737794,0.55974792938823
39,OnlineFPCA-adagrad,0.1,2300,100,face,3,5,0.655309677124023,6,1,0.3175726858526468,0.48039359605626475,0.5110682778723505,0.03933650922826179,0.45464139098959433,0.5287729119315755
39,OnlineFPCA-adagrad,0.1,2400,100,face,3,5,0.641915321350098,6,1,0.37206449845851636,0.4645228090097045,0.530124977692199,0.036179782658190864,0.44876366497619874,0.5033673089049341
39,OnlineFPCA-adagrad,0.1,2500,100,face,3,5,0.639843463897705,6,1,0.2110221018319246,0.42766357484047773,0.5372850527742287,0.033360410608131025,0.44416880955439225,0.48224981682496626
39,OnlineFPCA-adagrad,0.1,2600,100,face,3,5,0.689509153366089,6,1,0.1307633052780106,0.4214766000922649,0.47825191513994303,0.03439358121000956,0.4420458548317944,0.4702659980413959
39,OnlineFPCA-adagrad,0.1,2700,100,face,3,5,0.703398704528809,6,1,0.15664005203408066,0.4314615285337048,0.4411470618158614,0.03481593826904368,0.4394673283125956,0.4629737450218287
39,OnlineFPCA-adagrad,0.1,2800,100,face,3,5,0.686250686645508,6,1,0.18467591843287365,0.3755465472860755,0.4086744361176611,0.033803234441463846,0.43394385937900565,0.4530835573894093
39,OnlineFPCA-adagrad,0.1,2900,100,face,3,5,0.706701517105103,6,1,0.1577317055526467,0.30193105943611387,0.2851665074193242,0.030432561364209416,0.4247291547594717,0.44222616658475383
39,OnlineFPCA-adagrad,0.1,3000,100,face,3,5,0.847355842590332,6,1,0.07618733491029246,0.28983548029290956,0.33704077169490465,0.025634825848758248,0.4156996118768373,0.43364954962206964
39,OnlineFPCA-adagrad,0.1,3100,100,face,3,5,0.686473846435547,6,1,0.13790883976920562,0.2821907390445374,0.35931298156153174,0.02350964011167018,0.4066091239743713,0.4254095865185439
39,OnlineFPCA-adagrad,0.1,3200,100,face,3,5,0.70164680480957,6,1,0.08810983042718955,0.3506228869232797,0.3739815616115037,0.020422419149842795,0.39970692835009836,0.4210521046639186
39,OnlineFPCA-adagrad,0.1,3300,100,face,3,5,0.708656787872314,6,1,0.1344835488891041,0.35831667455983757,0.482324958502017,0.016832122942839218,0.39395262420309346,0.41863115550710384
39,OnlineFPCA-adagrad,0.1,3400,100,face,3,5,0.678797960281372,6,1,0.17408417729124495,0.36106905927277216,0.41120720583971127,0.013942028823599704,0.38969198612793254,0.4160450782907225
39,OnlineFPCA-adagrad,0.1,3500,100,face,3,5,0.719359636306763,6,1,0.10803014202595608,0.3201866924669785,0.26822792148535785,0.010887323812531801,0.38504349474106414,0.41072797665471905
39,OnlineFPCA-adagrad,0.1,3600,100,face,3,5,0.703026533126831,6,1,0.11096002228652216,0.29747864208410313,0.2743585277403943,0.010924145277372711,0.37980059136833877,0.4056767629184536
39,OnlineFPCA-adagrad,0.1,3700,100,face,3,5,0.719788789749146,6,1,0.1672634841650673,0.2492741752905671,0.4033396098520354,0.014141371434814422,0.3721576415944058,0.3973837904908461
39,OnlineFPCA-adagrad,0.1,3800,100,face,3,5,0.698232173919678,6,1,0.2579281919434775,0.2957120925198397,0.3492128856789089,0.017778724135114044,0.36402337760526027,0.3863261614891611
39,OnlineFPCA-adagrad,0.1,3900,100,face,3,5,0.704160451889038,6,1,0.18304091642974873,0.2514008845768833,0.37263546236541367,0.019282476896991863,0.35706715414466916,0.3746790880095724
39,OnlineFPCA-adagrad,0.1,4000,100,face,3,5,0.684314012527466,6,1,0.019222521843588577,0.34909865705188886,0.3622386391800094,0.019222521843588577,0.34909865705188886,0.3622386391800094
39,OnlineFPCA-adagrad,0.1,4100,100,face,3,5,0.694014072418213,6,1,0.09514009458132355,0.39937444446896636,0.24935656189743183,0.07161097983438047,0.3747873027572873,0.31479959759203363
39,OnlineFPCA-adagrad,0.1,4200,100,face,3,5,0.687924861907959,6,1,0.11190674128352485,0.3055055701691329,0.28694854107870965,0.09321854143354953,0.35567145101099645,0.26917778206842324
39,OnlineFPCA-adagrad,0.1,4300,100,face,3,5,0.715413570404053,6,1,0.09314292686722525,0.27494157127304186,0.38280026944912615,0.06423271026513028,0.3099512000277951,0.27347689018478977
39,OnlineFPCA-adagrad,0.1,4400,100,face,3,5,0.735414505004883,6,1,0.23696795088335013,0.17017677157457436,0.3029758154212838,0.056786578772238236,0.26409410806295425,0.2791220237375213
39,OnlineFPCA-adagrad,0.1,4500,100,face,3,5,0.717434883117676,6,1,0.11790399300697092,0.2610616290897762,0.20836715454863922,0.05046419207311789,0.24341957961699306,0.26755059244560364
39,OnlineFPCA-adagrad,0.1,4600,100,face,3,5,0.687111854553223,6,1,0.2073879684114285,0.24643560365577338,0.2563830072297477,0.05603740447306213,0.22558538097043773,0.2543640630621794
39,OnlineFPCA-adagrad,0.1,4700,100,face,3,5,0.695820808410645,6,1,0.11582119044319972,0.24005606771196505,0.2302365557768252,0.0680544208561822,0.2120842547359902,0.24165809853196749
39,OnlineFPCA-adagrad,0.1,4800,100,face,3,5,0.676458835601807,6,1,0.0857439160622271,0.25011289519232954,0.4410087282141149,0.06877792449756714,0.2029105582627838,0.23939975161830476
39,OnlineFPCA-adagrad,0.1,4900,100,face,3,5,0.668598413467407,6,1,0.13712754144397984,0.17138776650009982,0.4712490815916441,0.06551228648566072,0.19381793877737927,0.24762730141895442
39,OnlineFPCA-adagrad,0.1,5000,100,face,3,5,0.699446678161621,6,1,0.12913626377340529,0.2451584195731658,0.5363224648069463,0.06058486181262497,0.18810584167552594,0.2581917766874221
39,OnlineFPCA-adagrad,0.1,5100,100,face,3,5,0.277259111404419,6,1,0.17932874939265153,0.13879760898988872,0.6123836954313527,0.06044845004402034,0.180628499925423,0.27201258402832706
39,OnlineFPCA-adagrad,0.1,5200,100,face,3,5,0.137137651443481,6,1,0.1424645644235853,0.1442752041708526,0.29690033475338556,0.058884286454708265,0.16490991179494108,0.27341882592783257
39,OnlineFPCA-adagrad,0.1,5300,100,face,3,5,0.141375303268433,6,1,0.12464574891178512,0.16675956888003016,0.3155894628120049,0.05922501677005276,0.15295572381251216,0.269767883556329
39,OnlineFPCA-adagrad,0.1,5400,100,face,3,5,0.132662296295166,6,1,0.13766624870276556,0.18752956909413374,0.4048537736634988,0.059347431576673625,0.14471241234469914,0.2705092925747919
39,OnlineFPCA-adagrad,0.1,5500,100,face,3,5,0.141350746154785,6,1,0.14453083998211494,0.2839446304873882,0.3764076677896216,0.060479500743805925,0.14164119740745706,0.27464251407392504
39,OnlineFPCA-adagrad,0.1,5600,100,face,3,5,0.132830381393433,6,1,0.1288414814692853,0.16750608527501562,0.2251418204609246,0.059309449373627886,0.1393365125181262,0.27292941651803965
39,OnlineFPCA-adagrad,0.1,5700,100,face,3,5,0.144613027572632,6,1,0.21622841251256805,0.1492375744464517,0.3014157188977686,0.05797887340511701,0.13682024966383666,0.271812150912354
39,OnlineFPCA-adagrad,0.1,5800,100,face,3,5,0.142993927001953,6,1,0.14715147979151708,0.07709673469706575,0.185984633610679,0.05882496522439859,0.133388240885646,0.26731382039234836
39,OnlineFPCA-adagrad,0.1,5900,100,face,3,5,0.144225835800171,6,1,0.1969136126532444,0.2271545466811552,0.26011486385086624,0.056022265775307584,0.1277324681325415,0.26023923527859455
39,OnlineFPCA-adagrad,0.1,6000,100,face,3,5,0.141396760940552,6,1,0.09370999163542583,0.17775594845790743,0.13506118822547616,0.05332806600816221,0.12487025168869265,0.2530520099357633
39,OnlineFPCA-adagrad,0.1,6100,100,face,3,5,0.145461320877075,6,1,0.0861631017064642,0.12038163879160055,0.2032764202789426,0.05095742806092017,0.12185475078466841,0.2430860714815431
39,OnlineFPCA-adagrad,0.1,6200,100,face,3,5,0.147498369216919,6,1,0.1967278736564743,0.2452603189154554,0.2231064407944322,0.047978244321762516,0.12043250446065588,0.23584345511214652
39,OnlineFPCA-adagrad,0.1,6300,100,face,3,5,0.145339727401733,6,1,0.16106276354968177,0.2094557625122764,0.24961699482033997,0.04486465573425579,0.12467520994587361,0.23009233294721254
39,OnlineFPCA-adagrad,0.1,6400,100,face,3,5,0.135990142822266,6,1,0.14857329977610623,0.17511077885579393,0.23678338081988143,0.041892786508750765,0.12348709082521314,0.22289133833761504
39,OnlineFPCA-adagrad,0.1,6500,100,face,3,5,0.147604703903198,6,1,0.06537387963437981,0.18878322523238733,0.21605901878896525,0.0404595894267182,0.11933967224642006,0.21982375053956876
39,OnlineFPCA-adagrad,0.1,6600,100,face,3,5,0.143466472625732,6,1,0.07646926647959773,0.11825137254722609,0.20544632675432084,0.03861657867642455,0.11811499561241429,0.2154929987706229
39,OnlineFPCA-adagrad,0.1,6700,100,face,3,5,0.149531841278076,6,1,0.1109461983108593,0.158832708032279,0.19284884610313727,0.03878875304429861,0.11507628676719753,0.20994572464002068
39,OnlineFPCA-adagrad,0.1,6800,100,face,3,5,0.140801906585693,6,1,0.11085279886672648,0.2052068072058846,0.2520248118490941,0.03739961544843571,0.11121035258911446,0.20424807122152844
39,OnlineFPCA-adagrad,0.1,6900,100,face,3,5,0.141461133956909,6,1,0.16214885434602408,0.17256945268396562,0.3922007314765928,0.037624472159395184,0.10784607305526626,0.20032391564187407
39,OnlineFPCA-adagrad,0.1,7000,100,face,3,5,0.146415710449219,6,1,0.08356014397694281,0.14571048690720623,0.30420128607674946,0.03808999494659676,0.10605571318133705,0.19709822492485038
39,OnlineFPCA-adagrad,0.1,7100,100,face,3,5,0.139573812484741,6,1,0.14529159074481665,0.1440197349993142,0.27416537452466605,0.03843959933866749,0.10510882195872304,0.19369822848121396
39,OnlineFPCA-adagrad,0.1,7200,100,face,3,5,0.139761209487915,6,1,0.17295571162806472,0.2062385096242555,0.26713558001775933,0.03834451238357361,0.10391647321787124,0.18892115461206935
39,OnlineFPCA-adagrad,0.1,7300,100,face,3,5,0.138865232467651,6,1,0.1353184674298629,0.18718320038610023,0.3616024414245604,0.04014162980495972,0.1013619639414363,0.18632776370191984
39,OnlineFPCA-adagrad,0.1,7400,100,face,3,5,0.139160633087158,6,1,0.17066505026624196,0.21748313424229837,0.39895407527874477,0.0392066208045949,0.10010783623468947,0.1850057092974818
39,OnlineFPCA-adagrad,0.1,7500,100,face,3,5,0.136883020401001,6,1,0.08309981830891816,0.14839538198242874,0.40814989707424393,0.03928723442555953,0.09762332687487629,0.18630014274296355
39,OnlineFPCA-adagrad,0.1,7600,100,face,3,5,0.136212110519409,6,1,0.09658524515933573,0.1406530346553518,0.3854007915502076,0.039635049866851665,0.09560444347856638,0.18742984545577301
39,OnlineFPCA-adagrad,0.1,7700,100,face,3,5,0.136587381362915,6,1,0.13857252665345632,0.15102228220129124,0.2743648395540086,0.039348379922955694,0.09427453199598641,0.1882583056458125
39,OnlineFPCA-adagrad,0.1,7800,100,face,3,5,0.140301704406738,6,1,0.16541891293871583,0.1901507797901124,0.3696040022574716,0.03778353603527864,0.09413141689749437,0.189718031247209
39,OnlineFPCA-adagrad,0.1,7900,100,face,3,5,0.132889986038208,6,1,0.1355243972098432,0.16771123663290005,0.23813624972093808,0.03480012771791357,0.09253407547035486,0.1896635253456075
39,OnlineFPCA-adagrad,0.1,8000,100,face,3,5,0.137345314025879,6,1,0.06677013625600366,0.12035782389023186,0.2339399066434136,0.03209259231923672,0.0907924654130973,0.18866805689407704
39,OnlineFPCA-adagrad,0.1,8100,100,face,3,5,0.139662981033325,6,1,0.11480974777930635,0.08813119419061823,0.29397905678367536,0.03094933244968735,0.08880625816482696,0.18770757051978282
39,OnlineFPCA-adagrad,0.1,8200,100,face,3,5,0.139583826065063,6,1,0.07083597881705135,0.1392748584720835,0.3019920913811377,0.029766301585546693,0.0878420020236539,0.18888653402193936
39,OnlineFPCA-adagrad,0.1,8300,100,face,3,5,0.131905555725098,6,1,0.10368209334080714,0.1823992371699446,0.41535337804925543,0.02892824091939522,0.08627991949468272,0.18986933479323936
39,OnlineFPCA-adagrad,0.1,8400,100,face,3,5,0.142721652984619,6,1,0.1452721306337008,0.20363702161710945,0.3363613738749972,0.029324155904883256,0.08500829931710384,0.19025287287547885
39,OnlineFPCA-adagrad,0.1,8500,100,face,3,5,0.14015793800354,6,1,0.11063118901151199,0.17605785345605326,0.24611803846963645,0.028478111973617038,0.08363511361767637,0.19007137901407742
39,OnlineFPCA-adagrad,0.1,8600,100,face,3,5,0.147388696670532,6,1,0.1064033284676241,0.17246614415965442,0.21618458227612522,0.028183083262525853,0.08250430470898709,0.19066252145490287
39,OnlineFPCA-adagrad,0.1,8700,100,face,3,5,0.146441459655762,6,1,0.14518243070493153,0.1688614005132644,0.3620330860640483,0.02961388417057641,0.0807706988334382,0.19103108440169228
39,OnlineFPCA-adagrad,0.1,8800,100,face,3,5,0.137123584747314,6,1,0.20744957420350696,0.16436360010669243,0.228716394754172,0.030734508918924777,0.07931869977478266,0.1895669576312084
39,OnlineFPCA-adagrad,0.1,8900,100,face,3,5,0.151923179626465,6,1,0.16440534057405234,0.1639356149089767,0.23650309819609086,0.030378283042605033,0.07849741432244763,0.1867188642214171
39,OnlineFPCA-adagrad,0.1,9000,100,face,3,5,0.139786005020142,6,1,0.11377666389467081,0.18610577204685946,0.3126965972371691,0.029452355071378816,0.07801257198532115,0.18319959112047737
39,OnlineFPCA-adagrad,0.1,9100,100,face,3,5,0.149063110351562,6,1,0.10127278124409493,0.33193460267828545,0.36498887488695864,0.029422773051117315,0.07822549500791173,0.17808493001928158
39,OnlineFPCA-adagrad,0.1,9200,100,face,3,5,0.139192819595337,6,1,0.11560685273901496,0.24934698501734062,0.2728995202024922,0.029506183343226355,0.07864974107124872,0.1741383145629949
39,OnlineFPCA-adagrad,0.1,9300,100,face,3,5,0.140394687652588,6,1,0.07765853336067088,0.12879948545741793,0.35547037362894546,0.02903764416105961,0.07868576324324775,0.17208853190279375
39,OnlineFPCA-adagrad,0.1,9400,100,face,3,5,0.142462730407715,6,1,0.1766052623040725,0.09153679782881029,0.2334432128077718,0.029068046077392582,0.07771958738661329,0.17229474589993624
39,OnlineFPCA-adagrad,0.1,9500,100,face,3,5,0.141443729400635,6,1,0.0873135290759138,0.19838622645143028,0.17118783484642786,0.029267958392797923,0.07783299339526141,0.1718418210091224
39,OnlineFPCA-adagrad,0.1,9600,100,face,3,5,0.138695001602173,6,1,0.17353840214242885,0.18104111944228451,0.14648624136275423,0.03079827616961357,0.07801993317334578,0.17050707750964697
39,OnlineFPCA-adagrad,0.1,9700,100,face,3,5,0.137566566467285,6,1,0.12122485218256067,0.1714571673500994,0.14936678723870647,0.03261749568278514,0.07793195466781166,0.16920932457087318
39,OnlineFPCA-adagrad,0.1,9800,100,face,3,5,0.139625787734985,6,1,0.08554793164338931,0.19377454682692177,0.3371387200131098,0.03349013154217786,0.07757065881241626,0.16934665849920263
39,OnlineFPCA-adagrad,0.1,9900,100,face,3,5,0.153815507888794,6,1,0.10419848054594336,0.11672275175550989,0.3708935896181987,0.033835260397177366,0.0774804092029378,0.17190020022783262
39,OnlineFPCA-adagrad,0.1,10000,100,face,3,5,0.141462802886963,6,1,0.1045622885951037,0.19766933994338057,0.4085726572155921,0.033874344308713625,0.07784461295323096,0.17468438424090635
39,OnlineFPCA-adagrad,0.1,10100,100,face,3,5,0.13555908203125,6,1,0.12934116266365808,0.12742691208787932,0.4822348814463065,0.03383961222437215,0.07808069659457695,0.17747419008169768
39,OnlineFPCA-adagrad,0.1,10200,100,face,3,5,0.133415937423706,6,1,0.10892690056306575,0.11391462084977977,0.2516121919565921,0.033427130258757425,0.07652702709699226,0.17853386086387893
39,OnlineFPCA-adagrad,0.1,10300,100,face,3,5,0.140939474105835,6,1,0.10755055075264862,0.15346778160233468,0.26348361102563583,0.03307013513555641,0.07521722591420163,0.17872738430924168
39,OnlineFPCA-adagrad,0.1,10400,100,face,3,5,0.144808053970337,6,1,0.12193377663276557,0.1686179614828112,0.33632914795207636,0.032744525083838474,0.07446698634572232,0.1791151112846883
39,OnlineFPCA-adagrad,0.1,10500,100,face,3,5,0.140444278717041,6,1,0.12477657207894319,0.24769759679920655,0.3226292192024387,0.032538683244867084,0.07455912166969189,0.18000561537479773
39,OnlineFPCA-adagrad,0.1,10600,100,face,3,5,0.138032913208008,6,1,0.11674377291238713,0.14784423135012517,0.20763548619735062,0.03175921990566374,0.0747196903405292,0.18017057069903059
39,OnlineFPCA-adagrad,0.1,10700,100,face,3,5,0.140135765075684,6,1,0.17055446038218716,0.1376233613180729,0.2701895129054112,0.03145833618539246,0.07498310461459176,0.180589956671963
39,OnlineFPCA-adagrad,0.1,10800,100,face,3,5,0.141464471817017,6,1,0.12825860387577073,0.09649929473646626,0.1645886036563489,0.031979148531980174,0.07503917153674007,0.1801562615801134
39,OnlineFPCA-adagrad,0.1,10900,100,face,3,5,0.141082763671875,6,1,0.16350658922960798,0.2021297054111593,0.24076222250011553,0.03181372324339209,0.07465181823971401,0.17890626193606027
39,OnlineFPCA-adagrad,0.1,11000,100,face,3,5,0.152481079101562,6,1,0.07478700173481746,0.17286507424445785,0.1402659282114802,0.03164854864941311,0.07439676658929852,0.17763754637066456
39,OnlineFPCA-adagrad,0.1,11100,100,face,3,5,0.142011880874634,6,1,0.0789144237242207,0.11424419523082696,0.17741141405295957,0.0312919470002184,0.07403549873145054,0.1758371967417267
39,OnlineFPCA-adagrad,0.1,11200,100,face,3,5,0.139519453048706,6,1,0.16577572434310747,0.2136659682473503,0.19407113709408494,0.031129959571028872,0.07380533124439055,0.17444283675740688
39,OnlineFPCA-adagrad,0.1,11300,100,face,3,5,0.142271995544434,6,1,0.14664102420267905,0.1943179019063472,0.20446146915846944,0.030906242779753488,0.0747832923112806,0.17298032855628762
39,OnlineFPCA-adagrad,0.1,11400,100,face,3,5,0.142138242721558,6,1,0.12546989656013613,0.1544534682088159,0.19554764308301092,0.030362905985799354,0.07458052478485581,0.17130027518725996
39,OnlineFPCA-adagrad,0.1,11500,100,face,3,5,0.142051696777344,6,1,0.042398212102495246,0.14913835662458297,0.18081864957887053,0.03025555820452843,0.07396687523480439,0.17023997902277463
39,OnlineFPCA-adagrad,0.1,11600,100,face,3,5,0.142157793045044,6,1,0.06656572957740772,0.10446709407129393,0.17693834835179278,0.02986374999943662,0.07412342093700539,0.16899958790838077
39,OnlineFPCA-adagrad,0.1,11700,100,face,3,5,0.139798402786255,6,1,0.09536475017480354,0.1334503214809207,0.16143729354607206,0.030169570460163116,0.07376207650371035,0.16742671294494024
39,OnlineFPCA-adagrad,0.1,11800,100,face,3,5,0.151790380477905,6,1,0.09273590234141683,0.15851017171502402,0.2019570320872845,0.030173962227677282,0.07305562120663017,0.1665010444353843
39,OnlineFPCA-adagrad,0.1,11900,100,face,3,5,0.139563798904419,6,1,0.1326311950743761,0.12943087761015595,0.32443471368896437,0.030336633994010258,0.07231950392656392,0.166424968783729
39,OnlineFPCA-adagrad,0.1,12000,100,face,3,5,0.144438505172729,6,1,0.08439011473082784,0.11476436291048059,0.23989512059069823,0.030466326503555307,0.07210990461977072,0.16643696263253058
39,OnlineFPCA-adagrad,0.1,12100,100,face,3,5,0.142768859863281,6,1,0.1197484961370716,0.11027368753686123,0.2112886192848129,0.0305657855509415,0.07195632755104028,0.1657496736686981
39,OnlineFPCA-adagrad,0.1,12200,100,face,3,5,0.134378433227539,6,1,0.14362512374913713,0.159842626475532,0.23707631007997482,0.03069107155093551,0.07165034937510788,0.16499853152220978
39,OnlineFPCA-adagrad,0.1,12300,100,face,3,5,0.140452146530151,6,1,0.09742691210558463,0.15921534717264196,0.2987445307298553,0.03145545627787033,0.07119224385853389,0.16517556296742109
39,OnlineFPCA-adagrad,0.1,12400,100,face,3,5,0.140963315963745,6,1,0.1470713828222822,0.18894261694738557,0.3364512971607295,0.031405490427316635,0.07100804904050849,0.16578764724189873
39,OnlineFPCA-adagrad,0.1,12500,100,face,3,5,0.140435457229614,6,1,0.06165781667541112,0.1362389759043978,0.351549494745928,0.03149447910647448,0.07036636885606445,0.16709720486464394
39,OnlineFPCA-adagrad,0.1,12600,100,face,3,5,0.144883632659912,6,1,0.07462876652779328,0.11186319806651614,0.35210910676415086,0.03154602367525683,0.06969152870222056,0.16823805773842043
39,OnlineFPCA-adagrad,0.1,12700,100,face,3,5,0.152776479721069,6,1,0.11973168482492463,0.123457132870973,0.26121454474498157,0.03139489418323392,0.0691044362407444,0.16910656721607495
39,OnlineFPCA-adagrad,0.1,12800,100,face,3,5,0.148165464401245,6,1,0.14511145482557838,0.1589656326841416,0.3383780932590526,0.030747152034195473,0.06906802138042929,0.1702122763463642
39,OnlineFPCA-adagrad,0.1,12900,100,face,3,5,0.141392946243286,6,1,0.11114155540219428,0.1338421129941331,0.22940116564226318,0.02955836256660888,0.06866237406476289,0.17064177383230567
39,OnlineFPCA-adagrad,0.1,13000,100,face,3,5,0.144105911254883,6,1,0.06088000590980898,0.1067527191424705,0.21295713430579896,0.028499373076334582,0.06815961280409534,0.17050261316058463
39,OnlineFPCA-adagrad,0.1,13100,100,face,3,5,0.141416072845459,6,1,0.10027173097580792,0.09095287400981265,0.25558009559790057,0.02797216521563094,0.06752723363047913,0.1702848669024516
39,OnlineFPCA-adagrad,0.1,13200,100,face,3,5,0.147118091583252,6,1,0.06320004126133141,0.10810640590569688,0.2750320696942855,0.0275309944084412,0.06727391028792633,0.17068685292540556
39,OnlineFPCA-adagrad,0.1,13300,100,face,3,5,0.14063286781311,6,1,0.08542353069301124,0.16090084959848447,0.37846327017748205,0.02739490707554205,0.06672133989835931,0.17109126037044584
39,OnlineFPCA-adagrad,0.1,13400,100,face,3,5,0.13406777381897,6,1,0.12885794405174472,0.17502096374442255,0.3148963948038678,0.027844866088247638,0.0661539193965518,0.17134652018794128
39,OnlineFPCA-adagrad,0.1,13500,100,face,3,5,0.141050100326538,6,1,0.10659699685004219,0.14964704447223673,0.2582344263516611,0.027813159476220563,0.06548731808109082,0.17153220395456284
39,OnlineFPCA-adagrad,0.1,13600,100,face,3,5,0.139139175415039,6,1,0.09818276680867583,0.15221305419640072,0.2237990952319077,0.027851742635969564,0.0649153323353182,0.17201109957363642
39,OnlineFPCA-adagrad,0.1,13700,100,face,3,5,0.141977071762085,6,1,0.12822050676994512,0.15901844304611876,0.3406623737590682,0.028466979698738525,0.06408990898408858,0.17254952648434785
39,OnlineFPCA-adagrad,0.1,13800,100,face,3,5,0.137553453445435,6,1,0.1782870661429372,0.1272787182821499,0.20958143650009442,0.02905302017898912,0.06342835494659119,0.1725112660189523
39,OnlineFPCA-adagrad,0.1,13900,100,face,3,5,0.136795043945312,6,1,0.14868914354847437,0.14027467212993652,0.2023347895753925,0.029100320425056437,0.06310489384410777,0.1718779131327911
39,OnlineFPCA-adagrad,0.1,14000,100,face,3,5,0.152113914489746,6,1,0.10087228015979353,0.1649688132124378,0.25329521966642604,0.02883323263735191,0.06306522293451844,0.17086798977853077
39,OnlineFPCA-adagrad,0.1,14100,100,face,3,5,0.142715930938721,6,1,0.09232761456675004,0.30402729941496703,0.29330594565207924,0.028901859737928776,0.06332006493951288,0.16913273558001
39,OnlineFPCA-adagrad,0.1,14200,100,face,3,5,0.152674436569214,6,1,0.11169246859766907,0.2426253900851808,0.2442777095274113,0.028972938051684247,0.06368952006041427,0.16763969545572208
39,OnlineFPCA-adagrad,0.1,14300,100,face,3,5,0.148918628692627,6,1,0.06992880101974512,0.08450169019059815,0.31673091468157344,0.028787736187794684,0.06389627537402559,0.16674679831819644
39,OnlineFPCA-adagrad,0.1,14400,100,face,3,5,0.143444776535034,6,1,0.15026271792373921,0.08724487456866735,0.21284738714485454,0.028773444490623915,0.06361570779648264,0.16677109078649482
39,OnlineFPCA-adagrad,0.1,14500,100,face,3,5,0.147984266281128,6,1,0.07546104743796012,0.17477413154607482,0.16831623073159377,0.02886771131561511,0.0639224266577996,0.16655619157986679
39,OnlineFPCA-adagrad,0.1,14600,100,face,3,5,0.143895626068115,6,1,0.15752898680982533,0.16944364565008865,0.13639334130594552,0.029597092425758555,0.06426935874712658,0.16586421098887705
39,OnlineFPCA-adagrad,0.1,14700,100,face,3,5,0.158833980560303,6,1,0.12179778478928102,0.16298052005995362,0.14361474021798054,0.030525093915414418,0.0644477029393963,0.1651502344964475
39,OnlineFPCA-adagrad,0.1,14800,100,face,3,5,0.148722171783447,6,1,0.08687200324904873,0.18044511755098974,0.2872520973900264,0.031046822395328896,0.06444073100101956,0.16506619777533263
39,OnlineFPCA-adagrad,0.1,14900,100,face,3,5,0.139372110366821,6,1,0.09137878367102295,0.10257802291212581,0.31716617999473573,0.03130517913823933,0.06458343409235043,0.16614554865435457
39,OnlineFPCA-adagrad,0.1,15000,100,face,3,5,0.141320705413818,6,1,0.09147290516973279,0.17698176009863725,0.34513314198006134,0.03140452880832909,0.06490490957215282,0.16733182688427645
39,OnlineFPCA-adagrad,0.1,0,100,face,3,5,6.4053201675415,6,2,0.13571165624240533,0.1863838381641178,0.3520904473894682,0.13571165624240533,0.1863838381641178,0.3520904473894682
39,OnlineFPCA-adagrad,0.1,100,100,face,3,5,0.46039605140686,6,2,1.8649432018257839,1.3383682088653022,1.6433079272520659,NA,NA,NA
39,OnlineFPCA-adagrad,0.1,200,100,face,3,5,0.43961238861084,6,2,0.5029852655083218,1.139166823459149,0.7135385515122281,NA,NA,NA
39,OnlineFPCA-adagrad,0.1,300,100,face,3,5,0.465386390686035,6,2,0.7352272526986064,0.6839605318508656,1.2201676130600911,NA,NA,NA
39,OnlineFPCA-adagrad,0.1,400,100,face,3,5,0.44104266166687,6,2,0.4758309938913825,0.7420407490654604,0.9484525445664543,NA,NA,NA
39,OnlineFPCA-adagrad,0.1,500,100,face,3,5,0.607177734375,6,2,0.6986680413578253,0.4460850280661545,0.9015704070827306,NA,NA,NA
39,OnlineFPCA-adagrad,0.1,600,100,face,3,5,0.458118677139282,6,2,0.6667992340160289,0.44575146607485333,0.9001294884403686,NA,NA,NA
39,OnlineFPCA-adagrad,0.1,700,100,face,3,5,0.449082374572754,6,2,0.42584847635779616,0.5902068272188441,0.9302045952300617,NA,NA,NA
39,OnlineFPCA-adagrad,0.1,800,100,face,3,5,0.445011854171753,6,2,0.407797063215043,0.579175066131097,0.9283694364093729,NA,NA,NA
39,OnlineFPCA-adagrad,0.1,900,100,face,3,5,0.46620512008667,6,2,0.3795966164035848,0.5643281425332588,0.9259190942279092,NA,NA,NA
39,OnlineFPCA-adagrad,0.1,1000,100,face,3,5,0.464921474456787,6,2,0.34760765485705314,0.5405201148923999,0.9243491238311605,NA,NA,NA
39,OnlineFPCA-adagrad,0.1,1100,100,face,3,5,0.680393934249878,6,2,0.13700075467141273,0.377259244835747,0.8179373038436386,0.13306513135457362,0.4070673069867602,0.882813385449708
39,OnlineFPCA-adagrad,0.1,1200,100,face,3,5,0.619918584823608,6,2,0.23798020416075302,0.2521261872474281,0.7842333270175276,0.12154913539666955,0.33792235075727756,0.8470587633655844
39,OnlineFPCA-adagrad,0.1,1300,100,face,3,5,0.66455078125,6,2,0.21800325010344695,0.3628199945462098,0.6697321230752431,0.10714396175256748,0.3289959289117863,0.8048329369474555
39,OnlineFPCA-adagrad,0.1,1400,100,face,3,5,0.669987916946411,6,2,0.14404511832598257,0.3813678006861538,0.5688555882505991,0.10841902946774401,0.3385972048107873,0.7601423576918445
39,OnlineFPCA-adagrad,0.1,1500,100,face,3,5,0.611677408218384,6,2,0.1341700664933709,0.32239273143946057,0.44136938184119523,0.08934971664842277,0.33257724662645716,0.6653383518766974
39,OnlineFPCA-adagrad,0.1,1600,100,face,3,5,0.639005422592163,6,2,0.12089248563182217,0.28381427231229134,0.4085080446611257,0.07622948902121245,0.32337500035538985,0.6177065294795289
39,OnlineFPCA-adagrad,0.1,1700,100,face,3,5,0.639271259307861,6,2,0.20091567421729847,0.3008667455504355,0.3553760953956657,0.06352241440197999,0.3167718094981486,0.5755927892132813
39,OnlineFPCA-adagrad,0.1,1800,100,face,3,5,0.669135093688965,6,2,0.117752412620759,0.2865708373026984,0.28131180154319774,0.058586573831077245,0.31019384747894474,0.5336595439327262
39,OnlineFPCA-adagrad,0.1,1900,100,face,3,5,0.667386770248413,6,2,0.26830251245642195,0.3033179364740507,0.29040841393956396,0.0545627442918869,0.3049743575323181,0.49694740515732116
39,OnlineFPCA-adagrad,0.1,2000,100,face,3,5,0.655401706695557,6,2,0.13397415556444597,0.30220564065005673,0.3485283635966636,0.05585643242235884,0.3022929312241781,0.4681770109669595
39,OnlineFPCA-adagrad,0.1,2100,100,face,3,5,0.643899440765381,6,2,0.2849710301522828,0.2564189372123737,0.2558877743299325,0.05182047316628375,0.2993026831469754,0.4484094257461669
39,OnlineFPCA-adagrad,0.1,2200,100,face,3,5,0.631848335266113,6,2,0.24082990086185602,0.3179398450858076,0.35947166274961495,0.043855578580672704,0.2941028465026161,0.4216371404281184
39,OnlineFPCA-adagrad,0.1,2300,100,face,3,5,0.628637075424194,6,2,0.34824371588453107,0.3071635977455811,0.3437692310499039,0.043715691263781414,0.2860682595570131,0.39081567906523856
39,OnlineFPCA-adagrad,0.1,2400,100,face,3,5,0.606796264648438,6,2,0.3622537967427421,0.3213963483274786,0.38887421407901346,0.04062255959761174,0.28119107567187773,0.3645866973716783
39,OnlineFPCA-adagrad,0.1,2500,100,face,3,5,0.613784790039062,6,2,0.1508477158344822,0.2645187305275273,0.3828683969627998,0.03944017355318787,0.2768941574917934,0.3418958221105153
39,OnlineFPCA-adagrad,0.1,2600,100,face,3,5,0.678697347640991,6,2,0.13293689657594554,0.2674854829784706,0.3461430267610835,0.03943865197825234,0.2740316428333579,0.3269920626293565
39,OnlineFPCA-adagrad,0.1,2700,100,face,3,5,0.695254564285278,6,2,0.15796213550898766,0.29709438932431215,0.3049995223344796,0.038271985204067424,0.2718965809991189,0.3176979689377831
39,OnlineFPCA-adagrad,0.1,2800,100,face,3,5,0.845418453216553,6,2,0.1852187689077099,0.28125866333364363,0.3680963070561524,0.03586404148681804,0.2675918843363758,0.3069541575314762
39,OnlineFPCA-adagrad,0.1,2900,100,face,3,5,0.706764459609985,6,2,0.16704124749907656,0.22907787697043414,0.21111099473257292,0.031482679149459014,0.26086961688526233,0.2970730531063219
39,OnlineFPCA-adagrad,0.1,3000,100,face,3,5,0.667131662368774,6,2,0.0798670537085135,0.18794104962046748,0.27808768819289237,0.026603325299767108,0.25454287747489546,0.29116750909794287
39,OnlineFPCA-adagrad,0.1,3100,100,face,3,5,0.752167940139771,6,2,0.13999896547393703,0.16458308074625086,0.34342851613388553,0.024881103529548133,0.24802352931123353,0.28614980455433486
39,OnlineFPCA-adagrad,0.1,3200,100,face,3,5,0.679063320159912,6,2,0.08281508799670567,0.24414800294701866,0.34436847814779625,0.02350385748080148,0.24273986710456022,0.2865365214684237
39,OnlineFPCA-adagrad,0.1,3300,100,face,3,5,0.682169198989868,6,2,0.13106568994297138,0.2621045926980022,0.4634053967545725,0.02132884083891651,0.23823990627661068,0.2885237275348055
39,OnlineFPCA-adagrad,0.1,3400,100,face,3,5,0.693017721176147,6,2,0.1698596387234008,0.2834942883323071,0.3751046835540616,0.019875463826611192,0.2357702492788771,0.28928453215134886
39,OnlineFPCA-adagrad,0.1,3500,100,face,3,5,0.709736585617065,6,2,0.10914134351054927,0.24251453856667982,0.22028672251774606,0.016301864616905103,0.23219373661119308,0.2860168032756462
39,OnlineFPCA-adagrad,0.1,3600,100,face,3,5,0.70806884765625,6,2,0.11513620451929411,0.23841219012149928,0.22630797310679387,0.015796845020027615,0.22881905117763696,0.2834667522749833
39,OnlineFPCA-adagrad,0.1,3700,100,face,3,5,0.690556287765503,6,2,0.1732377324903975,0.1985079145359522,0.3938718071994644,0.01835023436230018,0.22404216267078872,0.27727220367286365
39,OnlineFPCA-adagrad,0.1,3800,100,face,3,5,0.709219217300415,6,2,0.2547069846240054,0.24474202335640774,0.30577736913110765,0.021830659908998677,0.21822048685083106,0.26676266299197465
39,OnlineFPCA-adagrad,0.1,3900,100,face,3,5,0.716393232345581,6,2,0.18520372145687627,0.20651650899423007,0.33858512827556364,0.022896641055504176,0.21315948385833966,0.2547020358927256
39,OnlineFPCA-adagrad,0.1,4000,100,face,3,5,0.687000036239624,6,2,0.023190909420673367,0.20733635855530408,0.2416785226868134,0.023190909420673367,0.20733635855530408,0.2416785226868134
39,OnlineFPCA-adagrad,0.1,4100,100,face,3,5,0.715648412704468,6,2,0.09575443142802811,0.3450489308323544,0.15495850074001527,0.07155022469746761,0.2758236836625282,0.19815370077186628
39,OnlineFPCA-adagrad,0.1,4200,100,face,3,5,0.693227052688599,6,2,0.11101496511316813,0.23881172649012158,0.24547243031394894,0.09311450697938044,0.27650295711227757,0.1690466154073279
39,OnlineFPCA-adagrad,0.1,4300,100,face,3,5,0.700342655181885,6,2,0.09714785586561815,0.2364729455178499,0.35358235009622835,0.06522671923058691,0.22281199285506562,0.19293747934650676
39,OnlineFPCA-adagrad,0.1,4400,100,face,3,5,0.715187549591064,6,2,0.2350822260575454,0.11137597304754357,0.2833287734806049,0.0563491148851175,0.17311457871558356,0.2180873388785907
39,OnlineFPCA-adagrad,0.1,4500,100,face,3,5,0.691916465759277,6,2,0.1166479295937325,0.23027456252832101,0.15908499212523372,0.04924065268484166,0.15829791816313102,0.20915032148693635
39,OnlineFPCA-adagrad,0.1,4600,100,face,3,5,0.694968461990356,6,2,0.20646171867797106,0.21287490934708855,0.21794532871058475,0.05398324782566566,0.1432090818014594,0.19444520214117722
39,OnlineFPCA-adagrad,0.1,4700,100,face,3,5,0.710620403289795,6,2,0.11286288312832665,0.20633187496487929,0.20514723662226886,0.06580720558451575,0.13378503608688966,0.1826027762267097
39,OnlineFPCA-adagrad,0.1,4800,100,face,3,5,0.85184907913208,6,2,0.08571820450988571,0.22915042930299778,0.43586460961542606,0.06677510252791467,0.12868810994734517,0.1863890462630525
39,OnlineFPCA-adagrad,0.1,4900,100,face,3,5,0.701526403427124,6,2,0.13915433007460493,0.15180967136523563,0.46996012153342487,0.06372682931044008,0.12417834078656063,0.20322295437991256
39,OnlineFPCA-adagrad,0.1,5000,100,face,3,5,0.715759754180908,6,2,0.13045272847076297,0.23694007919048463,0.5333238054839364,0.05898201619725569,0.12386592781702517,0.2200569631136316
39,OnlineFPCA-adagrad,0.1,5100,100,face,3,5,0.144198894500732,6,2,0.17896731284510334,0.13524977613257694,0.6118271792672458,0.05900105027961771,0.12207145684271857,0.23973886853444637
39,OnlineFPCA-adagrad,0.1,5200,100,face,3,5,0.144575357437134,6,2,0.14315776006463976,0.14790908908411804,0.2978646903297574,0.05758428682257912,0.10924125820175204,0.2455840662687629
39,OnlineFPCA-adagrad,0.1,5300,100,face,3,5,0.145617961883545,6,2,0.12480712722514901,0.1746696756141009,0.3169114272889978,0.05813339066797086,0.10080289264674361,0.24525716566860845
39,OnlineFPCA-adagrad,0.1,5400,100,face,3,5,0.152340412139893,6,2,0.1377740512352176,0.18976506340463734,0.4063797448010225,0.058389715026126845,0.09695399109035462,0.24895736917082628
39,OnlineFPCA-adagrad,0.1,5500,100,face,3,5,0.152454376220703,6,2,0.14428401837009203,0.28432080834853457,0.3736082222828884,0.059640200107135055,0.09882371880471408,0.2555722370987726
39,OnlineFPCA-adagrad,0.1,5600,100,face,3,5,0.136838912963867,6,2,0.1288053411862861,0.1657791579243295,0.22554332542659605,0.05857819565706504,0.10030850116065562,0.25550727148105995
39,OnlineFPCA-adagrad,0.1,5700,100,face,3,5,0.138774156570435,6,2,0.2160972025416017,0.15165242392232478,0.30403712426086854,0.05730198622167839,0.10162498971963856,0.2559846223982231
39,OnlineFPCA-adagrad,0.1,5800,100,face,3,5,0.141579389572144,6,2,0.14711674683035814,0.08517500820057637,0.18557686170296966,0.058150112655752484,0.10166596091218982,0.25272539354880635
39,OnlineFPCA-adagrad,0.1,5900,100,face,3,5,0.150298833847046,6,2,0.1966371604249987,0.22828683375990186,0.2631192925684796,0.05534863937811884,0.09925943366788488,0.24671625875228068
39,OnlineFPCA-adagrad,0.1,6000,100,face,3,5,0.151404619216919,6,2,0.09334730651442444,0.17841717882769798,0.13657964783543786,0.05267610094144299,0.09833496967730236,0.24032301292648806
39,OnlineFPCA-adagrad,0.1,6100,100,face,3,5,0.137143850326538,6,2,0.08576345737335453,0.12324246900106087,0.20674330185169715,0.05032176806020955,0.09733968206942921,0.23080060029760321
39,OnlineFPCA-adagrad,0.1,6200,100,face,3,5,0.142292261123657,6,2,0.19662697700653647,0.24506367825203432,0.2251180779272035,0.047332594308320194,0.09696039622715567,0.22364416468863116
39,OnlineFPCA-adagrad,0.1,6300,100,face,3,5,0.147591590881348,6,2,0.16077776295954296,0.20878222998388085,0.24921937201821803,0.04422669698312826,0.10270431096218387,0.21773906490251763
39,OnlineFPCA-adagrad,0.1,6400,100,face,3,5,0.144041776657104,6,2,0.14836661201911217,0.17269650458532373,0.23741286088125108,0.04129716803847495,0.10160827233156909,0.2100819168030227
39,OnlineFPCA-adagrad,0.1,6500,100,face,3,5,0.139204740524292,6,2,0.06549343823509929,0.18747879997211797,0.21419694508293632,0.03987675491151939,0.09794933677500063,0.20720098052360944
39,OnlineFPCA-adagrad,0.1,6600,100,face,3,5,0.139919519424438,6,2,0.076683690453839,0.11627842575100365,0.20430460161726088,0.0380391193727764,0.0975669460242991,0.20296434115022324
39,OnlineFPCA-adagrad,0.1,6700,100,face,3,5,0.143415212631226,6,2,0.1112338557264588,0.15657105436862417,0.1928600785220467,0.03821219572347085,0.09479542268633674,0.19741796724444707
39,OnlineFPCA-adagrad,0.1,6800,100,face,3,5,0.137833595275879,6,2,0.11089599123063837,0.20327613290526905,0.2535703563331054,0.036820041573112694,0.0908640005885585,0.19186897650227747
39,OnlineFPCA-adagrad,0.1,6900,100,face,3,5,0.140163660049438,6,2,0.16236896077147167,0.17091519777849248,0.39502509213605613,0.037065731194689006,0.08739559905839954,0.18837742975976585
39,OnlineFPCA-adagrad,0.1,7000,100,face,3,5,0.13536548614502,6,2,0.08351978143748082,0.1430251783628862,0.30539520777001933,0.03754134495032942,0.08553097407094305,0.1854789617854174
39,OnlineFPCA-adagrad,0.1,7100,100,face,3,5,0.138713359832764,6,2,0.14530373085235399,0.14211322101376073,0.2750248310127315,0.03793479525126611,0.08448127626313573,0.18215849812270818
39,OnlineFPCA-adagrad,0.1,7200,100,face,3,5,0.145182609558105,6,2,0.17322538387239278,0.20480031002433724,0.2677893168927341,0.03785821939388723,0.08311045641908779,0.17739086735086496
39,OnlineFPCA-adagrad,0.1,7300,100,face,3,5,0.145759105682373,6,2,0.13523577414643576,0.18558195756541723,0.3633151439494628,0.03967166001463716,0.08092514665837228,0.1751835256562584
39,OnlineFPCA-adagrad,0.1,7400,100,face,3,5,0.143806934356689,6,2,0.17040549011830106,0.21637491757561145,0.4007449282599549,0.038726855121242056,0.08021441956405395,0.174422642801997
39,OnlineFPCA-adagrad,0.1,7500,100,face,3,5,0.139580011367798,6,2,0.08319240695554582,0.14780891961286455,0.41011862345768474,0.038829227458830204,0.0780578305385777,0.17644101133688292
39,OnlineFPCA-adagrad,0.1,7600,100,face,3,5,0.140264272689819,6,2,0.09655346910820108,0.13958321862710554,0.38701499716221854,0.03919578800961537,0.07638890745933506,0.17823235353072808
39,OnlineFPCA-adagrad,0.1,7700,100,face,3,5,0.145664930343628,6,2,0.13853267186177473,0.14987434961250712,0.27447145995591643,0.038926619866157315,0.07528896385898372,0.1794959004188685
39,OnlineFPCA-adagrad,0.1,7800,100,face,3,5,0.146052360534668,6,2,0.16545444295562156,0.18930049385202544,0.3710489967230962,0.037380644959861827,0.07573184572676556,0.18147717532909396
39,OnlineFPCA-adagrad,0.1,7900,100,face,3,5,0.142231941223145,6,2,0.1359651362628448,0.16730341085592726,0.23884803585316916,0.034409727437067994,0.07453134498729161,0.18185246438524102
39,OnlineFPCA-adagrad,0.1,8000,100,face,3,5,0.142433166503906,6,2,0.06676606133197958,0.11985435073293753,0.23472674384800998,0.0317116045170955,0.07300011994515034,0.18111467825980665
39,OnlineFPCA-adagrad,0.1,8100,100,face,3,5,0.145025491714478,6,2,0.11479021004397369,0.08741882043088166,0.2950634202058881,0.030582994479050853,0.07122198331292423,0.1804053866921511
39,OnlineFPCA-adagrad,0.1,8200,100,face,3,5,0.146332025527954,6,2,0.07074724680043426,0.1379725990981799,0.3026259102129425,0.029401509298683744,0.07045781670497957,0.18188776282605534
39,OnlineFPCA-adagrad,0.1,8300,100,face,3,5,0.145943403244019,6,2,0.10357656049493257,0.1813584573863403,0.4166560801995882,0.028559477146205374,0.06881900440386973,0.18308875124599264
39,OnlineFPCA-adagrad,0.1,8400,100,face,3,5,0.14136528968811,6,2,0.14509725536667303,0.2030430984398863,0.3373382385356686,0.028945622496718528,0.0674455223318179,0.1836694020492323
39,OnlineFPCA-adagrad,0.1,8500,100,face,3,5,0.13739538192749,6,2,0.11058868775414746,0.17529296083792306,0.24710742459465446,0.028091915575804594,0.06593589628580664,0.1837152432277647
39,OnlineFPCA-adagrad,0.1,8600,100,face,3,5,0.147760629653931,6,2,0.1065977188306057,0.17190156693998765,0.2167725523367787,0.02779505009144137,0.06480494238587227,0.18453535512062613
39,OnlineFPCA-adagrad,0.1,8700,100,face,3,5,0.142432451248169,6,2,0.14507424890073226,0.16874486717621065,0.36347817659833603,0.029236816009664452,0.06322585124040891,0.18521483771502906
39,OnlineFPCA-adagrad,0.1,8800,100,face,3,5,0.141166210174561,6,2,0.20750939661159856,0.16341311103195655,0.22984099074545933,0.0303552910488729,0.062070204651887936,0.1840398627438879
39,OnlineFPCA-adagrad,0.1,8900,100,face,3,5,0.146322965621948,6,2,0.16440355358210565,0.16343147723122878,0.2379713722698052,0.029985061956484108,0.06155175833759118,0.18138284186984588
39,OnlineFPCA-adagrad,0.1,9000,100,face,3,5,0.146013736724854,6,2,0.11379769365374065,0.18565445497874214,0.3144829594176093,0.029063565571159175,0.061599790397121615,0.17802641444243877
39,OnlineFPCA-adagrad,0.1,9100,100,face,3,5,0.141678333282471,6,2,0.10128031668417878,0.3316213417313949,0.36725598707163926,0.02904706154147962,0.062369931996727745,0.1729288291586171
39,OnlineFPCA-adagrad,0.1,9200,100,face,3,5,0.149867534637451,6,2,0.11569871124532902,0.24946443038236055,0.2738443582011783,0.029147851186462695,0.06351058074673549,0.16915028803528304
39,OnlineFPCA-adagrad,0.1,9300,100,face,3,5,0.150243759155273,6,2,0.07776758064136115,0.12802258460828106,0.35639891394126977,0.02869223570452073,0.06399395489213114,0.16727460210117873
39,OnlineFPCA-adagrad,0.1,9400,100,face,3,5,0.134121894836426,6,2,0.17676242112335952,0.09131732512537466,0.23378385733291987,0.02872575736192351,0.06324555393326221,0.16773394542600573
39,OnlineFPCA-adagrad,0.1,9500,100,face,3,5,0.143357276916504,6,2,0.08727568316791019,0.1981588934785918,0.17119469599356163,0.028928765739596737,0.06397506465017194,0.16742274868121382
39,OnlineFPCA-adagrad,0.1,9600,100,face,3,5,0.152621746063232,6,2,0.1736164420548942,0.18091149524948114,0.14642676389895262,0.0304622025269974,0.06456084694386546,0.1660949817793133
39,OnlineFPCA-adagrad,0.1,9700,100,face,3,5,0.14486837387085,6,2,0.1211666856101326,0.17127965066738443,0.14940322499786904,0.032286095603939066,0.06473780279435724,0.1647958609541511
39,OnlineFPCA-adagrad,0.1,9800,100,face,3,5,0.13946008682251,6,2,0.08544843552149388,0.1936765484183042,0.3382414434043427,0.03316674238773293,0.06461108430174776,0.16504562800076325
39,OnlineFPCA-adagrad,0.1,9900,100,face,3,5,0.139498472213745,6,2,0.1042729594183434,0.11650531753032392,0.37238488051992474,0.033518802823955605,0.0648937434748285,0.16781279115854872
39,OnlineFPCA-adagrad,0.1,10000,100,face,3,5,0.141091108322144,6,2,0.1045113186392332,0.1973798209043954,0.41067344977688575,0.03356288783968996,0.06562895251776125,0.1707409403107657
39,OnlineFPCA-adagrad,0.1,10100,100,face,3,5,0.135381937026978,6,2,0.12932474195313728,0.12715996160009743,0.48475079232933105,0.03353006749547616,0.06626200477961278,0.17366050720646298
39,OnlineFPCA-adagrad,0.1,10200,100,face,3,5,0.140599966049194,6,2,0.10883242502973071,0.11373226092580889,0.2532864848839499,0.03311655814334907,0.06489121189010973,0.17487359549463813
39,OnlineFPCA-adagrad,0.1,10300,100,face,3,5,0.141907691955566,6,2,0.10749323115901405,0.15310496679579141,0.2651252432883282,0.032766104245938614,0.06382357562680485,0.17522500563942764
39,OnlineFPCA-adagrad,0.1,10400,100,face,3,5,0.126553773880005,6,2,0.12190322741803533,0.16850132331428902,0.3381719849501899,0.03244638025029578,0.06340014788802802,0.1757505664296057
39,OnlineFPCA-adagrad,0.1,10500,100,face,3,5,0.128756523132324,6,2,0.1247619057875733,0.24754296364759285,0.3240842144699935,0.03224721805227843,0.06389347001763229,0.17677174265481943
39,OnlineFPCA-adagrad,0.1,10600,100,face,3,5,0.121070146560669,6,2,0.11673576095717156,0.14786780923273637,0.20903442158873187,0.031473791686246616,0.06439818402630862,0.17704464392670027
39,OnlineFPCA-adagrad,0.1,10700,100,face,3,5,0.133637428283691,6,2,0.1705968479191742,0.1376686737006101,0.2715853263771654,0.031179663472162857,0.06505863569653507,0.1775841712906953
39,OnlineFPCA-adagrad,0.1,10800,100,face,3,5,0.122780799865723,6,2,0.12822375401041297,0.09664805194481517,0.16540158614719586,0.03170345800704587,0.06550231013314334,0.17725611948137182
39,OnlineFPCA-adagrad,0.1,10900,100,face,3,5,0.128086805343628,6,2,0.16342890961789155,0.20205541030769872,0.24180575496262433,0.03153880472984645,0.06550089942428002,0.1760951308224638
39,OnlineFPCA-adagrad,0.1,11000,100,face,3,5,0.133007287979126,6,2,0.07474002413927941,0.17289338197110019,0.1409117709331238,0.031376841638185986,0.06547868370973865,0.17490689729038242
39,OnlineFPCA-adagrad,0.1,11100,100,face,3,5,0.121793031692505,6,2,0.07886251435670412,0.11439404614057667,0.17835892980250112,0.03102206124860083,0.06535136068653985,0.17316979861137935
39,OnlineFPCA-adagrad,0.1,11200,100,face,3,5,0.129939794540405,6,2,0.16570683554244484,0.21375921708638754,0.19531120537510058,0.030861895384917782,0.06525612475225023,0.1717976227158889
39,OnlineFPCA-adagrad,0.1,11300,100,face,3,5,0.121301651000977,6,2,0.14662027170170053,0.19450782361291427,0.20540131874427187,0.03064247297251689,0.06642261565252357,0.17031608970451292
39,OnlineFPCA-adagrad,0.1,11400,100,face,3,5,0.125387907028198,6,2,0.12547475892296464,0.1545137681353936,0.19662547878245792,0.030104479237224917,0.06620803598220502,0.16858202076989395
39,OnlineFPCA-adagrad,0.1,11500,100,face,3,5,0.128172397613525,6,2,0.04244239068570685,0.1490815673241172,0.1816912302055865,0.03000121739510473,0.06566834942074604,0.1675128920434149
39,OnlineFPCA-adagrad,0.1,11600,100,face,3,5,0.129881143569946,6,2,0.0666430277232388,0.10450985302440335,0.17759314593513176,0.02961126758601781,0.0659939302534015,0.16626348987865353
39,OnlineFPCA-adagrad,0.1,11700,100,face,3,5,0.134652853012085,6,2,0.09549991236301665,0.1333170415815962,0.1621321255716594,0.029920533500584046,0.06572357998401224,0.1646756249793858
39,OnlineFPCA-adagrad,0.1,11800,100,face,3,5,0.133512258529663,6,2,0.09271593707517736,0.1584090282265941,0.2027891392464077,0.029927705965990294,0.06505231250756723,0.16377529508305955
39,OnlineFPCA-adagrad,0.1,11900,100,face,3,5,0.126520156860352,6,2,0.13267765564534018,0.12937480902353318,0.3254654117663228,0.03009420980168696,0.06432919167027959,0.16376626998851948
39,OnlineFPCA-adagrad,0.1,12000,100,face,3,5,0.130695581436157,6,2,0.08439557850625556,0.11488377835686124,0.2406721630741306,0.030225079994452713,0.06416764985541454,0.1638383692461795
39,OnlineFPCA-adagrad,0.1,12100,100,face,3,5,0.124913930892944,6,2,0.11975251793611391,0.11031648959430959,0.21191252707338604,0.030330925063996747,0.06402333751710546,0.1631680923799322
39,OnlineFPCA-adagrad,0.1,12200,100,face,3,5,0.12024712562561,6,2,0.14373989098143716,0.1597239890869198,0.23768810891827966,0.030461006632450223,0.06369136947028148,0.16242944662869246
39,OnlineFPCA-adagrad,0.1,12300,100,face,3,5,0.125545978546143,6,2,0.09739884729140494,0.15921604074861095,0.2995765438308978,0.031230059413888483,0.06332053787548886,0.16266239137947933
39,OnlineFPCA-adagrad,0.1,12400,100,face,3,5,0.12870717048645,6,2,0.14701565108639192,0.18891497171831145,0.3374025643167127,0.031179919901023284,0.06325357327019848,0.16335673931064673
39,OnlineFPCA-adagrad,0.1,12500,100,face,3,5,0.13339900970459,6,2,0.061699732492259865,0.13638978790681644,0.3526071377183523,0.031272952165114234,0.06269710459526474,0.16477056507473328
39,OnlineFPCA-adagrad,0.1,12600,100,face,3,5,0.1321702003479,6,2,0.07460566382208159,0.1119449729536014,0.3530479786983677,0.03132745132582723,0.06209480802133406,0.16601241892671795
39,OnlineFPCA-adagrad,0.1,12700,100,face,3,5,0.136037349700928,6,2,0.11971564597598887,0.12335802039730584,0.2617136491736838,0.031179455251619227,0.06153803482179231,0.16694984631779233
39,OnlineFPCA-adagrad,0.1,12800,100,face,3,5,0.143862962722778,6,2,0.1451245820530534,0.15883007122273024,0.3391715529466295,0.030535035811504317,0.06160409484839978,0.16813642542078608
39,OnlineFPCA-adagrad,0.1,12900,100,face,3,5,0.142016410827637,6,2,0.11131549230762695,0.13387760618523165,0.23003899736700986,0.029348184133908703,0.06128395024300961,0.16863485775461404
39,OnlineFPCA-adagrad,0.1,13000,100,face,3,5,0.143205642700195,6,2,0.06089548137926698,0.1067730721034745,0.21366120458217022,0.028291129043907612,0.06083157901775387,0.16853643681593464
39,OnlineFPCA-adagrad,0.1,13100,100,face,3,5,0.140979528427124,6,2,0.10027756283737502,0.09105591450383659,0.2563439477287773,0.02776721295536339,0.06025169732022976,0.16835919688024503
39,OnlineFPCA-adagrad,0.1,13200,100,face,3,5,0.139632701873779,6,2,0.06316221375530381,0.10793955967078807,0.2757202931769776,0.027327859659602098,0.06004641178211676,0.16880430034111812
39,OnlineFPCA-adagrad,0.1,13300,100,face,3,5,0.145328283309937,6,2,0.08538586122236268,0.1607560353391638,0.3793893994339086,0.027193712121798063,0.05947619680590854,0.16923948644138992
39,OnlineFPCA-adagrad,0.1,13400,100,face,3,5,0.14801549911499,6,2,0.12879810547003623,0.17502937973097954,0.3158270934640324,0.027645553754777022,0.0588762373505522,0.16952868957244463
39,OnlineFPCA-adagrad,0.1,13500,100,face,3,5,0.14179801940918,6,2,0.1065482948833467,0.14951440128484123,0.25927396174880085,0.02761505813231247,0.058155784891684305,0.16975897425685113
39,OnlineFPCA-adagrad,0.1,13600,100,face,3,5,0.147487163543701,6,2,0.09823707167701172,0.15221359743495283,0.22467608409987844,0.02765485068262139,0.05755561682076486,0.1702838459188739
39,OnlineFPCA-adagrad,0.1,13700,100,face,3,5,0.138870477676392,6,2,0.1281977121323081,0.15909310360632797,0.3416048057117333,0.028272645708198825,0.056734059788414073,0.1708831414981667
39,OnlineFPCA-adagrad,0.1,13800,100,face,3,5,0.141621828079224,6,2,0.17830867442318601,0.12696874615796921,0.21015932834624648,0.02885933670311924,0.05611559344339001,0.1709076649536948
39,OnlineFPCA-adagrad,0.1,13900,100,face,3,5,0.149604558944702,6,2,0.14869679871019123,0.14007056136136345,0.20291743278875765,0.028904778944512214,0.05585038892838553,0.17032241606012755
39,OnlineFPCA-adagrad,0.1,14000,100,face,3,5,0.140787601470947,6,2,0.10087718006105091,0.16482028805526583,0.25388851348709596,0.02863909939718699,0.05593078102413216,0.1693530988750123
39,OnlineFPCA-adagrad,0.1,14100,100,face,3,5,0.139970302581787,6,2,0.09232523497314418,0.3039160014415073,0.2940973669453333,0.028711237090921698,0.05631079268941885,0.16762983656971478
39,OnlineFPCA-adagrad,0.1,14200,100,face,3,5,0.155268669128418,6,2,0.11172197373758343,0.24269518184351072,0.24469833822518075,0.02878668503701155,0.05684200333152404,0.16617127541239438
39,OnlineFPCA-adagrad,0.1,14300,100,face,3,5,0.141694068908691,6,2,0.0699811635468559,0.08421014074025607,0.3172158685337709,0.02860490525119646,0.057157035785735506,0.16530876145940168
39,OnlineFPCA-adagrad,0.1,14400,100,face,3,5,0.143869400024414,6,2,0.15034335718744204,0.08719108730631234,0.213057137128155,0.02859193964089775,0.0569239470576537,0.16537617712272132
39,OnlineFPCA-adagrad,0.1,14500,100,face,3,5,0.13718056678772,6,2,0.07545264383848664,0.1746948898714096,0.16836944064438328,0.028687495997812132,0.05739273364929672,0.1651833953142671
39,OnlineFPCA-adagrad,0.1,14600,100,face,3,5,0.151107788085938,6,2,0.15759411119361813,0.16941312540724685,0.13641905831073356,0.02941814616421536,0.057856793546553896,0.16448406968695947
39,OnlineFPCA-adagrad,0.1,14700,100,face,3,5,0.1444993019104,6,2,0.12179962823494314,0.16293355693630085,0.1436814598719895,0.0303476956500936,0.05811522476891387,0.16375946903324182
39,OnlineFPCA-adagrad,0.1,14800,100,face,3,5,0.137782335281372,6,2,0.086838274217539,0.18040463620200908,0.2877725333819655,0.030871694593630695,0.058176323052833906,0.16369014115246158
39,OnlineFPCA-adagrad,0.1,14900,100,face,3,5,0.139916896820068,6,2,0.09140747434240887,0.1025117006791982,0.3180012466281712,0.031132146238932214,0.058423964027551296,0.1648084159148897
39,OnlineFPCA-adagrad,0.1,15000,100,face,3,5,0.140787601470947,6,2,0.09145428118771089,0.17686141119691745,0.3463718881346282,0.03123315041923373,0.0588464090814606,0.1660194348053026
39,OnlineFPCA-adagrad,0.1,0,100,face,3,5,6.4053201675415,6,3,0.13571165624240533,1.3990713237722305,1.4174029949402176,0.13571165624240533,1.3990713237722305,1.4174029949402176
39,OnlineFPCA-adagrad,0.1,100,100,face,3,5,0.607166528701782,6,3,1.0194073922635587,1.119548514217572,1.280451313770745,NA,NA,NA
39,OnlineFPCA-adagrad,0.1,200,100,face,3,5,0.434783220291138,6,3,0.742261971447514,1.7376420622207487,1.471215650510931,NA,NA,NA
39,OnlineFPCA-adagrad,0.1,300,100,face,3,5,0.434717416763306,6,3,0.7352272526986064,1.7146900772672697,1.3103759219083786,NA,NA,NA
39,OnlineFPCA-adagrad,0.1,400,100,face,3,5,0.440391063690186,6,3,0.39380049133559025,1.666477714436361,1.6817178186388375,NA,NA,NA
39,OnlineFPCA-adagrad,0.1,500,100,face,3,5,0.444176197052002,6,3,0.5350183372673407,1.5608887078873284,1.7283265304386264,NA,NA,NA
39,OnlineFPCA-adagrad,0.1,600,100,face,3,5,0.458359241485596,6,3,0.5034402787136965,1.5637698130268467,1.7272071010652046,NA,NA,NA
39,OnlineFPCA-adagrad,0.1,700,100,face,3,5,0.443748235702515,6,3,0.4347643988104153,0.29306197683859336,0.4137730067750837,NA,NA,NA
39,OnlineFPCA-adagrad,0.1,800,100,face,3,5,0.446277618408203,6,3,0.3489121642639535,0.28621549202486896,0.4043181711542612,NA,NA,NA
39,OnlineFPCA-adagrad,0.1,900,100,face,3,5,0.462729692459106,6,3,0.25392879115949674,0.2767192168744109,0.3926592725794315,NA,NA,NA
39,OnlineFPCA-adagrad,0.1,1000,100,face,3,5,0.450313329696655,6,3,0.21095317448174208,0.2643085981967739,0.3822043299690585,NA,NA,NA
39,OnlineFPCA-adagrad,0.1,1100,100,face,3,5,0.61867356300354,6,3,0.13620868518636783,0.18499106898824005,0.31549612322610526,0.16828129757490393,0.2157491744155759,0.3451394300183053
39,OnlineFPCA-adagrad,0.1,1200,100,face,3,5,0.677262544631958,6,3,0.19663572352341951,0.16167086216212154,0.30806659885510335,0.14294332077599647,0.18435378939456037,0.3226874736047998
39,OnlineFPCA-adagrad,0.1,1300,100,face,3,5,0.625332593917847,6,3,0.7427887784075278,1.4365940699317405,1.3617994987149762,0.11185487956330492,0.35694401515242297,0.43242287265898427
39,OnlineFPCA-adagrad,0.1,1400,100,face,3,5,0.673511266708374,6,3,0.08878943547001357,0.20811977121432562,0.2363484755571011,0.10904640852425922,0.17582773468333907,0.28971272142124527
39,OnlineFPCA-adagrad,0.1,1500,100,face,3,5,0.619825124740601,6,3,0.30389505316767806,0.8094112568817398,0.8044595353196017,0.07118400969370117,0.21617692380432377,0.3136233364160913
39,OnlineFPCA-adagrad,0.1,1600,100,face,3,5,0.636059284210205,6,3,0.05797372272436567,0.18601011064629072,0.25304098359371235,0.05223608651558489,0.16796669021863378,0.27756623788243484
39,OnlineFPCA-adagrad,0.1,1700,100,face,3,5,0.66849946975708,6,3,0.05779667697063476,0.1900462980691709,0.24857321553955258,0.036564795016176856,0.1684677590110927,0.2726855130864255
39,OnlineFPCA-adagrad,0.1,1800,100,face,3,5,0.654977560043335,6,3,0.057207769436464904,0.18994843370911593,0.2425855286466974,0.026781817034958567,0.16915207053064035,0.26852145135225985
39,OnlineFPCA-adagrad,0.1,1900,100,face,3,5,0.632747173309326,6,3,0.04982230564158124,0.18952378731350777,0.24209951256741083,0.022274145199083658,0.17008714595559507,0.2650786554131678
39,OnlineFPCA-adagrad,0.1,2000,100,face,3,5,0.609047412872314,6,3,0.05315592650113437,0.18852238213010802,0.24431102814408084,0.02075097105035426,0.17119782725029262,0.26238037987344703
39,OnlineFPCA-adagrad,0.1,2100,100,face,3,5,0.63392972946167,6,3,0.3392188529714832,0.18836864618358712,0.19798304055729776,0.01808560226442876,0.17073994904259351,0.25493167606824924
39,OnlineFPCA-adagrad,0.1,2200,100,face,3,5,0.6089928150177,6,3,0.2827669122283081,0.33086881570241905,0.39221032291387764,0.020005326341922196,0.1719704226383867,0.24180500854520937
39,OnlineFPCA-adagrad,0.1,2300,100,face,3,5,0.599914312362671,6,3,0.3949684611976053,0.3181836537627042,0.4229019449679455,0.02482878992246546,0.1783171655620801,0.2332859953459255
39,OnlineFPCA-adagrad,0.1,2400,100,face,3,5,0.611411094665527,6,3,0.3833958346038878,0.3234081733814138,0.47864936538885944,0.021711636555580165,0.18501240048842593,0.22889229584245374
39,OnlineFPCA-adagrad,0.1,2500,100,face,3,5,0.609317779541016,6,3,0.21513056043877346,0.27475824807612576,0.5012751830353922,0.023481520782228215,0.18816913888349282,0.229985062197443
39,OnlineFPCA-adagrad,0.1,2600,100,face,3,5,0.682531118392944,6,3,0.14348001440661545,0.246044515604763,0.4067300442542764,0.022472267555126723,0.18943454380971453,0.23431677703734916
39,OnlineFPCA-adagrad,0.1,2700,100,face,3,5,0.676153659820557,6,3,0.15792605512030902,0.28052046042453055,0.3224417412190994,0.02148140274412644,0.19063029236731638,0.2360484393282716
39,OnlineFPCA-adagrad,0.1,2800,100,face,3,5,0.682505369186401,6,3,0.18398713641833048,0.2725540496684261,0.3950624544643021,0.017673015855683566,0.18954249395195158,0.2377851396596057
39,OnlineFPCA-adagrad,0.1,2900,100,face,3,5,0.658112049102783,6,3,0.1670787988240767,0.22466926185708874,0.21301446623434558,0.013803698172051905,0.18629796231131124,0.23589669002586414
39,OnlineFPCA-adagrad,0.1,3000,100,face,3,5,0.674587726593018,6,3,0.08071355971888192,0.16875651860622992,0.2574897921862645,0.012414635818534327,0.18293852500566138,0.23077604433192841
39,OnlineFPCA-adagrad,0.1,3100,100,face,3,5,0.677670240402222,6,3,0.13796823783271223,0.08624345776273677,0.3237091855225336,0.011193115831600924,0.17811888476281523,0.22474791505573077
39,OnlineFPCA-adagrad,0.1,3200,100,face,3,5,0.715794563293457,6,3,0.08034337172538664,0.17815961968948843,0.31206596301117207,0.014899497869788331,0.17236945998476452,0.2231697594496161
39,OnlineFPCA-adagrad,0.1,3300,100,face,3,5,0.735165357589722,6,3,0.12926445090011726,0.214555505212,0.4482005826247497,0.01648540832033867,0.16809094485932566,0.22239580574273804
39,OnlineFPCA-adagrad,0.1,3400,100,face,3,5,0.706412553787231,6,3,0.16827386277044196,0.247443693919568,0.3479035628222297,0.019726803972589742,0.16476590951927733,0.2200928385905838
39,OnlineFPCA-adagrad,0.1,3500,100,face,3,5,0.689234972000122,6,3,0.11085007833823828,0.2142305707473525,0.20589778991627022,0.02000000194987138,0.16078496206722495,0.21761193642517265
39,OnlineFPCA-adagrad,0.1,3600,100,face,3,5,0.705426454544067,6,3,0.11726703252263862,0.22143719541170104,0.20730241894101015,0.021064156259814896,0.15838126883089296,0.21734778133154364
39,OnlineFPCA-adagrad,0.1,3700,100,face,3,5,0.704841136932373,6,3,0.1734880985025179,0.1885966215109013,0.3954242258871485,0.021867074194765253,0.15599618907393759,0.21691618591780568
39,OnlineFPCA-adagrad,0.1,3800,100,face,3,5,0.709963798522949,6,3,0.25329794240385994,0.22653302893049224,0.3026263957522405,0.02464416300400435,0.15188080909215068,0.212832609518673
39,OnlineFPCA-adagrad,0.1,3900,100,face,3,5,0.695392608642578,6,3,0.18604743275671878,0.19849139581788205,0.34171473422993476,0.027375913603191762,0.14712698448506,0.2056673766087405
39,OnlineFPCA-adagrad,0.1,4000,100,face,3,5,0.668736219406128,6,3,0.029540069028271557,0.14317360604780022,0.19851133227991413,0.029540069028271557,0.14317360604780022,0.19851133227991413
39,OnlineFPCA-adagrad,0.1,4100,100,face,3,5,0.698346138000488,6,3,0.09473894732258434,0.3380559922122747,0.12734977349703963,0.06936038434948877,0.2420644383043195,0.15769371171267496
39,OnlineFPCA-adagrad,0.1,4200,100,face,3,5,0.688806295394897,6,3,0.10739717433471879,0.23404491711207354,0.27353285977795566,0.09024371622616437,0.2580530434632095,0.17655472262033098
39,OnlineFPCA-adagrad,0.1,4300,100,face,3,5,0.684080600738525,6,3,0.0984134304617233,0.22667055730835872,0.3740182973779981,0.06183219976516668,0.19672773774517305,0.2155654895986116
39,OnlineFPCA-adagrad,0.1,4400,100,face,3,5,0.706054210662842,6,3,0.23563741570177071,0.10883735926141969,0.28770351634330177,0.05437742021175161,0.14210120309157098,0.2402077336243117
39,OnlineFPCA-adagrad,0.1,4500,100,face,3,5,0.848703622817993,6,3,0.11722917045645836,0.23482201599958896,0.16821792890630924,0.04795972578743521,0.1353246250607942,0.22113743450237663
39,OnlineFPCA-adagrad,0.1,4600,100,face,3,5,0.68897557258606,6,3,0.20654473809815296,0.2214006273511096,0.22248400084335926,0.053418861496003334,0.12755720799133655,0.20019714967901753
39,OnlineFPCA-adagrad,0.1,4700,100,face,3,5,0.677382707595825,6,3,0.11350719857071682,0.21952058677100816,0.21437282325532947,0.0650377677695467,0.1263988892913097,0.18750746940786278
39,OnlineFPCA-adagrad,0.1,4800,100,face,3,5,0.714328765869141,6,3,0.08427243280347278,0.23180757873431454,0.4403341014978437,0.06599278033446207,0.12601843662934262,0.1913190424751303
39,OnlineFPCA-adagrad,0.1,4900,100,face,3,5,0.688612937927246,6,3,0.13865611617342816,0.15628237893388175,0.47364606317774516,0.06250855757057956,0.12362503730136346,0.2074463209305265
39,OnlineFPCA-adagrad,0.1,5000,100,face,3,5,0.694705009460449,6,3,0.1294635520766445,0.23829282170507152,0.5372291350333107,0.05728778694735288,0.12388535293722716,0.2218560195365171
39,OnlineFPCA-adagrad,0.1,5100,100,face,3,5,0.145540475845337,6,3,0.17860331245313898,0.13566275644846382,0.6151300885500185,0.05682280769408828,0.1223059582416041,0.2387225896454562
39,OnlineFPCA-adagrad,0.1,5200,100,face,3,5,0.143297672271729,6,3,0.14226879503803272,0.14422318665804099,0.2985520277523474,0.05506220809386465,0.11012445251515103,0.2437208094190656
39,OnlineFPCA-adagrad,0.1,5300,100,face,3,5,0.134373426437378,6,3,0.1244570828987872,0.1665619821545627,0.3172999636919423,0.055282076865913146,0.10191618255517973,0.24321242766496576
39,OnlineFPCA-adagrad,0.1,5400,100,face,3,5,0.142391920089722,6,3,0.1374557359468966,0.1869660443776531,0.4076812637110776,0.0555004380020849,0.09835610531303891,0.2465582828510526
39,OnlineFPCA-adagrad,0.1,5500,100,face,3,5,0.142415523529053,6,3,0.14438028331444436,0.2834455219238016,0.37710194890204446,0.056758902242517444,0.10003987930914349,0.2527592081567605
39,OnlineFPCA-adagrad,0.1,5600,100,face,3,5,0.140554666519165,6,3,0.1289354506691336,0.16709302184267633,0.225313711948997,0.05574116005741178,0.10136593694443216,0.2524296941687625
39,OnlineFPCA-adagrad,0.1,5700,100,face,3,5,0.142186880111694,6,3,0.2163563161951427,0.14814963227285963,0.3026435636104184,0.05464862652327727,0.10313518329937993,0.2532996850700979
39,OnlineFPCA-adagrad,0.1,5800,100,face,3,5,0.136332511901855,6,3,0.14693476631577224,0.07361280958971742,0.18567150210693414,0.05576124429325462,0.10321383395389964,0.25018037355389433
39,OnlineFPCA-adagrad,0.1,5900,100,face,3,5,0.141406536102295,6,3,0.1969505278053137,0.22622743187418443,0.26155398869672486,0.05307625468555722,0.10089293796639381,0.24415639825084734
39,OnlineFPCA-adagrad,0.1,6000,100,face,3,5,0.143301248550415,6,3,0.09342905555630522,0.1775571692838445,0.1352833457716534,0.05048825706145045,0.09970215775170106,0.23793880538640233
39,OnlineFPCA-adagrad,0.1,6100,100,face,3,5,0.146390438079834,6,3,0.0860832586120718,0.11988074186998267,0.20556375428560186,0.04826774938047283,0.09832426466386386,0.2285896128576971
39,OnlineFPCA-adagrad,0.1,6200,100,face,3,5,0.140527963638306,6,3,0.19683948275082472,0.24459033991681775,0.22610431905628756,0.04541773195545034,0.09752790644935032,0.22157572987572574
39,OnlineFPCA-adagrad,0.1,6300,100,face,3,5,0.132896423339844,6,3,0.160591510694406,0.207838196010081,0.24822538799316818,0.042478747010444656,0.10283041055028642,0.21552269610345592
39,OnlineFPCA-adagrad,0.1,6400,100,face,3,5,0.139632701873779,6,3,0.1482425522018107,0.1700828933986794,0.2345347187914798,0.03962652929999529,0.10149565398475388,0.2078983888294365
39,OnlineFPCA-adagrad,0.1,6500,100,face,3,5,0.148176431655884,6,3,0.06529378294053051,0.18859346768653035,0.21687620401374372,0.03833553670460696,0.09804204823045973,0.20536532600351923
39,OnlineFPCA-adagrad,0.1,6600,100,face,3,5,0.287525653839111,6,3,0.07697303642615572,0.12005948860374473,0.20767604881253574,0.03663013797626085,0.09794528152549413,0.20137689001761003
39,OnlineFPCA-adagrad,0.1,6700,100,face,3,5,0.138200283050537,6,3,0.11134650735477927,0.1572848724988374,0.19337960019150008,0.03695995618959242,0.09551327065675556,0.1960218700753913
39,OnlineFPCA-adagrad,0.1,6800,100,face,3,5,0.134973526000977,6,3,0.11067672500115021,0.20497692809371787,0.25478731929188064,0.03569987687681488,0.09186205232369746,0.19084999774232184
39,OnlineFPCA-adagrad,0.1,6900,100,face,3,5,0.141309499740601,6,3,0.16237438413875535,0.17067630059436037,0.3955744166117251,0.03604303548436304,0.0885941438928793,0.1877841705539122
39,OnlineFPCA-adagrad,0.1,7000,100,face,3,5,0.144053936004639,6,3,0.08353960953193494,0.1331885744312304,0.30201463871315365,0.0365623241638986,0.08639930571693621,0.18498422138082973
39,OnlineFPCA-adagrad,0.1,7100,100,face,3,5,0.133316278457642,6,3,0.1454523655138983,0.14195922040104642,0.2754752153945829,0.03694402912791454,0.08491220126965358,0.18150485587025667
39,OnlineFPCA-adagrad,0.1,7200,100,face,3,5,0.121306180953979,6,3,0.1737758275267919,0.20880403790480942,0.27137924226286153,0.03692161127393359,0.08339548590817722,0.17693068422281696
39,OnlineFPCA-adagrad,0.1,7300,100,face,3,5,0.127108812332153,6,3,0.135211367021794,0.18473035240586433,0.36293590552994587,0.038805835394196894,0.081982451426977,0.17556330731574205
39,OnlineFPCA-adagrad,0.1,7400,100,face,3,5,0.133511066436768,6,3,0.17044036457484188,0.21746477816324186,0.4014716402802357,0.03790117126013301,0.08175797319722582,0.1755067042738057
39,OnlineFPCA-adagrad,0.1,7500,100,face,3,5,0.147366762161255,6,3,0.08328357166447428,0.1486416537883003,0.4105740719839517,0.03801743341750416,0.07991549072693495,0.1781120170095603
39,OnlineFPCA-adagrad,0.1,7600,100,face,3,5,0.146880865097046,6,3,0.09662195514222967,0.1367243723075887,0.3863814145574797,0.038381576467192736,0.07844568758021006,0.18028497697735452
39,OnlineFPCA-adagrad,0.1,7700,100,face,3,5,0.135396957397461,6,3,0.13845219385783303,0.14848488042940938,0.27329486498188577,0.03809069395325839,0.07732284606636491,0.18171265756845
39,OnlineFPCA-adagrad,0.1,7800,100,face,3,5,0.141464233398438,6,3,0.16552097135806995,0.1870664033947267,0.37147286828916654,0.036535915344397034,0.07773362749065102,0.18388955583385297
39,OnlineFPCA-adagrad,0.1,7900,100,face,3,5,0.127341270446777,6,3,0.1365484771676417,0.16604580710733036,0.23876454334336697,0.03354455206798384,0.07650300979834967,0.18436422836263897
39,OnlineFPCA-adagrad,0.1,8000,100,face,3,5,0.131935596466064,6,3,0.0670399649007943,0.11886224636369887,0.2343283879312945,0.03084752164982407,0.07484092675095778,0.18352081999084202
39,OnlineFPCA-adagrad,0.1,8100,100,face,3,5,0.134995460510254,6,3,0.11499091485695026,0.07246168614129148,0.29070207204708465,0.02973737835441833,0.07279401379994097,0.18259023999979127
39,OnlineFPCA-adagrad,0.1,8200,100,face,3,5,0.135621547698975,6,3,0.07000199354008303,0.11915588958855017,0.29627073113856345,0.02857415732263186,0.0715268819656267,0.18365190595572028
39,OnlineFPCA-adagrad,0.1,8300,100,face,3,5,0.1375732421875,6,3,0.10271755541945002,0.1721622498105465,0.4142558712951475,0.027784738502112227,0.06963254002081866,0.18450005139356418
39,OnlineFPCA-adagrad,0.1,8400,100,face,3,5,0.145108938217163,6,3,0.14434123752968395,0.1958086879554116,0.332045077334295,0.02825596367603639,0.06736217185285347,0.18452658044978476
39,OnlineFPCA-adagrad,0.1,8500,100,face,3,5,0.147913932800293,6,3,0.11056901233795333,0.17008313024529534,0.24635980470160848,0.027472958650940574,0.0654385565701115,0.18439013714835845
39,OnlineFPCA-adagrad,0.1,8600,100,face,3,5,0.139906644821167,6,3,0.10695137005978585,0.16796038429641066,0.21431857903920054,0.027245850869786998,0.06400369022973915,0.18509358740034107
39,OnlineFPCA-adagrad,0.1,8700,100,face,3,5,0.146183729171753,6,3,0.14546857394329207,0.16829441557473407,0.3640307486897961,0.028724339907503563,0.061989930050675206,0.1856895041280935
39,OnlineFPCA-adagrad,0.1,8800,100,face,3,5,0.13965892791748,6,3,0.20718315470076212,0.15881903438443368,0.22919473679085192,0.029873561122985014,0.06055102966378121,0.1845601797494105
39,OnlineFPCA-adagrad,0.1,8900,100,face,3,5,0.138984680175781,6,3,0.16478532158217774,0.1628631984293256,0.23791834595750053,0.029568365130829045,0.05967668295368706,0.18195718223466115
39,OnlineFPCA-adagrad,0.1,9000,100,face,3,5,0.149864912033081,6,3,0.11409811421471977,0.18380214598992853,0.3140258706539938,0.02870964572599609,0.05985038592675723,0.17878655688059047
39,OnlineFPCA-adagrad,0.1,9100,100,face,3,5,0.142952680587769,6,3,0.10142189517599831,0.33096287029455373,0.3669173675798146,0.028739691065451062,0.060818961650427834,0.173904287509196
39,OnlineFPCA-adagrad,0.1,9200,100,face,3,5,0.141623497009277,6,3,0.11573158104389893,0.25022402111386305,0.27291989172647935,0.028873715731629036,0.06264270471154765,0.1704369605267423
39,OnlineFPCA-adagrad,0.1,9300,100,face,3,5,0.13873815536499,6,3,0.07795117089663006,0.1289962101663922,0.35692298303191794,0.028438563115565123,0.06327601320310568,0.16871803633212762
39,OnlineFPCA-adagrad,0.1,9400,100,face,3,5,0.140354633331299,6,3,0.17736222624711576,0.09365760335865415,0.23423484413632467,0.02851333081549892,0.06247180206201803,0.16925519405146072
39,OnlineFPCA-adagrad,0.1,9500,100,face,3,5,0.140721321105957,6,3,0.08718957954725892,0.20072731705144728,0.17672409479533688,0.028746110879915538,0.06350107809787782,0.16906325713816944
39,OnlineFPCA-adagrad,0.1,9600,100,face,3,5,0.136253833770752,6,3,0.1742185001446365,0.1874902067482374,0.15723074230054468,0.030314701897571447,0.06436625548329342,0.16781108129763084
39,OnlineFPCA-adagrad,0.1,9700,100,face,3,5,0.140923976898193,6,3,0.12183112133992303,0.18152952471946815,0.15975910129991483,0.03215002974943685,0.06491811406883373,0.1666311580048067
39,OnlineFPCA-adagrad,0.1,9800,100,face,3,5,0.139023303985596,6,3,0.08461403607897414,0.19695141016338794,0.34056306628621136,0.03303039688008712,0.06509008972676429,0.16694625173583091
39,OnlineFPCA-adagrad,0.1,9900,100,face,3,5,0.146321535110474,6,3,0.1039056643721118,0.12030460448218655,0.37459655179999446,0.03336139537560185,0.06555932054339911,0.1697284728701475
39,OnlineFPCA-adagrad,0.1,10000,100,face,3,5,0.142315864562988,6,3,0.10372596969311453,0.19908111437390624,0.41383252496867257,0.033381918565586116,0.06636944954509372,0.17259837168895936
39,OnlineFPCA-adagrad,0.1,10100,100,face,3,5,0.138743162155151,6,3,0.12907704134577175,0.12683082863526327,0.48815721813006985,0.03331806543751418,0.06696603647270816,0.17539428160111856
39,OnlineFPCA-adagrad,0.1,10200,100,face,3,5,0.146064758300781,6,3,0.10826444764752542,0.11147615293776583,0.2542984019470206,0.03287337649724493,0.06571797862081673,0.17658084982981817
39,OnlineFPCA-adagrad,0.1,10300,100,face,3,5,0.135934829711914,6,3,0.10730627629356017,0.14841194994479245,0.26607284699712774,0.032478544381039934,0.06474158248077301,0.17692899021691078
39,OnlineFPCA-adagrad,0.1,10400,100,face,3,5,0.14083194732666,6,3,0.12180014959462317,0.16644175176809822,0.33952826269497044,0.032127821894242334,0.06437711757072856,0.17744471468379125
39,OnlineFPCA-adagrad,0.1,10500,100,face,3,5,0.138821601867676,6,3,0.12487571725101516,0.24686766794027193,0.326668199478472,0.03189840936730896,0.06484038843929779,0.17840992358322608
39,OnlineFPCA-adagrad,0.1,10600,100,face,3,5,0.130424976348877,6,3,0.1168693727478328,0.14848336254925992,0.20954823915598428,0.031098866031211442,0.06530701293036575,0.17861707793620163
39,OnlineFPCA-adagrad,0.1,10700,100,face,3,5,0.141574621200562,6,3,0.17074628710486003,0.13581247851297817,0.27096018257970095,0.03080062653903654,0.0659902023288705,0.1791321871818473
39,OnlineFPCA-adagrad,0.1,10800,100,face,3,5,0.136946678161621,6,3,0.12812997157786182,0.09094666999997575,0.1656217031490295,0.03133333084933305,0.06642697658627322,0.17877326255298737
39,OnlineFPCA-adagrad,0.1,10900,100,face,3,5,0.141724109649658,6,3,0.16365918937022925,0.200204529968269,0.24085155724418686,0.031176958526129405,0.06642733202015623,0.17757663010492253
39,OnlineFPCA-adagrad,0.1,11000,100,face,3,5,0.141210317611694,6,3,0.07482561401398756,0.1725215049665807,0.1403279013588819,0.031015505750608647,0.06638847314785411,0.17636551760088928
39,OnlineFPCA-adagrad,0.1,11100,100,face,3,5,0.141851902008057,6,3,0.07923181083334037,0.11190377389601051,0.17746018497417063,0.030667019582165337,0.06620100678131308,0.17460677567689495
39,OnlineFPCA-adagrad,0.1,11200,100,face,3,5,0.142178297042847,6,3,0.16589834881130008,0.2133015414586574,0.19604305919938417,0.03052226746953169,0.06597709023642169,0.17318890760170177
39,OnlineFPCA-adagrad,0.1,11300,100,face,3,5,0.137085914611816,6,3,0.14671717993625302,0.194479563483121,0.20600329478922938,0.030322751774929713,0.06698069034409598,0.17164029740921144
39,OnlineFPCA-adagrad,0.1,11400,100,face,3,5,0.152858257293701,6,3,0.12552899258012729,0.15414056155384045,0.19585279635731967,0.029792659116477355,0.06669799348847685,0.16987806852577492
39,OnlineFPCA-adagrad,0.1,11500,100,face,3,5,0.136934518814087,6,3,0.042353215577119886,0.1496447155027513,0.18296375287983205,0.029700720788303804,0.06622041752602777,0.1688381853571685
39,OnlineFPCA-adagrad,0.1,11600,100,face,3,5,0.142596960067749,6,3,0.06672574170294794,0.10614028317588613,0.17943401775603246,0.02932633459518687,0.06660348646170602,0.1676138075134742
39,OnlineFPCA-adagrad,0.1,11700,100,face,3,5,0.147465944290161,6,3,0.09559369912188084,0.13375732779037375,0.1622837468460727,0.029652040345731774,0.06642670533328496,0.16605805089716594
39,OnlineFPCA-adagrad,0.1,11800,100,face,3,5,0.141359090805054,6,3,0.0926103436668785,0.1591109585824956,0.20308276323267893,0.029675021096247436,0.06580957317871684,0.16517449980865864
39,OnlineFPCA-adagrad,0.1,11900,100,face,3,5,0.139516830444336,6,3,0.132700486640823,0.1284646715656985,0.325416974002235,0.029852637855892757,0.06511570528373731,0.16517034569186115
39,OnlineFPCA-adagrad,0.1,12000,100,face,3,5,0.140134572982788,6,3,0.08439229348330442,0.10795660704609258,0.23805932339963431,0.029987039456909493,0.06489065344596785,0.1652043822654132
39,OnlineFPCA-adagrad,0.1,12100,100,face,3,5,0.132687330245972,6,3,0.11983744811852162,0.10889879948724045,0.21136943791338933,0.030086974322701784,0.0646565894480424,0.16447709166100904
39,OnlineFPCA-adagrad,0.1,12200,100,face,3,5,0.138408660888672,6,3,0.1438507013536357,0.16107025375959594,0.23881252980866166,0.030220024914024503,0.06427094805313904,0.1637213667841345
39,OnlineFPCA-adagrad,0.1,12300,100,face,3,5,0.140830516815186,6,3,0.0973482603558537,0.15812243375976648,0.2988147674809403,0.030992309163212817,0.0640144905045428,0.16401552980133507
39,OnlineFPCA-adagrad,0.1,12400,100,face,3,5,0.140400648117065,6,3,0.14698772628922044,0.18909299433177088,0.3375291920600424,0.03094755172459575,0.06399832856110102,0.1647479952898644
39,OnlineFPCA-adagrad,0.1,12500,100,face,3,5,0.134801387786865,6,3,0.061760151674195074,0.13646754510081924,0.3526326655027632,0.031039293202384206,0.06347317090438272,0.1661892164191937
39,OnlineFPCA-adagrad,0.1,12600,100,face,3,5,0.143204689025879,6,3,0.07464344363994066,0.11019292771163196,0.35264270415719173,0.03108907095386071,0.06289715526097889,0.16744952092610355
39,OnlineFPCA-adagrad,0.1,12700,100,face,3,5,0.147154569625854,6,3,0.1196663011006687,0.12230974041544658,0.26084761556195496,0.030932714644292675,0.062330099793502285,0.16838589237613644
39,OnlineFPCA-adagrad,0.1,12800,100,face,3,5,0.143476247787476,6,3,0.1451550109558725,0.15753938090531028,0.3392672381714939,0.030284312985523622,0.06238245872343933,0.16958020191711207
39,OnlineFPCA-adagrad,0.1,12900,100,face,3,5,0.137648582458496,6,3,0.1116639976317552,0.13276088530942742,0.2297769052155369,0.02909636302594092,0.062063317841822924,0.17008041831904508
39,OnlineFPCA-adagrad,0.1,13000,100,face,3,5,0.130352735519409,6,3,0.06111462527047448,0.1059525013773068,0.21328019938415121,0.028042102891415618,0.06158418387850634,0.16995291245066957
39,OnlineFPCA-adagrad,0.1,13100,100,face,3,5,0.143443822860718,6,3,0.10045142939474824,0.08466990043092548,0.2535554298549388,0.027521074621581227,0.06095142304440216,0.1697249321334703
39,OnlineFPCA-adagrad,0.1,13200,100,face,3,5,0.138808727264404,6,3,0.062925865319269,0.09648009591844661,0.2720531102650139,0.027084035515133678,0.060632915202033295,0.17008115290957557
39,OnlineFPCA-adagrad,0.1,13300,100,face,3,5,0.139016389846802,6,3,0.08488455049101991,0.156370514171866,0.3780862296696088,0.02695756874212388,0.06002964881748179,0.17045142567076513
39,OnlineFPCA-adagrad,0.1,13400,100,face,3,5,0.142370223999023,6,3,0.12831951928874819,0.17140663481335489,0.31340688729962923,0.027422176219743934,0.059213920204874794,0.17060538427815383
39,OnlineFPCA-adagrad,0.1,13500,100,face,3,5,0.139143466949463,6,3,0.1064022469100438,0.1474264399224649,0.2590001761064824,0.02740537754396958,0.05840506246126279,0.17078189472023256
39,OnlineFPCA-adagrad,0.1,13600,100,face,3,5,0.148156881332397,6,3,0.09828839216179369,0.15046578368671962,0.22370098967374755,0.027458859029294735,0.05772869929999972,0.17126386507939131
39,OnlineFPCA-adagrad,0.1,13700,100,face,3,5,0.138309717178345,6,3,0.12834162829698081,0.15887570673846976,0.3415648111530022,0.028080429807468037,0.05673623818368692,0.1718001978255383
39,OnlineFPCA-adagrad,0.1,13800,100,face,3,5,0.149563312530518,6,3,0.1781004866738576,0.12456807883952305,0.20977050427381638,0.02867114256898441,0.056001109404790285,0.17179538723229407
39,OnlineFPCA-adagrad,0.1,13900,100,face,3,5,0.136947154998779,6,3,0.14882355948095816,0.1398182580834201,0.2028745063799803,0.02873142810974585,0.055639277071225984,0.17119801552392522
39,OnlineFPCA-adagrad,0.1,14000,100,face,3,5,0.135850667953491,6,3,0.1010123911832955,0.1640009492318934,0.25382812250499287,0.028481623684511927,0.055749975735428454,0.17025414513884854
39,OnlineFPCA-adagrad,0.1,14100,100,face,3,5,0.13701319694519,6,3,0.09240288245118299,0.30358116185407164,0.29409462184028595,0.02856506587409228,0.056186609106323386,0.16856712359844386
39,OnlineFPCA-adagrad,0.1,14200,100,face,3,5,0.139272928237915,6,3,0.11176153635827316,0.2433158060900745,0.24418192742143566,0.028649420071146292,0.056926311602480385,0.16716991146328347
39,OnlineFPCA-adagrad,0.1,14300,100,face,3,5,0.142518520355225,6,3,0.07010765135884069,0.08590875047311611,0.3175915973610492,0.028473884753668133,0.057302516256765294,0.16633720185091852
39,OnlineFPCA-adagrad,0.1,14400,100,face,3,5,0.14024806022644,6,3,0.1506954576429487,0.08927504541915177,0.21343462630439314,0.02847211889675174,0.05706723217789311,0.1664172187294647
39,OnlineFPCA-adagrad,0.1,14500,100,face,3,5,0.136469125747681,6,3,0.07539802435935221,0.17691387840445766,0.172146068471536,0.028576462187882026,0.05763529599021969,0.1662647137972463
39,OnlineFPCA-adagrad,0.1,14600,100,face,3,5,0.149154901504517,6,3,0.15805419078719268,0.17395664064220126,0.14394813517601962,0.029318386770345456,0.05819238764783026,0.16559584670536637
39,OnlineFPCA-adagrad,0.1,14700,100,face,3,5,0.137707948684692,6,3,0.12229915105368712,0.169981532728396,0.15097310268062875,0.030253309425215646,0.058580062158060615,0.16491508768677507
39,OnlineFPCA-adagrad,0.1,14800,100,face,3,5,0.144217014312744,6,3,0.08629818290572586,0.1830008493189006,0.2894653498864651,0.030777918059306783,0.058749454173017426,0.16487058915724528
39,OnlineFPCA-adagrad,0.1,14900,100,face,3,5,0.135624885559082,6,3,0.09110791173358067,0.10611838455748097,0.31970361539541625,0.031032286825633318,0.059061500231919355,0.16599715094148845
39,OnlineFPCA-adagrad,0.1,15000,100,face,3,5,0.141093492507935,6,3,0.09087840671621697,0.17856262067105663,0.34866264527413887,0.031126192877827866,0.0595130453799532,0.1671985221825322
39,OnlineFPCA-adagrad,0.1,0,100,face,3,5,6.4053201675415,8,1,0.13571165624240533,0.1863838381641178,0.3520904473894682,0.13571165624240533,0.1863838381641178,0.3520904473894682
39,OnlineFPCA-adagrad,0.1,100,100,face,3,5,0.592698574066162,8,1,0.49257888377946435,0.5418164763624755,0.5118682031699792,NA,NA,NA
39,OnlineFPCA-adagrad,0.1,200,100,face,3,5,0.619178056716919,8,1,0.9361776568471629,1.4060755753422642,0.3882306683312273,NA,NA,NA
39,OnlineFPCA-adagrad,0.1,300,100,face,3,5,0.575828552246094,8,1,0.7274164706319438,0.8654579502589826,0.9252302343932973,NA,NA,NA
39,OnlineFPCA-adagrad,0.1,400,100,face,3,5,0.581379652023315,8,1,0.46517076157146003,0.7563978397853236,0.8103459620570677,NA,NA,NA
39,OnlineFPCA-adagrad,0.1,500,100,face,3,5,0.605766773223877,8,1,0.5603375742428574,0.5616604488835559,0.963938909178719,NA,NA,NA
39,OnlineFPCA-adagrad,0.1,600,100,face,3,5,0.581403255462646,8,1,0.49790301283756244,0.5806083096473442,0.9628230670598997,NA,NA,NA
39,OnlineFPCA-adagrad,0.1,700,100,face,3,5,0.561226606369019,8,1,0.47714028160130006,0.5752088863987317,0.9619476801757868,NA,NA,NA
39,OnlineFPCA-adagrad,0.1,800,100,face,3,5,0.60277247428894,8,1,0.4577570169835225,0.5653541453332377,0.9601644935344312,NA,NA,NA
39,OnlineFPCA-adagrad,0.1,900,100,face,3,5,0.592997789382935,8,1,0.4296576171123203,0.5552497383319304,0.957952436831275,NA,NA,NA
39,OnlineFPCA-adagrad,0.1,1000,100,face,3,5,0.566603183746338,8,1,0.4011135927579651,0.5409788727170484,0.9570784994220762,NA,NA,NA
39,OnlineFPCA-adagrad,0.1,1100,100,face,3,5,0.843822002410889,8,1,0.20420903986056801,0.3304983923453313,0.8707327012430689,0.15312149373266182,0.3671292652600268,0.9318014144318899
39,OnlineFPCA-adagrad,0.1,1200,100,face,3,5,0.820990324020386,8,1,0.269308102576066,0.17510184684407315,0.8221186429497332,0.13828642783699271,0.27495814879592234,0.8968228160322131
39,OnlineFPCA-adagrad,0.1,1300,100,face,3,5,0.827390193939209,8,1,0.2545550485716688,0.3553872108470424,0.6800135388710222,0.11911755978220959,0.2731544750721899,0.8436483521147344
39,OnlineFPCA-adagrad,0.1,1400,100,face,3,5,0.850467920303345,8,1,0.15319780772627473,0.3743661656767956,0.5459276659159595,0.12194174641352497,0.29366204409791996,0.7879393134474446
39,OnlineFPCA-adagrad,0.1,1500,100,face,3,5,0.82515287399292,8,1,0.1833936964020391,0.2714445873962639,0.43682759860919257,0.10368821436279378,0.2781520207654812,0.7263535654076555
39,OnlineFPCA-adagrad,0.1,1600,100,face,3,5,0.857795715332031,8,1,0.08996878807872645,0.21530201867562915,0.4091777882530374,0.08995653935324194,0.26419975875514545,0.673961159535592
39,OnlineFPCA-adagrad,0.1,1700,100,face,3,5,1.00151538848877,8,1,0.2034985800297455,0.23220642987730328,0.32121369153838664,0.07357909740945419,0.2539023641430236,0.6274864968308478
39,OnlineFPCA-adagrad,0.1,1800,100,face,3,5,0.811259984970093,8,1,0.12379351468734033,0.23141280563808922,0.25346461275195403,0.06708610105086711,0.2461371436722593,0.5772771833040928
39,OnlineFPCA-adagrad,0.1,1900,100,face,3,5,0.850637912750244,8,1,0.26616026058852205,0.26301652250743435,0.2399623769375834,0.06180792251634146,0.24121107332434927,0.5333645846504094
39,OnlineFPCA-adagrad,0.1,2000,100,face,3,5,0.829817056655884,8,1,0.13617714385948193,0.2490154466293133,0.31918483587947194,0.06164236140713122,0.2400027210920293,0.49758908186393824
39,OnlineFPCA-adagrad,0.1,2100,100,face,3,5,0.843286037445068,8,1,0.29032589780882445,0.21060298279404188,0.221094017011563,0.05665040343845989,0.23804673115572972,0.47089418058569105
39,OnlineFPCA-adagrad,0.1,2200,100,face,3,5,0.824339628219604,8,1,0.24819573050213692,0.2955542804785765,0.3237151630833382,0.04796131670385635,0.23428731114454154,0.4365280320434705
39,OnlineFPCA-adagrad,0.1,2300,100,face,3,5,0.832756042480469,8,1,0.34608018325826845,0.26629132328778843,0.2933816468136285,0.04721135939524975,0.2283743250289755,0.3975047617743838
39,OnlineFPCA-adagrad,0.1,2400,100,face,3,5,0.862174510955811,8,1,0.3408161647969252,0.2847803446993534,0.33914836625467887,0.04402651745417825,0.22522119171810404,0.3635395475031285
39,OnlineFPCA-adagrad,0.1,2500,100,face,3,5,0.798850297927856,8,1,0.15393045615110373,0.22633854688988223,0.3292665099737976,0.04247596164542368,0.2218117259359975,0.3327681306446558
39,OnlineFPCA-adagrad,0.1,2600,100,face,3,5,0.88981819152832,8,1,0.13314032817623273,0.22343232263123505,0.3094384415394449,0.04172445221033767,0.2197364328916706,0.31050381454471077
39,OnlineFPCA-adagrad,0.1,2700,100,face,3,5,0.876293182373047,8,1,0.15420959630744877,0.2710508565147652,0.2507702454860262,0.039938882469265614,0.2184832710435336,0.2967271751483485
39,OnlineFPCA-adagrad,0.1,2800,100,face,3,5,0.94146990776062,8,1,0.18294653192823335,0.2643130648554288,0.33717253859820057,0.037314505109545565,0.21532516219489303,0.28062328005290477
39,OnlineFPCA-adagrad,0.1,2900,100,face,3,5,0.884046077728271,8,1,0.17022804557587673,0.20513876174748044,0.19169430805893276,0.033107092540325844,0.20986616545041104,0.26810778838207205
39,OnlineFPCA-adagrad,0.1,3000,100,face,3,5,0.887832164764404,8,1,0.079495496294648485,0.1619090140771989,0.25429289049995923,0.028446938819286068,0.2047360401077727,0.26305982418847024
39,OnlineFPCA-adagrad,0.1,3100,100,face,3,5,0.895984411239624,8,1,0.1390732763457789,0.15805825492824532,0.3020901057392254,0.026638064826561687,0.19913850083345813,0.2590029237142532
39,OnlineFPCA-adagrad,0.1,3200,100,face,3,5,0.943164587020874,8,1,0.08301075835052708,0.23451216081508047,0.3046420566521541,0.02543413506148216,0.19512584929155172,0.26019905589134346
39,OnlineFPCA-adagrad,0.1,3300,100,face,3,5,1.08365845680237,8,1,0.13151487878055768,0.25089541152617595,0.43513151867533506,0.023183762789226885,0.19165092158097244,0.26358952874018854
39,OnlineFPCA-adagrad,0.1,3400,100,face,3,5,0.912412643432617,8,1,0.17102375994886307,0.2671450812283403,0.3324089627090929,0.020978786592643763,0.19016747825806227,0.26505993527209565
39,OnlineFPCA-adagrad,0.1,3500,100,face,3,5,0.888687133789062,8,1,0.111613932544808,0.23684705621084098,0.17932790481088,0.016760673430787142,0.1877094352986923,0.2615935862190108
39,OnlineFPCA-adagrad,0.1,3600,100,face,3,5,0.877875328063965,8,1,0.11581554686881909,0.22879942653130622,0.20025179002267451,0.01591090594144391,0.1855266160756134,0.25845642658850676
39,OnlineFPCA-adagrad,0.1,3700,100,face,3,5,0.899023771286011,8,1,0.17215830289507744,0.19143704706430448,0.3801482406954229,0.017950193119237248,0.18193753847876826,0.25069253851064766
39,OnlineFPCA-adagrad,0.1,3800,100,face,3,5,0.913687467575073,8,1,0.25499041717810644,0.24187550923199808,0.3082810119233754,0.021419647782899585,0.1773846712604397,0.23838313615618686
39,OnlineFPCA-adagrad,0.1,3900,100,face,3,5,0.883721828460693,8,1,0.18512853732575452,0.2044063612471426,0.3398205349454135,0.022595404042199667,0.17360280556491764,0.22471243175993505
39,OnlineFPCA-adagrad,0.1,4000,100,face,3,5,0.938617467880249,8,1,0.02295986542985487,0.16910422444145343,0.2102488961530188,0.02295986542985487,0.16910422444145343,0.2102488961530188
39,OnlineFPCA-adagrad,0.1,4100,100,face,3,5,0.913148403167725,8,1,0.09638566694948082,0.33362559507182127,0.1525239970521997,0.07046376114660931,0.25446115887260845,0.17997804594101344
39,OnlineFPCA-adagrad,0.1,4200,100,face,3,5,0.905619382858276,8,1,0.11089985426155635,0.22745661583238028,0.23262977995092626,0.09356969951062737,0.26163768146734,0.14378836850885
39,OnlineFPCA-adagrad,0.1,4300,100,face,3,5,0.935860633850098,8,1,0.09816629251962364,0.23243765369844765,0.34189884073529514,0.06610915996859752,0.2056799247218325,0.1654979178354402
39,OnlineFPCA-adagrad,0.1,4400,100,face,3,5,0.907049894332886,8,1,0.23359069971491436,0.101482572652013,0.2744766003794037,0.056780057809844874,0.15406189832697445,0.19438885451244206
39,OnlineFPCA-adagrad,0.1,4500,100,face,3,5,0.908108472824097,8,1,0.11619463899125511,0.2243929281806193,0.1468793100868523,0.04941083938348838,0.14077923724679786,0.18827177662566408
39,OnlineFPCA-adagrad,0.1,4600,100,face,3,5,0.891951084136963,8,1,0.2060765946837365,0.2066604932594135,0.21188829301200743,0.053682856057744324,0.12605099040529158,0.17574468196401527
39,OnlineFPCA-adagrad,0.1,4700,100,face,3,5,0.914768218994141,8,1,0.11239678333762695,0.2000588563841572,0.19957792902992633,0.06533940419640953,0.11743916348275998,0.16572029259654886
39,OnlineFPCA-adagrad,0.1,4800,100,face,3,5,0.932788372039795,8,1,0.0860382889922016,0.22578668193691057,0.43170079471823064,0.06644336929526806,0.11342651325357073,0.17126052532059866
39,OnlineFPCA-adagrad,0.1,4900,100,face,3,5,1.07489800453186,8,1,0.13939674940748792,0.14888341692742652,0.46305324418131893,0.0634469762997956,0.11013817459258632,0.1898215035788206
39,OnlineFPCA-adagrad,0.1,5000,100,face,3,5,0.869218111038208,8,1,0.13065119421246177,0.23592270587898698,0.5220087811604331,0.05867008006362021,0.11118088315296744,0.20794311531498508
39,OnlineFPCA-adagrad,0.1,5100,100,face,3,5,0.149128675460815,8,1,0.1787670349028266,0.13580836588435086,0.6007521897943635,0.05870647441489855,0.11088797973741876,0.22859297935036113
39,OnlineFPCA-adagrad,0.1,5200,100,face,3,5,0.139456033706665,8,1,0.14346794460741483,0.1493902480440808,0.2841819914764679,0.05729574406852901,0.09880928862203996,0.23498874321586335
39,OnlineFPCA-adagrad,0.1,5300,100,face,3,5,0.150766849517822,8,1,0.12486942136896347,0.1792413278964835,0.30547293519481256,0.05790974569747683,0.09135887044235796,0.23482678245057229
39,OnlineFPCA-adagrad,0.1,5400,100,face,3,5,0.142465353012085,8,1,0.13794717220080785,0.1904970973438045,0.3949449403801222,0.05817694690926721,0.08872600695825121,0.23882158194966793
39,OnlineFPCA-adagrad,0.1,5500,100,face,3,5,0.140714645385742,8,1,0.14394015042233094,0.2838948353458457,0.3642921854118668,0.0594601849187742,0.0918196877352679,0.24570547366221968
39,OnlineFPCA-adagrad,0.1,5600,100,face,3,5,0.136857509613037,8,1,0.1289034835710704,0.16475816427807788,0.21529671505842082,0.05842433074140605,0.09411164781924888,0.2457029278006136
39,OnlineFPCA-adagrad,0.1,5700,100,face,3,5,0.143303632736206,8,1,0.2153434927323995,0.15208522907778296,0.2953638847254646,0.05714749675731325,0.09626443158242781,0.24622608048666758
39,OnlineFPCA-adagrad,0.1,5800,100,face,3,5,0.150400876998901,8,1,0.14722540947999352,0.08695885527225837,0.18358690387509252,0.057949281786445275,0.09710742342870834,0.2429171378136768
39,OnlineFPCA-adagrad,0.1,5900,100,face,3,5,0.136660814285278,8,1,0.19655955708069384,0.22905094558358674,0.257820411289994,0.05517147697897589,0.09548917640822886,0.23698384363295552
39,OnlineFPCA-adagrad,0.1,6000,100,face,3,5,0.141679763793945,8,1,0.0932941523430813,0.1784220419239986,0.13420793878582574,0.05253484430704261,0.09493545111456435,0.23059375995474862
39,OnlineFPCA-adagrad,0.1,6100,100,face,3,5,0.14293098449707,8,1,0.0859802642272785,0.12315783606310067,0.2021374170208233,0.05017911453280021,0.09428856315225631,0.2211096591250395
39,OnlineFPCA-adagrad,0.1,6200,100,face,3,5,0.143205881118774,8,1,0.19714695620993003,0.24323869430869616,0.21759831073211233,0.047219846727729956,0.09395845062514782,0.21397989088175998
39,OnlineFPCA-adagrad,0.1,6300,100,face,3,5,0.139029502868652,8,1,0.16068448064927165,0.20758764087699141,0.24336276995227354,0.044152169552765734,0.09972830341520744,0.20824591042464918
39,OnlineFPCA-adagrad,0.1,6400,100,face,3,5,0.14609694480896,8,1,0.1483907420759362,0.17220972458920034,0.23110942688962408,0.04124353263344176,0.0984466529110706,0.20068899751418376
39,OnlineFPCA-adagrad,0.1,6500,100,face,3,5,0.132984638214111,8,1,0.06518003867514369,0.18658414384021943,0.20759978452723507,0.039825772769610704,0.09482219125921683,0.19801898450541058
39,OnlineFPCA-adagrad,0.1,6600,100,face,3,5,0.149299383163452,8,1,0.07661950247426119,0.11556614635172985,0.20082213157255613,0.038002994011321595,0.0945258226286002,0.19400050169256627
39,OnlineFPCA-adagrad,0.1,6700,100,face,3,5,0.139102458953857,8,1,0.11097711840145787,0.15634471415227089,0.1897805017802755,0.03817184267080484,0.09172445990499853,0.18865324615611198
39,OnlineFPCA-adagrad,0.1,6800,100,face,3,5,0.147567510604858,8,1,0.11076776569680695,0.20248476363349652,0.2518391155533181,0.036777956612069056,0.08770904473511759,0.1831550843441576
39,OnlineFPCA-adagrad,0.1,6900,100,face,3,5,0.138841390609741,8,1,0.16216559756500082,0.17060219621250308,0.3940883641447322,0.03702107183640667,0.0841608371782481,0.17966527763402784
39,OnlineFPCA-adagrad,0.1,7000,100,face,3,5,0.156313180923462,8,1,0.08344829443683313,0.14198257661646246,0.3041106783742979,0.037477028850388824,0.0822187231420962,0.17682375935516842
39,OnlineFPCA-adagrad,0.1,7100,100,face,3,5,0.138859272003174,8,1,0.1452506414362297,0.14142121359884047,0.2745402558608033,0.03789755724482771,0.08106970443665633,0.17365231150684468
39,OnlineFPCA-adagrad,0.1,7200,100,face,3,5,0.143370628356934,8,1,0.17315683822534222,0.20411939434899865,0.26597166650056675,0.03783269025089456,0.07958480064927251,0.16896533697774008
39,OnlineFPCA-adagrad,0.1,7300,100,face,3,5,0.14238429069519,8,1,0.13528437185620606,0.18421173293767093,0.3616800319534534,0.039654253665670956,0.07745554816316383,0.1668144930848192
39,OnlineFPCA-adagrad,0.1,7400,100,face,3,5,0.137643814086914,8,1,0.17052911907103072,0.21528221361479194,0.3984800625885809,0.038687964653726974,0.07683813407380262,0.1660797701362366
39,OnlineFPCA-adagrad,0.1,7500,100,face,3,5,0.139289617538452,8,1,0.08305830703229057,0.1459800335427495,0.4070214621464872,0.0387987772006684,0.07473593004133892,0.16810845296904472
39,OnlineFPCA-adagrad,0.1,7600,100,face,3,5,0.14031195640564,8,1,0.09658229722969748,0.13871474417276164,0.38381205848361505,0.03916273325968206,0.07313136198005096,0.1699598678060145
39,OnlineFPCA-adagrad,0.1,7700,100,face,3,5,0.14523458480835,8,1,0.1384758215752521,0.14996447905294635,0.27225903175398136,0.03889928021785438,0.07205808386606961,0.17130504541126598
39,OnlineFPCA-adagrad,0.1,7800,100,face,3,5,0.140650749206543,8,1,0.1652896833685166,0.18912930282742424,0.3684686724524908,0.037354672745756594,0.07261103602989338,0.17337343718506337
39,OnlineFPCA-adagrad,0.1,7900,100,face,3,5,0.142429828643799,8,1,0.13597804527630794,0.16646491966468172,0.23485437686256266,0.03439055799614194,0.07147301049351062,0.1738161377372874
39,OnlineFPCA-adagrad,0.1,8000,100,face,3,5,0.143637418746948,8,1,0.06681130585244674,0.11932397683642239,0.23086846064347274,0.03169647923900431,0.06996214449989292,0.17315656411482666
39,OnlineFPCA-adagrad,0.1,8100,100,face,3,5,0.139511823654175,8,1,0.11470256965716645,0.08682249312305065,0.29128539640979223,0.030563045034164852,0.06820431071774075,0.17254700928607453
39,OnlineFPCA-adagrad,0.1,8200,100,face,3,5,0.13698410987854,8,1,0.07074488994636821,0.13781962808390366,0.2994545131917225,0.029386132299103054,0.0674597138548689,0.1741609813433194
39,OnlineFPCA-adagrad,0.1,8300,100,face,3,5,0.142851829528809,8,1,0.10355441941856788,0.18101160288998625,0.4139418027601775,0.02854027063371264,0.06577305346640633,0.1755214215704397
39,OnlineFPCA-adagrad,0.1,8400,100,face,3,5,0.133192300796509,8,1,0.1451757832409367,0.20211153766261172,0.3330732855345474,0.02891114592422812,0.06434170432378952,0.17624113841091374
39,OnlineFPCA-adagrad,0.1,8500,100,face,3,5,0.146632671356201,8,1,0.11075671176686425,0.17550888478853383,0.24083023032275605,0.02804449537017496,0.0627770975691836,0.17638772327042002
39,OnlineFPCA-adagrad,0.1,8600,100,face,3,5,0.133468389511108,8,1,0.10665664795259149,0.17109669257097196,0.2113582567141075,0.027737445345527644,0.06161970831232953,0.17727843439767774
39,OnlineFPCA-adagrad,0.1,8700,100,face,3,5,0.134519577026367,8,1,0.144851047953712,0.16796234316484507,0.36007912494718186,0.02917735436562335,0.06004618179888415,0.17803435987240723
39,OnlineFPCA-adagrad,0.1,8800,100,face,3,5,0.122512817382812,8,1,0.20754543208354767,0.1638318472307617,0.22909093819706008,0.030299646177814814,0.058946314230910644,0.17694452652054427
39,OnlineFPCA-adagrad,0.1,8900,100,face,3,5,0.128366708755493,8,1,0.16423839827000106,0.1635182741210989,0.23785249691908975,0.02992306548709,0.058497981938872,0.17435858211509025
39,OnlineFPCA-adagrad,0.1,9000,100,face,3,5,0.127852916717529,8,1,0.11377976941286369,0.18565894325198884,0.3153338939797799,0.029011488260657328,0.058675694412484485,0.1710794654423564
39,OnlineFPCA-adagrad,0.1,9100,100,face,3,5,0.123205900192261,8,1,0.10126179119556301,0.3313771334639154,0.3672009568936275,0.028994359688452983,0.05957288848027612,0.166077433543938
39,OnlineFPCA-adagrad,0.1,9200,100,face,3,5,0.125510454177856,8,1,0.11564151956466383,0.24910881843864466,0.2735390268584457,0.029100461886344603,0.06087418805753322,0.16245972363888414
39,OnlineFPCA-adagrad,0.1,9300,100,face,3,5,0.120869874954224,8,1,0.07775592258075299,0.1284214366694392,0.35649148084109517,0.02865104319674543,0.06144242934407935,0.16075456116762135
39,OnlineFPCA-adagrad,0.1,9400,100,face,3,5,0.123736381530762,8,1,0.176639813186217,0.09133869209069052,0.2334352403484882,0.028687135512195833,0.060723765057884786,0.16138689749731738
39,OnlineFPCA-adagrad,0.1,9500,100,face,3,5,0.12999439239502,8,1,0.08724579647742098,0.19782287875678464,0.17155476512474635,0.028890310712851384,0.06158248318336049,0.1612089340447497
39,OnlineFPCA-adagrad,0.1,9600,100,face,3,5,0.133959531784058,8,1,0.1735429675803078,0.1808501280556044,0.1465505572738929,0.030419493574022967,0.06224186928800636,0.15999732329165345
39,OnlineFPCA-adagrad,0.1,9700,100,face,3,5,0.127121925354004,8,1,0.12113419113908051,0.171418970608938,0.14922918262107768,0.032237964838510026,0.062461069198883945,0.15880911465019962
39,OnlineFPCA-adagrad,0.1,9800,100,face,3,5,0.133394002914429,8,1,0.08538623219075815,0.19360594738978548,0.33754072162567117,0.03312318280466785,0.06237404160339585,0.15916765616371117
39,OnlineFPCA-adagrad,0.1,9900,100,face,3,5,0.1289381980896,8,1,0.10418760797666148,0.11640027658987875,0.3696021786389644,0.03347636324705883,0.06273190756231292,0.16201665591965264
39,OnlineFPCA-adagrad,0.1,10000,100,face,3,5,0.127589702606201,8,1,0.10437623074657673,0.19736644760593766,0.4053380115231225,0.03351753487190624,0.06354062215478062,0.16497516709667442
39,OnlineFPCA-adagrad,0.1,10100,100,face,3,5,0.127578735351562,8,1,0.12906594554525747,0.12768200605449226,0.47805948536966864,0.03348537113066724,0.06426036893191889,0.16787564632468166
39,OnlineFPCA-adagrad,0.1,10200,100,face,3,5,0.137302160263062,8,1,0.10888472024756675,0.11408703031170847,0.24545456040606584,0.03307216604828501,0.06293665382731374,0.16906823323508066
39,OnlineFPCA-adagrad,0.1,10300,100,face,3,5,0.131202697753906,8,1,0.1074863310853948,0.15429610353110673,0.25786882801750655,0.032724650040180304,0.06193271334827702,0.16939909770721923
39,OnlineFPCA-adagrad,0.1,10400,100,face,3,5,0.146281242370605,8,1,0.12191079323407639,0.1684270053612994,0.33060828407471615,0.032403291550697585,0.061585497123600036,0.16990115046849827
39,OnlineFPCA-adagrad,0.1,10500,100,face,3,5,0.139666795730591,8,1,0.12457338789883009,0.24711555103835076,0.3176196154436055,0.03220487264046308,0.062164636803729495,0.17089660405442186
39,OnlineFPCA-adagrad,0.1,10600,100,face,3,5,0.144504308700562,8,1,0.11677484660787707,0.14724743261855455,0.20107572666379894,0.0314324836184097,0.06273264888331398,0.17113418087789023
39,OnlineFPCA-adagrad,0.1,10700,100,face,3,5,0.1404128074646,8,1,0.1701028076552045,0.13737612817060219,0.2647593275696814,0.031135904817383733,0.06347085741726477,0.17164186997871916
39,OnlineFPCA-adagrad,0.1,10800,100,face,3,5,0.147439002990723,8,1,0.12822440486506295,0.0965750403428723,0.16106633923045316,0.03164986282887653,0.064000047211962,0.17126828056196655
39,OnlineFPCA-adagrad,0.1,10900,100,face,3,5,0.141429901123047,8,1,0.1635689129866694,0.20215234974178412,0.23691341133663477,0.031489630723458034,0.06408744691738141,0.17006776423480593
39,OnlineFPCA-adagrad,0.1,11000,100,face,3,5,0.144316673278809,8,1,0.0748239681131151,0.17258582939678507,0.13681462088810944,0.03133470718401894,0.06411674943285053,0.16884824698323028
39,OnlineFPCA-adagrad,0.1,11100,100,face,3,5,0.302709579467773,8,1,0.07911834002738752,0.11366600489731417,0.173981131401413,0.03098074240901261,0.06403488659877117,0.1670878029171485
39,OnlineFPCA-adagrad,0.1,11200,100,face,3,5,0.141260862350464,8,1,0.16609403584695467,0.2123433383407569,0.18982411027601373,0.030827105814743,0.06395309568568355,0.16570298102975858
39,OnlineFPCA-adagrad,0.1,11300,100,face,3,5,0.14301609992981,8,1,0.14660905535878335,0.19362619776122694,0.20138141795943182,0.030615482211384208,0.06513034161010477,0.16423223388197772
39,OnlineFPCA-adagrad,0.1,11400,100,face,3,5,0.136680364608765,8,1,0.12553261475859595,0.15423702092125,0.1918217439379638,0.030080610623866022,0.06488909964257501,0.16251712491056214
39,OnlineFPCA-adagrad,0.1,11500,100,face,3,5,0.146781921386719,8,1,0.0423123422362478,0.1487375189286409,0.17682230416865388,0.02997666731943211,0.06435423626997329,0.16148510383588735
39,OnlineFPCA-adagrad,0.1,11600,100,face,3,5,0.138778686523438,8,1,0.06660575530188928,0.10422028379173319,0.17440625329937526,0.029590205784356005,0.06470215965581906,0.16027967907343257
39,OnlineFPCA-adagrad,0.1,11700,100,face,3,5,0.147171258926392,8,1,0.09527753235390228,0.13342179504251786,0.15939459990687413,0.02989911615371733,0.06443751543021924,0.15873965188137687
39,OnlineFPCA-adagrad,0.1,11800,100,face,3,5,0.139729022979736,8,1,0.09263071879755252,0.15830853842118597,0.20104841476564692,0.029906224039885167,0.06376222703985834,0.15789025769432902
39,OnlineFPCA-adagrad,0.1,11900,100,face,3,5,0.150030612945557,8,1,0.13254319684972485,0.12950578431217583,0.32476731680795584,0.030071842774458124,0.06303525843244623,0.1579307053249995
39,OnlineFPCA-adagrad,0.1,12000,100,face,3,5,0.14543080329895,8,1,0.08431563975813856,0.11456612156059252,0.24014024050653038,0.03019750865830083,0.06287796925001453,0.15805573909741766
39,OnlineFPCA-adagrad,0.1,12100,100,face,3,5,0.143270492553711,8,1,0.11975716885942556,0.1101103315017754,0.21163321245351865,0.03030794434678031,0.06272714811445843,0.157435127690053
39,OnlineFPCA-adagrad,0.1,12200,100,face,3,5,0.133602857589722,8,1,0.14376225907144763,0.15941640845683058,0.23620072312256651,0.030441757509333717,0.06238282905561285,0.1567485548069104
39,OnlineFPCA-adagrad,0.1,12300,100,face,3,5,0.147225856781006,8,1,0.09745214502995986,0.158382313506063,0.2980590231305781,0.0312141217160836,0.062027505548401064,0.15703620243855887
39,OnlineFPCA-adagrad,0.1,12400,100,face,3,5,0.144505262374878,8,1,0.1470572592344924,0.188136590262564,0.3353462391355854,0.031158651332307954,0.06198234936033758,0.1577782947973735
39,OnlineFPCA-adagrad,0.1,12500,100,face,3,5,0.141811609268188,8,1,0.06162376096313068,0.13497305690449118,0.3499211153172879,0.03125260623210333,0.06144262951788937,0.15922799850449257
39,OnlineFPCA-adagrad,0.1,12600,100,face,3,5,0.142365694046021,8,1,0.0746362105672871,0.11131690807637636,0.3502966369351286,0.03130646874191141,0.06085627000282217,0.1605052551588799
39,OnlineFPCA-adagrad,0.1,12700,100,face,3,5,0.295395612716675,8,1,0.11970787050002853,0.12343826811327356,0.2596067747498512,0.031159895794004768,0.06030574034304673,0.1614752619127585
39,OnlineFPCA-adagrad,0.1,12800,100,face,3,5,0.146913766860962,8,1,0.14501114417163147,0.1588391270905005,0.3366463368075237,0.03051597108016418,0.060393356335989974,0.16269323238045175
39,OnlineFPCA-adagrad,0.1,12900,100,face,3,5,0.1364905834198,8,1,0.11128996354362997,0.1332814794825741,0.22661052167036022,0.029330431846782513,0.06008926665535061,0.1632106617297654
39,OnlineFPCA-adagrad,0.1,13000,100,face,3,5,0.144802093505859,8,1,0.060893226466173095,0.10642175072294954,0.2102360712056347,0.0282741900200334,0.059645577364638526,0.16312722442884695
39,OnlineFPCA-adagrad,0.1,13100,100,face,3,5,0.134983777999878,8,1,0.10022127602346104,0.0904688808455741,0.25304869053301965,0.02774823646821395,0.059073589657724364,0.16296963300715456
39,OnlineFPCA-adagrad,0.1,13200,100,face,3,5,0.143359899520874,8,1,0.06315260747812164,0.10787479210439213,0.2729172711512184,0.02730981968563366,0.058876131063755104,0.16343830506538007
39,OnlineFPCA-adagrad,0.1,13300,100,face,3,5,0.138520240783691,8,1,0.08537593716971445,0.1605020286865333,0.37677840321550815,0.027175407148757203,0.0582987590914029,0.16390280971249072
39,OnlineFPCA-adagrad,0.1,13400,100,face,3,5,0.141684532165527,8,1,0.1288420030353098,0.17428663779743758,0.31205463810960565,0.027622907389572994,0.05768914261328225,0.16422060777697126
39,OnlineFPCA-adagrad,0.1,13500,100,face,3,5,0.134083986282349,8,1,0.106666018600076,0.14968473509797806,0.25385910589693494,0.02758901014818871,0.056957791412376085,0.16447342201287946
39,OnlineFPCA-adagrad,0.1,13600,100,face,3,5,0.144086360931396,8,1,0.09830117772207622,0.15145885437521336,0.21960449279932565,0.027626197891262666,0.05635054312607827,0.16501365474579874
39,OnlineFPCA-adagrad,0.1,13700,100,face,3,5,0.141575813293457,8,1,0.1280491115867771,0.15829934391968067,0.3381175755504786,0.028243324373052128,0.055526947062944046,0.16563694174789623
39,OnlineFPCA-adagrad,0.1,13800,100,face,3,5,0.145922422409058,8,1,0.1783803060606234,0.12750777832981994,0.20816417822650196,0.028831818039101616,0.05491770859710025,0.16569393260687873
39,OnlineFPCA-adagrad,0.1,13900,100,face,3,5,0.146265745162964,8,1,0.14858337850001194,0.14026698129796683,0.20162225163423794,0.02887626523980482,0.054668366034334046,0.1651351763659481
39,OnlineFPCA-adagrad,0.1,14000,100,face,3,5,0.143351793289185,8,1,0.10085902883390413,0.1650307893065767,0.25451834321201317,0.02861393695458033,0.05477793548483154,0.16419332660818992
39,OnlineFPCA-adagrad,0.1,14100,100,face,3,5,0.144083738327026,8,1,0.09231679523609924,0.3038541847566431,0.2946092112131347,0.028685644572545056,0.05518731746003223,0.16250433447481155
39,OnlineFPCA-adagrad,0.1,14200,100,face,3,5,0.142214775085449,8,1,0.11170636894664582,0.24250185411185465,0.24429686083534385,0.028762547255661325,0.055754595287100646,0.1611011959469058
39,OnlineFPCA-adagrad,0.1,14300,100,face,3,5,0.143311262130737,8,1,0.06995391196829523,0.08452826216118675,0.3170437332031236,0.028583476974254247,0.05608992389709061,0.16030266552633365
39,OnlineFPCA-adagrad,0.1,14400,100,face,3,5,0.142253398895264,8,1,0.15025597217477113,0.08726239317862697,0.21262929698826652,0.02857203631670411,0.05586203395544007,0.1604362495404834
39,OnlineFPCA-adagrad,0.1,14500,100,face,3,5,0.147725820541382,8,1,0.0754356574676322,0.17447366745759849,0.1685588900879254,0.02866807793885784,0.056361634865970275,0.1602958560107287
39,OnlineFPCA-adagrad,0.1,14600,100,face,3,5,0.146304845809937,8,1,0.15753340415564995,0.16934774157098453,0.13650812927667733,0.029397373226948874,0.05684495862297769,0.15964527097698064
39,OnlineFPCA-adagrad,0.1,14700,100,face,3,5,0.144062519073486,8,1,0.12176447950738348,0.163058235326679,0.14348355381973812,0.030324585325055747,0.05711458433471729,0.15896874123001967
39,OnlineFPCA-adagrad,0.1,14800,100,face,3,5,0.134716749191284,8,1,0.0867945269926014,0.18038203855745577,0.28725561092969293,0.030850056486982868,0.05718590142120438,0.15894555933247337
39,OnlineFPCA-adagrad,0.1,14900,100,face,3,5,0.143308401107788,8,1,0.09133770899981325,0.10248192985697735,0.31604191714522956,0.031110820063972686,0.05745339786000455,0.16009722807124754
39,OnlineFPCA-adagrad,0.1,15000,100,face,3,5,0.13367486000061,8,1,0.09134194802715002,0.1768393209460447,0.34262409856784815,0.031210559298654763,0.057895259633269275,0.1613219843733607
39,OnlineFPCA-adagrad,0.1,0,100,face,3,5,6.4053201675415,8,2,0.13571165624240533,0.1863838381641178,0.3520904473894682,0.13571165624240533,0.1863838381641178,0.3520904473894682
39,OnlineFPCA-adagrad,0.1,100,100,face,3,5,0.569641351699829,8,2,1.8640445320113141,1.3333029965120047,1.6430119892649968,NA,NA,NA
39,OnlineFPCA-adagrad,0.1,200,100,face,3,5,0.586923837661743,8,2,0.9143751195301694,1.4044321762957026,0.3848738053195903,NA,NA,NA
39,OnlineFPCA-adagrad,0.1,300,100,face,3,5,0.596323728561401,8,2,0.7228726983231774,0.650173937170731,0.6284593000401122,NA,NA,NA
39,OnlineFPCA-adagrad,0.1,400,100,face,3,5,0.596599578857422,8,2,0.3230135232939409,0.5244102715327441,0.5884620299648116,NA,NA,NA
39,OnlineFPCA-adagrad,0.1,500,100,face,3,5,0.595815181732178,8,2,0.600273064954722,0.4598064375189174,0.8137785241399149,NA,NA,NA
39,OnlineFPCA-adagrad,0.1,600,100,face,3,5,0.589948892593384,8,2,0.5798334401318439,0.34276544922008295,0.722172334815608,NA,NA,NA
39,OnlineFPCA-adagrad,0.1,700,100,face,3,5,0.596681356430054,8,2,0.5244009878915672,0.33697747485071133,0.7215410855823929,NA,NA,NA
39,OnlineFPCA-adagrad,0.1,800,100,face,3,5,0.616443634033203,8,2,0.4642634034914194,0.3280638232298778,0.7192807999233126,NA,NA,NA
39,OnlineFPCA-adagrad,0.1,900,100,face,3,5,0.587698221206665,8,2,0.3982051067281555,0.3243959954334672,0.7169797704447416,NA,NA,NA
39,OnlineFPCA-adagrad,0.1,1000,100,face,3,5,0.735090017318726,8,2,0.36021453194040653,0.3195119645132791,0.7134648534299416,NA,NA,NA
39,OnlineFPCA-adagrad,0.1,1100,100,face,3,5,0.817827701568604,8,2,0.6346682589005701,0.3720555275047123,0.47497622688491586,0.14769594116246196,0.19936318516163423,0.5587991487971385
39,OnlineFPCA-adagrad,0.1,1200,100,face,3,5,0.83929967880249,8,2,0.2382507004904048,0.14691110809642396,0.3576724615853518,0.20372455730716016,0.1936194223764123,0.47886557494934806
39,OnlineFPCA-adagrad,0.1,1300,100,face,3,5,0.849616527557373,8,2,0.25040706786241385,0.19486144221201576,0.292649870725051,0.1807158824908563,0.1836021772181341,0.4150835755526641
39,OnlineFPCA-adagrad,0.1,1400,100,face,3,5,0.844643354415894,8,2,0.055210262458555294,0.1990666368181312,0.2330826618333558,0.1359954965518248,0.17345971411592057,0.3599720829949903
39,OnlineFPCA-adagrad,0.1,1500,100,face,3,5,0.825115203857422,8,2,0.1249195780508981,0.173996846213576,0.24350516200974892,0.1113087781326317,0.16229583706411957,0.32810366518471407
39,OnlineFPCA-adagrad,0.1,1600,100,face,3,5,0.859976053237915,8,2,0.03140571822508808,0.15468880239632005,0.2296150710913027,0.09073373598586659,0.15555425312444796,0.3081835085159954
39,OnlineFPCA-adagrad,0.1,1700,100,face,3,5,0.837209939956665,8,2,0.04125355025979121,0.15120275046109227,0.22274695712678386,0.07851959927242877,0.15181694221747397,0.2944132090058391
39,OnlineFPCA-adagrad,0.1,1800,100,face,3,5,0.799446105957031,8,2,0.04071165148383366,0.14745097437261803,0.2074280936833123,0.07044513380698383,0.14934439600879146,0.28218682816199586
39,OnlineFPCA-adagrad,0.1,1900,100,face,3,5,0.807585954666138,8,2,0.07436703648895972,0.1494392360346394,0.2088149999850863,0.06553142846370416,0.14798590889696955,0.2721628451260787
39,OnlineFPCA-adagrad,0.1,2000,100,face,3,5,0.838714838027954,8,2,0.05564606363253567,0.15170974399395476,0.2187407106583193,0.06130586244735925,0.14732249188010127,0.26409441213031504
39,OnlineFPCA-adagrad,0.1,2100,100,face,3,5,0.840797901153564,8,2,0.3192018922046321,0.1330395614138068,0.1436194724118127,0.05269194439475531,0.14460050303716132,0.252579687944519
39,OnlineFPCA-adagrad,0.1,2200,100,face,3,5,0.845630407333374,8,2,0.24405215992327503,0.2984308826651038,0.3556959342644604,0.053051703261944645,0.14208503218938842,0.2346045658520608
39,OnlineFPCA-adagrad,0.1,2300,100,face,3,5,0.833999395370483,8,2,0.3467120674232068,0.23853798829144113,0.35240805288564037,0.055839293448974675,0.1384297151651653,0.21394680473195687
39,OnlineFPCA-adagrad,0.1,2400,100,face,3,5,0.817147493362427,8,2,0.3436886569744858,0.24620968193482787,0.38086645925424595,0.0528126450512576,0.13766488073723832,0.19802758008062263
39,OnlineFPCA-adagrad,0.1,2500,100,face,3,5,0.845494747161865,8,2,0.19722470527008215,0.17745880116377988,0.37562249674226766,0.05110130163601861,0.135555857557984,0.18690328469216075
39,OnlineFPCA-adagrad,0.1,2600,100,face,3,5,0.907647132873535,8,2,0.13407590889434412,0.16617260934255149,0.31870888506227457,0.04740170207801862,0.1335162688451974,0.18372411262551644
39,OnlineFPCA-adagrad,0.1,2700,100,face,3,5,1.07143712043762,8,2,0.15284497575006892,0.24317845726495657,0.22388882760013368,0.04267236810830482,0.1329196727258969,0.18172413906225424
39,OnlineFPCA-adagrad,0.1,2800,100,face,3,5,0.892743587493896,8,2,0.18160205442473792,0.250534245611076,0.3501797306904647,0.03648301840307034,0.13198814121984367,0.17995291866028076
39,OnlineFPCA-adagrad,0.1,2900,100,face,3,5,0.916627883911133,8,2,0.1704888747680115,0.18946057282415443,0.17847166351111532,0.031126812185942886,0.12933073701763112,0.17712724550786973
39,OnlineFPCA-adagrad,0.1,3000,100,face,3,5,0.912044763565063,8,2,0.0798323086722526,0.13357498045612648,0.2263385769898646,0.029545019888352387,0.12720072610743605,0.17330344666213485
39,OnlineFPCA-adagrad,0.1,3100,100,face,3,5,0.915509223937988,8,2,0.1374295865330612,0.1333356084593853,0.2866845835709672,0.02796301954458116,0.12373702685454328,0.16820990459620316
39,OnlineFPCA-adagrad,0.1,3200,100,face,3,5,0.935161352157593,8,2,0.08229076346105267,0.21204796970897397,0.2869219396311279,0.03117320772097469,0.12209603603375951,0.17019945929634994
39,OnlineFPCA-adagrad,0.1,3300,100,face,3,5,0.886027574539185,8,2,0.13069321340584245,0.23319907532187067,0.4245604408011634,0.03365300095804364,0.120683185440104,0.17371941757403941
39,OnlineFPCA-adagrad,0.1,3400,100,face,3,5,0.864452600479126,8,2,0.17052792476453668,0.25102157121803803,0.31604013511312345,0.0374084614109441,0.12183558910467274,0.17600231871223157
39,OnlineFPCA-adagrad,0.1,3500,100,face,3,5,0.904718399047852,8,2,0.11267065868918917,0.2219223145029664,0.16370938402407378,0.037671518460496045,0.120995990926051,0.17527467328308619
39,OnlineFPCA-adagrad,0.1,3600,100,face,3,5,0.938918352127075,8,2,0.11639215561666694,0.21914140741051807,0.18643170414227397,0.03840933871126039,0.12058398621980637,0.17615518567076704
39,OnlineFPCA-adagrad,0.1,3700,100,face,3,5,0.936825275421143,8,2,0.17241602110741341,0.18502858047789147,0.37768145335172626,0.03829457362000465,0.11859315956445107,0.17622780951207426
39,OnlineFPCA-adagrad,0.1,3800,100,face,3,5,0.897821187973022,8,2,0.2538457160838158,0.23448897536378827,0.3049329625271263,0.0407182734839987,0.11593552921024937,0.17234480305756228
39,OnlineFPCA-adagrad,0.1,3900,100,face,3,5,0.913810253143311,8,2,0.1853845400446392,0.20034075029094978,0.33667470331253924,0.043629093124453344,0.11455969155406802,0.16531855456246528
39,OnlineFPCA-adagrad,0.1,4000,100,face,3,5,0.855617046356201,8,2,0.04499731485195825,0.11257575477683973,0.15722130529191541,0.04499731485195825,0.11257575477683973,0.15722130529191541
39,OnlineFPCA-adagrad,0.1,4100,100,face,3,5,0.951092720031738,8,2,0.09639831972500844,0.32707034612000996,0.11376267200121672,0.07486676704929482,0.22534417201926532,0.12437166882591559
39,OnlineFPCA-adagrad,0.1,4200,100,face,3,5,1.06689286231995,8,2,0.10637901165275623,0.21768332620968406,0.26690216021203933,0.09181578428723505,0.24289676394382972,0.14792609016979386
39,OnlineFPCA-adagrad,0.1,4300,100,face,3,5,0.899519443511963,8,2,0.09896235240496658,0.2230481050626412,0.3596013096737474,0.06244387287206391,0.18146963567205357,0.19426519815530918
39,OnlineFPCA-adagrad,0.1,4400,100,face,3,5,0.903352975845337,8,2,0.2331987555849506,0.09239326780898044,0.2738636171481887,0.05647835203466181,0.12722061091926395,0.22274410447206275
39,OnlineFPCA-adagrad,0.1,4500,100,face,3,5,0.89909553527832,8,2,0.11676733731991029,0.22106923744745186,0.13837157630931787,0.050396960432622574,0.11885114389591765,0.20438697782233645
39,OnlineFPCA-adagrad,0.1,4600,100,face,3,5,0.923021793365479,8,2,0.20548918163634153,0.1998849327565505,0.19654765135475813,0.05533990622055183,0.10485549995425857,0.17945487635077625
39,OnlineFPCA-adagrad,0.1,4700,100,face,3,5,0.866847038269043,8,2,0.11217359652266529,0.1917429185961637,0.1882638992762162,0.06610848011942605,0.09672536973752068,0.16125899777510033
39,OnlineFPCA-adagrad,0.1,4800,100,face,3,5,0.899305105209351,8,2,0.08542274411016644,0.22113476888161507,0.43144559624940754,0.06688291423301151,0.09362592466213833,0.16441862871068508
39,OnlineFPCA-adagrad,0.1,4900,100,face,3,5,0.913928747177124,8,2,0.13952901807206647,0.14578611881518555,0.46209888297017176,0.06313899320582707,0.09209873397208473,0.18298741842382352
39,OnlineFPCA-adagrad,0.1,5000,100,face,3,5,0.868810176849365,8,2,0.13068515194995997,0.23453945528335515,0.5186049494387114,0.05753131874379755,0.0947728381532406,0.1994766462918103
39,OnlineFPCA-adagrad,0.1,5100,100,face,3,5,0.14201545715332,8,2,0.1783786079674253,0.13629738256986484,0.5966284532915241,0.056717582716693506,0.09631470299719615,0.21795614652237466
39,OnlineFPCA-adagrad,0.1,5200,100,face,3,5,0.1455237865448,8,2,0.14338362544796218,0.15127728455287004,0.2806138077652248,0.054713317228469685,0.08452617649087547,0.223865861891052
39,OnlineFPCA-adagrad,0.1,5300,100,face,3,5,0.139792919158936,8,2,0.12470349224890616,0.183070478839443,0.3025889323091339,0.054675366984718886,0.07814828110912002,0.22399308609504406
39,OnlineFPCA-adagrad,0.1,5400,100,face,3,5,0.143480777740479,8,2,0.1378146155151578,0.1918596391665294,0.3922338727604506,0.05472210886145239,0.07730020069555162,0.22801601031704055
39,OnlineFPCA-adagrad,0.1,5500,100,face,3,5,0.137061834335327,8,2,0.14367586974185892,0.28436817376404433,0.3609879456949423,0.05591234751365218,0.0823479400495314,0.23486448664786783
39,OnlineFPCA-adagrad,0.1,5600,100,face,3,5,0.14954686164856,8,2,0.12885944469149316,0.16470039435537642,0.21251978416197584,0.05479296210332936,0.08576934105997916,0.23500040248542509
39,OnlineFPCA-adagrad,0.1,5700,100,face,3,5,0.140913963317871,8,2,0.21520329101069674,0.1532652057199484,0.2944557204747647,0.053688608538551126,0.08942041003504939,0.23612396286094584
39,OnlineFPCA-adagrad,0.1,5800,100,face,3,5,0.143661737442017,8,2,0.14727472003764552,0.08966151204880196,0.18347562331137998,0.05487427094315312,0.09155594713361065,0.23335267269341664
39,OnlineFPCA-adagrad,0.1,5900,100,face,3,5,0.134252548217773,8,2,0.1965204703191617,0.22965409609202522,0.2579990757410713,0.052298650260489944,0.09119898642373248,0.2276918150846878
39,OnlineFPCA-adagrad,0.1,6000,100,face,3,5,0.148645639419556,8,2,0.09321427658672354,0.17867787075184924,0.13502393099339116,0.049798522742724664,0.09105393597101473,0.22192738144329607
39,OnlineFPCA-adagrad,0.1,6100,100,face,3,5,0.137691497802734,8,2,0.08597757678113382,0.12401353137303264,0.20280300795257117,0.04764231441460084,0.09090347944191139,0.21295486606940783
39,OnlineFPCA-adagrad,0.1,6200,100,face,3,5,0.146224498748779,8,2,0.19727915263484036,0.24290468819435324,0.21693077259217752,0.04488262546889569,0.09055683090823909,0.2061701612564297
39,OnlineFPCA-adagrad,0.1,6300,100,face,3,5,0.145150423049927,8,2,0.16059961356161942,0.2071788261854852,0.24184892958450852,0.04202021370172769,0.09633762645771672,0.20049117782630355
39,OnlineFPCA-adagrad,0.1,6400,100,face,3,5,0.145287275314331,8,2,0.14835470495123493,0.17147914954822283,0.23007147028382396,0.03916432868911514,0.09466060099087914,0.1928924910682211
39,OnlineFPCA-adagrad,0.1,6500,100,face,3,5,0.141639232635498,8,2,0.0651722240036726,0.18627066482236362,0.2057278045696361,0.037895459294533126,0.09107391834478196,0.19037435427522387
39,OnlineFPCA-adagrad,0.1,6600,100,face,3,5,0.142337799072266,8,2,0.07671424030912978,0.11504132309409837,0.19971642234419595,0.03624557991639141,0.0909263553383388,0.1863086742304843
39,OnlineFPCA-adagrad,0.1,6700,100,face,3,5,0.150019645690918,8,2,0.11102393419041466,0.15585142949541003,0.18937018610863096,0.03664706586350194,0.08810003092746152,0.18095529911096414
39,OnlineFPCA-adagrad,0.1,6800,100,face,3,5,0.144766092300415,8,2,0.1107695001702943,0.20196123816965822,0.25206838190406505,0.03543976706387851,0.08394216540438841,0.17577869557494796
39,OnlineFPCA-adagrad,0.1,6900,100,face,3,5,0.148805618286133,8,2,0.16219444361361038,0.17022779710955002,0.3947154333321158,0.03581346769343443,0.08021339830910527,0.17272078789525025
39,OnlineFPCA-adagrad,0.1,7000,100,face,3,5,0.138221502304077,8,2,0.0834099339782623,0.14117904401783268,0.30402535731281394,0.03632498167074926,0.07804542356513533,0.17016888638554148
39,OnlineFPCA-adagrad,0.1,7100,100,face,3,5,0.146555423736572,8,2,0.1452580179431355,0.14086733138082194,0.27462831463161774,0.036708327111359934,0.0765876497072773,0.16699133913840505
39,OnlineFPCA-adagrad,0.1,7200,100,face,3,5,0.137846946716309,8,2,0.17322763300199143,0.20371686666877714,0.2657645091866621,0.036720060228818595,0.07481808771864558,0.16255310207882645
39,OnlineFPCA-adagrad,0.1,7300,100,face,3,5,0.150370121002197,8,2,0.13532710119026167,0.18357015450064781,0.361990216625959,0.03863589134083302,0.07278318852800017,0.1610544554990653
39,OnlineFPCA-adagrad,0.1,7400,100,face,3,5,0.140524864196777,8,2,0.17051989366855397,0.214830732090486,0.39859823898387886,0.03772028729005501,0.07230943809400343,0.16107984357884142
39,OnlineFPCA-adagrad,0.1,7500,100,face,3,5,0.139660358428955,8,2,0.08306732267159832,0.14540799965308365,0.40695026035442017,0.03783567704541059,0.07025930082900787,0.1639114458247173
39,OnlineFPCA-adagrad,0.1,7600,100,face,3,5,0.136722803115845,8,2,0.09660672113455512,0.138287989209426,0.383515602665692,0.03818555406579675,0.06867111260466177,0.16640865463886256
39,OnlineFPCA-adagrad,0.1,7700,100,face,3,5,0.149409055709839,8,2,0.13846547224688305,0.14977445135971598,0.2717951253767663,0.03788379592884694,0.06753536886641749,0.16815458008276776
39,OnlineFPCA-adagrad,0.1,7800,100,face,3,5,0.142734527587891,8,2,0.16527227975103995,0.18894650359740067,0.3682641107420063,0.036312593253330666,0.06820032214099657,0.17065950943212063
39,OnlineFPCA-adagrad,0.1,7900,100,face,3,5,0.158954381942749,8,2,0.13611171088129925,0.16617826727334165,0.233996860508038,0.033329138187666335,0.067159695915508,0.17139246909610073
39,OnlineFPCA-adagrad,0.1,8000,100,face,3,5,0.139955520629883,8,2,0.06682837752510518,0.11908652873912136,0.23004892735665572,0.03065462638565992,0.06567382468528095,0.1707652802635245
39,OnlineFPCA-adagrad,0.1,8100,100,face,3,5,0.143875598907471,8,2,0.1146795845331485,0.08649033693820311,0.29061512031635234,0.029549053276758268,0.0639335228576132,0.17012577708821583
39,OnlineFPCA-adagrad,0.1,8200,100,face,3,5,0.136602640151978,8,2,0.07074719385190008,0.13755255963639543,0.2987935287793832,0.02845414574924852,0.06319668386973722,0.1716193964092789
39,OnlineFPCA-adagrad,0.1,8300,100,face,3,5,0.15197491645813,8,2,0.10355257163000564,0.18074056797629184,0.41360946573227775,0.027732120947457094,0.061390629240796635,0.17277231968479184
39,OnlineFPCA-adagrad,0.1,8400,100,face,3,5,0.145419120788574,8,2,0.14517520130536554,0.20177203373012811,0.3322150423636673,0.028269067670461,0.059858333457266585,0.17335316579798649
39,OnlineFPCA-adagrad,0.1,8500,100,face,3,5,0.143087148666382,8,2,0.11079508787283601,0.17542034540858575,0.23939933186704787,0.027513231443623293,0.05814882126110675,0.17349465183772553
39,OnlineFPCA-adagrad,0.1,8600,100,face,3,5,0.143224716186523,8,2,0.10672841707172999,0.17079658671781414,0.21008039138200832,0.027298537097744602,0.056910091241108796,0.1744275325130986
39,OnlineFPCA-adagrad,0.1,8700,100,face,3,5,0.142237663269043,8,2,0.1447759195276749,0.16775922583049196,0.35960749331364567,0.028758286192712236,0.055337400328888876,0.1753878105490205
39,OnlineFPCA-adagrad,0.1,8800,100,face,3,5,0.140926361083984,8,2,0.20759191329925802,0.16376604901005656,0.22928703312182921,0.029940913938209808,0.054326122456446975,0.17458731621975793
39,OnlineFPCA-adagrad,0.1,8900,100,face,3,5,0.147152900695801,8,2,0.16420313944356682,0.16345322711056137,0.23831788214340868,0.029699255760810294,0.053997599479448107,0.17225237466368265
39,OnlineFPCA-adagrad,0.1,9000,100,face,3,5,0.146706342697144,8,2,0.11378030764100901,0.1855764666780671,0.3161405127557689,0.028898055696882335,0.05442239919012341,0.16923229151488745
39,OnlineFPCA-adagrad,0.1,9100,100,face,3,5,0.135743856430054,8,2,0.101259890867293,0.3312780982427659,0.3678943543011502,0.02894238074358791,0.055550605235799556,0.16449691431552757
39,OnlineFPCA-adagrad,0.1,9200,100,face,3,5,0.148588180541992,8,2,0.1156490439001246,0.2490502435084137,0.27375338958596773,0.02908904665699586,0.05715002118532178,0.16119316381142104
39,OnlineFPCA-adagrad,0.1,9300,100,face,3,5,0.145239353179932,8,2,0.07778199921328052,0.12842032698070524,0.3568150373653788,0.028663629140598307,0.057857012131418056,0.15976104712542916
39,OnlineFPCA-adagrad,0.1,9400,100,face,3,5,0.154332160949707,8,2,0.1766686656768209,0.09129776479659596,0.23345740497620207,0.028752779642935267,0.057190850215926126,0.1606391947330725
39,OnlineFPCA-adagrad,0.1,9500,100,face,3,5,0.142960786819458,8,2,0.08723302194186991,0.19773249263757492,0.1716698162877308,0.028995305393532768,0.05829222588980297,0.1605419401753027
39,OnlineFPCA-adagrad,0.1,9600,100,face,3,5,0.145498752593994,8,2,0.17355434778053902,0.1808215577467336,0.14658335823056196,0.030551432097597645,0.059083394722378314,0.15931131649757937
39,OnlineFPCA-adagrad,0.1,9700,100,face,3,5,0.139729976654053,8,2,0.12110839716504561,0.17142346132228595,0.14920636428270628,0.03236471286847191,0.05936518251736625,0.15809053872098386
39,OnlineFPCA-adagrad,0.1,9800,100,face,3,5,0.149477243423462,8,2,0.08534014952879757,0.19357945130180443,0.3376976820598918,0.033243797447256744,0.05932742156067573,0.15844277694791267
39,OnlineFPCA-adagrad,0.1,9900,100,face,3,5,0.149327039718628,8,2,0.10419344827389923,0.11635072854501827,0.3692888518042925,0.033573232139288235,0.05979341958851875,0.16128600079746494
39,OnlineFPCA-adagrad,0.1,10000,100,face,3,5,0.149219751358032,8,2,0.10434722231253944,0.19732279873176167,0.40450071607978844,0.03358407536321156,0.06069569309147371,0.1641683387526862
39,OnlineFPCA-adagrad,0.1,10100,100,face,3,5,0.140791416168213,8,2,0.1290138906389551,0.12775814603330835,0.4769754543392639,0.033511162371253865,0.06151976374827869,0.16692954816344655
39,OnlineFPCA-adagrad,0.1,10200,100,face,3,5,0.144335031509399,8,2,0.10889557922846102,0.11417351593363696,0.24380167739692934,0.03305951882142167,0.06022330279370753,0.1680272653271666
39,OnlineFPCA-adagrad,0.1,10300,100,face,3,5,0.139256238937378,8,2,0.10748431552610918,0.15455923006431602,0.2563885093293337,0.032652507418418075,0.059272355942154575,0.16831044695303826
39,OnlineFPCA-adagrad,0.1,10400,100,face,3,5,0.148323774337769,8,2,0.12191344658556191,0.16840882621157316,0.32911902296037693,0.03228254197318811,0.05901018591254386,0.16873818437115792
39,OnlineFPCA-adagrad,0.1,10500,100,face,3,5,0.14667010307312,8,2,0.12453037390007453,0.24700111844416076,0.31631939418876276,0.03203639972431592,0.05969975916382164,0.16964206323784944
39,OnlineFPCA-adagrad,0.1,10600,100,face,3,5,0.136763572692871,8,2,0.11678884528759904,0.14709526196785572,0.19936202239214393,0.03122007453771416,0.06034694245379089,0.16981471861269823
39,OnlineFPCA-adagrad,0.1,10700,100,face,3,5,0.152741193771362,8,2,0.16999090184931853,0.13730777977738887,0.26336760185692515,0.03090307976129067,0.06120528983437679,0.17029014804220985
39,OnlineFPCA-adagrad,0.1,10800,100,face,3,5,0.137437343597412,8,2,0.12821831788493313,0.09657999823158353,0.1602293688097002,0.031413903374728526,0.06185873635755979,0.16989407996270267
39,OnlineFPCA-adagrad,0.1,10900,100,face,3,5,0.14426064491272,8,2,0.16359140646604228,0.20217949757455753,0.2359679821695669,0.03125812454887533,0.06207838394088214,0.16865520074058746
39,OnlineFPCA-adagrad,0.1,11000,100,face,3,5,0.138631105422974,8,2,0.07483904601967184,0.17251160051429268,0.13598480017038717,0.031103965216189865,0.062166314672828196,0.16743622908797287
39,OnlineFPCA-adagrad,0.1,11100,100,face,3,5,0.149791955947876,8,2,0.07917443520910537,0.11350595372977007,0.17313194442682764,0.03075723945358741,0.06214561046393839,0.1656864710727558
39,OnlineFPCA-adagrad,0.1,11200,100,face,3,5,0.137013673782349,8,2,0.16618254949416858,0.21201255195522992,0.18874449189775339,0.03062100092991539,0.06208048307434704,0.1642968348352996
39,OnlineFPCA-adagrad,0.1,11300,100,face,3,5,0.142417430877686,8,2,0.14660534587380772,0.19344445780000336,0.2005881234184482,0.03042999706273587,0.06328277033690059,0.16279980130968583
39,OnlineFPCA-adagrad,0.1,11400,100,face,3,5,0.132346391677856,8,2,0.12555433728211146,0.15419252959490434,0.19085289743167944,0.029898572009521802,0.06299338986813584,0.16105825615124908
39,OnlineFPCA-adagrad,0.1,11500,100,face,3,5,0.143386602401733,8,2,0.04229403252126273,0.14866696376175476,0.1757922344410384,0.02980250257914559,0.0624642324951371,0.16000748874108298
39,OnlineFPCA-adagrad,0.1,11600,100,face,3,5,0.13590931892395,8,2,0.06662206417123476,0.10416142538169419,0.17375966505584303,0.02943383739988425,0.06285431343877243,0.15877019984660734
39,OnlineFPCA-adagrad,0.1,11700,100,face,3,5,0.141135215759277,8,2,0.09526289158201258,0.13344173976924345,0.15889088608862081,0.02976163732529051,0.06260746312524312,0.1572101193487635
39,OnlineFPCA-adagrad,0.1,11800,100,face,3,5,0.138909578323364,8,2,0.09261013350454553,0.1582886796756348,0.2008571526022406,0.029787892296411534,0.06193009874754565,0.15638697630311169
39,OnlineFPCA-adagrad,0.1,11900,100,face,3,5,0.141068696975708,8,2,0.13252743855077995,0.1295608636513073,0.32489819119975577,0.029964003973347007,0.06119290859769495,0.15646779408438785
39,OnlineFPCA-adagrad,0.1,12000,100,face,3,5,0.138181924819946,8,2,0.08429490370678043,0.11453281364436613,0.24023088561185835,0.030089617003970302,0.06103334527538584,0.1566248610949948
39,OnlineFPCA-adagrad,0.1,12100,100,face,3,5,0.138399839401245,8,2,0.11976759521317375,0.1100912844772499,0.21174613304514878,0.030186922617599123,0.060856442623528545,0.15600120070857282
39,OnlineFPCA-adagrad,0.1,12200,100,face,3,5,0.143511056900024,8,2,0.14380756378271692,0.15933870242588252,0.235984305622142,0.030325387579311542,0.0604794058406087,0.15534651983573922
39,OnlineFPCA-adagrad,0.1,12300,100,face,3,5,0.137689352035522,8,2,0.09746790535215048,0.15818247285004713,0.2979147596154216,0.031100453363670306,0.060148891307358135,0.1557055176528034
39,OnlineFPCA-adagrad,0.1,12400,100,face,3,5,0.143795728683472,8,2,0.14705917885466946,0.18794938081458315,0.3350894789854876,0.031049499450439572,0.06013837537587957,0.15653088751440006
39,OnlineFPCA-adagrad,0.1,12500,100,face,3,5,0.135447978973389,8,2,0.06161843700607521,0.13464268662362228,0.34952045642481183,0.031137276263929328,0.059621347815781205,0.15807082581835044
39,OnlineFPCA-adagrad,0.1,12600,100,face,3,5,0.148468732833862,8,2,0.0746459845751403,0.11118703797238402,0.34983194126902484,0.031181317996811325,0.059047137355214406,0.15943038464160433
39,OnlineFPCA-adagrad,0.1,12700,100,face,3,5,0.139462947845459,8,2,0.11970718925955447,0.12345018153818828,0.25918865993997303,0.03102181446220897,0.05848818742848239,0.16045750822787588
39,OnlineFPCA-adagrad,0.1,12800,100,face,3,5,0.147251129150391,8,2,0.14499142707776766,0.1588305972098708,0.336200362943168,0.030369974390033062,0.058595327091200355,0.16173789790615506
39,OnlineFPCA-adagrad,0.1,12900,100,face,3,5,0.13481879234314,8,2,0.11133581149308032,0.13314254862217398,0.22586212390347585,0.02918425086303345,0.058313827637330055,0.16229837631770133
39,OnlineFPCA-adagrad,0.1,13000,100,face,3,5,0.144352436065674,8,2,0.060897881890722434,0.1063388937953774,0.2095098722981779,0.028134605640488534,0.057881211820327814,0.16221898133202922
39,OnlineFPCA-adagrad,0.1,13100,100,face,3,5,0.140210628509521,8,2,0.10020874132407465,0.09033287006496889,0.2523883778967827,0.027611006733443667,0.0573199817830219,0.16205533862359614
39,OnlineFPCA-adagrad,0.1,13200,100,face,3,5,0.146743774414062,8,2,0.06314878944164061,0.10784794208893572,0.27236278676274717,0.027186162747529555,0.05713053112827009,0.16249490951807244
39,OnlineFPCA-adagrad,0.1,13300,100,face,3,5,0.136397838592529,8,2,0.08537639783929887,0.16042568109675806,0.3763500778889458,0.02707344870605114,0.056535693857192267,0.16291010782709026
39,OnlineFPCA-adagrad,0.1,13400,100,face,3,5,0.148804187774658,8,2,0.12884881964466433,0.1741120034054444,0.31130273325529156,0.027547478488865417,0.05590952871187503,0.16319124067867277
39,OnlineFPCA-adagrad,0.1,13500,100,face,3,5,0.136291027069092,8,2,0.10668845965152775,0.14971681103235146,0.2526839530346266,0.027535145765242387,0.0551492117290771,0.16343315771781897
39,OnlineFPCA-adagrad,0.1,13600,100,face,3,5,0.314707517623901,8,2,0.09833493665383553,0.15127825175604764,0.2184846669778734,0.02758979664683825,0.05452232020838339,0.16397265850113174
39,OnlineFPCA-adagrad,0.1,13700,100,face,3,5,0.142369508743286,8,2,0.12800871210924392,0.1581195590813818,0.33745589411459886,0.028207038530892296,0.053692750686221605,0.16462712053595505
39,OnlineFPCA-adagrad,0.1,13800,100,face,3,5,0.143643617630005,8,2,0.17841148211024394,0.12759906703001964,0.20780931134298264,0.02880338969532957,0.05309499074063994,0.1647375208635673
39,OnlineFPCA-adagrad,0.1,13900,100,face,3,5,0.138051986694336,8,2,0.14855956382401936,0.14028806477503603,0.20146271330346058,0.028875609865541635,0.0528677952250703,0.1642257784263006
39,OnlineFPCA-adagrad,0.1,14000,100,face,3,5,0.144035816192627,8,2,0.10085762515195888,0.16506613321637054,0.25487620264159283,0.02863870914823233,0.053026433401653625,0.16333439361807642
39,OnlineFPCA-adagrad,0.1,14100,100,face,3,5,0.139779090881348,8,2,0.09231598348162345,0.3038335484965671,0.2949837622992582,0.028724062128889345,0.05348333396734402,0.1617000918647603
39,OnlineFPCA-adagrad,0.1,14200,100,face,3,5,0.143044471740723,8,2,0.11170861507157163,0.24247117992890616,0.2443148794486695,0.02881048881001802,0.05411201432983474,0.16036444648758488
39,OnlineFPCA-adagrad,0.1,14300,100,face,3,5,0.143005847930908,8,2,0.06996024035005859,0.08457007099695196,0.317149131360008,0.028638344312372447,0.05447952491986744,0.15962907453707506
39,OnlineFPCA-adagrad,0.1,14400,100,face,3,5,0.137603282928467,8,2,0.1502634724610273,0.08727029729969227,0.21258171119679,0.028639839665049675,0.05426234731295817,0.15982281265677542
39,OnlineFPCA-adagrad,0.1,14500,100,face,3,5,0.148953437805176,8,2,0.0754315734746358,0.1744210140266453,0.1686353953863284,0.028746328153413915,0.05482006431528472,0.15970649997684075
39,OnlineFPCA-adagrad,0.1,14600,100,face,3,5,0.136972427368164,8,2,0.1575402633199482,0.169334579490122,0.13654761022025905,0.029483087047507,0.05534095064989807,0.1590570794189766
39,OnlineFPCA-adagrad,0.1,14700,100,face,3,5,0.147501945495605,8,2,0.12175570025643366,0.16308815570686486,0.1434543273865676,0.03040939441718973,0.055631390699297165,0.15837800621177553
39,OnlineFPCA-adagrad,0.1,14800,100,face,3,5,0.140329122543335,8,2,0.08677217021931476,0.1803760503384905,0.28728110465578444,0.03093335984734963,0.05571869289721119,0.1583559804354835
39,OnlineFPCA-adagrad,0.1,14900,100,face,3,5,0.148676156997681,8,2,0.09132944908904612,0.10246896274345482,0.31575802342974824,0.031188024470918053,0.0560158228000614,0.15950633434887762
39,OnlineFPCA-adagrad,0.1,15000,100,face,3,5,0.13748574256897,8,2,0.09131535145060309,0.1768181202499688,0.34196577577363113,0.03127997104595818,0.05648289350978567,0.1607113312039318
39,OnlineFPCA-adagrad,0.1,0,100,face,3,5,6.4053201675415,8,4,0.13571165624240533,0.1863838381641178,0.3520904473894682,0.13571165624240533,0.1863838381641178,0.3520904473894682
39,OnlineFPCA-adagrad,0.1,100,100,face,3,5,0.75402045249939,8,4,0.46858414703672374,0.8090755596641437,0.868042080251181,NA,NA,NA
39,OnlineFPCA-adagrad,0.1,200,100,face,3,5,0.607418060302734,8,4,0.9361776568471629,1.4060755753422642,0.3882306683312273,NA,NA,NA
39,OnlineFPCA-adagrad,0.1,300,100,face,3,5,0.599487543106079,8,4,0.7274164706319438,0.8654579502589826,0.9252302343932973,NA,NA,NA
39,OnlineFPCA-adagrad,0.1,400,100,face,3,5,0.577378034591675,8,4,0.785305357073601,0.7988440844641433,0.8093072207577174,NA,NA,NA
39,OnlineFPCA-adagrad,0.1,500,100,face,3,5,0.584351062774658,8,4,0.5195348224990254,0.582762690059552,0.9635090915610851,NA,NA,NA
39,OnlineFPCA-adagrad,0.1,600,100,face,3,5,0.589381217956543,8,4,0.4331516095138131,0.5948911746274169,0.9565654840180001,NA,NA,NA
39,OnlineFPCA-adagrad,0.1,700,100,face,3,5,0.584984064102173,8,4,0.405652300102891,0.6000793448581341,0.957423041288795,NA,NA,NA
39,OnlineFPCA-adagrad,0.1,800,100,face,3,5,0.61030912399292,8,4,0.39083366482974596,0.5941371943117205,0.9557608337122522,NA,NA,NA
39,OnlineFPCA-adagrad,0.1,900,100,face,3,5,0.599402904510498,8,4,0.37108988833856943,0.5907377777917919,0.953911933947228,NA,NA,NA
39,OnlineFPCA-adagrad,0.1,1000,100,face,3,5,0.586359739303589,8,4,0.3505462275033133,0.5857511023648215,0.9532919686404075,NA,NA,NA
39,OnlineFPCA-adagrad,0.1,1100,100,face,3,5,0.862985849380493,8,4,0.29656793624804983,0.3616270700941994,0.8827272375794526,0.17798918566443064,0.4003397836635465,0.9344604418286088
39,OnlineFPCA-adagrad,0.1,1200,100,face,3,5,0.834771156311035,8,4,0.29647942805827093,0.15237762006018082,0.8934724032807939,0.16065701308444327,0.2724042098004172,0.9276471753835468
39,OnlineFPCA-adagrad,0.1,1300,100,face,3,5,0.825532913208008,8,4,0.25436755212770973,0.3376341801138697,0.8061875891247429,0.13776884280990298,0.2649707776617376,0.901428564120994
39,OnlineFPCA-adagrad,0.1,1400,100,face,3,5,0.880192995071411,8,4,0.2423735564953592,0.34731769661961004,0.7168973665792965,0.1444283319239471,0.2827131179165354,0.8712439363359604
39,OnlineFPCA-adagrad,0.1,1500,100,face,3,5,0.879351377487183,8,4,0.23896169076304852,0.26963879039789496,0.6175346562174543,0.11837366703241528,0.25049593315915636,0.8250078745117163
39,OnlineFPCA-adagrad,0.1,1600,100,face,3,5,0.84246301651001,8,4,0.11514675356577758,0.17442843749962814,0.5567463446804202,0.09867784005388078,0.23516743822542277,0.7804179142172208
39,OnlineFPCA-adagrad,0.1,1700,100,face,3,5,0.865983009338379,8,4,0.20770203105070406,0.21439257388422173,0.4779245018668091,0.08139669500962995,0.22172374613557239,0.7428703761121213
39,OnlineFPCA-adagrad,0.1,1800,100,face,3,5,0.852643013000488,8,4,0.1212724374197933,0.191974295935982,0.41382906993384194,0.07578442675501805,0.21017684542033568,0.6995523306238636
39,OnlineFPCA-adagrad,0.1,1900,100,face,3,5,0.836056232452393,8,4,0.276216361356044,0.2667103229133227,0.31958439731481425,0.06964617706429832,0.2058224716751644,0.6596909711761482
39,OnlineFPCA-adagrad,0.1,2000,100,face,3,5,1.00258040428162,8,4,0.1438385016575979,0.22130648564633562,0.3982582763115678,0.06873285272750149,0.20606551567608677,0.6220320608660389
39,OnlineFPCA-adagrad,0.1,2100,100,face,3,5,0.830893516540527,8,4,0.3010264736115344,0.19500556338047056,0.29020058978945545,0.06425526965055407,0.20481655351916248,0.5916940155494052
39,OnlineFPCA-adagrad,0.1,2200,100,face,3,5,0.76784086227417,8,4,0.2649850254935405,0.2755093671467465,0.30768380281547364,0.05488380405660068,0.20231927701181673,0.550589351308756
39,OnlineFPCA-adagrad,0.1,2300,100,face,3,5,0.798958778381348,8,4,0.35068203907567,0.22389786667586536,0.20488447389924688,0.05378644976818311,0.19775850470288925,0.5044592495378353
39,OnlineFPCA-adagrad,0.1,2400,100,face,3,5,0.754168272018433,8,4,0.300657829672094,0.2579906162670811,0.2535589753232371,0.050215980029726145,0.19502911202839882,0.4643840345658131
39,OnlineFPCA-adagrad,0.1,2500,100,face,3,5,0.730509519577026,8,4,0.15866317167777233,0.2090065531246782,0.22468896537609884,0.047557172774967245,0.1909199195131778,0.4246593173682553
39,OnlineFPCA-adagrad,0.1,2600,100,face,3,5,0.825603246688843,8,4,0.133930266068555,0.1883820757573209,0.2580833017369069,0.04646873774569438,0.18845970879194388,0.39260793180171605
39,OnlineFPCA-adagrad,0.1,2700,100,face,3,5,0.785961866378784,8,4,0.15484677285250506,0.2526187344121608,0.22669523685389636,0.044754467842959514,0.18743125606007843,0.3700503503625566
39,OnlineFPCA-adagrad,0.1,2800,100,face,3,5,0.787838220596313,8,4,0.1840802734047869,0.2512514736104426,0.3241744357994572,0.042110498151914304,0.1845473175527643,0.34363509904687817
39,OnlineFPCA-adagrad,0.1,2900,100,face,3,5,0.813813209533691,8,4,0.17304743156089267,0.2000247640701883,0.1894110497264099,0.03796737767711369,0.1792841700118596,0.32373844042275957
39,OnlineFPCA-adagrad,0.1,3000,100,face,3,5,0.848243236541748,8,4,0.07877499388508226,0.14735716897714823,0.2548027601826986,0.03312229451688687,0.17450246612391723,0.31568527158517135
39,OnlineFPCA-adagrad,0.1,3100,100,face,3,5,0.836513042449951,8,4,0.1392644401168592,0.1400225897689463,0.3059216388620821,0.03123547163066724,0.16903640002802536,0.30964096912712225
39,OnlineFPCA-adagrad,0.1,3200,100,face,3,5,0.844032526016235,8,4,0.08116032679669209,0.21754381813386764,0.3158583323025749,0.02953667157457037,0.1653806717995093,0.3088489580106114
39,OnlineFPCA-adagrad,0.1,3300,100,face,3,5,0.841306209564209,8,4,0.13046433201948107,0.2360299640922797,0.44533666576716097,0.02677191645041668,0.16203349541639084,0.3101720093270191
39,OnlineFPCA-adagrad,0.1,3400,100,face,3,5,0.803638696670532,8,4,0.16980814962634047,0.2599356057439167,0.3426323639934862,0.02370867214784678,0.1607551346069426,0.3096754716957021
39,OnlineFPCA-adagrad,0.1,3500,100,face,3,5,0.836963415145874,8,4,0.11108710918443032,0.22659014166865152,0.17760470589960978,0.018852238589761365,0.15848420439710198,0.3033718293748051
39,OnlineFPCA-adagrad,0.1,3600,100,face,3,5,0.849288463592529,8,4,0.11656244606182592,0.22227070369196195,0.19305298490560688,0.017318261899676984,0.156725469620238,0.29695741580673196
39,OnlineFPCA-adagrad,0.1,3700,100,face,3,5,0.87024998664856,8,4,0.1739430422180595,0.18715322507752188,0.38126197566515974,0.019213563777376885,0.15380060663536832,0.2848066186683189
39,OnlineFPCA-adagrad,0.1,3800,100,face,3,5,0.897523641586304,8,4,0.2547042251463415,0.2360305138141156,0.3021083266901346,0.022226440186116365,0.14974337707778007,0.2677443771506001
39,OnlineFPCA-adagrad,0.1,3900,100,face,3,5,0.905012369155884,8,4,0.1857534928804292,0.20119188752428988,0.3342729903600876,0.022528772964133918,0.14633709604006978,0.24994592625952117
39,OnlineFPCA-adagrad,0.1,4000,100,face,3,5,0.92285943031311,8,4,0.02250937977166183,0.14230081666515396,0.23163426070832158,0.02250937977166183,0.14230081666515396,0.23163426070832158
39,OnlineFPCA-adagrad,0.1,4100,100,face,3,5,0.897038459777832,8,4,0.09825735843203293,0.3265538522379566,0.19334610126895008,0.07203891662619133,0.24303682945475816,0.21827559972447175
39,OnlineFPCA-adagrad,0.1,4200,100,face,3,5,0.8996901512146,8,4,0.11255541174545934,0.2207550776082196,0.21132232069684995,0.09511999743495127,0.2540192445657966,0.15773579857278341
39,OnlineFPCA-adagrad,0.1,4300,100,face,3,5,0.930703163146973,8,4,0.09914699849937872,0.23220604576661297,0.3241363729970423,0.06828264419238714,0.19677374268455097,0.1503255666093392
39,OnlineFPCA-adagrad,0.1,4400,100,face,3,5,0.893878698348999,8,4,0.23317660037078244,0.0964565444952701,0.27126119361640333,0.05784883427003624,0.1430564534762704,0.17556691959947685
39,OnlineFPCA-adagrad,0.1,4500,100,face,3,5,0.906710386276245,8,4,0.11569662230661443,0.2206370454635863,0.13911103641505146,0.04995079930266568,0.12972187907733124,0.1736911240601612
39,OnlineFPCA-adagrad,0.1,4600,100,face,3,5,0.925730228424072,8,4,0.2060299126759011,0.20239099832883903,0.2109450329914058,0.053667891902197354,0.11455506920393874,0.16575383608147753
39,OnlineFPCA-adagrad,0.1,4700,100,face,3,5,0.886289358139038,8,4,0.11200792573603452,0.19580991130189895,0.19965984723954122,0.06532930690757062,0.10629008728467808,0.15900596097797726
39,OnlineFPCA-adagrad,0.1,4800,100,face,3,5,0.922539472579956,8,4,0.08644599518104079,0.22393717962236637,0.4275757728093767,0.0664868060423412,0.10304845300760095,0.16614715584785694
39,OnlineFPCA-adagrad,0.1,4900,100,face,3,5,0.909633874893188,8,4,0.1397286853937701,0.147235848697796,0.45729667555110415,0.06363458758882526,0.1005342078371968,0.1854300183578856
39,OnlineFPCA-adagrad,0.1,5000,100,face,3,5,0.89330005645752,8,4,0.13100776503835612,0.23536599420570375,0.5168297459891742,0.05897616124937543,0.10250822041337439,0.20488284926483227
39,OnlineFPCA-adagrad,0.1,5100,100,face,3,5,0.140105724334717,8,4,0.17869410151917128,0.1366928235592225,0.5881657135042003,0.059133128547852305,0.10333181849488744,0.22548075833109824
39,OnlineFPCA-adagrad,0.1,5200,100,face,3,5,0.14195728302002,8,4,0.14382012265238256,0.15065609989624382,0.2786098634579712,0.057780029631943564,0.09182569522048782,0.23397522778862134
39,OnlineFPCA-adagrad,0.1,5300,100,face,3,5,0.136843919754028,8,4,0.12501525801308308,0.18186581267769258,0.30110624321286567,0.0585366905032932,0.0851251456909327,0.2339420955684715
39,OnlineFPCA-adagrad,0.1,5400,100,face,3,5,0.155758857727051,8,4,0.1381186269917599,0.19107908686458938,0.3904236126165311,0.058834047457207314,0.08335971821011046,0.23818376942276326
39,OnlineFPCA-adagrad,0.1,5500,100,face,3,5,0.135103225708008,8,4,0.14385225433917168,0.28385588486937485,0.3605630772717705,0.06014516319475358,0.08728061722182368,0.2452934912497849
39,OnlineFPCA-adagrad,0.1,5600,100,face,3,5,0.142440557479858,8,4,0.1289688539116321,0.16430465075373668,0.211610213261409,0.05912230104657012,0.09014391009787072,0.24529381371277797
39,OnlineFPCA-adagrad,0.1,5700,100,face,3,5,0.131908416748047,8,4,0.2149843342412092,0.15243886566602924,0.2919317914956709,0.05781097083867754,0.0927851278898018,0.24561233456939574
39,OnlineFPCA-adagrad,0.1,5800,100,face,3,5,0.14393949508667,8,4,0.14726341170118745,0.08806390907316,0.18326764258286707,0.058511862705755154,0.09409725800575115,0.24204515293759762
39,OnlineFPCA-adagrad,0.1,5900,100,face,3,5,0.143758773803711,8,4,0.1965080522228125,0.22953069860244765,0.2558912667505399,0.055697569080265893,0.0929574896623021,0.2360594095020065
39,OnlineFPCA-adagrad,0.1,6000,100,face,3,5,0.144764184951782,8,4,0.0932707378783348,0.17846352076843747,0.133449572241837,0.05304831154869747,0.09268378404097535,0.229388167666345
39,OnlineFPCA-adagrad,0.1,6100,100,face,3,5,0.139591455459595,8,4,0.08603522436789945,0.12327647192411666,0.20015003274605503,0.050650838758184796,0.09228960469468617,0.21966146662169905
39,OnlineFPCA-adagrad,0.1,6200,100,face,3,5,0.155165195465088,8,4,0.19734205983954728,0.24248644495247548,0.21428832713264792,0.047662277555671304,0.09204855569359294,0.21227138114863306
39,OnlineFPCA-adagrad,0.1,6300,100,face,3,5,0.137550592422485,8,4,0.16063997192171367,0.2070136460895289,0.24075642932757557,0.04457075917619491,0.09786327624047872,0.20644157652901263
39,OnlineFPCA-adagrad,0.1,6400,100,face,3,5,0.143721342086792,8,4,0.14839620180341379,0.1719615668977301,0.22824986146172352,0.04166267263379624,0.09650538700990406,0.19875728793262099
39,OnlineFPCA-adagrad,0.1,6500,100,face,3,5,0.14292573928833,8,4,0.06504835616730553,0.186158588337771,0.20468420972539306,0.040216490079229936,0.09288125645458033,0.19604275005742725
39,OnlineFPCA-adagrad,0.1,6600,100,face,3,5,0.147089004516602,8,4,0.07658150320727344,0.11517034046115551,0.19933059789096014,0.03836217801979292,0.09260108040209875,0.19209234742637468
39,OnlineFPCA-adagrad,0.1,6700,100,face,3,5,0.14226222038269,8,4,0.11086887137624796,0.15619654370874606,0.1884045272608373,0.03848612760911573,0.08975824757344675,0.1867829392475284
39,OnlineFPCA-adagrad,0.1,6800,100,face,3,5,0.143300771713257,8,4,0.11072318042674763,0.20210429656004938,0.2511303120467088,0.03705261415536559,0.08567855223323577,0.18113565202640433
39,OnlineFPCA-adagrad,0.1,6900,100,face,3,5,0.14318060874939,8,4,0.16208322463055783,0.17045659300711594,0.393744761583009,0.03726863482334815,0.08206771905376001,0.1774852190121141
39,OnlineFPCA-adagrad,0.1,7000,100,face,3,5,0.142477035522461,8,4,0.08341874075972268,0.14143933147574825,0.3035979541233273,0.037700588006700356,0.0800481404165241,0.17456539432753615
39,OnlineFPCA-adagrad,0.1,7100,100,face,3,5,0.138972759246826,8,4,0.14523720621529876,0.14106996732345753,0.2743538425719975,0.03814269391378215,0.07883310391572021,0.1714496531791806
39,OnlineFPCA-adagrad,0.1,7200,100,face,3,5,0.142691373825073,8,4,0.17313521647090488,0.2038295843476469,0.26518157683503013,0.03806935104179498,0.07727228430731554,0.16664772653957644
39,OnlineFPCA-adagrad,0.1,7300,100,face,3,5,0.147086381912231,8,4,0.13530500904643145,0.18358487521426237,0.3609819786023114,0.039874671338924667,0.07513181845284089,0.16423145544685483
39,OnlineFPCA-adagrad,0.1,7400,100,face,3,5,0.142173290252686,8,4,0.1705747148775789,0.21480630808839157,0.39751633911965145,0.03888618529759173,0.07453983295452014,0.16320274760563436
39,OnlineFPCA-adagrad,0.1,7500,100,face,3,5,0.143808841705322,8,4,0.08300197534918612,0.1451676070365356,0.4057033439509421,0.03900052226596462,0.07244869705880644,0.1649220385980066
39,OnlineFPCA-adagrad,0.1,7600,100,face,3,5,0.138159513473511,8,4,0.09660233791891788,0.13831665031543006,0.38244997894376914,0.03936419872003547,0.07088173104115776,0.16656014146806716
39,OnlineFPCA-adagrad,0.1,7700,100,face,3,5,0.149605989456177,8,4,0.13845042764986146,0.1499957000524577,0.2712893469122206,0.039110872566444826,0.06982886020887019,0.16778146020314494
39,OnlineFPCA-adagrad,0.1,7800,100,face,3,5,0.138944149017334,8,4,0.1652222959811691,0.18906184475614318,0.36738307333377634,0.03757161665143327,0.07045332260109302,0.1697314410522902
39,OnlineFPCA-adagrad,0.1,7900,100,face,3,5,0.14849591255188,8,4,0.13599883740788332,0.16611160729474278,0.23316302191944724,0.03461387998573065,0.0693404855825681,0.1701075868367242
39,OnlineFPCA-adagrad,0.1,8000,100,face,3,5,0.145124197006226,8,4,0.06683444658342154,0.11907993100374324,0.2292338450585943,0.031918661633575235,0.0678297984986684,0.1694893984684646
39,OnlineFPCA-adagrad,0.1,8100,100,face,3,5,0.142057180404663,8,4,0.11466412944441802,0.0865317574961376,0.289691829452313,0.030778635648086625,0.06607412576005672,0.16896839215140408
39,OnlineFPCA-adagrad,0.1,8200,100,face,3,5,0.134848117828369,8,4,0.0707456748390306,0.13774896225968927,0.29808666259601463,0.02958788130083142,0.06533913603773656,0.1707392361929263
39,OnlineFPCA-adagrad,0.1,8300,100,face,3,5,0.139025688171387,8,4,0.10355053290512226,0.18086138421809952,0.412794674698145,0.02871695712084642,0.06362825382482722,0.17229907808183026
39,OnlineFPCA-adagrad,0.1,8400,100,face,3,5,0.135620355606079,8,4,0.14521567559021267,0.2017119733244458,0.3312381266669191,0.029052314821828056,0.062154684672926584,0.1731782561079271
39,OnlineFPCA-adagrad,0.1,8500,100,face,3,5,0.13916802406311,8,4,0.11083116163453083,0.17559468812120815,0.23813380793409034,0.028160306245130183,0.0605619634963041,0.17340107723214146
39,OnlineFPCA-adagrad,0.1,8600,100,face,3,5,0.139787435531616,8,4,0.10668534782589786,0.17075949391016584,0.20905904620743565,0.0278307346468433,0.05939083777634428,0.17432383304084248
39,OnlineFPCA-adagrad,0.1,8700,100,face,3,5,0.144596815109253,8,4,0.14476205140308426,0.16762884795301958,0.35865264841954064,0.02926538583606839,0.05781566524816399,0.17505625307428652
39,OnlineFPCA-adagrad,0.1,8800,100,face,3,5,0.146168231964111,8,4,0.2075563571124623,0.16402900253109232,0.228782224825123,0.030374400098513197,0.05674587334777942,0.17390787612936862
39,OnlineFPCA-adagrad,0.1,8900,100,face,3,5,0.137745141983032,8,4,0.164171836194274,0.16357022968643886,0.2378046372474974,0.02996586465976149,0.05633633163564827,0.17126012196084867
39,OnlineFPCA-adagrad,0.1,9000,100,face,3,5,0.15199875831604,8,4,0.11377123065336373,0.18566000371000235,0.3156687003798991,0.029037284810285703,0.056585091588073594,0.1679143341654255
39,OnlineFPCA-adagrad,0.1,9100,100,face,3,5,0.137739419937134,8,4,0.10125337620166204,0.33128231861618196,0.3671293656774432,0.029009804196924723,0.05755632026472703,0.16282607051392028
39,OnlineFPCA-adagrad,0.1,9200,100,face,3,5,0.150374889373779,8,4,0.1156127601596039,0.24894397933380918,0.27340316028427103,0.02911252932517684,0.058955295581820444,0.1591665875430339
39,OnlineFPCA-adagrad,0.1,9300,100,face,3,5,0.13874077796936,8,4,0.0777513902622425,0.1286444474032934,0.3565363845795503,0.028660569192591853,0.05958006687482611,0.15744074423587642
39,OnlineFPCA-adagrad,0.1,9400,100,face,3,5,0.145136833190918,8,4,0.17659391245014694,0.09134908552062253,0.23329013076626257,0.028685333557889322,0.05887808173356842,0.15807702538692112
39,OnlineFPCA-adagrad,0.1,9500,100,face,3,5,0.136608362197876,8,4,0.08723243223971001,0.19769593709749522,0.17170666378098745,0.028879164202475112,0.059808510296306266,0.15793716448118897
39,OnlineFPCA-adagrad,0.1,9600,100,face,3,5,0.15510630607605,8,4,0.1735128804008157,0.1808276077584731,0.1466045404605494,0.030399255839415332,0.0605075379997367,0.1567819263018584
39,OnlineFPCA-adagrad,0.1,9700,100,face,3,5,0.131167650222778,8,4,0.12111887204492912,0.1714777000738944,0.1491524640698104,0.03221630443565809,0.06075204355053019,0.15565458294118623
39,OnlineFPCA-adagrad,0.1,9800,100,face,3,5,0.14310359954834,8,4,0.08535663388354367,0.19358515412914423,0.3372675100909038,0.03310458393429245,0.06069224932221551,0.15608173980429477
39,OnlineFPCA-adagrad,0.1,9900,100,face,3,5,0.139464855194092,8,4,0.10415613690196562,0.11636591738457464,0.3684084127266315,0.03346291674849278,0.061098841499177804,0.15899618526293025
39,OnlineFPCA-adagrad,0.1,10000,100,face,3,5,0.144258975982666,8,4,0.10432521034532599,0.1973743293229359,0.4030314071077633,0.0335079955122696,0.06195732115072238,0.16201037936856444
39,OnlineFPCA-adagrad,0.1,10100,100,face,3,5,0.142132520675659,8,4,0.1289560400294914,0.12791790953185198,0.4751628716510987,0.03348273593385621,0.06273386202118215,0.16496682524691852
39,OnlineFPCA-adagrad,0.1,10200,100,face,3,5,0.145246505737305,8,4,0.10891650044049199,0.11426209405964519,0.24208999977751514,0.03307498257092012,0.06144434286065238,0.16620377525335234
39,OnlineFPCA-adagrad,0.1,10300,100,face,3,5,0.154378175735474,8,4,0.10748841479401232,0.15482376932133488,0.2548001368102642,0.032740584020813666,0.060483678710331716,0.1665606577218537
39,OnlineFPCA-adagrad,0.1,10400,100,face,3,5,0.136274337768555,8,4,0.12191519495462286,0.1683997930059999,0.32742069426852155,0.03242769895874037,0.060189021160909316,0.1670957536092671
39,OnlineFPCA-adagrad,0.1,10500,100,face,3,5,0.142338514328003,8,4,0.12449828906005282,0.24694396817507575,0.3149253996915344,0.03223934211443972,0.06082734774058832,0.1681309374734764
39,OnlineFPCA-adagrad,0.1,10600,100,face,3,5,0.141886472702026,8,4,0.11679409265263174,0.14697664430543167,0.19779476459593173,0.03147577939982855,0.061444044374573493,0.16838802076440662
39,OnlineFPCA-adagrad,0.1,10700,100,face,3,5,0.144854307174683,8,4,0.1698878838501172,0.13723998640495647,0.2619639134921444,0.03118227555914367,0.06223447856150883,0.16890302889966075
39,OnlineFPCA-adagrad,0.1,10800,100,face,3,5,0.145591020584106,8,4,0.12822021179766702,0.09653020472472679,0.15944146480662788,0.031691319687863595,0.0628190587642056,0.16852249826155005
39,OnlineFPCA-adagrad,0.1,10900,100,face,3,5,0.149837493896484,8,4,0.16362510044047449,0.20218064833077543,0.23499775736592216,0.0315310134942611,0.06296259051906919,0.1673248218346927
39,OnlineFPCA-adagrad,0.1,11000,100,face,3,5,0.13886284828186,8,4,0.07485939243457236,0.17243156006264596,0.13528840385771002,0.03137861136570452,0.06303082784106616,0.16609368681623757
39,OnlineFPCA-adagrad,0.1,11100,100,face,3,5,0.150382280349731,8,4,0.07922138185225343,0.11334488887919472,0.1722333262622729,0.03102317639735943,0.06298447728070707,0.1643190603701161
39,OnlineFPCA-adagrad,0.1,11200,100,face,3,5,0.140774965286255,8,4,0.16625007248559265,0.21173502800420507,0.18757527514953617,0.0308683926712307,0.062921804709249,0.1629251711242488
39,OnlineFPCA-adagrad,0.1,11300,100,face,3,5,0.144534826278687,8,4,0.14660193852279066,0.19323163092491213,0.19966477769325555,0.030655860555155488,0.06411826794194633,0.16146146958627514
39,OnlineFPCA-adagrad,0.1,11400,100,face,3,5,0.139725923538208,8,4,0.1255563550215954,0.15412507205531217,0.18977438415464967,0.03012173968765854,0.0638708851682092,0.15975172892304854
39,OnlineFPCA-adagrad,0.1,11500,100,face,3,5,0.142451524734497,8,4,0.042257427490583546,0.14859845665435506,0.174792216799335,0.030015730052276438,0.06334149000517447,0.15873947280656747
39,OnlineFPCA-adagrad,0.1,11600,100,face,3,5,0.13464879989624,8,4,0.06659316507475674,0.10409758035060057,0.17308887077553048,0.02962652336499547,0.06370401733352578,0.15756545896106933
39,OnlineFPCA-adagrad,0.1,11700,100,face,3,5,0.141861200332642,8,4,0.09518556586001434,0.13348187905392261,0.15828700052816252,0.029931333104970103,0.06344373743291604,0.15605302906203453
39,OnlineFPCA-adagrad,0.1,11800,100,face,3,5,0.14608097076416,8,4,0.09259664697832792,0.15828542406691395,0.2003775342328721,0.029934132158929986,0.06276732010880981,0.155218848024347
39,OnlineFPCA-adagrad,0.1,11900,100,face,3,5,0.134000301361084,8,4,0.13248721262090057,0.1295805373913697,0.32450498440432524,0.030096872296831535,0.06203871977197164,0.15527579148052
39,OnlineFPCA-adagrad,0.1,12000,100,face,3,5,0.142122268676758,8,4,0.0842798231333719,0.11444839871880062,0.23991573339284278,0.030219364931607966,0.06188293502863807,0.15542252504841686
39,OnlineFPCA-adagrad,0.1,12100,100,face,3,5,0.14537501335144,8,4,0.1197599784075238,0.1100354219941899,0.21151036550651434,0.03033479224147895,0.061730442989989136,0.15483028753108552
39,OnlineFPCA-adagrad,0.1,12200,100,face,3,5,0.145662546157837,8,4,0.14377224167666103,0.15930037074947692,0.23558089412335584,0.030469545562583716,0.06138054698830279,0.15415456715969528
39,OnlineFPCA-adagrad,0.1,12300,100,face,3,5,0.141262531280518,8,4,0.09747582339066231,0.15803224324506424,0.2974336007612398,0.0312425733551362,0.061030912753204714,0.15444140423888708
39,OnlineFPCA-adagrad,0.1,12400,100,face,3,5,0.140961408615112,8,4,0.14707546428143964,0.18781063499012923,0.3344896742801667,0.031183340734896686,0.06099661734707779,0.15517854914716772
39,OnlineFPCA-adagrad,0.1,12500,100,face,3,5,0.137722969055176,8,4,0.06159253226296435,0.13435945904924315,0.3487913858093364,0.03127911911513462,0.060464911972723835,0.1566161408940152
39,OnlineFPCA-adagrad,0.1,12600,100,face,3,5,0.141116142272949,8,4,0.07465186065030342,0.11105736025566992,0.3491297091592048,0.03133428535634423,0.05988858364189392,0.1578847114609735
39,OnlineFPCA-adagrad,0.1,12700,100,face,3,5,0.138463973999023,8,4,0.11970479861942701,0.12348383781972427,0.2587125929386207,0.031190992421781534,0.05934351216078017,0.15885081121344943
39,OnlineFPCA-adagrad,0.1,12800,100,face,3,5,0.148015975952148,8,4,0.14496337053234734,0.15885476214991356,0.33557643956641764,0.030548907689384487,0.05944654999511588,0.1600641489493345
39,OnlineFPCA-adagrad,0.1,12900,100,face,3,5,0.138908386230469,8,4,0.11128428891711589,0.13303459162135667,0.22515633715745795,0.029364100519463036,0.059151467624306994,0.16057807124104942
39,OnlineFPCA-adagrad,0.1,13000,100,face,3,5,0.144169807434082,8,4,0.060893243392234675,0.10627312218227665,0.20877890790916104,0.028307179352216584,0.05871200383834819,0.16050386215397686
39,OnlineFPCA-adagrad,0.1,13100,100,face,3,5,0.132470846176147,8,4,0.10019654707321958,0.09021653293046004,0.2516506584376974,0.027780065849655994,0.058143741635869356,0.1603638103276573
39,OnlineFPCA-adagrad,0.1,13200,100,face,3,5,0.149286985397339,8,4,0.06315031981233071,0.10786380817839525,0.2717190203338059,0.027339362740346367,0.057951590631988986,0.16086420561397355
39,OnlineFPCA-adagrad,0.1,13300,100,face,3,5,0.141145944595337,8,4,0.08537571225823094,0.16040563549775938,0.37566620343845397,0.027200558586078078,0.05737179125340293,0.16137120944293806
39,OnlineFPCA-adagrad,0.1,13400,100,face,3,5,0.142178058624268,8,4,0.128865179998459,0.1739761804204775,0.3104326469327168,0.027641319567218898,0.05675615412097099,0.161726693631518
39,OnlineFPCA-adagrad,0.1,13500,100,face,3,5,0.139541149139404,8,4,0.10671855823132179,0.14976816546865912,0.25153112684794704,0.02760200035915032,0.05602005330984661,0.16200237731347644
39,OnlineFPCA-adagrad,0.1,13600,100,face,3,5,0.148394823074341,8,4,0.09832961010218529,0.15114430034379694,0.2174440586010358,0.027634522399224894,0.05540985535696495,0.16255590199561357
39,OnlineFPCA-adagrad,0.1,13700,100,face,3,5,0.139371871948242,8,4,0.1279869185213997,0.157958739720642,0.33664086498733425,0.028251213734411522,0.05458449051008423,0.16318487114267838
39,OnlineFPCA-adagrad,0.1,13800,100,face,3,5,0.147289037704468,8,4,0.17840776836537944,0.1277552235325745,0.207332466796417,0.028838334137356418,0.05398055403659788,0.16324220263126238
39,OnlineFPCA-adagrad,0.1,13900,100,face,3,5,0.139824867248535,8,4,0.1485351165761943,0.14036292240371906,0.20108905381853667,0.02887611323483935,0.05374079082343065,0.162681274978564
39,OnlineFPCA-adagrad,0.1,14000,100,face,3,5,0.140516042709351,8,4,0.10085141062713034,0.16512596021153328,0.2547784816085553,0.02861018094019516,0.05386704705709199,0.1617347685601535
39,OnlineFPCA-adagrad,0.1,14100,100,face,3,5,0.143969535827637,8,4,0.09231348067470697,0.30383350799872194,0.2947918679428595,0.028679388396234882,0.054293581842982636,0.16003770746184715
39,OnlineFPCA-adagrad,0.1,14200,100,face,3,5,0.140328884124756,8,4,0.11169744886675298,0.24241219192543398,0.24411472615488672,0.028755631518989584,0.054882364925635904,0.1586371661808286
39,OnlineFPCA-adagrad,0.1,14300,100,face,3,5,0.148107528686523,8,4,0.06994355920888735,0.08469364336626985,0.3169760934783481,0.028576346999978606,0.05523159190277573,0.1578467165610433
39,OnlineFPCA-adagrad,0.1,14400,100,face,3,5,0.135220050811768,8,4,0.1502223713772806,0.08729758218827281,0.21245423794740634,0.028562655330929682,0.05500763867216387,0.1579928144824532
39,OnlineFPCA-adagrad,0.1,14500,100,face,3,5,0.149803638458252,8,4,0.07542921541656136,0.1743864052229693,0.16865211638942967,0.028656507865351098,0.05552486494326789,0.15786982494581778
39,OnlineFPCA-adagrad,0.1,14600,100,face,3,5,0.139021396636963,8,4,0.15750908015193926,0.16932444822882137,0.13655527986206673,0.02938328432066408,0.056019549992102784,0.15724102049809371
39,OnlineFPCA-adagrad,0.1,14700,100,face,3,5,0.147246599197388,8,4,0.12174901614238053,0.16311654835861034,0.14340458037341433,0.030309629109791777,0.05629665226388039,0.15658748712393383
39,OnlineFPCA-adagrad,0.1,14800,100,face,3,5,0.136029243469238,8,4,0.08677288611846735,0.18037848030139883,0.2870553105410811,0.030836051521917898,0.056375513663783516,0.15658941732930406
39,OnlineFPCA-adagrad,0.1,14900,100,face,3,5,0.149094820022583,8,4,0.09130910301259647,0.10247348471499133,0.31520481386864496,0.03109816622413272,0.05665620119203684,0.1577634368727838
39,OnlineFPCA-adagrad,0.1,15000,100,face,3,5,0.14210057258606,8,4,0.09129606730024395,0.1768360258507273,0.34100677947725955,0.031198686177098117,0.05711144251184333,0.1590051340782426
