seed,Method,StepSize,N,Ninit,initMethod,npc,nBatch,Time,C,W,RMSEphi1,RMSEphi2,RMSEphi3,RMSEphi1.avg,RMSEphi2.avg,RMSEphi3.avg
11,OnlineFPCA-sgd,0.1,0,100,face,3,5,6.36265110969543,3,1,0.2570427630092802,1.5239647619635333,1.5185662068465793,0.2570427630092802,1.5239647619635333,1.5185662068465793
11,OnlineFPCA-sgd,0.1,100,100,face,3,5,0.340831279754639,3,1,1.0725119286797733,1.8650791523881647,1.8930488931269147,NA,NA,NA
11,OnlineFPCA-sgd,0.1,200,100,face,3,5,0.20212197303772,3,1,1.0529169996192342,1.8292649669457584,1.8308202643513598,NA,NA,NA
11,OnlineFPCA-sgd,0.1,300,100,face,3,5,0.202469825744629,3,1,1.0206980555993745,1.8044032276639053,1.8080412893354225,NA,NA,NA
11,OnlineFPCA-sgd,0.1,400,100,face,3,5,0.201037168502808,3,1,0.6528060802670637,1.7360197037688792,1.7915633668359727,NA,NA,NA
11,OnlineFPCA-sgd,0.1,500,100,face,3,5,0.201866865158081,3,1,0.4951761853268734,1.671496798239195,1.6240478600550923,NA,NA,NA
11,OnlineFPCA-sgd,0.1,600,100,face,3,5,0.190989971160889,3,1,0.49051751387567033,1.6716347738608746,1.6238453331186562,NA,NA,NA
11,OnlineFPCA-sgd,0.1,700,100,face,3,5,0.20474100112915,3,1,0.4833573265522451,1.6720049305787796,1.6233010965994719,NA,NA,NA
11,OnlineFPCA-sgd,0.1,800,100,face,3,5,0.20464301109314,3,1,0.46079759176568963,1.677896989311699,1.616764021811891,NA,NA,NA
11,OnlineFPCA-sgd,0.1,900,100,face,3,5,0.360249042510986,3,1,0.4096337078074384,1.711793280092662,1.651471776688376,NA,NA,NA
11,OnlineFPCA-sgd,0.1,1000,100,face,3,5,0.189671039581299,3,1,0.3910619523800906,1.7141568830657588,1.6591957016843133,NA,NA,NA
11,OnlineFPCA-sgd,0.1,1100,100,face,3,5,0.272939920425415,3,1,1.146551799104615,1.3109500583113007,1.3668553181806071,0.5118637375812024,1.4655116827088726,1.4146071267480558
11,OnlineFPCA-sgd,0.1,1200,100,face,3,5,0.253440380096436,3,1,0.9170151208505524,1.3252654006687201,1.2833013961382496,0.5866191881863836,1.388088623934953,1.3418664498463935
11,OnlineFPCA-sgd,0.1,1300,100,face,3,5,0.249125003814697,3,1,0.667787196798745,1.3240291632675614,1.2731499107707163,0.6124696025970127,1.365839269393195,1.3207679055654726
11,OnlineFPCA-sgd,0.1,1400,100,face,3,5,0.251777648925781,3,1,1.0718792490780884,0.7934824554410517,1.20439466346446,0.5916948290749113,1.2914782122889492,1.2460661908890305
11,OnlineFPCA-sgd,0.1,1500,100,face,3,5,0.247977495193481,3,1,0.4865597748495377,0.7915424927483593,0.7289929084159976,0.5676834767834603,1.191391045336945,1.134266281824084
11,OnlineFPCA-sgd,0.1,1600,100,face,3,5,0.249059915542603,3,1,0.48600252093081386,0.791254358695961,0.7288612147499074,0.5525104460751479,1.1251140184635362,1.0643091153368167
11,OnlineFPCA-sgd,0.1,1700,100,face,3,5,0.249574661254883,3,1,0.48541563251453157,0.7909832668444621,0.7287758479439842,0.541926720114693,1.0778161619716171,1.0151872539528253
11,OnlineFPCA-sgd,0.1,1800,100,face,3,5,0.244252443313599,3,1,0.4846836044159502,0.7905771685958867,0.7285756790400775,0.5341035042048781,1.0422761213650282,0.9786922119163745
11,OnlineFPCA-sgd,0.1,1900,100,face,3,5,0.244436979293823,3,1,0.4841947642961687,0.7903793821755241,0.7284582920282423,0.5280779029354823,1.01456572599058,0.9504674150966004
11,OnlineFPCA-sgd,0.1,2000,100,face,3,5,0.246025323867798,3,1,0.48338217171076436,0.7899912307484337,0.7284754830883762,0.5232757546067677,0.9923362260177763,0.9279826247912482
11,OnlineFPCA-sgd,0.1,2100,100,face,3,5,0.242247581481934,3,1,0.4791792516399047,0.7891854934604969,0.7278899682257363,0.5192192213436074,0.9740857807025473,0.9096212509549718
11,OnlineFPCA-sgd,0.1,2200,100,face,3,5,0.240297555923462,3,1,0.47664451823180576,0.7878841082376239,0.7267890307700711,0.5155535387223783,0.9587614846419298,0.8942724298394729
11,OnlineFPCA-sgd,0.1,2300,100,face,3,5,0.241376638412476,3,1,0.4731978652706504,0.786396040452655,0.7267264075766674,0.5122741606318231,0.9457024402175073,0.8812970554318853
11,OnlineFPCA-sgd,0.1,2400,100,face,3,5,0.254245042800903,3,1,0.467119519639337,0.7848342945498255,0.7251477467317975,0.5091278726075031,0.9344041763277663,0.8700859836139025
11,OnlineFPCA-sgd,0.1,2500,100,face,3,5,0.24205756187439,3,1,0.4647180664082441,0.7828502150723137,0.724339897703621,0.5061432933915593,0.924505612088261,0.8603243750264815
11,OnlineFPCA-sgd,0.1,2600,100,face,3,5,0.244996309280396,3,1,0.46235648824093406,0.7817554494355682,0.7236181230036712,0.5033278068850423,0.915730895302911,0.8517187415721836
11,OnlineFPCA-sgd,0.1,2700,100,face,3,5,0.244769811630249,3,1,0.45969894963320573,0.7815411212369159,0.7234683475767285,0.50072427551897,0.9079279506004844,0.8441290970713164
11,OnlineFPCA-sgd,0.1,2800,100,face,3,5,0.247089385986328,3,1,0.45670385858568435,0.780745418839377,0.7232999799359676,0.49825034985852157,0.9009676089767915,0.8373643383702296
11,OnlineFPCA-sgd,0.1,2900,100,face,3,5,0.24615216255188,3,1,0.45169049737293693,0.7790344741164641,0.7225297650831596,0.49586197296354,0.894681094060338,0.8312912140703613
11,OnlineFPCA-sgd,0.1,3000,100,face,3,5,0.245155811309814,3,1,0.4480399522547057,0.7785788364078102,0.7217204624129703,0.49349440783556153,0.8889580495503626,0.8257790489419498
11,OnlineFPCA-sgd,0.1,3100,100,face,3,5,0.246554851531982,3,1,0.4450286934289693,0.7773486005694172,0.72112590585889,0.4912153630691927,0.8837513694528664,0.820757925605201
11,OnlineFPCA-sgd,0.1,3200,100,face,3,5,0.270460844039917,3,1,0.4403196642793791,0.7753499209821555,0.7202066289446277,0.4889501575560268,0.8789301969883359,0.8161595069038956
11,OnlineFPCA-sgd,0.1,3300,100,face,3,5,0.248006343841553,3,1,0.4381543311130803,0.7750903403820649,0.7204862067297858,0.48676554025881474,0.8744702618578195,0.811939485080116
11,OnlineFPCA-sgd,0.1,3400,100,face,3,5,0.250543832778931,3,1,0.4367779579097085,0.7741828743632388,0.7202168236549865,0.48468402421257134,0.8703337053410481,0.8080744480656462
11,OnlineFPCA-sgd,0.1,3500,100,face,3,5,0.248812437057495,3,1,0.43253809809173477,0.7726776454782739,0.719117936137165,0.482676095137914,0.8664851680501926,0.8044941138412541
11,OnlineFPCA-sgd,0.1,3600,100,face,3,5,0.250554800033569,3,1,0.4314235475455584,0.7723395355777862,0.7184610403330408,0.4807268065987786,0.8628945956690556,0.8011519211543349
11,OnlineFPCA-sgd,0.1,3700,100,face,3,5,0.247663974761963,3,1,0.42653168783528483,0.7709672128429959,0.7173853053677588,0.4787934708958105,0.8595501496996504,0.7980289865185533
11,OnlineFPCA-sgd,0.1,3800,100,face,3,5,0.251402616500854,3,1,0.42263660585516394,0.7703694820045198,0.7169158411280824,0.47685240733019785,0.8564035676315206,0.7951026390393091
11,OnlineFPCA-sgd,0.1,3900,100,face,3,5,0.24981689453125,3,1,0.4202337431674903,0.7693533459013903,0.7175974053588432,0.47491846967313894,0.8534400853153463,0.7923822931251967
11,OnlineFPCA-sgd,0.1,4000,100,face,3,5,0.248059034347534,3,1,0.4730113561996672,0.8506298117285235,0.7898318037029607,0.4730113561996672,0.8506298117285235,0.7898318037029607
11,OnlineFPCA-sgd,0.1,4100,100,face,3,5,0.247133731842041,3,1,0.46987461704695854,0.8496256558590047,0.7893346769100105,0.4708897902839343,0.8501016384725638,0.7895356015945736
11,OnlineFPCA-sgd,0.1,4200,100,face,3,5,0.24995493888855,3,1,0.46652583374589873,0.8476599423659842,0.7890240543774604,0.46936712767220923,0.8492499507218564,0.7894375369557785
11,OnlineFPCA-sgd,0.1,4300,100,face,3,5,0.246469736099243,3,1,0.46353392593173354,0.8466280271486087,0.7884217006279748,0.4678954925172453,0.8485226729535335,0.7891333238535755
11,OnlineFPCA-sgd,0.1,4400,100,face,3,5,0.247598648071289,3,1,0.4599168625400587,0.8454683095291826,0.7871611234896309,0.46633451553626704,0.8479197320296106,0.7887913752732912
11,OnlineFPCA-sgd,0.1,4500,100,face,3,5,0.250921964645386,3,1,0.45683445578415455,0.8448023148343735,0.7868079328997105,0.4646442818345389,0.8473437766825487,0.7883847305413063
11,OnlineFPCA-sgd,0.1,4600,100,face,3,5,0.24806809425354,3,1,0.4538265430815099,0.8435731357415501,0.7860545603599669,0.46308556867769524,0.8468203784426348,0.7880580284079431
11,OnlineFPCA-sgd,0.1,4700,100,face,3,5,0.251628875732422,3,1,0.45179684864322006,0.8427567677804602,0.7859930272683957,0.4615876033716373,0.8462798155875416,0.7877512001569492
11,OnlineFPCA-sgd,0.1,4800,100,face,3,5,0.246863126754761,3,1,0.4489996780021329,0.8420044209319766,0.7857111011473965,0.4601979749185909,0.845775655270914,0.7874921616758854
11,OnlineFPCA-sgd,0.1,4900,100,face,3,5,0.247848510742188,3,1,0.445245164339952,0.8399334480478576,0.7844766307239012,0.45875480853146366,0.8452355397249225,0.7872046593019113
11,OnlineFPCA-sgd,0.1,5000,100,face,3,5,0.252520322799683,3,1,0.44127082506587495,0.8394434373510914,0.7836293976585322,0.4572203227605807,0.8446713794335924,0.7868894204272203
11,OnlineFPCA-sgd,0.1,5100,100,face,3,5,0.0961766242980957,3,1,0.4377762512785984,0.837269247204928,0.7833822145990598,0.45557663704371076,0.8440839166738829,0.7865690385948945
11,OnlineFPCA-sgd,0.1,5200,100,face,3,5,0.252691745758057,3,1,0.43549648666833574,0.8369002520971635,0.7826695687364785,0.45398305252469845,0.843489982096116,0.7862629692662939
11,OnlineFPCA-sgd,0.1,5300,100,face,3,5,0.0953438282012939,3,1,0.4325532084699907,0.8370784621270293,0.782066662301153,0.4524220205288119,0.8429770427929419,0.7859484629750002
11,OnlineFPCA-sgd,0.1,5400,100,face,3,5,0.0997309684753418,3,1,0.4278152467372774,0.8362068214148304,0.781385039340291,0.4507952840523896,0.8424959030754889,0.785630281176329
11,OnlineFPCA-sgd,0.1,5500,100,face,3,5,0.0941617488861084,3,1,0.42457991471090495,0.8349355432622605,0.7809664855716275,0.44916464084579544,0.842018055361562,0.785322503150672
11,OnlineFPCA-sgd,0.1,5600,100,face,3,5,0.098442554473877,3,1,0.42003801888089576,0.8340239043373061,0.7803143024247076,0.4474708975094984,0.8415208338777691,0.7850089708511682
11,OnlineFPCA-sgd,0.1,5700,100,face,3,5,0.0996994972229004,3,1,0.4173114738098605,0.8331375257173077,0.7800757426286318,0.44576640815991075,0.841020513387509,0.7847079824198447
11,OnlineFPCA-sgd,0.1,5800,100,face,3,5,0.102193832397461,3,1,0.4144400635918778,0.8329132656569203,0.7800268085410627,0.44410026016977366,0.8405657276971873,0.7844247994509785
11,OnlineFPCA-sgd,0.1,5900,100,face,3,5,0.0941314697265625,3,1,0.41199403458613604,0.8322666701137664,0.7795871609501622,0.44247677131432583,0.8401362689726886,0.784163690570918
11,OnlineFPCA-sgd,0.1,6000,100,face,3,5,0.0992913246154785,3,1,0.408203011305607,0.8309140443067914,0.7785863078139653,0.4408655987553507,0.8396911814561755,0.7838777301474616
11,OnlineFPCA-sgd,0.1,6100,100,face,3,5,0.0941729545593262,3,1,0.40600396642072123,0.8298660740078276,0.7780806351377213,0.43924242895481724,0.839225424378258,0.783587749607515
11,OnlineFPCA-sgd,0.1,6200,100,face,3,5,0.0997798442840576,3,1,0.40283492766891954,0.8287957275773459,0.7772890341960569,0.4376346171898493,0.838742609599779,0.7833007254956538
11,OnlineFPCA-sgd,0.1,6300,100,face,3,5,0.0942182540893555,3,1,0.39805740400465484,0.8282033294661447,0.7767890910771363,0.4359759656637034,0.8382667221774975,0.7829986765821727
11,OnlineFPCA-sgd,0.1,6400,100,face,3,5,0.100525856018066,3,1,0.393935865944381,0.8268892901980045,0.7766794113724189,0.4342907008189198,0.8377870325944755,0.7827105121043595
11,OnlineFPCA-sgd,0.1,6500,100,face,3,5,0.0946781635284424,3,1,0.39186712340284163,0.8260307866800439,0.7763209904383485,0.4326380304266159,0.8373108138453452,0.7824358307547687
11,OnlineFPCA-sgd,0.1,6600,100,face,3,5,0.101425409317017,3,1,0.3889921246691213,0.8253883856017722,0.7759511452779326,0.4310002582386255,0.8368308815717443,0.7821686329491057
11,OnlineFPCA-sgd,0.1,6700,100,face,3,5,0.0960509777069092,3,1,0.3863693871478032,0.8246895461456014,0.7755671114695466,0.4293759894146438,0.8363692357330104,0.7819042795303709
11,OnlineFPCA-sgd,0.1,6800,100,face,3,5,0.0998561382293701,3,1,0.3830720736996905,0.8232259486123163,0.7748643537336831,0.42776628613444506,0.8358910026785527,0.7816375099691223
11,OnlineFPCA-sgd,0.1,6900,100,face,3,5,0.0950884819030762,3,1,0.3812849980209855,0.8225615976990707,0.7745033880414166,0.42617858862275654,0.8354107241791078,0.7813665893488877
11,OnlineFPCA-sgd,0.1,7000,100,face,3,5,0.100335597991943,3,1,0.3779660858137027,0.8213491199542556,0.7749570171664146,0.4246083099295303,0.8349272895163886,0.7811197593027209
11,OnlineFPCA-sgd,0.1,7100,100,face,3,5,0.0955350399017334,3,1,0.37522850236452204,0.8209710515368719,0.7748338648941625,0.42306182291849964,0.8344537668598082,0.7808885874363893
11,OnlineFPCA-sgd,0.1,7200,100,face,3,5,0.10009241104126,3,1,0.3738509318359123,0.820273499127213,0.774301705269849,0.42153807416618627,0.8339859539793079,0.7806558021529002
11,OnlineFPCA-sgd,0.1,7300,100,face,3,5,0.0946369171142578,3,1,0.37204189737546123,0.8195021392292159,0.7743731902567976,0.42006428703986,0.8335276519031984,0.780441261228656
11,OnlineFPCA-sgd,0.1,7400,100,face,3,5,0.100757122039795,3,1,0.36785508072411677,0.8188940615317664,0.773741759352883,0.41858354815056026,0.8330758804266575,0.7802153790545661
11,OnlineFPCA-sgd,0.1,7500,100,face,3,5,0.0953795909881592,3,1,0.3664952130358122,0.817774345809366,0.773503267840706,0.41711385056818895,0.8326258913297008,0.7799945793544641
11,OnlineFPCA-sgd,0.1,7600,100,face,3,5,0.101430892944336,3,1,0.3652684468471107,0.8172006513511998,0.773261900518454,0.41567134701556807,0.8321724492264583,0.7797731696209927
11,OnlineFPCA-sgd,0.1,7700,100,face,3,5,0.0954520702362061,3,1,0.36349557562776563,0.8170998759949092,0.7732634223739507,0.4142707774868345,0.8317293982198017,0.7795684967951513
11,OnlineFPCA-sgd,0.1,7800,100,face,3,5,0.101894378662109,3,1,0.3615181042036125,0.8168214825850116,0.7734038171861712,0.41288931136076074,0.8313086058112984,0.7793705070786208
11,OnlineFPCA-sgd,0.1,7900,100,face,3,5,0.0947003364562988,3,1,0.35811037180601174,0.8159680272297476,0.7730707459550187,0.41152040513415,0.8308961645457957,0.7791813794244239
11,OnlineFPCA-sgd,0.1,8000,100,face,3,5,0.101174831390381,3,1,0.3558243017282458,0.8159547528978843,0.7727120459305078,0.41013731728517566,0.8304901089288443,0.778989326265146
11,OnlineFPCA-sgd,0.1,8100,100,face,3,5,0.0959231853485107,3,1,0.3540931223783222,0.8155535849692374,0.7725606795649359,0.40877632567634364,0.8301033047983287,0.7787978306133551
11,OnlineFPCA-sgd,0.1,8200,100,face,3,5,0.0998399257659912,3,1,0.3509515419446354,0.8143682429892233,0.7721759161804066,0.40741218231818266,0.8297091247318599,0.778608828608871
11,OnlineFPCA-sgd,0.1,8300,100,face,3,5,0.0946052074432373,3,1,0.34970954704593626,0.8143786836511878,0.7724686822695966,0.4060743975022511,0.8293174029783836,0.778424423468254
11,OnlineFPCA-sgd,0.1,8400,100,face,3,5,0.0995485782623291,3,1,0.3491533589462559,0.813978287756071,0.7724985261998645,0.4047726052686142,0.8289315356642092,0.7782542461875074
11,OnlineFPCA-sgd,0.1,8500,100,face,3,5,0.0947282314300537,3,1,0.34640477061285424,0.813194896769941,0.7720707397823059,0.40350334041634855,0.828551539944561,0.7780880879404866
11,OnlineFPCA-sgd,0.1,8600,100,face,3,5,0.10034704208374,3,1,0.34628739061166364,0.8131816984022638,0.7716808958895481,0.4022650910336899,0.8281780155033701,0.777917986129306
11,OnlineFPCA-sgd,0.1,8700,100,face,3,5,0.0949187278747559,3,1,0.3431990375878059,0.8125172533854346,0.7713342910203809,0.40103625229870205,0.8278185214395162,0.7777476528962379
11,OnlineFPCA-sgd,0.1,8800,100,face,3,5,0.101125240325928,3,1,0.3404136669388403,0.8122485430775596,0.7712606841813373,0.399800355690965,0.8274613352464596,0.7775784363289306
11,OnlineFPCA-sgd,0.1,8900,100,face,3,5,0.0943601131439209,3,1,0.3389602395081598,0.8116879757967529,0.7718767081339157,0.3985623073234045,0.8271082821992845,0.7774234935177369
11,OnlineFPCA-sgd,0.1,9000,100,face,3,5,0.100840330123901,3,1,0.3364792961491626,0.8111763034257882,0.7712551177822367,0.3973337076459639,0.8267555575797936,0.7772743274727808
11,OnlineFPCA-sgd,0.1,9100,100,face,3,5,0.0949840545654297,3,1,0.33493993098547414,0.8106779773909617,0.7711244582003838,0.39611623059753825,0.8264087383969553,0.7771210897546529
11,OnlineFPCA-sgd,0.1,9200,100,face,3,5,0.100410938262939,3,1,0.3326455842875715,0.809625260973246,0.7709361230535487,0.3949098190658203,0.8260560303215999,0.7769731330718195
11,OnlineFPCA-sgd,0.1,9300,100,face,3,5,0.0944185256958008,3,1,0.3307757859386572,0.8091642554033123,0.7707108038307143,0.39371552124506237,0.8257038956068952,0.7768221910276176
11,OnlineFPCA-sgd,0.1,9400,100,face,3,5,0.100903272628784,3,1,0.3285942610053643,0.8084598931969824,0.7701018888063803,0.3925267484183341,0.8253542996290142,0.7766699520545701
11,OnlineFPCA-sgd,0.1,9500,100,face,3,5,0.0957403182983398,3,1,0.32654047369883354,0.80808373532904465,0.7700361543547956,0.39133395327775955,0.8250046976745282,0.7765140063225943
11,OnlineFPCA-sgd,0.1,9600,100,face,3,5,0.0987174510955811,3,1,0.3247088406976537,0.8075141291493028,0.7696739116267332,0.39015502729841267,0.8246589057941179,0.7763623387863567
11,OnlineFPCA-sgd,0.1,9700,100,face,3,5,0.0941126346588135,3,1,0.32379606197554045,0.8071780158398087,0.7697718348813661,0.3889894355078062,0.8243142912014395,0.7762114422747469
11,OnlineFPCA-sgd,0.1,9800,100,face,3,5,0.0979421138763428,3,1,0.3225901705623155,0.8069498597729067,0.769722837440347,0.38784883739679477,0.8239764505512261,0.7760645044030139
11,OnlineFPCA-sgd,0.1,9900,100,face,3,5,0.0934736728668213,3,1,0.3206604791604494,0.8058752260314028,0.7690929299336788,0.3867244174208284,0.8236394817940458,0.7759166356696157
11,OnlineFPCA-sgd,0.1,10000,100,face,3,5,0.0985369682312012,3,1,0.31807584107412074,0.8057052136673123,0.7687472530874625,0.38560076247835323,0.8233017539513605,0.7757665668707819
11,OnlineFPCA-sgd,0.1,10100,100,face,3,5,0.0933091640472412,3,1,0.3157733673857676,0.8044308368350379,0.768757258530116,0.38446545591434866,0.8229615185204091,0.7756156462053101
11,OnlineFPCA-sgd,0.1,10200,100,face,3,5,0.0986032485961914,3,1,0.3147067707562405,0.8043779806962169,0.7683616908171456,0.3833428028414967,0.8226211801203807,0.7754665546050842
11,OnlineFPCA-sgd,0.1,10300,100,face,3,5,0.0928483009338379,3,1,0.3129604166095958,0.8046236521377776,0.7680244689701421,0.38223190264625423,0.8222939836373925,0.7753156551029712
11,OnlineFPCA-sgd,0.1,10400,100,face,3,5,0.0986735820770264,3,1,0.30986278017502844,0.8042193526713086,0.7676294960097059,0.3811172459253314,0.8219736583933139,0.7751639044180688
11,OnlineFPCA-sgd,0.1,10500,100,face,3,5,0.0928220748901367,3,1,0.30801813379437576,0.8035445455353103,0.7676157162354093,0.3800079300091246,0.8216565348349274,0.7750140971295744
11,OnlineFPCA-sgd,0.1,10600,100,face,3,5,0.0989913940429688,3,1,0.3048500497844342,0.8030170471060041,0.7673320140397395,0.37888879410942394,0.8213371563279579,0.774864313489454
11,OnlineFPCA-sgd,0.1,10700,100,face,3,5,0.0932023525238037,3,1,0.30318818382341595,0.8026177904346578,0.7673098396520767,0.37776623009793237,0.8210175718582037,0.7747168077871415
11,OnlineFPCA-sgd,0.1,10800,100,face,3,5,0.0993216037750244,3,1,0.3013361797549697,0.802594607746095,0.7673848708486819,0.3766512376462354,0.8207081223243856,0.7745720733350693
11,OnlineFPCA-sgd,0.1,10900,100,face,3,5,0.093336820602417,3,1,0.300109959995699,0.802329971957288,0.7671928858775594,0.375546775415773,0.8204052599804126,0.7744310258953785
11,OnlineFPCA-sgd,0.1,11000,100,face,3,5,0.100537300109863,3,1,0.2976468902196214,0.8016266148049459,0.7665753129896881,0.3744462468526515,0.820101523748265,0.7742848867322887
11,OnlineFPCA-sgd,0.1,11100,100,face,3,5,0.0938067436218262,3,1,0.29629416658285546,0.8011014720131131,0.7663150367576294,0.37334706325530725,0.8197959384060056,0.774137922098508
11,OnlineFPCA-sgd,0.1,11200,100,face,3,5,0.0994057655334473,3,1,0.29409979128876046,0.8005745994293634,0.7659240495461506,0.37225171389744255,0.8194876634356134,0.773991179373042
11,OnlineFPCA-sgd,0.1,11300,100,face,3,5,0.0936579704284668,3,1,0.29096798028590837,0.8003219441071688,0.7657030290524358,0.37114591244960315,0.8191823799440279,0.7738411472768827
11,OnlineFPCA-sgd,0.1,11400,100,face,3,5,0.0993363857269287,3,1,0.28828529394441266,0.7996104962837834,0.765797246410866,0.37003677942096996,0.8188775543338244,0.7736945925138304
11,OnlineFPCA-sgd,0.1,11500,100,face,3,5,0.0939438343048096,3,1,0.28706498370260153,0.7991668729093667,0.7656758547487023,0.3689345448191731,0.8185740590817678,0.7735513827604344
11,OnlineFPCA-sgd,0.1,11600,100,face,3,5,0.0972135066986084,3,1,0.2850719284758094,0.7988438052753992,0.7655433123993184,0.36783737766331803,0.8182707000720156,0.7734100022648692
11,OnlineFPCA-sgd,0.1,11700,100,face,3,5,0.0947256088256836,3,1,0.2834966994651171,0.7984492340592039,0.765331285394174,0.3667415227423992,0.8179717182706073,0.7732691621215313
11,OnlineFPCA-sgd,0.1,11800,100,face,3,5,0.100473880767822,3,1,0.28109279317540997,0.7975310978311694,0.7649086575389963,0.3656515676827274,0.8176694098333663,0.7731270284146787
11,OnlineFPCA-sgd,0.1,11900,100,face,3,5,0.0947535037994385,3,1,0.27997120419377974,0.7971569101049059,0.7647058664628916,0.3645667910689244,0.8173666239761752,0.7729835517594146
11,OnlineFPCA-sgd,0.1,12000,100,face,3,5,0.101376295089722,3,1,0.2776421909128411,0.7964959900785267,0.765267393786698,0.3634870009852176,0.8170635535462014,0.7728465785299066
11,OnlineFPCA-sgd,0.1,12100,100,face,3,5,0.0948026180267334,3,1,0.27592483105809457,0.7962929057419883,0.7652946504968268,0.36241462503696503,0.8167632417825852,0.7727145810547557
11,OnlineFPCA-sgd,0.1,12200,100,face,3,5,0.101439714431763,3,1,0.2753664600398138,0.7958618626929697,0.7649944369782377,0.36135249083052534,0.8164645045149909,0.7725824231011652
11,OnlineFPCA-sgd,0.1,12300,100,face,3,5,0.0954737663269043,3,1,0.27438584658471377,0.795414377082202,0.7651076109422086,0.3603074926026423,0.8161689188868857,0.7724556468616837
11,OnlineFPCA-sgd,0.1,12400,100,face,3,5,0.109490156173706,3,1,0.2714212704400725,0.7951788523749955,0.7648407109318331,0.3592634599614484,0.8158763427399619,0.7723260480203783
11,OnlineFPCA-sgd,0.1,12500,100,face,3,5,0.0951912403106689,3,1,0.2707678921029652,0.79453495467753,0.7647935654482014,0.3582245850178986,0.8155849161009711,0.7721988375511465
11,OnlineFPCA-sgd,0.1,12600,100,face,3,5,0.102095365524292,3,1,0.27035028526934213,0.7941933136722376,0.7647353217892496,0.3571989372489045,0.8152932334401035,0.7720728205697075
11,OnlineFPCA-sgd,0.1,12700,100,face,3,5,0.0955989360809326,3,1,0.26903722608005043,0.7940871924184247,0.7647927450648088,0.3561879983199524,0.8150044450602725,0.7719524256507441
11,OnlineFPCA-sgd,0.1,12800,100,face,3,5,0.10092306137085,3,1,0.26770743221739923,0.7940281956180292,0.7650024649516833,0.355183302103825,0.8147229789319531,0.771833927388155
11,OnlineFPCA-sgd,0.1,12900,100,face,3,5,0.0950987339019775,3,1,0.26525084778368413,0.7935170830012243,0.7648581884054312,0.3541843174788834,0.8144448597583763,0.7717189630056708
11,OnlineFPCA-sgd,0.1,13000,100,face,3,5,0.10042405128479,3,1,0.26393247198781056,0.7937022670603856,0.76470042313318,0.3531813277875312,0.8141699093936474,0.7716035074229304
11,OnlineFPCA-sgd,0.1,13100,100,face,3,5,0.0938549041748047,3,1,0.26306243602116364,0.7936581338170825,0.7647134175343756,0.3521893883430849,0.8139032287191825,0.7714885921422147
11,OnlineFPCA-sgd,0.1,13200,100,face,3,5,0.100477695465088,3,1,0.260818558911452,0.7928844508781612,0.7644651724467528,0.35119736270145174,0.8136344856626303,0.771374897037221
11,OnlineFPCA-sgd,0.1,13300,100,face,3,5,0.0944111347198486,3,1,0.26017133768358736,0.7930184946337732,0.7647520526090492,0.3502160470792316,0.8133671475611304,0.7712628323770178
11,OnlineFPCA-sgd,0.1,13400,100,face,3,5,0.101916074752808,3,1,0.26015365084903874,0.7928329213453851,0.7649317152353624,0.3492495224205004,0.8131025983285447,0.7711566831805021
11,OnlineFPCA-sgd,0.1,13500,100,face,3,5,0.0939538478851318,3,1,0.2583782198996235,0.7923916952051324,0.7647442177013039,0.3482992042445474,0.8128409093716018,0.7710533192754269
11,OnlineFPCA-sgd,0.1,13600,100,face,3,5,0.100739240646362,3,1,0.2588243625761537,0.7925558855209507,0.764431845646918,0.34736574947038007,0.8125827638047419,0.7709489535636785
11,OnlineFPCA-sgd,0.1,13700,100,face,3,5,0.0936145782470703,3,1,0.2568053262711171,0.7921643971463243,0.7643419420549648,0.3464399526286003,0.8123311355792419,0.7708450405910491
11,OnlineFPCA-sgd,0.1,13800,100,face,3,5,0.0993154048919678,3,1,0.2546907288564029,0.792022180236738,0.7644173772230629,0.34551245083701115,0.8120806354161652,0.7707422880934208
11,OnlineFPCA-sgd,0.1,13900,100,face,3,5,0.093890905380249,3,1,0.25392358702950873,0.7916414655405734,0.7649888128677379,0.3445849320258008,0.8118318636588954,0.7706459163591528
11,OnlineFPCA-sgd,0.1,14000,100,face,3,5,0.0986638069152832,3,1,0.25215768304938235,0.7913745746728513,0.7645785066489793,0.34366244592884143,0.8115836384004569,0.770552487139818
11,OnlineFPCA-sgd,0.1,14100,100,face,3,5,0.0935280323028564,3,1,0.25144934462948887,0.7910899651741448,0.764566914293455,0.3427473367597777,0.8113382924834354,0.7704576220626067
11,OnlineFPCA-sgd,0.1,14200,100,face,3,5,0.0985002517700195,3,1,0.2498038881949859,0.7904605764178073,0.7643762726491957,0.3418382807741603,0.8110915250671308,0.770364672920222
11,OnlineFPCA-sgd,0.1,14300,100,face,3,5,0.0939416885375977,3,1,0.24853671420502266,0.79025200216122,0.764269024915836,0.340935531442017,0.8108460617734733,0.770270501289302
11,OnlineFPCA-sgd,0.1,14400,100,face,3,5,0.0989716053009033,3,1,0.2471391159081252,0.789752136388022,0.7639316204677207,0.3400366704558266,0.8106018288070493,0.7701761901521093
11,OnlineFPCA-sgd,0.1,14500,100,face,3,5,0.0938377380371094,3,1,0.24574586093877804,0.7895129115084671,0.7639464349263002,0.33913749618294897,0.8103574857979823,0.7700808345956931
11,OnlineFPCA-sgd,0.1,14600,100,face,3,5,0.0995633602142334,3,1,0.24453094772083367,0.7892287853689692,0.7637250857803292,0.3382453684523318,0.8101149176752891,0.7699874177216398
11,OnlineFPCA-sgd,0.1,14700,100,face,3,5,0.09383225440979,3,1,0.24417545811036628,0.7890854929908971,0.7638448078805361,0.337360904356841,0.8098735696268906,0.7698942641953677
11,OnlineFPCA-sgd,0.1,14800,100,face,3,5,0.100940704345703,3,1,0.24371024919659243,0.78904982406531,0.7638343086288748,0.33648974027816964,0.8096359635544222,0.7698026181193558
11,OnlineFPCA-sgd,0.1,14900,100,face,3,5,0.0941634178161621,3,1,0.24262938576503543,0.7884085694501995,0.7634305781768278,0.33563005590737777,0.8093998196107571,0.7697110097866879
11,OnlineFPCA-sgd,0.1,15000,100,face,3,5,0.0993402004241943,3,1,0.24079366307083386,0.7883564976396422,0.7632692596832712,0.33477294214901016,0.8091639387817741,0.7696188114367035
11,OnlineFPCA-sgd,0.1,0,100,face,3,5,6.36265110969543,4,1,1.9833449137690444,1.428822454486776,1.5185662068465793,1.9833449137690444,1.428822454486776,1.5185662068465793
11,OnlineFPCA-sgd,0.1,100,100,face,3,5,0.239472150802612,4,1,1.9040014912643028,1.181884139338115,1.5802947705312484,NA,NA,NA
11,OnlineFPCA-sgd,0.1,200,100,face,3,5,0.244747638702393,4,1,1.8802510833121655,1.3429202387613555,1.6241708747583095,NA,NA,NA
11,OnlineFPCA-sgd,0.1,300,100,face,3,5,0.236852169036865,4,1,1.977453387623921,1.2761687326488431,1.7217818964139484,NA,NA,NA
11,OnlineFPCA-sgd,0.1,400,100,face,3,5,0.239797830581665,4,1,0.8660617794082128,1.7275517336063204,1.5910956718349973,NA,NA,NA
11,OnlineFPCA-sgd,0.1,500,100,face,3,5,0.241071701049805,4,1,0.581699062134602,1.0102157617708312,1.6909865224053213,NA,NA,NA
11,OnlineFPCA-sgd,0.1,600,100,face,3,5,0.238656759262085,4,1,0.48098549195238327,1.0845805972604194,1.7017206280188306,NA,NA,NA
11,OnlineFPCA-sgd,0.1,700,100,face,3,5,0.240486145019531,4,1,0.4675549034364874,1.0859179069875176,1.6978053085172675,NA,NA,NA
11,OnlineFPCA-sgd,0.1,800,100,face,3,5,0.238643169403076,4,1,0.45526629457985884,1.0891041206181495,1.6898666345435396,NA,NA,NA
11,OnlineFPCA-sgd,0.1,900,100,face,3,5,0.239190101623535,4,1,0.4345345271419751,1.0878992731879862,1.6692481751374522,NA,NA,NA
11,OnlineFPCA-sgd,0.1,1000,100,face,3,5,0.242938041687012,4,1,0.39990420595392234,1.0703277814309513,1.649335057536176,NA,NA,NA
11,OnlineFPCA-sgd,0.1,1100,100,face,3,5,0.335074663162231,4,1,0.2700917283197397,1.0829535285478866,1.5290737562896555,0.242557889349553,1.0623295722482051,1.5953541984338147
11,OnlineFPCA-sgd,0.1,1200,100,face,3,5,0.333088874816895,4,1,0.6784312736891742,1.2095246713656667,1.363279893020246,0.1908288227604717,1.1110218605525852,1.523561863320551
11,OnlineFPCA-sgd,0.1,1300,100,face,3,5,0.337519645690918,4,1,0.7331940994155786,0.35870747316775514,0.7892992634695096,0.17240683271664928,0.5417229974432833,1.0294793237964155
11,OnlineFPCA-sgd,0.1,1400,100,face,3,5,0.330686092376709,4,1,0.12790915622237298,0.3349727299811378,0.3911707016839853,0.1613146327141848,0.29564535712483736,0.7615703549649264
11,OnlineFPCA-sgd,0.1,1500,100,face,3,5,0.346144676208496,4,1,0.8529537536803449,0.24184345016149134,0.9057187571885734,0.18471433666829476,0.19878931433894437,0.62543255759971
11,OnlineFPCA-sgd,0.1,1600,100,face,3,5,0.332100391387939,4,1,0.7883374095511598,0.24606427192234614,0.7893629607518693,0.2935613507138044,0.1682797162082915,0.5818192474505178
11,OnlineFPCA-sgd,0.1,1700,100,face,3,5,0.333558559417725,4,1,0.7865511052064276,0.24561726695069885,0.7866725918248217,0.3698084047237365,0.15486594071406048,0.5716296725484437
11,OnlineFPCA-sgd,0.1,1800,100,face,3,5,0.333651304244995,4,1,0.7846714779020975,0.24521735338064474,0.7840499055264983,0.42514929374118743,0.15030749985076966,0.5747415160113412
11,OnlineFPCA-sgd,0.1,1900,100,face,3,5,0.333006381988525,4,1,0.7832000548366621,0.2456206618088127,0.7819309686296846,0.4670812396992466,0.150342947155115,0.5828851810884226
11,OnlineFPCA-sgd,0.1,2000,100,face,3,5,0.333529233932495,4,1,0.7807879527544369,0.24478501317448764,0.7793475301329872,0.4999695278270375,0.15260270313092122,0.5927321753992704
11,OnlineFPCA-sgd,0.1,2100,100,face,3,5,0.323205947875977,4,1,0.6521568327485014,0.23687520851289112,0.3964821098760237,0.49375218601289683,0.15740824903627612,0.5729878890572686
11,OnlineFPCA-sgd,0.1,2200,100,face,3,5,0.322939395904541,4,1,0.21232798474633854,0.2496250341511857,0.3094868656171023,0.4621935266096995,0.15549697575089852,0.5301915199440814
11,OnlineFPCA-sgd,0.1,2300,100,face,3,5,0.325819253921509,4,1,0.3739605786954755,0.2868957468737246,0.35694069376795134,0.43061400271276734,0.15520575413922463,0.49499877915970486
11,OnlineFPCA-sgd,0.1,2400,100,face,3,5,0.323429822921753,4,1,0.1861198876146605,0.25441539223061643,0.34944265522516466,0.3994249249687021,0.14560635722873136,0.46608854744022266
11,OnlineFPCA-sgd,0.1,2500,100,face,3,5,0.322497129440308,4,1,0.19221390367507726,0.23915165548086334,0.2591776254379471,0.3675448904011496,0.13821391314678066,0.4348603743180098
11,OnlineFPCA-sgd,0.1,2600,100,face,3,5,0.464338302612305,4,1,0.15369820931335515,0.2962147408492865,0.2573421021018371,0.3422052296547013,0.13994352780864297,0.40716078609915807
11,OnlineFPCA-sgd,0.1,2700,100,face,3,5,0.321091175079346,4,1,0.06674215328832599,0.26622389351829967,0.3388279254660599,0.31862929821277,0.14342586810417446,0.38319860747719114
11,OnlineFPCA-sgd,0.1,2800,100,face,3,5,0.322183609008789,4,1,0.25693225836490025,0.27323867268063906,0.3487719896357375,0.3002565907168759,0.1441423088064127,0.36316538641537494
11,OnlineFPCA-sgd,0.1,2900,100,face,3,5,0.322319030761719,4,1,0.1560399870474632,0.24624707788547032,0.32919292495895414,0.2870688879247003,0.14407285401617045,0.3511870578558644
11,OnlineFPCA-sgd,0.1,3000,100,face,3,5,0.322576761245728,4,1,0.23350032787872457,0.2492283966584518,0.3589565410652286,0.27838043399092366,0.14400481662991488,0.34341407021004655
11,OnlineFPCA-sgd,0.1,3100,100,face,3,5,0.320926666259766,4,1,0.21330135731423674,0.34044199057685,0.2968740231801445,0.270038405643677,0.14458899623448082,0.33494639207686794
11,OnlineFPCA-sgd,0.1,3200,100,face,3,5,0.321783542633057,4,1,0.2624573024035152,0.3073115124041766,0.2720675555495897,0.2561793877859121,0.14190653656863436,0.32286178427411916
11,OnlineFPCA-sgd,0.1,3300,100,face,3,5,0.320975303649902,4,1,0.2764938710105837,0.22665914671716522,0.3139683669238143,0.24042169121052379,0.14258192125819294,0.30960764043235356
11,OnlineFPCA-sgd,0.1,3400,100,face,3,5,0.327120780944824,4,1,0.2599690716039653,0.3133792791587203,0.41624098843123786,0.22420089946625563,0.14277355896624763,0.3005529327218199
11,OnlineFPCA-sgd,0.1,3500,100,face,3,5,0.322292804718018,4,1,0.1573096735193214,0.24517894286857314,0.2743097490374068,0.21292206144429598,0.1442158086634866,0.29444146525332787
11,OnlineFPCA-sgd,0.1,3600,100,face,3,5,0.328314781188965,4,1,0.34776364967809587,0.4524040520567074,0.2080246796310587,0.20627356475635458,0.1465084573661077,0.28673063492766976
11,OnlineFPCA-sgd,0.1,3700,100,face,3,5,0.323813915252686,4,1,0.24550713427856297,0.14045438476136907,0.24420517288519358,0.20053620940888364,0.14436862721930085,0.2818496161491409
11,OnlineFPCA-sgd,0.1,3800,100,face,3,5,0.32199501991272,4,1,0.24346075386720606,0.1375113228100228,0.2831362386173138,0.1922638217531095,0.14023076428698208,0.2779665587050377
11,OnlineFPCA-sgd,0.1,3900,100,face,3,5,0.32444167137146,4,1,0.17483642078790382,0.3108851453089764,0.36218010093267816,0.18707035459504795,0.13767212307034057,0.27628348855646345
11,OnlineFPCA-sgd,0.1,4000,100,face,3,5,0.322017669677734,4,1,0.18104982848428844,0.13455633030564546,0.2754002162183266,0.18104982848428844,0.13455633030564546,0.2754002162183266
11,OnlineFPCA-sgd,0.1,4100,100,face,3,5,0.320709705352783,4,1,0.34904266399834627,0.30720365785419856,0.18350806963611382,0.23130563354714226,0.22495735999494484,0.24317686816186962
11,OnlineFPCA-sgd,0.1,4200,100,face,3,5,0.326000690460205,4,1,0.2182376930476182,0.14536953139221734,0.28328873126245935,0.13989757194587163,0.18538147816426137,0.1895929055217449
11,OnlineFPCA-sgd,0.1,4300,100,face,3,5,0.321996212005615,4,1,0.16820631964284377,0.2135312678486776,0.21905801457321833,0.08707628728107968,0.13720698035461382,0.18887390063880313
11,OnlineFPCA-sgd,0.1,4400,100,face,3,5,0.326322317123413,4,1,0.267867522510817,0.18674441044181736,0.11839666993419025,0.0682804800247104,0.12514801457898844,0.16395184434942012
11,OnlineFPCA-sgd,0.1,4500,100,face,3,5,0.325354099273682,4,1,0.20243941953038225,0.24390922604661916,0.1762690096963816,0.06719954470203389,0.1288872465913662,0.13498218306893725
11,OnlineFPCA-sgd,0.1,4600,100,face,3,5,0.325643539428711,4,1,0.041744221467411434,0.2125717856102253,0.2550949381360911,0.05903734899845439,0.13307086682969854,0.13726380521511605
11,OnlineFPCA-sgd,0.1,4700,100,face,3,5,0.329741716384888,4,1,0.22206368930232048,0.28758709207883004,0.3089456286732516,0.06186149512584355,0.13535583138200713,0.15105770360485699
11,OnlineFPCA-sgd,0.1,4800,100,face,3,5,0.32748007774353,4,1,0.33673320805422235,0.2210265501416661,0.37216641423823316,0.058665182342982035,0.13805091273536843,0.16915766457178033
11,OnlineFPCA-sgd,0.1,4900,100,face,3,5,0.32164478302002,4,1,0.27424248781172456,0.2302421255936925,0.3427293558057612,0.05898947029364746,0.13186118534605792,0.18584686122812769
11,OnlineFPCA-sgd,0.1,5000,100,face,3,5,0.321980953216553,4,1,0.21938014182191173,0.21492737231670997,0.31191381473340996,0.05402118329874424,0.12910737924591378,0.19639454380750188
11,OnlineFPCA-sgd,0.1,5100,100,face,3,5,0.0983026027679443,4,1,0.18657891775891455,0.23118254698096424,0.21853606849476823,0.045983488305995496,0.12678186021075177,0.19826650492414608
11,OnlineFPCA-sgd,0.1,5200,100,face,3,5,0.0982339382171631,4,1,0.12599595099758387,0.134325066143605,0.17051001240599448,0.040966330935725735,0.12356215653932566,0.19333318129714802
11,OnlineFPCA-sgd,0.1,5300,100,face,3,5,0.0954122543334961,4,1,0.20882100743875354,0.32938371804152455,0.3119990983861029,0.042135965522730544,0.11943324807022698,0.1943007111084114
11,OnlineFPCA-sgd,0.1,5400,100,face,3,5,0.0978212356567383,4,1,0.25182741066371056,0.18255347383468734,0.3377436046677088,0.042002148625914816,0.11506265887547487,0.1985749198154816
11,OnlineFPCA-sgd,0.1,5500,100,face,3,5,0.0980298519134521,4,1,0.2558050633096632,0.21405020316793466,0.29847670400299575,0.039992673267837134,0.11282475050162263,0.204640692940685
11,OnlineFPCA-sgd,0.1,5600,100,face,3,5,0.0982792377471924,4,1,0.16614172623287518,0.13804294973976397,0.38080380400022246,0.03910285932177519,0.11101832345913813,0.21210278394880688
11,OnlineFPCA-sgd,0.1,5700,100,face,3,5,0.0983426570892334,4,1,0.28021148173651694,0.23545398890028052,0.27045170642846567,0.03610236292079596,0.10857856890387856,0.21460966108840465
11,OnlineFPCA-sgd,0.1,5800,100,face,3,5,0.0961596965789795,4,1,0.13952412101827041,0.219320268683529,0.28839348248539304,0.0391388505022778,0.10630369539922191,0.21567049241407876
11,OnlineFPCA-sgd,0.1,5900,100,face,3,5,0.097874641418457,4,1,0.20990463253970856,0.22548118487831717,0.28293194700299346,0.04251648268716544,0.10729262762231875,0.21690410736777016
11,OnlineFPCA-sgd,0.1,6000,100,face,3,5,0.099848747253418,4,1,0.17749941177666798,0.1471366974611606,0.2581588835031549,0.0392189037414166,0.10643026285382969,0.21438007729252284
11,OnlineFPCA-sgd,0.1,6100,100,face,3,5,0.0982434749603271,4,1,0.2180811300887532,0.19097252864773642,0.27185194324468953,0.0351343465805656,0.10689882469097908,0.21290611314384855
11,OnlineFPCA-sgd,0.1,6200,100,face,3,5,0.0969371795654297,4,1,0.23881390375843004,0.21688052537748526,0.26111516480966546,0.030009195618749006,0.10762474940125265,0.21233192953846602
11,OnlineFPCA-sgd,0.1,6300,100,face,3,5,0.0939104557037354,4,1,0.12351330101530376,0.1536576929989457,0.3559428356863691,0.028814699489818442,0.10716079668274064,0.21491172527922286
11,OnlineFPCA-sgd,0.1,6400,100,face,3,5,0.097137451171875,4,1,0.26670292344398583,0.1350709775165723,0.38974535052039705,0.02743810990813823,0.10430754986277042,0.21856379861229577
11,OnlineFPCA-sgd,0.1,6500,100,face,3,5,0.099806547164917,4,1,0.22436932369588727,0.1560624311343921,0.32771031022797903,0.02716957403506878,0.10011884447626608,0.22122485164864214
11,OnlineFPCA-sgd,0.1,6600,100,face,3,5,0.0970335006713867,4,1,0.178764191105402,0.12379764742709666,0.5012514727313298,0.025819660576556262,0.09667828561928671,0.22707069037329414
11,OnlineFPCA-sgd,0.1,6700,100,face,3,5,0.0975801944732666,4,1,0.14323103012520152,0.1626709352987832,0.41270248566612133,0.026730136553119548,0.09384541531251461,0.23513738519957345
11,OnlineFPCA-sgd,0.1,6800,100,face,3,5,0.094146728515625,4,1,0.20021189723919486,0.17727052230013074,0.36309923963176766,0.023816557325226376,0.08945234428282157,0.23951749429119662
11,OnlineFPCA-sgd,0.1,6900,100,face,3,5,0.0969290733337402,4,1,0.18483306754931803,0.14823138340470987,0.2980001290789793,0.023968968662287593,0.08733244462384177,0.2429712923422814
11,OnlineFPCA-sgd,0.1,7000,100,face,3,5,0.0973405838012695,4,1,0.15460971080254643,0.1664689915961492,0.3568329035391748,0.024756748839913113,0.08576172299977854,0.2443850218778029
11,OnlineFPCA-sgd,0.1,7100,100,face,3,5,0.0971057415008545,4,1,0.22536396013397436,0.10154669791011932,0.27737373150632544,0.02437726522453398,0.08420322521488695,0.2449812217641361
11,OnlineFPCA-sgd,0.1,7200,100,face,3,5,0.0983104705810547,4,1,0.23103681536657752,0.08251339795757202,0.18350223857697398,0.0253821909031425,0.08060240882171818,0.24142132451461687
11,OnlineFPCA-sgd,0.1,7300,100,face,3,5,0.0981776714324951,4,1,0.22605221251315533,0.16741858106388482,0.24182990735317614,0.026533748058021243,0.07628731623410329,0.23997147765783533
11,OnlineFPCA-sgd,0.1,7400,100,face,3,5,0.0946724414825439,4,1,0.19338949438549716,0.1311257526377131,0.29203995930482335,0.026512293740346488,0.07377798587209677,0.2393766878545154
11,OnlineFPCA-sgd,0.1,7500,100,face,3,5,0.0982911586761475,4,1,0.17782208082585477,0.1838198190685191,0.2570893644093335,0.02636322384095049,0.07168525177285653,0.2385520239757152
11,OnlineFPCA-sgd,0.1,7600,100,face,3,5,0.0973389148712158,4,1,0.11530493857225159,0.2048960944018594,0.26761329955436597,0.025950337897946856,0.06829822735804615,0.23681992684569333
11,OnlineFPCA-sgd,0.1,7700,100,face,3,5,0.0980689525604248,4,1,0.07702148981291007,0.20661917162166607,0.33472493397508707,0.02321184576032743,0.06621705803251209,0.23579987083960086
11,OnlineFPCA-sgd,0.1,7800,100,face,3,5,0.0980157852172852,4,1,0.22809066610026596,0.25443692698734793,0.3491861282405678,0.0239749503482545,0.06410087573069737,0.23572535393718033
11,OnlineFPCA-sgd,0.1,7900,100,face,3,5,0.0946657657623291,4,1,0.13489736232772206,0.2096454452983786,0.32522332676931975,0.023411421002238635,0.0627412038400679,0.23608032845455876
11,OnlineFPCA-sgd,0.1,8000,100,face,3,5,0.0986900329589844,4,1,0.21999450488793043,0.1429855981589907,0.4055949192305792,0.024283044006822165,0.062337886329366536,0.23689043431616022
11,OnlineFPCA-sgd,0.1,8100,100,face,3,5,0.098175048828125,4,1,0.22014390689438734,0.2765965202984307,0.37190373520568026,0.023163118484660634,0.06103221165758387,0.23778589177516982
11,OnlineFPCA-sgd,0.1,8200,100,face,3,5,0.0985245704650879,4,1,0.14913668846114606,0.2080475093742434,0.30348869580287685,0.0234192247347795,0.05841924986098376,0.23743105617115715
11,OnlineFPCA-sgd,0.1,8300,100,face,3,5,0.099811315536499,4,1,0.20773945679540723,0.19652892584652706,0.3158634165008395,0.021755610036306806,0.05784950838794768,0.23667222237180705
11,OnlineFPCA-sgd,0.1,8400,100,face,3,5,0.0952475070953369,4,1,0.2340079908296332,0.21025494297685557,0.3998825306472033,0.01813395186068561,0.05857893005410202,0.23756859403043873
11,OnlineFPCA-sgd,0.1,8500,100,face,3,5,0.0985488891601562,4,1,0.13662623897846143,0.1633254805856669,0.303600073857063,0.015984845792905947,0.058070142433310205,0.23916616871227878
11,OnlineFPCA-sgd,0.1,8600,100,face,3,5,0.0987856388092041,4,1,0.2852638796302464,0.36018855112666376,0.2298200290494245,0.016850885047858696,0.057614437601279635,0.23848947367443177
11,OnlineFPCA-sgd,0.1,8700,100,face,3,5,0.100245237350464,4,1,0.18354809123031096,0.16972950629727526,0.23512331389567384,0.01683786828239603,0.05765027840151572,0.2371852005480967
11,OnlineFPCA-sgd,0.1,8800,100,face,3,5,0.0998296737670898,4,1,0.20057220426311184,0.15474047730263918,0.2811182704570337,0.016304047653838902,0.05755303723803384,0.2365100080342343
11,OnlineFPCA-sgd,0.1,8900,100,face,3,5,0.096627950668335,4,1,0.15135001455994995,0.24530245985535126,0.32615382245288643,0.016979407703125744,0.05564586692091429,0.23648133949347766
11,OnlineFPCA-sgd,0.1,9000,100,face,3,5,0.0977394580841064,4,1,0.24407462510597444,0.1261111873924266,0.2841619393901159,0.01766533352924732,0.05387317430802547,0.23715418822455006
11,OnlineFPCA-sgd,0.1,9100,100,face,3,5,0.102050304412842,4,1,0.28031670133051223,0.26456506162641563,0.258597836060274,0.020945243586846636,0.053415413778356194,0.23593986917013643
11,OnlineFPCA-sgd,0.1,9200,100,face,3,5,0.097322940826416,4,1,0.21734448049142924,0.1150370927647013,0.17198916812040302,0.020564691065104224,0.05352543599011267,0.23342545376753707
11,OnlineFPCA-sgd,0.1,9300,100,face,3,5,0.0982828140258789,4,1,0.15332500453242442,0.1820798266146731,0.18823165202842546,0.019235278141736135,0.052215041288312766,0.23091226757730124
11,OnlineFPCA-sgd,0.1,9400,100,face,3,5,0.0978820323944092,4,1,0.2097532867408636,0.1398214425935134,0.14347671342187826,0.019648309428139863,0.051479742697942386,0.22873378841643358
11,OnlineFPCA-sgd,0.1,9500,100,face,3,5,0.0983779430389404,4,1,0.1699711798159524,0.2007561011833837,0.16571550407179556,0.019928873078554444,0.05128889790023155,0.22690573683620063
11,OnlineFPCA-sgd,0.1,9600,100,face,3,5,0.100083351135254,4,1,0.03669577704070694,0.15647899534367152,0.1868050287598261,0.0203276103854905,0.05124982289395076,0.2257699175287524
11,OnlineFPCA-sgd,0.1,9700,100,face,3,5,0.0984869003295898,4,1,0.1640802055903352,0.21035636497619384,0.22362053908092128,0.021557006042654755,0.05139280715761922,0.22488186108670383
11,OnlineFPCA-sgd,0.1,9800,100,face,3,5,0.0984680652618408,4,1,0.2883619768740706,0.18836937177229554,0.27213869515475986,0.02213951971706011,0.05133210802082589,0.22457357216336296
11,OnlineFPCA-sgd,0.1,9900,100,face,3,5,0.0987265110015869,4,1,0.21583478880848403,0.1663607054906587,0.24964776988067863,0.02303372205127647,0.051146530705410656,0.22480580549240575
11,OnlineFPCA-sgd,0.1,10000,100,face,3,5,0.0987019538879395,4,1,0.15599164161745319,0.17245990992509636,0.2647395837598071,0.023291125822617033,0.051471911112529085,0.22494715065974422
11,OnlineFPCA-sgd,0.1,10100,100,face,3,5,0.100764751434326,4,1,0.15244566365354412,0.15622505986511115,0.19479556800614245,0.023140224847063035,0.051697882886494254,0.2243820291469496
11,OnlineFPCA-sgd,0.1,10200,100,face,3,5,0.0994899272918701,4,1,0.11601228280933218,0.08138665616762396,0.15266242042667305,0.02260565571439628,0.05158836317460711,0.2229011328871056
11,OnlineFPCA-sgd,0.1,10300,100,face,3,5,0.0988023281097412,4,1,0.15561894138978608,0.27167805737170714,0.24971444459064346,0.022742894821675425,0.051605656663408085,0.22247547020803785
11,OnlineFPCA-sgd,0.1,10400,100,face,3,5,0.0988419055938721,4,1,0.1970571369927817,0.15703077059351164,0.2754737179218821,0.022991110618722648,0.05079269200712722,0.22246937939587946
11,OnlineFPCA-sgd,0.1,10500,100,face,3,5,0.0961167812347412,4,1,0.16669710560562248,0.1752210089242484,0.2518618383202461,0.022842358245948154,0.049930979735489586,0.2228576555005034
11,OnlineFPCA-sgd,0.1,10600,100,face,3,5,0.0986616611480713,4,1,0.12957914841415902,0.091862799998935,0.305454634855027,0.023204700641750276,0.049141447836851246,0.2233391167265889
11,OnlineFPCA-sgd,0.1,10700,100,face,3,5,0.0991606712341309,4,1,0.22313182130634424,0.15786004674373078,0.22390044701723893,0.02277384325599717,0.048648463000653494,0.2229817680448188
11,OnlineFPCA-sgd,0.1,10800,100,face,3,5,0.0996026992797852,4,1,0.14176531277227594,0.18867196466718103,0.2556882508035546,0.02352949811513128,0.04923742936393194,0.22250982028992883
11,OnlineFPCA-sgd,0.1,10900,100,face,3,5,0.0996472835540771,4,1,0.1648791073946855,0.1860612503824101,0.24974930894189135,0.024991025285284702,0.05081695029147571,0.22201029509600193
11,OnlineFPCA-sgd,0.1,11000,100,face,3,5,0.0991041660308838,4,1,0.1261277627792409,0.12873353394053821,0.21699008420267676,0.02456585313545145,0.05137429477409764,0.22049132959476067
11,OnlineFPCA-sgd,0.1,11100,100,face,3,5,0.09820556640625,4,1,0.17656993724612802,0.16054881751923455,0.2339388959192894,0.023628457971490525,0.05190758151196676,0.21913810134633888
11,OnlineFPCA-sgd,0.1,11200,100,face,3,5,0.0993611812591553,4,1,0.19067229949534556,0.19031686404858195,0.22270353727085723,0.022568723242208166,0.05264858715926694,0.2179668225504615
11,OnlineFPCA-sgd,0.1,11300,100,face,3,5,0.107251644134521,4,1,0.1142908432369591,0.11312896461278946,0.2530231603566936,0.022240429692536187,0.05333935379963015,0.2178499879230872
11,OnlineFPCA-sgd,0.1,11400,100,face,3,5,0.0991404056549072,4,1,0.23194906938397197,0.10070766774510488,0.28885639853372913,0.02157387551414955,0.053243681704728194,0.21831833271694867
11,OnlineFPCA-sgd,0.1,11500,100,face,3,5,0.0966408252716064,4,1,0.20615314356884057,0.12559332232826956,0.2437755441218663,0.021434572173472152,0.052319284639656516,0.21873110139122123
11,OnlineFPCA-sgd,0.1,11600,100,face,3,5,0.0991113185882568,4,1,0.15635941733310094,0.10675454927127889,0.3973045328742439,0.02092302602524099,0.051407889112237606,0.2201856841253874
11,OnlineFPCA-sgd,0.1,11700,100,face,3,5,0.101877212524414,4,1,0.1263852009471192,0.12318346471788305,0.3546867996389177,0.020955657840865463,0.05062321322597769,0.22244362011078034
11,OnlineFPCA-sgd,0.1,11800,100,face,3,5,0.102033138275146,4,1,0.1743108864581353,0.14361968093703603,0.31857013173638615,0.020020048867430563,0.04930470574039287,0.2237553616293063
11,OnlineFPCA-sgd,0.1,11900,100,face,3,5,0.100894927978516,4,1,0.15526817946378407,0.13319704077479733,0.2775038620089577,0.01958666747987955,0.048765737126553375,0.22497074754606025
11,OnlineFPCA-sgd,0.1,12000,100,face,3,5,0.0980594158172607,4,1,0.13475400506344612,0.1469453222661065,0.325431437548889,0.019205065896278486,0.0484267409614154,0.22579672682254728
11,OnlineFPCA-sgd,0.1,12100,100,face,3,5,0.0987651348114014,4,1,0.18184148747910012,0.10096678288901187,0.27669241507375625,0.018962044723358863,0.04856647674887719,0.22657227599270607
11,OnlineFPCA-sgd,0.1,12200,100,face,3,5,0.102334976196289,4,1,0.21771152184556705,0.07372560053629137,0.20043723590100243,0.01954663129678328,0.04793137707372928,0.22611309394922122
11,OnlineFPCA-sgd,0.1,12300,100,face,3,5,0.0998270511627197,4,1,0.17058408795686278,0.13802939629578814,0.24505749575316277,0.019921039970670677,0.046823931942882875,0.22611518488949098
11,OnlineFPCA-sgd,0.1,12400,100,face,3,5,0.100239276885986,4,1,0.16753698465628872,0.10730433936689433,0.2778230160647675,0.019697966964067278,0.045948628871007056,0.22630816215554253
11,OnlineFPCA-sgd,0.1,12500,100,face,3,5,0.0959486961364746,4,1,0.15272751397205434,0.16117525064734353,0.2440093501432787,0.019515234302007186,0.0456660876076849,0.2264971870959518
11,OnlineFPCA-sgd,0.1,12600,100,face,3,5,0.098679780960083,4,1,0.0960649806698532,0.1767248579459906,0.2478557259247078,0.01972270767418577,0.045038011785602475,0.22640469208934133
11,OnlineFPCA-sgd,0.1,12700,100,face,3,5,0.100110292434692,4,1,0.07309494473343653,0.19218734428254833,0.30795107124714244,0.018706125016561694,0.0449034038034276,0.22650564285348732
11,OnlineFPCA-sgd,0.1,12800,100,face,3,5,0.0987133979797363,4,1,0.1954211996650006,0.23459295260968854,0.3187638023740055,0.018795731614717034,0.0447786398766395,0.226956200968758
11,OnlineFPCA-sgd,0.1,12900,100,face,3,5,0.0977470874786377,4,1,0.09985418975045932,0.19430016163863,0.30994279867029595,0.01806633263259297,0.04450804127703571,0.22746921687503618
11,OnlineFPCA-sgd,0.1,13000,100,face,3,5,0.0953154563903809,4,1,0.20493647674910623,0.12397600160485249,0.36948940387254975,0.018038842214547293,0.0447919202786986,0.22811953621437847
11,OnlineFPCA-sgd,0.1,13100,100,face,3,5,0.0977230072021484,4,1,0.2016651189130444,0.2340060092631558,0.3439228633763867,0.017999022041703536,0.04499381835536859,0.22882204753178365
11,OnlineFPCA-sgd,0.1,13200,100,face,3,5,0.0972323417663574,4,1,0.10864759045563396,0.18752555932452095,0.28075622402378914,0.018305183955209758,0.044409512557801345,0.22898921467106395
11,OnlineFPCA-sgd,0.1,13300,100,face,3,5,0.0980010032653809,4,1,0.1614340346697331,0.1716272670806479,0.2981268196291775,0.018109060591796886,0.04475212005702329,0.22897002204362826
11,OnlineFPCA-sgd,0.1,13400,100,face,3,5,0.0983154773712158,4,1,0.21110146290351894,0.1826603811147989,0.37077717183400327,0.017031687296284452,0.04559675584623917,0.2295255223113766
11,OnlineFPCA-sgd,0.1,13500,100,face,3,5,0.0995070934295654,4,1,0.1279224540993522,0.14450571788118052,0.2902605645211372,0.01660177981275792,0.045860676162858424,0.2303324936439208
11,OnlineFPCA-sgd,0.1,13600,100,face,3,5,0.0949451923370361,4,1,0.24904571559365624,0.3014098231580414,0.22751226728511884,0.01737721103828623,0.04615167860494234,0.23023340687536747
11,OnlineFPCA-sgd,0.1,13700,100,face,3,5,0.0992574691772461,4,1,0.1484624222337103,0.16492979017500103,0.22802589481858976,0.017555268020298876,0.046713779116968925,0.22992044139157405
11,OnlineFPCA-sgd,0.1,13800,100,face,3,5,0.0971734523773193,4,1,0.17908692824855058,0.1476251925399791,0.27544206569881,0.017399048217705923,0.04737080919875269,0.22983559133394854
11,OnlineFPCA-sgd,0.1,13900,100,face,3,5,0.0977141857147217,4,1,0.1387017529921729,0.20748804598728868,0.30760235760319554,0.017672443832076876,0.047098958816218346,0.22992848786097178
11,OnlineFPCA-sgd,0.1,14000,100,face,3,5,0.09891676902771,4,1,0.213489618261843,0.11932845092537564,0.2773271244188471,0.018047124426068848,0.046715818511350274,0.2302579859675745
11,OnlineFPCA-sgd,0.1,14100,100,face,3,5,0.0954296588897705,4,1,0.258866267291198,0.24476903409093367,0.25400489398895165,0.019609388554082348,0.04686829171433207,0.22986278860478243
11,OnlineFPCA-sgd,0.1,14200,100,face,3,5,0.0973594188690186,4,1,0.17321200398706177,0.09749280711409657,0.17499985930573508,0.01955673595870701,0.04727859448773254,0.22883974978853358
11,OnlineFPCA-sgd,0.1,14300,100,face,3,5,0.100897789001465,4,1,0.14135126934390305,0.14992873625409023,0.1848565444017379,0.01902411871239242,0.046840090566969,0.2276725829820368
11,OnlineFPCA-sgd,0.1,14400,100,face,3,5,0.0983116626739502,4,1,0.1825878672201632,0.11564849767411835,0.1455509462476444,0.019151039666688605,0.04667813341706304,0.22665889111649956
11,OnlineFPCA-sgd,0.1,14500,100,face,3,5,0.0987272262573242,4,1,0.15427451721021243,0.1740939441953116,0.15848787619479385,0.019114674480276442,0.04663746185804454,0.2257945906577698
11,OnlineFPCA-sgd,0.1,14600,100,face,3,5,0.0957815647125244,4,1,0.04821020466060586,0.1415368575466819,0.1738356824632432,0.01932960532404554,0.04665856525533749,0.22518167684875845
11,OnlineFPCA-sgd,0.1,14700,100,face,3,5,0.0987577438354492,4,1,0.1359809285807498,0.17719723646165675,0.19988362311323501,0.019959857068200672,0.04674755498311842,0.22465586121531003
11,OnlineFPCA-sgd,0.1,14800,100,face,3,5,0.110152959823608,4,1,0.2568520715575621,0.16849786226437574,0.2328549024541967,0.020308214934067148,0.04671393018611249,0.22428174225869613
11,OnlineFPCA-sgd,0.1,14900,100,face,3,5,0.0993869304656982,4,1,0.19011782914919015,0.13915206803563898,0.21688269415636602,0.020815905222034282,0.04671765989283913,0.22416666327282478
11,OnlineFPCA-sgd,0.1,15000,100,face,3,5,0.0994071960449219,4,1,0.1296309604529603,0.16164638234856601,0.23713660390765678,0.02103856345456761,0.047000319514063006,0.22405305947973916
11,OnlineFPCA-sgd,0.1,0,100,face,3,5,6.36265110969543,4,2,0.2570427630092802,0.2971411168619065,1.7689521031900395,0.2570427630092802,0.2971411168619065,1.7689521031900395
11,OnlineFPCA-sgd,0.1,100,100,face,3,5,0.242498397827148,4,2,0.9592343482230314,0.8800526017566725,1.6942496203157293,NA,NA,NA
11,OnlineFPCA-sgd,0.1,200,100,face,3,5,0.242978572845459,4,2,0.9714815757680618,0.9960988813598985,1.9636098611803907,NA,NA,NA
11,OnlineFPCA-sgd,0.1,300,100,face,3,5,0.249238729476929,4,2,0.47909075137279755,1.6908682937303694,1.1380389863954106,NA,NA,NA
11,OnlineFPCA-sgd,0.1,400,100,face,3,5,0.24445104598999,4,2,0.8662266680208416,0.7630364356138537,0.8358285645645219,NA,NA,NA
11,OnlineFPCA-sgd,0.1,500,100,face,3,5,0.242713212966919,4,2,0.507158336258456,0.7981932913381784,0.8885800254882098,NA,NA,NA
11,OnlineFPCA-sgd,0.1,600,100,face,3,5,0.246512174606323,4,2,0.4897205590149794,0.7961911627856925,0.8896377936278314,NA,NA,NA
11,OnlineFPCA-sgd,0.1,700,100,face,3,5,0.246010780334473,4,2,0.4091286923860459,0.871604842378157,0.9672854569937971,NA,NA,NA
11,OnlineFPCA-sgd,0.1,800,100,face,3,5,0.397854804992676,4,2,0.39214529952178157,0.8689579676402118,0.956144985293017,NA,NA,NA
11,OnlineFPCA-sgd,0.1,900,100,face,3,5,0.243226289749146,4,2,0.3590618925406562,0.8657948099101841,0.9183609842834451,NA,NA,NA
11,OnlineFPCA-sgd,0.1,1000,100,face,3,5,0.240707159042358,4,2,0.32079771364913856,0.8690507681638303,0.8560684971854158,NA,NA,NA
11,OnlineFPCA-sgd,0.1,1100,100,face,3,5,0.334382057189941,4,2,0.13594061002313942,0.5591619831520522,0.7301275259861398,0.19557760698840393,0.7102547942840369,0.7786964819818485
11,OnlineFPCA-sgd,0.1,1200,100,face,3,5,0.325324535369873,4,2,0.08793728514210913,0.4901665167748576,0.7119485154427868,0.15013306004774848,0.620474569903719,0.7514207565066254
11,OnlineFPCA-sgd,0.1,1300,100,face,3,5,0.332424640655518,4,2,0.06314213924994842,0.2826942464059379,0.5430603438437259,0.12462885176714018,0.5368455310423997,0.7050663363330587
11,OnlineFPCA-sgd,0.1,1400,100,face,3,5,0.330136299133301,4,2,0.8908555812524883,1.0854451763280286,0.9156557147046825,0.11823911293035343,0.39574611850358066,0.6292990859076526
11,OnlineFPCA-sgd,0.1,1500,100,face,3,5,0.330198287963867,4,2,0.8950220405086892,1.0998197885632386,0.8700832667439437,0.12264334154110926,0.3645299099429731,0.6275734944548205
11,OnlineFPCA-sgd,0.1,1600,100,face,3,5,0.332466840744019,4,2,0.19689319823238624,0.8631777641020824,0.8721511240130445,0.13450058344132432,0.4149769759354083,0.6351804710254254
11,OnlineFPCA-sgd,0.1,1700,100,face,3,5,0.329596042633057,4,2,0.17882793809286163,0.8610969475403305,0.8703123412460745,0.12680440374771612,0.46667261297144386,0.647641536221216
11,OnlineFPCA-sgd,0.1,1800,100,face,3,5,0.332986116409302,4,2,0.17852706354791886,0.8618893337260481,0.8699422699319362,0.12914526299828982,0.5112922415957885,0.6620778551623395
11,OnlineFPCA-sgd,0.1,1900,100,face,3,5,0.326348543167114,4,2,0.17824621175044597,0.8626972953695575,0.8696538801976448,0.13189220404550597,0.5479323919510848,0.6759072293095303
11,OnlineFPCA-sgd,0.1,2000,100,face,3,5,0.332756280899048,4,2,0.17771769017057384,0.863998202752922,0.8692949277410567,0.13452420656422076,0.5780339478694958,0.6884435396806458
11,OnlineFPCA-sgd,0.1,2100,100,face,3,5,0.324157476425171,4,2,0.3675137557151135,1.2062595409550572,1.2319215661021004,0.1391896616354203,0.6450760644095771,0.7414185488323114
11,OnlineFPCA-sgd,0.1,2200,100,face,3,5,0.322470188140869,4,2,0.09849322088380859,0.8594372114991486,0.868746154711454,0.13100083764745818,0.6235074036640779,0.7113526285264078
11,OnlineFPCA-sgd,0.1,2300,100,face,3,5,0.339415550231934,4,2,0.10104461798572617,0.8586719106639348,0.8684015512239112,0.1258329142057604,0.6409783322573728,0.7208192320151462
11,OnlineFPCA-sgd,0.1,2400,100,face,3,5,0.337167978286743,4,2,0.06507821967587309,0.8437439900427901,0.8552463599506096,0.11872345554403073,0.6554103212449021,0.7282700597426371
11,OnlineFPCA-sgd,0.1,2500,100,face,3,5,0.337309598922729,4,2,0.0826710049652018,0.833408265527017,0.8374447410190059,0.11147273784591881,0.6672167109397059,0.7338540024525328
11,OnlineFPCA-sgd,0.1,2600,100,face,3,5,0.339172840118408,4,2,0.06398531286204082,0.8295452763582224,0.8269311963438435,0.10670243038277269,0.6771712625183773,0.7380386412658918
11,OnlineFPCA-sgd,0.1,2700,100,face,3,5,0.338949203491211,4,2,0.04705649886536483,0.8273957259313981,0.8374944665054571,0.10242901535789598,0.685730846073213,0.7426912160300024
11,OnlineFPCA-sgd,0.1,2800,100,face,3,5,0.341444253921509,4,2,0.09090132724582979,0.8220941256953556,0.8304666264764318,0.09826166964410468,0.6932029653357196,0.7471845410641246
11,OnlineFPCA-sgd,0.1,2900,100,face,3,5,0.321936368942261,4,2,0.056902853609406945,0.8211965080876051,0.8342629208678519,0.09262335523889942,0.6997263035020711,0.7509423330205067
11,OnlineFPCA-sgd,0.1,3000,100,face,3,5,0.329025268554688,4,2,0.15505975065544483,0.8107496947632739,0.8226895649963737,0.08783861461205328,0.7054034548824468,0.7540830773613596
11,OnlineFPCA-sgd,0.1,3100,100,face,3,5,0.324340581893921,4,2,0.11462534631652142,0.804734897922927,0.8087337659483191,0.08299778805082474,0.7101302519738225,0.7560919784172069
11,OnlineFPCA-sgd,0.1,3200,100,face,3,5,0.318020343780518,4,2,0.07384217338062515,0.7984797755646551,0.7932473986019617,0.07931513301717176,0.7142185108127438,0.7573413444209461
11,OnlineFPCA-sgd,0.1,3300,100,face,3,5,0.347572326660156,4,2,0.08189480495249919,0.7967194321582226,0.7988680663714204,0.07683797579890665,0.7178046821887835,0.7584392688575932
11,OnlineFPCA-sgd,0.1,3400,100,face,3,5,0.324592590332031,4,2,0.12184690379252944,0.8077199738704257,0.79665862651476,0.07574544000685744,0.7212425854287442,0.7596217401328459
11,OnlineFPCA-sgd,0.1,3500,100,face,3,5,0.323727369308472,4,2,0.09023599722109715,0.7994569358159664,0.7899493257344545,0.07549180362895291,0.7244949392388553,0.7606550534819124
11,OnlineFPCA-sgd,0.1,3600,100,face,3,5,0.324714183807373,4,2,0.14543645024674962,0.7883327784688312,0.786335053606114,0.07532572794979235,0.7271480572361222,0.761099196635465
11,OnlineFPCA-sgd,0.1,3700,100,face,3,5,0.325500726699829,4,2,0.09491195069974928,0.7792111086751806,0.7833463809715607,0.07422554131201027,0.7292030478484413,0.7613332140200867
11,OnlineFPCA-sgd,0.1,3800,100,face,3,5,0.32647442817688,4,2,0.1247552204667721,0.778567887668687,0.7870151367567478,0.07270515839050148,0.7308522023734937,0.7616722049297764
11,OnlineFPCA-sgd,0.1,3900,100,face,3,5,0.3259437084198,4,2,0.11170948455343122,0.7874398219305221,0.7749482312576226,0.0717807845171195,0.7324466336080204,0.7615532208746761
11,OnlineFPCA-sgd,0.1,4000,100,face,3,5,0.325099468231201,4,2,0.07101799035070763,0.7339646713609743,0.7611675944756385,0.07101799035070763,0.7339646713609743,0.7611675944756385
11,OnlineFPCA-sgd,0.1,4100,100,face,3,5,0.478938341140747,4,2,0.16147896387273003,0.7354171545577756,0.7462371543378978,0.10046474717867247,0.7353564510971422,0.7518397526854536
11,OnlineFPCA-sgd,0.1,4200,100,face,3,5,0.324445962905884,4,2,0.0775127829353345,0.7223691516773626,0.742410509114594,0.08691754774575965,0.7316810471319404,0.7470541958431192
11,OnlineFPCA-sgd,0.1,4300,100,face,3,5,0.322446823120117,4,2,0.09781330824233296,0.7177734662293769,0.7337669373758607,0.0664374852788189,0.727242810092136,0.7435916815097723
11,OnlineFPCA-sgd,0.1,4400,100,face,3,5,0.326800346374512,4,2,0.09733813848206394,0.7199121631801115,0.7322840461611125,0.05920076988806657,0.725140595132722,0.7408168457436286
11,OnlineFPCA-sgd,0.1,4500,100,face,3,5,0.320776700973511,4,2,0.11036339877633486,0.7188568973018897,0.7248894267875179,0.05603283638971903,0.7232626417104838,0.7391955860967155
11,OnlineFPCA-sgd,0.1,4600,100,face,3,5,0.32616925239563,4,2,0.06655590492189326,0.7169856141567478,0.719003894039152,0.05642607402939807,0.7218512973693826,0.7373258575831892
11,OnlineFPCA-sgd,0.1,4700,100,face,3,5,0.325090885162354,4,2,0.08066039858488827,0.7160766247592915,0.7141719309053794,0.059774644763702596,0.7204289062537974,0.7348387397747774
11,OnlineFPCA-sgd,0.1,4800,100,face,3,5,0.3260657787323,4,2,0.13556901709454333,0.7133806768633343,0.7175897101721721,0.05684054239666862,0.7189445177643315,0.7319338291513631
11,OnlineFPCA-sgd,0.1,4900,100,face,3,5,0.325879573822021,4,2,0.14409109443707002,0.7077290434395384,0.7203727161550251,0.05974390896096018,0.717773992078952,0.7306055570059458
11,OnlineFPCA-sgd,0.1,5000,100,face,3,5,0.323128461837769,4,2,0.06667298691195934,0.712852659978419,0.7202088985658021,0.0600242587734087,0.7167762526848531,0.7296432014612301
11,OnlineFPCA-sgd,0.1,5100,100,face,3,5,0.0980749130249023,4,2,0.07488313338609014,0.7101537087495846,0.7131182569292822,0.05638850711782004,0.7159923910073274,0.7285622660779072
11,OnlineFPCA-sgd,0.1,5200,100,face,3,5,0.0963106155395508,4,2,0.0706243808186658,0.7011584124119273,0.7070540403978727,0.0527021890979429,0.7147543416739425,0.7267247380480178
11,OnlineFPCA-sgd,0.1,5300,100,face,3,5,0.0983295440673828,4,2,0.06424076749953274,0.7003103853357625,0.7247246898830445,0.050010932399358984,0.713361771577222,0.7258420571746323
11,OnlineFPCA-sgd,0.1,5400,100,face,3,5,0.0982723236083984,4,2,0.08998617655512106,0.6987843736805186,0.7199296141928168,0.04556544801473505,0.7120099040903111,0.7253526664573636
11,OnlineFPCA-sgd,0.1,5500,100,face,3,5,0.0982885360717773,4,2,0.06821766097009044,0.6984967109136996,0.7109094578435269,0.04202536799964561,0.7107587012354191,0.7245863925229936
11,OnlineFPCA-sgd,0.1,5600,100,face,3,5,0.0980114936828613,4,2,0.05986904872622323,0.6899218976315266,0.7111481682159755,0.03957171809584168,0.7094390415195472,0.7233149379968586
11,OnlineFPCA-sgd,0.1,5700,100,face,3,5,0.0955440998077393,4,2,0.10889790576683749,0.6845537492141228,0.7034982758202085,0.03664730136789987,0.7078709911061462,0.7220612182750883
11,OnlineFPCA-sgd,0.1,5800,100,face,3,5,0.0980250835418701,4,2,0.11312933600052151,0.674997844067102,0.7071633444101064,0.035173897411094925,0.7060131059654964,0.7207930681458282
11,OnlineFPCA-sgd,0.1,5900,100,face,3,5,0.098705530166626,4,2,0.09848222137796436,0.6710303836408896,0.7027500480480519,0.037306829207467786,0.7042536416260051,0.7197784127388818
11,OnlineFPCA-sgd,0.1,6000,100,face,3,5,0.100879907608032,4,2,0.06987820449055945,0.6651923295522212,0.6957763510951138,0.03789341388282357,0.7022239127951693,0.7184209334520634
11,OnlineFPCA-sgd,0.1,6100,100,face,3,5,0.0981993675231934,4,2,0.06609357850074032,0.6649854229796149,0.6898017154442047,0.03686977352692235,0.7004352088240499,0.7169880903081689
11,OnlineFPCA-sgd,0.1,6200,100,face,3,5,0.100189685821533,4,2,0.0784320991607862,0.6624048254228115,0.6933543240336436,0.034322093852543714,0.6986560025934158,0.7155941147864054
11,OnlineFPCA-sgd,0.1,6300,100,face,3,5,0.0961306095123291,4,2,0.07942343183783415,0.6601725181633787,0.6892243951353805,0.03249328923218903,0.6970172283673902,0.7143806233913726
11,OnlineFPCA-sgd,0.1,6400,100,face,3,5,0.0987703800201416,4,2,0.10262571130427406,0.6606495429723603,0.6862463397544123,0.03086326940388576,0.6954759262635134,0.7131072087716405
11,OnlineFPCA-sgd,0.1,6500,100,face,3,5,0.0996940135955811,4,2,0.0938365680647067,0.6560982874254173,0.6638994243359556,0.029730878833822475,0.6939178975970646,0.7114654351535924
11,OnlineFPCA-sgd,0.1,6600,100,face,3,5,0.101023197174072,4,2,0.07361045046978915,0.6620352516551693,0.6723205677193642,0.02804565124574086,0.6925463545390899,0.7096958128985115
11,OnlineFPCA-sgd,0.1,6700,100,face,3,5,0.0982980728149414,4,2,0.07882261744454923,0.6550226606910083,0.6781497685698679,0.027237759384621377,0.6912491787916647,0.7082765481940302
11,OnlineFPCA-sgd,0.1,6800,100,face,3,5,0.0955770015716553,4,2,0.09903607531483849,0.6515862728603382,0.6721089163138714,0.02579430475086216,0.6897290370611767,0.7070021749227124
11,OnlineFPCA-sgd,0.1,6900,100,face,3,5,0.098975658416748,4,2,0.07881027189630582,0.6498340366170362,0.6708570071793754,0.02438880152040398,0.6882772606738483,0.7058887396969322
11,OnlineFPCA-sgd,0.1,7000,100,face,3,5,0.0991342067718506,4,2,0.07750846085791134,0.6504599228527707,0.6667032399873201,0.023516559034435745,0.6868897107603245,0.7045628233843997
11,OnlineFPCA-sgd,0.1,7100,100,face,3,5,0.10288405418396,4,2,0.07586748686407764,0.6491078793547856,0.6661318461738982,0.022298881643981066,0.6855687975509492,0.7033685492543371
11,OnlineFPCA-sgd,0.1,7200,100,face,3,5,0.0991475582122803,4,2,0.14242123955972297,0.6452310882588427,0.6541542936328494,0.02254283916878031,0.6842752677245649,0.7019962322586714
11,OnlineFPCA-sgd,0.1,7300,100,face,3,5,0.0979187488555908,4,2,0.09091509472015306,0.6455423028447665,0.6608602928281195,0.024117802380716518,0.682991764409121,0.7007522787992152
11,OnlineFPCA-sgd,0.1,7400,100,face,3,5,0.100122928619385,4,2,0.07393440140681994,0.6382785274091672,0.6585963720688915,0.023462493494980287,0.6816535592076028,0.6995237630206104
11,OnlineFPCA-sgd,0.1,7500,100,face,3,5,0.0975980758666992,4,2,0.08584822038525908,0.6325922075036704,0.6491483846918481,0.02287000018584947,0.6802498677607325,0.6982014516938737
11,OnlineFPCA-sgd,0.1,7600,100,face,3,5,0.0977370738983154,4,2,0.07793682552530524,0.6300791198557768,0.644867968501476,0.02257523401918259,0.6788180647012579,0.6967342660641707
11,OnlineFPCA-sgd,0.1,7700,100,face,3,5,0.0983631610870361,4,2,0.04541092870187599,0.6282610171158974,0.6564362928249384,0.021744623884345022,0.6774123534653609,0.6954736091898178
11,OnlineFPCA-sgd,0.1,7800,100,face,3,5,0.0977699756622314,4,2,0.08413236021335221,0.6279386833346745,0.6588148566455835,0.021084194773168575,0.6759987088075353,0.6944001870301977
11,OnlineFPCA-sgd,0.1,7900,100,face,3,5,0.0977494716644287,4,2,0.05727972274895546,0.626872883529993,0.6604643260404778,0.01981278678549768,0.6746537908981604,0.6933765365114329
11,OnlineFPCA-sgd,0.1,8000,100,face,3,5,0.0978403091430664,4,2,0.14429164810710687,0.6174313815866452,0.6524098039881784,0.018480465640087443,0.6732846958874658,0.6922215182915544
11,OnlineFPCA-sgd,0.1,8100,100,face,3,5,0.0980489253997803,4,2,0.09756127323450578,0.6158505720756355,0.6397327977685147,0.017873417468234308,0.6718082942753717,0.6908314317070102
11,OnlineFPCA-sgd,0.1,8200,100,face,3,5,0.0977554321289062,4,2,0.048902038083712344,0.6115421283009131,0.6257582864380073,0.01781776013955638,0.6703507608279654,0.689290066942065
11,OnlineFPCA-sgd,0.1,8300,100,face,3,5,0.0962307453155518,4,2,0.055842440919059474,0.6094976007905497,0.6302340843844263,0.01812880995740059,0.6688727259948996,0.687714242452575
11,OnlineFPCA-sgd,0.1,8400,100,face,3,5,0.0988471508026123,4,2,0.09123992219551855,0.6169165642065569,0.631887249561691,0.018064291979130065,0.6674908925137156,0.6862422435310781
11,OnlineFPCA-sgd,0.1,8500,100,face,3,5,0.0991692543029785,4,2,0.07160881568389672,0.61175813721066985,0.6240153504405043,0.01771781123677587,0.6661833100494768,0.6848060105315676
11,OnlineFPCA-sgd,0.1,8600,100,face,3,5,0.0977482795715332,4,2,0.11800929810165965,0.6029441695317118,0.6147120719166624,0.018094194047360134,0.6648096830640602,0.6832735308965191
11,OnlineFPCA-sgd,0.1,8700,100,face,3,5,0.0982503890991211,4,2,0.08164325115817936,0.5962033818948266,0.6107892377149089,0.01790435242579093,0.6633421135850258,0.681725568076146
11,OnlineFPCA-sgd,0.1,8800,100,face,3,5,0.0948584079742432,4,2,0.09992547739406632,0.5962461471599328,0.6145676997440561,0.017115642268564372,0.6618332537965269,0.6801792143152507
11,OnlineFPCA-sgd,0.1,8900,100,face,3,5,0.100244045257568,4,2,0.09840924948719151,0.6052169351146859,0.6062561250162884,0.016274204518699823,0.6604308906170764,0.6785414072954962
11,OnlineFPCA-sgd,0.1,9000,100,face,3,5,0.0984001159667969,4,2,0.10541936140360536,0.5982221761089933,0.5975324622070591,0.016088276572562087,0.6590772879975832,0.6767843928371244
11,OnlineFPCA-sgd,0.1,9100,100,face,3,5,0.099440336227417,4,2,0.16350962479217593,0.6029287739627908,0.5850411035609643,0.017692470711637293,0.6576984651744768,0.6748628648537145
11,OnlineFPCA-sgd,0.1,9200,100,face,3,5,0.0991983413696289,4,2,0.07211274120829264,0.5848410341542306,0.581121197683107,0.018739285251658615,0.6562443103034072,0.6729006879589597
11,OnlineFPCA-sgd,0.1,9300,100,face,3,5,0.0976626873016357,4,2,0.08032655764030326,0.57954790932281,0.581173125248886,0.018865931418484035,0.6547278377387978,0.6709548364151512
11,OnlineFPCA-sgd,0.1,9400,100,face,3,5,0.0939912796020508,4,2,0.07512542752620102,0.5806982996620839,0.5778940385143925,0.018989482027959765,0.6533118435933284,0.6691201198796645
11,OnlineFPCA-sgd,0.1,9500,100,face,3,5,0.0983953475952148,4,2,0.08678769538506398,0.579659782785771,0.5757496351113294,0.01879301607781906,0.6519441084401584,0.6674450027927148
11,OnlineFPCA-sgd,0.1,9600,100,face,3,5,0.104888677597046,4,2,0.057729948638593785,0.5777472737347351,0.5736567546051254,0.01905872333557376,0.6506171063728692,0.6658343300807048
11,OnlineFPCA-sgd,0.1,9700,100,face,3,5,0.0972967147827148,4,2,0.07744009589193337,0.5788786199646584,0.572325550217135,0.020018180408087175,0.6493143279315157,0.6642301798346173
11,OnlineFPCA-sgd,0.1,9800,100,face,3,5,0.097099781036377,4,2,0.11652968501319638,0.5759484200720081,0.575291191962333,0.02070421801992735,0.6479989474165153,0.6626094638518503
11,OnlineFPCA-sgd,0.1,9900,100,face,3,5,0.0944805145263672,4,2,0.12046883568665999,0.5704786013799927,0.5782525145428834,0.02175190283384303,0.646695159719775,0.6611551384976693
11,OnlineFPCA-sgd,0.1,10000,100,face,3,5,0.097916841506958,4,2,0.055038576202791255,0.5751407132111553,0.5807201131243552,0.02251022600853788,0.6454109945410813,0.6597611398011091
11,OnlineFPCA-sgd,0.1,10100,100,face,3,5,0.0983281135559082,4,2,0.06313405993234922,0.5732262707245076,0.5732178116829028,0.022814831959437423,0.6441754153451321,0.6583618003071829
11,OnlineFPCA-sgd,0.1,10200,100,face,3,5,0.0987811088562012,4,2,0.06291131017811308,0.5667127137012431,0.5696657333909723,0.022887379841665584,0.6429019774131504,0.6568817903645102
11,OnlineFPCA-sgd,0.1,10300,100,face,3,5,0.0997405052185059,4,2,0.052818527390582036,0.5632248616557403,0.5842850510615055,0.022973022631182654,0.6416008297539535,0.6556120655122112
11,OnlineFPCA-sgd,0.1,10400,100,face,3,5,0.0955667495727539,4,2,0.07050046417835694,0.5613587129690284,0.5814457730027135,0.022667323256844032,0.640306428577671,0.6544427935297561
11,OnlineFPCA-sgd,0.1,10500,100,face,3,5,0.0995047092437744,4,2,0.06127629045733532,0.5625726160437983,0.5749491885584714,0.02242560717167904,0.6390504542936899,0.6532711955545729
11,OnlineFPCA-sgd,0.1,10600,100,face,3,5,0.100137710571289,4,2,0.051718268207751314,0.555796149655904,0.5760291750392847,0.02228624242040057,0.6378084234795743,0.6520247170844521
11,OnlineFPCA-sgd,0.1,10700,100,face,3,5,0.100827217102051,4,2,0.08878007275420659,0.552905715367527,0.569219468900348,0.02201407945632535,0.6365382715435585,0.6507928040945656
11,OnlineFPCA-sgd,0.1,10800,100,face,3,5,0.0987377166748047,4,2,0.10071155026667418,0.5455502460481478,0.5733535739559891,0.021969258514391552,0.6351992939336373,0.6495758471636944
11,OnlineFPCA-sgd,0.1,10900,100,face,3,5,0.0987696647644043,4,2,0.09185252773941474,0.5426031152334936,0.5714954257857481,0.02271737644617392,0.6338784131275705,0.6484282464650023
11,OnlineFPCA-sgd,0.1,11000,100,face,3,5,0.0991156101226807,4,2,0.07042633166675956,0.5379892462915937,0.564856131491073,0.023179777756345527,0.6324934548678848,0.6472051321570927
11,OnlineFPCA-sgd,0.1,11100,100,face,3,5,0.10016393661499,4,2,0.05069368690212339,0.5369624468057965,0.5615299649062235,0.023171903745105738,0.6311503013973365,0.6459775759506801
11,OnlineFPCA-sgd,0.1,11200,100,face,3,5,0.0982570648193359,4,2,0.06069837715922712,0.5353006331016255,0.5623547803028236,0.022794446429627566,0.6298013435079037,0.6447428034535023
11,OnlineFPCA-sgd,0.1,11300,100,face,3,5,0.097968578338623,4,2,0.065861956611243,0.5331313485951789,0.5617732964012173,0.02246437340270395,0.6284741029060732,0.6435746102304168
11,OnlineFPCA-sgd,0.1,11400,100,face,3,5,0.0972180366516113,4,2,0.08471852400763707,0.5327241202153032,0.5605705913407772,0.02214113749677032,0.6271767613479127,0.6424147943285783
11,OnlineFPCA-sgd,0.1,11500,100,face,3,5,0.0971453189849854,4,2,0.07361844128192938,0.5295367711894298,0.5432192488545662,0.021767680864917156,0.6258852448421977,0.641175109815592
11,OnlineFPCA-sgd,0.1,11600,100,face,3,5,0.0976295471191406,4,2,0.0640143214038968,0.5329535079292953,0.5508179229226601,0.021354705790997335,0.6246464803035917,0.6399151502819848
11,OnlineFPCA-sgd,0.1,11700,100,face,3,5,0.0981528759002686,4,2,0.06427261125946471,0.5270962445714535,0.5551889973245598,0.02119436384389326,0.6234284845161556,0.6387573232373294
11,OnlineFPCA-sgd,0.1,11800,100,face,3,5,0.0984706878662109,4,2,0.07910866376542908,0.5240591850935521,0.5502435252707,0.02095159654823289,0.6221320230432905,0.6376130682445552
11,OnlineFPCA-sgd,0.1,11900,100,face,3,5,0.0945091247558594,4,2,0.06694414909746499,0.5224585216808484,0.547999929502157,0.020583764876207528,0.6208540855898944,0.6365109668211494
11,OnlineFPCA-sgd,0.1,12000,100,face,3,5,0.0982909202575684,4,2,0.07260610765189611,0.5233563035288422,0.5451428505348391,0.0203544031194158,0.6196039110396364,0.6353542906442795
11,OnlineFPCA-sgd,0.1,12100,100,face,3,5,0.0985000133514404,4,2,0.06576161343526936,0.5223877886119116,0.5454529396714377,0.019971366853390998,0.6183806381668692,0.6342455162626346
11,OnlineFPCA-sgd,0.1,12200,100,face,3,5,0.0973644256591797,4,2,0.11968713282572022,0.5193853392179403,0.5359033423762559,0.02007615445280808,0.6171732454726502,0.6330885230411937
11,OnlineFPCA-sgd,0.1,12300,100,face,3,5,0.0981357097625732,4,2,0.08473104432951221,0.5186217999514312,0.5420119128087887,0.02054119477290784,0.6159628589089567,0.6319757932832932
11,OnlineFPCA-sgd,0.1,12400,100,face,3,5,0.0975947380065918,4,2,0.06179795581117624,0.5132147149270302,0.5412849578321052,0.02036689494680194,0.6147311422838939,0.630886619626988
11,OnlineFPCA-sgd,0.1,12500,100,face,3,5,0.103916645050049,4,2,0.07918391757804742,0.5091749555758212,0.532162581506451,0.020139831116993114,0.6134839384223749,0.6297737095438278
11,OnlineFPCA-sgd,0.1,12600,100,face,3,5,0.10934853553772,4,2,0.07467961233885874,0.5074124626995619,0.528025685727074,0.020027944062896673,0.6122353885942808,0.6286123805018561
11,OnlineFPCA-sgd,0.1,12700,100,face,3,5,0.110333442687988,4,2,0.041821621151743676,0.504678547819668,0.5375203855054094,0.019702134549235195,0.6109923381193175,0.6275035007973042
11,OnlineFPCA-sgd,0.1,12800,100,face,3,5,0.111457347869873,4,2,0.0724245400934077,0.505456242727923,0.5397423729119952,0.01937341254731205,0.6097378456129138,0.626469534289792
11,OnlineFPCA-sgd,0.1,12900,100,face,3,5,0.102169275283813,4,2,0.054734199783353504,0.5039687889405854,0.5424640777677617,0.018794202714857388,0.6085034414644556,0.6254602186592613
11,OnlineFPCA-sgd,0.1,13000,100,face,3,5,0.0980827808380127,4,2,0.12729299761257581,0.49567338400410005,0.5371008423397085,0.018180931642765127,0.6072751401677629,0.6244303531928116
11,OnlineFPCA-sgd,0.1,13100,100,face,3,5,0.0985221862792969,4,2,0.08575013745832685,0.49424638768823725,0.5276755366996106,0.017854900087004386,0.6060093439115938,0.6233263576523865
11,OnlineFPCA-sgd,0.1,13200,100,face,3,5,0.0997083187103271,4,2,0.04074560871562585,0.49007024474054783,0.5143433960719648,0.017796795233369127,0.6047423182596858,0.6221514444070191
11,OnlineFPCA-sgd,0.1,13300,100,face,3,5,0.0990548133850098,4,2,0.04413046705563828,0.488575889353073,0.5186512722983222,0.017869381152658816,0.6034708426701748,0.6209551054394437
11,OnlineFPCA-sgd,0.1,13400,100,face,3,5,0.095771312713623,4,2,0.07303056921646499,0.49479145068792885,0.5230111262716794,0.017837803080808387,0.602239845346481,0.6198088080898365
11,OnlineFPCA-sgd,0.1,13500,100,face,3,5,0.0980570316314697,4,2,0.05947568343354457,0.4916958686289451,0.5163292524755199,0.01775507966505504,0.6010507131469711,0.618687751635764
11,OnlineFPCA-sgd,0.1,13600,100,face,3,5,0.101665735244751,4,2,0.09907624813556462,0.48393270094844093,0.5074948101950018,0.01793191013801808,0.5998378032340855,0.6175178436441651
11,OnlineFPCA-sgd,0.1,13700,100,face,3,5,0.0998172760009766,4,2,0.07194009305380593,0.4775523875306352,0.5032688070623818,0.017897220331101263,0.5985791677238369,0.6163343766321747
11,OnlineFPCA-sgd,0.1,13800,100,face,3,5,0.100176334381104,4,2,0.08613630051564325,0.47851459765821014,0.5067742726545236,0.017569127825683678,0.5973011547614552,0.6151371151476921
11,OnlineFPCA-sgd,0.1,13900,100,face,3,5,0.0973994731903076,4,2,0.0879969974263448,0.48584798469413176,0.5011991159957384,0.017198630525641505,0.5960774866139493,0.6139140742064844
11,OnlineFPCA-sgd,0.1,14000,100,face,3,5,0.101970195770264,4,2,0.09085456033339454,0.47888105141146614,0.491960012565266,0.017043893737186417,0.5948689666014675,0.6126366737334462
11,OnlineFPCA-sgd,0.1,14100,100,face,3,5,0.100930213928223,4,2,0.14530294072312416,0.48590099738073933,0.47986171977434044,0.017651849425862738,0.5936568128927875,0.611275787918713
11,OnlineFPCA-sgd,0.1,14200,100,face,3,5,0.0991780757904053,4,2,0.06624976621735479,0.47057759146442346,0.4743523039685837,0.01812734952247498,0.592421496959464,0.6098779582985231
11,OnlineFPCA-sgd,0.1,14300,100,face,3,5,0.0999364852905273,4,2,0.06728310198819892,0.4662925170418837,0.47499423978356226,0.018227180699758597,0.5911647315171896,0.6084819968103634
11,OnlineFPCA-sgd,0.1,14400,100,face,3,5,0.096066951751709,4,2,0.06268491388921325,0.4670557962819133,0.47085865318941444,0.018290624189523243,0.589947725875067,0.6071273720805223
11,OnlineFPCA-sgd,0.1,14500,100,face,3,5,0.0994713306427002,4,2,0.0746103438293451,0.465491488456292,0.46934364758184616,0.018180998754291564,0.5887470058083333,0.6058306470038543
11,OnlineFPCA-sgd,0.1,14600,100,face,3,5,0.0993900299072266,4,2,0.053437357924454976,0.46310367033418703,0.46792517081635104,0.018250527564322258,0.5875549739211359,0.6045578328657587
11,OnlineFPCA-sgd,0.1,14700,100,face,3,5,0.0999007225036621,4,2,0.07270619608043224,0.4651048143774673,0.4673905598398676,0.018662588063874264,0.5863781147197784,0.6032909291124644
11,OnlineFPCA-sgd,0.1,14800,100,face,3,5,0.0983541011810303,4,2,0.10147526608661495,0.4616491303068381,0.4691485781438824,0.019029276046800152,0.5851966367386482,0.60201484855308
11,OnlineFPCA-sgd,0.1,14900,100,face,3,5,0.0976850986480713,4,2,0.11131632571548969,0.456434517880517,0.4712276985545581,0.019550219061751452,0.5840145720426418,0.6008032267234711
11,OnlineFPCA-sgd,0.1,15000,100,face,3,5,0.0942423343658447,4,2,0.05279877605182767,0.4616598582984346,0.47387907236707133,0.01996498767975022,0.5828437750503654,0.5996148434617904
11,OnlineFPCA-sgd,0.1,0,100,face,3,5,6.36265110969543,6,1,0.2570427630092802,0.2971411168619065,1.7689521031900395,0.2570427630092802,0.2971411168619065,1.7689521031900395
11,OnlineFPCA-sgd,0.1,100,100,face,3,5,0.350098609924316,6,1,1.1448066638728471,1.720837818169083,1.2203474628579523,NA,NA,NA
11,OnlineFPCA-sgd,0.1,200,100,face,3,5,0.3406081199646,6,1,0.954321946859198,1.1201005038268002,1.8443946228192132,NA,NA,NA
11,OnlineFPCA-sgd,0.1,300,100,face,3,5,0.344325542449951,6,1,0.6314242653881937,1.368085798233872,1.7706044677065957,NA,NA,NA
11,OnlineFPCA-sgd,0.1,400,100,face,3,5,0.343456029891968,6,1,0.7686104347028309,1.426544918091188,0.9398702837307763,NA,NA,NA
11,OnlineFPCA-sgd,0.1,500,100,face,3,5,0.344236373901367,6,1,0.36487713809806344,0.8104966537952385,0.5857660446170768,NA,NA,NA
11,OnlineFPCA-sgd,0.1,600,100,face,3,5,0.342353820800781,6,1,0.3572156535360024,0.8085193942701633,0.5843896040626884,NA,NA,NA
11,OnlineFPCA-sgd,0.1,700,100,face,3,5,0.341066122055054,6,1,0.35061525532222054,0.8045396968146771,0.5819314358703269,NA,NA,NA
11,OnlineFPCA-sgd,0.1,800,100,face,3,5,0.34419584274292,6,1,0.3460091610336385,0.7999928440880792,0.5786872824946188,NA,NA,NA
11,OnlineFPCA-sgd,0.1,900,100,face,3,5,0.339801073074341,6,1,0.339015612853841,0.7938627463465799,0.5736363537054839,NA,NA,NA
11,OnlineFPCA-sgd,0.1,1000,100,face,3,5,0.351853609085083,6,1,0.33405735474965664,0.7884068670879344,0.567481104928984,NA,NA,NA
11,OnlineFPCA-sgd,0.1,1100,100,face,3,5,0.472342967987061,6,1,0.3593907470046704,0.6189160207376607,0.624883900967734,0.15116306477092586,0.7080545417166508,0.6047648582135917
11,OnlineFPCA-sgd,0.1,1200,100,face,3,5,0.472509622573853,6,1,0.19954083410479223,0.6231047978843792,0.5841473740055622,0.09390012522262903,0.6581821507290592,0.6098286990752078
11,OnlineFPCA-sgd,0.1,1300,100,face,3,5,0.474411725997925,6,1,0.08838461373539393,0.5827547891177719,0.5918257197552879,0.05965184896417891,0.6294130840765486,0.6043251893553258
11,OnlineFPCA-sgd,0.1,1400,100,face,3,5,0.476953029632568,6,1,0.2239187045020528,0.572646081963997,0.6078605689381915,0.04640579354696121,0.6145989437645599,0.604114357317417
11,OnlineFPCA-sgd,0.1,1500,100,face,3,5,0.483381509780884,6,1,0.22904749728169171,0.5809316420480076,0.5764430820000239,0.041426625068749376,0.6023870642737074,0.6013531365393447
11,OnlineFPCA-sgd,0.1,1600,100,face,3,5,0.482401132583618,6,1,0.08037431242024705,0.5653389619446921,0.5755357115379518,0.03189549507401959,0.5939814282258441,0.598651019135008
11,OnlineFPCA-sgd,0.1,1700,100,face,3,5,0.624092578887939,6,1,0.10523042858563905,0.5616685961308575,0.5592430838977724,0.03160200190970273,0.5892185112716442,0.5952937576426794
11,OnlineFPCA-sgd,0.1,1800,100,face,3,5,0.479890823364258,6,1,0.08277380903572158,0.5498267033223765,0.5529222384649133,0.03213687302702245,0.5849797161612623,0.5905660853087581
11,OnlineFPCA-sgd,0.1,1900,100,face,3,5,0.473396301269531,6,1,0.10626687724316225,0.5410815763674758,0.5349135957360066,0.036684528035341446,0.5810143845070286,0.585178752010612
11,OnlineFPCA-sgd,0.1,2000,100,face,3,5,0.477622270584106,6,1,0.10544497202948486,0.53349884504733,0.5532180960728503,0.04249048013374264,0.5761317638795928,0.5812694093469506
11,OnlineFPCA-sgd,0.1,2100,100,face,3,5,0.474626302719116,6,1,0.2903221041545703,0.5384530045095052,0.570742568327987,0.04109748161012466,0.5716505368374342,0.5773173862567722
11,OnlineFPCA-sgd,0.1,2200,100,face,3,5,0.479559421539307,6,1,0.21047011534354407,0.5592747318045409,0.5580420185147164,0.0350628210403646,0.5682961879595446,0.5750701472762058
11,OnlineFPCA-sgd,0.1,2300,100,face,3,5,0.473213672637939,6,1,0.3416851040192526,0.5317687704349576,0.5435643785861142,0.035502646358366606,0.5661298512336936,0.574244122944133
11,OnlineFPCA-sgd,0.1,2400,100,face,3,5,0.47832202911377,6,1,0.2076082059790527,0.48737178249690144,0.5130640798204352,0.036380025761320975,0.5608770430154192,0.5688876991379587
11,OnlineFPCA-sgd,0.1,2500,100,face,3,5,0.477470397949219,6,1,0.1947719068810037,0.45803139036750895,0.4560019739064459,0.04060090074125595,0.553370888630724,0.5620996120301525
11,OnlineFPCA-sgd,0.1,2600,100,face,3,5,0.472807168960571,6,1,0.16332859234610878,0.4462195700200306,0.40917540953688203,0.035938902027008765,0.5445308242067453,0.5536331773369324
11,OnlineFPCA-sgd,0.1,2700,100,face,3,5,0.469942331314087,6,1,0.0617942294988102,0.4872373998097046,0.4596401021044615,0.03206316626021368,0.5371863131166662,0.5460013095007318
11,OnlineFPCA-sgd,0.1,2800,100,face,3,5,0.474560737609863,6,1,0.25266733458143953,0.4553562043693225,0.44944337612769675,0.03197205768925013,0.5311102305281009,0.539025009842473
11,OnlineFPCA-sgd,0.1,2900,100,face,3,5,0.468788146972656,6,1,0.17726019121079345,0.4294579918114739,0.4155185984956341,0.03242062028488408,0.5246489325729156,0.5321421613006349
11,OnlineFPCA-sgd,0.1,3000,100,face,3,5,0.475260972976685,6,1,0.2468756921236278,0.38121555534360563,0.4379826996334274,0.02871147870571126,0.516957717522679,0.524902328782822
11,OnlineFPCA-sgd,0.1,3100,100,face,3,5,0.471957445144653,6,1,0.21574548147418687,0.43389998278723657,0.43009985792647887,0.02243085911828855,0.5089202657407517,0.5182789391978176
11,OnlineFPCA-sgd,0.1,3200,100,face,3,5,0.48298978805542,6,1,0.22765931417111113,0.40407080426104397,0.40976860826678624,0.02177546807543339,0.5001038797596272,0.5124092979760236
11,OnlineFPCA-sgd,0.1,3300,100,face,3,5,0.473588228225708,6,1,0.2740161883886319,0.4005594747623934,0.4472293240305717,0.01947172370634359,0.49269759440789634,0.5065955946132986
11,OnlineFPCA-sgd,0.1,3400,100,face,3,5,0.481215000152588,6,1,0.2686811084651571,0.4366350298818904,0.49476077635765525,0.017189295984318852,0.4861229172596291,0.5017000989033313
11,OnlineFPCA-sgd,0.1,3500,100,face,3,5,0.471238613128662,6,1,0.15084130083869066,0.38992326679442396,0.3660299197078194,0.015706000789176472,0.47954158818846687,0.4967772529962794
11,OnlineFPCA-sgd,0.1,3600,100,face,3,5,0.484565019607544,6,1,0.3264089260509902,0.5483248386728591,0.3162314703496175,0.02058262180598881,0.4735097076542683,0.4895941731947963
11,OnlineFPCA-sgd,0.1,3700,100,face,3,5,0.476283550262451,6,1,0.23035001064986277,0.3448372815502522,0.3958493396994659,0.02011189999163271,0.4690053974577852,0.48347140636409136
11,OnlineFPCA-sgd,0.1,3800,100,face,3,5,0.480289936065674,6,1,0.23359398255163283,0.3151141745202313,0.38868610785733476,0.018413660840596712,0.463128397862771,0.47865287960226893
11,OnlineFPCA-sgd,0.1,3900,100,face,3,5,0.479751110076904,6,1,0.17465308066420274,0.3495206804144741,0.46594374827861135,0.01807315720609451,0.45620680590535695,0.47454564629199636
11,OnlineFPCA-sgd,0.1,4000,100,face,3,5,0.632027149200439,6,1,0.01840057341079407,0.44928720463492194,0.47114787732018687,0.01840057341079407,0.44928720463492194,0.47114787732018687
11,OnlineFPCA-sgd,0.1,4100,100,face,3,5,0.475317716598511,6,1,0.31314998300956737,0.49890447518769854,0.46373251702233825,0.16453141058810844,0.4635409977458052,0.4702982805140963
11,OnlineFPCA-sgd,0.1,4200,100,face,3,5,0.479212522506714,6,1,0.2197175013087066,0.43923893425373395,0.46210295415429364,0.09151924690205733,0.4557050420760521,0.4502154170654838
11,OnlineFPCA-sgd,0.1,4300,100,face,3,5,0.47667407989502,6,1,0.16520460282759858,0.45921067980794256,0.4346085794661937,0.058124758142342026,0.4368228205091519,0.4401439596804312
11,OnlineFPCA-sgd,0.1,4400,100,face,3,5,0.482409238815308,6,1,0.25628593808920114,0.4488142632528158,0.441051790946335,0.04723084570676983,0.43393779481792777,0.4377542887884573
11,OnlineFPCA-sgd,0.1,4500,100,face,3,5,0.476682901382446,6,1,0.2015245829486315,0.4641611028341727,0.45907441301572727,0.05340745454379224,0.436139621014978,0.4352125382662167
11,OnlineFPCA-sgd,0.1,4600,100,face,3,5,0.475756883621216,6,1,0.041876252112249976,0.4400194665307142,0.453660672064114,0.05306541354144695,0.4357126056508439,0.4355935451204993
11,OnlineFPCA-sgd,0.1,4700,100,face,3,5,0.482234001159668,6,1,0.21594865024284446,0.511296953838004,0.46560484359098187,0.058111974796578744,0.43298618528051813,0.43436228745794814
11,OnlineFPCA-sgd,0.1,4800,100,face,3,5,0.47708797454834,6,1,0.32202080533294225,0.4951748053100573,0.5069866153024756,0.05573500720702775,0.4335199996794652,0.435480719717085
11,OnlineFPCA-sgd,0.1,4900,100,face,3,5,0.469913005828857,6,1,0.2626826038359327,0.4511828077829862,0.44431659582166344,0.05760821253225361,0.4312853098348411,0.43600786254718976
11,OnlineFPCA-sgd,0.1,5000,100,face,3,5,0.480155229568481,6,1,0.21149798508613174,0.4090615688303052,0.4474054971714041,0.05197498997055458,0.42782292534405564,0.43506122462265945
11,OnlineFPCA-sgd,0.1,5100,100,face,3,5,0.0994970798492432,6,1,0.1860924156398055,0.38927551881122474,0.41059139110375253,0.04248486335474259,0.4220071251818386,0.43201447749019684
11,OnlineFPCA-sgd,0.1,5200,100,face,3,5,0.0983972549438477,6,1,0.11969772376058904,0.3419356324037845,0.3505603428484362,0.0379459040939065,0.4150181981288483,0.4256726955145263
11,OnlineFPCA-sgd,0.1,5300,100,face,3,5,0.098729133605957,6,1,0.1950912994312375,0.4419728020598192,0.40435597691093234,0.03830914456329597,0.4102414673228224,0.41908848273745647
11,OnlineFPCA-sgd,0.1,5400,100,face,3,5,0.0975842475891113,6,1,0.2389924092638983,0.3446660433599926,0.429694121788132,0.03677940429816294,0.40593941439773173,0.41482720673373397
11,OnlineFPCA-sgd,0.1,5500,100,face,3,5,0.0984265804290771,6,1,0.2460176818250636,0.32766726895952186,0.39328223868379414,0.03470950634405404,0.3995932078214502,0.4108194225014784
11,OnlineFPCA-sgd,0.1,5600,100,face,3,5,0.0963289737701416,6,1,0.14845590050520072,0.2875728582054911,0.4220264506083556,0.03262105821446983,0.3923034238323906,0.4078684028907139
11,OnlineFPCA-sgd,0.1,5700,100,face,3,5,0.0976672172546387,6,1,0.2699698462045225,0.34773038673803497,0.35202756259699747,0.029111776342554265,0.38395029813088427,0.40245367213077593
11,OnlineFPCA-sgd,0.1,5800,100,face,3,5,0.097646951675415,6,1,0.13710688738902707,0.34593139029385744,0.3480306217020223,0.03162591738442485,0.3777269897309112,0.3966436204418148
11,OnlineFPCA-sgd,0.1,5900,100,face,3,5,0.10274863243103,6,1,0.1897823220302362,0.3180687102435778,0.32918851447812414,0.0360249899948348,0.37222080877990926,0.3903906649044351
11,OnlineFPCA-sgd,0.1,6000,100,face,3,5,0.0949845314025879,6,1,0.16782505156153926,0.2690873171836384,0.31878256565376645,0.03334582015752383,0.36616330222861493,0.383028444197823
11,OnlineFPCA-sgd,0.1,6100,100,face,3,5,0.10196852684021,6,1,0.21580079842356245,0.30476091933498695,0.3165370258442235,0.03033148754249873,0.35971912154471786,0.37641948872719694
11,OnlineFPCA-sgd,0.1,6200,100,face,3,5,0.0955114364624023,6,1,0.23067908862207803,0.30189654720463066,0.2710289053513577,0.02580140498078593,0.35390363553086907,0.37034949364711417
11,OnlineFPCA-sgd,0.1,6300,100,face,3,5,0.100894927978516,6,1,0.11223548784894333,0.2755171243589768,0.3613662065780918,0.023557915519555578,0.34846370865489307,0.36577603798742686
11,OnlineFPCA-sgd,0.1,6400,100,face,3,5,0.0955038070678711,6,1,0.26620880058650653,0.23855620311956946,0.4077789201368562,0.02220273490217456,0.3425161035674717,0.36307171421145684
11,OnlineFPCA-sgd,0.1,6500,100,face,3,5,0.102599143981934,6,1,0.22418867406501786,0.250657006683384,0.3602397545312532,0.02215381989391476,0.3358537042798822,0.36038442484238153
11,OnlineFPCA-sgd,0.1,6600,100,face,3,5,0.0960574150085449,6,1,0.17361542931523133,0.19913300167276246,0.48655734703720127,0.02085867795829665,0.32973400666880637,0.35966900275461183
11,OnlineFPCA-sgd,0.1,6700,100,face,3,5,0.102056264877319,6,1,0.1370500447260492,0.22233250297554508,0.39891179448468905,0.021583303063171116,0.3236821212070078,0.35979023409173966
11,OnlineFPCA-sgd,0.1,6800,100,face,3,5,0.0957729816436768,6,1,0.19373517567746748,0.22990523520732634,0.35046788350280467,0.01894078104998618,0.3171194659507557,0.35751203310184315
11,OnlineFPCA-sgd,0.1,6900,100,face,3,5,0.102869987487793,6,1,0.18475873844430135,0.1996666588170449,0.29561681595208616,0.01916682556994165,0.3109164789107293,0.3548160148879737
11,OnlineFPCA-sgd,0.1,7000,100,face,3,5,0.0971748828887939,6,1,0.1495332700892738,0.20996730241516032,0.36468187504712707,0.02043781420314307,0.30529578560489706,0.35194397302207275
11,OnlineFPCA-sgd,0.1,7100,100,face,3,5,0.101965665817261,6,1,0.2171850891780335,0.17518607723296803,0.3000044882607349,0.02024770180965256,0.3003704295417306,0.3493594689594274
11,OnlineFPCA-sgd,0.1,7200,100,face,3,5,0.0962939262390137,6,1,0.2233090688230695,0.17336985822253342,0.23790305847775423,0.02110017575950406,0.2955053087906627,0.3449550800283079
11,OnlineFPCA-sgd,0.1,7300,100,face,3,5,0.101893424987793,6,1,0.21592920910753302,0.20648572096634665,0.26288190607145134,0.022908115278995153,0.29031087692197927,0.3417463665397863
11,OnlineFPCA-sgd,0.1,7400,100,face,3,5,0.0962662696838379,6,1,0.1887011412031844,0.1755730738293806,0.3009092402210833,0.02294295845590019,0.28519584234076084,0.3381521059385098
11,OnlineFPCA-sgd,0.1,7500,100,face,3,5,0.102397918701172,6,1,0.17090215275639148,0.20920146578932897,0.26271165641786864,0.023387255826331773,0.2800284513772358,0.3344587301209035
11,OnlineFPCA-sgd,0.1,7600,100,face,3,5,0.0954248905181885,6,1,0.11313062423831297,0.220785786227131,0.26438013253513365,0.022968704967259307,0.2741434371934223,0.32980612932735387
11,OnlineFPCA-sgd,0.1,7700,100,face,3,5,0.110031843185425,6,1,0.07630995533547388,0.24754594915641642,0.3382643748096442,0.0205275019027405,0.2688916279414821,0.3260093443201699
11,OnlineFPCA-sgd,0.1,7800,100,face,3,5,0.0969870090484619,6,1,0.22056112001286227,0.27847939424136803,0.34468959127880394,0.02127471441600659,0.2645551405868318,0.3231540164112557
11,OnlineFPCA-sgd,0.1,7900,100,face,3,5,0.102307319641113,6,1,0.1274943769984863,0.23229066133712187,0.31879552340725875,0.020708584134314117,0.2601479842295471,0.3205906814469637
11,OnlineFPCA-sgd,0.1,8000,100,face,3,5,0.0956361293792725,6,1,0.2147034223854494,0.1746038901864686,0.39262855527101015,0.021157973408647293,0.25646003208618584,0.31825065526996854
11,OnlineFPCA-sgd,0.1,8100,100,face,3,5,0.10178017616272,6,1,0.21318905887738146,0.28412785218443226,0.3673604064019599,0.020062458992690314,0.25355826545932114,0.3165513312717146
11,OnlineFPCA-sgd,0.1,8200,100,face,3,5,0.095984935760498,6,1,0.1361505108477974,0.22004782654031874,0.30102483435300975,0.02032431392790602,0.25018099620234296,0.3144189800722876
11,OnlineFPCA-sgd,0.1,8300,100,face,3,5,0.102482318878174,6,1,0.19717557641659786,0.20950897111849623,0.31467372353208045,0.019012857983198118,0.24715825215116988,0.3120846229175299
11,OnlineFPCA-sgd,0.1,8400,100,face,3,5,0.0966670513153076,6,1,0.2318290552972692,0.2194263604140918,0.3947308444247682,0.01582023079241616,0.24445681630385305,0.3108061075900461
11,OnlineFPCA-sgd,0.1,8500,100,face,3,5,0.100901126861572,6,1,0.1351732716949192,0.17603562300425313,0.29541715562888055,0.013838488558416587,0.2411782373215148,0.3098340531736287
11,OnlineFPCA-sgd,0.1,8600,100,face,3,5,0.0969626903533936,6,1,0.27528021650297874,0.3565269093201175,0.2242292821288983,0.015303812778506906,0.23842857132770168,0.30725263755954196
11,OnlineFPCA-sgd,0.1,8700,100,face,3,5,0.101178884506226,6,1,0.1736545326656209,0.1842925936776668,0.2377300301438006,0.015398745600369461,0.23671604785599534,0.3048565040213802
11,OnlineFPCA-sgd,0.1,8800,100,face,3,5,0.0958883762359619,6,1,0.19472403268535754,0.16151250010067006,0.28243706328832824,0.014809897763065396,0.234557933662753,0.30325806772471386
11,OnlineFPCA-sgd,0.1,8900,100,face,3,5,0.102313041687012,6,1,0.1478543482543157,0.23441460752331988,0.32539364378790414,0.01521166857817538,0.23098364843501623,0.30176186628999346
11,OnlineFPCA-sgd,0.1,9000,100,face,3,5,0.0959091186523438,6,1,0.23704233600962868,0.12763469588091292,0.2828252717735952,0.015745476710002475,0.2275273858448778,0.30093763826494385
11,OnlineFPCA-sgd,0.1,9100,100,face,3,5,0.101516723632812,6,1,0.27418709780089007,0.259430271449923,0.258115600128376,0.018869845785783882,0.22455696456695096,0.29885198674183383
11,OnlineFPCA-sgd,0.1,9200,100,face,3,5,0.0960149765014648,6,1,0.20492514826833413,0.11201622267124237,0.17277165540818312,0.018702144644012084,0.2218351139954857,0.29567329128735287
11,OnlineFPCA-sgd,0.1,9300,100,face,3,5,0.100253820419312,6,1,0.14985418660605732,0.17445853707172151,0.18475989231457843,0.017719985082277186,0.21807608232254913,0.2918175047358596
11,OnlineFPCA-sgd,0.1,9400,100,face,3,5,0.09446120262146,6,1,0.20342802833149914,0.13567439777422757,0.14225667481513257,0.018043312790256685,0.21492141576900844,0.2884758188883504
11,OnlineFPCA-sgd,0.1,9500,100,face,3,5,0.10019850730896,6,1,0.16609448830460902,0.1956523171132393,0.1627168984523225,0.018055831787824692,0.2120642270923494,0.2853863193070489
11,OnlineFPCA-sgd,0.1,9600,100,face,3,5,0.0952820777893066,6,1,0.038809621245407815,0.15619367332859604,0.18217274982887713,0.01863133554698931,0.20940330329109771,0.28290098647264666
11,OnlineFPCA-sgd,0.1,9700,100,face,3,5,0.101640939712524,6,1,0.1569940136767256,0.20470760622339962,0.21675793099257412,0.01996750303919398,0.2068027949161522,0.2805201937853063
11,OnlineFPCA-sgd,0.1,9800,100,face,3,5,0.0993809700012207,6,1,0.2789375959021289,0.19001165666620176,0.2629082047261142,0.02079368464946938,0.20437668144724083,0.27871656572458026
11,OnlineFPCA-sgd,0.1,9900,100,face,3,5,0.0985493659973145,6,1,0.20844103024424435,0.16132149092233394,0.2380480281166899,0.02186632712276425,0.202077807923409,0.27741113449844684
11,OnlineFPCA-sgd,0.1,10000,100,face,3,5,0.0992012023925781,6,1,0.1482456526023955,0.17056374361206975,0.2545793049585911,0.022161071021804632,0.19968307866116378,0.27602552742364445
11,OnlineFPCA-sgd,0.1,10100,100,face,3,5,0.0976822376251221,6,1,0.14747563006750064,0.1511470288382999,0.18884449219475,0.021985801725194338,0.1969486227590136,0.27396312299649855
11,OnlineFPCA-sgd,0.1,10200,100,face,3,5,0.0989565849304199,6,1,0.11418040344090077,0.08056707905929608,0.1474200540109947,0.021523856850385763,0.1940611687360687,0.27119357696585955
11,OnlineFPCA-sgd,0.1,10300,100,face,3,5,0.101879358291626,6,1,0.14942246035407322,0.2617789050737228,0.24167170655794962,0.021601440711298762,0.19152800647283177,0.26922703681988946
11,OnlineFPCA-sgd,0.1,10400,100,face,3,5,0.0996463298797607,6,1,0.1903804069119767,0.1549545218409992,0.2669396874453434,0.02172166665375406,0.1887297651393792,0.2676111370555736
11,OnlineFPCA-sgd,0.1,10500,100,face,3,5,0.0986728668212891,6,1,0.15663059077832908,0.1726069240025977,0.24417115425859856,0.021589278729516718,0.18553553336236717,0.2661154078847002
11,OnlineFPCA-sgd,0.1,10600,100,face,3,5,0.100459575653076,6,1,0.12508182995240302,0.09230070642760108,0.29621815371939286,0.02179833139096775,0.18241103619827606,0.2647831228669853
11,OnlineFPCA-sgd,0.1,10700,100,face,3,5,0.101322650909424,6,1,0.21608762490077105,0.1495122071399212,0.22001839627798156,0.021334787515896427,0.17936843597142074,0.262806890340146
11,OnlineFPCA-sgd,0.1,10800,100,face,3,5,0.0992794036865234,6,1,0.14184634521287562,0.18315322990175587,0.2512508978962675,0.021965354420418012,0.17712105176127607,0.26087984909069983
11,OnlineFPCA-sgd,0.1,10900,100,face,3,5,0.0985229015350342,6,1,0.15857364391266826,0.18031329524136583,0.24590302038539769,0.023431368461033837,0.1752366055693713,0.25891235511316935
11,OnlineFPCA-sgd,0.1,11000,100,face,3,5,0.0996389389038086,6,1,0.11894693683082184,0.1270166434547928,0.21406764340828133,0.023046189178090145,0.17328145193661165,0.25632585667035335
11,OnlineFPCA-sgd,0.1,11100,100,face,3,5,0.0999126434326172,6,1,0.17022834422699384,0.15687405314019687,0.2303544156707947,0.022277350907946823,0.17112503371423193,0.25385045772531145
11,OnlineFPCA-sgd,0.1,11200,100,face,3,5,0.103309869766235,6,1,0.1826993152076384,0.18664372533149762,0.21862648899316567,0.021328110295816886,0.16923293460015668,0.25162971658877953
11,OnlineFPCA-sgd,0.1,11300,100,face,3,5,0.0961248874664307,6,1,0.11411184631301134,0.11182496556168577,0.24157879522714634,0.020891162151103992,0.16738272695098583,0.25022667638312496
11,OnlineFPCA-sgd,0.1,11400,100,face,3,5,0.102354764938354,6,1,0.225617002296514,0.09782101740198429,0.2772437057677982,0.02022126149867013,0.1651216030530034,0.24932457258007418
11,OnlineFPCA-sgd,0.1,11500,100,face,3,5,0.0964298248291016,6,1,0.20167535484013305,0.12099513503943152,0.23156217059578052,0.020047027360809842,0.16260821892395644,0.24849853119912746
11,OnlineFPCA-sgd,0.1,11600,100,face,3,5,0.10198450088501,6,1,0.1514794233426741,0.10637666694583961,0.3792586225782823,0.019562029721685834,0.16020544470171807,0.24859026911434884
11,OnlineFPCA-sgd,0.1,11700,100,face,3,5,0.0958268642425537,6,1,0.12413181695771928,0.11770731598248108,0.3423629948168952,0.019510165719055006,0.15789066278451827,0.2493635833816053
11,OnlineFPCA-sgd,0.1,11800,100,face,3,5,0.103074789047241,6,1,0.16995123579370444,0.13669185100721037,0.30869828516924935,0.018635884863639984,0.1554959072446368,0.24940589442691613
11,OnlineFPCA-sgd,0.1,11900,100,face,3,5,0.0950407981872559,6,1,0.15002913320316394,0.12946545178204072,0.27007245309823874,0.01816377702825117,0.15335134959261928,0.249388862660142
11,OnlineFPCA-sgd,0.1,12000,100,face,3,5,0.102140188217163,6,1,0.1307882027659798,0.14422408180532958,0.31565755880856433,0.01780265279945726,0.15142340492493334,0.24923467360743357
11,OnlineFPCA-sgd,0.1,12100,100,face,3,5,0.0951418876647949,6,1,0.17473496825661858,0.10022175395316442,0.2719871950697566,0.01756322333816041,0.14982744816692795,0.2492012295602188
11,OnlineFPCA-sgd,0.1,12200,100,face,3,5,0.101928472518921,6,1,0.21523483161806914,0.07202626478206586,0.2003134288170569,0.018117570955619042,0.14817676218693684,0.2482744974368468
11,OnlineFPCA-sgd,0.1,12300,100,face,3,5,0.0954761505126953,6,1,0.16209028468569656,0.13237342996344456,0.24333764362336616,0.018596905927389207,0.14631634113489284,0.24773806709010693
11,OnlineFPCA-sgd,0.1,12400,100,face,3,5,0.101476192474365,6,1,0.1625637561431211,0.10204149045090115,0.2737415726992066,0.018361998092005397,0.14445804440882454,0.24723367902769977
11,OnlineFPCA-sgd,0.1,12500,100,face,3,5,0.0956947803497314,6,1,0.14790043922812604,0.15621191388027567,0.2395039799113205,0.01829239333001229,0.14280718414093654,0.2467479165705544
11,OnlineFPCA-sgd,0.1,12600,100,face,3,5,0.10062575340271,6,1,0.09298403044918976,0.1712237251842059,0.24224821219294768,0.018505617489271563,0.14097484710766348,0.24597836609286042
11,OnlineFPCA-sgd,0.1,12700,100,face,3,5,0.0977566242218018,6,1,0.07195435478936953,0.18762887670519549,0.30055506310218166,0.017552623160458032,0.13938356074743813,0.24544215646284762
11,OnlineFPCA-sgd,0.1,12800,100,face,3,5,0.103863477706909,6,1,0.18878380392409666,0.2298178755766489,0.31092978818509553,0.01759876263644843,0.13806823329983053,0.24529063829550712
11,OnlineFPCA-sgd,0.1,12900,100,face,3,5,0.0978097915649414,6,1,0.09376417974356,0.19012169126199613,0.3043063674539558,0.01684698179370549,0.13663052426657668,0.24519600995553353
11,OnlineFPCA-sgd,0.1,13000,100,face,3,5,0.100767850875854,6,1,0.20268299255815903,0.11862943034769244,0.36009832750796533,0.01667219220054506,0.13554650077149963,0.24521969876423053
11,OnlineFPCA-sgd,0.1,13100,100,face,3,5,0.0956306457519531,6,1,0.19688128746240388,0.22423763986753373,0.3355000505233013,0.01666141220760775,0.13482883068855725,0.24542096258292406
11,OnlineFPCA-sgd,0.1,13200,100,face,3,5,0.100879192352295,6,1,0.10227586111590216,0.18321955607668824,0.27411006071407784,0.016959024697480847,0.133865787890969,0.2452579952697916
11,OnlineFPCA-sgd,0.1,13300,100,face,3,5,0.096261739730835,6,1,0.15266584644481748,0.16606383084334994,0.2909583634838011,0.016872932830547666,0.1331515499070447,0.2449418536098202
11,OnlineFPCA-sgd,0.1,13400,100,face,3,5,0.101023197174072,6,1,0.2055387352271332,0.17711760343788782,0.36162266472947463,0.0159401189996594,0.132567625487933,0.24509711457216612
11,OnlineFPCA-sgd,0.1,13500,100,face,3,5,0.0966908931732178,6,1,0.12594627412102788,0.14017860531654144,0.28373796172365967,0.01558475642324328,0.13166049657685405,0.2454023043681034
11,OnlineFPCA-sgd,0.1,13600,100,face,3,5,0.102429628372192,6,1,0.24154869693904846,0.2876420216712137,0.2222475741735261,0.016481389484508075,0.1309346709795574,0.24492317427630791
11,OnlineFPCA-sgd,0.1,13700,100,face,3,5,0.0996432304382324,6,1,0.1424004149498858,0.15834653656444206,0.2207409243335388,0.016697836991079858,0.130648635697415,0.24442377932115378
11,OnlineFPCA-sgd,0.1,13800,100,face,3,5,0.098508358001709,6,1,0.1745007072318052,0.14277210815999192,0.26869011818925564,0.01653060371112203,0.1303189245545635,0.2442078361419907
11,OnlineFPCA-sgd,0.1,13900,100,face,3,5,0.0990087985992432,6,1,0.13634980665107224,0.19941908543505493,0.2984403582191011,0.01673965499440125,0.12927350776551608,0.24404520497998505
11,OnlineFPCA-sgd,0.1,14000,100,face,3,5,0.103456258773804,6,1,0.20738579649853697,0.11500149766496497,0.26932250454498907,0.01708224292424009,0.1282159133727377,0.24413254108463953
11,OnlineFPCA-sgd,0.1,14100,100,face,3,5,0.0992755889892578,6,1,0.2541127052818569,0.2390138410412176,0.24445789573715282,0.018602026433650328,0.12743078180108675,0.2436262417281562
11,OnlineFPCA-sgd,0.1,14200,100,face,3,5,0.0991923809051514,6,1,0.1632230948502034,0.0923861165169852,0.17124548602781742,0.018601504244833127,0.1267645503737977,0.24254458168788873
11,OnlineFPCA-sgd,0.1,14300,100,face,3,5,0.0994625091552734,6,1,0.13881225516442702,0.14116538254989883,0.18302718814229024,0.018165381153289167,0.12552234762495512,0.24115894840605687
11,OnlineFPCA-sgd,0.1,14400,100,face,3,5,0.111243486404419,6,1,0.17658294391622667,0.10777406755654813,0.14187104411142545,0.018269808061433055,0.12452455906042995,0.23995437234789396
11,OnlineFPCA-sgd,0.1,14500,100,face,3,5,0.100236415863037,6,1,0.15118000875489576,0.16647306027919515,0.15491687368762821,0.018150160963005924,0.12358318409060438,0.23885816396988319
11,OnlineFPCA-sgd,0.1,14600,100,face,3,5,0.099738597869873,6,1,0.05061585791283195,0.1368208441774247,0.17077256943897154,0.018401352057428322,0.1227271554063809,0.23800186476088234
11,OnlineFPCA-sgd,0.1,14700,100,face,3,5,0.100195407867432,6,1,0.1296856569207044,0.17011222018259547,0.19507246098345338,0.019056673481880792,0.12189694341743824,0.23719617388634695
11,OnlineFPCA-sgd,0.1,14800,100,face,3,5,0.10057520866394,6,1,0.24878163152956578,0.16305573365078188,0.2250295712625275,0.019479307895125874,0.12108128486377148,0.23654223665015417
11,OnlineFPCA-sgd,0.1,14900,100,face,3,5,0.100192546844482,6,1,0.1845859431365984,0.13250143874993425,0.21099513894929342,0.02005169176738442,0.12035476626853761,0.23614065381139498
11,OnlineFPCA-sgd,0.1,15000,100,face,3,5,0.0998437404632568,6,1,0.12410587644446716,0.15963751618200783,0.23135477455425452,0.020299619357931356,0.1196512122502711,0.23572854560168335
11,OnlineFPCA-sgd,0.1,0,100,face,3,5,6.36265110969543,6,2,1.9833449137690444,1.428822454486776,1.5185662068465793,1.9833449137690444,1.428822454486776,1.5185662068465793
11,OnlineFPCA-sgd,0.1,100,100,face,3,5,0.355973958969116,6,2,1.7753145011248082,0.767903293696973,1.970743200855584,NA,NA,NA
11,OnlineFPCA-sgd,0.1,200,100,face,3,5,0.350847959518433,6,2,1.413632523581281,1.4102283124094688,0.49598713331481503,NA,NA,NA
11,OnlineFPCA-sgd,0.1,300,100,face,3,5,0.35269021987915,6,2,1.5518416775275692,1.4195511336343696,0.571615154739319,NA,NA,NA
11,OnlineFPCA-sgd,0.1,400,100,face,3,5,0.345163583755493,6,2,1.8807833443724074,1.014150787833326,1.1672113723987452,NA,NA,NA
11,OnlineFPCA-sgd,0.1,500,100,face,3,5,0.351862668991089,6,2,1.9877590966551537,0.9154010941443611,0.7029780586055512,NA,NA,NA
11,OnlineFPCA-sgd,0.1,600,100,face,3,5,0.346516847610474,6,2,1.4047669598665222,1.4841710453695107,0.7564225779940295,NA,NA,NA
11,OnlineFPCA-sgd,0.1,700,100,face,3,5,0.355277299880981,6,2,1.395398860168238,1.4861469956045639,0.6693782519626047,NA,NA,NA
11,OnlineFPCA-sgd,0.1,800,100,face,3,5,0.344269990921021,6,2,1.3895958569041857,1.482943387061887,0.6169807569125719,NA,NA,NA
11,OnlineFPCA-sgd,0.1,900,100,face,3,5,0.351881742477417,6,2,1.3882498499200604,1.4810730282047153,0.5936220280845913,NA,NA,NA
11,OnlineFPCA-sgd,0.1,1000,100,face,3,5,0.346053600311279,6,2,1.387695157018292,1.4785762451208353,0.5822027318814768,NA,NA,NA
11,OnlineFPCA-sgd,0.1,1100,100,face,3,5,0.486509323120117,6,2,0.423574128157054,0.32679309892828223,0.3519330685144121,0.5048289730487052,0.6384554397996721,0.44768880094149477
11,OnlineFPCA-sgd,0.1,1200,100,face,3,5,0.469809055328369,6,2,0.4741636121666616,1.0899813941790388,1.0128950671619166,0.6985875648747097,1.1243455255408454,0.9093766920005976
11,OnlineFPCA-sgd,0.1,1300,100,face,3,5,0.470639944076538,6,2,0.54503664641748,1.0943689253955473,0.9730503466977944,0.6321291619259147,1.1111337677060327,0.9338693588302358
11,OnlineFPCA-sgd,0.1,1400,100,face,3,5,0.47194504737854,6,2,0.5777910477752766,1.0681705287461944,0.9425840486478702,0.6104831778543708,1.104875761620494,0.9371414921267189
11,OnlineFPCA-sgd,0.1,1500,100,face,3,5,0.468868732452393,6,2,0.5920235699246689,1.0481366099290013,0.9138493879428747,0.6005086740729664,1.0953810595256672,0.9325862243003922
11,OnlineFPCA-sgd,0.1,1600,100,face,3,5,0.466541051864624,6,2,0.5578385345326016,1.017813469366103,0.9216802687235083,0.5936228743027213,1.0850238023096932,0.9281634270402265
11,OnlineFPCA-sgd,0.1,1700,100,face,3,5,0.471554756164551,6,2,0.5731150707640181,1.0101964794173464,0.9245011260814431,0.5866428000229446,1.0756962344112742,0.9263033339006805
11,OnlineFPCA-sgd,0.1,1800,100,face,3,5,0.479732751846313,6,2,0.5528379279950185,0.9807065194662646,0.8942389124860992,0.581386011974548,1.065648621935121,0.9228308895688727
11,OnlineFPCA-sgd,0.1,1900,100,face,3,5,0.474649429321289,6,2,0.5388704246216268,0.9606299023382149,0.8779642563255128,0.5751316405356255,1.0543922598427917,0.9184329775829146
11,OnlineFPCA-sgd,0.1,2000,100,face,3,5,0.477441549301147,6,2,0.505760257223782,0.920739714148663,0.8571262916782827,0.568520724972035,1.0423400431875396,0.9118559182570986
11,OnlineFPCA-sgd,0.1,2100,100,face,3,5,0.469980955123901,6,2,0.48538608398594507,0.8824634549794352,0.8271517716643412,0.5583838752406324,1.0298355033878648,0.904429153510434
11,OnlineFPCA-sgd,0.1,2200,100,face,3,5,0.47196888923645,6,2,0.36701241819502106,0.8228875362200537,0.798567504644819,0.5392754268025156,1.0135207307370195,0.8951217103464262
11,OnlineFPCA-sgd,0.1,2300,100,face,3,5,0.468273162841797,6,2,0.3732492281589853,0.8527061593353965,0.8163257147434365,0.5154585322085476,0.9965327640383397,0.8892161930462585
11,OnlineFPCA-sgd,0.1,2400,100,face,3,5,0.474191665649414,6,2,0.16733452173956823,0.755229998242682,0.784906894263297,0.4773245551714024,0.9711120445593464,0.8823488850600281
11,OnlineFPCA-sgd,0.1,2500,100,face,3,5,0.471225023269653,6,2,0.21436412063802718,0.7135893063875189,0.7331385823481927,0.44594110457649616,0.9467695196720456,0.8726581286684936
11,OnlineFPCA-sgd,0.1,2600,100,face,3,5,0.615093946456909,6,2,0.15835123649470045,0.7155471915600492,0.7277524969154456,0.42135846787331704,0.9280372719153495,0.8621809523740377
11,OnlineFPCA-sgd,0.1,2700,100,face,3,5,0.470253467559814,6,2,0.078461517329796,0.686615302337224,0.7527985050559493,0.4001413612307512,0.9110382712729852,0.8540922613078634
11,OnlineFPCA-sgd,0.1,2800,100,face,3,5,0.467981815338135,6,2,0.26350324555241283,0.6941182029041355,0.773766278101196,0.3770123581490497,0.8948309191404504,0.8482273045043665
11,OnlineFPCA-sgd,0.1,2900,100,face,3,5,0.472672939300537,6,2,0.1610020008500235,0.6964525498091159,0.7442899221685769,0.35183832785448876,0.8793065396822332,0.8421995465192249
11,OnlineFPCA-sgd,0.1,3000,100,face,3,5,0.473964691162109,6,2,0.2634734728424437,0.6994762535153665,0.7395217241109667,0.33118794357552783,0.8667699014226065,0.8359809747171254
11,OnlineFPCA-sgd,0.1,3100,100,face,3,5,0.489027261734009,6,2,0.20322293519270848,0.7266908464409654,0.659917581208676,0.3178561590761158,0.85546701914861345,0.8284254258768118
11,OnlineFPCA-sgd,0.1,3200,100,face,3,5,0.47841215133667,6,2,0.2731850387229719,0.6965224708727787,0.6347340839655587,0.3022063531899044,0.842067193299559,0.818415349653296
11,OnlineFPCA-sgd,0.1,3300,100,face,3,5,0.48160719871521,6,2,0.30317759592794064,0.6243285537978838,0.6624651878765621,0.2937652759509684,0.8314050685485532,0.810311263754115
11,OnlineFPCA-sgd,0.1,3400,100,face,3,5,0.474699020385742,6,2,0.2722610953192733,0.6928604615069056,0.6611569860259031,0.2882714843682085,0.8215470590781105,0.8026654139671235
11,OnlineFPCA-sgd,0.1,3500,100,face,3,5,0.477831125259399,6,2,0.16046234682161992,0.623630372906426,0.6019122442331218,0.28357857903559414,0.813289127287101,0.7952102224370623
11,OnlineFPCA-sgd,0.1,3600,100,face,3,5,0.47553563117981,6,2,0.34532226566569796,0.6764076587751705,0.5932394350407413,0.28171975898987534,0.8049225318423775,0.7861638181850228
11,OnlineFPCA-sgd,0.1,3700,100,face,3,5,0.474138736724854,6,2,0.2305797214664823,0.5372317054784442,0.5682487423287839,0.27422462706643486,0.7935000268038903,0.7762896008689144
11,OnlineFPCA-sgd,0.1,3800,100,face,3,5,0.474877834320068,6,2,0.24235327315501087,0.5267099412017439,0.5766320459580668,0.26408812940492715,0.781961580789217,0.7671717080107499
11,OnlineFPCA-sgd,0.1,3900,100,face,3,5,0.471070528030396,6,2,0.18064634059380363,0.6193325271953561,0.5695065569893953,0.25655562340799465,0.7733345037905307,0.7591415139965143
11,OnlineFPCA-sgd,0.1,4000,100,face,3,5,0.471843481063843,6,2,0.24851030741113445,0.7645171189675305,0.7517081843390004,0.24851030741113445,0.7645171189675305,0.7517081843390004
11,OnlineFPCA-sgd,0.1,4100,100,face,3,5,0.480700492858887,6,2,0.34994737989624825,0.7599946326794379,0.6935953045746478,0.25704452955925106,0.7690388919632412,0.7209249958631553
11,OnlineFPCA-sgd,0.1,4200,100,face,3,5,0.466059923171997,6,2,0.2543845105620679,0.6900448084494885,0.7098037296221164,0.17613193381916864,0.7221043707495541,0.7026156554523587
11,OnlineFPCA-sgd,0.1,4300,100,face,3,5,0.472929716110229,6,2,0.19964943272152896,0.6818684507690964,0.6642049404767597,0.14513285296098652,0.6971286025790453,0.6895557442590166
11,OnlineFPCA-sgd,0.1,4400,100,face,3,5,0.47126293182373,6,2,0.2834862107260567,0.6665039850837412,0.6703536253268769,0.13183705694537648,0.6869710453450176,0.6796835230104759
11,OnlineFPCA-sgd,0.1,4500,100,face,3,5,0.467129230499268,6,2,0.22783807446642101,0.6786449442624988,0.6360821878152599,0.123994221565931,0.6787699658093096,0.6762392324362467
11,OnlineFPCA-sgd,0.1,4600,100,face,3,5,0.4698646068573,6,2,0.0602139589185003,0.6806165405017383,0.6545302048176294,0.11959966943255167,0.6751539306250295,0.6750039875255843
11,OnlineFPCA-sgd,0.1,4700,100,face,3,5,0.471954822540283,6,2,0.2339937917111465,0.6588809056045268,0.6682195126045102,0.11687806300665735,0.6706166222761921,0.6711609112271567
11,OnlineFPCA-sgd,0.1,4800,100,face,3,5,0.617254495620728,6,2,0.333588027478782,0.6201009411740518,0.7031581107659329,0.11011618975922519,0.6649168989734706,0.6654103597874496
11,OnlineFPCA-sgd,0.1,4900,100,face,3,5,0.466444969177246,6,2,0.27622721673463185,0.636317680668558,0.7029548663242595,0.1034493890692402,0.6578626773234704,0.6656408965293747
11,OnlineFPCA-sgd,0.1,5000,100,face,3,5,0.466504096984863,6,2,0.22576215089311216,0.6571730127860589,0.6746867260422328,0.09362820269802195,0.6531114301286155,0.6652628564159115
11,OnlineFPCA-sgd,0.1,5100,100,face,3,5,0.100006103515625,6,2,0.19079336928371052,0.6504134269016543,0.6365282128513408,0.07840707422668661,0.6498860366857141,0.6638803688496956
11,OnlineFPCA-sgd,0.1,5200,100,face,3,5,0.094508171081543,6,2,0.12858868641940843,0.6047137438178982,0.6071781693183773,0.07028401949743482,0.6456753624802821,0.658901552049657
11,OnlineFPCA-sgd,0.1,5300,100,face,3,5,0.100439548492432,6,2,0.22215577492743693,0.6624267595865178,0.6789677137280902,0.06921709579713933,0.6416234426629454,0.657801383717488
11,OnlineFPCA-sgd,0.1,5400,100,face,3,5,0.095874547958374,6,2,0.26503185625771625,0.6262314233802456,0.65064205623453,0.06491120999586017,0.6377844951484599,0.6566812641516873
11,OnlineFPCA-sgd,0.1,5500,100,face,3,5,0.101842164993286,6,2,0.2720892508562154,0.6192991163061614,0.616931145198833,0.05951037898888488,0.6355128590730186,0.6553416537508253
11,OnlineFPCA-sgd,0.1,5600,100,face,3,5,0.0963187217712402,6,2,0.18059095856977234,0.588933992593362,0.6548096053375217,0.052389187785883445,0.6324305188434548,0.652863982199549
11,OnlineFPCA-sgd,0.1,5700,100,face,3,5,0.101190328598022,6,2,0.2922605097074441,0.579679935043855,0.6046259547653071,0.044713155837647046,0.6282420239032729,0.6496318316118818
11,OnlineFPCA-sgd,0.1,5800,100,face,3,5,0.0954840183258057,6,2,0.13870326381165338,0.5345292126083332,0.5971709107242215,0.0433090546442739,0.6220409250034974,0.6456514104437322
11,OnlineFPCA-sgd,0.1,5900,100,face,3,5,0.101189851760864,6,2,0.22546325426629896,0.5333417633047458,0.5627827480511182,0.04670683551810676,0.6158042862354989,0.6419579528198979
11,OnlineFPCA-sgd,0.1,6000,100,face,3,5,0.0961422920227051,6,2,0.18785976720046313,0.49170977386365877,0.5548992262574294,0.04482576416887006,0.608932847965767,0.6365812693608287
11,OnlineFPCA-sgd,0.1,6100,100,face,3,5,0.101812362670898,6,2,0.22267273088896075,0.4966444006618528,0.5635571426535323,0.04351874487693246,0.6034025689890454,0.6313322211228934
11,OnlineFPCA-sgd,0.1,6200,100,face,3,5,0.0952620506286621,6,2,0.25093131454680373,0.4994616599040888,0.5775718402324274,0.039158535970089385,0.5976621239197397,0.6269111726300746
11,OnlineFPCA-sgd,0.1,6300,100,face,3,5,0.108901500701904,6,2,0.1182699847886776,0.4700210540955034,0.5963800133105893,0.03449018221392455,0.5921886735860864,0.6229152819992753
11,OnlineFPCA-sgd,0.1,6400,100,face,3,5,0.095543384552002,6,2,0.2685883550575008,0.46659687979200787,0.5772305932290465,0.03182530522364553,0.5867728200113986,0.6182205400830317
11,OnlineFPCA-sgd,0.1,6500,100,face,3,5,0.100847005844116,6,2,0.22780237575741147,0.4308963678108844,0.4946849299659059,0.03208205183348611,0.5804997307813398,0.6119012769303052
11,OnlineFPCA-sgd,0.1,6600,100,face,3,5,0.0991420745849609,6,2,0.18022035051224986,0.45634362133788653,0.6148560736099121,0.028679778621983888,0.5745366021936674,0.6068136245904155
11,OnlineFPCA-sgd,0.1,6700,100,face,3,5,0.0981495380401611,6,2,0.15743917987843567,0.4357925750126921,0.5574856459703944,0.026526706265475677,0.5688450488744463,0.6036402704875692
11,OnlineFPCA-sgd,0.1,6800,100,face,3,5,0.098475456237793,6,2,0.2099474588062213,0.42955105074983796,0.5194680439258391,0.02340499143482999,0.5621131464755462,0.5997935045100083
11,OnlineFPCA-sgd,0.1,6900,100,face,3,5,0.0971047878265381,6,2,0.1903566364291051,0.4156896541445249,0.4716859954554637,0.02206286299512141,0.555968694302779,0.5959869584315619
11,OnlineFPCA-sgd,0.1,7000,100,face,3,5,0.240906715393066,6,2,0.15240564579950638,0.40925720898040013,0.47645185244716093,0.019917985132038636,0.5499853781299401,0.5907808473886482
11,OnlineFPCA-sgd,0.1,7100,100,face,3,5,0.0971784591674805,6,2,0.23636789537121317,0.37528632931879535,0.42952539714569704,0.018572660451506184,0.5439131053646017,0.585285228659216
11,OnlineFPCA-sgd,0.1,7200,100,face,3,5,0.0971076488494873,6,2,0.23596073970705578,0.3510744021772984,0.3700095922592225,0.019904175873232104,0.5376790183667888,0.5779284797694039
11,OnlineFPCA-sgd,0.1,7300,100,face,3,5,0.0970017910003662,6,2,0.23759823690536147,0.391023453796136,0.41634456399744063,0.022214252781355442,0.5312650736346854,0.571866385114214
11,OnlineFPCA-sgd,0.1,7400,100,face,3,5,0.0975136756896973,6,2,0.19310624675561977,0.33839959980000844,0.43145790620058316,0.020618019669104624,0.5250542724813991,0.5664682068251137
11,OnlineFPCA-sgd,0.1,7500,100,face,3,5,0.0977540016174316,6,2,0.178059173674592,0.32544410002653656,0.3885348342619618,0.019632150522371414,0.5184038289791874,0.5604713192501937
11,OnlineFPCA-sgd,0.1,7600,100,face,3,5,0.0980193614959717,6,2,0.12206643648028628,0.33227794981556225,0.3847908109529003,0.019824370301009957,0.5113879864591157,0.5537552227780151
11,OnlineFPCA-sgd,0.1,7700,100,face,3,5,0.0984983444213867,6,2,0.07764803399688391,0.29314903485416066,0.4300714216906763,0.017825518747838946,0.5042470732792529,0.5474144893043534
11,OnlineFPCA-sgd,0.1,7800,100,face,3,5,0.0994515419006348,6,2,0.2301103711196047,0.32866344823966603,0.4497134494885928,0.018855057210934924,0.4968632045297515,0.5418095629157934
11,OnlineFPCA-sgd,0.1,7900,100,face,3,5,0.0986869335174561,6,2,0.14501103523603684,0.29755177420057327,0.4182973085489667,0.016893229851108877,0.48986807459081716,0.5364117846111461
11,OnlineFPCA-sgd,0.1,8000,100,face,3,5,0.102512121200562,6,2,0.23381221862303941,0.2594070680138879,0.4775645607340187,0.017053326453619337,0.48361375312298976,0.5318475279839003
11,OnlineFPCA-sgd,0.1,8100,100,face,3,5,0.0953481197357178,6,2,0.22339260260316202,0.3467680227207295,0.41605369219596233,0.015795073337687326,0.47695053498743734,0.52687859516415
11,OnlineFPCA-sgd,0.1,8200,100,face,3,5,0.101398706436157,6,2,0.16643607258150026,0.29402813332980093,0.347626409135713,0.016501978799326474,0.47050276919929085,0.5211213831506494
11,OnlineFPCA-sgd,0.1,8300,100,face,3,5,0.0949642658233643,6,2,0.21300024413521748,0.25595326334608365,0.3477495376194753,0.016724284862716224,0.46396791337919846,0.5151256363022331
11,OnlineFPCA-sgd,0.1,8400,100,face,3,5,0.102473497390747,6,2,0.2349610244846742,0.2820575642913207,0.428634433563376,0.015693005124865298,0.45759515123194217,0.5100864042158897
11,OnlineFPCA-sgd,0.1,8500,100,face,3,5,0.096839427947998,6,2,0.14321056115725334,0.24307040482165695,0.33555443518172334,0.01610376950874273,0.4516270640632093,0.5056014467234232
11,OnlineFPCA-sgd,0.1,8600,100,face,3,5,0.101983547210693,6,2,0.29658331272156513,0.38327028049146245,0.2610385752782231,0.01927755640680939,0.44517159041802284,0.4997896848460566
11,OnlineFPCA-sgd,0.1,8700,100,face,3,5,0.0951972007751465,6,2,0.1947282035971922,0.16650775772436355,0.22865571272197585,0.01998233722807509,0.4374511014938924,0.4928805737054818
11,OnlineFPCA-sgd,0.1,8800,100,face,3,5,0.100036859512329,6,2,0.20360781629648084,0.1726314278784956,0.27849807028494733,0.019587811793913723,0.43011498497333156,0.486038219414528
11,OnlineFPCA-sgd,0.1,8900,100,face,3,5,0.0990512371063232,6,2,0.1544086316990847,0.2828839788570869,0.3208063330370165,0.02023364459950965,0.42370865748241526,0.48007291737645796
11,OnlineFPCA-sgd,0.1,9000,100,face,3,5,0.100330591201782,6,2,0.2532254127394703,0.16194534364084426,0.2745261281896298,0.020934607316977525,0.4174339722804805,0.4744893160150824
11,OnlineFPCA-sgd,0.1,9100,100,face,3,5,0.0993900299072266,6,2,0.2838624232158445,0.28564848681112204,0.23236662132705194,0.023603016059628692,0.41138865635193544,0.46785501730513235
11,OnlineFPCA-sgd,0.1,9200,100,face,3,5,0.0997819900512695,6,2,0.22242850373046433,0.1511128018675969,0.18891454571237928,0.023649649097513138,0.40513787558421477,0.46086848869928126
11,OnlineFPCA-sgd,0.1,9300,100,face,3,5,0.0996861457824707,6,2,0.1568089044623107,0.20800390951453937,0.2140273496226501,0.022699885085517228,0.39937370432892677,0.454652333820781
11,OnlineFPCA-sgd,0.1,9400,100,face,3,5,0.10127329826355,6,2,0.21692228679756767,0.16250284562418058,0.15619286026196957,0.02340915068834083,0.393537472838468,0.4485972386103889
11,OnlineFPCA-sgd,0.1,9500,100,face,3,5,0.0956456661224365,6,2,0.17376417861086094,0.22034101691287547,0.18153376521092215,0.023949551625595075,0.38787705716137627,0.4431425482945827
11,OnlineFPCA-sgd,0.1,9600,100,face,3,5,0.101916074752808,6,2,0.03393578106903237,0.18040943383573224,0.21538864239510552,0.024739130161611122,0.3824778725690178,0.4382843880596741
11,OnlineFPCA-sgd,0.1,9700,100,face,3,5,0.0959115028381348,6,2,0.16925679518051728,0.22883428639343428,0.2485054260830763,0.026032125349865026,0.37741972632931725,0.4337553020898809
11,OnlineFPCA-sgd,0.1,9800,100,face,3,5,0.102668046951294,6,2,0.29040990745944484,0.18677944710308902,0.2952989287383795,0.026647950105171212,0.37215490752293384,0.42927849633861437
11,OnlineFPCA-sgd,0.1,9900,100,face,3,5,0.0965931415557861,6,2,0.22133176236854787,0.18488660020475586,0.28013835063113124,0.027518287487766052,0.36684984917558355,0.4252985452175858
11,OnlineFPCA-sgd,0.1,10000,100,face,3,5,0.103681325912476,6,2,0.160809966579007,0.2030667958678914,0.2834317037410729,0.02755193706309708,0.36208697100338294,0.42146264939555844
11,OnlineFPCA-sgd,0.1,10100,100,face,3,5,0.0968403816223145,6,2,0.1558412111144204,0.19468283985516857,0.2113845713177652,0.02672557077746869,0.3578865769212641,0.4176397442207167
11,OnlineFPCA-sgd,0.1,10200,100,face,3,5,0.100404024124146,6,2,0.11813951668364725,0.1309091060208735,0.17732186075939613,0.025895551956328318,0.3537216883473634,0.4132984668454388
11,OnlineFPCA-sgd,0.1,10300,100,face,3,5,0.0962619781494141,6,2,0.1638080737534856,0.289880977512285,0.27370203139384364,0.02586288660572786,0.3493924654696747,0.40968469859541334
11,OnlineFPCA-sgd,0.1,10400,100,face,3,5,0.103350162506104,6,2,0.20508953737023491,0.18341528470510818,0.29601160244410796,0.025837191028251015,0.3451926628292047,0.4064139116760822
11,OnlineFPCA-sgd,0.1,10500,100,face,3,5,0.0967741012573242,6,2,0.1764201738429396,0.20120143081143002,0.2646229412261518,0.025371129322650388,0.3414922491729691,0.4036160311947011
11,OnlineFPCA-sgd,0.1,10600,100,face,3,5,0.102141141891479,6,2,0.13599620568534174,0.1279294798107845,0.326407471826106,0.02515758224822156,0.3377914224804635,0.40077724885228855
11,OnlineFPCA-sgd,0.1,10700,100,face,3,5,0.0970554351806641,6,2,0.23129397573338845,0.17954985325324666,0.24216942015423928,0.024212088902387456,0.33409085391465276,0.3976027134453329
11,OnlineFPCA-sgd,0.1,10800,100,face,3,5,0.102418422698975,6,2,0.14197426707182553,0.19534289296719726,0.2704127548087673,0.02448258011888682,0.33016995814459493,0.3943149785025772
11,OnlineFPCA-sgd,0.1,10900,100,face,3,5,0.0970447063446045,6,2,0.17563964613936212,0.1959979948716644,0.26460122425632404,0.0258563691330153,0.32641256873236135,0.3912104386262038
11,OnlineFPCA-sgd,0.1,11000,100,face,3,5,0.101432800292969,6,2,0.13403384011278574,0.13832028175867148,0.23103231369703012,0.025510239543384338,0.3226008998087453,0.38754773473558446
11,OnlineFPCA-sgd,0.1,11100,100,face,3,5,0.0963413715362549,6,2,0.18032477208453584,0.1677151623343542,0.2476553905422265,0.024867005106598342,0.31899872321974776,0.3839834579485961
11,OnlineFPCA-sgd,0.1,11200,100,face,3,5,0.101107597351074,6,2,0.19799347893177582,0.1965657411898782,0.23999621543289895,0.02389788949835541,0.31537655312100843,0.3805869031833877
11,OnlineFPCA-sgd,0.1,11300,100,face,3,5,0.0965633392333984,6,2,0.1128993180657392,0.12439925687621223,0.2767821740556255,0.02320790780607843,0.3119065095887523,0.37787143786142946
11,OnlineFPCA-sgd,0.1,11400,100,face,3,5,0.100465059280396,6,2,0.2376927074562047,0.11935062648343339,0.3064910387653886,0.0224143530267933,0.30858584585325516,0.3755058895953539
11,OnlineFPCA-sgd,0.1,11500,100,face,3,5,0.0958535671234131,6,2,0.20947130973529446,0.1372703286322914,0.2535567344359091,0.02241444836718688,0.3052181008691353,0.3730278659389207
11,OnlineFPCA-sgd,0.1,11600,100,face,3,5,0.100335359573364,6,2,0.1600506190724191,0.12544420095833758,0.4110914441494986,0.021665323887155297,0.3019130536221651,0.37120440536109917
11,OnlineFPCA-sgd,0.1,11700,100,face,3,5,0.0956158638000488,6,2,0.12982628887550246,0.13681548124794504,0.36081714390383657,0.021308922365301672,0.29866329910114603,0.3700400193081068
11,OnlineFPCA-sgd,0.1,11800,100,face,3,5,0.100579023361206,6,2,0.1783801822052007,0.15240273789123224,0.32218947874689147,0.020328496178769685,0.29510981569135725,0.3683416519088654
11,OnlineFPCA-sgd,0.1,11900,100,face,3,5,0.0989973545074463,6,2,0.15963054478467747,0.13990082547433863,0.2759911745376912,0.01969415960111825,0.29176320277208356,0.36667579774377573
11,OnlineFPCA-sgd,0.1,12000,100,face,3,5,0.098656177520752,6,2,0.13791005494945033,0.15483811295269484,0.3231394810504622,0.0187681453665673,0.28854382629390224,0.36465800663735626
11,OnlineFPCA-sgd,0.1,12100,100,face,3,5,0.0995380878448486,6,2,0.18916344713300495,0.10269973367715454,0.26891343268572815,0.018251907628968413,0.28532525154084304,0.3625159579341429
11,OnlineFPCA-sgd,0.1,12200,100,face,3,5,0.0992486476898193,6,2,0.21879146141457345,0.07526909145833913,0.19075674269066784,0.01878273084879096,0.2819121284208385,0.3595344283667702
11,OnlineFPCA-sgd,0.1,12300,100,face,3,5,0.0998601913452148,6,2,0.1798714860174967,0.14454628507812087,0.2422970244299147,0.01920470717887021,0.2784923998086784,0.3569855692706981
11,OnlineFPCA-sgd,0.1,12400,100,face,3,5,0.0981674194335938,6,2,0.1709532355906407,0.11048052126153655,0.2763260625743517,0.01860942233708288,0.2752610873880069,0.35476665980416844
11,OnlineFPCA-sgd,0.1,12500,100,face,3,5,0.0980918407440186,6,2,0.15632838881833197,0.16409696057280582,0.23817508660375405,0.018131532710095835,0.27212698556233106,0.35252007119207873
11,OnlineFPCA-sgd,0.1,12600,100,face,3,5,0.101179838180542,6,2,0.09817424990535245,0.1819413122826895,0.24147837174755715,0.01844214218902431,0.2689728080853855,0.3501051164790293
11,OnlineFPCA-sgd,0.1,12700,100,face,3,5,0.0983052253723145,6,2,0.0730414613869768,0.19047012614353084,0.3035545531515079,0.01757220436605336,0.2658511967727347,0.3478275534949319
11,OnlineFPCA-sgd,0.1,12800,100,face,3,5,0.0983755588531494,6,2,0.20024184192442054,0.23557932225336936,0.31546879365856567,0.017704238851051494,0.2624548944446893,0.3457291704706191
11,OnlineFPCA-sgd,0.1,12900,100,face,3,5,0.0956437587738037,6,2,0.10659795632616144,0.19410520585811655,0.3032103546198539,0.016654274033680305,0.25922292861491936,0.34375463484791496
11,OnlineFPCA-sgd,0.1,13000,100,face,3,5,0.109220266342163,6,2,0.21009179698862807,0.12050166501809707,0.3657487887550214,0.01643843179403248,0.2563013817997445,0.3420947834717046
11,OnlineFPCA-sgd,0.1,13100,100,face,3,5,0.0979366302490234,6,2,0.204432113472282,0.23741655561321537,0.33452346715860315,0.016340582049618597,0.253295114124181,0.3404151474880062
11,OnlineFPCA-sgd,0.1,13200,100,face,3,5,0.0966904163360596,6,2,0.11875676144478518,0.18958964757659666,0.27528367704192735,0.016683628053675216,0.25037546765214547,0.33844292582722585
11,OnlineFPCA-sgd,0.1,13300,100,face,3,5,0.0982656478881836,6,2,0.1691233261769812,0.1726954059413721,0.2874901417756849,0.016865919500898077,0.2475881459715414,0.33632516107597366
11,OnlineFPCA-sgd,0.1,13400,100,face,3,5,0.0979347229003906,6,2,0.21504644103286719,0.18451095960790534,0.36303295520272455,0.01637607538180879,0.24500107621486897,0.3347157256522286
11,OnlineFPCA-sgd,0.1,13500,100,face,3,5,0.102526187896729,6,2,0.12745682134104078,0.14695989072278154,0.27558381804404164,0.016508994941704488,0.24254040439460123,0.3334186483314716
11,OnlineFPCA-sgd,0.1,13600,100,face,3,5,0.0954611301422119,6,2,0.2564637715903209,0.3113807518120595,0.20625378182331924,0.017781797822240264,0.2399680801540808,0.33144730464960304
11,OnlineFPCA-sgd,0.1,13700,100,face,3,5,0.244149208068848,6,2,0.158101134740333,0.16113378391195177,0.21115386112292311,0.018111329516131553,0.23691736069509856,0.32900420341660847
11,OnlineFPCA-sgd,0.1,13800,100,face,3,5,0.0990159511566162,6,2,0.18259263117684008,0.14808604783238052,0.2603151417169063,0.018027819694666117,0.23407686548913365,0.32669428490591873
11,OnlineFPCA-sgd,0.1,13900,100,face,3,5,0.0986347198486328,6,2,0.14272468103599495,0.2136975527181648,0.29957029842089355,0.018347078831100778,0.23153830236244843,0.32475197854489124
11,OnlineFPCA-sgd,0.1,14000,100,face,3,5,0.0986859798431396,6,2,0.22042093207244196,0.11619107137826193,0.2613674595600386,0.018782536234664714,0.22903880499806492,0.32299996670037495
11,OnlineFPCA-sgd,0.1,14100,100,face,3,5,0.0991244316101074,6,2,0.26278032515863414,0.24510164350017175,0.23482245569225985,0.02026260697720602,0.2266481169966169,0.32064933702028375
11,OnlineFPCA-sgd,0.1,14200,100,face,3,5,0.099801778793335,6,2,0.17936819548417757,0.09828802416890024,0.16120912246554422,0.020320146014812954,0.22426653023247312,0.31794827524670205
11,OnlineFPCA-sgd,0.1,14300,100,face,3,5,0.102142572402954,6,2,0.14300542447802553,0.1540251170677687,0.1740473180812002,0.019859342726003527,0.22198773822255422,0.31543814292082406
11,OnlineFPCA-sgd,0.1,14400,100,face,3,5,0.100399017333984,6,2,0.1882218331887916,0.11789767328462317,0.13153503515776457,0.02010293568049089,0.21966371828843737,0.31302071481027743
11,OnlineFPCA-sgd,0.1,14500,100,face,3,5,0.101099729537964,6,2,0.1573646961432828,0.1774167420021697,0.15109023161176982,0.02020098395423267,0.21742535460119952,0.31086200211685444
11,OnlineFPCA-sgd,0.1,14600,100,face,3,5,0.0991263389587402,6,2,0.04377707915165131,0.14298324316685618,0.17254144061880713,0.020559918825800008,0.2152728618234959,0.3089795677799474
11,OnlineFPCA-sgd,0.1,14700,100,face,3,5,0.102189540863037,6,2,0.1415325759789813,0.18288135852627146,0.20097858787377623,0.02126546404404423,0.21328651591351802,0.3072685330029453
11,OnlineFPCA-sgd,0.1,14800,100,face,3,5,0.096355676651001,6,2,0.26193212445262837,0.16867903050817623,0.237865489212467,0.021649636866038283,0.21120799962441542,0.30560955025158937
11,OnlineFPCA-sgd,0.1,14900,100,face,3,5,0.102787256240845,6,2,0.1958669057920938,0.14242451609183587,0.22034199200632695,0.022207746668630353,0.2090773521211174,0.3041849092266369
11,OnlineFPCA-sgd,0.1,15000,100,face,3,5,0.0975961685180664,6,2,0.13454502806059013,0.16435611303109166,0.23767415719167861,0.022382602185116365,0.2071803408115924,0.30280992002072
11,OnlineFPCA-sgd,0.1,0,100,face,3,5,6.36265110969543,6,3,1.9833449137690444,0.2971411168619065,1.7689521031900395,1.9833449137690444,0.2971411168619065,1.7689521031900395
11,OnlineFPCA-sgd,0.1,100,100,face,3,5,0.353476047515869,6,3,1.3309182608177692,1.1834388616238187,1.2883917398558988,NA,NA,NA
11,OnlineFPCA-sgd,0.1,200,100,face,3,5,0.355291604995728,6,3,1.9136340010628614,1.1201005038268002,1.8443946228192132,NA,NA,NA
11,OnlineFPCA-sgd,0.1,300,100,face,3,5,0.36210036277771,6,3,1.9447590416218,1.368085798233872,1.7706044677065957,NA,NA,NA
11,OnlineFPCA-sgd,0.1,400,100,face,3,5,0.35576605796814,6,3,0.7527462379902055,0.6008162957302824,1.573192219222029,NA,NA,NA
11,OnlineFPCA-sgd,0.1,500,100,face,3,5,0.351239681243896,6,3,0.7827658696542994,0.997292934085681,0.9936872074135168,NA,NA,NA
11,OnlineFPCA-sgd,0.1,600,100,face,3,5,0.352473735809326,6,3,1.9298076319509796,0.6096071769645816,2.023381032917614,NA,NA,NA
11,OnlineFPCA-sgd,0.1,700,100,face,3,5,0.349131107330322,6,3,1.9338393696599687,0.6046095922790398,2.0231307247090027,NA,NA,NA
11,OnlineFPCA-sgd,0.1,800,100,face,3,5,0.346859455108643,6,3,1.9384718574203947,0.5988830261478997,2.022691087655062,NA,NA,NA
11,OnlineFPCA-sgd,0.1,900,100,face,3,5,0.35267448425293,6,3,0.5912623206269414,1.133582086325407,1.513704078919642,NA,NA,NA
11,OnlineFPCA-sgd,0.1,1000,100,face,3,5,0.351523160934448,6,3,0.571226211745703,1.1361155777783956,1.5139033944419775,NA,NA,NA
11,OnlineFPCA-sgd,0.1,1100,100,face,3,5,0.481132030487061,6,3,0.14015856787029982,0.9961581906890332,1.5359539668481366,0.2403665505093295,1.0913159515966724,1.5358198412802186
11,OnlineFPCA-sgd,0.1,1200,100,face,3,5,0.485058546066284,6,3,0.1561046024749697,0.8932719799660473,1.5605903476998657,0.16446371365244855,1.0265122045260286,1.5417755094173229
11,OnlineFPCA-sgd,0.1,1300,100,face,3,5,0.48099946975708,6,3,0.10563613008418521,0.89314404736989494,1.55342138339586,0.13683082101935948,0.981965855639489,1.5439961502196449
11,OnlineFPCA-sgd,0.1,1400,100,face,3,5,0.474759817123413,6,3,0.25000906232141257,0.7627544771504242,1.4943106907656438,0.11322673701687881,0.9505655203306409,1.5397964424568953
11,OnlineFPCA-sgd,0.1,1500,100,face,3,5,0.474479198455811,6,3,0.18270113908498775,0.5775998193450754,1.4118373685688734,0.10350365151697846,0.8835214780052787,1.5248511930266642
11,OnlineFPCA-sgd,0.1,1600,100,face,3,5,0.474254369735718,6,3,0.13805727474373322,0.5072158694941744,0.8201695368910008,0.08671723377920675,0.8199633330374314,1.4457542745628884
11,OnlineFPCA-sgd,0.1,1700,100,face,3,5,0.475401401519775,6,3,0.11092001424844608,0.48245913861725087,0.5016906598787964,0.07307759635051693,0.7657673437516165,1.3048934629141358
11,OnlineFPCA-sgd,0.1,1800,100,face,3,5,0.470206737518311,6,3,0.10743021661152091,0.436287825398928,0.4524491769443135,0.056532325010388663,0.7207846452790118,1.1773973252102055
11,OnlineFPCA-sgd,0.1,1900,100,face,3,5,0.477099180221558,6,3,0.16448918774451676,0.4094826397238032,0.3992825206460324,0.04936572178506613,0.681151870111717,1.0725435927609872
11,OnlineFPCA-sgd,0.1,2000,100,face,3,5,0.477238655090332,6,3,0.1746571800891558,0.40804760264451695,0.4215905868472842,0.04633280853567705,0.6498532304505932,0.9918857637122958
11,OnlineFPCA-sgd,0.1,2100,100,face,3,5,0.473593235015869,6,3,0.2851251594850503,0.38210678088773087,0.4079726711444218,0.04433715102341939,0.6209713156787842,0.930014083278937
11,OnlineFPCA-sgd,0.1,2200,100,face,3,5,0.475885391235352,6,3,0.20163177729360734,0.4002545669612571,0.4014211775258378,0.03637497526658105,0.5975757106685076,0.8706346761801678
11,OnlineFPCA-sgd,0.1,2300,100,face,3,5,0.478497266769409,6,3,0.30287779504080825,0.3785144050831581,0.39051025545938073,0.025539136872020803,0.5758364647555695,0.8286741826642569
11,OnlineFPCA-sgd,0.1,2400,100,face,3,5,0.47595477104187,6,3,0.21454704859307697,0.32724272241851077,0.3587038900685857,0.029539290248217852,0.5568605627011819,0.7914730804950845
11,OnlineFPCA-sgd,0.1,2500,100,face,3,5,0.477510929107666,6,3,0.18948882485459842,0.3062157082618371,0.28468470653971295,0.032732890732527595,0.5356448132998003,0.754113161461817
11,OnlineFPCA-sgd,0.1,2600,100,face,3,5,0.494608163833618,6,3,0.15087040399128454,0.3071884248199364,0.23741520126648133,0.030925861115150968,0.5131844347056864,0.7144162817357174
11,OnlineFPCA-sgd,0.1,2700,100,face,3,5,0.479599952697754,6,3,0.07170677267227853,0.3567590539394859,0.33426835150855505,0.02840076469560971,0.4928245134250764,0.681875404203153
11,OnlineFPCA-sgd,0.1,2800,100,face,3,5,0.482318639755249,6,3,0.25177178479270534,0.3473225766626693,0.31972354608913467,0.029811080755843974,0.47649066779274185,0.6530646597369836
11,OnlineFPCA-sgd,0.1,2900,100,face,3,5,0.471252679824829,6,3,0.1686429359671892,0.2992625285102347,0.2918226976685397,0.029056030331007614,0.4612245029813455,0.628430171114329
11,OnlineFPCA-sgd,0.1,3000,100,face,3,5,0.470999956130981,6,3,0.24298242933335357,0.24156389332470637,0.3596112387327698,0.02937136580845771,0.44882029339322743,0.6065132317848109
11,OnlineFPCA-sgd,0.1,3100,100,face,3,5,0.470793724060059,6,3,0.22265694125963428,0.3367530632071737,0.3380391737701849,0.02394739208605195,0.4388768964065172,0.5870693121464372
11,OnlineFPCA-sgd,0.1,3200,100,face,3,5,0.472469329833984,6,3,0.20838264025571898,0.2869137828614826,0.3022899066895489,0.023568769116320408,0.42792919460145246,0.5696406690887315
11,OnlineFPCA-sgd,0.1,3300,100,face,3,5,0.473055839538574,6,3,0.24246550795043986,0.26829197747782013,0.3245706225602883,0.020648166705607592,0.4178269057554783,0.5533594251081845
11,OnlineFPCA-sgd,0.1,3400,100,face,3,5,0.617191314697266,6,3,0.2524879527586799,0.30077625507503764,0.39550488352882757,0.0160037705082715,0.4090017040287439,0.5412609522306713
11,OnlineFPCA-sgd,0.1,3500,100,face,3,5,0.469796895980835,6,3,0.13786554210996718,0.2525114652812033,0.24454717709458149,0.016235223811684744,0.3993711988481589,0.529318780695867
11,OnlineFPCA-sgd,0.1,3600,100,face,3,5,0.473052501678467,6,3,0.3094939840517196,0.4502787048806209,0.1864753105179452,0.017617737313627983,0.39172155820755317,0.5153136695456688
11,OnlineFPCA-sgd,0.1,3700,100,face,3,5,0.469797611236572,6,3,0.2169836671010872,0.22876851008006693,0.2795588165207856,0.01805878372062737,0.38638666862488374,0.5052967618322473
11,OnlineFPCA-sgd,0.1,3800,100,face,3,5,0.471848726272583,6,3,0.22083444735090732,0.20361375817776234,0.29911630829250113,0.01902508346710016,0.3789717608705949,0.4974528417418661
11,OnlineFPCA-sgd,0.1,3900,100,face,3,5,0.470460176467896,6,3,0.1672353508098042,0.27610682751016263,0.36958951345283075,0.02058424143591108,0.3697072167144239,0.4902686641967323
11,OnlineFPCA-sgd,0.1,4000,100,face,3,5,0.476799011230469,6,3,0.021501444801749873,0.36087259620545087,0.48388806870262807,0.021501444801749873,0.36087259620545087,0.48388806870262807
11,OnlineFPCA-sgd,0.1,4100,100,face,3,5,0.476714134216309,6,3,0.29535312511981016,0.42173599112285465,0.41278377084838414,0.1517022347237953,0.3812379488964259,0.4490537936272396
11,OnlineFPCA-sgd,0.1,4200,100,face,3,5,0.478666305541992,6,3,0.20144752766744822,0.3458083118445751,0.41563644091179286,0.08501163158967955,0.368933560231743,0.42173405105131
11,OnlineFPCA-sgd,0.1,4300,100,face,3,5,0.472147941589355,6,3,0.1568284383042005,0.3512525438253672,0.36009539611252733,0.054603246072953776,0.34118508606766856,0.39996785574475874
11,OnlineFPCA-sgd,0.1,4400,100,face,3,5,0.474589586257935,6,3,0.24441963663371802,0.33900180145367664,0.336170306207848,0.04461655811497263,0.333194007243557,0.3826009168156374
11,OnlineFPCA-sgd,0.1,4500,100,face,3,5,0.474523782730103,6,3,0.18079317528392094,0.3588519329482881,0.35277808055493753,0.05176478899259694,0.3306237365389375,0.36677816133059105
11,OnlineFPCA-sgd,0.1,4600,100,face,3,5,0.475562810897827,6,3,0.036551659648573716,0.32910911432900375,0.34572225549306274,0.049014005038103915,0.3287145638478049,0.36194378696037094
11,OnlineFPCA-sgd,0.1,4700,100,face,3,5,0.472111225128174,6,3,0.1954830942299727,0.39431207868218454,0.3763726894246958,0.052815902588999146,0.32502864807346316,0.35806426821056647
11,OnlineFPCA-sgd,0.1,4800,100,face,3,5,0.478090524673462,6,3,0.30569535261223263,0.3748908596932883,0.42110049781167275,0.051007756244426106,0.3247783026701947,0.3593133351314204
11,OnlineFPCA-sgd,0.1,4900,100,face,3,5,0.470505952835083,6,3,0.2404073062024021,0.33115632923109395,0.3581147855570114,0.05418555138365175,0.3212228776181984,0.3599750124114115
11,OnlineFPCA-sgd,0.1,5000,100,face,3,5,0.478323698043823,6,3,0.19281092730846908,0.292638224455557,0.35344281688739837,0.04929468588871247,0.31616672689494735,0.35763000242359677
11,OnlineFPCA-sgd,0.1,5100,100,face,3,5,0.0987472534179688,6,3,0.17304739791625226,0.2695537205891622,0.2969124082103561,0.041129281431888556,0.30806024409085836,0.35058959997383515
11,OnlineFPCA-sgd,0.1,5200,100,face,3,5,0.0974807739257812,6,3,0.11791932725712581,0.20942049783769986,0.23407411834223382,0.03682429652996623,0.29915365920709686,0.34055343371144936
11,OnlineFPCA-sgd,0.1,5300,100,face,3,5,0.0991849899291992,6,3,0.17802717156713005,0.3458572996292274,0.3121982429960022,0.03729363994182673,0.29259522577731145,0.33282936885630093
11,OnlineFPCA-sgd,0.1,5400,100,face,3,5,0.0967948436737061,6,3,0.21945755440321282,0.22931133387054112,0.3378866294019617,0.03628698974463603,0.28635979180615656,0.32806954775615677
11,OnlineFPCA-sgd,0.1,5500,100,face,3,5,0.0979776382446289,6,3,0.21190720355334708,0.22421664491252874,0.30539290955455267,0.03513590291361959,0.2784187947523275,0.32409168416202094
11,OnlineFPCA-sgd,0.1,5600,100,face,3,5,0.097538948059082,6,3,0.13881958977270006,0.166474585913959,0.34755604335201645,0.0343757323269499,0.27043293529885093,0.3217412759514461
11,OnlineFPCA-sgd,0.1,5700,100,face,3,5,0.096961498260498,6,3,0.2488116610198282,0.23974342038081428,0.2675794978030695,0.03181948189519758,0.2616662081761821,0.3166636800546613
11,OnlineFPCA-sgd,0.1,5800,100,face,3,5,0.0974769592285156,6,3,0.14000457373082692,0.258372065745955,0.282343987615072,0.034380656313238916,0.25545376370547385,0.31119767618527017
11,OnlineFPCA-sgd,0.1,5900,100,face,3,5,0.0969908237457275,6,3,0.1787100783167711,0.23947018056439068,0.2676964772226893,0.03818335789496442,0.2507173679956418,0.30559061427447076
11,OnlineFPCA-sgd,0.1,6000,100,face,3,5,0.096935510635376,6,3,0.1502190156583772,0.1840841801884655,0.2501301260034752,0.03569042753152343,0.24585982035367446,0.2985898208517268
11,OnlineFPCA-sgd,0.1,6100,100,face,3,5,0.0969271659851074,6,3,0.19709941308199883,0.22214639800625435,0.2599757411133318,0.032327724634302946,0.2408445551414384,0.292780417095394
11,OnlineFPCA-sgd,0.1,6200,100,face,3,5,0.097524881362915,6,3,0.21219020839948222,0.23530072903645285,0.22685224306717136,0.027880151649625557,0.2366783858679579,0.28783802444742806
11,OnlineFPCA-sgd,0.1,6300,100,face,3,5,0.0970945358276367,6,3,0.11270735886411132,0.1708105691570949,0.29773795563103606,0.026178086436490097,0.23251116368918867,0.28494048815112943
11,OnlineFPCA-sgd,0.1,6400,100,face,3,5,0.0997874736785889,6,3,0.2514367217876297,0.14705814599724132,0.3382599949408655,0.024589012032492388,0.2270507824186806,0.28377562286981056
11,OnlineFPCA-sgd,0.1,6500,100,face,3,5,0.0996477603912354,6,3,0.21600652212619764,0.1719520213431655,0.2954996726112389,0.02411039595575136,0.22087412071234783,0.28244150593225464
11,OnlineFPCA-sgd,0.1,6600,100,face,3,5,0.0939948558807373,6,3,0.164461208902588,0.12562585038615956,0.4371961134693533,0.022825897880932203,0.215401627521579,0.2835417867492491
11,OnlineFPCA-sgd,0.1,6700,100,face,3,5,0.0984039306640625,6,3,0.13131532415923186,0.15591295942234898,0.3717506266929591,0.023445263515215226,0.21030768161094462,0.2862488137786365
11,OnlineFPCA-sgd,0.1,6800,100,face,3,5,0.0972814559936523,6,3,0.18366363583214818,0.1745866490516794,0.32747743700948023,0.020725458856785582,0.20475101356897163,0.28636260666289726
11,OnlineFPCA-sgd,0.1,6900,100,face,3,5,0.10014533996582,6,3,0.16962642788931884,0.15510862029543937,0.2777080295803307,0.020639085175710628,0.1999372652968112,0.28592692831216915
11,OnlineFPCA-sgd,0.1,7000,100,face,3,5,0.0993051528930664,6,3,0.1423329459031684,0.16780428924748747,0.34061376602913135,0.021719361252852815,0.19578252020314899,0.2850475132786292
11,OnlineFPCA-sgd,0.1,7100,100,face,3,5,0.100668430328369,6,3,0.19820608969241083,0.12678945624677812,0.28122920715110133,0.02160226926911039,0.19232609585194257,0.28430728891448864
11,OnlineFPCA-sgd,0.1,7200,100,face,3,5,0.0978720188140869,6,3,0.2193346566557256,0.11478810112364042,0.20925751072531135,0.022504210277908672,0.18874708052248795,0.28107479131745783
11,OnlineFPCA-sgd,0.1,7300,100,face,3,5,0.0996212959289551,6,3,0.1921229806174833,0.1633854300756173,0.24642570154441742,0.023983926605039355,0.18460770675467567,0.2792088386783805
11,OnlineFPCA-sgd,0.1,7400,100,face,3,5,0.0983107089996338,6,3,0.17742544507083588,0.13338340687211467,0.28222986858266297,0.02412105158849093,0.1808394590653026,0.2772209447892409
11,OnlineFPCA-sgd,0.1,7500,100,face,3,5,0.0995235443115234,6,3,0.16103482730446633,0.17902936087330656,0.2445760765702113,0.024531054491762808,0.1772094658045252,0.2750679273846576
11,OnlineFPCA-sgd,0.1,7600,100,face,3,5,0.099189281463623,6,3,0.10274482141746764,0.19322049547145498,0.2462654662670457,0.02411594164297725,0.17281782590445355,0.2718662102059247
11,OnlineFPCA-sgd,0.1,7700,100,face,3,5,0.0983507633209229,6,3,0.07472835916935922,0.21779662898144622,0.31493131226310134,0.021719213160968562,0.1691308936955607,0.2694638899141318
11,OnlineFPCA-sgd,0.1,7800,100,face,3,5,0.0976998805999756,6,3,0.2064722883283223,0.2536332570064008,0.3228367964366556,0.022146242728140343,0.166306645969471,0.2680203698336818
11,OnlineFPCA-sgd,0.1,7900,100,face,3,5,0.0979006290435791,6,3,0.11190735997146659,0.21012114091834042,0.3067651499229955,0.0216107978684098,0.16341773089989706,0.26693775963387356
11,OnlineFPCA-sgd,0.1,8000,100,face,3,5,0.0954470634460449,6,3,0.20964210481440496,0.14562534847854935,0.3725281381601251,0.022083743343857046,0.16132611661856705,0.2661058996351604
11,OnlineFPCA-sgd,0.1,8100,100,face,3,5,0.0980618000030518,6,3,0.20595286842400348,0.25491948145214505,0.34680677693311185,0.021246695856257356,0.15996635647626462,0.2656824632618591
11,OnlineFPCA-sgd,0.1,8200,100,face,3,5,0.0982520580291748,6,3,0.119715126089579,0.20104496538077957,0.28391918880758354,0.021461831539906037,0.1580598774099316,0.26463645546559117
11,OnlineFPCA-sgd,0.1,8300,100,face,3,5,0.0985572338104248,6,3,0.17541366124665494,0.1872595416104392,0.29846884049684824,0.020073238386933666,0.1566365957955203,0.2632686192189418
11,OnlineFPCA-sgd,0.1,8400,100,face,3,5,0.0989046096801758,6,3,0.22000194249998845,0.19642663028815427,0.3744852178229272,0.016790828574438123,0.15556297637715455,0.26317295002802576
11,OnlineFPCA-sgd,0.1,8500,100,face,3,5,0.0996296405792236,6,3,0.13018441554120727,0.15690676632200704,0.2839021305407577,0.014557845717514482,0.15376241169072855,0.2634187820520567
11,OnlineFPCA-sgd,0.1,8600,100,face,3,5,0.0989861488342285,6,3,0.25895953252433473,0.3231231311472762,0.21657320338349326,0.015452175909874787,0.15245791283025753,0.2619167550066851
11,OnlineFPCA-sgd,0.1,8700,100,face,3,5,0.0997855663299561,6,3,0.15866242409937534,0.1721364878280828,0.22406791025967177,0.015500519165224765,0.1522141495595201,0.26053694633554286
11,OnlineFPCA-sgd,0.1,8800,100,face,3,5,0.0987887382507324,6,3,0.18456521111517069,0.1524018639197082,0.27161100837521507,0.014944391242852946,0.15159029687285233,0.25987431209002676
11,OnlineFPCA-sgd,0.1,8900,100,face,3,5,0.0985796451568604,6,3,0.14261500692570925,0.21625337669810216,0.3090300866456032,0.015282821158998388,0.14933380756382184,0.2593947266857395
11,OnlineFPCA-sgd,0.1,9000,100,face,3,5,0.0983800888061523,6,3,0.22253070732532051,0.11984930732962282,0.27220416003990183,0.015826073669582667,0.14713421328301882,0.2595060253682749
11,OnlineFPCA-sgd,0.1,9100,100,face,3,5,0.099062442779541,6,3,0.2636860794858083,0.24769675660250784,0.24711253538355318,0.01889852130356036,0.1455311715237479,0.2582121817933205
11,OnlineFPCA-sgd,0.1,9200,100,face,3,5,0.0983059406280518,6,3,0.18257388173961017,0.10013689345729011,0.16847521686195802,0.018749298001785417,0.1441879026229212,0.2557990972588949
11,OnlineFPCA-sgd,0.1,9300,100,face,3,5,0.108408451080322,6,3,0.14387020884353122,0.15691259277262298,0.1798945901826359,0.017806939736204026,0.14171612145320012,0.2528717561755582
11,OnlineFPCA-sgd,0.1,9400,100,face,3,5,0.0957174301147461,6,3,0.18961566890584372,0.12074186182623041,0.1378691192020586,0.018033969234614425,0.13978120983482117,0.2503106734324788
11,OnlineFPCA-sgd,0.1,9500,100,face,3,5,0.101669549942017,6,3,0.15820273981378907,0.180259882509481,0.15518996136550234,0.017965435354300122,0.13803665099761459,0.2479586542543653
11,OnlineFPCA-sgd,0.1,9600,100,face,3,5,0.0960876941680908,6,3,0.04466354705889517,0.1454988516719721,0.17374729144620035,0.01841833526826382,0.13649615479775876,0.24620913836665012
11,OnlineFPCA-sgd,0.1,9700,100,face,3,5,0.102811574935913,6,3,0.14203800952555395,0.18479074816845237,0.20261499980730538,0.019642744759436788,0.1350755199896022,0.24463522739903995
11,OnlineFPCA-sgd,0.1,9800,100,face,3,5,0.0953938961029053,6,3,0.2627028064799455,0.1747805105731777,0.2406058440275219,0.020381096887333177,0.13376028835020598,0.24351869134226733
11,OnlineFPCA-sgd,0.1,9900,100,face,3,5,0.101197719573975,6,3,0.19553650521929924,0.14469075280415192,0.22078421244477509,0.02146114951524498,0.13254820592362693,0.242897874354521
11,OnlineFPCA-sgd,0.1,10000,100,face,3,5,0.0949926376342773,6,3,0.13464716128606663,0.16441701746627896,0.2396269964232292,0.021816866386742097,0.13131809645366568,0.2422183440818667
11,OnlineFPCA-sgd,0.1,10100,100,face,3,5,0.248735904693604,6,3,0.13730431745834232,0.14177459523421207,0.1811609759802038,0.021788742933632217,0.12974918824849796,0.2408683529088181
11,OnlineFPCA-sgd,0.1,10200,100,face,3,5,0.0947682857513428,6,3,0.110630881982206,0.0815154178347499,0.14531674414623838,0.021429618052773262,0.12797704583832817,0.23878028963446155
11,OnlineFPCA-sgd,0.1,10300,100,face,3,5,0.100074052810669,6,3,0.13819082933850277,0.2445307176719792,0.2297159450979724,0.021536282612732317,0.12649860470704724,0.23755443524044634
11,OnlineFPCA-sgd,0.1,10400,100,face,3,5,0.095104455947876,6,3,0.17710715811325875,0.15296674564261703,0.2526061897497219,0.021649329831121524,0.12466503246419688,0.2366855733676721
11,OnlineFPCA-sgd,0.1,10500,100,face,3,5,0.100748300552368,6,3,0.13802528719142346,0.16800056528800936,0.2320089332577922,0.021623713977997016,0.12244619719104355,0.23601752814524413
11,OnlineFPCA-sgd,0.1,10600,100,face,3,5,0.0984928607940674,6,3,0.11669613770748934,0.09390111326605213,0.2792438488167959,0.02195003227827005,0.12030482297281486,0.2354606040478936
11,OnlineFPCA-sgd,0.1,10700,100,face,3,5,0.098036527633667,6,3,0.20147461488569365,0.13387334767694478,0.21291445778637086,0.021642518670010977,0.11825191410106814,0.2343308678347179
11,OnlineFPCA-sgd,0.1,10800,100,face,3,5,0.096642017364502,6,3,0.14143688283763098,0.17028332079031314,0.24355007599256318,0.022274764307225307,0.11699838582588752,0.2332000629361839
11,OnlineFPCA-sgd,0.1,10900,100,face,3,5,0.0977294445037842,6,3,0.14629496854551735,0.168195781363025,0.23862570723264873,0.0237090128286399,0.11620377731741903,0.23204742513544366
11,OnlineFPCA-sgd,0.1,11000,100,face,3,5,0.0982534885406494,6,3,0.10482304052225627,0.1227449171679821,0.20646638794348166,0.023441293143471376,0.11522567983154804,0.23016918509510298
11,OnlineFPCA-sgd,0.1,11100,100,face,3,5,0.0988411903381348,6,3,0.15728028686066262,0.14824576800918954,0.2221502901190954,0.022700317145354403,0.11408800741801942,0.22841058005173023
11,OnlineFPCA-sgd,0.1,11200,100,face,3,5,0.0957868099212646,6,3,0.16637847143234666,0.17798707260374408,0.2125677861698302,0.021775925381562665,0.11318209319832308,0.22685788434635115
11,OnlineFPCA-sgd,0.1,11300,100,face,3,5,0.0991299152374268,6,3,0.11623337385941869,0.11039942846626323,0.22352863688675503,0.021401329205874797,0.11228467732768846,0.22604443424107148
11,OnlineFPCA-sgd,0.1,11400,100,face,3,5,0.0995361804962158,6,3,0.21206300293832314,0.09298874314358928,0.2584979996724457,0.020743783582671756,0.11087457264309898,0.22561648263122916
11,OnlineFPCA-sgd,0.1,11500,100,face,3,5,0.0996513366699219,6,3,0.1918594655452977,0.11229136853588495,0.21185509015751589,0.020491673458986937,0.10907784263642237,0.22522610286191905
11,OnlineFPCA-sgd,0.1,11600,100,face,3,5,0.0978097915649414,6,3,0.1415977855046832,0.10434449061184116,0.34639029727186,0.020028673742744425,0.1073557970350571,0.22569153626061922
11,OnlineFPCA-sgd,0.1,11700,100,face,3,5,0.0986835956573486,6,3,0.11928770407622917,0.10748173022663324,0.3202866747251604,0.019981146407267496,0.10571935275090635,0.2268919068144056
11,OnlineFPCA-sgd,0.1,11800,100,face,3,5,0.102078437805176,6,3,0.16093560505171056,0.12280069612080385,0.29147184150755,0.01914265373384357,0.10391419676761458,0.2273956883275995
11,OnlineFPCA-sgd,0.1,11900,100,face,3,5,0.0961086750030518,6,3,0.1392098371595715,0.12202678509688739,0.25866163187146923,0.01863712617246259,0.10242624917226574,0.2278310340073837
11,OnlineFPCA-sgd,0.1,12000,100,face,3,5,0.102636337280273,6,3,0.12252310461402555,0.13861077069215844,0.2988421426024743,0.018302807608984065,0.10113755556202113,0.22810653299659947
11,OnlineFPCA-sgd,0.1,12100,100,face,3,5,0.0960659980773926,6,3,0.16119255492938764,0.09901647834787218,0.2655373350151382,0.018051100043276275,0.10019305077866758,0.2284925733558557
11,OnlineFPCA-sgd,0.1,12200,100,face,3,5,0.102479696273804,6,3,0.21038838566196585,0.06863835540922052,0.20169409854376957,0.018585767047257746,0.09908311110640537,0.22798791672408467
11,OnlineFPCA-sgd,0.1,12300,100,face,3,5,0.0960009098052979,6,3,0.14636248548042016,0.12205388110014144,0.2413234663917718,0.019024969927702765,0.09766492783665905,0.22786043623991195
11,OnlineFPCA-sgd,0.1,12400,100,face,3,5,0.0994851589202881,6,3,0.15320205241800558,0.09364926239458729,0.2667581592888149,0.01882116210827506,0.09627430579822861,0.22778663663686677
11,OnlineFPCA-sgd,0.1,12500,100,face,3,5,0.0941877365112305,6,3,0.1385709950068706,0.1476617889946299,0.23284570775538674,0.018778456097767765,0.09516582530997632,0.2276974917943192
11,OnlineFPCA-sgd,0.1,12600,100,face,3,5,0.100170135498047,6,3,0.08808848374345403,0.160966162291076,0.23385987787067722,0.0189543840051586,0.09385368896682912,0.22730837892797143
11,OnlineFPCA-sgd,0.1,12700,100,face,3,5,0.0942308902740479,6,3,0.06935869179555967,0.1785454067893964,0.28794658507685295,0.01803644789329776,0.09280415058816581,0.22710809511321403
11,OnlineFPCA-sgd,0.1,12800,100,face,3,5,0.10048246383667,6,3,0.17585822671548493,0.22018921488014562,0.29732263803541353,0.01797922832723778,0.0919728551003864,0.22725687765878774
11,OnlineFPCA-sgd,0.1,12900,100,face,3,5,0.0943629741668701,6,3,0.08254106659036195,0.18303341675377346,0.2947091493173596,0.017286568550658698,0.09099789836383773,0.22747548408241433
11,OnlineFPCA-sgd,0.1,13000,100,face,3,5,0.0978648662567139,6,3,0.19780169264356964,0.1088124692814212,0.3430482313096859,0.01707748656728884,0.09041996604201191,0.22780635936225868
11,OnlineFPCA-sgd,0.1,13100,100,face,3,5,0.0974266529083252,6,3,0.18740941754641988,0.20356271276472743,0.32075709787710033,0.017113297633370828,0.09017215642552738,0.22823735782016336
11,OnlineFPCA-sgd,0.1,13200,100,face,3,5,0.100385904312134,6,3,0.09097664055875525,0.1736088564124926,0.26265248175701894,0.017397992159141822,0.0896244982485022,0.22829711558082666
11,OnlineFPCA-sgd,0.1,13300,100,face,3,5,0.0953826904296875,6,3,0.13625006090090075,0.15653039104591904,0.27990478432146815,0.017294736692379045,0.08941644387076846,0.2281785036397151
11,OnlineFPCA-sgd,0.1,13400,100,face,3,5,0.102862596511841,6,3,0.1938867799845967,0.16720317955460637,0.3456397496766652,0.0163850411531687,0.0893956345242806,0.22853998813859377
11,OnlineFPCA-sgd,0.1,13500,100,face,3,5,0.0957331657409668,6,3,0.12186601010628757,0.13274345006408625,0.27455022167658666,0.015957457193101664,0.08901985344573196,0.22905902814950738
11,OnlineFPCA-sgd,0.1,13600,100,face,3,5,0.101506471633911,6,3,0.22656081552333993,0.26335463233880646,0.2172103121715175,0.016691026340050135,0.08879542641873936,0.2288226886433921
11,OnlineFPCA-sgd,0.1,13700,100,face,3,5,0.0947451591491699,6,3,0.13166617163918634,0.15494686573891134,0.21546390077794292,0.01688648655254554,0.08897936421626053,0.22854617530603807
11,OnlineFPCA-sgd,0.1,13800,100,face,3,5,0.101259469985962,6,3,0.16533402316095508,0.13934904092159694,0.2618468911171731,0.016710903799680994,0.08917512610922433,0.2284999517577851
11,OnlineFPCA-sgd,0.1,13900,100,face,3,5,0.094569206237793,6,3,0.13211379100243759,0.1843812603776464,0.2887226942693714,0.01686881215267704,0.08860987660377663,0.2285337311200339
11,OnlineFPCA-sgd,0.1,14000,100,face,3,5,0.101332664489746,6,3,0.19490970542480063,0.11209978516775283,0.2619124248589554,0.01719619928625808,0.08798611777859058,0.22876765812733757
11,OnlineFPCA-sgd,0.1,14100,100,face,3,5,0.0954880714416504,6,3,0.24478983581422048,0.22915914379732266,0.23763947287241793,0.018665301217336866,0.08767862203296034,0.22841023433541033
11,OnlineFPCA-sgd,0.1,14200,100,face,3,5,0.102273464202881,6,3,0.14469315339761488,0.08980349779231628,0.17001914502370272,0.018693559365541113,0.08750718292969077,0.22750898402282466
11,OnlineFPCA-sgd,0.1,14300,100,face,3,5,0.096691370010376,6,3,0.13361770155156655,0.12604289201457616,0.1794886048776437,0.01830293714111759,0.08670036456940844,0.2263562215590443
11,OnlineFPCA-sgd,0.1,14400,100,face,3,5,0.101371288299561,6,3,0.16474509970251242,0.09829821080994315,0.14110278777079002,0.018375601242738578,0.08611279477689708,0.2253464765032996
11,OnlineFPCA-sgd,0.1,14500,100,face,3,5,0.0961229801177979,6,3,0.14508031667388485,0.15404238378058194,0.1520067002966173,0.018226405799291353,0.08554232790837037,0.22444144021874152
11,OnlineFPCA-sgd,0.1,14600,100,face,3,5,0.101029634475708,6,3,0.054674365004311117,0.1303046862572742,0.16583328643907438,0.01844094436295208,0.08506120946530245,0.22376160506987827
11,OnlineFPCA-sgd,0.1,14700,100,face,3,5,0.0952537059783936,6,3,0.11891101575341119,0.1585774752213653,0.18665566413143816,0.01905526990127714,0.08463994857224277,0.2231506521622946
11,OnlineFPCA-sgd,0.1,14800,100,face,3,5,0.101000785827637,6,3,0.23314930092947925,0.15532419712704626,0.21062720053534595,0.01944502360667098,0.08420037976676757,0.22263981245865777
11,OnlineFPCA-sgd,0.1,14900,100,face,3,5,0.095651388168335,6,3,0.17442907120737441,0.12279256725041665,0.19930044501118532,0.020015082775455703,0.0838387852907009,0.2223664771371664
11,OnlineFPCA-sgd,0.1,15000,100,face,3,5,0.100978136062622,6,3,0.11412340165959506,0.15328923187415838,0.2190954605741369,0.02028077140363995,0.08357168199482172,0.22209427289188402
11,OnlineFPCA-sgd,0.1,0,100,face,3,5,6.36265110969543,8,1,0.2570427630092802,2.0058491327932266,1.110656945500026,0.2570427630092802,2.0058491327932266,1.110656945500026
11,OnlineFPCA-sgd,0.1,100,100,face,3,5,0.452018022537231,8,1,1.1325098535746247,1.0706193910464743,1.633177831846606,NA,NA,NA
11,OnlineFPCA-sgd,0.1,200,100,face,3,5,0.453210592269897,8,1,0.8608145837730977,0.49595322015767496,1.9990191111341309,NA,NA,NA
11,OnlineFPCA-sgd,0.1,300,100,face,3,5,0.465721130371094,8,1,0.6927568684408739,0.7847936923171442,1.919648054771865,NA,NA,NA
11,OnlineFPCA-sgd,0.1,400,100,face,3,5,0.456133127212524,8,1,0.6362070799610791,0.9805901238003489,0.7155794909087505,NA,NA,NA
11,OnlineFPCA-sgd,0.1,500,100,face,3,5,0.456204175949097,8,1,0.41604127113841805,0.7408132542439176,1.1641204473475522,NA,NA,NA
11,OnlineFPCA-sgd,0.1,600,100,face,3,5,0.456202983856201,8,1,0.31399479724582274,0.7866959807190077,1.1364247208263392,NA,NA,NA
11,OnlineFPCA-sgd,0.1,700,100,face,3,5,0.458948373794556,8,1,0.3064594455149442,0.7735910288078784,1.135211250218313,NA,NA,NA
11,OnlineFPCA-sgd,0.1,800,100,face,3,5,0.454795360565186,8,1,0.303192513255925,0.7584581323058734,1.132733140920142,NA,NA,NA
11,OnlineFPCA-sgd,0.1,900,100,face,3,5,0.456935405731201,8,1,0.29846374740032094,0.7393280714075243,1.129392728892358,NA,NA,NA
11,OnlineFPCA-sgd,0.1,1000,100,face,3,5,0.467061996459961,8,1,0.2945864054503488,0.7200733273627787,1.1244127389722165,NA,NA,NA
11,OnlineFPCA-sgd,0.1,1100,100,face,3,5,0.641983270645142,8,1,0.24784221789342611,0.4074663563739799,0.7974957888875526,0.22074513638555268,0.5138872705549882,0.9465024065787745
11,OnlineFPCA-sgd,0.1,1200,100,face,3,5,0.632541418075562,8,1,0.3323216757863665,0.3490097203461952,0.45084915004011256,0.2046260095771177,0.4068291627774393,0.7460152809720935
11,OnlineFPCA-sgd,0.1,1300,100,face,3,5,0.648149013519287,8,1,0.08723479272649065,0.2836745401907619,0.3628953256349312,0.16065503747299498,0.34416029259693864,0.597820502983194
11,OnlineFPCA-sgd,0.1,1400,100,face,3,5,0.642803192138672,8,1,0.22535475135385272,0.2661969566657503,0.3292628251209204,0.129351488141922,0.31499169807208705,0.5159809371108444
11,OnlineFPCA-sgd,0.1,1500,100,face,3,5,0.647092342376709,8,1,0.21392647598495648,0.23430961669582323,0.2883951817386461,0.10261669196428569,0.2896433379075906,0.45992029928830436
11,OnlineFPCA-sgd,0.1,1600,100,face,3,5,0.777836322784424,8,1,0.08020451380879612,0.23205325300439528,0.3305161399013732,0.08985162498290214,0.2718660507519036,0.4232060229829744
11,OnlineFPCA-sgd,0.1,1700,100,face,3,5,0.626072406768799,8,1,0.11154462662819704,0.2395361339869535,0.30853994377285154,0.08495203175138077,0.2608093546030924,0.3996646086847183
11,OnlineFPCA-sgd,0.1,1800,100,face,3,5,0.621516704559326,8,1,0.08572323000462413,0.21230445013168128,0.2770080152206168,0.08123859349580459,0.25378390283062485,0.38011434593968174
11,OnlineFPCA-sgd,0.1,1900,100,face,3,5,0.628793239593506,8,1,0.10944816260784217,0.21226136002596452,0.24260070502451675,0.08063354425202457,0.2478263832934822,0.3619804411133456
11,OnlineFPCA-sgd,0.1,2000,100,face,3,5,0.631773948669434,8,1,0.11291950113988336,0.2039657342647578,0.28508931740336674,0.08294302407467558,0.24307749698536843,0.3497034236164416
11,OnlineFPCA-sgd,0.1,2100,100,face,3,5,0.636443376541138,8,1,0.30856891960347566,0.1517017720931189,0.2966434319929144,0.07839050220463997,0.23696324334918767,0.33715181800132665
11,OnlineFPCA-sgd,0.1,2200,100,face,3,5,0.627326965332031,8,1,0.20898678393342263,0.16705543963102065,0.2348267928289509,0.0690683207896719,0.228484365434718,0.3218404247195385
11,OnlineFPCA-sgd,0.1,2300,100,face,3,5,0.625363349914551,8,1,0.3662603740486157,0.21654021231437065,0.28868575128423685,0.064428236185516,0.2258126514473141,0.3174874471914593
11,OnlineFPCA-sgd,0.1,2400,100,face,3,5,0.613689661026001,8,1,0.17766695765393065,0.1912989230679187,0.2687135866465311,0.06494584761161004,0.2198948241700116,0.3120300155204299
11,OnlineFPCA-sgd,0.1,2500,100,face,3,5,0.621516942977905,8,1,0.18698893719492038,0.17912123993976786,0.1949854585719217,0.066777757560881,0.21531610920307992,0.303819282158892
11,OnlineFPCA-sgd,0.1,2600,100,face,3,5,0.615659475326538,8,1,0.12691326496483135,0.21959744665079733,0.20093830406667718,0.06038172300598313,0.2103361559271985,0.2944346316385586
11,OnlineFPCA-sgd,0.1,2700,100,face,3,5,0.636099338531494,8,1,0.06343818272443541,0.20319179987240343,0.23379124387583528,0.054993600333428205,0.20647003184830018,0.2882355279834262
11,OnlineFPCA-sgd,0.1,2800,100,face,3,5,0.619394302368164,8,1,0.24281594265874254,0.19477228566533075,0.2522080963403535,0.052944401735952606,0.20181833405106728,0.28097508897082346
11,OnlineFPCA-sgd,0.1,2900,100,face,3,5,0.628132820129395,8,1,0.13968034949249802,0.17722806877097214,0.2482259291405388,0.05300347195880884,0.19834424793802646,0.27564207148027925
11,OnlineFPCA-sgd,0.1,3000,100,face,3,5,0.634973049163818,8,1,0.20877023719119414,0.1452624830498521,0.27653785096972217,0.04931453040586122,0.18821024239488102,0.27006734830217544
11,OnlineFPCA-sgd,0.1,3100,100,face,3,5,0.631438493728638,8,1,0.19649794768214457,0.2672943289848937,0.23782331818689248,0.04305086162304035,0.1732907059017756,0.26397062145363287
11,OnlineFPCA-sgd,0.1,3200,100,face,3,5,0.639249324798584,8,1,0.2347764708283286,0.243145585984747,0.24528687852781558,0.041436555788295165,0.16122614217677025,0.2588489928870349
11,OnlineFPCA-sgd,0.1,3300,100,face,3,5,0.778019428253174,8,1,0.244487364257242,0.15201106432504805,0.2888782814326297,0.0373854404927874,0.15206627409725856,0.2538410375715388
11,OnlineFPCA-sgd,0.1,3400,100,face,3,5,0.63341236114502,8,1,0.22908488956160994,0.26235160299124904,0.31764788408160544,0.03264343072055159,0.14342534412257993,0.25237371143230425
11,OnlineFPCA-sgd,0.1,3500,100,face,3,5,0.623047828674316,8,1,0.14073560093122353,0.201567992398043,0.16516850049894247,0.02688925263424507,0.13582991278531828,0.2496764878259221
11,OnlineFPCA-sgd,0.1,3600,100,face,3,5,0.61970043182373,8,1,0.2856679235577467,0.41369048769285677,0.18509097186443363,0.02187043140370242,0.12666389775223882,0.244040377560441
11,OnlineFPCA-sgd,0.1,3700,100,face,3,5,0.619746446609497,8,1,0.1891684088071946,0.14506943076271825,0.27517513784510717,0.018007569132691095,0.11848486265785436,0.2413257802795167
11,OnlineFPCA-sgd,0.1,3800,100,face,3,5,0.630693197250366,8,1,0.22847503585246673,0.1373589729080237,0.27622440760840367,0.015836189115607472,0.1131075859714019,0.24012334976023164
11,OnlineFPCA-sgd,0.1,3900,100,face,3,5,0.62451171875,8,1,0.1734686322890821,0.2580357379302597,0.3416131481844648,0.013178818752616464,0.10952153392680677,0.2404199262832151
11,OnlineFPCA-sgd,0.1,4000,100,face,3,5,0.618860960006714,8,1,0.012682507970928996,0.10664364742239488,0.24117323674193955,0.012682507970928996,0.10664364742239488,0.24117323674193955
11,OnlineFPCA-sgd,0.1,4100,100,face,3,5,0.629654884338379,8,1,0.3084184321524215,0.27233244693935454,0.15585000705310995,0.158438285358194,0.20425146789166587,0.18406954947303805
11,OnlineFPCA-sgd,0.1,4200,100,face,3,5,0.618777275085449,8,1,0.21841117498635607,0.1691000177591105,0.26123326631770777,0.087529847893243945,0.15429713881908708,0.16062601474945692
11,OnlineFPCA-sgd,0.1,4300,100,face,3,5,0.633962869644165,8,1,0.15126040957886208,0.21447274700280544,0.22939044483863957,0.051161623030153806,0.12366303699301179,0.17996636628092658
11,OnlineFPCA-sgd,0.1,4400,100,face,3,5,0.640992164611816,8,1,0.24863753209548797,0.17900491674847552,0.13377870300620742,0.04261437377795501,0.11798314872648458,0.17103646080502583
11,OnlineFPCA-sgd,0.1,4500,100,face,3,5,0.633330583572388,8,1,0.1787342922727804,0.23330240369122315,0.18240934121723396,0.05216267604794699,0.12004958698361916,0.16021367573348672
11,OnlineFPCA-sgd,0.1,4600,100,face,3,5,0.628698825836182,8,1,0.035054054774760056,0.20244725318642562,0.2497329429885517,0.05025735411206839,0.12080350707704704,0.16761197804865804
11,OnlineFPCA-sgd,0.1,4700,100,face,3,5,0.629011392593384,8,1,0.20378307332134943,0.2656638387610208,0.29912507074087435,0.05449404849635401,0.12034822477939958,0.17852663549424105
11,OnlineFPCA-sgd,0.1,4800,100,face,3,5,0.634274959564209,8,1,0.31170350661173135,0.19067600669140614,0.34858393320909925,0.051966553658771925,0.12286909805937077,0.1930687759816905
11,OnlineFPCA-sgd,0.1,4900,100,face,3,5,0.627793788909912,8,1,0.2553750962153878,0.21269530701978956,0.31785974755699253,0.05463156093330496,0.11721609820620289,0.20682367374282873
11,OnlineFPCA-sgd,0.1,5000,100,face,3,5,0.775344371795654,8,1,0.2020679267581675,0.2123506590531436,0.29728697620206473,0.05036641489772232,0.11525945361035402,0.2143089515943347
11,OnlineFPCA-sgd,0.1,5100,100,face,3,5,0.0963213443756104,8,1,0.1745217529592989,0.21055500754761763,0.2087476805553205,0.0422948276832785,0.1139170747477808,0.2141105833819662
11,OnlineFPCA-sgd,0.1,5200,100,face,3,5,0.0996015071868896,8,1,0.12428963032835416,0.13154985881954237,0.17198117366526827,0.03774464487645363,0.11216520588533303,0.20806361771257534
11,OnlineFPCA-sgd,0.1,5300,100,face,3,5,0.0995619297027588,8,1,0.1934769333387453,0.32505312910882117,0.28934781396334536,0.03874192776966514,0.10962706897092407,0.2074475820736533
11,OnlineFPCA-sgd,0.1,5400,100,face,3,5,0.0996959209442139,8,1,0.22720440419681764,0.18787419641533254,0.3120461759349711,0.03813640315618529,0.10747051910743344,0.20916848246619793
11,OnlineFPCA-sgd,0.1,5500,100,face,3,5,0.0991146564483643,8,1,0.22461329252442175,0.20505808074672324,0.2674604445928205,0.036578268196031855,0.10707140201981026,0.21309431427564873
11,OnlineFPCA-sgd,0.1,5600,100,face,3,5,0.096196174621582,8,1,0.15708251960832742,0.14040031703925188,0.3458316821545264,0.035441158353350176,0.10618689507408981,0.217844950464698
11,OnlineFPCA-sgd,0.1,5700,100,face,3,5,0.100838661193848,8,1,0.2555732031300791,0.20663746360537874,0.2415809708124364,0.03233362563907515,0.1047721930853934,0.2191435256006042
11,OnlineFPCA-sgd,0.1,5800,100,face,3,5,0.0955493450164795,8,1,0.14176745355391102,0.20655335248532403,0.25415091561442416,0.03484175684734521,0.10278788723700384,0.21925194146286314
11,OnlineFPCA-sgd,0.1,5900,100,face,3,5,0.101558446884155,8,1,0.20029933451374954,0.20780695572198626,0.2559543815028634,0.03865737478790001,0.10344207281537172,0.21981976154615515
11,OnlineFPCA-sgd,0.1,6000,100,face,3,5,0.0961079597473145,8,1,0.16254899728502512,0.1414538061354278,0.21791260214458005,0.03623061548237939,0.10217087058437778,0.21685181538334433
11,OnlineFPCA-sgd,0.1,6100,100,face,3,5,0.100473880767822,8,1,0.19728799981710698,0.1812628440480901,0.24693516187112538,0.032801739735343685,0.10256543332984093,0.21513681467243592
11,OnlineFPCA-sgd,0.1,6200,100,face,3,5,0.0981659889221191,8,1,0.21684552285388814,0.2053712292029881,0.23174362114186217,0.02807106017921993,0.10305977317755144,0.21410210434096125
11,OnlineFPCA-sgd,0.1,6300,100,face,3,5,0.0998232364654541,8,1,0.11025617488498075,0.12827180481817665,0.31930113298374196,0.02645370805613815,0.10260597834016748,0.21573296743410103
11,OnlineFPCA-sgd,0.1,6400,100,face,3,5,0.0991029739379883,8,1,0.25698582247536766,0.12464805883150366,0.3360675329990499,0.02475738618176818,0.10032838541373791,0.2182360052985861
11,OnlineFPCA-sgd,0.1,6500,100,face,3,5,0.0965330600738525,8,1,0.2201134423175765,0.14658732198289282,0.26745692617015343,0.024486545687816837,0.09691865625928577,0.21943649798569417
11,OnlineFPCA-sgd,0.1,6600,100,face,3,5,0.106099605560303,8,1,0.1715176574788159,0.12400825267883062,0.42863529485883456,0.023036437831499567,0.09383921932957583,0.22339045044564232
11,OnlineFPCA-sgd,0.1,6700,100,face,3,5,0.0965225696563721,8,1,0.1366590149453394,0.14953812726206683,0.3579546872931948,0.02368117181895926,0.09158834961017749,0.22965141407773612
11,OnlineFPCA-sgd,0.1,6800,100,face,3,5,0.101386547088623,8,1,0.1876885805373326,0.15777604987080854,0.3139188658344766,0.02081886412534527,0.08857194806934679,0.23289509980947337
11,OnlineFPCA-sgd,0.1,6900,100,face,3,5,0.0976619720458984,8,1,0.17434539947819896,0.1407656334229297,0.2541008387943991,0.02077199504585514,0.08751472459238241,0.23544319232189256
11,OnlineFPCA-sgd,0.1,7000,100,face,3,5,0.10040020942688,8,1,0.14711006910568764,0.16297799502297444,0.3134470468373142,0.021517925078418383,0.08615649059080929,0.23611888117788096
11,OnlineFPCA-sgd,0.1,7100,100,face,3,5,0.0991752147674561,8,1,0.2107111719843004,0.0963046737500742,0.2510473769500522,0.021321077891255962,0.08481938140659447,0.23617982997153283
11,OnlineFPCA-sgd,0.1,7200,100,face,3,5,0.0997030735015869,8,1,0.2192129386519778,0.07789809020845705,0.17459847654389718,0.02243408564174684,0.08170056500910886,0.2329340109096023
11,OnlineFPCA-sgd,0.1,7300,100,face,3,5,0.0994997024536133,8,1,0.20684804045820973,0.15529346919952153,0.23301446776460763,0.023773519670894687,0.07818648473180481,0.2317958115724751
11,OnlineFPCA-sgd,0.1,7400,100,face,3,5,0.0962443351745605,8,1,0.18217977716957798,0.11988252819458466,0.27111736580082896,0.023786503725171958,0.07614939541199504,0.2314206034897905
11,OnlineFPCA-sgd,0.1,7500,100,face,3,5,0.101811170578003,8,1,0.166514202453074,0.17247395650013406,0.22427051547524,0.023942473696415598,0.0746856258809634,0.23072806902125728
11,OnlineFPCA-sgd,0.1,7600,100,face,3,5,0.0946829319000244,8,1,0.10551426443609595,0.19365660268606413,0.22375616046441574,0.023681090063790208,0.0725607338612507,0.2290967011141789
11,OnlineFPCA-sgd,0.1,7700,100,face,3,5,0.10425066947937,8,1,0.07349670626409793,0.20198357351205595,0.29367565531314116,0.021173486225571553,0.07150521934493617,0.22802398966474038
11,OnlineFPCA-sgd,0.1,7800,100,face,3,5,0.0964353084564209,8,1,0.21191546705631653,0.2451598861159199,0.3023850719587459,0.021782431541796744,0.07025591139041516,0.22778345810631398
11,OnlineFPCA-sgd,0.1,7900,100,face,3,5,0.0985093116760254,8,1,0.1229696331213934,0.20084167477366538,0.2827730102592262,0.021080188059455683,0.06957369511849834,0.22777092977749744
11,OnlineFPCA-sgd,0.1,8000,100,face,3,5,0.0981595516204834,8,1,0.21861266760531337,0.1197072351497876,0.35068263995741106,0.021673487187669725,0.06879966351843832,0.22799793910406924
11,OnlineFPCA-sgd,0.1,8100,100,face,3,5,0.10041069984436,8,1,0.2079750217553394,0.24416127535632556,0.31204902071751817,0.02060559416748377,0.06652513554372336,0.22796408636947552
11,OnlineFPCA-sgd,0.1,8200,100,face,3,5,0.0989608764648438,8,1,0.14110847303577603,0.1964088908345863,0.2675978316745372,0.02095810226505814,0.06327535604977212,0.2270483507637221
11,OnlineFPCA-sgd,0.1,8300,100,face,3,5,0.096912145614624,8,1,0.18418951880384576,0.17920295789453722,0.2700278883583519,0.019585156154995766,0.06199111236775766,0.22583137176346854
11,OnlineFPCA-sgd,0.1,8400,100,face,3,5,0.101452827453613,8,1,0.22265445166840964,0.19105978418128744,0.3484300021733758,0.016275767153984294,0.06171569445516707,0.22607252964867428
11,OnlineFPCA-sgd,0.1,8500,100,face,3,5,0.0961582660675049,8,1,0.12622314913970115,0.1554964695648746,0.24453538450591206,0.014234618437745464,0.06071257770519136,0.22681396080672162
11,OnlineFPCA-sgd,0.1,8600,100,face,3,5,0.103903293609619,8,1,0.2683667670793151,0.3347207284678504,0.16537518916858815,0.015224382434145008,0.059698063729482595,0.22541646719224037
11,OnlineFPCA-sgd,0.1,8700,100,face,3,5,0.0964679718017578,8,1,0.17705075410646912,0.159894952859875,0.18859042500687873,0.01523092267376581,0.059187870152622425,0.223663935136753
11,OnlineFPCA-sgd,0.1,8800,100,face,3,5,0.101407289505005,8,1,0.18855738671400055,0.15024106487119046,0.23893603501769137,0.014801149762827126,0.05906979607091982,0.2224808048848268
11,OnlineFPCA-sgd,0.1,8900,100,face,3,5,0.0997312068939209,8,1,0.15131160682817263,0.22196013047189497,0.29074125825658637,0.01537667383228778,0.05770640359821973,0.2220356925422909
11,OnlineFPCA-sgd,0.1,9000,100,face,3,5,0.10148811340332,8,1,0.232791345645535,0.10948607919272181,0.23431631618017681,0.016124335759305074,0.05633479583186542,0.22217225586904685
11,OnlineFPCA-sgd,0.1,9100,100,face,3,5,0.0986626148223877,8,1,0.2687576347255982,0.23997800688095777,0.19767171517636828,0.01928387668579629,0.05607691766410729,0.22048372674455044
11,OnlineFPCA-sgd,0.1,9200,100,face,3,5,0.0962748527526855,8,1,0.1861440257726162,0.10348908402836686,0.14882956705079162,0.018998550714250512,0.05612568972106262,0.21781956462815447
11,OnlineFPCA-sgd,0.1,9300,100,face,3,5,0.101976633071899,8,1,0.14311787161592965,0.15907231952015782,0.16129456834474132,0.017852766129407345,0.055116667351139646,0.21538582351981553
11,OnlineFPCA-sgd,0.1,9400,100,face,3,5,0.095217227935791,8,1,0.19673817591509368,0.12109440722492817,0.11103182684843002,0.018216282214419042,0.054520002108341806,0.21331997253594964
11,OnlineFPCA-sgd,0.1,9500,100,face,3,5,0.108544111251831,8,1,0.1596666896701915,0.1807281384801085,0.14337920864122758,0.018431871613976462,0.05415588198054813,0.21170205186345986
11,OnlineFPCA-sgd,0.1,9600,100,face,3,5,0.0967416763305664,8,1,0.03578985912060829,0.14539907800887145,0.17706933163600924,0.018932353165756373,0.05377552874735014,0.21082682238554795
11,OnlineFPCA-sgd,0.1,9700,100,face,3,5,0.101496458053589,8,1,0.14957472927531187,0.19122163136059878,0.20719525956723828,0.020160656823880924,0.05360533009551479,0.21020526737946774
11,OnlineFPCA-sgd,0.1,9800,100,face,3,5,0.0981976985931396,8,1,0.266560596993719,0.16944289285146566,0.2481536196003884,0.020730317019729678,0.05337749351001735,0.20996152901669868
11,OnlineFPCA-sgd,0.1,9900,100,face,3,5,0.103132247924805,8,1,0.2034937769199462,0.147229506641855,0.22712963017499563,0.021723596519866214,0.05310502581573988,0.21023308128936316
11,OnlineFPCA-sgd,0.1,10000,100,face,3,5,0.0983157157897949,8,1,0.14213907790123828,0.1682473066256911,0.23775859473085983,0.022015098936439336,0.05340868903301642,0.21034282303981994
11,OnlineFPCA-sgd,0.1,10100,100,face,3,5,0.0986013412475586,8,1,0.14279713227343196,0.14816157445141404,0.17227168258988992,0.021876771359520125,0.053739094931670846,0.2097924829140525
11,OnlineFPCA-sgd,0.1,10200,100,face,3,5,0.100868225097656,8,1,0.11275611417714694,0.08398881731141436,0.1375721876124805,0.021427755127660708,0.053777943566091106,0.20837708710608985
11,OnlineFPCA-sgd,0.1,10300,100,face,3,5,0.0967574119567871,8,1,0.1464434256802549,0.2555321604036624,0.2295424528377354,0.021531473450982164,0.05383485729002824,0.20785430017350534
11,OnlineFPCA-sgd,0.1,10400,100,face,3,5,0.101227760314941,8,1,0.18144254921416686,0.1542996625005309,0.2527347487308351,0.021692693904725297,0.05333107834476876,0.20764784606962955
11,OnlineFPCA-sgd,0.1,10500,100,face,3,5,0.0981111526489258,8,1,0.14879725152746007,0.1641606779438904,0.22247570502860473,0.0215973866913938,0.05289437853796711,0.20781401719273382
11,OnlineFPCA-sgd,0.1,10600,100,face,3,5,0.101728916168213,8,1,0.12101897431786948,0.09086523446821364,0.27766978882375154,0.021895369826667316,0.052479364693853434,0.20805336217166698
11,OnlineFPCA-sgd,0.1,10700,100,face,3,5,0.0963699817657471,8,1,0.20780491725936376,0.13619699548848177,0.20714735835424156,0.02149096936950873,0.0522836828380982,0.20775317110658273
11,OnlineFPCA-sgd,0.1,10800,100,face,3,5,0.101644277572632,8,1,0.1408519612365104,0.17348268847132411,0.23315316868442904,0.02212278321872289,0.05274712403785023,0.20737811840244305
11,OnlineFPCA-sgd,0.1,10900,100,face,3,5,0.0960075855255127,8,1,0.1572911351609351,0.16878416942255076,0.23020936406788126,0.023587738787887797,0.05395216982617018,0.20712621708447662
11,OnlineFPCA-sgd,0.1,11000,100,face,3,5,0.0994946956634521,8,1,0.11522447930813239,0.12096387212415757,0.19407203186365185,0.02330704919519276,0.05424822521863345,0.2060202872762716
11,OnlineFPCA-sgd,0.1,11100,100,face,3,5,0.0990180969238281,8,1,0.15963290865032276,0.15302966024871367,0.216611835146498,0.022492939859415913,0.05462321417011427,0.20512337206808604
11,OnlineFPCA-sgd,0.1,11200,100,face,3,5,0.0988309383392334,8,1,0.17291085528026295,0.17940299893278247,0.20350287643697443,0.021536622609951612,0.055154065309228006,0.2044162515239329
11,OnlineFPCA-sgd,0.1,11300,100,face,3,5,0.0981152057647705,8,1,0.11048746303244747,0.10553693471955414,0.2329181850271625,0.02117892713391496,0.055632873815265195,0.2044500983386772
11,OnlineFPCA-sgd,0.1,11400,100,face,3,5,0.0963757038116455,8,1,0.22275049490483767,0.0949134265695484,0.26319951985858503,0.020510424092884113,0.055521089479790446,0.20481305928000704
11,OnlineFPCA-sgd,0.1,11500,100,face,3,5,0.0985515117645264,8,1,0.19741400158725117,0.1190235707022527,0.2149793919093449,0.020358239536035487,0.054758483569159695,0.20501913738357222
11,OnlineFPCA-sgd,0.1,11600,100,face,3,5,0.0965926647186279,8,1,0.1459461956746218,0.1057415580159355,0.34876228568814377,0.019883582319736363,0.05400861311778427,0.2060659616195102
11,OnlineFPCA-sgd,0.1,11700,100,face,3,5,0.103095293045044,8,1,0.12181926758422226,0.11311212721747374,0.3134548792386152,0.01984128593017782,0.053415633915778145,0.20787221254358695
11,OnlineFPCA-sgd,0.1,11800,100,face,3,5,0.095832347869873,8,1,0.16354095822861137,0.12700824247123924,0.2811773072346252,0.01894938844369179,0.052398969425100035,0.20888770828406178
11,OnlineFPCA-sgd,0.1,11900,100,face,3,5,0.0985877513885498,8,1,0.14492167360204364,0.12482186323921556,0.24190514449394518,0.018450887885827178,0.05207687385776928,0.20983427984228034
11,OnlineFPCA-sgd,0.1,12000,100,face,3,5,0.0992777347564697,8,1,0.1259978950595377,0.1432351902128485,0.2902671426705495,0.01803416645873159,0.05183315681511986,0.21041691278981084
11,OnlineFPCA-sgd,0.1,12100,100,face,3,5,0.101293563842773,8,1,0.16990751727474518,0.09568289411015116,0.25096705952238824,0.0178174071927038,0.05196721092582946,0.2109605305774578
11,OnlineFPCA-sgd,0.1,12200,100,face,3,5,0.100514650344849,8,1,0.20750854932152168,0.0678193097930043,0.18871929327986492,0.018407820791657065,0.051379024579819424,0.21052229217153035
11,OnlineFPCA-sgd,0.1,12300,100,face,3,5,0.100029468536377,8,1,0.1570884712810745,0.1275790097941268,0.23277574455573788,0.018774479994189863,0.05042491070364739,0.2105742277011392
11,OnlineFPCA-sgd,0.1,12400,100,face,3,5,0.100427150726318,8,1,0.15750774347892701,0.09785898250317455,0.2590822635096649,0.018537846919172138,0.049654420328775366,0.2107960755399931
11,OnlineFPCA-sgd,0.1,12500,100,face,3,5,0.0963435173034668,8,1,0.14201637695037808,0.15096601216992125,0.21626180214013166,0.018430283546640096,0.04939871212383244,0.2109485636798624
11,OnlineFPCA-sgd,0.1,12600,100,face,3,5,0.102267026901245,8,1,0.08922532467445672,0.16694787580847265,0.21325317306887692,0.018647945106768076,0.04893462005492489,0.21078368335940414
11,OnlineFPCA-sgd,0.1,12700,100,face,3,5,0.0972590446472168,8,1,0.06820961427449221,0.18369550761064113,0.273038671207038,0.017699849680551275,0.04890260127146699,0.21078367899178246
11,OnlineFPCA-sgd,0.1,12800,100,face,3,5,0.0997810363769531,8,1,0.18117304399114376,0.2237577129664805,0.2804378297237291,0.017709545788528187,0.04875835590840727,0.21108557404324077
11,OnlineFPCA-sgd,0.1,12900,100,face,3,5,0.105443239212036,8,1,0.0904568073127715,0.18520609159007875,0.27396015844736027,0.016943902253628608,0.04854964129599654,0.21143177967871551
11,OnlineFPCA-sgd,0.1,13000,100,face,3,5,0.0997514724731445,8,1,0.2041048629714115,0.10277965235661854,0.3229496967557275,0.016767278265655883,0.04863477749698492,0.21187237291379252
11,OnlineFPCA-sgd,0.1,13100,100,face,3,5,0.0990631580352783,8,1,0.1893130406181737,0.20314344420076486,0.293568314939969,0.016752448533920043,0.048476566343165585,0.21223873598796955
11,OnlineFPCA-sgd,0.1,13200,100,face,3,5,0.100118398666382,8,1,0.10452270993995583,0.17502663561281687,0.2474322988125965,0.01708446961765766,0.04770108042821564,0.21220873473053825
11,OnlineFPCA-sgd,0.1,13300,100,face,3,5,0.0987277030944824,8,1,0.14548139814343983,0.1570825335966321,0.25686431066312543,0.01699579596415189,0.047741943307476324,0.21200455653470346
11,OnlineFPCA-sgd,0.1,13400,100,face,3,5,0.0964815616607666,8,1,0.19933128454309418,0.16821967618136965,0.3243430842578394,0.01606988414129702,0.04818659736671956,0.21232394404607696
11,OnlineFPCA-sgd,0.1,13500,100,face,3,5,0.0984461307525635,8,1,0.1194477382203171,0.1369790758219984,0.24035672879936465,0.01568852622064845,0.04825461183398677,0.21281651119961026
11,OnlineFPCA-sgd,0.1,13600,100,face,3,5,0.0952808856964111,8,1,0.23393571407619446,0.2783589686094234,0.17444128379129614,0.016456657877655944,0.04831161843858419,0.21246125465487964
11,OnlineFPCA-sgd,0.1,13700,100,face,3,5,0.0976824760437012,8,1,0.14311674097412386,0.15616042659550106,0.18773050319933157,0.01663667011964268,0.04853553680670102,0.2119733842987074
11,OnlineFPCA-sgd,0.1,13800,100,face,3,5,0.0975644588470459,8,1,0.1692778438080852,0.14425000637512145,0.23568066259056458,0.016517448269952228,0.049011908652876815,0.2116826162443141
11,OnlineFPCA-sgd,0.1,13900,100,face,3,5,0.100566625595093,8,1,0.1385427656821682,0.1888140765844718,0.27390892688825774,0.016752628789670945,0.04883903704536478,0.21160350462844757
11,OnlineFPCA-sgd,0.1,14000,100,face,3,5,0.0976901054382324,8,1,0.20275434367762937,0.10536578394813165,0.23126176359384493,0.017138750620413683,0.04852688982932138,0.21171376343768933
11,OnlineFPCA-sgd,0.1,14100,100,face,3,5,0.0992767810821533,8,1,0.24802764660937976,0.22229437530184276,0.1997356278186397,0.018627440883560917,0.04866835219717074,0.21109942558004807
11,OnlineFPCA-sgd,0.1,14200,100,face,3,5,0.0983762741088867,8,1,0.14853117959465867,0.08877332003084511,0.14721350134743355,0.01859812028063542,0.04896596553427809,0.20999292017901977
11,OnlineFPCA-sgd,0.1,14300,100,face,3,5,0.0953435897827148,8,1,0.13295748254733006,0.13269549218920054,0.15745025827857342,0.018146385138214483,0.048593578710402235,0.2088491645822497
11,OnlineFPCA-sgd,0.1,14400,100,face,3,5,0.101069688796997,8,1,0.17144222890906707,0.10124111981946027,0.113163791726909,0.018253779423080412,0.04840677008466002,0.2078627028188039
11,OnlineFPCA-sgd,0.1,14500,100,face,3,5,0.0958206653594971,8,1,0.14755088473830397,0.1570170904069458,0.13608969277833766,0.018194533933097296,0.04825792997766946,0.20706858376779466
11,OnlineFPCA-sgd,0.1,14600,100,face,3,5,0.0999760627746582,8,1,0.04692675497027921,0.13197394911466342,0.1614053539924429,0.018433048497960104,0.04812108223619242,0.20656612169704194
11,OnlineFPCA-sgd,0.1,14700,100,face,3,5,0.097724437713623,8,1,0.1240125563103216,0.16514594756948753,0.18527686286210668,0.01904815851464146,0.04808747746720991,0.20617623574934552
11,OnlineFPCA-sgd,0.1,14800,100,face,3,5,0.09867262840271,8,1,0.23832323985157217,0.15523563190555303,0.215062323022045,0.01937588972586272,0.047972945344738095,0.20588093676857175
11,OnlineFPCA-sgd,0.1,14900,100,face,3,5,0.0979492664337158,8,1,0.18048788331185722,0.1250780334871351,0.20015901454328563,0.019912070999821823,0.047888872607751466,0.2058397346867062
11,OnlineFPCA-sgd,0.1,15000,100,face,3,5,0.0998420715332031,8,1,0.11922000964315939,0.15664739491041774,0.21446308320375942,0.020147020838939687,0.048126833838739426,0.20577296806920028
11,OnlineFPCA-sgd,0.1,0,100,face,3,5,6.36265110969543,8,2,0.2570427630092802,2.0058491327932266,1.110656945500026,0.2570427630092802,2.0058491327932266,1.110656945500026
11,OnlineFPCA-sgd,0.1,100,100,face,3,5,0.598154306411743,8,2,1.0049317442698233,1.0330798770227798,1.644348626399973,NA,NA,NA
11,OnlineFPCA-sgd,0.1,200,100,face,3,5,0.450270414352417,8,2,0.8608145837730977,0.49595322015767496,1.9990191111341309,NA,NA,NA
11,OnlineFPCA-sgd,0.1,300,100,face,3,5,0.45323371887207,8,2,0.6927568684408739,0.7847936923171442,1.919648054771865,NA,NA,NA
11,OnlineFPCA-sgd,0.1,400,100,face,3,5,0.451479196548462,8,2,1.3816395426356964,1.4901991504092944,1.7053664769665888,NA,NA,NA
11,OnlineFPCA-sgd,0.1,500,100,face,3,5,0.45862865447998,8,2,0.5161716792843761,1.3105360875097725,1.2150887045856464,NA,NA,NA
11,OnlineFPCA-sgd,0.1,600,100,face,3,5,0.473784923553467,8,2,0.5878425876769003,0.9660417025676569,1.084699793600918,NA,NA,NA
11,OnlineFPCA-sgd,0.1,700,100,face,3,5,0.454710960388184,8,2,0.5879825176720199,0.9561113182227783,1.1110817412588005,NA,NA,NA
11,OnlineFPCA-sgd,0.1,800,100,face,3,5,0.455518245697021,8,2,0.5741831990625685,0.9531011060012756,1.1078232071436818,NA,NA,NA
11,OnlineFPCA-sgd,0.1,900,100,face,3,5,0.4552001953125,8,2,0.5582343261281899,0.9509003570515946,1.1044043936818944,NA,NA,NA
11,OnlineFPCA-sgd,0.1,1000,100,face,3,5,0.45442533493042,8,2,0.5467657281292198,0.948410452601557,1.0985646762400354,NA,NA,NA
11,OnlineFPCA-sgd,0.1,1100,100,face,3,5,0.629081249237061,8,2,0.3126152016254847,0.8024299807309782,0.9209162067085783,0.3263834865978027,0.9049550782741099,0.959026519759283
11,OnlineFPCA-sgd,0.1,1200,100,face,3,5,0.63429069519043,8,2,0.42256134985852417,0.5755113538814403,0.7407820876547614,0.24016236080602027,0.7767603529282322,0.8735631861900939
11,OnlineFPCA-sgd,0.1,1300,100,face,3,5,0.638717651367188,8,2,0.08882875136115002,0.44045512475098286,0.57440291713525915,0.17389202264081913,0.6579173957127252,0.7843617098970944
11,OnlineFPCA-sgd,0.1,1400,100,face,3,5,0.632666110992432,8,2,0.23380296625825697,0.37166937704206066,0.471057237784716,0.1425195321722108,0.5674283258987843,0.6979774649762311
11,OnlineFPCA-sgd,0.1,1500,100,face,3,5,0.634183168411255,8,2,0.22283993116202463,0.34103224097199525,0.4001138208901771,0.1167751215844392,0.4835354470526705,0.6238119094563725
11,OnlineFPCA-sgd,0.1,1600,100,face,3,5,0.617939233779907,8,2,0.102300924600777,0.34247608460464213,0.4088470748659434,0.0947330186024419,0.42584778542253554,0.5507147722828037
11,OnlineFPCA-sgd,0.1,1700,100,face,3,5,0.628900289535522,8,2,0.13725342704696009,0.34334369882801286,0.39081275960026146,0.08937852284018274,0.39496525002267824,0.5014456844720862
11,OnlineFPCA-sgd,0.1,1800,100,face,3,5,0.633654356002808,8,2,0.09686051413613718,0.3147713334795329,0.3553053304400601,0.08264917000383311,0.37780463314473856,0.46628109202744966
11,OnlineFPCA-sgd,0.1,1900,100,face,3,5,0.642212867736816,8,2,0.12776906114243775,0.30970935903674557,0.3204042817430979,0.0825955916924465,0.3645262400952824,0.4354217897751677
11,OnlineFPCA-sgd,0.1,2000,100,face,3,5,0.786466836929321,8,2,0.13002419438932436,0.29596430631659465,0.34475440003046254,0.08216674010798644,0.3515844241468518,0.41542800941475844
11,OnlineFPCA-sgd,0.1,2100,100,face,3,5,0.628780126571655,8,2,0.2855397154845643,0.2530120208179007,0.34206793627269627,0.0768544071339686,0.34185538456069753,0.3973510103476679
11,OnlineFPCA-sgd,0.1,2200,100,face,3,5,0.625619173049927,8,2,0.21613876183284733,0.25136176590440634,0.28926166589525365,0.06792393996207542,0.32779312371170277,0.37401096065377054
11,OnlineFPCA-sgd,0.1,2300,100,face,3,5,0.633536577224731,8,2,0.3443538185965815,0.3100517219654344,0.34528254241564277,0.06307408824296705,0.3242962438458226,0.3641755547508443
11,OnlineFPCA-sgd,0.1,2400,100,face,3,5,0.627545356750488,8,2,0.19477616798679162,0.2614466657878144,0.3252399517889378,0.06257818291789671,0.3145539022745143,0.3546270742217055
11,OnlineFPCA-sgd,0.1,2500,100,face,3,5,0.632126331329346,8,2,0.1926163509206152,0.23346681297819058,0.23735227296072384,0.06269827992001444,0.30524210093820187,0.3428146210740713
11,OnlineFPCA-sgd,0.1,2600,100,face,3,5,0.641457080841064,8,2,0.1335890463501667,0.273167257196731,0.22677843898277958,0.05687719683472377,0.29707658584258123,0.3293637582602082
11,OnlineFPCA-sgd,0.1,2700,100,face,3,5,0.627545833587646,8,2,0.06680321881264957,0.21080100339635485,0.2765406377646577,0.052314064212063624,0.29225462166210125,0.3191338485664281
11,OnlineFPCA-sgd,0.1,2800,100,face,3,5,0.636441946029663,8,2,0.24142676049742012,0.2290673559588597,0.295091333194118,0.05163893698293521,0.2860968764912247,0.30790104249947126
11,OnlineFPCA-sgd,0.1,2900,100,face,3,5,0.628506183624268,8,2,0.16562934580256364,0.20315922723913477,0.2823184056045009,0.05101498283214861,0.2816307419132035,0.30032483927965287
11,OnlineFPCA-sgd,0.1,3000,100,face,3,5,0.639436960220337,8,2,0.22762360000142023,0.1741752573154073,0.3239467134824151,0.048908231766172476,0.26946969305589075,0.2924405591625706
11,OnlineFPCA-sgd,0.1,3100,100,face,3,5,0.640992403030396,8,2,0.2049279122497907,0.2882101280150051,0.2582411839852811,0.040632133331515524,0.2508033354548582,0.28292496493889624
11,OnlineFPCA-sgd,0.1,3200,100,face,3,5,0.636167287826538,8,2,0.2402419465548619,0.254819472714104,0.257033617572339,0.04018556262273438,0.23390478367576573,0.2742511385198172
11,OnlineFPCA-sgd,0.1,3300,100,face,3,5,0.634579420089722,8,2,0.2508381279096093,0.1730043156809579,0.28659336791225193,0.03657153053594959,0.22187141975541913,0.2672323476007271
11,OnlineFPCA-sgd,0.1,3400,100,face,3,5,0.63031268119812,8,2,0.2382304869127593,0.2678852024831581,0.346265306455734,0.03265480618426998,0.2109491867809242,0.2646048130907122
11,OnlineFPCA-sgd,0.1,3500,100,face,3,5,0.632903337478638,8,2,0.14058600231125523,0.21349331739116872,0.18224144651258303,0.027775775898721,0.20148632018264181,0.2614095093802416
11,OnlineFPCA-sgd,0.1,3600,100,face,3,5,0.626651048660278,8,2,0.3055780502977588,0.42624539674332357,0.15410583596090266,0.021041005314288097,0.19027688804447657,0.25540226450300774
11,OnlineFPCA-sgd,0.1,3700,100,face,3,5,0.633382558822632,8,2,0.20934015469155054,0.147312059492367,0.24848908951734092,0.016515971427635757,0.18049323504575857,0.2515032854302295
11,OnlineFPCA-sgd,0.1,3800,100,face,3,5,0.622950315475464,8,2,0.22990794235008044,0.13638198977588084,0.2667480023777283,0.015903174085042514,0.17451775239477188,0.2491978794298782
11,OnlineFPCA-sgd,0.1,3900,100,face,3,5,0.6143958568573,8,2,0.17454857953422345,0.2728578690693702,0.3409973512383415,0.015153616248063028,0.16988833345046828,0.24844278332169922
11,OnlineFPCA-sgd,0.1,4000,100,face,3,5,0.612643957138062,8,2,0.016312135779765095,0.165798238266905,0.24839699651561808,0.016312135779765095,0.165798238266905,0.24839699651561808
11,OnlineFPCA-sgd,0.1,4100,100,face,3,5,0.615780353546143,8,2,0.31347469906122577,0.3020457458758881,0.1770021105665274,0.16323530314682658,0.24603417793528085,0.20225256038297837
11,OnlineFPCA-sgd,0.1,4200,100,face,3,5,0.620794057846069,8,2,0.22010896597014065,0.19350680858485253,0.27551009555000344,0.09139803070805969,0.19842010816993075,0.1787382104140577
11,OnlineFPCA-sgd,0.1,4300,100,face,3,5,0.633625984191895,8,2,0.15519082693844646,0.23893623900639788,0.2436570261604184,0.05257684023812056,0.16783517589720018,0.19770116609559105
11,OnlineFPCA-sgd,0.1,4400,100,face,3,5,0.627602100372314,8,2,0.2500289025694956,0.2024740910312474,0.1603404958963209,0.0437866821492472,0.1592724633665716,0.18876999732482513
11,OnlineFPCA-sgd,0.1,4500,100,face,3,5,0.623962879180908,8,2,0.18372147415082335,0.25176381824914834,0.19632230813851534,0.053256064424294196,0.15777578170498902,0.17754476630407856
11,OnlineFPCA-sgd,0.1,4600,100,face,3,5,0.617351531982422,8,2,0.034615123296632,0.2208312468032145,0.2616452660372608,0.05170435020104655,0.15520621312088206,0.1825724664893469
11,OnlineFPCA-sgd,0.1,4700,100,face,3,5,0.61895227432251,8,2,0.20565137941515926,0.2749666050523119,0.30624565815219496,0.05597470082691625,0.1523204232420643,0.19191807189207147
11,OnlineFPCA-sgd,0.1,4800,100,face,3,5,0.632204294204712,8,2,0.3148371794691585,0.1997512806424737,0.35606801744938077,0.05291202301147515,0.1522621465662427,0.20435543756116614
11,OnlineFPCA-sgd,0.1,4900,100,face,3,5,0.619535446166992,8,2,0.2567562181956294,0.226462531882405,0.3320480430011109,0.05525153659142516,0.14694158185512302,0.21730028106250712
11,OnlineFPCA-sgd,0.1,5000,100,face,3,5,0.616892099380493,8,2,0.20245449901274995,0.2321554055729908,0.31340477368181063,0.051021095430674096,0.145169591361692,0.22494525247045027
11,OnlineFPCA-sgd,0.1,5100,100,face,3,5,0.10073184967041,8,2,0.17546438230632144,0.2310046937141462,0.22687100833920537,0.04276952640655767,0.1443946239583022,0.22559400373008615
11,OnlineFPCA-sgd,0.1,5200,100,face,3,5,0.0956201553344727,8,2,0.12453137426308902,0.15583351114679206,0.19113492104342553,0.038051133570517905,0.14282069982833695,0.22051539633944328
11,OnlineFPCA-sgd,0.1,5300,100,face,3,5,0.101823568344116,8,2,0.19485071522349035,0.33445835070847285,0.30870285432562117,0.03889756618819723,0.14056633557330311,0.22052495515752582
11,OnlineFPCA-sgd,0.1,5400,100,face,3,5,0.0986628532409668,8,2,0.23184170688103234,0.2087546420376252,0.3289136581945718,0.03812800148443738,0.13855018091877414,0.2225831461507652
11,OnlineFPCA-sgd,0.1,5500,100,face,3,5,0.0986869335174561,8,2,0.22709388554164364,0.22613435376675534,0.2856714970349635,0.03628211451492793,0.1381267188513286,0.22661613150770318
11,OnlineFPCA-sgd,0.1,5600,100,face,3,5,0.0979409217834473,8,2,0.15841466830909876,0.16197017585007079,0.36201236106189233,0.03508165658994531,0.1370477567305637,0.23120553581392278
11,OnlineFPCA-sgd,0.1,5700,100,face,3,5,0.0987401008605957,8,2,0.25936280154337366,0.22061874462989406,0.2583916515779603,0.03188271661290241,0.13559490000461216,0.2324458562358112
11,OnlineFPCA-sgd,0.1,5800,100,face,3,5,0.0987718105316162,8,2,0.14156337245283543,0.2126001169352732,0.269257425598767,0.034476023498481854,0.13298132712055852,0.2324379998236766
11,OnlineFPCA-sgd,0.1,5900,100,face,3,5,0.0966620445251465,8,2,0.20178799393110977,0.21641570335655058,0.26921923180889706,0.03844237996651128,0.13240196443203278,0.23292333007363272
11,OnlineFPCA-sgd,0.1,6000,100,face,3,5,0.0993545055389404,8,2,0.16354067122632984,0.14888201088681624,0.23292110379374176,0.035986423572930845,0.13009062614229927,0.2298200956187536
11,OnlineFPCA-sgd,0.1,6100,100,face,3,5,0.09629225730896,8,2,0.19986983161454994,0.18529055903176025,0.2564286484215301,0.03257017594219975,0.1294805088034627,0.22788495330530237
11,OnlineFPCA-sgd,0.1,6200,100,face,3,5,0.0996403694152832,8,2,0.22038524506401266,0.2095000195357235,0.24282538668493533,0.027807339974472527,0.12886793013889047,0.22658647267349655
11,OnlineFPCA-sgd,0.1,6300,100,face,3,5,0.0982463359832764,8,2,0.1127336408269281,0.13657309044089314,0.3269549612063423,0.026195066136752227,0.1275718282079785,0.2278714591710254
11,OnlineFPCA-sgd,0.1,6400,100,face,3,5,0.0992181301116943,8,2,0.25734883798911706,0.13274562155057068,0.3467517148342691,0.02452905453248297,0.1249174908330916,0.22993049398544382
11,OnlineFPCA-sgd,0.1,6500,100,face,3,5,0.0976054668426514,8,2,0.22028288479385727,0.1508314642321273,0.2795085504873338,0.02437303865656068,0.1212239860968407,0.2307866708178032
11,OnlineFPCA-sgd,0.1,6600,100,face,3,5,0.098823070526123,8,2,0.17188746158785576,0.13057734418608183,0.4434599808768053,0.02290698862255739,0.11774531738753125,0.23431819049278693
11,OnlineFPCA-sgd,0.1,6700,100,face,3,5,0.0974628925323486,8,2,0.13764141310224237,0.15381898852960393,0.37052694141306225,0.02359619610785924,0.11501941195358042,0.24015728355284402
11,OnlineFPCA-sgd,0.1,6800,100,face,3,5,0.0961804389953613,8,2,0.18985010971983415,0.16369758816532115,0.32549940665191684,0.0207354500322807,0.11173442374845399,0.24322537106763023
11,OnlineFPCA-sgd,0.1,6900,100,face,3,5,0.102210521697998,8,2,0.1751455859294827,0.1439421601999345,0.26495684465411806,0.020776827523615145,0.11010395798965031,0.24562683645285918
11,OnlineFPCA-sgd,0.1,7000,100,face,3,5,0.0958397388458252,8,2,0.14782778982132913,0.16446588062982834,0.3217865646098725,0.021515803182535584,0.10813540358891867,0.24603474107731224
11,OnlineFPCA-sgd,0.1,7100,100,face,3,5,0.0996556282043457,8,2,0.21155488940143038,0.0988843671138326,0.25637984082193016,0.021302200627644267,0.10613610424709519,0.24579812493052627
11,OnlineFPCA-sgd,0.1,7200,100,face,3,5,0.0979986190795898,8,2,0.22171774626005464,0.07767720538555045,0.17620726459048253,0.02246307485507783,0.1026482191326012,0.2422259054471509
11,OnlineFPCA-sgd,0.1,7300,100,face,3,5,0.0984866619110107,8,2,0.2081156269542608,0.15685313601580406,0.23512060655186118,0.023884254435999782,0.09893275853543451,0.24068339783016646
11,OnlineFPCA-sgd,0.1,7400,100,face,3,5,0.0977296829223633,8,2,0.183206515477224,0.12119379822409418,0.27538801953140696,0.023846830457179898,0.09647526976229337,0.2399988149219432
11,OnlineFPCA-sgd,0.1,7500,100,face,3,5,0.0980832576751709,8,2,0.16771103955607558,0.17382176991822035,0.2310014200938526,0.023959636681517363,0.09452370899176853,0.23906070153853878
11,OnlineFPCA-sgd,0.1,7600,100,face,3,5,0.0980162620544434,8,2,0.10633752094096934,0.19476963988448082,0.23299422928357363,0.023718367668854545,0.09214619225060605,0.23730338791266445
11,OnlineFPCA-sgd,0.1,7700,100,face,3,5,0.094743013381958,8,2,0.07425922075862951,0.20081207119037686,0.3012789650568187,0.021196337065389818,0.09060839897454441,0.23609097385734032
11,OnlineFPCA-sgd,0.1,7800,100,face,3,5,0.0988173484802246,8,2,0.2138717381043506,0.24575445549076494,0.3116479700062002,0.021856603558651894,0.08881333895886939,0.23573611526762492
11,OnlineFPCA-sgd,0.1,7900,100,face,3,5,0.094473123550415,8,2,0.12365800365443698,0.20132958179837257,0.2916850979073607,0.02112787046894129,0.08754067574686197,0.23561930025191816
11,OnlineFPCA-sgd,0.1,8000,100,face,3,5,0.0993800163269043,8,2,0.2186575744457502,0.12386797160263559,0.36166965422529374,0.02173919674869916,0.08613330953872728,0.23575458814308062
11,OnlineFPCA-sgd,0.1,8100,100,face,3,5,0.0942716598510742,8,2,0.21000749784355574,0.24978715694574272,0.3237945014523474,0.02058948003231308,0.0833100677920811,0.23562320054236077
11,OnlineFPCA-sgd,0.1,8200,100,face,3,5,0.101566791534424,8,2,0.14032229577137545,0.19778137506389276,0.2733954955952383,0.02094750675377414,0.07973791384237208,0.2345408380831401
11,OnlineFPCA-sgd,0.1,8300,100,face,3,5,0.0949766635894775,8,2,0.18670131392492012,0.18154443710287158,0.277553060204055,0.019590391704129153,0.07783414673819167,0.23315105776991193
11,OnlineFPCA-sgd,0.1,8400,100,face,3,5,0.101239919662476,8,2,0.22413261986755884,0.19326042954215625,0.35729789221078084,0.01632128006275915,0.07682881803074847,0.2332308179771458
11,OnlineFPCA-sgd,0.1,8500,100,face,3,5,0.0995082855224609,8,2,0.12806193614436914,0.15574492108029553,0.25608986124575384,0.014318868949539215,0.07534519171025496,0.2339058447114213
11,OnlineFPCA-sgd,0.1,8600,100,face,3,5,0.0965750217437744,8,2,0.27069615858115637,0.3360124285895014,0.17766027173885274,0.015324861234125575,0.0737799886362187,0.23249345001956906
11,OnlineFPCA-sgd,0.1,8700,100,face,3,5,0.102691411972046,8,2,0.17715849411293158,0.15871865502582222,0.19362983517125867,0.01529936249326672,0.07247336678556567,0.23063469379874385
11,OnlineFPCA-sgd,0.1,8800,100,face,3,5,0.0968525409698486,8,2,0.18992926884391242,0.14960869535616583,0.24449984767223595,0.014839237596286487,0.07161311555955066,0.22928293014879156
11,OnlineFPCA-sgd,0.1,8900,100,face,3,5,0.0988779067993164,8,2,0.1504495581303178,0.2259794385497056,0.29446042070562917,0.01541871885628764,0.06995621613209356,0.2286765825739094
11,OnlineFPCA-sgd,0.1,9000,100,face,3,5,0.0935502052307129,8,2,0.2338358595416116,0.11221217120398609,0.24235030464979823,0.016183985078835436,0.06830849970992034,0.22866260866749472
11,OnlineFPCA-sgd,0.1,9100,100,face,3,5,0.099618673324585,8,2,0.27017154660924936,0.24529711575735164,0.2082502053458359,0.01939691540102266,0.06759686737324025,0.2268766928771328
11,OnlineFPCA-sgd,0.1,9200,100,face,3,5,0.0962719917297363,8,2,0.1905160963518089,0.10366690414697205,0.1510621466100103,0.019113526119966435,0.06718636179806865,0.2241018292701474
11,OnlineFPCA-sgd,0.1,9300,100,face,3,5,0.10148549079895,8,2,0.14534972173276497,0.162048751943243,0.1662185936336073,0.017918773654819312,0.06602203858659016,0.2215784937121728
11,OnlineFPCA-sgd,0.1,9400,100,face,3,5,0.0954163074493408,8,2,0.19804633133911625,0.12295086700668473,0.11657073695841047,0.018294026058452168,0.06515717258968144,0.21941309435084352
11,OnlineFPCA-sgd,0.1,9500,100,face,3,5,0.0989742279052734,8,2,0.16148726455053605,0.18348457072275148,0.14649737566008753,0.018536725714061026,0.06451410225531347,0.21769222741509153
11,OnlineFPCA-sgd,0.1,9600,100,face,3,5,0.101115942001343,8,2,0.036950649692520515,0.14640920272706803,0.1776502545428715,0.019064830582248133,0.0638516149423277,0.21667196102044872
11,OnlineFPCA-sgd,0.1,9700,100,face,3,5,0.100170612335205,8,2,0.15089629642050892,0.19261869248468066,0.20834797173615563,0.020329548542453706,0.0633682084901275,0.2159083772329706
11,OnlineFPCA-sgd,0.1,9800,100,face,3,5,0.10230565071106,8,2,0.26942714987546384,0.1711734552758258,0.25010550938158876,0.020895653634525436,0.06280106146600724,0.21552373589338192
11,OnlineFPCA-sgd,0.1,9900,100,face,3,5,0.0963222980499268,8,2,0.20474230797097326,0.14914092137890814,0.229714109580335,0.02189023420093948,0.062198424879242147,0.21566267613724527
11,OnlineFPCA-sgd,0.1,10000,100,face,3,5,0.102512836456299,8,2,0.1432950726141371,0.1693200725606871,0.2422778313578547,0.02218844013190097,0.062173623586306154,0.21567927548404195
11,OnlineFPCA-sgd,0.1,10100,100,face,3,5,0.0958302021026611,8,2,0.14381235413372376,0.15026646667065538,0.17655613661797426,0.022041935419232533,0.062274137135698356,0.21507399813258724
11,OnlineFPCA-sgd,0.1,10200,100,face,3,5,0.102980613708496,8,2,0.11317808106766974,0.08539765990153662,0.1408244554514614,0.02157174051120906,0.06215811047474483,0.21361778772766862
11,OnlineFPCA-sgd,0.1,10300,100,face,3,5,0.096519947052002,8,2,0.1471645115686858,0.25760739485018286,0.2334101351407211,0.02166620949971956,0.06202257476466021,0.21306705826743635
11,OnlineFPCA-sgd,0.1,10400,100,face,3,5,0.0989105701446533,8,2,0.18384057197928694,0.15627984698357672,0.2572502436211898,0.0218160252507471,0.061402567055106064,0.2128453425489912
11,OnlineFPCA-sgd,0.1,10500,100,face,3,5,0.242159843444824,8,2,0.150193957852798,0.16873537533763142,0.2285869416882639,0.02168856131021255,0.06091863141202732,0.2130160057939269
11,OnlineFPCA-sgd,0.1,10600,100,face,3,5,0.0989921092987061,8,2,0.12214112564983892,0.09388242223294291,0.2832609303832075,0.021986693982626253,0.06045858335585882,0.2132519092895357
11,OnlineFPCA-sgd,0.1,10700,100,face,3,5,0.101431369781494,8,2,0.21004999043567377,0.14016919289243993,0.2115285243131821,0.02156587979907036,0.06021053848274026,0.21291346196617417
11,OnlineFPCA-sgd,0.1,10800,100,face,3,5,0.0975461006164551,8,2,0.14114367780525205,0.1754965212509698,0.2387023094472108,0.022203737150290167,0.06048150837498882,0.21249399937893765
11,OnlineFPCA-sgd,0.1,10900,100,face,3,5,0.10556697845459,8,2,0.15764109224114636,0.17185483040261545,0.23550200317217151,0.02368634149865559,0.061438701969712184,0.21218599403177127
11,OnlineFPCA-sgd,0.1,11000,100,face,3,5,0.0977339744567871,8,2,0.11565094842416458,0.12264192530416658,0.20026049439769703,0.023393010407159267,0.06155879538918496,0.21098788709091806
11,OnlineFPCA-sgd,0.1,11100,100,face,3,5,0.104016304016113,8,2,0.16215860601841586,0.15341651085418062,0.22026052038261773,0.022570748532412716,0.06180069088355511,0.2099859174672629
11,OnlineFPCA-sgd,0.1,11200,100,face,3,5,0.0974063873291016,8,2,0.17517066834966058,0.18108036060861984,0.20778210039548517,0.02160032322950185,0.062155413359153616,0.2091677293661185
11,OnlineFPCA-sgd,0.1,11300,100,face,3,5,0.100351333618164,8,2,0.11168265480239144,0.1078818238399706,0.23501599776290152,0.02124195793998724,0.0624863344124811,0.20913049876713266
11,OnlineFPCA-sgd,0.1,11400,100,face,3,5,0.100386619567871,8,2,0.22317668195691676,0.09648163686057078,0.2667569692860892,0.02056799884046936,0.062326615477275894,0.20945631316188082
11,OnlineFPCA-sgd,0.1,11500,100,face,3,5,0.101703643798828,8,2,0.1983614666251101,0.11968431766905316,0.21875935555010873,0.020426484710032663,0.06155776778574183,0.2096494796487169
11,OnlineFPCA-sgd,0.1,11600,100,face,3,5,0.103069067001343,8,2,0.14720739859882973,0.10727092617881906,0.35653539364120596,0.019941449131824322,0.060783102901951026,0.21070343651611062
11,OnlineFPCA-sgd,0.1,11700,100,face,3,5,0.0981705188751221,8,2,0.12233645793824102,0.11473678915865386,0.3210662328394422,0.019911538591302375,0.0601458905075946,0.21252270720066732
11,OnlineFPCA-sgd,0.1,11800,100,face,3,5,0.105374574661255,8,2,0.16523988051376573,0.12963673372948273,0.28829526229956465,0.01901884666577699,0.05910872409323302,0.21355384855906323
11,OnlineFPCA-sgd,0.1,11900,100,face,3,5,0.0976078510284424,8,2,0.14592324377612903,0.1261030255513463,0.2491348862462602,0.018532432140200793,0.05870967515889793,0.21452134790698363
11,OnlineFPCA-sgd,0.1,12000,100,face,3,5,0.102871894836426,8,2,0.12701312071607948,0.14375227517713754,0.2961473494423071,0.018112029931396247,0.058373675756351384,0.21510512293233022
11,OnlineFPCA-sgd,0.1,12100,100,face,3,5,0.09702467918396,8,2,0.17082216684591447,0.0971388858419985,0.25579992101201426,0.017881895035843906,0.05837293920533138,0.21564539464004276
11,OnlineFPCA-sgd,0.1,12200,100,face,3,5,0.098947286605835,8,2,0.2097317545833466,0.0684568352119661,0.19097223779308145,0.018480810894348578,0.05770341964516208,0.21517148835745933
11,OnlineFPCA-sgd,0.1,12300,100,face,3,5,0.0982067584991455,8,2,0.15795545297047522,0.128619234522562,0.23487146245870924,0.01886768899795999,0.0567181855910222,0.21516687593070669
11,OnlineFPCA-sgd,0.1,12400,100,face,3,5,0.0999321937561035,8,2,0.15859638268436047,0.09876141032575322,0.2622006025547644,0.01861793572398806,0.05590810692418679,0.21534984735425583
11,OnlineFPCA-sgd,0.1,12500,100,face,3,5,0.0997314453125,8,2,0.1431792494579324,0.15224970969791526,0.2213485215283911,0.018493825916417714,0.05557818139843148,0.21548093458016007
11,OnlineFPCA-sgd,0.1,12600,100,face,3,5,0.0968837738037109,8,2,0.0900232252540832,0.16788136002872853,0.21978042666954004,0.018719956685208074,0.05508645087098664,0.2153192773689329
11,OnlineFPCA-sgd,0.1,12700,100,face,3,5,0.102434158325195,8,2,0.06922470982418176,0.18437633993619693,0.27901081596001076,0.017763207578320537,0.054980604790434186,0.21532059873416765
11,OnlineFPCA-sgd,0.1,12800,100,face,3,5,0.0965871810913086,8,2,0.18294385402691116,0.22524822510622897,0.28723054351756167,0.017784292851951992,0.05473990934893291,0.2156341310096417
11,OnlineFPCA-sgd,0.1,12900,100,face,3,5,0.101642608642578,8,2,0.09094231506467246,0.18650540516333253,0.28077576588831105,0.017009070680652674,0.0544500753638327,0.21599368817115952
11,OnlineFPCA-sgd,0.1,13000,100,face,3,5,0.0972468852996826,8,2,0.2040711001372833,0.10696197453414964,0.33154503050671,0.016842363819744136,0.054405311313692695,0.21645501335400907
11,OnlineFPCA-sgd,0.1,13100,100,face,3,5,0.103280067443848,8,2,0.19123929756882363,0.2083621282446452,0.3030831528671377,0.01681048531116284,0.054076341840509023,0.21685063353242692
11,OnlineFPCA-sgd,0.1,13200,100,face,3,5,0.100550174713135,8,2,0.10361202478372343,0.17699362729271328,0.25273568160712656,0.017140679808768197,0.05318432408387325,0.21681834328722685
11,OnlineFPCA-sgd,0.1,13300,100,face,3,5,0.101995229721069,8,2,0.14706824060616466,0.15954483571039366,0.26379288800594736,0.017053657030029108,0.05306023787653945,0.2166077741867733
11,OnlineFPCA-sgd,0.1,13400,100,face,3,5,0.10027813911438,8,2,0.20076972474722746,0.17023332948337241,0.3321199812432742,0.01613144886458072,0.05333137870036246,0.21692243019505023
11,OnlineFPCA-sgd,0.1,13500,100,face,3,5,0.0968012809753418,8,2,0.12083700359831047,0.13762817103468217,0.24979181140348222,0.015761486206646125,0.053282855534919876,0.21743811227528562
11,OnlineFPCA-sgd,0.1,13600,100,face,3,5,0.102203369140625,8,2,0.235847321108897,0.2799590251495374,0.18442165325436558,0.01654554966330087,0.05319162958605602,0.21710880099086127
11,OnlineFPCA-sgd,0.1,13700,100,face,3,5,0.0974867343902588,8,2,0.14308613484450466,0.15643575509179858,0.1934805879906977,0.016722809121261735,0.05319857022232485,0.21661558421986932
11,OnlineFPCA-sgd,0.1,13800,100,face,3,5,0.242465257644653,8,2,0.17036774864343557,0.14423443538050384,0.2417949030565568,0.016592353030355392,0.053465401573742834,0.216304068727059
11,OnlineFPCA-sgd,0.1,13900,100,face,3,5,0.0969679355621338,8,2,0.1379075809969755,0.1919184174555291,0.2783093127417243,0.01682840470388991,0.05319970791426383,0.21620237888567873
11,OnlineFPCA-sgd,0.1,14000,100,face,3,5,0.100768566131592,8,2,0.20385767008481848,0.10819928655848315,0.2390992771266881,0.01722004294435658,0.052807815004176376,0.2162936573823313
11,OnlineFPCA-sgd,0.1,14100,100,face,3,5,0.0953857898712158,8,2,0.24955434196090104,0.22723217863515757,0.20965137836115674,0.018731960053373665,0.05283612475618828,0.2156737474530179
11,OnlineFPCA-sgd,0.1,14200,100,face,3,5,0.100739240646362,8,2,0.15188014981509937,0.08957813273399683,0.15105862165787717,0.018705904093604644,0.05302419317694262,0.2145458087485017
11,OnlineFPCA-sgd,0.1,14300,100,face,3,5,0.0952193737030029,8,2,0.13470478479157477,0.13418288947361656,0.16232944622472598,0.018237249187528497,0.052611952016875345,0.21337632471027768
11,OnlineFPCA-sgd,0.1,14400,100,face,3,5,0.0971176624298096,8,2,0.1725546873143035,0.10274253980421624,0.11907481329385318,0.018347590898481585,0.05235917089257352,0.2123640844511772
11,OnlineFPCA-sgd,0.1,14500,100,face,3,5,0.102227210998535,8,2,0.14865691992684124,0.1592798002317477,0.13956661148457955,0.01829429612626501,0.05215317421043051,0.21154296768152067
11,OnlineFPCA-sgd,0.1,14600,100,face,3,5,0.0978085994720459,8,2,0.04812990099729203,0.13306126308925237,0.16251785679412825,0.018541824716731024,0.051957095430879174,0.21099726147821413
11,OnlineFPCA-sgd,0.1,14700,100,face,3,5,0.10277533531189,8,2,0.12524465283532202,0.16605177183247571,0.18653831086276723,0.01917341958270023,0.05185174191888394,0.21056034190507236
11,OnlineFPCA-sgd,0.1,14800,100,face,3,5,0.0980069637298584,8,2,0.24065657112656944,0.15685617740730204,0.2164288584754387,0.01950535204128675,0.05165267310155897,0.2102176376585477
11,OnlineFPCA-sgd,0.1,14900,100,face,3,5,0.103765964508057,8,2,0.1815599214646789,0.1266290325952417,0.2018292978496827,0.020045202977514033,0.05147629196078178,0.2101291645640322
11,OnlineFPCA-sgd,0.1,15000,100,face,3,5,0.100950002670288,8,2,0.12021764899139423,0.15740816182916234,0.21790136637737123,0.020284153783974034,0.05162392711910387,0.21002754428462303
11,OnlineFPCA-sgd,0.1,0,100,face,3,5,6.36265110969543,8,4,0.2570427630092802,2.0058491327932266,1.110656945500026,0.2570427630092802,2.0058491327932266,1.110656945500026
11,OnlineFPCA-sgd,0.1,100,100,face,3,5,0.461862802505493,8,4,1.216756267793589,1.2399521648568748,1.5860524027925669,NA,NA,NA
11,OnlineFPCA-sgd,0.1,200,100,face,3,5,0.459723234176636,8,4,0.8608145837730977,0.49595322015767496,1.9990191111341309,NA,NA,NA
11,OnlineFPCA-sgd,0.1,300,100,face,3,5,0.453795671463013,8,4,0.6927568684408739,0.7847936923171442,1.919648054771865,NA,NA,NA
11,OnlineFPCA-sgd,0.1,400,100,face,3,5,0.458549499511719,8,4,0.6362070799610791,0.9805901238003489,0.7155794909087505,NA,NA,NA
11,OnlineFPCA-sgd,0.1,500,100,face,3,5,0.461264610290527,8,4,0.3313342444105501,1.2559530458101884,1.1595385084036693,NA,NA,NA
11,OnlineFPCA-sgd,0.1,600,100,face,3,5,0.454941034317017,8,4,0.4220731829404123,0.8847853771149554,0.3839346415208289,NA,NA,NA
11,OnlineFPCA-sgd,0.1,700,100,face,3,5,0.595095157623291,8,4,0.37940025331083116,0.829995180579879,0.259799122428158,NA,NA,NA
11,OnlineFPCA-sgd,0.1,800,100,face,3,5,0.456854343414307,8,4,0.37361528383611897,0.826233755332276,0.2603281775259742,NA,NA,NA
11,OnlineFPCA-sgd,0.1,900,100,face,3,5,0.453099489212036,8,4,0.3656766245994154,0.8205197457954481,0.26127454108778164,NA,NA,NA
11,OnlineFPCA-sgd,0.1,1000,100,face,3,5,0.450223922729492,8,4,0.3619481842979647,0.8167911239249923,0.26263076695377247,NA,NA,NA
11,OnlineFPCA-sgd,0.1,1100,100,face,3,5,0.634618043899536,8,4,0.418850151783541,0.28148254234728903,0.30292445204762325,0.1503182771878002,0.5819423998436931,0.28835883350846436
11,OnlineFPCA-sgd,0.1,1200,100,face,3,5,0.632701635360718,8,4,0.26370751961836003,0.30249492429799213,0.26638137057037586,0.11513445645150594,0.38521938746330225,0.26702961652084883
11,OnlineFPCA-sgd,0.1,1300,100,face,3,5,0.64149808883667,8,4,0.22469149575610442,0.20232830818345188,0.25868009261904057,0.0657612371243861,0.28541899976779056,0.2563310183882042
11,OnlineFPCA-sgd,0.1,1400,100,face,3,5,0.62903094291687,8,4,0.31148275730514724,0.1624349722496172,0.2917470332980351,0.06890285717899074,0.22000543444881843,0.25396264403886704
11,OnlineFPCA-sgd,0.1,1500,100,face,3,5,0.624966621398926,8,4,0.2033211027955784,0.16073681775938803,0.18445373737989051,0.05647016345874634,0.17861025892696178,0.24339793139823956
11,OnlineFPCA-sgd,0.1,1600,100,face,3,5,0.636205196380615,8,4,0.09779644766589474,0.10106360484932148,0.277840774781083,0.044266009565596405,0.15036675516128148,0.24073818865105207
11,OnlineFPCA-sgd,0.1,1700,100,face,3,5,0.640677452087402,8,4,0.11770434491248931,0.14445817130477312,0.25464479215268476,0.03453843770750022,0.1445333499845492,0.24948018252124157
11,OnlineFPCA-sgd,0.1,1800,100,face,3,5,0.636054754257202,8,4,0.09663685293027034,0.1042313449471238,0.23802043719504007,0.03749398741434678,0.13307694543469412,0.24673789765038995
11,OnlineFPCA-sgd,0.1,1900,100,face,3,5,0.644479274749756,8,4,0.12181412919250169,0.11947805760155127,0.17110227427719307,0.04240785244324051,0.13199248723998855,0.24146671098183492
11,OnlineFPCA-sgd,0.1,2000,100,face,3,5,0.628871917724609,8,4,0.1284631629949086,0.13092342276651914,0.2360878347369888,0.046193552483372945,0.1276945201003281,0.2378701372296851
11,OnlineFPCA-sgd,0.1,2100,100,face,3,5,0.631163597106934,8,4,0.29187757187452756,0.07036466427575283,0.2443538799550839,0.044010385232014136,0.12350392619727257,0.23138235989977757
11,OnlineFPCA-sgd,0.1,2200,100,face,3,5,0.631053686141968,8,4,0.2268439746295489,0.10915070966220684,0.1852509582914183,0.0376125739270409,0.11324008566518688,0.22303747170952554
11,OnlineFPCA-sgd,0.1,2300,100,face,3,5,0.629733085632324,8,4,0.3305550248150428,0.19953122248729946,0.251056377366488,0.03686565181287148,0.1146922190052837,0.22335340568323617
11,OnlineFPCA-sgd,0.1,2400,100,face,3,5,0.773756265640259,8,4,0.20472398909957518,0.15135352898269816,0.24140853360278014,0.038281514701927595,0.11175672337487594,0.22572269870933093
11,OnlineFPCA-sgd,0.1,2500,100,face,3,5,0.627874374389648,8,4,0.19509352168465116,0.17005432590871702,0.15763890104901077,0.040895634580858556,0.10866259379266593,0.22259421746197192
11,OnlineFPCA-sgd,0.1,2600,100,face,3,5,0.632221698760986,8,4,0.14249520916176364,0.22579988406943233,0.1447506885171327,0.03621743567046541,0.10621274011255699,0.21742208207076535
11,OnlineFPCA-sgd,0.1,2700,100,face,3,5,0.629890203475952,8,4,0.06921533273933447,0.22171279360218976,0.24696374678865662,0.03225148846062407,0.10924605591811089,0.215708899285306
11,OnlineFPCA-sgd,0.1,2800,100,face,3,5,0.631241321563721,8,4,0.24921255324547095,0.23603069383502773,0.25969944897054686,0.03336499407693451,0.11155075178291998,0.2143522956072729
11,OnlineFPCA-sgd,0.1,2900,100,face,3,5,0.625833511352539,8,4,0.16425143654645394,0.19352676947278027,0.2456550859452405,0.03365014331604378,0.11478245062660433,0.21371373944179284
11,OnlineFPCA-sgd,0.1,3000,100,face,3,5,0.640981674194336,8,4,0.2309460410745909,0.11916972885094436,0.30133562679129255,0.03266959222787402,0.10776122050609135,0.2137632276546843
11,OnlineFPCA-sgd,0.1,3100,100,face,3,5,0.62913703918457,8,4,0.21448446925541134,0.280831982986964,0.2590601274914127,0.026387296419724673,0.09234832124124705,0.21351282790627274
11,OnlineFPCA-sgd,0.1,3200,100,face,3,5,0.627706050872803,8,4,0.24303868106343604,0.24563571459125053,0.26298283726994204,0.026156490738198354,0.07750485013682654,0.21287235645179586
11,OnlineFPCA-sgd,0.1,3300,100,face,3,5,0.636424541473389,8,4,0.25338286888897626,0.1726797696838276,0.28534390972082957,0.022777509333284495,0.07032863732993948,0.21236597890682857
11,OnlineFPCA-sgd,0.1,3400,100,face,3,5,0.629537582397461,8,4,0.23133395467330672,0.2609452269598493,0.3183184253639079,0.017891129576899048,0.06336821372785371,0.2137578981014813
11,OnlineFPCA-sgd,0.1,3500,100,face,3,5,0.635236978530884,8,4,0.14181787248908215,0.2014705405926837,0.15928121294666095,0.013549933084397276,0.05669489507725522,0.21364333755330148
11,OnlineFPCA-sgd,0.1,3600,100,face,3,5,0.637476205825806,8,4,0.2950929766050742,0.4294743547390084,0.15463569083163456,0.012439313861145412,0.04775889472707627,0.209398658186715
11,OnlineFPCA-sgd,0.1,3700,100,face,3,5,0.631821393966675,8,4,0.20723854573807327,0.16211543895747182,0.27326972091338736,0.011299490188898559,0.043590177751410844,0.2056367145668439
11,OnlineFPCA-sgd,0.1,3800,100,face,3,5,0.627679824829102,8,4,0.22826542549148507,0.14883327870637827,0.2720053871583483,0.010325380471653444,0.043478236122994715,0.20501259074415124
11,OnlineFPCA-sgd,0.1,3900,100,face,3,5,0.626706838607788,8,4,0.17527779889045594,0.2597519607565856,0.3423826937537417,0.01124170448219136,0.04262447690563457,0.20605594031488683
11,OnlineFPCA-sgd,0.1,4000,100,face,3,5,0.631782531738281,8,4,0.01238435932849783,0.04244738184890334,0.20768560519571141,0.01238435932849783,0.04244738184890334,0.20768560519571141
11,OnlineFPCA-sgd,0.1,4100,100,face,3,5,0.763014316558838,8,4,0.306983615891233,0.2462775031006751,0.13292170165330147,0.16047154738115676,0.17291255142089307,0.1516128490751438
11,OnlineFPCA-sgd,0.1,4200,100,face,3,5,0.624019861221313,8,4,0.22667781454295768,0.14481902362850546,0.21421601351595015,0.08897748258768154,0.12408603836151827,0.11407607460589705
11,OnlineFPCA-sgd,0.1,4300,100,face,3,5,0.622727870941162,8,4,0.14790040308223767,0.1855258874600158,0.1882340788863408,0.05586053121228057,0.08045037756114246,0.12766185200169358
11,OnlineFPCA-sgd,0.1,4400,100,face,3,5,0.628720045089722,8,4,0.24851975546641675,0.16587028160702344,0.12257642897754598,0.049060527872919944,0.07320993759376589,0.12807938475042904
11,OnlineFPCA-sgd,0.1,4500,100,face,3,5,0.622405290603638,8,4,0.17753151798344668,0.21862084619770983,0.18022847979565498,0.05576317280779256,0.08033479083395412,0.13064901457816483
11,OnlineFPCA-sgd,0.1,4600,100,face,3,5,0.61640191078186,8,4,0.038639188294100825,0.18868931387378515,0.24703798082680187,0.05304420406829567,0.0811003199124746,0.14825263515327322
11,OnlineFPCA-sgd,0.1,4700,100,face,3,5,0.625312089920044,8,4,0.2074674501584199,0.25916993857571197,0.2908839613386283,0.05670070822895163,0.08034319695570455,0.1619217035154952
11,OnlineFPCA-sgd,0.1,4800,100,face,3,5,0.622788667678833,8,4,0.3079975118114149,0.19098000798878356,0.34523001379145857,0.05550155296706244,0.08661907918844441,0.1776916409090282
11,OnlineFPCA-sgd,0.1,4900,100,face,3,5,0.626591682434082,8,4,0.2601765042851624,0.20025654279741517,0.30163610780669053,0.057917044495748166,0.08166327629806314,0.19281160264948713
11,OnlineFPCA-sgd,0.1,5000,100,face,3,5,0.630296945571899,8,4,0.20752514873781172,0.18854251949992717,0.27984987608188094,0.053007375772892794,0.07993478813887832,0.20089322726507491
11,OnlineFPCA-sgd,0.1,5100,100,face,3,5,0.100061416625977,8,4,0.1776631832158161,0.18987830011330525,0.18541943995198115,0.04418414254713168,0.07639491563085518,0.20023372768114503
11,OnlineFPCA-sgd,0.1,5200,100,face,3,5,0.0983467102050781,8,4,0.12418979743646318,0.10060939858807907,0.1507215114742101,0.03958116433124953,0.07368317165092299,0.1947043446353236
11,OnlineFPCA-sgd,0.1,5300,100,face,3,5,0.100084781646729,8,4,0.19542469643206226,0.3182460128510584,0.27082641975775074,0.0405995436573581,0.07175187914807223,0.19319514222934742
11,OnlineFPCA-sgd,0.1,5400,100,face,3,5,0.0985651016235352,8,4,0.2267221412343257,0.16412158326685286,0.2970690983176237,0.03998351606035721,0.07059862854086026,0.19411748296716255
11,OnlineFPCA-sgd,0.1,5500,100,face,3,5,0.097367525100708,8,4,0.22984140998934366,0.18252254462710948,0.2510784816098187,0.03848290511281615,0.06988506633918548,0.1975276556630159
11,OnlineFPCA-sgd,0.1,5600,100,face,3,5,0.0989603996276855,8,4,0.15823886619519353,0.11628978236968689,0.3333059123039793,0.03681928778530235,0.06819857785439387,0.20226204248493684
11,OnlineFPCA-sgd,0.1,5700,100,face,3,5,0.0954132080078125,8,4,0.25639616619495886,0.19871032275580794,0.22627472560665662,0.03340818733713805,0.06601048002674435,0.20331645237556437
11,OnlineFPCA-sgd,0.1,5800,100,face,3,5,0.102375268936157,8,4,0.1413590669951919,0.20376514356223768,0.24102904319253488,0.0356034470392865,0.06475844404211212,0.20353606924006698
11,OnlineFPCA-sgd,0.1,5900,100,face,3,5,0.096721887588501,8,4,0.20152780851307597,0.20258708276012077,0.24515420516251687,0.03924218105908817,0.06742622821923634,0.204254078639243
11,OnlineFPCA-sgd,0.1,6000,100,face,3,5,0.0985603332519531,8,4,0.16541930997716042,0.13549909358295,0.20633219806701936,0.03676267005408604,0.06724436581595321,0.20135610269448936
11,OnlineFPCA-sgd,0.1,6100,100,face,3,5,0.101513862609863,8,4,0.1991736270873215,0.1808633387616314,0.24022972924168648,0.03349738294185178,0.06890862501341931,0.19970366844404921
11,OnlineFPCA-sgd,0.1,6200,100,face,3,5,0.0993194580078125,8,4,0.2177284114836603,0.20436057908600044,0.22284170979371543,0.028810643731796974,0.07106451506660702,0.1989260555619946
11,OnlineFPCA-sgd,0.1,6300,100,face,3,5,0.100573778152466,8,4,0.10908001665757508,0.12410203481688599,0.31937249401368867,0.02688499130247442,0.07161255971293763,0.20099107753595563
11,OnlineFPCA-sgd,0.1,6400,100,face,3,5,0.09714674949646,8,4,0.25942077956496257,0.11775644278263693,0.33379337336158305,0.02510862744004538,0.06946510500081361,0.2040204733321063
11,OnlineFPCA-sgd,0.1,6500,100,face,3,5,0.100905418395996,8,4,0.22145809722674104,0.14464044194135312,0.26319799090647433,0.02474668255828852,0.06593115520842521,0.20567894091029373
11,OnlineFPCA-sgd,0.1,6600,100,face,3,5,0.0958065986633301,8,4,0.1733982818902152,0.11758596214079384,0.4241396852741729,0.023195795822574063,0.06287953131086829,0.2104726284888959
11,OnlineFPCA-sgd,0.1,6700,100,face,3,5,0.101376533508301,8,4,0.13715465614984843,0.14889137995548044,0.35185247594735,0.023635796020261217,0.061038495993297325,0.21755447196980468
11,OnlineFPCA-sgd,0.1,6800,100,face,3,5,0.0956530570983887,8,4,0.1881330713042423,0.15542436082325123,0.3076034894178193,0.020738026596954083,0.05811909933408427,0.2212158225621125
11,OnlineFPCA-sgd,0.1,6900,100,face,3,5,0.0987923145294189,8,4,0.17655663037175456,0.1392263616865003,0.24653680515899937,0.0205288274495169,0.05802299846320704,0.22418469680973258
11,OnlineFPCA-sgd,0.1,7000,100,face,3,5,0.0984857082366943,8,4,0.1483355847921513,0.1633136533231145,0.3096906406795393,0.021163161596722487,0.05761214103115912,0.22528565637537565
11,OnlineFPCA-sgd,0.1,7100,100,face,3,5,0.0986864566802979,8,4,0.21418675062499404,0.09512367773565972,0.24764762153638475,0.020892353836920795,0.05752603842862889,0.22577483729177672
11,OnlineFPCA-sgd,0.1,7200,100,face,3,5,0.096973180770874,8,4,0.21853194252824745,0.08148700640815983,0.17332177120359943,0.021968730353834925,0.05490350175758868,0.2229455736456427
11,OnlineFPCA-sgd,0.1,7300,100,face,3,5,0.0971860885620117,8,4,0.21103761606078153,0.15711108935355342,0.23132428322544782,0.02332029982924945,0.05166961830624107,0.2222746777077578
11,OnlineFPCA-sgd,0.1,7400,100,face,3,5,0.0958337783813477,8,4,0.1839441741250792,0.1215735065837288,0.26909770897751506,0.023320047009099346,0.05018363316794573,0.22229622233634208
11,OnlineFPCA-sgd,0.1,7500,100,face,3,5,0.0938265323638916,8,4,0.16795969661179708,0.17384657620926874,0.22060557218551827,0.023489351286154505,0.04938808529540324,0.2219670755997558
11,OnlineFPCA-sgd,0.1,7600,100,face,3,5,0.0982933044433594,8,4,0.10704555772885344,0.19550489528745002,0.2185201909811702,0.02322079255806206,0.047398564169301556,0.22061682833127513
11,OnlineFPCA-sgd,0.1,7700,100,face,3,5,0.094430685043335,8,4,0.07350137187081296,0.20597164267628265,0.29091837937502996,0.020706593810785837,0.047316929833441,0.21986924079152093
11,OnlineFPCA-sgd,0.1,7800,100,face,3,5,0.0974249839782715,8,4,0.21362182440690444,0.24753468896114406,0.2982542613541611,0.02132301484115996,0.047227777424733323,0.2199921329026039
11,OnlineFPCA-sgd,0.1,7900,100,face,3,5,0.097313404083252,8,4,0.12573395839591375,0.202821887414567,0.27761517035103345,0.020610518404151564,0.04777530629142655,0.2202706519146929
11,OnlineFPCA-sgd,0.1,8000,100,face,3,5,0.0984039306640625,8,4,0.21967857748710812,0.11970038101810454,0.34603902908013434,0.021191848259755248,0.04812224988132695,0.22079003438261954
11,OnlineFPCA-sgd,0.1,8100,100,face,3,5,0.103868246078491,8,4,0.20822835422131392,0.24472537575952946,0.3067522808162901,0.02023456185253559,0.04664849115288026,0.22111929528433225
11,OnlineFPCA-sgd,0.1,8200,100,face,3,5,0.0979290008544922,8,4,0.14550049002745488,0.19811624429515487,0.2661647133842624,0.0205984754044725,0.043651377613821436,0.22057092770118428
11,OnlineFPCA-sgd,0.1,8300,100,face,3,5,0.0999791622161865,8,4,0.1866549698860555,0.18059744639299308,0.26739080974750506,0.01925036103223441,0.043467099959889455,0.2197102559097911
11,OnlineFPCA-sgd,0.1,8400,100,face,3,5,0.0956039428710938,8,4,0.22381345994367205,0.1926891193889743,0.34567657168399046,0.01593839178671462,0.04453598730835631,0.22024378324549682
11,OnlineFPCA-sgd,0.1,8500,100,face,3,5,0.104712247848511,8,4,0.1258413493419843,0.15759978264888932,0.23819535734641428,0.013985105915334663,0.04429276101196544,0.22119708249954506
11,OnlineFPCA-sgd,0.1,8600,100,face,3,5,0.096315860748291,8,4,0.2701806153176368,0.34013069743950014,0.1579498581664172,0.01524614772077181,0.044144799411042185,0.21990035454597265
11,OnlineFPCA-sgd,0.1,8700,100,face,3,5,0.0984458923339844,8,4,0.18032098011557832,0.16179458819489334,0.1878357555622555,0.015388316299592805,0.04508977887442455,0.21828219096820112
11,OnlineFPCA-sgd,0.1,8800,100,face,3,5,0.0978066921234131,8,4,0.1897352132318535,0.15129567614528774,0.23733157339838384,0.014992598611561278,0.0463027789729312,0.2172936266782715
11,OnlineFPCA-sgd,0.1,8900,100,face,3,5,0.0992579460144043,8,4,0.15313798648463267,0.22257351589779154,0.2913325182355128,0.015590915070526195,0.04539025537307979,0.21701640344593384
11,OnlineFPCA-sgd,0.1,9000,100,face,3,5,0.0982329845428467,8,4,0.2351694443523087,0.10854864467529854,0.23074253538527842,0.01631473029927655,0.044469036426751804,0.21734879969969337
11,OnlineFPCA-sgd,0.1,9100,100,face,3,5,0.0991594791412354,8,4,0.2701290160503923,0.2384747212219499,0.19192324176957706,0.01942241774607151,0.04496311865984543,0.21579721028386917
11,OnlineFPCA-sgd,0.1,9200,100,face,3,5,0.0994362831115723,8,4,0.18758693563543352,0.10572631554808491,0.14915243092532324,0.019157540801021857,0.04575659492251897,0.21322627319162912
11,OnlineFPCA-sgd,0.1,9300,100,face,3,5,0.093822717666626,8,4,0.14268542510539353,0.159800322771251,0.15947591148828735,0.018088561916029117,0.04484430858941829,0.21082239328590907
11,OnlineFPCA-sgd,0.1,9400,100,face,3,5,0.0985713005065918,8,4,0.19866277583566655,0.12237006245225841,0.1082825549720894,0.018476973432016208,0.044554969643477146,0.20885117439238207
11,OnlineFPCA-sgd,0.1,9500,100,face,3,5,0.0937740802764893,8,4,0.15976506275477864,0.181523185041367,0.1429633534601979,0.01867084271331358,0.04455000224191543,0.20735646886151582
11,OnlineFPCA-sgd,0.1,9600,100,face,3,5,0.0985558032989502,8,4,0.03387431081275592,0.1464898654567252,0.17882514175613654,0.019163131087533,0.04450188251082501,0.20664333851358743
11,OnlineFPCA-sgd,0.1,9700,100,face,3,5,0.0934808254241943,8,4,0.1518747580869882,0.19379211368670607,0.2096389895360802,0.020371753306018044,0.04462486249381441,0.20615593387726072
11,OnlineFPCA-sgd,0.1,9800,100,face,3,5,0.0967700481414795,8,4,0.26782664714104093,0.17059571932908738,0.251368135293476,0.020998140273850028,0.04475637470235676,0.2060675669871769
11,OnlineFPCA-sgd,0.1,9900,100,face,3,5,0.0953769683837891,8,4,0.20541530959273802,0.14902059011521943,0.22898766474605847,0.021997591937919888,0.04492146580212901,0.20650389957754473
11,OnlineFPCA-sgd,0.1,10000,100,face,3,5,0.0969681739807129,8,4,0.14434471554847828,0.16852035856312406,0.2375584368263122,0.02225961506972904,0.04559729459908015,0.20672931784985027
11,OnlineFPCA-sgd,0.1,10100,100,face,3,5,0.0958452224731445,8,4,0.1442035511296329,0.1484337578922334,0.17058622638826518,0.02207414466611271,0.04608616589530739,0.20625057452951315
11,OnlineFPCA-sgd,0.1,10200,100,face,3,5,0.0942099094390869,8,4,0.11323014117263851,0.08281111199591393,0.13578566478654963,0.021615062550031566,0.046178935166716145,0.20486570442328864
11,OnlineFPCA-sgd,0.1,10300,100,face,3,5,0.100271701812744,8,4,0.14841852909289238,0.25785591861485657,0.2290972910087793,0.021726237202415212,0.0464743312401765,0.20437092220217629
11,OnlineFPCA-sgd,0.1,10400,100,face,3,5,0.0953216552734375,8,4,0.1823474926899379,0.15329019785944822,0.25217805120309594,0.021901825633577787,0.0461262587718705,0.20417748078760947
11,OnlineFPCA-sgd,0.1,10500,100,face,3,5,0.10021448135376,8,4,0.1517636947758258,0.16174571634601353,0.22024350097989756,0.021820192639302235,0.04565556253520243,0.20433048193356593
11,OnlineFPCA-sgd,0.1,10600,100,face,3,5,0.0941619873046875,8,4,0.12217058857708392,0.08884241026344687,0.2770416303913626,0.022078238703295443,0.04515077777326157,0.2045700160404729
11,OnlineFPCA-sgd,0.1,10700,100,face,3,5,0.0998868942260742,8,4,0.20915998822367296,0.1367057722545017,0.2052697742139316,0.021642669445568072,0.044898516111293196,0.20426295882911943
11,OnlineFPCA-sgd,0.1,10800,100,face,3,5,0.0938940048217773,8,4,0.14080647996931844,0.17437231734774458,0.23052768107995,0.02225449848260176,0.04555726210174169,0.20389656559896582
11,OnlineFPCA-sgd,0.1,10900,100,face,3,5,0.0997560024261475,8,4,0.1596751609165521,0.1688985257877555,0.22782576746969227,0.023694181321511316,0.04701906070406641,0.20365882726997256
11,OnlineFPCA-sgd,0.1,11000,100,face,3,5,0.0943427085876465,8,4,0.11792970680767965,0.12068587713496504,0.19106376583298304,0.023396841124126117,0.04744771687188066,0.20258000772416104
11,OnlineFPCA-sgd,0.1,11100,100,face,3,5,0.0970299243927002,8,4,0.16055807392353152,0.1544907199555136,0.21604428748535726,0.02259371585338442,0.04788172604610821,0.20171594100370507
11,OnlineFPCA-sgd,0.1,11200,100,face,3,5,0.0998432636260986,8,4,0.17457097311817635,0.17998922711022172,0.20223125751380253,0.02164537807384402,0.048555869697166715,0.20105980797655565
11,OnlineFPCA-sgd,0.1,11300,100,face,3,5,0.098691463470459,8,4,0.10918268186286581,0.1042059541440497,0.23589766523921066,0.021254284767064396,0.04913580136923787,0.20114629410061927
11,OnlineFPCA-sgd,0.1,11400,100,face,3,5,0.100753307342529,8,4,0.22513506152252757,0.09490649331367731,0.2646442624043994,0.020581351886858733,0.048994631134309914,0.2015558164450348
11,OnlineFPCA-sgd,0.1,11500,100,face,3,5,0.0953412055969238,8,4,0.1988998365109311,0.12018462868008839,0.21554470530040382,0.020425322656644256,0.04813687686340253,0.2017876911755438
11,OnlineFPCA-sgd,0.1,11600,100,face,3,5,0.102938890457153,8,4,0.14730105884481995,0.10535881235470829,0.3491404785335099,0.019943246465757333,0.047300421514971144,0.20288431933775425
11,OnlineFPCA-sgd,0.1,11700,100,face,3,5,0.0951571464538574,8,4,0.12247908383808277,0.11430799545899122,0.3118949355668217,0.01986714471334237,0.0466735740301011,0.20474062189788478
11,OnlineFPCA-sgd,0.1,11800,100,face,3,5,0.101034879684448,8,4,0.16418266069409415,0.12761938027549347,0.27916277051989713,0.018961139362021998,0.04561667656341364,0.20577491154841157
11,OnlineFPCA-sgd,0.1,11900,100,face,3,5,0.0955021381378174,8,4,0.14652480054279174,0.12537117165849568,0.23863800084246106,0.018439741854458836,0.04535220505542623,0.20674071661011065
11,OnlineFPCA-sgd,0.1,12000,100,face,3,5,0.0969209671020508,8,4,0.1270943835628876,0.14417450821366296,0.28885407783728567,0.017999220104412232,0.04518153868872461,0.20734350792188502
11,OnlineFPCA-sgd,0.1,12100,100,face,3,5,0.0979955196380615,8,4,0.17228409328850414,0.09481007696672457,0.2485433059213764,0.017779454586433686,0.04548666541299951,0.20790729469655542
11,OnlineFPCA-sgd,0.1,12200,100,face,3,5,0.0982298851013184,8,4,0.20694129174252396,0.06823981766989577,0.18669950516416575,0.018357669656037284,0.044990237220800075,0.207493512627416
11,OnlineFPCA-sgd,0.1,12300,100,face,3,5,0.100371360778809,8,4,0.15993524334436232,0.12903791139424184,0.23181904974330395,0.01870900159806518,0.04408098063847632,0.20759124679375093
11,OnlineFPCA-sgd,0.1,12400,100,face,3,5,0.0952835083007812,8,4,0.1587513596539183,0.09885743684919143,0.2582262573102279,0.018469307763531777,0.04332963046731746,0.20784868628192832
11,OnlineFPCA-sgd,0.1,12500,100,face,3,5,0.102038621902466,8,4,0.14322366734509523,0.15181535002331548,0.2138856874151171,0.018359702061251995,0.043135505750472786,0.20802953234178098
11,OnlineFPCA-sgd,0.1,12600,100,face,3,5,0.0955173969268799,8,4,0.08980284845507007,0.16847208947491277,0.21013582523644153,0.018575259878897056,0.04266209133552445,0.20787698562829413
11,OnlineFPCA-sgd,0.1,12700,100,face,3,5,0.0995092391967773,8,4,0.0680300402947571,0.18505979224754973,0.27128684040236933,0.017628715635938395,0.042732042877562486,0.20789984004565443
11,OnlineFPCA-sgd,0.1,12800,100,face,3,5,0.09450364112854,8,4,0.182576502547023,0.22467850154220698,0.2782424062135402,0.017642343646792732,0.042743378013545254,0.20823110488244445
11,OnlineFPCA-sgd,0.1,12900,100,face,3,5,0.096829891204834,8,4,0.0926175596687907,0.1857218568893474,0.2709061656955637,0.01686822940448669,0.04265703715384662,0.2085966976471376
11,OnlineFPCA-sgd,0.1,13000,100,face,3,5,0.0969693660736084,8,4,0.20514258411482925,0.10157921443827438,0.3202058635042759,0.016686361615920447,0.04291514635257374,0.20905513617752847
11,OnlineFPCA-sgd,0.1,13100,100,face,3,5,0.0950450897216797,8,4,0.18986913135331734,0.20359428924788098,0.2896420277708405,0.016695231730750135,0.04297178129401215,0.20944686990460595
11,OnlineFPCA-sgd,0.1,13200,100,face,3,5,0.0999600887298584,8,4,0.10775554241165079,0.17574341458005432,0.2462350222943032,0.017029927766294292,0.0423143063702261,0.2094550947961499
11,OnlineFPCA-sgd,0.1,13300,100,face,3,5,0.0934522151947021,8,4,0.14759614045442382,0.1572983906560158,0.2543789299564995,0.01694737733919309,0.04257212126109096,0.20929280359771507
11,OnlineFPCA-sgd,0.1,13400,100,face,3,5,0.100001573562622,8,4,0.20066726515596764,0.16885207083165588,0.3222599316203699,0.01602263571443031,0.04324585490903177,0.20965095725382066
11,OnlineFPCA-sgd,0.1,13500,100,face,3,5,0.0930459499359131,8,4,0.11923579104301535,0.13813647362183484,0.23549940611011264,0.015662070068901274,0.043444718848467144,0.21016208739791367
11,OnlineFPCA-sgd,0.1,13600,100,face,3,5,0.0999288558959961,8,4,0.23570084564794494,0.2824503038160434,0.16832932279268356,0.016474904969286622,0.04367444658048599,0.2098007479311352
11,OnlineFPCA-sgd,0.1,13700,100,face,3,5,0.0936176776885986,8,4,0.1456198283868573,0.15665622534967782,0.18517859701816053,0.016680291394067088,0.04419442792639859,0.2093217687568653
11,OnlineFPCA-sgd,0.1,13800,100,face,3,5,0.0973315238952637,8,4,0.17035610667324355,0.14482849945412313,0.23317909136399437,0.01657578084733711,0.044956938476066466,0.20905866441594173
11,OnlineFPCA-sgd,0.1,13900,100,face,3,5,0.0964651107788086,8,4,0.1400022715799018,0.18954896087632733,0.27327898273263684,0.016822137797817185,0.044886828800001013,0.2090049282224577
11,OnlineFPCA-sgd,0.1,14000,100,face,3,5,0.0959601402282715,8,4,0.2046766566725896,0.10391158961002847,0.22750617848658883,0.017205012485597915,0.04467011519174837,0.2091495362628717
11,OnlineFPCA-sgd,0.1,14100,100,face,3,5,0.100373268127441,8,4,0.24898362767710616,0.2207554953759317,0.19418717251721487,0.01867926459436874,0.044960854267237275,0.2085499137063032
11,OnlineFPCA-sgd,0.1,14200,100,face,3,5,0.0948512554168701,8,4,0.1499008348197812,0.0893313865766708,0.1456296824425217,0.018647060114967508,0.04540643289621494,0.20745352373216774
11,OnlineFPCA-sgd,0.1,14300,100,face,3,5,0.100163698196411,8,4,0.13268768288387725,0.1343875587073162,0.15525010800915895,0.018210007847574,0.04505348238752397,0.2063131284357388
11,OnlineFPCA-sgd,0.1,14400,100,face,3,5,0.0946743488311768,8,4,0.17311296788073402,0.10205507440011131,0.10974396467472805,0.018325774995273127,0.04492886705356568,0.2053440359574347
11,OnlineFPCA-sgd,0.1,14500,100,face,3,5,0.0990355014801025,8,4,0.1478680784442625,0.1578728888851761,0.13484849600147322,0.018265697658154986,0.04484177123352264,0.20457479583123822
11,OnlineFPCA-sgd,0.1,14600,100,face,3,5,0.0936582088470459,8,4,0.045118697010017576,0.13261391281754994,0.16227602181838843,0.018501503988020324,0.04476283113049207,0.2041133065414987
11,OnlineFPCA-sgd,0.1,14700,100,face,3,5,0.0957543849945068,8,4,0.1255600534750222,0.1669564502582939,0.18664769188849625,0.019107841961071608,0.044779461671268415,0.20376125517968321
11,OnlineFPCA-sgd,0.1,14800,100,face,3,5,0.0961170196533203,8,4,0.23980859502598623,0.15567017688116647,0.21731040109522304,0.019448275605622505,0.04473483119211514,0.2035121177138857
11,OnlineFPCA-sgd,0.1,14900,100,face,3,5,0.0974009037017822,8,4,0.1818636161085741,0.12611181949676728,0.20163676038158357,0.01998567917484815,0.04475691350050997,0.2035233282612438
11,OnlineFPCA-sgd,0.1,15000,100,face,3,5,0.0960845947265625,8,4,0.12067718158540428,0.1573906975069233,0.21468328321099714,0.02021065578438568,0.04508430728043381,0.20349475851617876
11,OnlineFPCA-adagrad,0.1,0,100,face,3,5,6.36265110969543,3,1,0.2570427630092802,2.0058491327932266,1.7689521031900395,0.2570427630092802,2.0058491327932266,1.7689521031900395
11,OnlineFPCA-adagrad,0.1,100,100,face,3,5,0.185972690582275,3,1,1.0725119286797733,1.0461690842096045,1.0543022752247297,NA,NA,NA
11,OnlineFPCA-adagrad,0.1,200,100,face,3,5,0.189855337142944,3,1,1.0529169996192342,0.883751709975741,0.8611499116877758,NA,NA,NA
11,OnlineFPCA-adagrad,0.1,300,100,face,3,5,0.188794374465942,3,1,1.0206980555993745,0.8587685147067083,0.8233837581988924,NA,NA,NA
11,OnlineFPCA-adagrad,0.1,400,100,face,3,5,0.189617395401001,3,1,0.6528060802670637,0.7834143952538146,0.8131084879088315,NA,NA,NA
11,OnlineFPCA-adagrad,0.1,500,100,face,3,5,0.188646078109741,3,1,0.4951761853268734,0.6283766437684897,1.0314758486928866,NA,NA,NA
11,OnlineFPCA-adagrad,0.1,600,100,face,3,5,0.190438032150269,3,1,0.49051751387567033,0.6275120892764358,1.0313620436847515,NA,NA,NA
11,OnlineFPCA-adagrad,0.1,700,100,face,3,5,0.189391374588013,3,1,0.4833573265522451,0.6199283893256248,1.0283636705941535,NA,NA,NA
11,OnlineFPCA-adagrad,0.1,800,100,face,3,5,0.189529895782471,3,1,0.46079759176568963,0.5542592338034862,1.0077423019199707,NA,NA,NA
11,OnlineFPCA-adagrad,0.1,900,100,face,3,5,0.188897609710693,3,1,0.4096337078074384,0.5482331249169328,0.7837346807644202,NA,NA,NA
11,OnlineFPCA-adagrad,0.1,1000,100,face,3,5,0.187904834747314,3,1,0.3910619523800906,0.5453401305933593,0.7393879818066923,NA,NA,NA
11,OnlineFPCA-adagrad,0.1,1100,100,face,3,5,0.2708899974823,3,1,1.146551799104615,1.196394010082418,0.33525316025590296,0.5118637375812024,0.5188636266802805,0.34371874854955103
11,OnlineFPCA-adagrad,0.1,1200,100,face,3,5,0.257017612457275,3,1,0.9170151208505524,0.8544812843814383,0.3129071849280527,0.5866191881863836,0.597240568114788,0.30280761083123625
11,OnlineFPCA-adagrad,0.1,1300,100,face,3,5,0.255997180938721,3,1,0.667787196798745,0.6874040437251716,0.3138200551423336,0.6124696025970127,0.6273651320522846,0.29670724823510136
11,OnlineFPCA-adagrad,0.1,1400,100,face,3,5,0.253488302230835,3,1,1.0718792490780884,1.233427023897021,0.8628797846264226,0.5916948290749113,0.6384503388575863,0.3512161190377337
11,OnlineFPCA-adagrad,0.1,1500,100,face,3,5,0.257121324539185,3,1,0.4865597748495377,0.969385400699032,0.8646365246001079,0.5676834767834603,0.6784633808706491,0.4550224722741995
11,OnlineFPCA-adagrad,0.1,1600,100,face,3,5,0.257074594497681,3,1,0.48600252093081386,0.9691512400802201,0.8647704090237048,0.5525104460751479,0.7166168269507449,0.5252941846930141
11,OnlineFPCA-adagrad,0.1,1700,100,face,3,5,0.257238149642944,3,1,0.48541563251453157,0.9689219033578074,0.8648251551865855,0.541926720114693,0.7474677144666193,0.5752218700949134
11,OnlineFPCA-adagrad,0.1,1800,100,face,3,5,0.255681991577148,3,1,0.4846836044159502,0.9686635381023695,0.8648040292710544,0.5341035042048781,0.7721355659802637,0.6123703158767434
11,OnlineFPCA-adagrad,0.1,1900,100,face,3,5,0.257841348648071,3,1,0.4841947642961687,0.9684900163584769,0.86481083779251,0.5280779029354823,0.7920731103523132,0.6410752502536613
11,OnlineFPCA-adagrad,0.1,2000,100,face,3,5,0.255763530731201,3,1,0.48338217171076436,0.9681515497191309,0.8648390454425444,0.5232757546067677,0.8084250256423166,0.6639030209686256
11,OnlineFPCA-adagrad,0.1,2100,100,face,3,5,0.250454664230347,3,1,0.4791792516399047,0.9663407253493584,0.8649424524144166,0.5192192213436074,0.821983054075189,0.6825183977965633
11,OnlineFPCA-adagrad,0.1,2200,100,face,3,5,0.252656221389771,3,1,0.47664451823180576,0.9646607592937138,0.8641144979301073,0.5155535387223783,0.8332175717357692,0.6979170555829136
11,OnlineFPCA-adagrad,0.1,2300,100,face,3,5,0.252837896347046,3,1,0.4731978652706504,0.9635974535488432,0.8643451394658964,0.5122741606318231,0.8427444830857792,0.7108900679705236
11,OnlineFPCA-adagrad,0.1,2400,100,face,3,5,0.249035835266113,3,1,0.467119519639337,0.9607528600436277,0.8652190284063435,0.5091278726075031,0.8508025037569277,0.7220414139143403
11,OnlineFPCA-adagrad,0.1,2500,100,face,3,5,0.391033411026001,3,1,0.4647180664082441,0.9598380212850595,0.8651325336455569,0.5061432933915593,0.8577128762926279,0.7317245630559668
11,OnlineFPCA-adagrad,0.1,2600,100,face,3,5,0.267810583114624,3,1,0.35312174544988095,0.9244449860622618,0.8751284872359446,0.49700875433903413,0.8601402576281513,0.7397558663288091
11,OnlineFPCA-adagrad,0.1,2700,100,face,3,5,0.26828145980835,3,1,0.21135446263108393,0.8764890045469702,0.9110959065051057,0.4818290098885855,0.8610505945661914,0.7494997628305251
11,OnlineFPCA-adagrad,0.1,2800,100,face,3,5,0.267071962356567,3,1,0.19906201146305116,0.8532112779545864,0.9300755087110835,0.4611647298055864,0.8573957198794304,0.7594160915876517
11,OnlineFPCA-adagrad,0.1,2900,100,face,3,5,0.271197080612183,3,1,0.11222309449709905,0.8494510542970201,0.89988715630011,0.4361729694164117,0.8529890061338821,0.7686855369209329
11,OnlineFPCA-adagrad,0.1,3000,100,face,3,5,0.267051696777344,3,1,0.2579668103428206,0.8867439758092858,0.9075043140881008,0.4154839440789662,0.8480104609554916,0.7768086271515062
11,OnlineFPCA-adagrad,0.1,3100,100,face,3,5,0.268860816955566,3,1,0.19629087939918735,0.8944023921799963,0.8305642714871937,0.4029811605288557,0.8439282335231604,0.7819836761754775
11,OnlineFPCA-adagrad,0.1,3200,100,face,3,5,0.267713069915771,3,1,0.15261175491650764,0.9170198177011877,0.8658409257779173,0.38444791781759263,0.8421245761805131,0.7864953759623955
11,OnlineFPCA-adagrad,0.1,3300,100,face,3,5,0.269127607345581,3,1,0.2190674836834615,0.8801493262111078,0.8892816721365989,0.37165598510335546,0.8415764667273861,0.7900918713123676
11,OnlineFPCA-adagrad,0.1,3400,100,face,3,5,0.271621227264404,3,1,0.23347649005843757,0.9286258469061645,0.8596576813965575,0.36020142018823503,0.8417478551806855,0.7937508140975063
11,OnlineFPCA-adagrad,0.1,3500,100,face,3,5,0.266935586929321,3,1,0.14677685716328193,0.8499079245664053,0.8135073985854657,0.3507075451088803,0.8413234067358765,0.7957426375184046
11,OnlineFPCA-adagrad,0.1,3600,100,face,3,5,0.266269445419312,3,1,0.2923141069329865,0.8299459749353973,0.7826266604122172,0.34491790441949105,0.8395258611586464,0.7958443446137782
11,OnlineFPCA-adagrad,0.1,3700,100,face,3,5,0.267910718917847,3,1,0.1399883240980837,0.7671702041501519,0.7681604830195785,0.3363343354913664,0.8356587004460081,0.7956958670645538
11,OnlineFPCA-adagrad,0.1,3800,100,face,3,5,0.274348258972168,3,1,0.1668797851594219,0.7936220106151564,0.7934150133474062,0.32474163817756874,0.8331432848994811,0.796774634838157
11,OnlineFPCA-adagrad,0.1,3900,100,face,3,5,0.270033597946167,3,1,0.14856607458589421,0.8770342281938153,0.7756602704549593,0.31504707169771873,0.8315882410515316,0.7960471355941678
11,OnlineFPCA-adagrad,0.1,4000,100,face,3,5,0.269290208816528,3,1,0.30516859601091145,0.8302338203181039,0.7960820685600715,0.30516859601091145,0.8302338203181039,0.7960820685600715
11,OnlineFPCA-adagrad,0.1,4100,100,face,3,5,0.269574880599976,3,1,0.2925289322074006,0.8083557289672981,0.7427130616430402,0.26808358908681784,0.8185130913587695,0.768284006990891
11,OnlineFPCA-adagrad,0.1,4200,100,face,3,5,0.264851808547974,3,1,0.13090940134231788,0.7134979200054049,0.7571838987019055,0.19166134351142236,0.7726085166583812,0.7450944918656487
11,OnlineFPCA-adagrad,0.1,4300,100,face,3,5,0.26885724067688,3,1,0.1229299229301143,0.7219933136975358,0.7058159168640077,0.14223402811534686,0.748200253278309,0.737562092744886
11,OnlineFPCA-adagrad,0.1,4400,100,face,3,5,0.269369602203369,3,1,0.15120144264326743,0.7177883086281666,0.7229731399718169,0.1145341003145879,0.739091275078218,0.7299719065439446
11,OnlineFPCA-adagrad,0.1,4500,100,face,3,5,0.269373655319214,3,1,0.15049386339257934,0.7338495930204345,0.6857997183698143,0.09774868756789878,0.73048122549349,0.7239933244901474
11,OnlineFPCA-adagrad,0.1,4600,100,face,3,5,0.265504837036133,3,1,0.05889117751116009,0.7554515183395909,0.7050711822905953,0.09071987296937119,0.7273793908272105,0.7216401476036219
11,OnlineFPCA-adagrad,0.1,4700,100,face,3,5,0.269393920898438,3,1,0.11170655243665768,0.7148490705758908,0.7244118430113491,0.08875563167636265,0.7244590313490595,0.7189146937312352
11,OnlineFPCA-adagrad,0.1,4800,100,face,3,5,0.268119096755981,3,1,0.23191167204883847,0.6859720260017287,0.7343911090978327,0.08534702632182338,0.7184496827342567,0.7123757532041248
11,OnlineFPCA-adagrad,0.1,4900,100,face,3,5,0.270864009857178,3,1,0.16820352650046458,0.7084478392068714,0.7605727897432369,0.08551925348731,0.7154937576466799,0.7148579706012894
11,OnlineFPCA-adagrad,0.1,5000,100,face,3,5,0.269495248794556,3,1,0.11696097192489244,0.7424223553719133,0.749797005648488,0.07832721149403689,0.7138095931644576,0.7167645005219366
11,OnlineFPCA-adagrad,0.1,5100,100,face,3,5,0.112270355224609,3,1,0.15153500530437372,0.7281310565107688,0.7016137499639582,0.0667200084328318,0.7137276085905052,0.7170432052908657
11,OnlineFPCA-adagrad,0.1,5200,100,face,3,5,0.105453729629517,3,1,0.09465506940587019,0.6726187547822748,0.6719870618440335,0.05989217266874185,0.7105209458595387,0.7127914690986117
11,OnlineFPCA-adagrad,0.1,5300,100,face,3,5,0.100857496261597,3,1,0.12894115035155518,0.7190873653066983,0.7376446707405891,0.0587527186489257,0.7064989141223772,0.7127179438486465
11,OnlineFPCA-adagrad,0.1,5400,100,face,3,5,0.103993654251099,3,1,0.16309604994860125,0.6790541564802008,0.6983429904750803,0.05532209735654359,0.7027012031620469,0.7124119943346742
11,OnlineFPCA-adagrad,0.1,5500,100,face,3,5,0.106802701950073,3,1,0.09420561680937388,0.654114184354736,0.6489782531008447,0.05261570191651054,0.6984782637486245,0.7093469088854756
11,OnlineFPCA-adagrad,0.1,5600,100,face,3,5,0.107117891311646,3,1,0.11143404445827312,0.6014772799121181,0.6738927782769023,0.04874962686341376,0.6925653254143105,0.7040938012410494
11,OnlineFPCA-adagrad,0.1,5700,100,face,3,5,0.107288122177124,3,1,0.18192133430938687,0.5586844021949986,0.6201015352971774,0.043744250680522456,0.6846317491983733,0.6980502889477078
11,OnlineFPCA-adagrad,0.1,5800,100,face,3,5,0.105333089828491,3,1,0.12812002534262537,0.5073280980889885,0.6036680766042445,0.043030524088115495,0.6742364270881703,0.6908627747349838
11,OnlineFPCA-adagrad,0.1,5900,100,face,3,5,0.102668523788452,3,1,0.12390525821602123,0.5094486754079791,0.5371149992048864,0.04631928558181671,0.6645581299105205,0.6841260883951494
11,OnlineFPCA-adagrad,0.1,6000,100,face,3,5,0.105778932571411,3,1,0.06484238242897673,0.45639069851068925,0.5435606840472653,0.04555985203340177,0.6533464706309486,0.67459922049714
11,OnlineFPCA-adagrad,0.1,6100,100,face,3,5,0.104671716690063,3,1,0.10788356964702425,0.4616199246352241,0.538374051056365,0.043317081829412435,0.6442316943141525,0.6666078716611508
11,OnlineFPCA-adagrad,0.1,6200,100,face,3,5,0.108044624328613,3,1,0.12183475608635637,0.4401528118067198,0.5429044484362284,0.03865742166511571,0.634763279489856,0.6591142802398144
11,OnlineFPCA-adagrad,0.1,6300,100,face,3,5,0.10595440864563,3,1,0.1058091624875712,0.427098825562096,0.4980967030132159,0.035998747412988336,0.6256779507897553,0.6519059632428353
11,OnlineFPCA-adagrad,0.1,6400,100,face,3,5,0.105737686157227,3,1,0.15612834410298576,0.41765458794643484,0.49307548560747455,0.03346861023999991,0.6168155521652402,0.6441546817899009
11,OnlineFPCA-adagrad,0.1,6500,100,face,3,5,0.105910062789917,3,1,0.12518429876528167,0.3517931211624485,0.3672929669511224,0.03262757083679741,0.6061072487013702,0.6340417579132247
11,OnlineFPCA-adagrad,0.1,6600,100,face,3,5,0.10254693031311,3,1,0.104711494566526,0.38642868190826213,0.5384874350179714,0.030229543942543288,0.5951049021450402,0.6237676097983867
11,OnlineFPCA-adagrad,0.1,6700,100,face,3,5,0.104324340820312,3,1,0.10452482164275456,0.32874185248809296,0.49204789284168765,0.02880411922421627,0.584239061904738,0.6155304394856478
11,OnlineFPCA-adagrad,0.1,6800,100,face,3,5,0.106905698776245,3,1,0.13615496128809806,0.32454605276720594,0.4380518990589156,0.026369800821315632,0.5731828841379712,0.6076591359774891
11,OnlineFPCA-adagrad,0.1,6900,100,face,3,5,0.107251882553101,3,1,0.10025950636975613,0.28213190093512824,0.3697589821418031,0.024455780710197113,0.5624347718123126,0.5996796606441039
11,OnlineFPCA-adagrad,0.1,7000,100,face,3,5,0.107282161712646,3,1,0.09511315351375497,0.2957548702059427,0.3890109288026484,0.022972781233450836,0.5511549137609656,0.5896677422603169
11,OnlineFPCA-adagrad,0.1,7100,100,face,3,5,0.105757474899292,3,1,0.11947836137041655,0.23305106717456817,0.33767898250687456,0.02163191923806464,0.5395538669881683,0.5795881610354484
11,OnlineFPCA-adagrad,0.1,7200,100,face,3,5,0.102690696716309,3,1,0.1847559757935379,0.2085134496534513,0.27729346702996044,0.02312645309659845,0.5282119739740052,0.5681152389903896
11,OnlineFPCA-adagrad,0.1,7300,100,face,3,5,0.105291604995728,3,1,0.0994490961521009,0.26454072282087576,0.3411301734965519,0.025021279966297296,0.5176179850293798,0.5587284241512819
11,OnlineFPCA-adagrad,0.1,7400,100,face,3,5,0.104992389678955,3,1,0.11010573801937303,0.19442036460757925,0.37881870413491303,0.024224707588755272,0.507672060640537,0.550349629968685
11,OnlineFPCA-adagrad,0.1,7500,100,face,3,5,0.107587575912476,3,1,0.11874674753885535,0.2609770932171377,0.30589214052265457,0.023514664954449364,0.497252983139095,0.5411154716977019
11,OnlineFPCA-adagrad,0.1,7600,100,face,3,5,0.107165336608887,3,1,0.09039496353762438,0.2389357438211372,0.3186476563356283,0.02354497650185045,0.4869952685224411,0.5315218400439693
11,OnlineFPCA-adagrad,0.1,7700,100,face,3,5,0.104437351226807,3,1,0.0570158724393949,0.18058276976717905,0.3767766088806141,0.021979628274973424,0.4759500751611337,0.5218383495031739
11,OnlineFPCA-adagrad,0.1,7800,100,face,3,5,0.110349655151367,3,1,0.10580724960814464,0.2521068761783485,0.4175504684809689,0.021237780816194967,0.4644937991818759,0.5129505213257713
11,OnlineFPCA-adagrad,0.1,7900,100,face,3,5,0.103470802307129,3,1,0.06391879601857262,0.20298545368920984,0.3789801807239157,0.020025738695290195,0.4539329846560371,0.5045214480643656
11,OnlineFPCA-adagrad,0.1,8000,100,face,3,5,0.104151010513306,3,1,0.17981404779408422,0.15775259421997465,0.4991123132765435,0.019145758669779498,0.443242221025176,0.49636981523836193
11,OnlineFPCA-adagrad,0.1,8100,100,face,3,5,0.106714010238647,3,1,0.16691297101870983,0.2978889334615749,0.4644263939633908,0.019398454454064785,0.4318838892999119,0.48779552352314315
11,OnlineFPCA-adagrad,0.1,8200,100,face,3,5,0.107016563415527,3,1,0.09912580833992117,0.21803082035259563,0.3762841171643867,0.019225657842249107,0.42105999342307865,0.47940001581220587
11,OnlineFPCA-adagrad,0.1,8300,100,face,3,5,0.104291200637817,3,1,0.15813773743701368,0.19574260686089096,0.37834642597523827,0.01890408135795708,0.41104627537468497,0.47104493711368034
11,OnlineFPCA-adagrad,0.1,8400,100,face,3,5,0.103995084762573,3,1,0.1809742224162509,0.19650182452794876,0.4646537210882162,0.018008336037959656,0.40157899996413365,0.46429507819149907
11,OnlineFPCA-adagrad,0.1,8500,100,face,3,5,0.104345321655273,3,1,0.11532291471502061,0.1440464482959078,0.2774003721343007,0.018235334728444744,0.3929347344664449,0.4581541506386855
11,OnlineFPCA-adagrad,0.1,8600,100,face,3,5,0.104870319366455,3,1,0.2109351712097359,0.29109040471926595,0.1839378550465556,0.020640750049130036,0.38458405817597746,0.4505517765764286
11,OnlineFPCA-adagrad,0.1,8700,100,face,3,5,0.104931592941284,3,1,0.11530755267453245,0.14925756873915083,0.1840576366300438,0.021925415602016683,0.3755441665090061,0.4423492270612864
11,OnlineFPCA-adagrad,0.1,8800,100,face,3,5,0.107749700546265,3,1,0.13689369232537513,0.1989900372050365,0.2530062140737856,0.021764484979898233,0.36661691322161555,0.4340424979724585
11,OnlineFPCA-adagrad,0.1,8900,100,face,3,5,0.105676651000977,3,1,0.12032729634095049,0.2866934881262548,0.3070805545653543,0.021903172430795047,0.35941861790436286,0.427195039297199
11,OnlineFPCA-adagrad,0.1,9000,100,face,3,5,0.106052875518799,3,1,0.1584875033180852,0.13209738985254146,0.2541342275510445,0.02251421393761435,0.3524618599234423,0.42098867912702437
11,OnlineFPCA-adagrad,0.1,9100,100,face,3,5,0.115723133087158,3,1,0.21969219966103032,0.2792012850596892,0.23094753336430138,0.02494974280913405,0.34552825101203105,0.4132232694390441
11,OnlineFPCA-adagrad,0.1,9200,100,face,3,5,0.105473756790161,3,1,0.10343653812494429,0.09856791951616348,0.15897283526268485,0.025598199988367994,0.33887406970580375,0.4048595651740159
11,OnlineFPCA-adagrad,0.1,9300,100,face,3,5,0.105772256851196,3,1,0.10523799034050554,0.1816261420063881,0.20974950071590573,0.025315371355915696,0.3333694752092164,0.3977577890292242
11,OnlineFPCA-adagrad,0.1,9400,100,face,3,5,0.105595111846924,3,1,0.11309194166601698,0.12911396691890245,0.1431913586232557,0.02531511596180906,0.3279644934709397,0.39169817397948353
11,OnlineFPCA-adagrad,0.1,9500,100,face,3,5,0.104991912841797,3,1,0.12907215846930212,0.20074335510914093,0.15777891679892264,0.02510567109137118,0.3227322458617638,0.3866479383790423
11,OnlineFPCA-adagrad,0.1,9600,100,face,3,5,0.107106447219849,3,1,0.05997652942194892,0.1795530536489602,0.23466146440238303,0.025489535618236768,0.31765071237985215,0.3824347013347928
11,OnlineFPCA-adagrad,0.1,9700,100,face,3,5,0.104301452636719,3,1,0.09000195385218972,0.23266007889398047,0.24205767110536938,0.026462135092571715,0.31283429096545934,0.3785409164960083
11,OnlineFPCA-adagrad,0.1,9800,100,face,3,5,0.104048013687134,3,1,0.18611814102335733,0.20505530550753842,0.2891494997022134,0.027130224363369645,0.3079076664995465,0.37449227377512967
11,OnlineFPCA-adagrad,0.1,9900,100,face,3,5,0.10425877571106,3,1,0.15183815740149637,0.18018497321186452,0.25213075324458034,0.028220262233014708,0.30282646127444207,0.37114536375123186
11,OnlineFPCA-adagrad,0.1,10000,100,face,3,5,0.105169057846069,3,1,0.0866878530005536,0.20399584458611067,0.26338197061203344,0.028568180813752446,0.2982287035097555,0.367679232665738
11,OnlineFPCA-adagrad,0.1,10100,100,face,3,5,0.105310678482056,3,1,0.10599061977908132,0.16948585574575573,0.1651099125803204,0.028117621339910793,0.2942453682552703,0.36370215499908637
11,OnlineFPCA-adagrad,0.1,10200,100,face,3,5,0.104143619537354,3,1,0.08568135718559061,0.10378220787964758,0.1285716477911032,0.02768107675942284,0.290533227028238,0.35901680131909797
11,OnlineFPCA-adagrad,0.1,10300,100,face,3,5,0.104687452316284,3,1,0.10235643833250266,0.2751896123688592,0.215575134242343,0.027664177380558257,0.28615289217476114,0.3549513783470417
11,OnlineFPCA-adagrad,0.1,10400,100,face,3,5,0.24488377571106,3,1,0.12801450461701264,0.15383811063228914,0.2404724621824988,0.02743370777386393,0.2817460166463429,0.3511243557982167
11,OnlineFPCA-adagrad,0.1,10500,100,face,3,5,0.104525327682495,3,1,0.09000750547757867,0.1804092016955326,0.2157056885085402,0.027332959580484387,0.27816677590108185,0.34804505740281605
11,OnlineFPCA-adagrad,0.1,10600,100,face,3,5,0.104861497879028,3,1,0.09854290537700044,0.09289483353163674,0.2910858919680826,0.027242233856465528,0.2747357620994309,0.34503060523548706
11,OnlineFPCA-adagrad,0.1,10700,100,face,3,5,0.106101512908936,3,1,0.15022677041626448,0.11215105397062401,0.23701649029900088,0.02675252511847245,0.27136901700635835,0.34195408822609313
11,OnlineFPCA-adagrad,0.1,10800,100,face,3,5,0.10447883605957,3,1,0.1238398864691362,0.1934868152664558,0.2764191243697046,0.026698794899445096,0.2677985780415184,0.33894133235502527
11,OnlineFPCA-adagrad,0.1,10900,100,face,3,5,0.106349229812622,3,1,0.09895944069791279,0.18192970205538386,0.26476003502895584,0.02767229868044975,0.2647103160592392,0.33633779729300367
11,OnlineFPCA-adagrad,0.1,11000,100,face,3,5,0.108515024185181,3,1,0.054741811827280336,0.12954049203672874,0.2438515781021091,0.027808346828763226,0.26137883830644987,0.3329193853987722
11,OnlineFPCA-adagrad,0.1,11100,100,face,3,5,0.109261274337769,3,1,0.08955637486815494,0.1616207066634072,0.2580531534236288,0.02731583947293142,0.25838033086056356,0.32995812308629596
11,OnlineFPCA-adagrad,0.1,11200,100,face,3,5,0.106958866119385,3,1,0.09579334884405476,0.1781814748359003,0.24060550284686932,0.026446500470358243,0.2552851996218932,0.3271588262183627
11,OnlineFPCA-adagrad,0.1,11300,100,face,3,5,0.106839895248413,3,1,0.10499254756102036,0.11226565279555716,0.22991706568488643,0.025972937143122873,0.2524015184234509,0.32491977722108806
11,OnlineFPCA-adagrad,0.1,11400,100,face,3,5,0.104199886322021,3,1,0.1295044259860117,0.09769856769023476,0.2801185300616082,0.02539572402317346,0.2496936281748898,0.3230163591776463
11,OnlineFPCA-adagrad,0.1,11500,100,face,3,5,0.106774806976318,3,1,0.10783852063061544,0.12858981276171572,0.20488410635572762,0.025018575178176513,0.2469320216840855,0.32113922187821015
11,OnlineFPCA-adagrad,0.1,11600,100,face,3,5,0.109024286270142,3,1,0.08839607637993803,0.12966167936355502,0.3915114514679383,0.024516919856065012,0.2442467452943292,0.31994210307422244
11,OnlineFPCA-adagrad,0.1,11700,100,face,3,5,0.115909814834595,3,1,0.08727095416880881,0.11296918973751814,0.3526763373439555,0.024238280290731908,0.2414691909402168,0.3194604725903272
11,OnlineFPCA-adagrad,0.1,11800,100,face,3,5,0.106253147125244,3,1,0.10923108097080116,0.13537620589574068,0.3107347795663838,0.023627137287498195,0.2384419949846011,0.31838446914140495
11,OnlineFPCA-adagrad,0.1,11900,100,face,3,5,0.10573935508728,3,1,0.08702090273812398,0.12064476620435187,0.25197124504167195,0.022948308099304707,0.23565635764516282,0.31732142792380497
11,OnlineFPCA-adagrad,0.1,12000,100,face,3,5,0.102394342422485,3,1,0.08415209535818347,0.15367328253551282,0.3175976904597903,0.022250871439436704,0.2329594604411789,0.3157975410589322
11,OnlineFPCA-adagrad,0.1,12100,100,face,3,5,0.105126142501831,3,1,0.1087819572855501,0.11417932587781192,0.27781770253497523,0.02166594041505208,0.23023119758866664,0.31437963480088266
11,OnlineFPCA-adagrad,0.1,12200,100,face,3,5,0.105470895767212,3,1,0.16430301407150996,0.08376626500651575,0.21727964707065853,0.022019191547993852,0.2273174258839977,0.3120708845629251
11,OnlineFPCA-adagrad,0.1,12300,100,face,3,5,0.107908248901367,3,1,0.09559622090682059,0.14242300567245572,0.26011743582700114,0.022422167864106366,0.22444058585785517,0.31030999505659274
11,OnlineFPCA-adagrad,0.1,12400,100,face,3,5,0.108157396316528,3,1,0.1041758974664031,0.08462706404708242,0.30603087529087497,0.02208641234798641,0.22186798309744682,0.3089600943565439
11,OnlineFPCA-adagrad,0.1,12500,100,face,3,5,0.105976343154907,3,1,0.10566403129524389,0.19206222611474022,0.2510025680577298,0.021781466854297413,0.21953505902921178,0.30758492719395775
11,OnlineFPCA-adagrad,0.1,12600,100,face,3,5,0.103200912475586,3,1,0.08404372379567454,0.18667514542615496,0.26749781944871803,0.02187240948759083,0.21736704598788503,0.3060683664795817
11,OnlineFPCA-adagrad,0.1,12700,100,face,3,5,0.106292724609375,3,1,0.05043984856342213,0.18579824473057752,0.34141783633215156,0.021328787592409172,0.21502158259901652,0.3046309965647797
11,OnlineFPCA-adagrad,0.1,12800,100,face,3,5,0.105626106262207,3,1,0.09358342718830581,0.235732494622169,0.362713282764351,0.020944484886287123,0.21238680189599393,0.3035423696124677
11,OnlineFPCA-adagrad,0.1,12900,100,face,3,5,0.108596801757812,3,1,0.05920668516567088,0.1900167120360588,0.3435164451058071,0.02032481138933849,0.20988809329434843,0.3024773051145393
11,OnlineFPCA-adagrad,0.1,13000,100,face,3,5,0.114758491516113,3,1,0.16222017597354255,0.12655870815082176,0.44910156116722244,0.019807018023583423,0.20737676100308933,0.30160170848423057
11,OnlineFPCA-adagrad,0.1,13100,100,face,3,5,0.106346130371094,3,1,0.14436972835337464,0.24085960120672922,0.42734351469726667,0.019899256873646604,0.20466592973100994,0.3006847943373474
11,OnlineFPCA-adagrad,0.1,13200,100,face,3,5,0.105945587158203,3,1,0.07316468140492492,0.19445177981291875,0.3358119756989184,0.01993679512041926,0.20191910775715477,0.2993355959465258
11,OnlineFPCA-adagrad,0.1,13300,100,face,3,5,0.103503227233887,3,1,0.13211080829767946,0.17313855167785677,0.3506381911932977,0.019924205237775643,0.19947883011206533,0.2978641879493551
11,OnlineFPCA-adagrad,0.1,13400,100,face,3,5,0.105672597885132,3,1,0.16290674168080688,0.17409772534665596,0.43090939343628576,0.01962139472111506,0.19720379814908826,0.2970899160141606
11,OnlineFPCA-adagrad,0.1,13500,100,face,3,5,0.105669498443604,3,1,0.10833157939886326,0.12821955576941607,0.2714365512971211,0.01972298930601616,0.1950521396766298,0.29646153969990685
11,OnlineFPCA-adagrad,0.1,13600,100,face,3,5,0.108729124069214,3,1,0.18221158652768815,0.2471769019821971,0.18787292401817313,0.02061352196224886,0.19289801529328074,0.29473093516338256
11,OnlineFPCA-adagrad,0.1,13700,100,face,3,5,0.108982801437378,3,1,0.10766631466546701,0.15922448045235665,0.19947707342984178,0.021188986495576233,0.1904553583618136,0.29272986504157084
11,OnlineFPCA-adagrad,0.1,13800,100,face,3,5,0.106577634811401,3,1,0.11812883261269726,0.17460619324890972,0.2648664568986464,0.02117888990398453,0.18803879584705221,0.29073111131417634
11,OnlineFPCA-adagrad,0.1,13900,100,face,3,5,0.103614807128906,3,1,0.11440788058604444,0.22088903608259808,0.3034075412434033,0.02129437922927425,0.18606368037627516,0.2890699022616296
11,OnlineFPCA-adagrad,0.1,14000,100,face,3,5,0.106249332427979,3,1,0.13919823492559474,0.11915302426477722,0.2570840977988447,0.02159810463703759,0.18410762649737214,0.2876565439343557
11,OnlineFPCA-adagrad,0.1,14100,100,face,3,5,0.107163429260254,3,1,0.20191622022132522,0.25009655648907386,0.23820797315825698,0.022749737864090437,0.18217868877838814,0.28540803527983
11,OnlineFPCA-adagrad,0.1,14200,100,face,3,5,0.109619379043579,3,1,0.09005801292204504,0.0900430015048782,0.1598016791548086,0.023115209986283077,0.18034814942074076,0.2825021427997128
11,OnlineFPCA-adagrad,0.1,14300,100,face,3,5,0.246647596359253,3,1,0.09640880289358186,0.14097429283982105,0.1921027075850839,0.02306284876502557,0.17873999935941812,0.27974166716057575
11,OnlineFPCA-adagrad,0.1,14400,100,face,3,5,0.10749340057373,3,1,0.09561941740832265,0.10314945157266676,0.12990605980308306,0.023079599995695588,0.17716876104866333,0.2775815609812656
11,OnlineFPCA-adagrad,0.1,14500,100,face,3,5,0.104243278503418,3,1,0.11563245112226608,0.16863497739636069,0.1409133917114694,0.022953630033474715,0.17564010936683172,0.2759159118828465
11,OnlineFPCA-adagrad,0.1,14600,100,face,3,5,0.106425046920776,3,1,0.05939441627321644,0.15721383673378742,0.2030825327153177,0.023106482360059213,0.17414973465607692,0.27470635774108654
11,OnlineFPCA-adagrad,0.1,14700,100,face,3,5,0.106955528259277,3,1,0.08403450010827852,0.19494450858623547,0.20399328471651684,0.023605394103021014,0.1727326030656158,0.27360417384704755
11,OnlineFPCA-adagrad,0.1,14800,100,face,3,5,0.106983423233032,3,1,0.16133327304561018,0.18541225550010362,0.2531201984936761,0.024002545896222183,0.17120708303891777,0.2723673702917639
11,OnlineFPCA-adagrad,0.1,14900,100,face,3,5,0.109919786453247,3,1,0.14468377572992883,0.15613952519167218,0.219358146248418,0.024578220093561514,0.1695429025466025,0.2715366546887298
11,OnlineFPCA-adagrad,0.1,15000,100,face,3,5,0.107194900512695,3,1,0.07149685387440323,0.1833364370786022,0.2381866865999134,0.0248815573647646,0.16809262902823427,0.2706262899339551
11,OnlineFPCA-adagrad,0.1,0,100,face,3,5,6.36265110969543,4,1,1.9833449137690444,1.428822454486776,1.5185662068465793,1.9833449137690444,1.428822454486776,1.5185662068465793
11,OnlineFPCA-adagrad,0.1,100,100,face,3,5,0.247307538986206,4,1,1.9040014912643028,1.181884139338115,1.5802947705312484,NA,NA,NA
11,OnlineFPCA-adagrad,0.1,200,100,face,3,5,0.247363328933716,4,1,1.8802510833121655,1.3429202387613555,1.6241708747583095,NA,NA,NA
11,OnlineFPCA-adagrad,0.1,300,100,face,3,5,0.247493505477905,4,1,1.977453387623921,1.2761687326488431,1.7217818964139484,NA,NA,NA
11,OnlineFPCA-adagrad,0.1,400,100,face,3,5,0.24198842048645,4,1,0.8660617794082128,1.7275517336063204,1.5910956718349973,NA,NA,NA
11,OnlineFPCA-adagrad,0.1,500,100,face,3,5,0.244258403778076,4,1,0.581699062134602,1.0102157617708312,1.6909865224053213,NA,NA,NA
11,OnlineFPCA-adagrad,0.1,600,100,face,3,5,0.244740962982178,4,1,0.48098549195238327,1.0845805972604194,1.7017206280188306,NA,NA,NA
11,OnlineFPCA-adagrad,0.1,700,100,face,3,5,0.251683473587036,4,1,0.4675549034364874,1.0859179069875176,1.6978053085172675,NA,NA,NA
11,OnlineFPCA-adagrad,0.1,800,100,face,3,5,0.243469953536987,4,1,0.45526629457985884,1.0891041206181495,1.6898666345435396,NA,NA,NA
11,OnlineFPCA-adagrad,0.1,900,100,face,3,5,0.240166902542114,4,1,0.4345345271419751,1.0878992731879862,1.6692481751374522,NA,NA,NA
11,OnlineFPCA-adagrad,0.1,1000,100,face,3,5,0.241461277008057,4,1,0.39990420595392234,1.0703277814309513,1.649335057536176,NA,NA,NA
11,OnlineFPCA-adagrad,0.1,1100,100,face,3,5,0.332828998565674,4,1,0.2700917283197397,1.0829535285478866,1.5290737562896555,0.242557889349553,1.0623295722482051,1.5953541984338147
11,OnlineFPCA-adagrad,0.1,1200,100,face,3,5,0.332063913345337,4,1,0.6784312736891742,1.2095246713656667,1.363279893020246,0.1908288227604717,1.1110218605525852,1.523561863320551
11,OnlineFPCA-adagrad,0.1,1300,100,face,3,5,0.334748983383179,4,1,0.7331940994155786,0.35870747316775514,0.7892992634695096,0.17240683271664928,0.5417229974432833,1.0294793237964155
11,OnlineFPCA-adagrad,0.1,1400,100,face,3,5,0.32772970199585,4,1,0.12790915622237298,0.3349727299811378,0.3911707016839853,0.1613146327141848,0.29564535712483736,0.7615703549649264
11,OnlineFPCA-adagrad,0.1,1500,100,face,3,5,0.320637464523315,4,1,0.8529537536803449,0.24184345016149134,0.9057187571885734,0.18471433666829476,0.19878931433894437,0.62543255759971
11,OnlineFPCA-adagrad,0.1,1600,100,face,3,5,0.33356761932373,4,1,0.7883374095511598,0.24606427192234614,0.7893629607518693,0.2935613507138044,0.1682797162082915,0.5818192474505178
11,OnlineFPCA-adagrad,0.1,1700,100,face,3,5,0.334542751312256,4,1,0.7865511052064276,0.24561726695069885,0.7866725918248217,0.3698084047237365,0.15486594071406048,0.5716296725484437
11,OnlineFPCA-adagrad,0.1,1800,100,face,3,5,0.339691877365112,4,1,0.7846714779020975,0.24521735338064474,0.7840499055264983,0.42514929374118743,0.15030749985076966,0.5747415160113412
11,OnlineFPCA-adagrad,0.1,1900,100,face,3,5,0.329433441162109,4,1,0.7832000548366621,0.2456206618088127,0.7819309686296846,0.4670812396992466,0.150342947155115,0.5828851810884226
11,OnlineFPCA-adagrad,0.1,2000,100,face,3,5,0.326029062271118,4,1,0.7807879527544369,0.24478501317448764,0.7793475301329872,0.4999695278270375,0.15260270313092122,0.5927321753992704
11,OnlineFPCA-adagrad,0.1,2100,100,face,3,5,0.321617364883423,4,1,0.6521568327485014,0.23687520851289112,0.3964821098760237,0.49375218601289683,0.15740824903627612,0.5729878890572686
11,OnlineFPCA-adagrad,0.1,2200,100,face,3,5,0.324965000152588,4,1,0.21232798474633854,0.2496250341511857,0.3094868656171023,0.4621935266096995,0.15549697575089852,0.5301915199440814
11,OnlineFPCA-adagrad,0.1,2300,100,face,3,5,0.330843687057495,4,1,0.3739605786954755,0.2868957468737246,0.35694069376795134,0.43061400271276734,0.15520575413922463,0.49499877915970486
11,OnlineFPCA-adagrad,0.1,2400,100,face,3,5,0.323826313018799,4,1,0.1861198876146605,0.25441539223061643,0.34944265522516466,0.3994249249687021,0.14560635722873136,0.46608854744022266
11,OnlineFPCA-adagrad,0.1,2500,100,face,3,5,0.332617521286011,4,1,0.19221390367507726,0.23915165548086334,0.2591776254379471,0.3675448904011496,0.13821391314678066,0.4348603743180098
11,OnlineFPCA-adagrad,0.1,2600,100,face,3,5,0.360542297363281,4,1,0.09291993476798649,0.3093290986944881,0.24817766272696995,0.34013105883053796,0.1384106043505719,0.40666452098007394
11,OnlineFPCA-adagrad,0.1,2700,100,face,3,5,0.377262592315674,4,1,0.06958822585888376,0.25256296948816087,0.3017089278887794,0.31591327801799235,0.14063596018950572,0.3818044170837364
11,OnlineFPCA-adagrad,0.1,2800,100,face,3,5,0.360514163970947,4,1,0.10300206170476119,0.2740245748451781,0.3155180132859061,0.29575387971193134,0.14091862108337416,0.3607944769085622
11,OnlineFPCA-adagrad,0.1,2900,100,face,3,5,0.499510288238525,4,1,0.06722497618226936,0.22273906746488348,0.3236948291676234,0.2801190235313469,0.14045708834898668,0.34542536039589744
11,OnlineFPCA-adagrad,0.1,3000,100,face,3,5,0.35111141204834,4,1,0.18888492286880942,0.25378827006406873,0.36564752576992837,0.2683734998762115,0.1379715996397601,0.3347778002488722
11,OnlineFPCA-adagrad,0.1,3100,100,face,3,5,0.34941029548645,4,1,0.16560862807882745,0.36180123132652936,0.32142432570195556,0.25869123632195573,0.13735389439949677,0.3249175405167114
11,OnlineFPCA-adagrad,0.1,3200,100,face,3,5,0.351932048797607,4,1,0.10071947550377289,0.2706032511100093,0.3077132267930743,0.24728974667543632,0.13612959255516704,0.31389834587172993
11,OnlineFPCA-adagrad,0.1,3300,100,face,3,5,0.351311683654785,4,1,0.15110007694880598,0.23880910961951382,0.3249357883717568,0.23409954306921735,0.13711226727222053,0.3017600272486609
11,OnlineFPCA-adagrad,0.1,3400,100,face,3,5,0.354289770126343,4,1,0.18406431505391835,0.2690606627794627,0.4315948625089139,0.21996266434014422,0.13834819915298951,0.29404696588103324
11,OnlineFPCA-adagrad,0.1,3500,100,face,3,5,0.355094909667969,4,1,0.11861935257552247,0.20769991333561008,0.2655391501594464,0.20849046734706494,0.1394364591675212,0.2880426737297141
11,OnlineFPCA-adagrad,0.1,3600,100,face,3,5,0.351517677307129,4,1,0.2336342457099374,0.36532503092030094,0.2000091155157629,0.200552314231974,0.13993463750223487,0.2807019242118709
11,OnlineFPCA-adagrad,0.1,3700,100,face,3,5,0.351813793182373,4,1,0.11288655766826985,0.1389782984672928,0.19768511400392147,0.19507650375107055,0.13760284635862347,0.2760375166696313
11,OnlineFPCA-adagrad,0.1,3800,100,face,3,5,0.351786613464355,4,1,0.15265681690183905,0.21809760748307885,0.24519124446280358,0.18857076103505752,0.1343851468120232,0.271887679146813
11,OnlineFPCA-adagrad,0.1,3900,100,face,3,5,0.36270809173584,4,1,0.12330509213116006,0.3533395881094659,0.3059437171951646,0.18374857661766678,0.13271642096491815,0.26921474597754974
11,OnlineFPCA-adagrad,0.1,4000,100,face,3,5,0.354134082794189,4,1,0.17842221746487744,0.13127622687947513,0.26750856206673834,0.17842221746487744,0.13127622687947513,0.26750856206673834
11,OnlineFPCA-adagrad,0.1,4100,100,face,3,5,0.353207111358643,4,1,0.2763324954630249,0.3242394816432871,0.16955856563373664,0.21242487513801464,0.24296236745162247,0.23693643277580304
11,OnlineFPCA-adagrad,0.1,4200,100,face,3,5,0.348935842514038,4,1,0.11557229285886818,0.15305259418105419,0.33664122224555765,0.13896330124378406,0.1976934353680763,0.18014851431628812
11,OnlineFPCA-adagrad,0.1,4300,100,face,3,5,0.347558259963989,4,1,0.1035020942492573,0.25064654510685824,0.27252134816693036,0.08309830619495233,0.14399008284605128,0.19970227966372925
11,OnlineFPCA-adagrad,0.1,4400,100,face,3,5,0.348914384841919,4,1,0.1494805581555126,0.19640956551536212,0.1627544168786724,0.06204981280053108,0.13080584839103193,0.1711262414322133
11,OnlineFPCA-adagrad,0.1,4500,100,face,3,5,0.351088762283325,4,1,0.1469997258045992,0.2644712988227465,0.17907852421015635,0.055502839911690936,0.1322526677244653,0.12949056443816634
11,OnlineFPCA-adagrad,0.1,4600,100,face,3,5,0.351961135864258,4,1,0.05640805977320194,0.24485215662203377,0.3008024974378452,0.05116682994470691,0.13901123724108194,0.12714233192895177
11,OnlineFPCA-adagrad,0.1,4700,100,face,3,5,0.348311901092529,4,1,0.11174185779853507,0.33709675142471335,0.3631582836054984,0.05430056843328392,0.1433833703345881,0.14281924642737684
11,OnlineFPCA-adagrad,0.1,4800,100,face,3,5,0.348679780960083,4,1,0.24126846496824197,0.2501206026680387,0.3830321746722512,0.051055547176860956,0.14665113412130865,0.16267463041514055
11,OnlineFPCA-adagrad,0.1,4900,100,face,3,5,0.358921766281128,4,1,0.17075967731385666,0.242370474170075,0.3368268430218261,0.05464204719900878,0.142294385853064,0.18104460634763456
11,OnlineFPCA-adagrad,0.1,5000,100,face,3,5,0.34778904914856,4,1,0.1230681205120805,0.24071344072810524,0.3087040873281732,0.051900924553873073,0.14155435229432795,0.19294900405555504
11,OnlineFPCA-adagrad,0.1,5100,100,face,3,5,0.10335898399353,4,1,0.144151678902067,0.23268370240511613,0.19407923228516546,0.04628463612918153,0.14018669736420294,0.19210709578009663
11,OnlineFPCA-adagrad,0.1,5200,100,face,3,5,0.104592323303223,4,1,0.10022917872440351,0.13996794022833095,0.1639934851885035,0.04188549933418628,0.13658957445958,0.18305511617250309
11,OnlineFPCA-adagrad,0.1,5300,100,face,3,5,0.103936433792114,4,1,0.13076733193257303,0.35084279499759735,0.2499150413329875,0.04183168816215531,0.12973159323520178,0.18007245251982235
11,OnlineFPCA-adagrad,0.1,5400,100,face,3,5,0.101763486862183,4,1,0.1602990789074498,0.15592215669852805,0.2764205976486594,0.04021393086203389,0.12147987598057067,0.17987251845243246
11,OnlineFPCA-adagrad,0.1,5500,100,face,3,5,0.104877233505249,4,1,0.10018371282764213,0.20714670122633472,0.25175708663286905,0.0391240204259194,0.11730727193260644,0.18296260112770954
11,OnlineFPCA-adagrad,0.1,5600,100,face,3,5,0.107648849487305,4,1,0.11452474147227298,0.10950636995228512,0.3555949728877601,0.03982022234059012,0.11389509378150198,0.1868788365095768
11,OnlineFPCA-adagrad,0.1,5700,100,face,3,5,0.104270458221436,4,1,0.18414119127857576,0.14160587370463704,0.26981949680706296,0.03800471462253896,0.11029701470086843,0.1880983584950937
11,OnlineFPCA-adagrad,0.1,5800,100,face,3,5,0.104171514511108,4,1,0.12668403347644908,0.22394290500744232,0.30969258580008485,0.03983252440531231,0.10723773109561899,0.19019299161757175
11,OnlineFPCA-adagrad,0.1,5900,100,face,3,5,0.104521989822388,4,1,0.10875391903786011,0.21288151962905788,0.2917816124007962,0.04328868128862101,0.10819716677109976,0.19216403526046824
11,OnlineFPCA-adagrad,0.1,6000,100,face,3,5,0.102981805801392,4,1,0.06016788888802551,0.13714596671593599,0.2759603659023099,0.04198008941359215,0.10725231935966308,0.1898290609666565
11,OnlineFPCA-adagrad,0.1,6100,100,face,3,5,0.103054285049438,4,1,0.11204653295497911,0.17921127328680284,0.2956694694075452,0.03815478609424518,0.10732720120023939,0.18998452585081008
11,OnlineFPCA-adagrad,0.1,6200,100,face,3,5,0.103491544723511,4,1,0.11707314747344416,0.20401665031486435,0.27950380940732783,0.03343050628404965,0.10773019269902219,0.1913357780656317
11,OnlineFPCA-adagrad,0.1,6300,100,face,3,5,0.10368275642395,4,1,0.11430602723702717,0.12491505474944134,0.25978402544411044,0.03265728376437161,0.10800735633126118,0.19456801468959709
11,OnlineFPCA-adagrad,0.1,6400,100,face,3,5,0.104020595550537,4,1,0.16046206181105013,0.1196717764145219,0.31849410495162234,0.030276551755076035,0.10579923368763136,0.19724262881881827
11,OnlineFPCA-adagrad,0.1,6500,100,face,3,5,0.104712724685669,4,1,0.12898373589882528,0.14831380446545842,0.23473508940815943,0.029171720908233584,0.10164406194699571,0.19906885793102377
11,OnlineFPCA-adagrad,0.1,6600,100,face,3,5,0.103640079498291,4,1,0.10401931804525275,0.14357552066038567,0.4759571743396311,0.02775104756711885,0.09886653172209434,0.20434035708643447
11,OnlineFPCA-adagrad,0.1,6700,100,face,3,5,0.104730606079102,4,1,0.10258611668557836,0.14050144403012194,0.39142410099934094,0.028181185775380205,0.0963027527672954,0.21233950212046324
11,OnlineFPCA-adagrad,0.1,6800,100,face,3,5,0.103730916976929,4,1,0.1286536402338676,0.1633878001540425,0.3367137981441685,0.02609023356800378,0.09152962248920238,0.21617895119740888
11,OnlineFPCA-adagrad,0.1,6900,100,face,3,5,0.104563474655151,4,1,0.09964235053990407,0.13241533171452619,0.2540952603177092,0.024987024641759118,0.08886205193307319,0.21894168217843554
11,OnlineFPCA-adagrad,0.1,7000,100,face,3,5,0.104052782058716,4,1,0.09209712966944837,0.17655962810090955,0.35565404662848155,0.025003583833940263,0.08716247284041995,0.21985764683818007
11,OnlineFPCA-adagrad,0.1,7100,100,face,3,5,0.106460094451904,4,1,0.1255985518430553,0.1191009944543653,0.286191697350997,0.024370812790237062,0.08533886705494485,0.22119231821174976
11,OnlineFPCA-adagrad,0.1,7200,100,face,3,5,0.104459047317505,4,1,0.18348960516359714,0.09216626405469891,0.2261558538173658,0.025694773985599283,0.08154570027674084,0.2181826563202318
11,OnlineFPCA-adagrad,0.1,7300,100,face,3,5,0.104147672653198,4,1,0.10312793347327094,0.1693151467091309,0.2696358925083599,0.0267939959630856,0.07683392307452232,0.21795812616143623
11,OnlineFPCA-adagrad,0.1,7400,100,face,3,5,0.107215166091919,4,1,0.1179754104034948,0.09937840778722619,0.3328927458388916,0.02674088268156998,0.07406549318070142,0.21832538720699382
11,OnlineFPCA-adagrad,0.1,7500,100,face,3,5,0.102084398269653,4,1,0.12009482537883533,0.22761706043187374,0.2703879641775806,0.02656935051302089,0.07188640915469312,0.2182098370827074
11,OnlineFPCA-adagrad,0.1,7600,100,face,3,5,0.104282379150391,4,1,0.09120673153544791,0.21106000532882438,0.2973445155148211,0.026376859011643498,0.06865680742961829,0.2170149285320316
11,OnlineFPCA-adagrad,0.1,7700,100,face,3,5,0.10607385635376,4,1,0.05830878747596365,0.20416823767873954,0.378914890607335,0.024370792986078242,0.06640226167699095,0.2168219468145028
11,OnlineFPCA-adagrad,0.1,7800,100,face,3,5,0.104090929031372,4,1,0.10974659967576582,0.26096415728924294,0.4106686091634041,0.023697640409636827,0.06358204245190757,0.21806718407331124
11,OnlineFPCA-adagrad,0.1,7900,100,face,3,5,0.112442255020142,4,1,0.06626017542807712,0.2138937469605323,0.3670135517518576,0.023077972097141408,0.06130647357046173,0.21921091435170595
11,OnlineFPCA-adagrad,0.1,8000,100,face,3,5,0.103518486022949,4,1,0.17618971866920716,0.1544038432460875,0.5123290264071093,0.022635071572815257,0.05974745673426586,0.2212623351413868
11,OnlineFPCA-adagrad,0.1,8100,100,face,3,5,0.103362083435059,4,1,0.16553054694063957,0.28907270950634256,0.48471961156763615,0.02233740838439974,0.05806268294838079,0.22385525057655548
11,OnlineFPCA-adagrad,0.1,8200,100,face,3,5,0.103045701980591,4,1,0.10749474449403668,0.21499010274719013,0.3878963114132267,0.02199049029485143,0.055943590244581766,0.2250525907781661
11,OnlineFPCA-adagrad,0.1,8300,100,face,3,5,0.102705240249634,4,1,0.16763897713569048,0.20112044268049456,0.3889730069296632,0.02069025358093273,0.05581589915508894,0.2256090937744241
11,OnlineFPCA-adagrad,0.1,8400,100,face,3,5,0.100717067718506,4,1,0.18663329081424201,0.19262864346304323,0.47772636498651816,0.01826679142908861,0.05655821236483022,0.22841126129793687
11,OnlineFPCA-adagrad,0.1,8500,100,face,3,5,0.106034517288208,4,1,0.11512784215991434,0.14172608939764136,0.2678627511916069,0.0171395405947751,0.056018160627096414,0.23086365163227907
11,OnlineFPCA-adagrad,0.1,8600,100,face,3,5,0.103358745574951,4,1,0.21023506676001008,0.2940515013554934,0.1747818978995323,0.018523156314092706,0.055362698366537254,0.22908646872695504
11,OnlineFPCA-adagrad,0.1,8700,100,face,3,5,0.103649377822876,4,1,0.1197739759185949,0.18385015852522768,0.19743259162701943,0.019422200227136633,0.05462421373141715,0.226778801508053
11,OnlineFPCA-adagrad,0.1,8800,100,face,3,5,0.103426933288574,4,1,0.13748527329525004,0.20721034678879502,0.2606368201109656,0.01922669449653038,0.054262462078331165,0.2250973984850825
11,OnlineFPCA-adagrad,0.1,8900,100,face,3,5,0.234694004058838,4,1,0.12142179110646682,0.27325738955739354,0.3256283810732827,0.01957836071144298,0.0530025198982312,0.2241586174392599
11,OnlineFPCA-adagrad,0.1,9000,100,face,3,5,0.102510213851929,4,1,0.15824749963407392,0.13381103564857544,0.2625252579721817,0.020282553818608214,0.052206423289615195,0.22430609030079338
11,OnlineFPCA-adagrad,0.1,9100,100,face,3,5,0.104475736618042,4,1,0.21932265320745264,0.2744417506825148,0.2560518200829782,0.023026720665162016,0.05238389211129107,0.22207028805424425
11,OnlineFPCA-adagrad,0.1,9200,100,face,3,5,0.103031873703003,4,1,0.10652517572747751,0.09950063571296835,0.17561457687782822,0.02343423423977843,0.05296060251398036,0.21763558897161092
11,OnlineFPCA-adagrad,0.1,9300,100,face,3,5,0.103102445602417,4,1,0.1059997601226042,0.16991348740128628,0.20320425264501762,0.022969536586631235,0.0517022519702382,0.2132181199814614
11,OnlineFPCA-adagrad,0.1,9400,100,face,3,5,0.103340148925781,4,1,0.11273979474415251,0.12480090732059047,0.14202116438278176,0.02287066473203817,0.05119701007874748,0.21065115283002403
11,OnlineFPCA-adagrad,0.1,9500,100,face,3,5,0.101162195205688,4,1,0.13028901954855904,0.19643717086664067,0.15740573770586894,0.022597937107144753,0.05103815079116877,0.20920004906883385
11,OnlineFPCA-adagrad,0.1,9600,100,face,3,5,0.106604337692261,4,1,0.05987806146835671,0.17474410897154427,0.24057438312473298,0.022896660810391652,0.05113970559918117,0.20904718002828082
11,OnlineFPCA-adagrad,0.1,9700,100,face,3,5,0.10434365272522,4,1,0.0906536930982119,0.2259825183483618,0.24184933020256894,0.02389570823212,0.05119591196198974,0.20888735011779136
11,OnlineFPCA-adagrad,0.1,9800,100,face,3,5,0.10415506362915,4,1,0.18634775766552916,0.20535888987003095,0.2930544161372666,0.024502911936683795,0.050795239090864114,0.20860957598548663
11,OnlineFPCA-adagrad,0.1,9900,100,face,3,5,0.113905191421509,4,1,0.15199451543154155,0.17762496407419778,0.24524885194030238,0.025462937155132377,0.05011510090997984,0.20935354683373117
11,OnlineFPCA-adagrad,0.1,10000,100,face,3,5,0.105047702789307,4,1,0.08701934946987744,0.19686101350425797,0.2571480461482405,0.02588647583603046,0.050413589905538125,0.20969564949740885
11,OnlineFPCA-adagrad,0.1,10100,100,face,3,5,0.104478120803833,4,1,0.10493373199391982,0.15065843874763465,0.1577774333223085,0.02569458785950023,0.05103899080842958,0.20864330578135556
11,OnlineFPCA-adagrad,0.1,10200,100,face,3,5,0.104192972183228,4,1,0.08475275252175764,0.08125225367303059,0.11293696801569297,0.025417302595458945,0.05129930932510137,0.2061372536734554
11,OnlineFPCA-adagrad,0.1,10300,100,face,3,5,0.104483842849731,4,1,0.10155879577537544,0.27051184936396094,0.2030397940486613,0.025493687095756733,0.05117256168431076,0.204846862753578
11,OnlineFPCA-adagrad,0.1,10400,100,face,3,5,0.105135440826416,4,1,0.12698676834288997,0.14569241533264984,0.23159312171504975,0.025367258737582738,0.050178385313464996,0.20385633957819815
11,OnlineFPCA-adagrad,0.1,10500,100,face,3,5,0.10412859916687,4,1,0.08988428530047761,0.16617692846384324,0.20773846895694859,0.025405416277463032,0.04939676553538995,0.20333098381514786
11,OnlineFPCA-adagrad,0.1,10600,100,face,3,5,0.104950189590454,4,1,0.09850578174810269,0.07687994943001686,0.2820686225311835,0.025568471097208532,0.04873525810470551,0.2028014062844542
11,OnlineFPCA-adagrad,0.1,10700,100,face,3,5,0.104775905609131,4,1,0.15031329217317657,0.10742906634070847,0.2311051076841191,0.02530337182641268,0.048464770399078594,0.20178519222363514
11,OnlineFPCA-adagrad,0.1,10800,100,face,3,5,0.104678630828857,4,1,0.12315364762461088,0.19422445091756818,0.2725013472064665,0.025498961983865632,0.04917174456584699,0.2011037561817093
11,OnlineFPCA-adagrad,0.1,10900,100,face,3,5,0.105856418609619,4,1,0.09784092247157344,0.17995983077594754,0.26044219329104645,0.026610966505830613,0.05097963314686057,0.20054210456861837
11,OnlineFPCA-adagrad,0.1,11000,100,face,3,5,0.105456829071045,4,1,0.05406821116510269,0.1287064344759606,0.24166817216040082,0.026754909364599434,0.05150689295908791,0.19880238718287013
11,OnlineFPCA-adagrad,0.1,11100,100,face,3,5,0.106410503387451,4,1,0.09076872057972171,0.1607505567031255,0.25598549514063335,0.026122911013178686,0.05190922052547351,0.1975387753202101
11,OnlineFPCA-adagrad,0.1,11200,100,face,3,5,0.104456186294556,4,1,0.09553093495850142,0.1767622013681571,0.23565992208977296,0.025222025006214687,0.052387071013780845,0.19663327361513705
11,OnlineFPCA-adagrad,0.1,11300,100,face,3,5,0.104232311248779,4,1,0.10481652326738389,0.10793569235937342,0.22564178926766423,0.024925852519903244,0.05306008739065123,0.19658203582245629
11,OnlineFPCA-adagrad,0.1,11400,100,face,3,5,0.104958295822144,4,1,0.13032375654040781,0.09005165774209448,0.2788734091858737,0.024376892004395592,0.05302792258491066,0.19696659936785227
11,OnlineFPCA-adagrad,0.1,11500,100,face,3,5,0.104033708572388,4,1,0.10774792399936345,0.12384678170199373,0.20535966027980104,0.023977552530274063,0.0522215946378145,0.1974489857660204
11,OnlineFPCA-adagrad,0.1,11600,100,face,3,5,0.101530313491821,4,1,0.08780704954908483,0.11913737110112527,0.39647354277917957,0.023581179950202716,0.0516989322617171,0.1990844381175713
11,OnlineFPCA-adagrad,0.1,11700,100,face,3,5,0.104458093643188,4,1,0.08731522795153325,0.1059543039578648,0.35212694605870254,0.023482772127160316,0.05092091948577083,0.20160365009712733
11,OnlineFPCA-adagrad,0.1,11800,100,face,3,5,0.104541063308716,4,1,0.10867962969259276,0.1301100484651926,0.30880433786249467,0.022880869944988457,0.04935832609802411,0.20294913889893612
11,OnlineFPCA-adagrad,0.1,11900,100,face,3,5,0.106173992156982,4,1,0.08672990494858424,0.11787501976914704,0.24858293497123063,0.022266383938265123,0.0485472474218996,0.20413438633722167
11,OnlineFPCA-adagrad,0.1,12000,100,face,3,5,0.105586290359497,4,1,0.08318142824222359,0.14915125684593014,0.3208170076509446,0.021750470944348958,0.048240171809416886,0.20490857186306258
11,OnlineFPCA-adagrad,0.1,12100,100,face,3,5,0.102599143981934,4,1,0.10981819656560074,0.11308607807933982,0.2792581051276191,0.021309354404651707,0.04839847981434059,0.2059796750825357
11,OnlineFPCA-adagrad,0.1,12200,100,face,3,5,0.102294445037842,4,1,0.164218595965312,0.0827387998434879,0.21864889336362334,0.021736887405162067,0.04780330072378797,0.20574340528114266
11,OnlineFPCA-adagrad,0.1,12300,100,face,3,5,0.104212999343872,4,1,0.09583349413600287,0.1395598985853008,0.2596378008997512,0.0221037333315162,0.0465535461600165,0.20614507238696184
11,OnlineFPCA-adagrad,0.1,12400,100,face,3,5,0.101694822311401,4,1,0.10480818308378874,0.08166343218112741,0.3066286038971655,0.021911336542537064,0.04547630548750016,0.20671714130674448
11,OnlineFPCA-adagrad,0.1,12500,100,face,3,5,0.101126909255981,4,1,0.10582283489713071,0.18860759712315933,0.2501896272390023,0.021745316475830178,0.04516381271512158,0.20723429731554963
11,OnlineFPCA-adagrad,0.1,12600,100,face,3,5,0.101025104522705,4,1,0.08442403267453101,0.18410956394155994,0.26806252693772775,0.021847165570504753,0.044747718948659504,0.20742604655732455
11,OnlineFPCA-adagrad,0.1,12700,100,face,3,5,0.100891590118408,4,1,0.05129011784069815,0.1872019957826906,0.3448616316372903,0.02123302012152909,0.044752662469047674,0.20788804588229454
11,OnlineFPCA-adagrad,0.1,12800,100,face,3,5,0.101325750350952,4,1,0.09375383506001375,0.23608898852146432,0.3664030126137833,0.020869586402287966,0.04461688106090347,0.20890572032393823
11,OnlineFPCA-adagrad,0.1,12900,100,face,3,5,0.104501724243164,4,1,0.05930950411125099,0.19179129375974588,0.34457453333167115,0.02034108882421521,0.044208259409013656,0.20982552699284276
11,OnlineFPCA-adagrad,0.1,13000,100,face,3,5,0.101750373840332,4,1,0.162126998994114,0.12694815495617057,0.45607258673972323,0.019898326643734702,0.0441582536247815,0.21103165691634546
11,OnlineFPCA-adagrad,0.1,13100,100,face,3,5,0.101924419403076,4,1,0.14415601437952263,0.23783473474990205,0.4344885775751903,0.019948496502520858,0.04433517130207232,0.21243833701500392
11,OnlineFPCA-adagrad,0.1,13200,100,face,3,5,0.104827404022217,4,1,0.07619643132640044,0.19359904033122666,0.34030687241630164,0.01998330832624371,0.044124827748428595,0.21313164096123588
11,OnlineFPCA-adagrad,0.1,13300,100,face,3,5,0.102025508880615,4,1,0.1351081378196059,0.17460528684801668,0.3554086743805453,0.01982760163890193,0.04474821248786515,0.21359485901687353
11,OnlineFPCA-adagrad,0.1,13400,100,face,3,5,0.101933002471924,4,1,0.16468090410675,0.1743540153943888,0.43701358288149517,0.019247546475503294,0.04572802255839292,0.21488903124960612
11,OnlineFPCA-adagrad,0.1,13500,100,face,3,5,0.104500293731689,4,1,0.1080587750927057,0.129926348391217,0.27051318967714527,0.01910574000656985,0.04615751713730284,0.21615906914177072
11,OnlineFPCA-adagrad,0.1,13600,100,face,3,5,0.101951599121094,4,1,0.18186653157141602,0.24834729693443028,0.18600171569167698,0.019814322071820736,0.04653127028186393,0.21577980591253942
11,OnlineFPCA-adagrad,0.1,13700,100,face,3,5,0.0993306636810303,4,1,0.10845883353039645,0.16891414267727561,0.20311963507255582,0.020313841963134835,0.04697650247206,0.21520988009367195
11,OnlineFPCA-adagrad,0.1,13800,100,face,3,5,0.102068662643433,4,1,0.11812197125209997,0.17779384261371084,0.2695223965922294,0.020281557495109192,0.04755216055896033,0.21482534731357694
11,OnlineFPCA-adagrad,0.1,13900,100,face,3,5,0.102817535400391,4,1,0.11456811705050847,0.2173311173132943,0.3123235719345521,0.020422454372551795,0.04750514794396174,0.21458624388123426
11,OnlineFPCA-adagrad,0.1,14000,100,face,3,5,0.102200031280518,4,1,0.13889665655976063,0.12304562304869307,0.26270288023448146,0.02072815438645355,0.04743645340671442,0.2147064346377124
11,OnlineFPCA-adagrad,0.1,14100,100,face,3,5,0.10203218460083,4,1,0.20162394114851126,0.2493425653086709,0.2499327270486887,0.02193423945076838,0.047787822441667883,0.2138571870355133
11,OnlineFPCA-adagrad,0.1,14200,100,face,3,5,0.102839708328247,4,1,0.09128554114269628,0.09604602419362424,0.17025384347633285,0.022237112507701398,0.04837665693493804,0.21198146307929572
11,OnlineFPCA-adagrad,0.1,14300,100,face,3,5,0.102966070175171,4,1,0.09669454140785028,0.13945446877265225,0.19298912810142985,0.022138248924000934,0.048000511405452785,0.20984867997015208
11,OnlineFPCA-adagrad,0.1,14400,100,face,3,5,0.104761600494385,4,1,0.09541316753521485,0.1048416167133241,0.1323362707904773,0.022121530132229728,0.047945804918242206,0.20851235919373476
11,OnlineFPCA-adagrad,0.1,14500,100,face,3,5,0.104090929031372,4,1,0.1160849873591704,0.16867035829394472,0.14263577603303612,0.02196523547383824,0.047945601027769985,0.20767248673020144
11,OnlineFPCA-adagrad,0.1,14600,100,face,3,5,0.104295253753662,4,1,0.059434002860845554,0.15770931805198166,0.20744360307460136,0.022085791142630776,0.048040149680236344,0.2073981834880055
11,OnlineFPCA-adagrad,0.1,14700,100,face,3,5,0.10322642326355,4,1,0.08422338230314447,0.19312139256849867,0.20508967186545632,0.02257625245745372,0.04812575372734261,0.2071493221955332
11,OnlineFPCA-adagrad,0.1,14800,100,face,3,5,0.10090184211731,4,1,0.16151776292998177,0.18539240039825028,0.25583843531956196,0.022951816366751324,0.04800638319452533,0.20678511457051438
11,OnlineFPCA-adagrad,0.1,14900,100,face,3,5,0.104647159576416,4,1,0.14481662912050125,0.15584157540804863,0.2182326328001389,0.023471100607494032,0.04776455055562094,0.2069464459619421
11,OnlineFPCA-adagrad,0.1,15000,100,face,3,5,0.105250358581543,4,1,0.07173951929911852,0.1821877456253878,0.23737262500005304,0.023777020927582757,0.047976766082317615,0.2069932759865188
11,OnlineFPCA-adagrad,0.1,0,100,face,3,5,6.36265110969543,4,2,0.2570427630092802,0.2971411168619065,1.7689521031900395,0.2570427630092802,0.2971411168619065,1.7689521031900395
11,OnlineFPCA-adagrad,0.1,100,100,face,3,5,0.242599725723267,4,2,0.9592343482230314,0.8800526017566725,1.6942496203157293,NA,NA,NA
11,OnlineFPCA-adagrad,0.1,200,100,face,3,5,0.239402294158936,4,2,0.9714815757680618,0.9960988813598985,1.9636098611803907,NA,NA,NA
11,OnlineFPCA-adagrad,0.1,300,100,face,3,5,0.236762285232544,4,2,0.47909075137279755,1.6908682937303694,1.1380389863954106,NA,NA,NA
11,OnlineFPCA-adagrad,0.1,400,100,face,3,5,0.237264633178711,4,2,0.8662266680208416,0.7630364356138537,0.8358285645645219,NA,NA,NA
11,OnlineFPCA-adagrad,0.1,500,100,face,3,5,0.237276554107666,4,2,0.507158336258456,0.7981932913381784,0.8885800254882098,NA,NA,NA
11,OnlineFPCA-adagrad,0.1,600,100,face,3,5,0.238942861557007,4,2,0.4897205590149794,0.7961911627856925,0.8896377936278314,NA,NA,NA
11,OnlineFPCA-adagrad,0.1,700,100,face,3,5,0.239827394485474,4,2,0.4091286923860459,0.871604842378157,0.9672854569937971,NA,NA,NA
11,OnlineFPCA-adagrad,0.1,800,100,face,3,5,0.244577169418335,4,2,0.39214529952178157,0.8689579676402118,0.956144985293017,NA,NA,NA
11,OnlineFPCA-adagrad,0.1,900,100,face,3,5,0.240789175033569,4,2,0.3590618925406562,0.8657948099101841,0.9183609842834451,NA,NA,NA
11,OnlineFPCA-adagrad,0.1,1000,100,face,3,5,0.236327648162842,4,2,0.32079771364913856,0.8690507681638303,0.8560684971854158,NA,NA,NA
11,OnlineFPCA-adagrad,0.1,1100,100,face,3,5,0.32127571105957,4,2,0.13594061002313942,0.5591619831520522,0.7301275259861398,0.19557760698840393,0.7102547942840369,0.7786964819818485
11,OnlineFPCA-adagrad,0.1,1200,100,face,3,5,0.327138662338257,4,2,0.08793728514210913,0.4901665167748576,0.7119485154427868,0.15013306004774848,0.620474569903719,0.7514207565066254
11,OnlineFPCA-adagrad,0.1,1300,100,face,3,5,0.327288627624512,4,2,0.06314213924994842,0.2826942464059379,0.5430603438437259,0.12462885176714018,0.5368455310423997,0.7050663363330587
11,OnlineFPCA-adagrad,0.1,1400,100,face,3,5,0.327839612960815,4,2,0.8908555812524883,1.0854451763280286,0.9156557147046825,0.11823911293035343,0.39574611850358066,0.6292990859076526
11,OnlineFPCA-adagrad,0.1,1500,100,face,3,5,0.326538801193237,4,2,0.8950220405086892,1.0998197885632386,0.8700832667439437,0.12264334154110926,0.3645299099429731,0.6275734944548205
11,OnlineFPCA-adagrad,0.1,1600,100,face,3,5,0.326685905456543,4,2,0.19689319823238624,0.8631777641020824,0.8721511240130445,0.13450058344132432,0.4149769759354083,0.6351804710254254
11,OnlineFPCA-adagrad,0.1,1700,100,face,3,5,0.32003927230835,4,2,0.17882793809286163,0.8610969475403305,0.8703123412460745,0.12680440374771612,0.46667261297144386,0.647641536221216
11,OnlineFPCA-adagrad,0.1,1800,100,face,3,5,0.329437971115112,4,2,0.17852706354791886,0.8618893337260481,0.8699422699319362,0.12914526299828982,0.5112922415957885,0.6620778551623395
11,OnlineFPCA-adagrad,0.1,1900,100,face,3,5,0.328815221786499,4,2,0.17824621175044597,0.8626972953695575,0.8696538801976448,0.13189220404550597,0.5479323919510848,0.6759072293095303
11,OnlineFPCA-adagrad,0.1,2000,100,face,3,5,0.330251455307007,4,2,0.17771769017057384,0.863998202752922,0.8692949277410567,0.13452420656422076,0.5780339478694958,0.6884435396806458
11,OnlineFPCA-adagrad,0.1,2100,100,face,3,5,0.315033435821533,4,2,0.3675137557151135,1.2062595409550572,1.2319215661021004,0.1391896616354203,0.6450760644095771,0.7414185488323114
11,OnlineFPCA-adagrad,0.1,2200,100,face,3,5,0.33076024055481,4,2,0.09849322088380859,0.8594372114991486,0.868746154711454,0.13100083764745818,0.6235074036640779,0.7113526285264078
11,OnlineFPCA-adagrad,0.1,2300,100,face,3,5,0.320478200912476,4,2,0.10104461798572617,0.8586719106639348,0.8684015512239112,0.1258329142057604,0.6409783322573728,0.7208192320151462
11,OnlineFPCA-adagrad,0.1,2400,100,face,3,5,0.323553085327148,4,2,0.06507821967587309,0.8437439900427901,0.8552463599506096,0.11872345554403073,0.6554103212449021,0.7282700597426371
11,OnlineFPCA-adagrad,0.1,2500,100,face,3,5,0.318825244903564,4,2,0.0826710049652018,0.833408265527017,0.8374447410190059,0.11147273784591881,0.6672167109397059,0.7338540024525328
11,OnlineFPCA-adagrad,0.1,2600,100,face,3,5,0.346939086914062,4,2,0.06371530952352422,0.8038821343681198,0.8044253217995546,0.1065926671536765,0.6757636440111695,0.7370296819604137
11,OnlineFPCA-adagrad,0.1,2700,100,face,3,5,0.350672006607056,4,2,0.05524620123691204,0.8100289198469407,0.8257066677375638,0.10319995264697127,0.685473896005329,0.7433532956247212
11,OnlineFPCA-adagrad,0.1,2800,100,face,3,5,0.351395606994629,4,2,0.04634482100021225,0.7806434528705012,0.7936821051292355,0.09863809915084899,0.6873513125214996,0.7435399708305692
11,OnlineFPCA-adagrad,0.1,2900,100,face,3,5,0.348706007003784,4,2,0.05174877703507135,0.7630586409372583,0.7820589973392088,0.09271592107025689,0.6905301328686116,0.744019494226151
11,OnlineFPCA-adagrad,0.1,3000,100,face,3,5,0.351913452148438,4,2,0.08555074275230923,0.7725466776146893,0.7488488905650269,0.08686557353594997,0.6947828778811183,0.7450983937496315
11,OnlineFPCA-adagrad,0.1,3100,100,face,3,5,0.34542989730835,4,2,0.08671512379928467,0.7689306673800712,0.7173910331779079,0.08141611029632963,0.6972302238141369,0.7440632877775517
11,OnlineFPCA-adagrad,0.1,3200,100,face,3,5,0.346059322357178,4,2,0.030332094412969343,0.7751376311053129,0.7357022046682239,0.0769719382825572,0.6999326475282972,0.7432105309460135
11,OnlineFPCA-adagrad,0.1,3300,100,face,3,5,0.48311972618103,4,2,0.09093606278284795,0.7342001037719849,0.7517971744433507,0.07488226481567602,0.7019832769832903,0.7426633376875847
11,OnlineFPCA-adagrad,0.1,3400,100,face,3,5,0.358514547348022,4,2,0.12693662890937144,0.805680779050971,0.7480219250880072,0.07536555038626278,0.7041019883938197,0.7421428081460504
11,OnlineFPCA-adagrad,0.1,3500,100,face,3,5,0.345480918884277,4,2,0.09532162252277224,0.7245039103040373,0.7143451939148621,0.07630964499541001,0.7056774693981822,0.7410069182923874
11,OnlineFPCA-adagrad,0.1,3600,100,face,3,5,0.34386134147644,4,2,0.1610438209842432,0.696145253208037,0.7061375353839804,0.0771057361377046,0.7053444337992575,0.7379437158895633
11,OnlineFPCA-adagrad,0.1,3700,100,face,3,5,0.346244812011719,4,2,0.08751475361878445,0.6748460101617636,0.6957349229600615,0.07631630341581358,0.7037250352430576,0.7346101665972925
11,OnlineFPCA-adagrad,0.1,3800,100,face,3,5,0.345549583435059,4,2,0.0820569186316803,0.694507814906528,0.7041831688242268,0.0745391755476877,0.7024055509750536,0.7321588611971948
11,OnlineFPCA-adagrad,0.1,3900,100,face,3,5,0.347580671310425,4,2,0.11417649137779759,0.743253659316163,0.6851441171055724,0.07308257872402552,0.7017671648760515,0.7291949893870029
11,OnlineFPCA-adagrad,0.1,4000,100,face,3,5,0.345506191253662,4,2,0.07193091728056175,0.7014458282012842,0.7266634931452752,0.07193091728056175,0.7014458282012842,0.7266634931452752
11,OnlineFPCA-adagrad,0.1,4100,100,face,3,5,0.345969200134277,4,2,0.24056782789153164,0.7345341764275667,0.6673965448144306,0.13840894361486963,0.7297882062501937,0.6913661249622608
11,OnlineFPCA-adagrad,0.1,4200,100,face,3,5,0.347888469696045,4,2,0.10468456382282423,0.6223880892500726,0.6879751630550538,0.09818865752125905,0.6791736864663245,0.664551492115546
11,OnlineFPCA-adagrad,0.1,4300,100,face,3,5,0.357208013534546,4,2,0.10513083774793357,0.6389521547774494,0.6296274468503003,0.054773860772205404,0.6568837060905043,0.6563653697121528
11,OnlineFPCA-adagrad,0.1,4400,100,face,3,5,0.347568273544312,4,2,0.14810039428183636,0.6338257588267953,0.6354814900116684,0.04033099676118945,0.6496423428447846,0.6470606651932133
11,OnlineFPCA-adagrad,0.1,4500,100,face,3,5,0.346743106842041,4,2,0.14138412453862942,0.6456862891262016,0.5945885288382944,0.040577311432469385,0.6412456811368115,0.640057860662764
11,OnlineFPCA-adagrad,0.1,4600,100,face,3,5,0.348006725311279,4,2,0.0578570107602837,0.6591997492722881,0.6189548526618892,0.0444114081794515,0.6363503593440359,0.6366868366856097
11,OnlineFPCA-adagrad,0.1,4700,100,face,3,5,0.344972133636475,4,2,0.1099790050995374,0.6219363129614068,0.6446267606070661,0.04932355351625978,0.6317539773611998,0.6329564461829539
11,OnlineFPCA-adagrad,0.1,4800,100,face,3,5,0.345871686935425,4,2,0.234649208043433,0.5829608239799827,0.6521415041219857,0.04491155592886877,0.6242150878429773,0.625661889525376
11,OnlineFPCA-adagrad,0.1,4900,100,face,3,5,0.347192525863647,4,2,0.16720384029195798,0.6031368172491125,0.668152340556097,0.049827733953003675,0.6195760198531457,0.6275330264116925
11,OnlineFPCA-adagrad,0.1,5000,100,face,3,5,0.347114562988281,4,2,0.11791698310397608,0.6430513545161363,0.6580422680333513,0.047486897707236436,0.616777877273234,0.6281208231995657
11,OnlineFPCA-adagrad,0.1,5100,100,face,3,5,0.105652332305908,4,2,0.1507793634592981,0.6278100586577535,0.6006421476575947,0.04150083692638269,0.616318198259132,0.6268986950308341
11,OnlineFPCA-adagrad,0.1,5200,100,face,3,5,0.103630781173706,4,2,0.09808375088287134,0.5586638393257007,0.5609357247408628,0.03797038883283844,0.6120752156755156,0.6205126252467177
11,OnlineFPCA-adagrad,0.1,5300,100,face,3,5,0.106070995330811,4,2,0.1323380170879885,0.6142122837741151,0.6306577129953823,0.037975449384986815,0.6059605619187683,0.6184486969309024
11,OnlineFPCA-adagrad,0.1,5400,100,face,3,5,0.102775573730469,4,2,0.164746565899505,0.5597664044297082,0.5927709090037264,0.034939769360940336,0.6000108389049652,0.6162890594612598
11,OnlineFPCA-adagrad,0.1,5500,100,face,3,5,0.103147029876709,4,2,0.09483724068269747,0.5348441838796296,0.5368189518537975,0.032993770704372184,0.5944276285429431,0.612155945608162
11,OnlineFPCA-adagrad,0.1,5600,100,face,3,5,0.105232000350952,4,2,0.11307718312136537,0.4677217396969371,0.5746012142792108,0.032050517865046674,0.586772858012545,0.6056675606850862
11,OnlineFPCA-adagrad,0.1,5700,100,face,3,5,0.102995872497559,4,2,0.18275147906119257,0.42050359992991265,0.49652606607776467,0.029590803812048153,0.5770570139950238,0.598283482328038
11,OnlineFPCA-adagrad,0.1,5800,100,face,3,5,0.100776195526123,4,2,0.12888161162074932,0.36585855420903984,0.4784301185442971,0.031178058747975895,0.5641261989788541,0.5892023345535758
11,OnlineFPCA-adagrad,0.1,5900,100,face,3,5,0.103963375091553,4,2,0.12226825152535223,0.36732608360111346,0.4200809643131746,0.03572619454597575,0.5520043417003896,0.5805765583630869
11,OnlineFPCA-adagrad,0.1,6000,100,face,3,5,0.106158971786499,4,2,0.06396436968589193,0.30820742204612295,0.41727696582161483,0.03526765972410491,0.5385430208170415,0.5690187594984969
11,OnlineFPCA-adagrad,0.1,6100,100,face,3,5,0.104066610336304,4,2,0.10909217507709226,0.3161258698553401,0.41789705707057145,0.032353202074766135,0.5274634453443146,0.5594239147402245
11,OnlineFPCA-adagrad,0.1,6200,100,face,3,5,0.104136228561401,4,2,0.11907986031833825,0.3064011965610059,0.4124612082969806,0.0275951962423461,0.5159827222623808,0.5501998005997925
11,OnlineFPCA-adagrad,0.1,6300,100,face,3,5,0.103100299835205,4,2,0.1098048487437905,0.2829436400027461,0.3782525511455762,0.02655104040222525,0.5052159213253199,0.5417218374823664
11,OnlineFPCA-adagrad,0.1,6400,100,face,3,5,0.102244853973389,4,2,0.1577814983245905,0.27624400198409726,0.39746248945182555,0.024442166687488123,0.4950035992363051,0.5332207634155627
11,OnlineFPCA-adagrad,0.1,6500,100,face,3,5,0.102342367172241,4,2,0.12664487010296496,0.2366576396866119,0.2823427376387228,0.023769679849001742,0.4834203425221448,0.5231544196145199
11,OnlineFPCA-adagrad,0.1,6600,100,face,3,5,0.102794170379639,4,2,0.10360933371653457,0.2634282439146129,0.49649889244391865,0.022250516192935162,0.47177068565797253,0.513652923727895
11,OnlineFPCA-adagrad,0.1,6700,100,face,3,5,0.103455781936646,4,2,0.10324943814511268,0.21786926264181153,0.42938107062338376,0.02277321839870804,0.4605282243365999,0.5065472860607352
11,OnlineFPCA-adagrad,0.1,6800,100,face,3,5,0.101961851119995,4,2,0.13221601530080246,0.22476574655885903,0.3755564048633037,0.021186825682550973,0.44915197662375345,0.49932082053190785
11,OnlineFPCA-adagrad,0.1,6900,100,face,3,5,0.0999176502227783,4,2,0.09907707083199967,0.18272067837265726,0.2969967606611434,0.020593615334693133,0.43854141830340976,0.4921033832572006
11,OnlineFPCA-adagrad,0.1,7000,100,face,3,5,0.102472543716431,4,2,0.09357935642163125,0.21800577848523947,0.3564293524651022,0.021108714945211177,0.4277251271257117,0.482898317817621
11,OnlineFPCA-adagrad,0.1,7100,100,face,3,5,0.102895259857178,4,2,0.12243411767679202,0.14888109287530593,0.29511060147483953,0.020766785142854717,0.41659404990765286,0.4737217879962838
11,OnlineFPCA-adagrad,0.1,7200,100,face,3,5,0.103078842163086,4,2,0.183793934438312,0.12132997348789484,0.23212918372935498,0.022355078223959615,0.40552861178437766,0.4628565803259039
11,OnlineFPCA-adagrad,0.1,7300,100,face,3,5,0.103403091430664,4,2,0.10118500182409719,0.1962272909921625,0.29113374560630345,0.024103215131043115,0.3951737500629938,0.45427794027475654
11,OnlineFPCA-adagrad,0.1,7400,100,face,3,5,0.105377674102783,4,2,0.11397128298323782,0.12889969300868015,0.34525118840196495,0.02390729576026291,0.386089140115133,0.4470591048061588
11,OnlineFPCA-adagrad,0.1,7500,100,face,3,5,0.102831840515137,4,2,0.11975716954578182,0.2373660834897368,0.2780725083741063,0.02379762367884426,0.37714285776054923,0.4394421433834413
11,OnlineFPCA-adagrad,0.1,7600,100,face,3,5,0.102705001831055,4,2,0.09041125625568401,0.21906065531440755,0.298702039911822,0.0236896618482119,0.3685610459875866,0.4316259316073969
11,OnlineFPCA-adagrad,0.1,7700,100,face,3,5,0.103054523468018,4,2,0.057450595675818734,0.18771970493520984,0.37009083493512124,0.02188840368033242,0.35935653658357497,0.42393493902875706
11,OnlineFPCA-adagrad,0.1,7800,100,face,3,5,0.103520154953003,4,2,0.10787475262275224,0.2536005130018072,0.4053525332235212,0.021268029404501308,0.34970277681112827,0.41715173705048075
11,OnlineFPCA-adagrad,0.1,7900,100,face,3,5,0.100762128829956,4,2,0.06502204861152745,0.20390015991602284,0.3652665629339788,0.020566487630017248,0.3409756937360541,0.4107821439367689
11,OnlineFPCA-adagrad,0.1,8000,100,face,3,5,0.103945970535278,4,2,0.1784431032557,0.14870364852696208,0.4969616682333662,0.019958091827064775,0.3321458445017521,0.4048474932929062
11,OnlineFPCA-adagrad,0.1,8100,100,face,3,5,0.105836629867554,4,2,0.16563415697211695,0.29057402930003584,0.46431599507149424,0.01938720338377998,0.3227030128422279,0.3987041370270141
11,OnlineFPCA-adagrad,0.1,8200,100,face,3,5,0.104322195053101,4,2,0.10266082607593366,0.21386247759496407,0.3756278854909898,0.01901225429372051,0.3136892104469341,0.3925485535615656
11,OnlineFPCA-adagrad,0.1,8300,100,face,3,5,0.104073762893677,4,2,0.16222391455492807,0.19530906723463098,0.37391222053961837,0.017980256417555854,0.3056274842357653,0.38631414623693033
11,OnlineFPCA-adagrad,0.1,8400,100,face,3,5,0.105753898620605,4,2,0.18363745878555965,0.19144137264618075,0.46215898989103815,0.01606188324175151,0.29809166092211176,0.38189063483793517
11,OnlineFPCA-adagrad,0.1,8500,100,face,3,5,0.10339617729187,4,2,0.11508929094648591,0.13857555525634385,0.2613574299012074,0.015155204569700096,0.29118998137545793,0.3778984424225397
11,OnlineFPCA-adagrad,0.1,8600,100,face,3,5,0.102861166000366,4,2,0.21066113888591667,0.2898843735163431,0.16453935736825145,0.01660212699221571,0.2845023939189333,0.3718089039392074
11,OnlineFPCA-adagrad,0.1,8700,100,face,3,5,0.102062702178955,4,2,0.11746896271239395,0.15855321037773043,0.17826096191466276,0.01727965296908991,0.277176215586508,0.3651601729035854
11,OnlineFPCA-adagrad,0.1,8800,100,face,3,5,0.0997810363769531,4,2,0.13714129970119524,0.19996136352738525,0.2484533417034582,0.016888974457776287,0.2701088367738135,0.3585798161437987
11,OnlineFPCA-adagrad,0.1,8900,100,face,3,5,0.103559970855713,4,2,0.12092673107108623,0.2794860340422186,0.30895768240618215,0.016976912832485237,0.2645441313456188,0.3534134923268495
11,OnlineFPCA-adagrad,0.1,9000,100,face,3,5,0.103854179382324,4,2,0.15837450187073313,0.12793042070243651,0.24843103989429294,0.017681857291825424,0.2592174166504686,0.34899344414044553
11,OnlineFPCA-adagrad,0.1,9100,100,face,3,5,0.104204416275024,4,2,0.2194400077811432,0.27391472377516884,0.22887856657371175,0.020507717539834734,0.2539966264414802,0.3427373293990277
11,OnlineFPCA-adagrad,0.1,9200,100,face,3,5,0.103895425796509,4,2,0.10415800686293653,0.09368946791102936,0.16135529755822017,0.021054392667475774,0.24901408599600888,0.33555551995697525
11,OnlineFPCA-adagrad,0.1,9300,100,face,3,5,0.235442876815796,4,2,0.10537087218518107,0.1751952227939528,0.20289562313933274,0.020584227187211555,0.24494108094823014,0.32943749724669524
11,OnlineFPCA-adagrad,0.1,9400,100,face,3,5,0.10311222076416,4,2,0.11275010323966848,0.1243256380426437,0.13826779874180295,0.020532019497221735,0.2409702239022034,0.3245536390904401
11,OnlineFPCA-adagrad,0.1,9500,100,face,3,5,0.103435516357422,4,2,0.1292184265199727,0.1967397803879219,0.15412007571082115,0.020343336145290176,0.2371394026991721,0.32076408014598357
11,OnlineFPCA-adagrad,0.1,9600,100,face,3,5,0.105540990829468,4,2,0.05964182771434346,0.17634382019625022,0.23614906488317325,0.02080552119691027,0.23342007700966033,0.3179499168285673
11,OnlineFPCA-adagrad,0.1,9700,100,face,3,5,0.103624820709229,4,2,0.08992969895334652,0.22907376429642456,0.24210447656511944,0.021936713827193394,0.22992149979226598,0.3153950250295231
11,OnlineFPCA-adagrad,0.1,9800,100,face,3,5,0.100947618484497,4,2,0.1860711951317313,0.20331835267786028,0.2909322595436646,0.02255314506830459,0.22625083409201366,0.3126542143245487
11,OnlineFPCA-adagrad,0.1,9900,100,face,3,5,0.103369474411011,4,2,0.15158585278238082,0.17743910443422664,0.24938703949770208,0.023639241317379232,0.22239088545987062,0.3106872574825464
11,OnlineFPCA-adagrad,0.1,10000,100,face,3,5,0.103275775909424,4,2,0.08683197965752448,0.20024336513133356,0.25965431022658725,0.024125609270011436,0.21904942189697743,0.3084687281727728
11,OnlineFPCA-adagrad,0.1,10100,100,face,3,5,0.102981328964233,4,2,0.10547478704584515,0.1633495598824044,0.1594079007340635,0.02392932573257225,0.2163024816762437,0.30549098583830125
11,OnlineFPCA-adagrad,0.1,10200,100,face,3,5,0.105659008026123,4,2,0.08551619052371855,0.09693832052251057,0.12151877126917507,0.0236603783529938,0.21376884623151485,0.30160830280393286
11,OnlineFPCA-adagrad,0.1,10300,100,face,3,5,0.109853744506836,4,2,0.1025431573234097,0.2724595612635772,0.21146538909320148,0.02372914060604718,0.2105412417269424,0.2984977804842531
11,OnlineFPCA-adagrad,0.1,10400,100,face,3,5,0.10327935218811,4,2,0.12785018103535037,0.15075822581247664,0.23751178234542697,0.023531397739974574,0.20719764360750362,0.2956407034215319
11,OnlineFPCA-adagrad,0.1,10500,100,face,3,5,0.105358362197876,4,2,0.0899249565101962,0.17563407031837658,0.21097098404679043,0.023476892603400062,0.20462877310246447,0.2935072720234821
11,OnlineFPCA-adagrad,0.1,10600,100,face,3,5,0.102944850921631,4,2,0.09845624895471446,0.08805461679244012,0.28747393182740405,0.023555982775479635,0.2021999446839735,0.2914287104442185
11,OnlineFPCA-adagrad,0.1,10700,100,face,3,5,0.105226993560791,4,2,0.15006200715930587,0.10918912197974066,0.23353489479010714,0.023232891625529377,0.19984845834534026,0.28921980733973907
11,OnlineFPCA-adagrad,0.1,10800,100,face,3,5,0.102643013000488,4,2,0.12350906454938589,0.19279571423240907,0.27237602426223706,0.02336376904442462,0.19735901699630787,0.2871248940527106
11,OnlineFPCA-adagrad,0.1,10900,100,face,3,5,0.0997562408447266,4,2,0.09875095723594098,0.1799365872831246,0.2604692626749742,0.024524762833744815,0.195387355301068,0.2853977756590978
11,OnlineFPCA-adagrad,0.1,11000,100,face,3,5,0.103088617324829,4,2,0.05439211975732223,0.12858636208430332,0.23894475532728354,0.02472573995430032,0.19307711070266764,0.2827414290558129
11,OnlineFPCA-adagrad,0.1,11100,100,face,3,5,0.105508804321289,4,2,0.08960636384832195,0.16121917362915097,0.25457038234782153,0.024159684801406896,0.19104725836169417,0.2805602801121624
11,OnlineFPCA-adagrad,0.1,11200,100,face,3,5,0.103293895721436,4,2,0.09544237775320172,0.17733987272240034,0.23495047373199238,0.02327188868526408,0.18892988792487603,0.27857802990175473
11,OnlineFPCA-adagrad,0.1,11300,100,face,3,5,0.104552507400513,4,2,0.10458787907476119,0.11027188796032182,0.22756744145556274,0.022951047130695595,0.18701630945925235,0.27719846962460803
11,OnlineFPCA-adagrad,0.1,11400,100,face,3,5,0.103235244750977,4,2,0.1301191787869367,0.09510949399180305,0.27830357572059516,0.022420401664964503,0.18518870701153173,0.27615301701327144
11,OnlineFPCA-adagrad,0.1,11500,100,face,3,5,0.10364842414856,4,2,0.1074667516171736,0.12727111241697298,0.20441607890384536,0.022056750721832982,0.18322363109128648,0.2751254966457082
11,OnlineFPCA-adagrad,0.1,11600,100,face,3,5,0.106151342391968,4,2,0.08782795149985752,0.12630258977062184,0.39184029636528916,0.021647231819920603,0.18133538224802156,0.2748892422440315
11,OnlineFPCA-adagrad,0.1,11700,100,face,3,5,0.103359937667847,4,2,0.08711593077275222,0.11005457197582709,0.34993701772221786,0.021560224618857867,0.1793397046198131,0.27542604287776
11,OnlineFPCA-adagrad,0.1,11800,100,face,3,5,0.105968952178955,4,2,0.10898172147566107,0.1326426020734548,0.3075663347969485,0.0210273942388921,0.17703858510437745,0.27521524819911447
11,OnlineFPCA-adagrad,0.1,11900,100,face,3,5,0.103031158447266,4,2,0.08676394110949977,0.11887247881892615,0.24718597154100969,0.0204674085590461,0.17502305551105837,0.27497215775892
11,OnlineFPCA-adagrad,0.1,12000,100,face,3,5,0.10082745552063,4,2,0.08351187178756872,0.15194611421975066,0.31726610622082707,0.01998205713203038,0.17311465455937514,0.27423220614844745
11,OnlineFPCA-adagrad,0.1,12100,100,face,3,5,0.103901863098145,4,2,0.10897792665623507,0.11310449683512522,0.27621010087141895,0.0195566881896895,0.17119245198417596,0.2736305137786831
11,OnlineFPCA-adagrad,0.1,12200,100,face,3,5,0.103804588317871,4,2,0.16387664867985657,0.08306488323326797,0.2171946238490149,0.020042085136262364,0.16900143156689068,0.2720200963236819
11,OnlineFPCA-adagrad,0.1,12300,100,face,3,5,0.105449676513672,4,2,0.09557455436800887,0.14106954158234794,0.2590801773771059,0.02052028293440988,0.1667816311984902,0.27100129353142605
11,OnlineFPCA-adagrad,0.1,12400,100,face,3,5,0.104322195053101,4,2,0.10414082234146,0.08350701496484164,0.305234448926633,0.020307898442602675,0.1648624752656031,0.2703488243372694
11,OnlineFPCA-adagrad,0.1,12500,100,face,3,5,0.101645946502686,4,2,0.10570071373017169,0.19032812584978243,0.2476398499092117,0.020140430205193172,0.16322394809291055,0.269643878854344
11,OnlineFPCA-adagrad,0.1,12600,100,face,3,5,0.101852893829346,4,2,0.08392961826784334,0.18568894208119788,0.2636319532084598,0.02027784976372921,0.16171224975420376,0.26873286822656633
11,OnlineFPCA-adagrad,0.1,12700,100,face,3,5,0.103853702545166,4,2,0.05076105785809574,0.18590214771641822,0.33901960732535125,0.01970335905139494,0.1600589625087305,0.2679445505469019
11,OnlineFPCA-adagrad,0.1,12800,100,face,3,5,0.102111101150513,4,2,0.09353094571431284,0.23556377928668068,0.3599257961429724,0.019355351661835454,0.15810519281421134,0.2675561609796853
11,OnlineFPCA-adagrad,0.1,12900,100,face,3,5,0.102001190185547,4,2,0.059150646446446464,0.19004819074375753,0.33957714702613034,0.018807701141167005,0.15625606603914474,0.2671554931232662
11,OnlineFPCA-adagrad,0.1,13000,100,face,3,5,0.102256059646606,4,2,0.16277177398065515,0.12474106576510954,0.44653266183339574,0.018334905100306415,0.15439426451165617,0.26695141268200384
11,OnlineFPCA-adagrad,0.1,13100,100,face,3,5,0.10216498374939,4,2,0.14394812089859504,0.2381182618350804,0.4230527713358958,0.018355866169145325,0.15232448284473477,0.26672828279048766
11,OnlineFPCA-adagrad,0.1,13200,100,face,3,5,0.102870225906372,4,2,0.07452889140855515,0.1935432381271996,0.33312426758473096,0.0183933011086364,0.150171028143871,0.26601202697880694
11,OnlineFPCA-adagrad,0.1,13300,100,face,3,5,0.103493213653564,4,2,0.13323526412536976,0.1725865487201529,0.345405352402606,0.018301361569646162,0.14838297661438749,0.26513695908039175
11,OnlineFPCA-adagrad,0.1,13400,100,face,3,5,0.102940320968628,4,2,0.16353319125209942,0.17364246125784571,0.42663676121004457,0.01783152643453625,0.14677909088511268,0.26501320207147405
11,OnlineFPCA-adagrad,0.1,13500,100,face,3,5,0.102221965789795,4,2,0.10804236929482237,0.12864104720205238,0.2619765853258998,0.01776166142837546,0.14523291326483503,0.2649828506247172
11,OnlineFPCA-adagrad,0.1,13600,100,face,3,5,0.102334022521973,4,2,0.18203387885958267,0.24619694216267668,0.17639037620696368,0.01851476491747865,0.14366145949410047,0.2636746737491774
11,OnlineFPCA-adagrad,0.1,13700,100,face,3,5,0.102228164672852,4,2,0.10806910445827207,0.1596862390039192,0.1925000943384592,0.018989950106365748,0.14181297571957538,0.2621246326529632
11,OnlineFPCA-adagrad,0.1,13800,100,face,3,5,0.10214900970459,4,2,0.11819531134156058,0.1750385784446862,0.26015218554449226,0.018930254948444556,0.14002014546128255,0.2606132231874139
11,OnlineFPCA-adagrad,0.1,13900,100,face,3,5,0.104840278625488,4,2,0.11457452860671358,0.21914866798068564,0.30195357192093647,0.019031808610134822,0.1385707039010333,0.2594124093208644
11,OnlineFPCA-adagrad,0.1,14000,100,face,3,5,0.102339267730713,4,2,0.13905547336693222,0.118148914991971,0.25124497918944094,0.019343625485477543,0.1371277810266185,0.2584872618450599
11,OnlineFPCA-adagrad,0.1,14100,100,face,3,5,0.0994930267333984,4,2,0.2016854532544943,0.24766381859647774,0.23190323499721024,0.020575078954414662,0.13575452706543825,0.2566471197164354
11,OnlineFPCA-adagrad,0.1,14200,100,face,3,5,0.102331638336182,4,2,0.09013524070515985,0.0894904711962495,0.15953576106909206,0.020914239563534855,0.13448763951186418,0.25405815530966497
11,OnlineFPCA-adagrad,0.1,14300,100,face,3,5,0.10370945930481,4,2,0.09634827038038916,0.13983185959053304,0.1885860843759978,0.020815292648734145,0.13332474478773146,0.25154015284252534
11,OnlineFPCA-adagrad,0.1,14400,100,face,3,5,0.102505922317505,4,2,0.09543175061392035,0.10220361012212931,0.12671098779890677,0.020810367455289962,0.13222236911436613,0.24968725253342466
11,OnlineFPCA-adagrad,0.1,14500,100,face,3,5,0.105206966400146,4,2,0.1156032544361299,0.1673426199587324,0.13897960450727026,0.02067507761891414,0.13115624928430197,0.24835589913358497
11,OnlineFPCA-adagrad,0.1,14600,100,face,3,5,0.103073358535767,4,2,0.05919449366290776,0.1566871291666716,0.2044745965008919,0.020835415507554602,0.13012501415504216,0.2475305784623043
11,OnlineFPCA-adagrad,0.1,14700,100,face,3,5,0.102823495864868,4,2,0.08376461148320599,0.1939240080035302,0.20451374439822967,0.021366013120975885,0.12915533653309352,0.24679702302605167
11,OnlineFPCA-adagrad,0.1,14800,100,face,3,5,0.103741645812988,4,2,0.1612858510195611,0.1840456003522954,0.25458194410581025,0.021750816065442945,0.1280497674201024,0.2459243807517512
11,OnlineFPCA-adagrad,0.1,14900,100,face,3,5,0.103079795837402,4,2,0.14445935646285912,0.1548983640279094,0.21945681872639325,0.02230999081275651,0.1267992732599434,0.2454982975510661
11,OnlineFPCA-adagrad,0.1,15000,100,face,3,5,0.105887889862061,4,2,0.07154880566177453,0.18259597846334202,0.23703650752239383,0.022641299336872662,0.12580688578384355,0.244961012347933
11,OnlineFPCA-adagrad,0.1,0,100,face,3,5,6.36265110969543,6,1,0.2570427630092802,0.2971411168619065,1.7689521031900395,0.2570427630092802,0.2971411168619065,1.7689521031900395
11,OnlineFPCA-adagrad,0.1,100,100,face,3,5,0.346367359161377,6,1,1.1448066638728471,1.720837818169083,1.2203474628579523,NA,NA,NA
11,OnlineFPCA-adagrad,0.1,200,100,face,3,5,0.346355199813843,6,1,0.954321946859198,1.1201005038268002,1.8443946228192132,NA,NA,NA
11,OnlineFPCA-adagrad,0.1,300,100,face,3,5,0.343255519866943,6,1,0.6314242653881937,1.368085798233872,1.7706044677065957,NA,NA,NA
11,OnlineFPCA-adagrad,0.1,400,100,face,3,5,0.340879678726196,6,1,0.7686104347028309,1.426544918091188,0.9398702837307763,NA,NA,NA
11,OnlineFPCA-adagrad,0.1,500,100,face,3,5,0.340393781661987,6,1,0.36487713809806344,0.8104966537952385,0.5857660446170768,NA,NA,NA
11,OnlineFPCA-adagrad,0.1,600,100,face,3,5,0.337623834609985,6,1,0.3572156535360024,0.8085193942701633,0.5843896040626884,NA,NA,NA
11,OnlineFPCA-adagrad,0.1,700,100,face,3,5,0.340168237686157,6,1,0.35061525532222054,0.8045396968146771,0.5819314358703269,NA,NA,NA
11,OnlineFPCA-adagrad,0.1,800,100,face,3,5,0.341010570526123,6,1,0.3460091610336385,0.7999928440880792,0.5786872824946188,NA,NA,NA
11,OnlineFPCA-adagrad,0.1,900,100,face,3,5,0.340042114257812,6,1,0.339015612853841,0.7938627463465799,0.5736363537054839,NA,NA,NA
11,OnlineFPCA-adagrad,0.1,1000,100,face,3,5,0.339537620544434,6,1,0.33405735474965664,0.7884068670879344,0.567481104928984,NA,NA,NA
11,OnlineFPCA-adagrad,0.1,1100,100,face,3,5,0.473357677459717,6,1,0.3593907470046704,0.6189160207376607,0.624883900967734,0.15116306477092586,0.7080545417166508,0.6047648582135917
11,OnlineFPCA-adagrad,0.1,1200,100,face,3,5,0.474461793899536,6,1,0.19954083410479223,0.6231047978843792,0.5841473740055622,0.09390012522262903,0.6581821507290592,0.6098286990752078
11,OnlineFPCA-adagrad,0.1,1300,100,face,3,5,0.468076705932617,6,1,0.08838461373539393,0.5827547891177719,0.5918257197552879,0.05965184896417891,0.6294130840765486,0.6043251893553258
11,OnlineFPCA-adagrad,0.1,1400,100,face,3,5,0.473637342453003,6,1,0.2239187045020528,0.572646081963997,0.6078605689381915,0.04640579354696121,0.6145989437645599,0.604114357317417
11,OnlineFPCA-adagrad,0.1,1500,100,face,3,5,0.467120170593262,6,1,0.22904749728169171,0.5809316420480076,0.5764430820000239,0.041426625068749376,0.6023870642737074,0.6013531365393447
11,OnlineFPCA-adagrad,0.1,1600,100,face,3,5,0.480245351791382,6,1,0.08037431242024705,0.5653389619446921,0.5755357115379518,0.03189549507401959,0.5939814282258441,0.598651019135008
11,OnlineFPCA-adagrad,0.1,1700,100,face,3,5,0.47464919090271,6,1,0.10523042858563905,0.5616685961308575,0.5592430838977724,0.03160200190970273,0.5892185112716442,0.5952937576426794
11,OnlineFPCA-adagrad,0.1,1800,100,face,3,5,0.480197191238403,6,1,0.08277380903572158,0.5498267033223765,0.5529222384649133,0.03213687302702245,0.5849797161612623,0.5905660853087581
11,OnlineFPCA-adagrad,0.1,1900,100,face,3,5,0.485435247421265,6,1,0.10626687724316225,0.5410815763674758,0.5349135957360066,0.036684528035341446,0.5810143845070286,0.585178752010612
11,OnlineFPCA-adagrad,0.1,2000,100,face,3,5,0.477620363235474,6,1,0.10544497202948486,0.53349884504733,0.5532180960728503,0.04249048013374264,0.5761317638795928,0.5812694093469506
11,OnlineFPCA-adagrad,0.1,2100,100,face,3,5,0.467494010925293,6,1,0.2903221041545703,0.5384530045095052,0.570742568327987,0.04109748161012466,0.5716505368374342,0.5773173862567722
11,OnlineFPCA-adagrad,0.1,2200,100,face,3,5,0.46651291847229,6,1,0.21047011534354407,0.5592747318045409,0.5580420185147164,0.0350628210403646,0.5682961879595446,0.5750701472762058
11,OnlineFPCA-adagrad,0.1,2300,100,face,3,5,0.466864347457886,6,1,0.3416851040192526,0.5317687704349576,0.5435643785861142,0.035502646358366606,0.5661298512336936,0.574244122944133
11,OnlineFPCA-adagrad,0.1,2400,100,face,3,5,0.468175172805786,6,1,0.2076082059790527,0.48737178249690144,0.5130640798204352,0.036380025761320975,0.5608770430154192,0.5688876991379587
11,OnlineFPCA-adagrad,0.1,2500,100,face,3,5,0.46823263168335,6,1,0.1947719068810037,0.45803139036750895,0.4560019739064459,0.04060090074125595,0.553370888630724,0.5620996120301525
11,OnlineFPCA-adagrad,0.1,2600,100,face,3,5,0.650468349456787,6,1,0.1040349905462561,0.43829200155125686,0.39659276281951544,0.0367180454944467,0.5440106515777077,0.5532043811028245
11,OnlineFPCA-adagrad,0.1,2700,100,face,3,5,0.508305549621582,6,1,0.05872926012009252,0.5052036304694485,0.47732484840931033,0.03350587096067183,0.5355401193609701,0.5451301155104334
11,OnlineFPCA-adagrad,0.1,2800,100,face,3,5,0.50705361366272,6,1,0.13450755159241282,0.4538277871393456,0.45122979630939397,0.03223642040442139,0.5292828113623629,0.5381543116102999
11,OnlineFPCA-adagrad,0.1,2900,100,face,3,5,0.510290622711182,6,1,0.09354557322460423,0.4149333744961534,0.4048449735920664,0.032204489051063885,0.5215985769357906,0.5302880555898452
11,OnlineFPCA-adagrad,0.1,3000,100,face,3,5,0.505687952041626,6,1,0.20432111923951338,0.3526811241659753,0.5139572132996381,0.028481249405358233,0.5127374413386443,0.52261096933542
11,OnlineFPCA-adagrad,0.1,3100,100,face,3,5,0.506682634353638,6,1,0.17484903168400184,0.42444370520106706,0.49275751638412896,0.02292627640449596,0.5034710726207244,0.5159853356024522
11,OnlineFPCA-adagrad,0.1,3200,100,face,3,5,0.507864236831665,6,1,0.15668726099146238,0.33004667344471933,0.4525935163844354,0.020036400304862097,0.492712941992066,0.5092356843776864
11,OnlineFPCA-adagrad,0.1,3300,100,face,3,5,0.514373064041138,6,1,0.21123809781433894,0.3186348870545026,0.427116235107668,0.01786760184080685,0.4815207688627664,0.5005814540056966
11,OnlineFPCA-adagrad,0.1,3400,100,face,3,5,0.509413957595825,6,1,0.22491079958694862,0.3129169774361128,0.5393962965462793,0.017798751608578436,0.4708253928819275,0.4938159612827635
11,OnlineFPCA-adagrad,0.1,3500,100,face,3,5,0.508791446685791,6,1,0.12778097622372342,0.27160359726120076,0.2841723247610883,0.0182271142072544,0.46017369647460254,0.4861835371944941
11,OnlineFPCA-adagrad,0.1,3600,100,face,3,5,0.509423017501831,6,1,0.26519637988284156,0.45656335254544067,0.23375937596571209,0.022101622273271986,0.45043051207432294,0.4745881085273474
11,OnlineFPCA-adagrad,0.1,3700,100,face,3,5,0.505328178405762,6,1,0.14734859618591858,0.26635650604303535,0.2795934660304816,0.02234922670206846,0.4432011081237898,0.465119281296688
11,OnlineFPCA-adagrad,0.1,3800,100,face,3,5,0.509556770324707,6,1,0.17585069432353834,0.26444395211319466,0.2808116250992934,0.021090642752393036,0.4343704315636361,0.45689792985186467
11,OnlineFPCA-adagrad,0.1,3900,100,face,3,5,0.506121397018433,6,1,0.13744190377107038,0.3623632363342503,0.37615461504468645,0.019308604850821094,0.4228759466129753,0.44784803501102444
11,OnlineFPCA-adagrad,0.1,4000,100,face,3,5,0.518740177154541,6,1,0.0193799003505631,0.41206780653364805,0.4404649711641948,0.0193799003505631,0.41206780653364805,0.4404649711641948
11,OnlineFPCA-adagrad,0.1,4100,100,face,3,5,0.506390810012817,6,1,0.2451250673615117,0.47773678661651925,0.45782354760048244,0.13744757615389488,0.432042858435402,0.4534164311667589
11,OnlineFPCA-adagrad,0.1,4200,100,face,3,5,0.510591268539429,6,1,0.11352578603911705,0.3965981387951687,0.46843310543746736,0.0990973368883138,0.4241733163214008,0.4271732395237385
11,OnlineFPCA-adagrad,0.1,4300,100,face,3,5,0.505173921585083,6,1,0.105592770547965,0.436565567034556,0.4124757027191555,0.057424815140486786,0.3975388580874455,0.41534470442604376
11,OnlineFPCA-adagrad,0.1,4400,100,face,3,5,0.508591651916504,6,1,0.1468027609852529,0.4167463538084966,0.39809815374166685,0.04149079750985418,0.3934909161526684,0.4048020601538115
11,OnlineFPCA-adagrad,0.1,4500,100,face,3,5,0.50652551651001,6,1,0.15207569911771313,0.44231533393837097,0.41546842424117947,0.040756355310623237,0.39533690098902236,0.39436775675054403
11,OnlineFPCA-adagrad,0.1,4600,100,face,3,5,0.508307456970215,6,1,0.05367431139948218,0.3987300838956272,0.4384771272409143,0.04420133005256023,0.3952323930792005,0.39136441636450037
11,OnlineFPCA-adagrad,0.1,4700,100,face,3,5,0.636584758758545,6,1,0.11192933992965189,0.5016285013220937,0.43569599079604693,0.04934247402496905,0.3891663195956964,0.38563583894298625
11,OnlineFPCA-adagrad,0.1,4800,100,face,3,5,0.502895832061768,6,1,0.22719292033645508,0.4634089836558637,0.4743254834526052,0.045567318075404845,0.3883793087859249,0.38516421744261226
11,OnlineFPCA-adagrad,0.1,4900,100,face,3,5,0.504613399505615,6,1,0.1709725254024052,0.4134146391418913,0.3756394077664718,0.05137134899855239,0.3850828082674494,0.38488509698258705
11,OnlineFPCA-adagrad,0.1,5000,100,face,3,5,0.502527236938477,6,1,0.11942464128075245,0.3758603353075299,0.3802772478538212,0.04915199056148131,0.38117161912206576,0.3830180614747412
11,OnlineFPCA-adagrad,0.1,5100,100,face,3,5,0.0988707542419434,6,1,0.1467748022376117,0.32432972368635044,0.32627708405095757,0.042537024324398605,0.3730420089677962,0.37716094278192003
11,OnlineFPCA-adagrad,0.1,5200,100,face,3,5,0.0992779731750488,6,1,0.08894762886619739,0.24144871026217454,0.24549463919769815,0.038596068515424915,0.3621133152825541,0.36630788950230575
11,OnlineFPCA-adagrad,0.1,5300,100,face,3,5,0.0984418392181396,6,1,0.11553513055704197,0.4054465180677381,0.3039375674303802,0.03773500719871648,0.3541240933992833,0.35670308072122514
11,OnlineFPCA-adagrad,0.1,5400,100,face,3,5,0.101296186447144,6,1,0.15375128969859805,0.23665393256326228,0.3212585721463487,0.03425127748066609,0.3452695583329148,0.34939332537362583
11,OnlineFPCA-adagrad,0.1,5500,100,face,3,5,0.0983500480651855,6,1,0.10134931297648637,0.23976644550084805,0.28847304359535925,0.03218557059820496,0.33413790067844057,0.3412726047183152
11,OnlineFPCA-adagrad,0.1,5600,100,face,3,5,0.0989646911621094,6,1,0.10864514391766913,0.1552042807888991,0.3437654683434508,0.031218196474795887,0.32265129272672005,0.3340942121209368
11,OnlineFPCA-adagrad,0.1,5700,100,face,3,5,0.10071873664856,6,1,0.18094483901282812,0.19752893234707855,0.27305380221523495,0.028905060109805623,0.31033202257433445,0.3246900845984133
11,OnlineFPCA-adagrad,0.1,5800,100,face,3,5,0.100134134292603,6,1,0.12514100253052834,0.27495347231378636,0.3018502480020362,0.030179886486898996,0.30111079907963373,0.31652231957639765
11,OnlineFPCA-adagrad,0.1,5900,100,face,3,5,0.100136280059814,6,1,0.10341939848354523,0.23227743445872337,0.2820716049903163,0.03471907854564353,0.2922004377946792,0.30765796840055243
11,OnlineFPCA-adagrad,0.1,6000,100,face,3,5,0.108780384063721,6,1,0.05875133836477942,0.1574632598280852,0.27590567454164217,0.03401424232690124,0.2829265285657904,0.2982106632415354
11,OnlineFPCA-adagrad,0.1,6100,100,face,3,5,0.100456953048706,6,1,0.11204816858350351,0.205703993600319,0.289921138491551,0.03109519180552486,0.2732227782640626,0.290274981515739
11,OnlineFPCA-adagrad,0.1,6200,100,face,3,5,0.100450277328491,6,1,0.11731001087684739,0.21755866019738848,0.24992372708818197,0.027137022162499358,0.26519135696853285,0.28422165343425376
11,OnlineFPCA-adagrad,0.1,6300,100,face,3,5,0.100795745849609,6,1,0.1131957725397906,0.1129187107218946,0.24175428709670896,0.025993137358110978,0.2570584195312772,0.27872613136175994
11,OnlineFPCA-adagrad,0.1,6400,100,face,3,5,0.102590084075928,6,1,0.16103155446828502,0.10079923338275608,0.30313690266474347,0.023989761234987823,0.2472085150870079,0.2734794483891967
11,OnlineFPCA-adagrad,0.1,6500,100,face,3,5,0.100855112075806,6,1,0.1295269593537163,0.15189696489378207,0.23499080825527918,0.023399253161727026,0.23716608824695368,0.268744527478775
11,OnlineFPCA-adagrad,0.1,6600,100,face,3,5,0.100244283676147,6,1,0.1049931571201607,0.12237670146035823,0.46015860697279515,0.022335039001280192,0.2290253561530502,0.2675384815214739
11,OnlineFPCA-adagrad,0.1,6700,100,face,3,5,0.101314544677734,6,1,0.10249754076969686,0.14072733003388946,0.3773918305815991,0.022559886131643617,0.22094837172380605,0.26828364453241865
11,OnlineFPCA-adagrad,0.1,6800,100,face,3,5,0.0997805595397949,6,1,0.127921017766548,0.16350355518417,0.3237955103476087,0.020828980654128935,0.21254447155858625,0.26653552572171463
11,OnlineFPCA-adagrad,0.1,6900,100,face,3,5,0.100096464157104,6,1,0.10116966663139361,0.13415022795710144,0.24155117650589197,0.019900170025503067,0.2050781282891924,0.26415026620790444
11,OnlineFPCA-adagrad,0.1,7000,100,face,3,5,0.0997235774993896,6,1,0.09193652920075503,0.17662239458374207,0.3525085981129428,0.02028380897681344,0.19889664877389157,0.2615990459903465
11,OnlineFPCA-adagrad,0.1,7100,100,face,3,5,0.0999979972839355,6,1,0.1245609614367074,0.12569454070012592,0.28399600436953637,0.01999507112519925,0.19393360866621895,0.2604550665154673
11,OnlineFPCA-adagrad,0.1,7200,100,face,3,5,0.0998730659484863,6,1,0.18296742946575642,0.10556526551439886,0.22932057037731576,0.0214129601841709,0.18918474842859326,0.2568129923137483
11,OnlineFPCA-adagrad,0.1,7300,100,face,3,5,0.0997087955474854,6,1,0.10361997855948563,0.17261512165502826,0.2648882386375855,0.023038768473858124,0.18340605964926085,0.2551491701552152
11,OnlineFPCA-adagrad,0.1,7400,100,face,3,5,0.107773303985596,6,1,0.1185494710979559,0.10269241906878857,0.32749339167195773,0.02300267783871324,0.1778835358559981,0.25295981701483405
11,OnlineFPCA-adagrad,0.1,7500,100,face,3,5,0.0994794368743896,6,1,0.11960299564800335,0.2312707767643868,0.26579564197107153,0.023295603202317047,0.1729358379002497,0.25055065454387415
11,OnlineFPCA-adagrad,0.1,7600,100,face,3,5,0.100083589553833,6,1,0.09131010150188514,0.21332159538310005,0.29073264484102046,0.023330904054348883,0.16765802254344878,0.24718833641885496
11,OnlineFPCA-adagrad,0.1,7700,100,face,3,5,0.0995399951934814,6,1,0.057769407530821965,0.2141348545788955,0.37493410422136303,0.02162352450216117,0.1638183629753891,0.2456084206475709
11,OnlineFPCA-adagrad,0.1,7800,100,face,3,5,0.100773811340332,6,1,0.11007810564985039,0.2654444104480208,0.4022952169568633,0.021054452128360348,0.16114883161492993,0.24578287927978484
11,OnlineFPCA-adagrad,0.1,7900,100,face,3,5,0.0999510288238525,6,1,0.06663463646983668,0.2162727249440729,0.3624167482838987,0.020333858721091672,0.15796472961190738,0.24583633932574772
11,OnlineFPCA-adagrad,0.1,8000,100,face,3,5,0.100569248199463,6,1,0.1760227768046268,0.15834735604990524,0.5033102738816958,0.019514819956401898,0.15570634760073077,0.2465752795555658
11,OnlineFPCA-adagrad,0.1,8100,100,face,3,5,0.10001802444458,6,1,0.16516956282548378,0.2928538393615789,0.47619159192631505,0.01911449577568156,0.15459280299862446,0.24825636600081075
11,OnlineFPCA-adagrad,0.1,8200,100,face,3,5,0.100226640701294,6,1,0.10462969498123026,0.2172651314770915,0.3824201757410303,0.01874352126560023,0.1531600721305395,0.2490632401681356
11,OnlineFPCA-adagrad,0.1,8300,100,face,3,5,0.0987472534179688,6,1,0.16575114840267977,0.2015308858677556,0.3825952839785721,0.017816641975152026,0.1520351108291373,0.24920617759105923
11,OnlineFPCA-adagrad,0.1,8400,100,face,3,5,0.102695465087891,6,1,0.18610368246023878,0.19294880302701556,0.4709615234349866,0.01595307337575612,0.15108479242526562,0.2511288012294601
11,OnlineFPCA-adagrad,0.1,8500,100,face,3,5,0.0994195938110352,6,1,0.11576981126427467,0.14008015296034595,0.2653719506513212,0.01528300470104361,0.14918502697398545,0.25251068832860607
11,OnlineFPCA-adagrad,0.1,8600,100,face,3,5,0.0998296737670898,6,1,0.21074481465786807,0.29213411988992055,0.17038470702449923,0.01711347410360456,0.1476420867906625,0.25028411494376973
11,OnlineFPCA-adagrad,0.1,8700,100,face,3,5,0.0997486114501953,6,1,0.11871032445059433,0.17041732077366542,0.18768111116801703,0.01803694438583498,0.1472114891055485,0.24825169863022162
11,OnlineFPCA-adagrad,0.1,8800,100,face,3,5,0.233741760253906,6,1,0.13754774356163324,0.20299595427919864,0.2534755816250973,0.017791915619465744,0.14644692767054218,0.2469505427945915
11,OnlineFPCA-adagrad,0.1,8900,100,face,3,5,0.0999114513397217,6,1,0.12122127938739354,0.27650572493682246,0.3142029950322616,0.017929227789692363,0.14378112671098128,0.2456510218712387
11,OnlineFPCA-adagrad,0.1,9000,100,face,3,5,0.0998730659484863,6,1,0.15849500955802429,0.1285056486592461,0.2542407573976672,0.01854374519542369,0.14152613703779082,0.2453876759147637
11,OnlineFPCA-adagrad,0.1,9100,100,face,3,5,0.102627277374268,6,1,0.21957854871298382,0.27363921099763044,0.23921385036640774,0.021148036245032732,0.13997142608669355,0.24313670108768443
11,OnlineFPCA-adagrad,0.1,9200,100,face,3,5,0.0998742580413818,6,1,0.10526513582070016,0.09237479369383386,0.16459811500533042,0.0216043633886985,0.13871073090339625,0.2390584319426337
11,OnlineFPCA-adagrad,0.1,9300,100,face,3,5,0.100726127624512,6,1,0.10572931595582816,0.17156975905640226,0.20346414575663793,0.02130322162712337,0.13568127003300975,0.23433580396019296
11,OnlineFPCA-adagrad,0.1,9400,100,face,3,5,0.100330114364624,6,1,0.11277843576697838,0.12281543553191994,0.1390266412131629,0.021233229528244406,0.13338949631603986,0.23122890970468543
11,OnlineFPCA-adagrad,0.1,9500,100,face,3,5,0.100550413131714,6,1,0.12978026910683063,0.1956650772299059,0.1545130012549034,0.02090896423391353,0.1313299049289868,0.22898299800905533
11,OnlineFPCA-adagrad,0.1,9600,100,face,3,5,0.0999798774719238,6,1,0.05989126836133593,0.17460416772002352,0.23736715589316412,0.02133445795715311,0.12956000128866238,0.22795767762644817
11,OnlineFPCA-adagrad,0.1,9700,100,face,3,5,0.100303888320923,6,1,0.09032775928532343,0.22710537283953958,0.24103371184636266,0.0224316405804137,0.12775755372009132,0.22686575574053738
11,OnlineFPCA-adagrad,0.1,9800,100,face,3,5,0.102307796478271,6,1,0.18630444546983058,0.20477354994094285,0.29128626269868024,0.02313563837133837,0.12606430507666724,0.22592236850078723
11,OnlineFPCA-adagrad,0.1,9900,100,face,3,5,0.100420951843262,6,1,0.15188927712941175,0.17732949953319624,0.24694930703515688,0.024234280157025005,0.12436904308957591,0.22597097420788828
11,OnlineFPCA-adagrad,0.1,10000,100,face,3,5,0.100488185882568,6,1,0.08667225243201365,0.19804608478729854,0.25873854690997183,0.024713836569923545,0.12294094535073098,0.2256720801199555
11,OnlineFPCA-adagrad,0.1,10100,100,face,3,5,0.109167814254761,6,1,0.10527890228590904,0.15840293487634965,0.1584669725398321,0.024480747772208183,0.1212985849040629,0.2239717575563947
11,OnlineFPCA-adagrad,0.1,10200,100,face,3,5,0.100849628448486,6,1,0.08535540169233202,0.09130253721643147,0.11884877565760671,0.024226036618234227,0.11936675110803104,0.22091707497474122
11,OnlineFPCA-adagrad,0.1,10300,100,face,3,5,0.10003137588501,6,1,0.1024925850581314,0.27141839484970237,0.20791426524867282,0.024280044432384698,0.11776312760751133,0.21910484130898605
11,OnlineFPCA-adagrad,0.1,10400,100,face,3,5,0.100370407104492,6,1,0.12756440147403653,0.14869191047795596,0.23485901749213006,0.024079712810529164,0.11569759459678504,0.21759118874516722
11,OnlineFPCA-adagrad,0.1,10500,100,face,3,5,0.0996048450469971,6,1,0.08995636181402124,0.17308604397833982,0.20986549005699737,0.024066797078947218,0.11326672573611556,0.2162678636573779
11,OnlineFPCA-adagrad,0.1,10600,100,face,3,5,0.0996081829071045,6,1,0.09860179129487653,0.08469000562230986,0.28595682269164413,0.024098105803708175,0.11104188082076255,0.21504583813856337
11,OnlineFPCA-adagrad,0.1,10700,100,face,3,5,0.0985774993896484,6,1,0.15019451211960527,0.10814077062510431,0.23290899483056707,0.02374456392571383,0.10908945759953308,0.21342781048540704
11,OnlineFPCA-adagrad,0.1,10800,100,face,3,5,0.10425591468811,6,1,0.123336372361134,0.1933165780994164,0.2730092236588662,0.02383056128095435,0.1081132257129182,0.2122386844409721
11,OnlineFPCA-adagrad,0.1,10900,100,face,3,5,0.100152492523193,6,1,0.09836774742287745,0.1797254714538112,0.26167163606353167,0.02494242452004394,0.10760013846669522,0.21109423896452906
11,OnlineFPCA-adagrad,0.1,11000,100,face,3,5,0.0985267162322998,6,1,0.054363003712353725,0.1283821326685425,0.24133258297671303,0.025089380564862238,0.10664135645477532,0.20898752549315502
11,OnlineFPCA-adagrad,0.1,11100,100,face,3,5,0.100505828857422,6,1,0.09017566973323199,0.16050747184948608,0.2561235047842119,0.024529183349257112,0.10540789940463444,0.20725679830961669
11,OnlineFPCA-adagrad,0.1,11200,100,face,3,5,0.101341247558594,6,1,0.09558885550977227,0.17698222227216132,0.23658197221846203,0.023699663245658472,0.10443454893685494,0.20594703876037038
11,OnlineFPCA-adagrad,0.1,11300,100,face,3,5,0.0994431972503662,6,1,0.10479828800229736,0.10979955022449826,0.22761480315354743,0.02336600347026528,0.10350370572790749,0.20535104762445874
11,OnlineFPCA-adagrad,0.1,11400,100,face,3,5,0.0997719764709473,6,1,0.13008951864433022,0.09363344224507014,0.2793254310467654,0.022849446438358435,0.10198222664523886,0.2051406954875828
11,OnlineFPCA-adagrad,0.1,11500,100,face,3,5,0.109022855758667,6,1,0.10768520496784459,0.12606138585780988,0.20505675163807013,0.022498162179894074,0.10007266938368213,0.2050825901496816
11,OnlineFPCA-adagrad,0.1,11600,100,face,3,5,0.0999054908752441,6,1,0.08785547466938032,0.12526911699979926,0.3946461533058065,0.022144570839010103,0.09850967523996405,0.20617485917624406
11,OnlineFPCA-adagrad,0.1,11700,100,face,3,5,0.100031137466431,6,1,0.08726799776542257,0.10919085031052082,0.3522764650017673,0.022006567586305644,0.09681738067595094,0.20810742915723454
11,OnlineFPCA-adagrad,0.1,11800,100,face,3,5,0.101483106613159,6,1,0.1089065649370782,0.13230136376500343,0.30967954985146934,0.021447341491616825,0.09479718912641548,0.20900491942538257
11,OnlineFPCA-adagrad,0.1,11900,100,face,3,5,0.10014820098877,6,1,0.08671693211845016,0.11858795741295869,0.24952403262255096,0.02084061970693037,0.09315179365834578,0.2097334882561653
11,OnlineFPCA-adagrad,0.1,12000,100,face,3,5,0.100222826004028,6,1,0.08342690048237887,0.15115398383909093,0.3191544173937956,0.020322798571097873,0.09192622920083728,0.2101706660144418
11,OnlineFPCA-adagrad,0.1,12100,100,face,3,5,0.100383281707764,6,1,0.10935235690456213,0.11332380909769803,0.27829788495112906,0.019907201113399386,0.0911589193285985,0.21099050992864213
11,OnlineFPCA-adagrad,0.1,12200,100,face,3,5,0.100220918655396,6,1,0.16416397390925896,0.08313163486794378,0.2180880543574744,0.0203413466953388,0.09018674354647589,0.21067277283358468
11,OnlineFPCA-adagrad,0.1,12300,100,face,3,5,0.100354909896851,6,1,0.09570715293708713,0.14056902546778494,0.25975502621905466,0.020771934785648344,0.08868244751479848,0.21095027230550378
11,OnlineFPCA-adagrad,0.1,12400,100,face,3,5,0.100084781646729,6,1,0.10432136781705421,0.08305801258248571,0.3066162282437306,0.02056043853096453,0.08711983323236096,0.21126078320201697
11,OnlineFPCA-adagrad,0.1,12500,100,face,3,5,0.102566719055176,6,1,0.1058739101259893,0.18975188609855687,0.2502578014156607,0.020442729035101838,0.08601957616394272,0.2115249991090288
11,OnlineFPCA-adagrad,0.1,12600,100,face,3,5,0.0998666286468506,6,1,0.08412166889286296,0.185040417982464,0.2672859408267765,0.020596199846632326,0.08484549732097939,0.21145492456646192
11,OnlineFPCA-adagrad,0.1,12700,100,face,3,5,0.100436925888062,6,1,0.05101697772112125,0.18592320305856458,0.34252626763634353,0.02003787561297508,0.08411548939884785,0.21175672624605674
11,OnlineFPCA-adagrad,0.1,12800,100,face,3,5,0.100552558898926,6,1,0.09365628960693409,0.23539274009072808,0.3641134364685233,0.01969103463007824,0.08364245850677983,0.21268438626474753
11,OnlineFPCA-adagrad,0.1,12900,100,face,3,5,0.23252272605896,6,1,0.05925324355017156,0.19005606447003995,0.34316580523800827,0.0191307009613978,0.08285002234513603,0.21350782929388376
11,OnlineFPCA-adagrad,0.1,13000,100,face,3,5,0.0998909473419189,6,1,0.1623917351084496,0.12538852820505186,0.45210390229952413,0.018608514903739926,0.08245373808662676,0.2145753143043064
11,OnlineFPCA-adagrad,0.1,13100,100,face,3,5,0.0998749732971191,6,1,0.14416963811244107,0.23831901401981606,0.4299109884566015,0.018639629563215705,0.08255670598857279,0.21590784138982078
11,OnlineFPCA-adagrad,0.1,13200,100,face,3,5,0.102557420730591,6,1,0.0751909532698756,0.1936725648412322,0.337485929580962,0.018667075676584183,0.08246545290860165,0.21662909800927696
11,OnlineFPCA-adagrad,0.1,13300,100,face,3,5,0.100244760513306,6,1,0.13397370952414758,0.17276389115674576,0.35138469328837774,0.018592352966153376,0.08272486801841407,0.21710989687666493
11,OnlineFPCA-adagrad,0.1,13400,100,face,3,5,0.100922346115112,6,1,0.1638431756735737,0.1734769547544593,0.43263956047825153,0.018138268528389966,0.08313128150990608,0.21836100088648144
11,OnlineFPCA-adagrad,0.1,13500,100,face,3,5,0.102417945861816,6,1,0.10809980870900479,0.128165147721464,0.26779237041673465,0.018106855766933102,0.08306712093609776,0.21952160288535927
11,OnlineFPCA-adagrad,0.1,13600,100,face,3,5,0.10343074798584,6,1,0.1818673533777308,0.24530834485552108,0.18265028835001185,0.018917934209346166,0.08306756740021802,0.21909901008097515
11,OnlineFPCA-adagrad,0.1,13700,100,face,3,5,0.100497484207153,6,1,0.10798239800193425,0.16003400540816046,0.19668539746245148,0.01944234435473529,0.08342184395129566,0.21861882480501488
11,OnlineFPCA-adagrad,0.1,13800,100,face,3,5,0.100569009780884,6,1,0.11825983739567378,0.17472091744306176,0.2640825558710077,0.019409116741730945,0.08378857522046708,0.21836259499664226
11,OnlineFPCA-adagrad,0.1,13900,100,face,3,5,0.101912975311279,6,1,0.1145605150750713,0.21858032191822238,0.3045670806499658,0.019521432768248245,0.08333525314291691,0.2181344068056212
11,OnlineFPCA-adagrad,0.1,14000,100,face,3,5,0.10068678855896,6,1,0.13914851963095917,0.11884180942096864,0.2559873815648016,0.019816840153642934,0.08292329371146946,0.21826959550691688
11,OnlineFPCA-adagrad,0.1,14100,100,face,3,5,0.100225448608398,6,1,0.2018798159138673,0.2481926404435215,0.23760263568880455,0.020997722755864968,0.08285406213841594,0.21748899232793395
11,OnlineFPCA-adagrad,0.1,14200,100,face,3,5,0.107865810394287,6,1,0.09058561783753499,0.08996429221895484,0.16151660725934341,0.021307298027675784,0.08294141484258419,0.21574207312324928
11,OnlineFPCA-adagrad,0.1,14300,100,face,3,5,0.0997562408447266,6,1,0.09653279008296986,0.13905221800975442,0.19190066385662896,0.021240758604897467,0.08212830584442556,0.2136210289819531
11,OnlineFPCA-adagrad,0.1,14400,100,face,3,5,0.0990159511566162,6,1,0.09546737376597399,0.10205771049678487,0.1295154289911365,0.021233781605652792,0.08161654485211993,0.21225248835403046
11,OnlineFPCA-adagrad,0.1,14500,100,face,3,5,0.0994458198547363,6,1,0.11583012982308566,0.1672348241462869,0.14059272151497143,0.02106668244812646,0.08113130613202378,0.2113215524295005
11,OnlineFPCA-adagrad,0.1,14600,100,face,3,5,0.0982949733734131,6,1,0.059471058456323375,0.1564182567809444,0.2056344248484423,0.021214888715173862,0.08075682847417379,0.210939783137603
11,OnlineFPCA-adagrad,0.1,14700,100,face,3,5,0.0991523265838623,6,1,0.08400101100878755,0.19324762810609628,0.20483581836439976,0.02173251121230365,0.0803757433149695,0.2105641481627024
11,OnlineFPCA-adagrad,0.1,14800,100,face,3,5,0.0983829498291016,6,1,0.16155370339482555,0.18423574213180796,0.25519215728262035,0.022137332178873148,0.07994414208780311,0.2101226773672398
11,OnlineFPCA-adagrad,0.1,14900,100,face,3,5,0.104157209396362,6,1,0.1446252858694029,0.15500819459348142,0.21976433463402462,0.022700249949508,0.07948076854499717,0.2102106173857676
11,OnlineFPCA-adagrad,0.1,15000,100,face,3,5,0.0993497371673584,6,1,0.0715854011689811,0.1823703167684572,0.23824710799682566,0.023029549511687477,0.07925013218501178,0.21018560756010393
11,OnlineFPCA-adagrad,0.1,0,100,face,3,5,6.36265110969543,6,2,1.9833449137690444,1.428822454486776,1.5185662068465793,1.9833449137690444,1.428822454486776,1.5185662068465793
11,OnlineFPCA-adagrad,0.1,100,100,face,3,5,0.338161945343018,6,2,1.7753145011248082,0.767903293696973,1.970743200855584,NA,NA,NA
11,OnlineFPCA-adagrad,0.1,200,100,face,3,5,0.339232683181763,6,2,1.413632523581281,1.4102283124094688,0.49598713331481503,NA,NA,NA
11,OnlineFPCA-adagrad,0.1,300,100,face,3,5,0.336437463760376,6,2,1.5518416775275692,1.4195511336343696,0.571615154739319,NA,NA,NA
11,OnlineFPCA-adagrad,0.1,400,100,face,3,5,0.339787721633911,6,2,1.8807833443724074,1.014150787833326,1.1672113723987452,NA,NA,NA
11,OnlineFPCA-adagrad,0.1,500,100,face,3,5,0.339441061019897,6,2,1.9877590966551537,0.9154010941443611,0.7029780586055512,NA,NA,NA
11,OnlineFPCA-adagrad,0.1,600,100,face,3,5,0.337868213653564,6,2,1.4047669598665222,1.4841710453695107,0.7564225779940295,NA,NA,NA
11,OnlineFPCA-adagrad,0.1,700,100,face,3,5,0.336866855621338,6,2,1.395398860168238,1.4861469956045639,0.6693782519626047,NA,NA,NA
11,OnlineFPCA-adagrad,0.1,800,100,face,3,5,0.34581732749939,6,2,1.3895958569041857,1.482943387061887,0.6169807569125719,NA,NA,NA
11,OnlineFPCA-adagrad,0.1,900,100,face,3,5,0.335983514785767,6,2,1.3882498499200604,1.4810730282047153,0.5936220280845913,NA,NA,NA
11,OnlineFPCA-adagrad,0.1,1000,100,face,3,5,0.341609477996826,6,2,1.387695157018292,1.4785762451208353,0.5822027318814768,NA,NA,NA
11,OnlineFPCA-adagrad,0.1,1100,100,face,3,5,0.469086885452271,6,2,0.423574128157054,0.32679309892828223,0.3519330685144121,0.5048289730487052,0.6384554397996721,0.44768880094149477
11,OnlineFPCA-adagrad,0.1,1200,100,face,3,5,0.466497659683228,6,2,0.4741636121666616,1.0899813941790388,1.0128950671619166,0.6985875648747097,1.1243455255408454,0.9093766920005976
11,OnlineFPCA-adagrad,0.1,1300,100,face,3,5,0.466798543930054,6,2,0.54503664641748,1.0943689253955473,0.9730503466977944,0.6321291619259147,1.1111337677060327,0.9338693588302358
11,OnlineFPCA-adagrad,0.1,1400,100,face,3,5,0.467491149902344,6,2,0.5777910477752766,1.0681705287461944,0.9425840486478702,0.6104831778543708,1.104875761620494,0.9371414921267189
11,OnlineFPCA-adagrad,0.1,1500,100,face,3,5,0.472594261169434,6,2,0.5920235699246689,1.0481366099290013,0.9138493879428747,0.6005086740729664,1.0953810595256672,0.9325862243003922
11,OnlineFPCA-adagrad,0.1,1600,100,face,3,5,0.469276428222656,6,2,0.5578385345326016,1.017813469366103,0.9216802687235083,0.5936228743027213,1.0850238023096932,0.9281634270402265
11,OnlineFPCA-adagrad,0.1,1700,100,face,3,5,0.467031478881836,6,2,0.5731150707640181,1.0101964794173464,0.9245011260814431,0.5866428000229446,1.0756962344112742,0.9263033339006805
11,OnlineFPCA-adagrad,0.1,1800,100,face,3,5,0.46323299407959,6,2,0.5528379279950185,0.9807065194662646,0.8942389124860992,0.581386011974548,1.065648621935121,0.9228308895688727
11,OnlineFPCA-adagrad,0.1,1900,100,face,3,5,0.465282917022705,6,2,0.5388704246216268,0.9606299023382149,0.8779642563255128,0.5751316405356255,1.0543922598427917,0.9184329775829146
11,OnlineFPCA-adagrad,0.1,2000,100,face,3,5,0.470373153686523,6,2,0.505760257223782,0.920739714148663,0.8571262916782827,0.568520724972035,1.0423400431875396,0.9118559182570986
11,OnlineFPCA-adagrad,0.1,2100,100,face,3,5,0.466626167297363,6,2,0.48538608398594507,0.8824634549794352,0.8271517716643412,0.5583838752406324,1.0298355033878648,0.904429153510434
11,OnlineFPCA-adagrad,0.1,2200,100,face,3,5,0.468015193939209,6,2,0.36701241819502106,0.8228875362200537,0.798567504644819,0.5392754268025156,1.0135207307370195,0.8951217103464262
11,OnlineFPCA-adagrad,0.1,2300,100,face,3,5,0.600993871688843,6,2,0.3732492281589853,0.8527061593353965,0.8163257147434365,0.5154585322085476,0.9965327640383397,0.8892161930462585
11,OnlineFPCA-adagrad,0.1,2400,100,face,3,5,0.460983276367188,6,2,0.16733452173956823,0.755229998242682,0.784906894263297,0.4773245551714024,0.9711120445593464,0.8823488850600281
11,OnlineFPCA-adagrad,0.1,2500,100,face,3,5,0.459151983261108,6,2,0.21436412063802718,0.7135893063875189,0.7331385823481927,0.44594110457649616,0.9467695196720456,0.8726581286684936
11,OnlineFPCA-adagrad,0.1,2600,100,face,3,5,0.505601167678833,6,2,0.10708978325176234,0.7199601545174452,0.7288835179933508,0.42133922926265016,0.9278782074394613,0.8623121455078001
11,OnlineFPCA-adagrad,0.1,2700,100,face,3,5,0.502593755722046,6,2,0.07322300666290538,0.697844024344084,0.7594283434112619,0.3999593246743825,0.9114323456688967,0.8548327838387211
11,OnlineFPCA-adagrad,0.1,2800,100,face,3,5,0.503587484359741,6,2,0.12377744356780562,0.7109639643595322,0.7897089630590723,0.3779836143685691,0.8963835491771358,0.8495270394277514
11,OnlineFPCA-adagrad,0.1,2900,100,face,3,5,0.505662441253662,6,2,0.09332371831675154,0.714973437321064,0.7732857531017588,0.3551290503993928,0.8826542797015793,0.8445750271219084
11,OnlineFPCA-adagrad,0.1,3000,100,face,3,5,0.513498783111572,6,2,0.22022823535554542,0.7276631309664652,0.7410231801115358,0.33552446045859086,0.8705971944972151,0.8388439659665516
11,OnlineFPCA-adagrad,0.1,3100,100,face,3,5,0.501766920089722,6,2,0.16541398423813042,0.75250469060074,0.6745629982375329,0.32294182598514104,0.8596096071725409,0.8316025240655215
11,OnlineFPCA-adagrad,0.1,3200,100,face,3,5,0.505040884017944,6,2,0.12814555519651694,0.7545817971411096,0.7156818453733786,0.3079993536461741,0.8497346879029413,0.8252902613953518
11,OnlineFPCA-adagrad,0.1,3300,100,face,3,5,0.50175404548645,6,2,0.17312156426861613,0.7171890545960645,0.7529713783546474,0.29859790598312336,0.8425354589846266,0.8210117548005142
11,OnlineFPCA-adagrad,0.1,3400,100,face,3,5,0.500170707702637,6,2,0.20403023044494895,0.7725326973625263,0.7294844151509984,0.2914387238510481,0.8358998750566722,0.8166355183267853
11,OnlineFPCA-adagrad,0.1,3500,100,face,3,5,0.499569892883301,6,2,0.13202883939675586,0.7024952712221106,0.6709073607965941,0.28524380132819405,0.8302342583550428,0.8119482886617129
11,OnlineFPCA-adagrad,0.1,3600,100,face,3,5,0.499548673629761,6,2,0.2640630417411664,0.7015682842132567,0.6683808225127112,0.2810496649083306,0.8235396072992249,0.8052371351579186
11,OnlineFPCA-adagrad,0.1,3700,100,face,3,5,0.504880666732788,6,2,0.11421982800805593,0.6388623541952815,0.6559496590134027,0.2742076981400427,0.8152903397559537,0.7982493668037653
11,OnlineFPCA-adagrad,0.1,3800,100,face,3,5,0.498288869857788,6,2,0.15559306682798876,0.6749188918187621,0.6883974931731088,0.26515858087659977,0.808014649492872,0.7933050575668811
11,OnlineFPCA-adagrad,0.1,3900,100,face,3,5,0.502296924591064,6,2,0.13747299317987635,0.7538042042806562,0.6706589404237971,0.2571992345410991,0.8030120358262606,0.7882475284935084
11,OnlineFPCA-adagrad,0.1,4000,100,face,3,5,0.501001834869385,6,2,0.2494349463038379,0.7984201889714289,0.7840261582541276,0.2494349463038379,0.7984201889714289,0.7840261582541276
11,OnlineFPCA-adagrad,0.1,4100,100,face,3,5,0.50610089302063,6,2,0.28999776375803415,0.7842777576231021,0.7204126543508628,0.24159054435015298,0.7974585740390515,0.7509822800464404
11,OnlineFPCA-adagrad,0.1,4200,100,face,3,5,0.501449823379517,6,2,0.1510936034556399,0.7013277400909075,0.7480350147075174,0.1850231888299016,0.7561547343912574,0.7324024756802454
11,OnlineFPCA-adagrad,0.1,4300,100,face,3,5,0.505071878433228,6,2,0.13301723000373222,0.7181409788194648,0.7014841197579263,0.14545021873460845,0.7291347569677287,0.7195524907013782
11,OnlineFPCA-adagrad,0.1,4400,100,face,3,5,0.633615016937256,6,2,0.15204098341923258,0.7146590193046631,0.7244675694952559,0.12162050647089302,0.7217635267346896,0.7131073207296731
11,OnlineFPCA-adagrad,0.1,4500,100,face,3,5,0.503620147705078,6,2,0.15234401188063304,0.7302589127661762,0.684510540529867,0.10589934917244213,0.7171164219549276,0.7114789791162445
11,OnlineFPCA-adagrad,0.1,4600,100,face,3,5,0.498582363128662,6,2,0.05862308068332835,0.7618030771719162,0.7096677977429082,0.0998271978309881,0.7183270943879809,0.7134215174033165
11,OnlineFPCA-adagrad,0.1,4700,100,face,3,5,0.501158952713013,6,2,0.11167412012596366,0.7349735100372184,0.7457627191683243,0.09632313867345979,0.7188249816863849,0.7130721674457606
11,OnlineFPCA-adagrad,0.1,4800,100,face,3,5,0.498762369155884,6,2,0.23201277897284844,0.7007522024011337,0.7495029491773956,0.0904251351509595,0.7162723263001718,0.7090918114034431
11,OnlineFPCA-adagrad,0.1,4900,100,face,3,5,0.502673149108887,6,2,0.1667266861950644,0.7195219236858139,0.7709574914123617,0.08923581027920686,0.7143913868440513,0.7124419133795292
11,OnlineFPCA-adagrad,0.1,5000,100,face,3,5,0.507324457168579,6,2,0.11626744641469776,0.7483458776249241,0.7543227727056695,0.081687477138241385,0.7135818390671524,0.7152688370295156
11,OnlineFPCA-adagrad,0.1,5100,100,face,3,5,0.101715087890625,6,2,0.15130083723554663,0.7380677747477606,0.7153818189842993,0.06961104203696176,0.7141386718006493,0.7162914503119079
11,OnlineFPCA-adagrad,0.1,5200,100,face,3,5,0.0993123054504395,6,2,0.09402223868682215,0.6957622039328032,0.695996200276851,0.062370507566969505,0.7127166367954676,0.713989292361303
11,OnlineFPCA-adagrad,0.1,5300,100,face,3,5,0.101625919342041,6,2,0.12929934093744916,0.7348414287345567,0.7547217256937537,0.06018700792624469,0.7099473565099954,0.7152121515320196
11,OnlineFPCA-adagrad,0.1,5400,100,face,3,5,0.103795528411865,6,2,0.16169875131192304,0.7015151116624715,0.7186689248924168,0.055642378976345774,0.7066197205313268,0.7153656174211883
11,OnlineFPCA-adagrad,0.1,5500,100,face,3,5,0.101828336715698,6,2,0.0937357282503984,0.6876603188177279,0.6814414730153281,0.051839764447134305,0.7049512423186216,0.7146895392975305
11,OnlineFPCA-adagrad,0.1,5600,100,face,3,5,0.103922367095947,6,2,0.10987656146131926,0.6581287647702633,0.7173055852373355,0.04691565506492803,0.7021870206422589,0.7122850195377001
11,OnlineFPCA-adagrad,0.1,5700,100,face,3,5,0.102562189102173,6,2,0.1799025862776099,0.6336375659495537,0.6832465753517987,0.041287017292377215,0.6987162578825938,0.7104387116053472
11,OnlineFPCA-adagrad,0.1,5800,100,face,3,5,0.103862285614014,6,2,0.1281049000855648,0.6289000620884531,0.7037611518802268,0.03974746021753358,0.6941299214246146,0.708467664913899
11,OnlineFPCA-adagrad,0.1,5900,100,face,3,5,0.104847192764282,6,2,0.12369196284428968,0.6339397381299359,0.638535187338499,0.043181028187059385,0.6901469884741648,0.7067589293628354
11,OnlineFPCA-adagrad,0.1,6000,100,face,3,5,0.102180480957031,6,2,0.06472794958112592,0.5982800000461241,0.6573609903118978,0.0426108341740756,0.6853582044243121,0.7029803490111085
11,OnlineFPCA-adagrad,0.1,6100,100,face,3,5,0.104884147644043,6,2,0.10570177981978718,0.6142409411717327,0.6629339089666239,0.040997538612781347,0.6815836186604962,0.6996756330939975
11,OnlineFPCA-adagrad,0.1,6200,100,face,3,5,0.101658582687378,6,2,0.12269922038175382,0.6123702999831214,0.692205820686883,0.03676734194065625,0.6780411901799362,0.6974264955217107
11,OnlineFPCA-adagrad,0.1,6300,100,face,3,5,0.104830265045166,6,2,0.10115100386392939,0.5990232641824532,0.6444061802197635,0.0338806405219082,0.6748005821573845,0.6952474004307853
11,OnlineFPCA-adagrad,0.1,6400,100,face,3,5,0.233968734741211,6,2,0.15611658666092743,0.5951691502969109,0.6264198966739785,0.03163498026648235,0.6713806129706938,0.6921296889084906
11,OnlineFPCA-adagrad,0.1,6500,100,face,3,5,0.104844331741333,6,2,0.12457592270257124,0.5384692298424111,0.5288023311230747,0.03127003919292204,0.6662296657562851,0.6864284494553553
11,OnlineFPCA-adagrad,0.1,6600,100,face,3,5,0.102889537811279,6,2,0.10691740303557266,0.5763944524460515,0.6330465107684268,0.028816725406197057,0.6616167305713234,0.6809213533333667
11,OnlineFPCA-adagrad,0.1,6700,100,face,3,5,0.104597806930542,6,2,0.10535689595870135,0.5432678320949711,0.6398941851101483,0.026952837145619746,0.657081815817658,0.677339395363351
11,OnlineFPCA-adagrad,0.1,6800,100,face,3,5,0.102080106735229,6,2,0.140259235166608,0.5347281954659657,0.5924545038744653,0.02458964929675392,0.6514342095105885,0.673720100157424
11,OnlineFPCA-adagrad,0.1,6900,100,face,3,5,0.0988337993621826,6,2,0.10319677095171251,0.5227493441673865,0.5612603000089116,0.022740390347753138,0.6462643771464772,0.6703043202239409
11,OnlineFPCA-adagrad,0.1,7000,100,face,3,5,0.0990579128265381,6,2,0.09425024908041255,0.5303515350509108,0.5620524033971582,0.02127095208005081,0.6412065528918413,0.665669562848047
11,OnlineFPCA-adagrad,0.1,7100,100,face,3,5,0.0991933345794678,6,2,0.11230723306939762,0.4923259203856185,0.5358360659520035,0.020118386623451362,0.6359581125699789,0.6611339565155885
11,OnlineFPCA-adagrad,0.1,7200,100,face,3,5,0.0994038581848145,6,2,0.18290598941755035,0.47318738552614875,0.4920445067763381,0.02142966750247265,0.6305322592998492,0.6548798882129537
11,OnlineFPCA-adagrad,0.1,7300,100,face,3,5,0.0988554954528809,6,2,0.09733786601701026,0.511886983889029,0.5443787293357492,0.023698354050234426,0.625155760970039,0.6499705166098035
11,OnlineFPCA-adagrad,0.1,7400,100,face,3,5,0.103872299194336,6,2,0.10104333082188284,0.4296566848547949,0.5399179624495853,0.022689184423241186,0.6196567743236209,0.6454645424400812
11,OnlineFPCA-adagrad,0.1,7500,100,face,3,5,0.0990455150604248,6,2,0.11320003574991835,0.410218463253755,0.4536002962489281,0.022008228457460918,0.6128853571020826,0.6394609929556212
11,OnlineFPCA-adagrad,0.1,7600,100,face,3,5,0.0989429950714111,6,2,0.09107140109167756,0.3819595335907655,0.4363408774547093,0.02193775449355886,0.6051393651233945,0.6319974228617576
11,OnlineFPCA-adagrad,0.1,7700,100,face,3,5,0.0992782115936279,6,2,0.05748979175578184,0.32559613194495046,0.47969055789362625,0.020659588347185773,0.5967225666688544,0.6245986099091222
11,OnlineFPCA-adagrad,0.1,7800,100,face,3,5,0.0998332500457764,6,2,0.0983468087841844,0.3598114353052362,0.5217290470800078,0.020113192649746627,0.5881960715065204,0.6181324906605052
11,OnlineFPCA-adagrad,0.1,7900,100,face,3,5,0.099736213684082,6,2,0.06391575850117823,0.3268750006013323,0.4784737272165902,0.0186645528888104,0.5799354330074189,0.6115730283044762
11,OnlineFPCA-adagrad,0.1,8000,100,face,3,5,0.0988790988922119,6,2,0.18876498249132967,0.3108288837577011,0.5366097664784696,0.017389164028065413,0.5726703732957082,0.6058370432664402
11,OnlineFPCA-adagrad,0.1,8100,100,face,3,5,0.0995156764984131,6,2,0.16828289294651896,0.3846296288105351,0.47550940683145526,0.017311423604584972,0.5649784948567353,0.5995384858907126
11,OnlineFPCA-adagrad,0.1,8200,100,face,3,5,0.09853196144104,6,2,0.0926688517300998,0.31753360403648057,0.40785965670376884,0.017128385095590948,0.5573517866810805,0.592953909895342
11,OnlineFPCA-adagrad,0.1,8300,100,face,3,5,0.098663330078125,6,2,0.14572772695084757,0.27277755269799686,0.4063521938990501,0.017389886157756836,0.5494333077866357,0.5859699758771855
11,OnlineFPCA-adagrad,0.1,8400,100,face,3,5,0.0976383686065674,6,2,0.17179515706962467,0.29428895203060335,0.47413799368138826,0.017218737299028262,0.5417732794136241,0.5798936501088459
11,OnlineFPCA-adagrad,0.1,8500,100,face,3,5,0.0979952812194824,6,2,0.11394785353410912,0.24900831380788457,0.3179213772932292,0.017772055692058884,0.5345569112586276,0.5739504060654956
11,OnlineFPCA-adagrad,0.1,8600,100,face,3,5,0.0971674919128418,6,2,0.2113976112239392,0.32772633023422026,0.24140800847614466,0.020200380386003393,0.5267116767033092,0.5664088728729759
11,OnlineFPCA-adagrad,0.1,8700,100,face,3,5,0.097909688949585,6,2,0.10902763856607046,0.1688752918724741,0.20921573757502412,0.02134325876543732,0.517335569920706,0.5576560067371867
11,OnlineFPCA-adagrad,0.1,8800,100,face,3,5,0.0978970527648926,6,2,0.13428294965077545,0.2228837642604847,0.2717644407666751,0.021047662982292003,0.5081998748046178,0.548908543747827
11,OnlineFPCA-adagrad,0.1,8900,100,face,3,5,0.0980434417724609,6,2,0.11945256179490818,0.3144699629944923,0.3147199076222045,0.020981178968593767,0.500477029207783,0.5412322722674897
11,OnlineFPCA-adagrad,0.1,9000,100,face,3,5,0.0981564521789551,6,2,0.15798163465051573,0.1708975032390253,0.2584912440308732,0.021481191551983598,0.49283184484893866,0.5338605804166292
11,OnlineFPCA-adagrad,0.1,9100,100,face,3,5,0.0986504554748535,6,2,0.2189597430372213,0.29381899610687845,0.21499960568668483,0.02371990919488368,0.4852848241527765,0.5253376534230388
11,OnlineFPCA-adagrad,0.1,9200,100,face,3,5,0.0986557006835938,6,2,0.10004140659052646,0.13639733816990637,0.18336255012296837,0.024443253384965422,0.47750646260080765,0.5162535034094835
11,OnlineFPCA-adagrad,0.1,9300,100,face,3,5,0.098886251449585,6,2,0.10392563483900769,0.21083040934545225,0.22846699877043522,0.024178500021820388,0.4705765765995532,0.5082324243323146
11,OnlineFPCA-adagrad,0.1,9400,100,face,3,5,0.0998837947845459,6,2,0.11306049306977362,0.16323618383728453,0.17069656520006,0.02416904289635759,0.46369442353777673,0.5009726293293406
11,OnlineFPCA-adagrad,0.1,9500,100,face,3,5,0.0993499755859375,6,2,0.12756719412685222,0.22300245157377208,0.1798294450286177,0.02397631724704823,0.457053408110192,0.4946713831858341
11,OnlineFPCA-adagrad,0.1,9600,100,face,3,5,0.0995323657989502,6,2,0.05942632699558205,0.20809040380601398,0.24949196365659515,0.02444542078208549,0.4507720034506131,0.4891397234506544
11,OnlineFPCA-adagrad,0.1,9700,100,face,3,5,0.0991065502166748,6,2,0.08859523979520426,0.2538370977249968,0.26280057255900413,0.025453634833976755,0.4448754491119122,0.4839250090866951
11,OnlineFPCA-adagrad,0.1,9800,100,face,3,5,0.100728988647461,6,2,0.18617647089378972,0.21710061977311057,0.30521712258801903,0.026093094981022434,0.438686863817979,0.47841789270476054
11,OnlineFPCA-adagrad,0.1,9900,100,face,3,5,0.0998456478118896,6,2,0.15046459831575157,0.2006034885793664,0.27970908645969117,0.02718995307435095,0.43247588280586674,0.47362190217214145
11,OnlineFPCA-adagrad,0.1,10000,100,face,3,5,0.100094556808472,6,2,0.08608988739401686,0.22535060259779216,0.27612622599678327,0.027532666611027566,0.4267834247505888,0.46885488896152716
11,OnlineFPCA-adagrad,0.1,10100,100,face,3,5,0.0993497371673584,6,2,0.10650921991136093,0.20052614688495102,0.18557473109663425,0.027043189624337424,0.421798420872987,0.46394007025310613
11,OnlineFPCA-adagrad,0.1,10200,100,face,3,5,0.0998306274414062,6,2,0.08634630299044929,0.14037866770466123,0.15589341571596654,0.02657699670544774,0.41690130507243717,0.45840714847696895
11,OnlineFPCA-adagrad,0.1,10300,100,face,3,5,0.0997071266174316,6,2,0.10351465856472343,0.2839535815052941,0.23395655833685433,0.02650919742583633,0.41152850677594577,0.4535157245325269
11,OnlineFPCA-adagrad,0.1,10400,100,face,3,5,0.10014796257019,6,2,0.12865485856172457,0.17195848178019615,0.25303468721586375,0.02619342493502991,0.40628707322858065,0.44889459391815933
11,OnlineFPCA-adagrad,0.1,10500,100,face,3,5,0.100506067276001,6,2,0.0899425858876599,0.19362691362283643,0.22221487676425625,0.02598412848594682,0.4016840854761445,0.4447415125341099
11,OnlineFPCA-adagrad,0.1,10600,100,face,3,5,0.0995190143585205,6,2,0.09828183662475722,0.11370473124410704,0.2970906362924172,0.02575706840991914,0.3969733385282977,0.44038358464778665
11,OnlineFPCA-adagrad,0.1,10700,100,face,3,5,0.0999259948730469,6,2,0.1498207449930707,0.12523981990676086,0.2425916495838571,0.025174529641553912,0.39227184429904083,0.43609277208032127
11,OnlineFPCA-adagrad,0.1,10800,100,face,3,5,0.0988836288452148,6,2,0.12432598763146537,0.1947344663771937,0.27877847150405194,0.02502241394896372,0.38728638698267315,0.43181085980125455
11,OnlineFPCA-adagrad,0.1,10900,100,face,3,5,0.0988948345184326,6,2,0.10054119175452358,0.18526681531073896,0.2636110436383187,0.025996623851409738,0.38251900245620174,0.4277559726858985
11,OnlineFPCA-adagrad,0.1,11000,100,face,3,5,0.0986926555633545,6,2,0.05495840301077738,0.13471954304226968,0.2386877729810656,0.02614101821337018,0.37776155148423485,0.42321495086451666
11,OnlineFPCA-adagrad,0.1,11100,100,face,3,5,0.101562738418579,6,2,0.08782458688599366,0.16622357278866523,0.2562009610329206,0.025715395150643413,0.37323582658794313,0.41895867192332886
11,OnlineFPCA-adagrad,0.1,11200,100,face,3,5,0.101111173629761,6,2,0.09547619622309597,0.18174880476698838,0.24203284494981397,0.02488085004691105,0.36867857846233737,0.41486540281444156
11,OnlineFPCA-adagrad,0.1,11300,100,face,3,5,0.0992319583892822,6,2,0.10432206701427632,0.11904391036135874,0.23379298758697864,0.02437939569842182,0.3643989913453275,0.41129010623289125
11,OnlineFPCA-adagrad,0.1,11400,100,face,3,5,0.0992066860198975,6,2,0.13011033791844165,0.1087990479333473,0.2800942829492433,0.0238238081377898,0.36038355989082055,0.4080496529925841
11,OnlineFPCA-adagrad,0.1,11500,100,face,3,5,0.104310750961304,6,2,0.10727889303500536,0.13465320449388007,0.20523797171759692,0.023514499032965812,0.3563890392610143,0.40481045331639237
11,OnlineFPCA-adagrad,0.1,11600,100,face,3,5,0.0992939472198486,6,2,0.08815758208308436,0.1346593018788914,0.38439367991824447,0.02300508864019071,0.3525383537098837,0.40207766114140386
11,OnlineFPCA-adagrad,0.1,11700,100,face,3,5,0.098884105682373,6,2,0.0872589942338425,0.11715044446067074,0.34609291282256804,0.02269368273282856,0.34866763265511264,0.39998522246240537
11,OnlineFPCA-adagrad,0.1,11800,100,face,3,5,0.0996429920196533,6,2,0.10957426536483315,0.13620243752314062,0.30467516391304067,0.022129145533849363,0.3443741565002085,0.3973624618388406
11,OnlineFPCA-adagrad,0.1,11900,100,face,3,5,0.107593059539795,6,2,0.08695511297230867,0.12282979256378763,0.2460782757244155,0.021485347111829308,0.34027706451762096,0.3947829357505211
11,OnlineFPCA-adagrad,0.1,12000,100,face,3,5,0.0999953746795654,6,2,0.08393437558395708,0.1568136320533761,0.3121522954850807,0.020787747541951583,0.3363953312043296,0.3919013602993542
11,OnlineFPCA-adagrad,0.1,12100,100,face,3,5,0.0990602970123291,6,2,0.10788300681477776,0.1143929638695609,0.2725671905812981,0.020210421225160872,0.33245083240331613,0.3890740204185531
11,OnlineFPCA-adagrad,0.1,12200,100,face,3,5,0.102167129516602,6,2,0.1635373364108321,0.08447519564430789,0.21528910796834244,0.020560343172118547,0.32832902383494994,0.38552509848921923
11,OnlineFPCA-adagrad,0.1,12300,100,face,3,5,0.101210594177246,6,2,0.09517518692102069,0.14462188877568363,0.25958858409549285,0.02103546650104644,0.32426063873709854,0.38248406151798986
11,OnlineFPCA-adagrad,0.1,12400,100,face,3,5,0.099860668182373,6,2,0.1037402101798899,0.08499784930707573,0.30167198289084196,0.020649988153373787,0.3204397177727034,0.37980281603052984
11,OnlineFPCA-adagrad,0.1,12500,100,face,3,5,0.101905822753906,6,2,0.10544938046552989,0.1928725919823529,0.2424874575199274,0.020330354371531956,0.3167560817085724,0.3770595888127532
11,OnlineFPCA-adagrad,0.1,12600,100,face,3,5,0.101684331893921,6,2,0.08367966836372485,0.18791185604818586,0.25577935020672177,0.020440082523876833,0.31302799310848256,0.37407635950653134
11,OnlineFPCA-adagrad,0.1,12700,100,face,3,5,0.0988249778747559,6,2,0.050035419120053735,0.18474358222674067,0.3304058648589529,0.019955872203229297,0.3091751841002057,0.3711659623200515
11,OnlineFPCA-adagrad,0.1,12800,100,face,3,5,0.0985910892486572,6,2,0.0932684558404173,0.23548459989908926,0.34991481088804943,0.01960600830881661,0.3049326230150376,0.3684142002139181
11,OnlineFPCA-adagrad,0.1,12900,100,face,3,5,0.100777864456177,6,2,0.058599078078350825,0.18948592129555522,0.33119811056212956,0.018944046582337788,0.30088608177117426,0.365738822521519
11,OnlineFPCA-adagrad,0.1,13000,100,face,3,5,0.0986988544464111,6,2,0.1636357473722379,0.12375260485939349,0.4315505053023349,0.01838146254764505,0.2972363779819513,0.36351255834252694
11,OnlineFPCA-adagrad,0.1,13100,100,face,3,5,0.0993587970733643,6,2,0.14376355688652417,0.23872513979966628,0.4052848801996747,0.01842351729910857,0.2936268284404351,0.36133521637040905
11,OnlineFPCA-adagrad,0.1,13200,100,face,3,5,0.0997333526611328,6,2,0.07259726177760338,0.1932493269494142,0.32260769204123046,0.0184615136837083,0.2901469373649254,0.35893524459474413
11,OnlineFPCA-adagrad,0.1,13300,100,face,3,5,0.0998456478118896,6,2,0.1308801348322675,0.17258806277567887,0.3324626623566713,0.018547856706859562,0.28677332651305815,0.3563814564595982
11,OnlineFPCA-adagrad,0.1,13400,100,face,3,5,0.0989208221435547,6,2,0.16265976563322576,0.17465615207568197,0.4131671438413688,0.018399616097298243,0.2836226430222592,0.3544675701722591
11,OnlineFPCA-adagrad,0.1,13500,100,face,3,5,0.0996129512786865,6,2,0.10824982189366791,0.1306544262358831,0.25158961110774336,0.018607415055536782,0.28059411696100617,0.35266961635671323
11,OnlineFPCA-adagrad,0.1,13600,100,face,3,5,0.0987937450408936,6,2,0.18296891167932425,0.2518425302002023,0.16725093478712055,0.019555542563736473,0.2774363475552046,0.3498894311543862
11,OnlineFPCA-adagrad,0.1,13700,100,face,3,5,0.099292516708374,6,2,0.10855519644548677,0.1647573747619129,0.18901458773415078,0.020105234501180198,0.27377022444949756,0.3466730747302108
11,OnlineFPCA-adagrad,0.1,13800,100,face,3,5,0.0986723899841309,6,2,0.11804714175427719,0.1789766408087792,0.2532257859416352,0.02009197214868125,0.27034107067232266,0.3435978591917622
11,OnlineFPCA-adagrad,0.1,13900,100,face,3,5,0.0998032093048096,6,2,0.11458088009046019,0.22160838257040197,0.2995378736456568,0.02018484059585924,0.2674073913815668,0.3409587729319284
11,OnlineFPCA-adagrad,0.1,14000,100,face,3,5,0.0984647274017334,6,2,0.1388756386716763,0.11951978948415123,0.24464034807861967,0.020490911092648955,0.2645103109393995,0.33852954267326757
11,OnlineFPCA-adagrad,0.1,14100,100,face,3,5,0.0989594459533691,6,2,0.20112505133297853,0.2479490840525998,0.22640752320283317,0.021621126878482992,0.2616661480412019,0.33538277948841827
11,OnlineFPCA-adagrad,0.1,14200,100,face,3,5,0.0988497734069824,6,2,0.08911661141479972,0.09287201687151637,0.1588543725381669,0.022021704418012395,0.25881215590392903,0.3317026194095521
11,OnlineFPCA-adagrad,0.1,14300,100,face,3,5,0.102491855621338,6,2,0.09599812235472314,0.14279701041153858,0.1799463089350773,0.021990334583182964,0.2561336117595161,0.32820431291874863
11,OnlineFPCA-adagrad,0.1,14400,100,face,3,5,0.100618362426758,6,2,0.09542633866055476,0.10492684790638405,0.12138138800490476,0.022019449946324827,0.25347310184149424,0.3252089664322886
11,OnlineFPCA-adagrad,0.1,14500,100,face,3,5,0.0995280742645264,6,2,0.1152084219008526,0.16941594193184914,0.1365018625190541,0.021911486794088643,0.25090702940694776,0.3227291528244518
11,OnlineFPCA-adagrad,0.1,14600,100,face,3,5,0.231953382492065,6,2,0.05833278327329844,0.1585630197481844,0.20107191279570433,0.022100888693333143,0.24847542587260152,0.32072872588343004
11,OnlineFPCA-adagrad,0.1,14700,100,face,3,5,0.0988569259643555,6,2,0.08341496334433766,0.19648420646969506,0.2023948539429445,0.02262872705634183,0.2462214049500279,0.31889383002524324
11,OnlineFPCA-adagrad,0.1,14800,100,face,3,5,0.0996479988098145,6,2,0.16064738564655398,0.18474876581076655,0.2508468245136448,0.023029643960086187,0.24383758150798585,0.31690583012725465
11,OnlineFPCA-adagrad,0.1,14900,100,face,3,5,0.101239919662476,6,2,0.1442811200040654,0.1557040233600521,0.21639950422802606,0.023625138239820587,0.24136035120045252,0.3152783870160482
11,OnlineFPCA-adagrad,0.1,15000,100,face,3,5,0.0993852615356445,6,2,0.07107212436309784,0.18298067857858202,0.2310629364319879,0.023940147951923212,0.23908209562358018,0.3135893636226402
11,OnlineFPCA-adagrad,0.1,0,100,face,3,5,6.36265110969543,6,3,1.9833449137690444,0.2971411168619065,1.7689521031900395,1.9833449137690444,0.2971411168619065,1.7689521031900395
11,OnlineFPCA-adagrad,0.1,100,100,face,3,5,0.336162567138672,6,3,1.3309182608177692,1.1834388616238187,1.2883917398558988,NA,NA,NA
11,OnlineFPCA-adagrad,0.1,200,100,face,3,5,0.339250564575195,6,3,1.9136340010628614,1.1201005038268002,1.8443946228192132,NA,NA,NA
11,OnlineFPCA-adagrad,0.1,300,100,face,3,5,0.335222721099854,6,3,1.9447590416218,1.368085798233872,1.7706044677065957,NA,NA,NA
11,OnlineFPCA-adagrad,0.1,400,100,face,3,5,0.348683595657349,6,3,0.7527462379902055,0.6008162957302824,1.573192219222029,NA,NA,NA
11,OnlineFPCA-adagrad,0.1,500,100,face,3,5,0.338025569915771,6,3,0.7827658696542994,0.997292934085681,0.9936872074135168,NA,NA,NA
11,OnlineFPCA-adagrad,0.1,600,100,face,3,5,0.333560943603516,6,3,1.9298076319509796,0.6096071769645816,2.023381032917614,NA,NA,NA
11,OnlineFPCA-adagrad,0.1,700,100,face,3,5,0.340499401092529,6,3,1.9338393696599687,0.6046095922790398,2.0231307247090027,NA,NA,NA
11,OnlineFPCA-adagrad,0.1,800,100,face,3,5,0.337108373641968,6,3,1.9384718574203947,0.5988830261478997,2.022691087655062,NA,NA,NA
11,OnlineFPCA-adagrad,0.1,900,100,face,3,5,0.341133117675781,6,3,0.5912623206269414,1.133582086325407,1.513704078919642,NA,NA,NA
11,OnlineFPCA-adagrad,0.1,1000,100,face,3,5,0.336799144744873,6,3,0.571226211745703,1.1361155777783956,1.5139033944419775,NA,NA,NA
11,OnlineFPCA-adagrad,0.1,1100,100,face,3,5,0.468313455581665,6,3,0.14015856787029982,0.9961581906890332,1.5359539668481366,0.2403665505093295,1.0913159515966724,1.5358198412802186
11,OnlineFPCA-adagrad,0.1,1200,100,face,3,5,0.482993841171265,6,3,0.1561046024749697,0.8932719799660473,1.5605903476998657,0.16446371365244855,1.0265122045260286,1.5417755094173229
11,OnlineFPCA-adagrad,0.1,1300,100,face,3,5,0.465201854705811,6,3,0.10563613008418521,0.89314404736989494,1.55342138339586,0.13683082101935948,0.981965855639489,1.5439961502196449
11,OnlineFPCA-adagrad,0.1,1400,100,face,3,5,0.474030733108521,6,3,0.25000906232141257,0.7627544771504242,1.4943106907656438,0.11322673701687881,0.9505655203306409,1.5397964424568953
11,OnlineFPCA-adagrad,0.1,1500,100,face,3,5,0.466208219528198,6,3,0.18270113908498775,0.5775998193450754,1.4118373685688734,0.10350365151697846,0.8835214780052787,1.5248511930266642
11,OnlineFPCA-adagrad,0.1,1600,100,face,3,5,0.473791122436523,6,3,0.13805727474373322,0.5072158694941744,0.8201695368910008,0.08671723377920675,0.8199633330374314,1.4457542745628884
11,OnlineFPCA-adagrad,0.1,1700,100,face,3,5,0.47231650352478,6,3,0.11092001424844608,0.48245913861725087,0.5016906598787964,0.07307759635051693,0.7657673437516165,1.3048934629141358
11,OnlineFPCA-adagrad,0.1,1800,100,face,3,5,0.468907833099365,6,3,0.10743021661152091,0.436287825398928,0.4524491769443135,0.056532325010388663,0.7207846452790118,1.1773973252102055
11,OnlineFPCA-adagrad,0.1,1900,100,face,3,5,0.603874921798706,6,3,0.16448918774451676,0.4094826397238032,0.3992825206460324,0.04936572178506613,0.681151870111717,1.0725435927609872
11,OnlineFPCA-adagrad,0.1,2000,100,face,3,5,0.460321664810181,6,3,0.1746571800891558,0.40804760264451695,0.4215905868472842,0.04633280853567705,0.6498532304505932,0.9918857637122958
11,OnlineFPCA-adagrad,0.1,2100,100,face,3,5,0.453728199005127,6,3,0.2851251594850503,0.38210678088773087,0.4079726711444218,0.04433715102341939,0.6209713156787842,0.930014083278937
11,OnlineFPCA-adagrad,0.1,2200,100,face,3,5,0.459479093551636,6,3,0.20163177729360734,0.4002545669612571,0.4014211775258378,0.03637497526658105,0.5975757106685076,0.8706346761801678
11,OnlineFPCA-adagrad,0.1,2300,100,face,3,5,0.461168050765991,6,3,0.30287779504080825,0.3785144050831581,0.39051025545938073,0.025539136872020803,0.5758364647555695,0.8286741826642569
11,OnlineFPCA-adagrad,0.1,2400,100,face,3,5,0.457892894744873,6,3,0.21454704859307697,0.32724272241851077,0.3587038900685857,0.029539290248217852,0.5568605627011819,0.7914730804950845
11,OnlineFPCA-adagrad,0.1,2500,100,face,3,5,0.460982322692871,6,3,0.18948882485459842,0.3062157082618371,0.28468470653971295,0.032732890732527595,0.5356448132998003,0.754113161461817
11,OnlineFPCA-adagrad,0.1,2600,100,face,3,5,0.495864629745483,6,3,0.0922675109022081,0.3064737035821108,0.22902626208416516,0.030701594937707553,0.5124191762038917,0.7134446021376121
11,OnlineFPCA-adagrad,0.1,2700,100,face,3,5,0.506207466125488,6,3,0.05899984971582269,0.3796683525296208,0.3728249274185066,0.027808934183598026,0.49129394534269116,0.680474732005299
11,OnlineFPCA-adagrad,0.1,2800,100,face,3,5,0.49357008934021,6,3,0.138961130123634,0.34940636039871525,0.36211958392252563,0.026897761306619392,0.47546244740722265,0.6525028207076449
11,OnlineFPCA-adagrad,0.1,2900,100,face,3,5,0.501509189605713,6,3,0.09194354881868681,0.30897858733226413,0.325998401278762,0.026672780670035878,0.4598760618103646,0.6291842510933877
11,OnlineFPCA-adagrad,0.1,3000,100,face,3,5,0.498072862625122,6,3,0.20215913934017268,0.23461095534985713,0.49191319721284815,0.02549700747178207,0.44753767471340955,0.6073427963972456
11,OnlineFPCA-adagrad,0.1,3100,100,face,3,5,0.500494718551636,6,3,0.18359895078567037,0.3671736467674876,0.475853193197008,0.02065203244267814,0.43787722753109676,0.5878267317216276
11,OnlineFPCA-adagrad,0.1,3200,100,face,3,5,0.497817039489746,6,3,0.17029667110515462,0.26574110802299966,0.41655803513013917,0.018954594930081572,0.4265421875572647,0.5697533945518464
11,OnlineFPCA-adagrad,0.1,3300,100,face,3,5,0.499616861343384,6,3,0.21366417479208,0.25716536273283375,0.3926712555398329,0.015038378229054057,0.4140027554007317,0.5517281361334362
11,OnlineFPCA-adagrad,0.1,3400,100,face,3,5,0.50145411491394,6,3,0.21966597344851513,0.2535874848836161,0.5197043522145162,0.013749360226116617,0.40274526949812756,0.5411449931622467
11,OnlineFPCA-adagrad,0.1,3500,100,face,3,5,0.497716665267944,6,3,0.12545854306851809,0.19825246246123593,0.23625934644465363,0.015433437916379326,0.3911107354181115,0.5286240643257478
11,OnlineFPCA-adagrad,0.1,3600,100,face,3,5,0.49709939956665,6,3,0.26361528982109556,0.40901568310777253,0.16668234105625135,0.018644442075959708,0.3813933321947895,0.5101254158205369
11,OnlineFPCA-adagrad,0.1,3700,100,face,3,5,0.497625827789307,6,3,0.14907342503595367,0.2152483531122738,0.21962800918481118,0.020131759916656642,0.37532646131863323,0.49765051780279856
11,OnlineFPCA-adagrad,0.1,3800,100,face,3,5,0.49964451789856,6,3,0.1783093375962043,0.2397992025919906,0.2564324420966448,0.02041115617381577,0.3663984983330642,0.48854866381714684
11,OnlineFPCA-adagrad,0.1,3900,100,face,3,5,0.496140718460083,6,3,0.13805694976049981,0.3542794969931454,0.36053894675843573,0.020986176311538325,0.35392522302242696,0.47822832953013983
11,OnlineFPCA-adagrad,0.1,4000,100,face,3,5,0.632813215255737,6,3,0.022274328655540042,0.3428472605230819,0.4701739365362745,0.022274328655540042,0.3428472605230819,0.4701739365362745
11,OnlineFPCA-adagrad,0.1,4100,100,face,3,5,0.493836879730225,6,3,0.24881988493398893,0.4239881006949338,0.40001367269752053,0.1373278507459767,0.3708840278822165,0.42774482460999674
11,OnlineFPCA-adagrad,0.1,4200,100,face,3,5,0.499352693557739,6,3,0.11828574758389584,0.33240402115465806,0.4428740791276404,0.09738696077705965,0.361985078407991,0.3940632010512193
11,OnlineFPCA-adagrad,0.1,4300,100,face,3,5,0.495742082595825,6,3,0.10651454757139629,0.3601249075970792,0.34501174300184995,0.05623961326694941,0.3282955174088714,0.37209731115022926
11,OnlineFPCA-adagrad,0.1,4400,100,face,3,5,0.499404430389404,6,3,0.15106081800830962,0.32959088517693635,0.30927515018222695,0.04024548398769146,0.31874430646807017,0.34580621521449795
11,OnlineFPCA-adagrad,0.1,4500,100,face,3,5,0.495244264602661,6,3,0.15077939871695498,0.36622103038242965,0.3364065982467575,0.040244070248023844,0.31571896701054164,0.3234724642010549
11,OnlineFPCA-adagrad,0.1,4600,100,face,3,5,0.500360012054443,6,3,0.05358312524264463,0.3277471466472261,0.37765838841076044,0.043161878419098645,0.3149522411439873,0.3209257095858469
11,OnlineFPCA-adagrad,0.1,4700,100,face,3,5,0.501274108886719,6,3,0.11208100642760922,0.4399863867593618,0.3944786409073855,0.04802395398726993,0.3104437508402889,0.31776258932467066
11,OnlineFPCA-adagrad,0.1,4800,100,face,3,5,0.502111196517944,6,3,0.23035365557345228,0.3910395124752451,0.42924577764237815,0.04416654455712175,0.3109972595178353,0.3215204466387352
11,OnlineFPCA-adagrad,0.1,4900,100,face,3,5,0.49897289276123,6,3,0.17065300525092011,0.3422066652091193,0.32960509334467913,0.0501263898885248,0.30734668709392543,0.32401157966881755
11,OnlineFPCA-adagrad,0.1,5000,100,face,3,5,0.493857622146606,6,3,0.12104344926832801,0.3051108632209391,0.3253137126713535,0.04797004562108998,0.3030640931297815,0.32285923842344766
11,OnlineFPCA-adagrad,0.1,5100,100,face,3,5,0.103298902511597,6,3,0.14548265485472014,0.25649181297140006,0.24439680544012224,0.041467648043996684,0.2936944166234371,0.3144311146598107
11,OnlineFPCA-adagrad,0.1,5200,100,face,3,5,0.10050630569458,6,3,0.09151298251514256,0.16095480251168104,0.16954528791367787,0.03750546598001339,0.2818080800844832,0.3006758581836136
11,OnlineFPCA-adagrad,0.1,5300,100,face,3,5,0.103447675704956,6,3,0.11898636705238486,0.3697322833693472,0.25291758829464955,0.036819695063852506,0.27291576178886434,0.2903556206947734
11,OnlineFPCA-adagrad,0.1,5400,100,face,3,5,0.101295232772827,6,3,0.15483497348275285,0.17063137321475322,0.2791668092616777,0.033712093847635814,0.26280400411017807,0.28321290497930307
11,OnlineFPCA-adagrad,0.1,5500,100,face,3,5,0.102936983108521,6,3,0.10136659430443569,0.19874749719085952,0.2512190472610678,0.031935537401964774,0.2510370786654518,0.27620973540762533
11,OnlineFPCA-adagrad,0.1,5600,100,face,3,5,0.103470802307129,6,3,0.11090311107195089,0.10220342959330114,0.3300330857094316,0.03148989740527642,0.2402467432769149,0.2713539757251877
11,OnlineFPCA-adagrad,0.1,5700,100,face,3,5,0.0999076366424561,6,3,0.1816711626110766,0.15886713369687305,0.25422471541808983,0.029401629676886615,0.2290235070221354,0.2642660442411576
11,OnlineFPCA-adagrad,0.1,5800,100,face,3,5,0.103670358657837,6,3,0.12561268738173123,0.25233745524419027,0.29038777778912384,0.030887949736223285,0.22169924991015494,0.2588500382733371
11,OnlineFPCA-adagrad,0.1,5900,100,face,3,5,0.100313425064087,6,3,0.10469701953753395,0.21852974876880285,0.27490040193595133,0.03520234429039927,0.21557101417735078,0.2530232990764535
11,OnlineFPCA-adagrad,0.1,6000,100,face,3,5,0.103214502334595,6,3,0.05921744577298939,0.1419558221402685,0.2650936375726773,0.03440523400952234,0.20899693769969974,0.2457948035675656
11,OnlineFPCA-adagrad,0.1,6100,100,face,3,5,0.100778818130493,6,3,0.11203174630213915,0.19118089251594472,0.2848518648206963,0.031268721588002986,0.20198364820721176,0.24065491239728923
11,OnlineFPCA-adagrad,0.1,6200,100,face,3,5,0.103185415267944,6,3,0.11712459129814481,0.2086411859904125,0.25021779150725443,0.0271776284759857,0.19665382992498034,0.23744782759154914
11,OnlineFPCA-adagrad,0.1,6300,100,face,3,5,0.100536346435547,6,3,0.11354143072927649,0.10833273357364133,0.24375390638899191,0.026236035094052326,0.19091075843432018,0.23498888814237207
11,OnlineFPCA-adagrad,0.1,6400,100,face,3,5,0.104073524475098,6,3,0.16141542314755947,0.09903824360495844,0.304233717479122,0.024187929421245376,0.1827214304796394,0.23252150327476837
11,OnlineFPCA-adagrad,0.1,6500,100,face,3,5,0.10100531578064,6,3,0.1293701446894946,0.1473960954887127,0.23196812415619222,0.02352398135581659,0.1740968034155516,0.23028795337060753
11,OnlineFPCA-adagrad,0.1,6600,100,face,3,5,0.103466749191284,6,3,0.10455793750666513,0.12712809009721,0.46284794978463084,0.022497181017454106,0.1675617680837008,0.23194964575774843
11,OnlineFPCA-adagrad,0.1,6700,100,face,3,5,0.101387500762939,6,3,0.10252099008770171,0.13798997445433941,0.37819774535322237,0.022851489728690305,0.16115448443094693,0.23598047803281094
11,OnlineFPCA-adagrad,0.1,6800,100,face,3,5,0.104098796844482,6,3,0.12818505669877106,0.16101980505547356,0.3247860416622682,0.021063197281923088,0.15413989192101288,0.23676200396725186
11,OnlineFPCA-adagrad,0.1,6900,100,face,3,5,0.10393238067627,6,3,0.10064370209785285,0.13151568315429232,0.24117300970571817,0.02015455936293785,0.1482528004834136,0.23654384535753553
11,OnlineFPCA-adagrad,0.1,7000,100,face,3,5,0.101062774658203,6,3,0.0918977126067869,0.17560483685382314,0.35142075652555504,0.020549097299704517,0.14366577137211495,0.2357082482915995
11,OnlineFPCA-adagrad,0.1,7100,100,face,3,5,0.103915929794312,6,3,0.124927634271256,0.12249124159921543,0.28240134954924423,0.020278515829281054,0.14016746061667576,0.23609970302254554
11,OnlineFPCA-adagrad,0.1,7200,100,face,3,5,0.101049423217773,6,3,0.18298127308674542,0.10083764630784371,0.22752825765071566,0.02171370726334242,0.13656464940015964,0.23320027695118054
11,OnlineFPCA-adagrad,0.1,7300,100,face,3,5,0.104285478591919,6,3,0.10355729574226671,0.17050522707567065,0.2650774766000103,0.02322017316720466,0.13156994604211641,0.2327356590283633
11,OnlineFPCA-adagrad,0.1,7400,100,face,3,5,0.101299285888672,6,3,0.11829407093594166,0.10075345093828693,0.3278029158591425,0.023227836293825,0.1272519853850714,0.23189207125051683
11,OnlineFPCA-adagrad,0.1,7500,100,face,3,5,0.104663610458374,6,3,0.1199446708387147,0.2291932136246571,0.26419275213101534,0.023489109001206866,0.12354339827276095,0.23065017324379591
11,OnlineFPCA-adagrad,0.1,7600,100,face,3,5,0.101248741149902,6,3,0.09102360758535534,0.21220559628283533,0.28907720487225785,0.023509466626406864,0.11930309883998469,0.22822046646793157
11,OnlineFPCA-adagrad,0.1,7700,100,face,3,5,0.103432655334473,6,3,0.058097430459003105,0.21105427614089647,0.37295820237922284,0.021739501712858513,0.11653108703784179,0.22745187642502585
11,OnlineFPCA-adagrad,0.1,7800,100,face,3,5,0.102032423019409,6,3,0.11002976584173864,0.26393930522552417,0.4012253040016621,0.02115359223828151,0.11492149292030338,0.22843352975533496
11,OnlineFPCA-adagrad,0.1,7900,100,face,3,5,0.10431694984436,6,3,0.06645772600847594,0.2146901579193005,0.3598421113348981,0.02047854757815219,0.11273839364555675,0.22929551803118262
11,OnlineFPCA-adagrad,0.1,8000,100,face,3,5,0.102006912231445,6,3,0.17670486620439851,0.15535092563456943,0.5020414181068275,0.019733166660388803,0.11165083339324075,0.23081483157207336
11,OnlineFPCA-adagrad,0.1,8100,100,face,3,5,0.104890823364258,6,3,0.16504336607907635,0.29024387474058017,0.4732474955425207,0.019336521458904424,0.1117349253625653,0.2331164343561299
11,OnlineFPCA-adagrad,0.1,8200,100,face,3,5,0.103120803833008,6,3,0.10606358573539479,0.21613497841541676,0.3810464982198439,0.018966505837652695,0.11127871737270725,0.23437199163344644
11,OnlineFPCA-adagrad,0.1,8300,100,face,3,5,0.100678205490112,6,3,0.16648959432035004,0.2002016632561206,0.3789885971162316,0.017936784075515532,0.11128501686314295,0.23492421006242606
11,OnlineFPCA-adagrad,0.1,8400,100,face,3,5,0.103759288787842,6,3,0.18630527594408855,0.19226613660535852,0.4682542299684766,0.015926083743578925,0.11151895807958802,0.23749534562196825
11,OnlineFPCA-adagrad,0.1,8500,100,face,3,5,0.101433038711548,6,3,0.11541134066634069,0.14002160122369933,0.25844746909021943,0.015147499079014679,0.11058060619338198,0.23946073564802903
11,OnlineFPCA-adagrad,0.1,8600,100,face,3,5,0.104230403900146,6,3,0.21061696486949838,0.29078723235186976,0.16250085495542113,0.016902042797341685,0.11003896266861937,0.2374660976792435
11,OnlineFPCA-adagrad,0.1,8700,100,face,3,5,0.10133957862854,6,3,0.11911596190323719,0.16987923790694573,0.18274959404795854,0.0178244800992782,0.1106421307977716,0.2356349825041437
11,OnlineFPCA-adagrad,0.1,8800,100,face,3,5,0.104593515396118,6,3,0.13762477595492797,0.2028486719839801,0.25051633983462046,0.017588445089489625,0.11075631107056882,0.23453096915113045
11,OnlineFPCA-adagrad,0.1,8900,100,face,3,5,0.101064682006836,6,3,0.12140007410118132,0.27494720932024114,0.31386413214768,0.017772320782344822,0.1087129366020057,0.23360821359523662
11,OnlineFPCA-adagrad,0.1,9000,100,face,3,5,0.103801250457764,6,3,0.15854658675829383,0.12779240835887296,0.25058906903275097,0.01842587886171142,0.10710534905548948,0.23374431572542814
11,OnlineFPCA-adagrad,0.1,9100,100,face,3,5,0.101556301116943,6,3,0.21955462295677977,0.27177433321022965,0.2350809382884177,0.021069262360746476,0.10632115749301521,0.23163106136063097
11,OnlineFPCA-adagrad,0.1,9200,100,face,3,5,0.10466194152832,6,3,0.10542498584722933,0.09204825455348938,0.16569835291638105,0.021491316894427345,0.10586879804570566,0.22759675270129354
11,OnlineFPCA-adagrad,0.1,9300,100,face,3,5,0.101490497589111,6,3,0.10578501676314347,0.1706193960879222,0.20162566232713236,0.021157477831006452,0.10351919904980417,0.2231159394178155
11,OnlineFPCA-adagrad,0.1,9400,100,face,3,5,0.104358911514282,6,3,0.11276418620589357,0.12195601449792931,0.13802452080416472,0.021089595573514728,0.10192343666045892,0.22028634651572873
11,OnlineFPCA-adagrad,0.1,9500,100,face,3,5,0.105164051055908,6,3,0.1297876667626828,0.1946546982441496,0.15379470356552055,0.020787457385016687,0.10051311359868832,0.2183649085094634
11,OnlineFPCA-adagrad,0.1,9600,100,face,3,5,0.100779294967651,6,3,0.059742648400551344,0.1742198899917472,0.23852781095490888,0.021207946614809535,0.09940065222074088,0.21775712669268124
11,OnlineFPCA-adagrad,0.1,9700,100,face,3,5,0.103852272033691,6,3,0.09023023225696948,0.22610316848308443,0.24202603487339935,0.02229817744248314,0.09831355300718989,0.2171193075334121
11,OnlineFPCA-adagrad,0.1,9800,100,face,3,5,0.100473403930664,6,3,0.18646004039787606,0.2034102654429657,0.29252811386318706,0.022979940942210817,0.09727811288420389,0.21659053029068
11,OnlineFPCA-adagrad,0.1,9900,100,face,3,5,0.104479312896729,6,3,0.15171098885583523,0.1762910092251499,0.24738041014797613,0.024060087811272914,0.09616939728157152,0.21707871206287385
11,OnlineFPCA-adagrad,0.1,10000,100,face,3,5,0.101453065872192,6,3,0.08678396776347665,0.19762680852618444,0.25802741141361274,0.024538483496873206,0.0954216812639807,0.21715528099931336
11,OnlineFPCA-adagrad,0.1,10100,100,face,3,5,0.105132579803467,6,3,0.10512922573503018,0.15817867969453733,0.1571198492887708,0.02431626534940026,0.09445668017399847,0.2157315214667127
11,OnlineFPCA-adagrad,0.1,10200,100,face,3,5,0.101927995681763,6,3,0.0854196685808988,0.09156650837431038,0.11793140115933204,0.024068893362307515,0.0931296431159106,0.21287085585538673
11,OnlineFPCA-adagrad,0.1,10300,100,face,3,5,0.115377902984619,6,3,0.10277867037137557,0.2707392885036378,0.20783877415897284,0.024135108947752608,0.09202595412202506,0.21129016404931214
11,OnlineFPCA-adagrad,0.1,10400,100,face,3,5,0.112745523452759,6,3,0.1276637119040964,0.14890894088955473,0.2348235638013917,0.023952725184950747,0.0903223263819649,0.2100191489597874
11,OnlineFPCA-adagrad,0.1,10500,100,face,3,5,0.114135265350342,6,3,0.08993873169709943,0.17252498038986017,0.20851829006553688,0.023957749835152246,0.08829169729495985,0.20901275271504396
11,OnlineFPCA-adagrad,0.1,10600,100,face,3,5,0.111220598220825,6,3,0.09857783994006462,0.084751645217184507,0.2851760335431387,0.02402108340141291,0.08649145677836961,0.20809610634827683
11,OnlineFPCA-adagrad,0.1,10700,100,face,3,5,0.115782260894775,6,3,0.15016971996090506,0.1075768462817263,0.231857714210871,0.023689699113332983,0.084971127320164,0.2067693093916023
11,OnlineFPCA-adagrad,0.1,10800,100,face,3,5,0.116673707962036,6,3,0.12325386814687621,0.19269324036645086,0.2713259238258015,0.023796858831755405,0.08451704297871401,0.20584912941231215
11,OnlineFPCA-adagrad,0.1,10900,100,face,3,5,0.111910104751587,6,3,0.09842831219286392,0.17889616429311106,0.25977738784431514,0.024912112590095042,0.08467917023934356,0.20500367345523102
11,OnlineFPCA-adagrad,0.1,11000,100,face,3,5,0.116590976715088,6,3,0.05424416382851463,0.12807948058076649,0.23876571342438035,0.025064202929770164,0.08424260770268757,0.20311626193999122
11,OnlineFPCA-adagrad,0.1,11100,100,face,3,5,0.111862421035767,6,3,0.09013177974532015,0.1604179466988717,0.25445489560150686,0.024487605316208985,0.08353794091694566,0.20165740393697554
11,OnlineFPCA-adagrad,0.1,11200,100,face,3,5,0.116024017333984,6,3,0.09547033035873186,0.1766483938716037,0.23414035410236603,0.023648131095623193,0.08308348971022943,0.20060707828891164
11,OnlineFPCA-adagrad,0.1,11300,100,face,3,5,0.11338996887207,6,3,0.10462867426900463,0.10935420121792952,0.22697330120549794,0.02333249590291884,0.08266957929857909,0.20028737406841324
11,OnlineFPCA-adagrad,0.1,11400,100,face,3,5,0.115914344787598,6,3,0.13045629622203733,0.09325978121152546,0.2786169694554847,0.022813860277723034,0.08155112918945989,0.2003496189718626
11,OnlineFPCA-adagrad,0.1,11500,100,face,3,5,0.115304708480835,6,3,0.10755240243817553,0.12589507092474775,0.2049069366828686,0.02245918601746591,0.07993014792908784,0.20052547147785857
11,OnlineFPCA-adagrad,0.1,11600,100,face,3,5,0.117640256881714,6,3,0.08763091949824625,0.12442877025820541,0.39434029189135605,0.02210847529299074,0.07867842213213606,0.20185576370842692
11,OnlineFPCA-adagrad,0.1,11700,100,face,3,5,0.114279508590698,6,3,0.08723317184337073,0.10826112606414275,0.3506593549742186,0.021982563601468583,0.07726701870937432,0.2040511063565633
11,OnlineFPCA-adagrad,0.1,11800,100,face,3,5,0.117525100708008,6,3,0.10888027876261694,0.13123360492298364,0.30798887968852134,0.021415603274124295,0.07541711927747302,0.20515495162258118
11,OnlineFPCA-adagrad,0.1,11900,100,face,3,5,0.115918397903442,6,3,0.08662197860817769,0.11788631012245784,0.24707635910161346,0.020809896572442473,0.07403046064229579,0.20607582495817042
11,OnlineFPCA-adagrad,0.1,12000,100,face,3,5,0.118405103683472,6,3,0.08314992982638418,0.15062918725204977,0.31864353133264883,0.020293533006528183,0.0730992338305447,0.20666365494629985
11,OnlineFPCA-adagrad,0.1,12100,100,face,3,5,0.118928194046021,6,3,0.10940248213531392,0.11282079104005098,0.2772133214945334,0.01988370618413991,0.07264474543534798,0.2076103992904827
11,OnlineFPCA-adagrad,0.1,12200,100,face,3,5,0.115722894668579,6,3,0.1639903495154321,0.08277509641760834,0.21787787243436654,0.020325972631831862,0.07186895881368273,0.2073562150929554
11,OnlineFPCA-adagrad,0.1,12300,100,face,3,5,0.117276430130005,6,3,0.09568959853018227,0.14007202137884947,0.25924622678814707,0.020743895797042663,0.07045820202759857,0.20773907401020225
11,OnlineFPCA-adagrad,0.1,12400,100,face,3,5,0.11444878578186,6,3,0.10429347971913608,0.08270784598323062,0.30600648202312497,0.020540955973669277,0.06906584676786529,0.20818342124935582
11,OnlineFPCA-adagrad,0.1,12500,100,face,3,5,0.116565227508545,6,3,0.10590984812682766,0.1890525308969412,0.2482217267885014,0.020423296218039684,0.0682140092645114,0.2085591457712724
11,OnlineFPCA-adagrad,0.1,12600,100,face,3,5,0.113690376281738,6,3,0.08403901614938845,0.18470293592611542,0.26478318262236666,0.02057633208530603,0.0672608340756,0.20857241445992578
11,OnlineFPCA-adagrad,0.1,12700,100,face,3,5,0.117756366729736,6,3,0.051140384421545136,0.1858312619413732,0.3406495403574021,0.020007841070984845,0.06676049116778955,0.20893170165176045
11,OnlineFPCA-adagrad,0.1,12800,100,face,3,5,0.113981008529663,6,3,0.09365942488189462,0.23526641167593856,0.3619472235186378,0.01965871611029966,0.06647991987479318,0.20990143199446054
11,OnlineFPCA-adagrad,0.1,12900,100,face,3,5,0.116656303405762,6,3,0.05919643513153241,0.18997419927908207,0.3405522499820227,0.01910530805217825,0.0658496360673849,0.21077382729979202
11,OnlineFPCA-adagrad,0.1,13000,100,face,3,5,0.114807844161987,6,3,0.16278376467769706,0.12430984746925078,0.44969488404137986,0.018595683866040096,0.06568869036864575,0.21188702958501532
11,OnlineFPCA-adagrad,0.1,13100,100,face,3,5,0.116644620895386,6,3,0.1439828751851365,0.23692191338635799,0.4263975145562932,0.01863024292042312,0.06604530159900172,0.2132281094167623
11,OnlineFPCA-adagrad,0.1,13200,100,face,3,5,0.113316059112549,6,3,0.07574694176287931,0.19316732116550403,0.3353390786427921,0.018662436989048597,0.06612701810065844,0.21393937670644836
11,OnlineFPCA-adagrad,0.1,13300,100,face,3,5,0.116937398910522,6,3,0.1343817928174172,0.17240191874300903,0.34768194167578825,0.018574248959788268,0.06665187190582217,0.21440838126003045
11,OnlineFPCA-adagrad,0.1,13400,100,face,3,5,0.11487340927124,6,3,0.16409960164558673,0.17327991624162237,0.42941463574817884,0.01809638509090355,0.06736663664241023,0.2156834672520058
11,OnlineFPCA-adagrad,0.1,13500,100,face,3,5,0.112766027450562,6,3,0.10797500517880085,0.12846343241021074,0.26215743135099606,0.018047084803878153,0.06755353558512521,0.21686893046834158
11,OnlineFPCA-adagrad,0.1,13600,100,face,3,5,0.118360996246338,6,3,0.18185970532265677,0.24495754447602708,0.1760153659806381,0.018844008104954218,0.06781405810663214,0.21643086097640896
11,OnlineFPCA-adagrad,0.1,13700,100,face,3,5,0.114149570465088,6,3,0.1082015535689375,0.16011827070248041,0.1925548906383443,0.019366845721649296,0.06841641994481716,0.21593362591041435
11,OnlineFPCA-adagrad,0.1,13800,100,face,3,5,0.117044925689697,6,3,0.11832651638566717,0.1750168049774161,0.26100366903096156,0.019336006787078638,0.0690105207319045,0.21565372072165
11,OnlineFPCA-adagrad,0.1,13900,100,face,3,5,0.114526987075806,6,3,0.11465562780361735,0.2179343966574316,0.30333490731461726,0.019457334241784533,0.06871939503956881,0.21544289207869796
11,OnlineFPCA-adagrad,0.1,14000,100,face,3,5,0.118696928024292,6,3,0.13912211514508643,0.11826414597899652,0.252264789137923,0.019760586001527056,0.06845720785028232,0.2155945555548715
11,OnlineFPCA-adagrad,0.1,14100,100,face,3,5,0.116856336593628,6,3,0.20178850369841456,0.24693316905152363,0.2334107909730802,0.02094905995457125,0.06858301004890904,0.21478416627457225
11,OnlineFPCA-adagrad,0.1,14200,100,face,3,5,0.119435548782349,6,3,0.09055673547268134,0.08962152699279548,0.16096503371071583,0.021250638767734257,0.06889182532428342,0.21300347977624137
11,OnlineFPCA-adagrad,0.1,14300,100,face,3,5,0.114559412002563,6,3,0.09651349262889479,0.13865015241449843,0.18954615532315772,0.02117631117709329,0.06826045251025378,0.21090089911127408
11,OnlineFPCA-adagrad,0.1,14400,100,face,3,5,0.116573572158813,6,3,0.09543044909253691,0.10163461942947609,0.12752230291301236,0.021168571154026167,0.06794033773037961,0.20955385355429204
11,OnlineFPCA-adagrad,0.1,14500,100,face,3,5,0.114091873168945,6,3,0.11581393524185342,0.1666343140465295,0.13942240914654466,0.02100626722643168,0.06762992932471144,0.208658128146345
11,OnlineFPCA-adagrad,0.1,14600,100,face,3,5,0.118682146072388,6,3,0.05932942704225366,0.15619826675251067,0.20607332236943804,0.021153616324923658,0.06743436264238417,0.20833378356731375
11,OnlineFPCA-adagrad,0.1,14700,100,face,3,5,0.118064403533936,6,3,0.08384745908585356,0.19286497578862463,0.20501477326981127,0.02166833339126679,0.06726105140882006,0.20803013008530838
11,OnlineFPCA-adagrad,0.1,14800,100,face,3,5,0.11574649810791,6,3,0.16154803297278308,0.1835178368800254,0.2557171293376527,0.022065769894463738,0.06701043709042605,0.20765366062237364
11,OnlineFPCA-adagrad,0.1,14900,100,face,3,5,0.116852521896362,6,3,0.14450536898404095,0.15436900225231506,0.21974992546541156,0.02262118007722615,0.06670266056153124,0.20781189279093581
11,OnlineFPCA-adagrad,0.1,15000,100,face,3,5,0.113016366958618,6,3,0.0716162225711404,0.18203949477810027,0.2374079966594236,0.02294811888918832,0.06668281679784402,0.20784591097746669
11,OnlineFPCA-adagrad,0.1,0,100,face,3,5,6.36265110969543,8,1,0.2570427630092802,2.0058491327932266,1.110656945500026,0.2570427630092802,2.0058491327932266,1.110656945500026
11,OnlineFPCA-adagrad,0.1,100,100,face,3,5,0.482752561569214,8,1,1.1325098535746247,1.0706193910464743,1.633177831846606,NA,NA,NA
11,OnlineFPCA-adagrad,0.1,200,100,face,3,5,0.47424840927124,8,1,0.8608145837730977,0.49595322015767496,1.9990191111341309,NA,NA,NA
11,OnlineFPCA-adagrad,0.1,300,100,face,3,5,0.47601056098938,8,1,0.6927568684408739,0.7847936923171442,1.919648054771865,NA,NA,NA
11,OnlineFPCA-adagrad,0.1,400,100,face,3,5,0.479472875595093,8,1,0.6362070799610791,0.9805901238003489,0.7155794909087505,NA,NA,NA
11,OnlineFPCA-adagrad,0.1,500,100,face,3,5,0.475249528884888,8,1,0.41604127113841805,0.7408132542439176,1.1641204473475522,NA,NA,NA
11,OnlineFPCA-adagrad,0.1,600,100,face,3,5,0.471470832824707,8,1,0.31399479724582274,0.7866959807190077,1.1364247208263392,NA,NA,NA
11,OnlineFPCA-adagrad,0.1,700,100,face,3,5,0.477878570556641,8,1,0.3064594455149442,0.7735910288078784,1.135211250218313,NA,NA,NA
11,OnlineFPCA-adagrad,0.1,800,100,face,3,5,0.475600242614746,8,1,0.303192513255925,0.7584581323058734,1.132733140920142,NA,NA,NA
11,OnlineFPCA-adagrad,0.1,900,100,face,3,5,0.475591897964478,8,1,0.29846374740032094,0.7393280714075243,1.129392728892358,NA,NA,NA
11,OnlineFPCA-adagrad,0.1,1000,100,face,3,5,0.476568460464478,8,1,0.2945864054503488,0.7200733273627787,1.1244127389722165,NA,NA,NA
11,OnlineFPCA-adagrad,0.1,1100,100,face,3,5,0.698564529418945,8,1,0.24784221789342611,0.4074663563739799,0.7974957888875526,0.22074513638555268,0.5138872705549882,0.9465024065787745
11,OnlineFPCA-adagrad,0.1,1200,100,face,3,5,0.694396495819092,8,1,0.3323216757863665,0.3490097203461952,0.45084915004011256,0.2046260095771177,0.4068291627774393,0.7460152809720935
11,OnlineFPCA-adagrad,0.1,1300,100,face,3,5,0.689924716949463,8,1,0.08723479272649065,0.2836745401907619,0.3628953256349312,0.16065503747299498,0.34416029259693864,0.597820502983194
11,OnlineFPCA-adagrad,0.1,1400,100,face,3,5,0.677782297134399,8,1,0.22535475135385272,0.2661969566657503,0.3292628251209204,0.129351488141922,0.31499169807208705,0.5159809371108444
11,OnlineFPCA-adagrad,0.1,1500,100,face,3,5,0.680779933929443,8,1,0.21392647598495648,0.23430961669582323,0.2883951817386461,0.10261669196428569,0.2896433379075906,0.45992029928830436
11,OnlineFPCA-adagrad,0.1,1600,100,face,3,5,0.685556173324585,8,1,0.08020451380879612,0.23205325300439528,0.3305161399013732,0.08985162498290214,0.2718660507519036,0.4232060229829744
11,OnlineFPCA-adagrad,0.1,1700,100,face,3,5,0.691232442855835,8,1,0.11154462662819704,0.2395361339869535,0.30853994377285154,0.08495203175138077,0.2608093546030924,0.3996646086847183
11,OnlineFPCA-adagrad,0.1,1800,100,face,3,5,0.69469952583313,8,1,0.08572323000462413,0.21230445013168128,0.2770080152206168,0.08123859349580459,0.25378390283062485,0.38011434593968174
11,OnlineFPCA-adagrad,0.1,1900,100,face,3,5,0.688009977340698,8,1,0.10944816260784217,0.21226136002596452,0.24260070502451675,0.08063354425202457,0.2478263832934822,0.3619804411133456
11,OnlineFPCA-adagrad,0.1,2000,100,face,3,5,0.683182001113892,8,1,0.11291950113988336,0.2039657342647578,0.28508931740336674,0.08294302407467558,0.24307749698536843,0.3497034236164416
11,OnlineFPCA-adagrad,0.1,2100,100,face,3,5,0.687583208084106,8,1,0.30856891960347566,0.1517017720931189,0.2966434319929144,0.07839050220463997,0.23696324334918767,0.33715181800132665
11,OnlineFPCA-adagrad,0.1,2200,100,face,3,5,0.685663223266602,8,1,0.20898678393342263,0.16705543963102065,0.2348267928289509,0.0690683207896719,0.228484365434718,0.3218404247195385
11,OnlineFPCA-adagrad,0.1,2300,100,face,3,5,0.687840938568115,8,1,0.3662603740486157,0.21654021231437065,0.28868575128423685,0.064428236185516,0.2258126514473141,0.3174874471914593
11,OnlineFPCA-adagrad,0.1,2400,100,face,3,5,0.694093942642212,8,1,0.17766695765393065,0.1912989230679187,0.2687135866465311,0.06494584761161004,0.2198948241700116,0.3120300155204299
11,OnlineFPCA-adagrad,0.1,2500,100,face,3,5,0.683389186859131,8,1,0.18698893719492038,0.17912123993976786,0.1949854585719217,0.066777757560881,0.21531610920307992,0.303819282158892
11,OnlineFPCA-adagrad,0.1,2600,100,face,3,5,0.73764181137085,8,1,0.0727135715818823,0.23546066280900416,0.20180715256370163,0.061258337168240216,0.21071211753151228,0.2938271736017016
11,OnlineFPCA-adagrad,0.1,2700,100,face,3,5,0.745664119720459,8,1,0.05818948753729686,0.19123894232772654,0.23530921098669624,0.056670608138579236,0.20624075345338702,0.28769370004162215
11,OnlineFPCA-adagrad,0.1,2800,100,face,3,5,0.747169733047485,8,1,0.11392501135532276,0.1867998239382745,0.2725822707110417,0.05393324057989177,0.20025938838473756,0.2802994646991339
11,OnlineFPCA-adagrad,0.1,2900,100,face,3,5,0.885715007781982,8,1,0.08734120263258535,0.1604685912826546,0.27269100611311886,0.05282850982786385,0.196116518664271,0.2753083364128309
11,OnlineFPCA-adagrad,0.1,3000,100,face,3,5,0.733551502227783,8,1,0.16989687457546146,0.16910823022572113,0.308554949620369,0.04940511337662562,0.18459256712746702,0.2687184496939381
11,OnlineFPCA-adagrad,0.1,3100,100,face,3,5,0.734269142150879,8,1,0.1592444796566882,0.30188979005407024,0.2693622040049234,0.04331025036943822,0.16794163964844833,0.26164407578426546
11,OnlineFPCA-adagrad,0.1,3200,100,face,3,5,0.739901304244995,8,1,0.15365251017749587,0.2225406217290654,0.29895527619027606,0.040308722798549294,0.15589562221285191,0.2581786794843892
11,OnlineFPCA-adagrad,0.1,3300,100,face,3,5,0.74322509765625,8,1,0.17899462454237597,0.14883427914272065,0.3278195110835498,0.036628078845607905,0.1479630273112857,0.25367539984047155
11,OnlineFPCA-adagrad,0.1,3400,100,face,3,5,0.750687122344971,8,1,0.2039749638195445,0.24322332767990046,0.37846170053709444,0.032938242629965114,0.13991056942642283,0.254433257866968
11,OnlineFPCA-adagrad,0.1,3500,100,face,3,5,0.746367692947388,8,1,0.10931466007853777,0.17821328055830918,0.14584988409643687,0.028760500538476955,0.1330535176514646,0.2514684228295512
11,OnlineFPCA-adagrad,0.1,3600,100,face,3,5,0.739109039306641,8,1,0.23471936682124891,0.3721724079084554,0.21486611721822196,0.024859785402605406,0.12453353938350385,0.2436394389279435
11,OnlineFPCA-adagrad,0.1,3700,100,face,3,5,0.750742435455322,8,1,0.12072461990197048,0.16332066312802093,0.30422119034791684,0.020911844364876267,0.11494568580871686,0.24007413899089053
11,OnlineFPCA-adagrad,0.1,3800,100,face,3,5,0.748926162719727,8,1,0.16407427562109783,0.18216964902005559,0.29717253939521726,0.01824379594173859,0.10842650067630362,0.23776020823137592
11,OnlineFPCA-adagrad,0.1,3900,100,face,3,5,0.747904062271118,8,1,0.13715485878904038,0.28893062795042,0.3588042079446751,0.014714516211950036,0.10566419535955908,0.2374315441116395
11,OnlineFPCA-adagrad,0.1,4000,100,face,3,5,0.762382507324219,8,1,0.013151570897035515,0.10338055080407149,0.2379101184234121,0.013151570897035515,0.10338055080407149,0.2379101184234121
11,OnlineFPCA-adagrad,0.1,4100,100,face,3,5,0.743269205093384,8,1,0.24715610732803278,0.2912566674574285,0.12405525562079907,0.14025238266602938,0.2128186694677282,0.15637137741992696
11,OnlineFPCA-adagrad,0.1,4200,100,face,3,5,0.747484922409058,8,1,0.12189643405423263,0.16797132180354693,0.31928449276789195,0.09504657891115581,0.15926395649879863,0.13151600185180606
11,OnlineFPCA-adagrad,0.1,4300,100,face,3,5,0.753001689910889,8,1,0.10108223527918911,0.25297647488882835,0.26796900796201145,0.04957535785440076,0.12599372096060193,0.17243960194027838
11,OnlineFPCA-adagrad,0.1,4400,100,face,3,5,0.747921466827393,8,1,0.14800254613043096,0.19097014221901112,0.1666622559318063,0.034616665650720774,0.12489671411324177,0.15674068634870816
11,OnlineFPCA-adagrad,0.1,4500,100,face,3,5,0.882879018783569,8,1,0.14274256785653097,0.25829608013406724,0.18297945832920812,0.036154448187551404,0.12751309008998657,0.13358196389969804
11,OnlineFPCA-adagrad,0.1,4600,100,face,3,5,0.738966226577759,8,1,0.050988574026456214,0.24764781613105957,0.29734952916692015,0.03910136148124268,0.13153771653909674,0.14392220695492403
11,OnlineFPCA-adagrad,0.1,4700,100,face,3,5,0.738731622695923,8,1,0.10949762214284695,0.3292549443438149,0.37167648776988277,0.044145368003011415,0.13584608036612805,0.16126626001517344
11,OnlineFPCA-adagrad,0.1,4800,100,face,3,5,0.750688791275024,8,1,0.23717516092736002,0.22824858965837302,0.38088233290421414,0.03912913962281978,0.14064266683192106,0.18079135525722134
11,OnlineFPCA-adagrad,0.1,4900,100,face,3,5,0.735379934310913,8,1,0.16915792140128078,0.22837578102873354,0.32122787075199405,0.0449239258383241,0.13650618059686292,0.1988743654648575
11,OnlineFPCA-adagrad,0.1,5000,100,face,3,5,0.739353656768799,8,1,0.12222547879534823,0.24524266936112105,0.29240812426102264,0.04348393129856483,0.13596549915363143,0.20786835895360486
11,OnlineFPCA-adagrad,0.1,5100,100,face,3,5,0.111409425735474,8,1,0.1435452574335955,0.23739919247194757,0.19220751017203608,0.03865684895587837,0.13623113575284201,0.20462903764864862
11,OnlineFPCA-adagrad,0.1,5200,100,face,3,5,0.114673614501953,8,1,0.09997919242932737,0.1484576773031987,0.17215847280460736,0.035385051464480184,0.13439150197689517,0.1939853346354036
11,OnlineFPCA-adagrad,0.1,5300,100,face,3,5,0.118309736251831,8,1,0.13195316165816617,0.35244498362709664,0.25464970713936147,0.03533831925671736,0.12765487098188158,0.1904990925104021
11,OnlineFPCA-adagrad,0.1,5400,100,face,3,5,0.113593816757202,8,1,0.15883813993050105,0.16961558743691207,0.2734281780364252,0.032956090173390844,0.11999408933472988,0.1893676751685548
11,OnlineFPCA-adagrad,0.1,5500,100,face,3,5,0.11507773399353,8,1,0.09909547705736312,0.2057992125725371,0.23336474590404008,0.03161510474463066,0.11721890272287586,0.1917634509103465
11,OnlineFPCA-adagrad,0.1,5600,100,face,3,5,0.117115497589111,8,1,0.1149817701572746,0.1249092451976023,0.33726399302304483,0.03220935590315539,0.11508877754762736,0.19480520571800164
11,OnlineFPCA-adagrad,0.1,5700,100,face,3,5,0.11156177520752,8,1,0.18097585551340153,0.13836612945808835,0.2396077171066534,0.03061045920043767,0.11212284343466822,0.19602472675851593
11,OnlineFPCA-adagrad,0.1,5800,100,face,3,5,0.116762399673462,8,1,0.12778841421885132,0.21882959339912447,0.2696945359917993,0.032572457078686626,0.10877683932879413,0.19734311959893544
11,OnlineFPCA-adagrad,0.1,5900,100,face,3,5,0.113728046417236,8,1,0.11080871938931557,0.20543734478705028,0.2597568308623996,0.03658154308115593,0.10930930717269947,0.19884278580567635
11,OnlineFPCA-adagrad,0.1,6000,100,face,3,5,0.112552881240845,8,1,0.06090520571317688,0.13604433553228287,0.22584983468719502,0.03564735429152413,0.10775940346278169,0.19593817249883916
11,OnlineFPCA-adagrad,0.1,6100,100,face,3,5,0.116142511367798,8,1,0.1087859258545034,0.18378488708055096,0.2793597696294187,0.03203968188871653,0.10774944418028486,0.19598872905511802
11,OnlineFPCA-adagrad,0.1,6200,100,face,3,5,0.114969968795776,8,1,0.11464810561309151,0.20168186452577208,0.25329916886922627,0.027589973123020386,0.10800709766427939,0.19688810881744187
11,OnlineFPCA-adagrad,0.1,6300,100,face,3,5,0.110373973846436,8,1,0.11192662631021644,0.1158283863163211,0.2513581046760321,0.027124109951044344,0.10785736257952948,0.1990367620177715
11,OnlineFPCA-adagrad,0.1,6400,100,face,3,5,0.116314649581909,8,1,0.16254555043530194,0.11515897024783776,0.29901796095434213,0.025035084771110567,0.10536717188519325,0.2009135420941606
11,OnlineFPCA-adagrad,0.1,6500,100,face,3,5,0.120020151138306,8,1,0.12847586220474902,0.14755510216993395,0.21289477619946132,0.024230622659868677,0.10127226243191206,0.201710169552018
11,OnlineFPCA-adagrad,0.1,6600,100,face,3,5,0.116125822067261,8,1,0.10342232976565245,0.13651300900632313,0.43660915613980394,0.023177376490947595,0.09817636322904774,0.20574367225723292
11,OnlineFPCA-adagrad,0.1,6700,100,face,3,5,0.117609977722168,8,1,0.1015563023401297,0.13428063763779688,0.35344815375082933,0.02389895909637335,0.095518418711076,0.21245495499009628
11,OnlineFPCA-adagrad,0.1,6800,100,face,3,5,0.111768007278442,8,1,0.12806120578526783,0.1486406904451794,0.3081756868015908,0.022128171080717123,0.09160119606973474,0.21541662262969968
11,OnlineFPCA-adagrad,0.1,6900,100,face,3,5,0.1180100440979,8,1,0.09944760599818074,0.125594070999621,0.22101524395835256,0.021395181701428973,0.08963323917186274,0.2175408313506717
11,OnlineFPCA-adagrad,0.1,7000,100,face,3,5,0.117920160293579,8,1,0.09122143728743129,0.17459739437543248,0.3355594444903187,0.021930644760461936,0.08778754347260057,0.2178078309532287
11,OnlineFPCA-adagrad,0.1,7100,100,face,3,5,0.110971212387085,8,1,0.12405358082289179,0.11359643782466917,0.2696014292412742,0.021708178310333198,0.08559861956566264,0.21846521317911616
11,OnlineFPCA-adagrad,0.1,7200,100,face,3,5,0.116513729095459,8,1,0.18035158117297423,0.09540316735393631,0.22078004681523333,0.023083356703916574,0.081708707018213,0.21536770617590303
11,OnlineFPCA-adagrad,0.1,7300,100,face,3,5,0.113468647003174,8,1,0.10314857349466111,0.16672471518175672,0.2645309925962486,0.024337465782954176,0.07708023763065575,0.21547849856922782
11,OnlineFPCA-adagrad,0.1,7400,100,face,3,5,0.112418413162231,8,1,0.11715621156113384,0.09816191188382087,0.31701676529204575,0.024368123790408362,0.07484836229946723,0.21613756423637326
11,OnlineFPCA-adagrad,0.1,7500,100,face,3,5,0.115814685821533,8,1,0.12074839645336635,0.2240153823933816,0.2385860394519259,0.024494071212577278,0.07335944320043136,0.2160821521439177
11,OnlineFPCA-adagrad,0.1,7600,100,face,3,5,0.112154960632324,8,1,0.08918106509548375,0.21153829357090795,0.25725432955560334,0.024388207878054652,0.07138818284962303,0.21474845221482372
11,OnlineFPCA-adagrad,0.1,7700,100,face,3,5,0.115462064743042,8,1,0.058690373490640026,0.2057448221511478,0.34599947635811457,0.02248507048051872,0.06982042912157345,0.21422302742389282
11,OnlineFPCA-adagrad,0.1,7800,100,face,3,5,0.117455005645752,8,1,0.10915049114426234,0.2606923968381361,0.37119070999015524,0.021873356404249956,0.06776926992894831,0.21499538794449602
11,OnlineFPCA-adagrad,0.1,7900,100,face,3,5,0.111547231674194,8,1,0.06500531233550776,0.21023861069018876,0.32976317885538725,0.021248114913958213,0.06627359479978338,0.21571058504717205
11,OnlineFPCA-adagrad,0.1,8000,100,face,3,5,0.117760896682739,8,1,0.1804733627897021,0.1408613624532119,0.46427407042323676,0.02063115398201018,0.06461598533125197,0.2169998511684587
11,OnlineFPCA-adagrad,0.1,8100,100,face,3,5,0.117559909820557,8,1,0.16195178180269984,0.2763035554408574,0.42182048688297913,0.02008192138798483,0.0621355304557542,0.21840072641657668
11,OnlineFPCA-adagrad,0.1,8200,100,face,3,5,0.11076283454895,8,1,0.10840042517300978,0.21091970079480218,0.35794653960685807,0.019719762914919524,0.05918139704271116,0.21894658117650204
11,OnlineFPCA-adagrad,0.1,8300,100,face,3,5,0.117118835449219,8,1,0.16511308767966978,0.19174878069747506,0.3402122722151753,0.018518970072074654,0.05848148421394249,0.219010413874601
11,OnlineFPCA-adagrad,0.1,8400,100,face,3,5,0.113525152206421,8,1,0.18629165850712603,0.19078790969008538,0.4324652727567773,0.016233554711470387,0.05850765995525703,0.22113580492250193
11,OnlineFPCA-adagrad,0.1,8500,100,face,3,5,0.115809202194214,8,1,0.1135392236885454,0.1433612197521706,0.20388982742905565,0.015136704026184845,0.05769579300335767,0.22261171208618785
11,OnlineFPCA-adagrad,0.1,8600,100,face,3,5,0.11845874786377,8,1,0.21012617221861163,0.292811752875334,0.11031100985174364,0.016534905214105704,0.05707431548063132,0.21990525684123324
11,OnlineFPCA-adagrad,0.1,8700,100,face,3,5,0.111435413360596,8,1,0.12032437334146126,0.16942041085574652,0.16778075629313968,0.017290294052032997,0.05645294375938227,0.21720515805038337
11,OnlineFPCA-adagrad,0.1,8800,100,face,3,5,0.116863965988159,8,1,0.13643571385436748,0.19801438848846872,0.23879470404121658,0.01703585853228672,0.05599094931920009,0.21515381432791103
11,OnlineFPCA-adagrad,0.1,8900,100,face,3,5,0.118718862533569,8,1,0.12236970165765447,0.2614839164875523,0.31116502332893775,0.01728412464180119,0.05474744561823002,0.21410079745281257
11,OnlineFPCA-adagrad,0.1,9000,100,face,3,5,0.111926555633545,8,1,0.15770666056809404,0.11830359821267177,0.22104153806611324,0.017999262213928904,0.05387346076941594,0.2140245854824699
11,OnlineFPCA-adagrad,0.1,9100,100,face,3,5,0.117113351821899,8,1,0.2177985422591953,0.25420003694465415,0.19489651874649008,0.02071795022451135,0.05396084585627913,0.2113197905735233
11,OnlineFPCA-adagrad,0.1,9200,100,face,3,5,0.114804267883301,8,1,0.10290265961914125,0.09125043798489367,0.17332744082238777,0.021065305891868127,0.05436853038044027,0.2068886242911974
11,OnlineFPCA-adagrad,0.1,9300,100,face,3,5,0.113781213760376,8,1,0.10437574866616116,0.16940791738754632,0.18289989366159312,0.020622796292243468,0.053580875274888536,0.20287838201761949
11,OnlineFPCA-adagrad,0.1,9400,100,face,3,5,0.118785619735718,8,1,0.11192099334291054,0.11669271015770132,0.12464229796390235,0.020536430805630352,0.05342763158700328,0.20050070008722196
11,OnlineFPCA-adagrad,0.1,9500,100,face,3,5,0.113081932067871,8,1,0.12799547913512374,0.18885992750396022,0.14596344166392508,0.020271570950066126,0.053331400808850536,0.19920457999973146
11,OnlineFPCA-adagrad,0.1,9600,100,face,3,5,0.114084959030151,8,1,0.05676212092510114,0.17392370571809823,0.2366843261282535,0.020661322382443028,0.05335365035535716,0.19931327201746912
11,OnlineFPCA-adagrad,0.1,9700,100,face,3,5,0.118350744247437,8,1,0.08816507764550957,0.22445456922219756,0.24729820769799002,0.021714300713425196,0.053476841982641035,0.19946928967837177
11,OnlineFPCA-adagrad,0.1,9800,100,face,3,5,0.110754489898682,8,1,0.18533505308376272,0.19548620707093073,0.2952559245713928,0.02230344622276101,0.05326129246681977,0.19957251331938802
11,OnlineFPCA-adagrad,0.1,9900,100,face,3,5,0.115554094314575,8,1,0.14945403234102292,0.17015994379596366,0.2458797293551039,0.023315375910067934,0.0527298182359881,0.20065784833826472
11,OnlineFPCA-adagrad,0.1,10000,100,face,3,5,0.11506175994873,8,1,0.08647347597627261,0.19534044425479813,0.24299629543776943,0.02378160946705835,0.053154620593400946,0.20114720374417477
11,OnlineFPCA-adagrad,0.1,10100,100,face,3,5,0.110285520553589,8,1,0.10447929904066476,0.1567439390568135,0.14110119784447842,0.023607127914743436,0.05389054451677791,0.20015744261157908
11,OnlineFPCA-adagrad,0.1,10200,100,face,3,5,0.115391969680786,8,1,0.08508584053946752,0.08983901292966397,0.1073397427697942,0.023382065607884427,0.05427645122211442,0.19771724550363015
11,OnlineFPCA-adagrad,0.1,10300,100,face,3,5,0.115008354187012,8,1,0.10318937768818501,0.2661891035279388,0.20433779811680475,0.023475254649858914,0.05402303430256698,0.1964651092834093
11,OnlineFPCA-adagrad,0.1,10400,100,face,3,5,0.111778974533081,8,1,0.1270874276390688,0.14734332739790815,0.2285459529061981,0.023326374919619107,0.05298671776004435,0.195445807177227
11,OnlineFPCA-adagrad,0.1,10500,100,face,3,5,0.119226217269897,8,1,0.0893868653145279,0.16381041176895203,0.1933905483987024,0.023356098258603592,0.05237008375095609,0.19489158080609056
11,OnlineFPCA-adagrad,0.1,10600,100,face,3,5,0.11261510848999,8,1,0.09806632116303164,0.08165491151493628,0.27178873607659654,0.023485193534324798,0.05191792481070652,0.19439371551019277
11,OnlineFPCA-adagrad,0.1,10700,100,face,3,5,0.115814685821533,8,1,0.14846043128180822,0.10146973880075283,0.21589644399825614,0.023205607857741208,0.051723739997359644,0.193655967867767
11,OnlineFPCA-adagrad,0.1,10800,100,face,3,5,0.117362260818481,8,1,0.1231684440611487,0.1888865660596802,0.24866123747849117,0.023362490915908415,0.052240523044970205,0.19322245109898287
11,OnlineFPCA-adagrad,0.1,10900,100,face,3,5,0.114238739013672,8,1,0.09906188324551361,0.17190673412135207,0.2356635191745011,0.02449792542286337,0.05374604639123521,0.19302270493933046
11,OnlineFPCA-adagrad,0.1,11000,100,face,3,5,0.114486932754517,8,1,0.05318012893909375,0.12508196682069303,0.2053512152058686,0.024662932664009672,0.054098814474475045,0.1917475702470131
11,OnlineFPCA-adagrad,0.1,11100,100,face,3,5,0.117381811141968,8,1,0.08755693865595575,0.16277122663988125,0.23945158708112152,0.024039582683901637,0.05441222452193517,0.19104226844589323
11,OnlineFPCA-adagrad,0.1,11200,100,face,3,5,0.11209774017334,8,1,0.09353067589475145,0.17500835669476061,0.2160465038033899,0.023173981954191722,0.05483033520467544,0.1906591242890276
11,OnlineFPCA-adagrad,0.1,11300,100,face,3,5,0.115269660949707,8,1,0.10254900056897946,0.10418743959890327,0.22168894317624152,0.022910229236325904,0.05537029323062344,0.1908640519106466
11,OnlineFPCA-adagrad,0.1,11400,100,face,3,5,0.114458560943604,8,1,0.1325008987886303,0.09005985249884292,0.26696601405551396,0.022386737420568813,0.055264611140207864,0.19133869944886958
11,OnlineFPCA-adagrad,0.1,11500,100,face,3,5,0.111417055130005,8,1,0.10616071211992703,0.12608606642321052,0.19774709826070969,0.02203045724209815,0.05452041559685579,0.19174115384170276
11,OnlineFPCA-adagrad,0.1,11600,100,face,3,5,0.11522364616394,8,1,0.08626753103193503,0.11702053270044087,0.373369032352393,0.02167519974942382,0.054054186758415834,0.19315646662720135
11,OnlineFPCA-adagrad,0.1,11700,100,face,3,5,0.118162631988525,8,1,0.08659878797372937,0.10223323558819779,0.32611982904154396,0.02158087123118371,0.05339472610517966,0.19540904720190333
11,OnlineFPCA-adagrad,0.1,11800,100,face,3,5,0.112379789352417,8,1,0.10849741912848936,0.12187526273805667,0.2870500642469668,0.021008095225603873,0.052080642676922875,0.1965577385343285
11,OnlineFPCA-adagrad,0.1,11900,100,face,3,5,0.118578672409058,8,1,0.086136442071007,0.11326857834261872,0.22269068284615245,0.020423080768970682,0.051473998282352634,0.1975871660929878
11,OnlineFPCA-adagrad,0.1,12000,100,face,3,5,0.114196300506592,8,1,0.0815486669312218,0.1485273323409074,0.30739041013075397,0.019938133695192803,0.05121039503864795,0.19819553784768046
11,OnlineFPCA-adagrad,0.1,12100,100,face,3,5,0.115691184997559,8,1,0.10843602042363276,0.10806399315592484,0.264587630846166,0.019563979138110626,0.051256026533086765,0.19904404141840307
11,OnlineFPCA-adagrad,0.1,12200,100,face,3,5,0.117239952087402,8,1,0.1614899749807936,0.081167772396864707,0.21407369146539224,0.020032161256505362,0.05056504700709722,0.19873222395200774
11,OnlineFPCA-adagrad,0.1,12300,100,face,3,5,0.112190008163452,8,1,0.09514725383688916,0.13783213709151945,0.2550255708667201,0.020433833896808855,0.049311618561465306,0.19917980458740359
11,OnlineFPCA-adagrad,0.1,12400,100,face,3,5,0.116145133972168,8,1,0.1038151812081582,0.08108217792713221,0.2962511521762166,0.02025261806904424,0.04838592172845131,0.19979056710854723
11,OnlineFPCA-adagrad,0.1,12500,100,face,3,5,0.117792844772339,8,1,0.10594973595450292,0.18585197905321577,0.22687409557356134,0.020138872790140486,0.048135232838986734,0.2002436120998365
11,OnlineFPCA-adagrad,0.1,12600,100,face,3,5,0.111947774887085,8,1,0.08286621783464755,0.1841600293704541,0.23766950786876295,0.020278945213134832,0.04781782148934601,0.20026804657892547
11,OnlineFPCA-adagrad,0.1,12700,100,face,3,5,0.118023633956909,8,1,0.051177821085120596,0.18589618957258014,0.31848761757601524,0.019688342943751786,0.04776334395908573,0.20053073652919698
11,OnlineFPCA-adagrad,0.1,12800,100,face,3,5,0.116874933242798,8,1,0.09327110954420426,0.23407321013101545,0.33511481979875307,0.01934347518132078,0.0474998669083051,0.2012786576455718
11,OnlineFPCA-adagrad,0.1,12900,100,face,3,5,0.110885381698608,8,1,0.058309787041112254,0.18847778851707409,0.31376050422469903,0.018804850889578843,0.04707903533440127,0.20195754231690302
11,OnlineFPCA-adagrad,0.1,13000,100,face,3,5,0.116680383682251,8,1,0.16549619040156788,0.11409482879261748,0.4151459079305465,0.018324245975988723,0.04692758210272002,0.20284945606713872
11,OnlineFPCA-adagrad,0.1,13100,100,face,3,5,0.112987279891968,8,1,0.14153834323815886,0.22562332385500292,0.38086062259801784,0.018350858700377167,0.04684397819231342,0.2037780466516809
11,OnlineFPCA-adagrad,0.1,13200,100,face,3,5,0.114510774612427,8,1,0.07723094758616675,0.18860586803416088,0.31216381360525935,0.018401162191587602,0.046354792743878166,0.20416916925652137
11,OnlineFPCA-adagrad,0.1,13300,100,face,3,5,0.118206739425659,8,1,0.1337975499692063,0.16711883871822028,0.3110607073703131,0.018297414404872984,0.0466874810550154,0.20436674845034628
11,OnlineFPCA-adagrad,0.1,13400,100,face,3,5,0.110508918762207,8,1,0.16441727942836218,0.17192584892220858,0.3946106521262947,0.017771696670855732,0.04734218822971845,0.20536566844156504
11,OnlineFPCA-adagrad,0.1,13500,100,face,3,5,0.117435455322266,8,1,0.10723703404911207,0.13127813304155497,0.21406475130646913,0.01766452732965007,0.04758049712123775,0.20622401256963405
11,OnlineFPCA-adagrad,0.1,13600,100,face,3,5,0.117653846740723,8,1,0.18192584048913016,0.24621074360031048,0.1271438920709225,0.01839874284754074,0.04782835551141072,0.205433729910287
11,OnlineFPCA-adagrad,0.1,13700,100,face,3,5,0.111098527908325,8,1,0.10947068716576744,0.16016505931594843,0.16969285973121678,0.018884429715960393,0.04808114014943875,0.20462370312607242
11,OnlineFPCA-adagrad,0.1,13800,100,face,3,5,0.254282712936401,8,1,0.11813490657905336,0.17531530430989084,0.24078202883745323,0.018855802403868333,0.04845213700686449,0.20402523015868448
11,OnlineFPCA-adagrad,0.1,13900,100,face,3,5,0.113846778869629,8,1,0.11517845697964768,0.21095844978287048,0.2942107131104997,0.01899504732123683,0.04831353548732387,0.20367539433465576
11,OnlineFPCA-adagrad,0.1,14000,100,face,3,5,0.113776922225952,8,1,0.138206979130107,0.11046160256912071,0.22126064368504686,0.019313482090279627,0.04813307551009171,0.20365559159866883
11,OnlineFPCA-adagrad,0.1,14100,100,face,3,5,0.115009307861328,8,1,0.19998144251899222,0.2328568348620485,0.19272362038457108,0.0205146156466072,0.04835087497202124,0.20256331772212335
11,OnlineFPCA-adagrad,0.1,14200,100,face,3,5,0.110705375671387,8,1,0.08877007881319449,0.085169196206868,0.15854760165835308,0.02079349797650785,0.04876716739530198,0.20061675284897437
11,OnlineFPCA-adagrad,0.1,14300,100,face,3,5,0.115489482879639,8,1,0.09539363478812171,0.14019484738166177,0.16960299834800013,0.02069353846287333,0.0484714946785439,0.19860361159491705
11,OnlineFPCA-adagrad,0.1,14400,100,face,3,5,0.117873191833496,8,1,0.0948673988568444,0.09854876426434754,0.11077911425384349,0.020678233650763312,0.048445390648006535,0.1973154209838816
11,OnlineFPCA-adagrad,0.1,14500,100,face,3,5,0.111684560775757,8,1,0.11449480207721155,0.16260232397730756,0.13063147653189958,0.02052316076018443,0.04840183977238779,0.19652032767112979
11,OnlineFPCA-adagrad,0.1,14600,100,face,3,5,0.118893623352051,8,1,0.05696266628385001,0.1554334486489592,0.20507269372290454,0.020661730025879732,0.0484224825928183,0.19635597017853812
11,OnlineFPCA-adagrad,0.1,14700,100,face,3,5,0.118551969528198,8,1,0.08169596214377994,0.1922587239646378,0.2072392894367158,0.02115867573879517,0.04850428079692545,0.19625638525897576
11,OnlineFPCA-adagrad,0.1,14800,100,face,3,5,0.113550424575806,8,1,0.16059183293944873,0.1779748187866326,0.25735505684395343,0.021524396966144978,0.048410601491025294,0.1960725460960096
11,OnlineFPCA-adagrad,0.1,14900,100,face,3,5,0.119059562683105,8,1,0.14236587172190618,0.14971727680535968,0.21930241148141466,0.022051823686959897,0.048184680867705276,0.1964100790490265
11,OnlineFPCA-adagrad,0.1,15000,100,face,3,5,0.114177465438843,8,1,0.07112472899057792,0.18026673270299892,0.2262917733535053,0.022366632216460212,0.04842380908591673,0.1965550631317147
11,OnlineFPCA-adagrad,0.1,0,100,face,3,5,6.36265110969543,8,2,0.2570427630092802,2.0058491327932266,1.110656945500026,0.2570427630092802,2.0058491327932266,1.110656945500026
11,OnlineFPCA-adagrad,0.1,100,100,face,3,5,0.476178407669067,8,2,1.0049317442698233,1.0330798770227798,1.644348626399973,NA,NA,NA
11,OnlineFPCA-adagrad,0.1,200,100,face,3,5,0.477338790893555,8,2,0.8608145837730977,0.49595322015767496,1.9990191111341309,NA,NA,NA
11,OnlineFPCA-adagrad,0.1,300,100,face,3,5,0.472233533859253,8,2,0.6927568684408739,0.7847936923171442,1.919648054771865,NA,NA,NA
11,OnlineFPCA-adagrad,0.1,400,100,face,3,5,0.612996816635132,8,2,1.3816395426356964,1.4901991504092944,1.7053664769665888,NA,NA,NA
11,OnlineFPCA-adagrad,0.1,500,100,face,3,5,0.472135782241821,8,2,0.5161716792843761,1.3105360875097725,1.2150887045856464,NA,NA,NA
11,OnlineFPCA-adagrad,0.1,600,100,face,3,5,0.466639757156372,8,2,0.5878425876769003,0.9660417025676569,1.084699793600918,NA,NA,NA
11,OnlineFPCA-adagrad,0.1,700,100,face,3,5,0.469139337539673,8,2,0.5879825176720199,0.9561113182227783,1.1110817412588005,NA,NA,NA
11,OnlineFPCA-adagrad,0.1,800,100,face,3,5,0.473788499832153,8,2,0.5741831990625685,0.9531011060012756,1.1078232071436818,NA,NA,NA
11,OnlineFPCA-adagrad,0.1,900,100,face,3,5,0.469265699386597,8,2,0.5582343261281899,0.9509003570515946,1.1044043936818944,NA,NA,NA
11,OnlineFPCA-adagrad,0.1,1000,100,face,3,5,0.473143815994263,8,2,0.5467657281292198,0.948410452601557,1.0985646762400354,NA,NA,NA
11,OnlineFPCA-adagrad,0.1,1100,100,face,3,5,0.692315101623535,8,2,0.3126152016254847,0.8024299807309782,0.9209162067085783,0.3263834865978027,0.9049550782741099,0.959026519759283
11,OnlineFPCA-adagrad,0.1,1200,100,face,3,5,0.683415412902832,8,2,0.42256134985852417,0.5755113538814403,0.7407820876547614,0.24016236080602027,0.7767603529282322,0.8735631861900939
11,OnlineFPCA-adagrad,0.1,1300,100,face,3,5,0.682762384414673,8,2,0.08882875136115002,0.44045512475098286,0.57440291713525915,0.17389202264081913,0.6579173957127252,0.7843617098970944
11,OnlineFPCA-adagrad,0.1,1400,100,face,3,5,0.691933631896973,8,2,0.23380296625825697,0.37166937704206066,0.471057237784716,0.1425195321722108,0.5674283258987843,0.6979774649762311
11,OnlineFPCA-adagrad,0.1,1500,100,face,3,5,0.685635089874268,8,2,0.22283993116202463,0.34103224097199525,0.4001138208901771,0.1167751215844392,0.4835354470526705,0.6238119094563725
11,OnlineFPCA-adagrad,0.1,1600,100,face,3,5,0.689133882522583,8,2,0.102300924600777,0.34247608460464213,0.4088470748659434,0.0947330186024419,0.42584778542253554,0.5507147722828037
11,OnlineFPCA-adagrad,0.1,1700,100,face,3,5,0.683275461196899,8,2,0.13725342704696009,0.34334369882801286,0.39081275960026146,0.08937852284018274,0.39496525002267824,0.5014456844720862
11,OnlineFPCA-adagrad,0.1,1800,100,face,3,5,0.689162731170654,8,2,0.09686051413613718,0.3147713334795329,0.3553053304400601,0.08264917000383311,0.37780463314473856,0.46628109202744966
11,OnlineFPCA-adagrad,0.1,1900,100,face,3,5,0.685889959335327,8,2,0.12776906114243775,0.30970935903674557,0.3204042817430979,0.0825955916924465,0.3645262400952824,0.4354217897751677
11,OnlineFPCA-adagrad,0.1,2000,100,face,3,5,0.687641859054565,8,2,0.13002419438932436,0.29596430631659465,0.34475440003046254,0.08216674010798644,0.3515844241468518,0.41542800941475844
11,OnlineFPCA-adagrad,0.1,2100,100,face,3,5,0.694452047348022,8,2,0.2855397154845643,0.2530120208179007,0.34206793627269627,0.0768544071339686,0.34185538456069753,0.3973510103476679
11,OnlineFPCA-adagrad,0.1,2200,100,face,3,5,0.817030668258667,8,2,0.21613876183284733,0.25136176590440634,0.28926166589525365,0.06792393996207542,0.32779312371170277,0.37401096065377054
11,OnlineFPCA-adagrad,0.1,2300,100,face,3,5,0.689936637878418,8,2,0.3443538185965815,0.3100517219654344,0.34528254241564277,0.06307408824296705,0.3242962438458226,0.3641755547508443
11,OnlineFPCA-adagrad,0.1,2400,100,face,3,5,0.676738739013672,8,2,0.19477616798679162,0.2614466657878144,0.3252399517889378,0.06257818291789671,0.3145539022745143,0.3546270742217055
11,OnlineFPCA-adagrad,0.1,2500,100,face,3,5,0.682419300079346,8,2,0.1926163509206152,0.23346681297819058,0.23735227296072384,0.06269827992001444,0.30524210093820187,0.3428146210740713
11,OnlineFPCA-adagrad,0.1,2600,100,face,3,5,0.746627807617188,8,2,0.07681530482323622,0.27910885392749707,0.2369535248602485,0.05797189491311098,0.29717010225251794,0.32883831763662075
11,OnlineFPCA-adagrad,0.1,2700,100,face,3,5,0.740947008132935,8,2,0.06230313286293651,0.20548605175534035,0.2846580143347086,0.053924043813681016,0.2914387073468432,0.3182200610287038
11,OnlineFPCA-adagrad,0.1,2800,100,face,3,5,0.752406120300293,8,2,0.12035136896992946,0.22001294738177735,0.3198228795367325,0.05204801485169539,0.28387743414241123,0.30627404494776533
11,OnlineFPCA-adagrad,0.1,2900,100,face,3,5,0.724745035171509,8,2,0.08984766514689195,0.18363525687861854,0.3063458518055308,0.05021791649412963,0.2783920747071074,0.29843403155880693
11,OnlineFPCA-adagrad,0.1,3000,100,face,3,5,0.739848136901855,8,2,0.19487692305837598,0.19835930812300853,0.3548901525708018,0.04765092984470911,0.2635628032880103,0.28911056142528696
11,OnlineFPCA-adagrad,0.1,3100,100,face,3,5,0.737417697906494,8,2,0.16826385972484387,0.3254205450297226,0.2913960680307322,0.03972234206239861,0.24181623454746592,0.2775275083941782
11,OnlineFPCA-adagrad,0.1,3200,100,face,3,5,0.739574432373047,8,2,0.1594342917981351,0.239861506086527,0.3338792735509852,0.03758751419777768,0.22428124110070824,0.27009074988952114
11,OnlineFPCA-adagrad,0.1,3300,100,face,3,5,0.750527381896973,8,2,0.18440014098462246,0.16884100833089122,0.34130201691480294,0.034487367332047686,0.2135590450596044,0.2637293638837033
11,OnlineFPCA-adagrad,0.1,3400,100,face,3,5,0.765963792800903,8,2,0.20610658810212507,0.25391375642694575,0.41290167434478237,0.03185605465058668,0.2029229410893669,0.26338769131342804
11,OnlineFPCA-adagrad,0.1,3500,100,face,3,5,0.740011930465698,8,2,0.11229473395789662,0.19355424282783865,0.1553042363989966,0.028246577573398574,0.19405117886644627,0.2602855415229488
11,OnlineFPCA-adagrad,0.1,3600,100,face,3,5,0.748520374298096,8,2,0.2438148113684047,0.3835871245870012,0.18321905252042453,0.0234091067255236,0.18373749480956647,0.25247430544573674
11,OnlineFPCA-adagrad,0.1,3700,100,face,3,5,0.747748374938965,8,2,0.12271120138919532,0.15642219961276654,0.2793688648323526,0.018503892311772765,0.17291543688741123,0.24806656475035002
11,OnlineFPCA-adagrad,0.1,3800,100,face,3,5,0.891856908798218,8,2,0.1676241300868636,0.18336320451656687,0.28722173831189657,0.01619814116610857,0.1661079319826069,0.24475684004045714
11,OnlineFPCA-adagrad,0.1,3900,100,face,3,5,0.732223272323608,8,2,0.13799270764521,0.30691680252590897,0.3556850762230444,0.014005877007983511,0.16217510487700088,0.24348641958865444
11,OnlineFPCA-adagrad,0.1,4000,100,face,3,5,0.733035326004028,8,2,0.014081944360037346,0.15834710565381524,0.24319563871315014,0.014081944360037346,0.15834710565381524,0.24319563871315014
11,OnlineFPCA-adagrad,0.1,4100,100,face,3,5,0.724322557449341,8,2,0.2497944273352906,0.312795394994202,0.1445457839032748,0.1433097992473341,0.2503682325601622,0.17836778675336104
11,OnlineFPCA-adagrad,0.1,4200,100,face,3,5,0.735676288604736,8,2,0.12115538116153658,0.1926065060149521,0.3351907426996882,0.09861898866109257,0.19375979218987308,0.15552215722924065
11,OnlineFPCA-adagrad,0.1,4300,100,face,3,5,0.749263286590576,8,2,0.10044182675545746,0.27396081415345347,0.28964913079756854,0.05120246862256965,0.16427965888222779,0.19774448027848054
11,OnlineFPCA-adagrad,0.1,4400,100,face,3,5,0.728973627090454,8,2,0.1477438738305557,0.2146198483398471,0.19487808951960045,0.0360379006753733,0.16079217088135453,0.18450401025324498
11,OnlineFPCA-adagrad,0.1,4500,100,face,3,5,0.736140727996826,8,2,0.1421858566261205,0.27404304364233606,0.19884955224869458,0.03760958891240282,0.16003300602756804,0.16304185378491162
11,OnlineFPCA-adagrad,0.1,4600,100,face,3,5,0.744279861450195,8,2,0.051223575939233185,0.26444443788667865,0.3062633183628816,0.040248791684730896,0.16025525636702445,0.16851873669133877
11,OnlineFPCA-adagrad,0.1,4700,100,face,3,5,0.74278736114502,8,2,0.10946060410578007,0.33534114378188545,0.3803511240144118,0.04516587491794407,0.16194220882124977,0.18224083818252768
11,OnlineFPCA-adagrad,0.1,4800,100,face,3,5,0.753480434417725,8,2,0.2377033434023159,0.23355467431700924,0.38746895475829274,0.0398063275137921,0.1640474122932063,0.19831566389287186
11,OnlineFPCA-adagrad,0.1,4900,100,face,3,5,0.74297833442688,8,2,0.16902642458425193,0.23915664326493627,0.33482604092320434,0.045205708076305674,0.15997880062935615,0.21450280050169196
11,OnlineFPCA-adagrad,0.1,5000,100,face,3,5,0.739094972610474,8,2,0.12216134488997189,0.26170078177793665,0.3079407282632746,0.04373154022517769,0.15953593441536765,0.22300689957715134
11,OnlineFPCA-adagrad,0.1,5100,100,face,3,5,0.113796710968018,8,2,0.14387543085312338,0.2547767114829193,0.21263752857465823,0.038973540076224035,0.16060553258409835,0.22053795060088652
11,OnlineFPCA-adagrad,0.1,5200,100,face,3,5,0.1126708984375,8,2,0.10059191361655483,0.16909561534781334,0.19085403005596988,0.035636876473540365,0.15927954783708387,0.21108084701471982
11,OnlineFPCA-adagrad,0.1,5300,100,face,3,5,0.117133140563965,8,2,0.13273380081435585,0.358851525341104,0.26957412908589795,0.03555435900908389,0.15339480760989432,0.2080602240459482
11,OnlineFPCA-adagrad,0.1,5400,100,face,3,5,0.112980604171753,8,2,0.1596350339081786,0.18543850437487905,0.28498320716183595,0.03320181614706546,0.14688917498055287,0.20696622137096163
11,OnlineFPCA-adagrad,0.1,5500,100,face,3,5,0.113842964172363,8,2,0.09893056512449039,0.21771943145189665,0.24408121520592158,0.03180018614863547,0.14446044322618087,0.20906027509845065
11,OnlineFPCA-adagrad,0.1,5600,100,face,3,5,0.117976188659668,8,2,0.11514518826531944,0.13672002370809944,0.3461868949091889,0.03242050836863458,0.1418772446358098,0.21132737993618012
11,OnlineFPCA-adagrad,0.1,5700,100,face,3,5,0.112026453018188,8,2,0.18140371998790372,0.14467422240189678,0.24747646936093867,0.030830782491241576,0.13843757299355988,0.21185689213573886
11,OnlineFPCA-adagrad,0.1,5800,100,face,3,5,0.117438316345215,8,2,0.12778867757269996,0.21920598991324175,0.27587920589441745,0.032848958472847446,0.13394685981219806,0.21227017390628472
11,OnlineFPCA-adagrad,0.1,5900,100,face,3,5,0.118540048599243,8,2,0.11115194452981426,0.20762583130239742,0.26459606412455533,0.03690832796163722,0.13280606140497145,0.2129916157598419
11,OnlineFPCA-adagrad,0.1,6000,100,face,3,5,0.111816644668579,8,2,0.06092919500927307,0.13792045925872914,0.23185092081444203,0.03596292078425028,0.12990819591887676,0.2094782192785441
11,OnlineFPCA-adagrad,0.1,6100,100,face,3,5,0.115353345870972,8,2,0.10896814062531476,0.18414578688382205,0.28151383887382814,0.032334593968798814,0.12869715375131546,0.20885457690276268
11,OnlineFPCA-adagrad,0.1,6200,100,face,3,5,0.114940881729126,8,2,0.11487195221214061,0.2024370375752208,0.256481148275101,0.02783822534474838,0.12765453097775478,0.2090154552415051
11,OnlineFPCA-adagrad,0.1,6300,100,face,3,5,0.111799001693726,8,2,0.11208166030809949,0.11925048926177602,0.2537386824786359,0.027393179028496816,0.12650652659047823,0.21051486197013955
11,OnlineFPCA-adagrad,0.1,6400,100,face,3,5,0.126290082931519,8,2,0.16235071743924767,0.11842049905854578,0.3018844337020444,0.025295900740519416,0.12364037090139761,0.2118179155862872
11,OnlineFPCA-adagrad,0.1,6500,100,face,3,5,0.114777088165283,8,2,0.1284113638458909,0.1485744395714633,0.21540484867060575,0.02452000408981123,0.11930544814740973,0.21208255859899347
11,OnlineFPCA-adagrad,0.1,6600,100,face,3,5,0.115076303482056,8,2,0.10339110036219024,0.13966399157764384,0.4406887272755858,0.02343195321312098,0.11566160912550416,0.21540081789800006
11,OnlineFPCA-adagrad,0.1,6700,100,face,3,5,0.119391202926636,8,2,0.10160646798822744,0.1357078600292678,0.3572315213564208,0.024160217323928417,0.11254744064382378,0.22142613168799577
11,OnlineFPCA-adagrad,0.1,6800,100,face,3,5,0.110854625701904,8,2,0.1282142113274355,0.1506269778263897,0.31106950774835573,0.022377486959325604,0.10841258344919989,0.22395879843032632
11,OnlineFPCA-adagrad,0.1,6900,100,face,3,5,0.116650581359863,8,2,0.0993927653100242,0.12628065047091167,0.22411353663387942,0.021650081952159565,0.10607665350090603,0.22573264655676797
11,OnlineFPCA-adagrad,0.1,7000,100,face,3,5,0.116821527481079,8,2,0.09130166251391023,0.1753456984706085,0.3368115292709681,0.022161031112581622,0.10373099212240686,0.22559276136954687
11,OnlineFPCA-adagrad,0.1,7100,100,face,3,5,0.114625453948975,8,2,0.12409432511960622,0.1140787274271925,0.27068378574120583,0.02191872480453458,0.10102557284425098,0.22580294140834256
11,OnlineFPCA-adagrad,0.1,7200,100,face,3,5,0.115367889404297,8,2,0.18063829213983118,0.09490150715208308,0.22109327240246984,0.023284244990304338,0.09678343237593996,0.22232709525138863
11,OnlineFPCA-adagrad,0.1,7300,100,face,3,5,0.114672422409058,8,2,0.10309563816092773,0.16709769629982146,0.26499302355024734,0.024537106491922554,0.09213298665367979,0.2219995552089175
11,OnlineFPCA-adagrad,0.1,7400,100,face,3,5,0.110326290130615,8,2,0.11709073246453916,0.09848280100447858,0.3185924772002233,0.02454227138083185,0.08963290899241622,0.2223508618034024
11,OnlineFPCA-adagrad,0.1,7500,100,face,3,5,0.11619234085083,8,2,0.12067886715400693,0.22443666073631013,0.2412644732828782,0.024628203945405453,0.08776173667495799,0.22204571260966258
11,OnlineFPCA-adagrad,0.1,7600,100,face,3,5,0.113116502761841,8,2,0.08931893362268573,0.21157837984977443,0.2603821277764446,0.024512953999239896,0.08554786856465009,0.22055427755335053
11,OnlineFPCA-adagrad,0.1,7700,100,face,3,5,0.114291429519653,8,2,0.058646975423322714,0.20520034750011737,0.34822498671899893,0.0226059448850875,0.08360908388149524,0.21980510761276703
11,OnlineFPCA-adagrad,0.1,7800,100,face,3,5,0.117891311645508,8,2,0.10915586152188476,0.2606527859683322,0.3739803812383014,0.022003312688558957,0.08110843128983934,0.22032351822868435
11,OnlineFPCA-adagrad,0.1,7900,100,face,3,5,0.114279270172119,8,2,0.06507891045130373,0.21025806730432192,0.3322530044165629,0.02136194781667208,0.0792212775111474,0.2208029005429521
11,OnlineFPCA-adagrad,0.1,8000,100,face,3,5,0.113982439041138,8,2,0.18028565457265397,0.1417621719417849,0.4676146543229727,0.020762223508972184,0.0770402904847737,0.2218525656789651
11,OnlineFPCA-adagrad,0.1,8100,100,face,3,5,0.113241195678711,8,2,0.16224857092424694,0.2774172504962828,0.4260840008025722,0.020184201709156337,0.0739275397862569,0.22299541231825104
11,OnlineFPCA-adagrad,0.1,8200,100,face,3,5,0.111470460891724,8,2,0.10825583069661689,0.21124963094927238,0.3595625633300384,0.01982661672421218,0.07045776586967546,0.22327963665144876
11,OnlineFPCA-adagrad,0.1,8300,100,face,3,5,0.11532998085022,8,2,0.1652630449147665,0.1924671695164374,0.34277530458861843,0.01862936251794833,0.06907264763094247,0.22311398016563133
11,OnlineFPCA-adagrad,0.1,8400,100,face,3,5,0.118142127990723,8,2,0.18624440886915541,0.1908394980817944,0.43509908076922493,0.016345384252435848,0.06837744307595671,0.22502578240045878
11,OnlineFPCA-adagrad,0.1,8500,100,face,3,5,0.110385894775391,8,2,0.11365891956205573,0.1430379821775364,0.20788413942807416,0.015239014498800506,0.0671117219509328,0.22637704976069542
11,OnlineFPCA-adagrad,0.1,8600,100,face,3,5,0.114673852920532,8,2,0.21018576438629877,0.29235745587028594,0.1134109574716924,0.016606456943194965,0.06597218179097372,0.2236177635120621
11,OnlineFPCA-adagrad,0.1,8700,100,face,3,5,0.11503529548645,8,2,0.12029165942704713,0.1690914909907642,0.167241985909756,0.017338284867770257,0.06467228123314765,0.22078553705839288
11,OnlineFPCA-adagrad,0.1,8800,100,face,3,5,0.109147071838379,8,2,0.1365662371809158,0.19869539155009744,0.23858037041908473,0.017076402892566,0.06367111465913765,0.21856095333216616
11,OnlineFPCA-adagrad,0.1,8900,100,face,3,5,0.11745810508728,8,2,0.12227791880121507,0.2631008614765788,0.3109195493447308,0.017336291221919976,0.06226791591607859,0.2173672877148122
11,OnlineFPCA-adagrad,0.1,9000,100,face,3,5,0.113205909729004,8,2,0.15779199785878684,0.11919212465279047,0.22304241878354242,0.01806111186805464,0.06117294131351498,0.2171537078305642
11,OnlineFPCA-adagrad,0.1,9100,100,face,3,5,0.114270687103271,8,2,0.2179829202513475,0.25598733416806196,0.19798562732759684,0.020802064572285093,0.06092470787576234,0.21435765875151053
11,OnlineFPCA-adagrad,0.1,9200,100,face,3,5,0.113311052322388,8,2,0.10312246971412746,0.09116340804948392,0.17233428369089007,0.021163941036556565,0.060967168342253436,0.2098346656687735
11,OnlineFPCA-adagrad,0.1,9300,100,face,3,5,0.110436916351318,8,2,0.10452844842238791,0.16948726205136266,0.18419829063096194,0.0207050006683205,0.06009456491234985,0.20577533196953962
11,OnlineFPCA-adagrad,0.1,9400,100,face,3,5,0.11536431312561,8,2,0.11197989402852315,0.1172027076310781,0.12572720875547977,0.02061626804247673,0.059743966850837715,0.2033529595685687
11,OnlineFPCA-adagrad,0.1,9500,100,face,3,5,0.11799144744873,8,2,0.1281609332431223,0.18938887577851618,0.1465506424416681,0.020361638593144687,0.05945340707746146,0.20201950394891863
11,OnlineFPCA-adagrad,0.1,9600,100,face,3,5,0.110806226730347,8,2,0.05707931450325866,0.1739542003853213,0.2370829213092975,0.020755085258535814,0.059246065826099426,0.20206040841366216
11,OnlineFPCA-adagrad,0.1,9700,100,face,3,5,0.116826057434082,8,2,0.08836271717733325,0.22456980699021564,0.24676444352668442,0.02181531124143484,0.059136518837862674,0.20215407000417238
11,OnlineFPCA-adagrad,0.1,9800,100,face,3,5,0.117321491241455,8,2,0.18544086913361038,0.19609093325321825,0.2950474807061648,0.022396416144203728,0.05868017904519024,0.2021737197032174
11,OnlineFPCA-adagrad,0.1,9900,100,face,3,5,0.110963821411133,8,2,0.14966857955025764,0.17068945423398152,0.24615802568308887,0.023398198665095554,0.05795791483111189,0.2031739741730106
11,OnlineFPCA-adagrad,0.1,10000,100,face,3,5,0.117075204849243,8,2,0.08652842402875313,0.19561147760583153,0.24462570096069064,0.023864049313063358,0.058171437385939086,0.2036025763038459
11,OnlineFPCA-adagrad,0.1,10100,100,face,3,5,0.113157749176025,8,2,0.10453576442855828,0.15708642842600798,0.14256780201436908,0.023693917049329088,0.058764316147898205,0.2025858547828941
11,OnlineFPCA-adagrad,0.1,10200,100,face,3,5,0.113213777542114,8,2,0.08513176470993668,0.09024277335464365,0.10805293744329787,0.0234643608225378,0.059072487675809505,0.20013635114595296
11,OnlineFPCA-adagrad,0.1,10300,100,face,3,5,0.116924524307251,8,2,0.1031698898325441,0.2666725003330313,0.20478583247479604,0.023553191155970772,0.0587450559967167,0.19885679375266022
11,OnlineFPCA-adagrad,0.1,10400,100,face,3,5,0.110373973846436,8,2,0.12716977778120456,0.14763990244548789,0.22938190101595418,0.023402441765463865,0.05772276974139626,0.19780889874507393
11,OnlineFPCA-adagrad,0.1,10500,100,face,3,5,0.115904331207275,8,2,0.0894443397075118,0.16486022390846525,0.1947440255065801,0.023425697732186588,0.0571494356614057,0.19724436092768022
11,OnlineFPCA-adagrad,0.1,10600,100,face,3,5,0.114764451980591,8,2,0.09809527775824095,0.08204985393021512,0.2731335465175033,0.02355659310295146,0.05669900143099614,0.1967261052818852
11,OnlineFPCA-adagrad,0.1,10700,100,face,3,5,0.111115217208862,8,2,0.14863202484665453,0.10210963208182841,0.21741810738772757,0.02327900342918279,0.056477281281262816,0.19595546891362597
11,OnlineFPCA-adagrad,0.1,10800,100,face,3,5,0.118128299713135,8,2,0.12316158242132277,0.18929437081383368,0.25067008234011184,0.023442547161078037,0.0568352643528726,0.19548039940406686
11,OnlineFPCA-adagrad,0.1,10900,100,face,3,5,0.117469787597656,8,2,0.09901346403712755,0.17262144458532178,0.23773492342192964,0.02458691106282052,0.05813931340884836,0.1952457835804633
11,OnlineFPCA-adagrad,0.1,11000,100,face,3,5,0.110455274581909,8,2,0.05326779986527082,0.12538775943137576,0.20818342529146644,0.02475352446434299,0.05835573015709485,0.1939263097047752
11,OnlineFPCA-adagrad,0.1,11100,100,face,3,5,0.117759943008423,8,2,0.08779200389379785,0.16257255284052413,0.2401853220502734,0.024128582955004953,0.058573836775673425,0.19317282208708283
11,OnlineFPCA-adagrad,0.1,11200,100,face,3,5,0.113567113876343,8,2,0.09370690169542363,0.17518264371234565,0.21680167308609116,0.02325744073979773,0.0588652309190823,0.1927368915855126
11,OnlineFPCA-adagrad,0.1,11300,100,face,3,5,0.111279964447021,8,2,0.10272688009599719,0.10467332886691134,0.22196067603586572,0.02299519580590727,0.059299620127568384,0.1929082305423955
11,OnlineFPCA-adagrad,0.1,11400,100,face,3,5,0.118071556091309,8,2,0.13235198152572,0.09037570007242822,0.2680103452212684,0.022470960526525367,0.05917498139821971,0.19336037781934662
11,OnlineFPCA-adagrad,0.1,11500,100,face,3,5,0.113224983215332,8,2,0.10624268579078355,0.1261181517083591,0.19864649754508953,0.022117439951503087,0.05844501182695161,0.19374939904588337
11,OnlineFPCA-adagrad,0.1,11600,100,face,3,5,0.114319086074829,8,2,0.08635288198779788,0.11768211568468967,0.37565764193443624,0.021758646358557614,0.05794313075229457,0.1951483921591621
11,OnlineFPCA-adagrad,0.1,11700,100,face,3,5,0.114073991775513,8,2,0.08664147120790135,0.10274109231194498,0.32836890002485125,0.021668563672994856,0.05727299695465796,0.197385301035291
11,OnlineFPCA-adagrad,0.1,11800,100,face,3,5,0.113608837127686,8,2,0.1085345422642166,0.12277493830733344,0.28877523675590316,0.021095704657654694,0.05598455590136982,0.19852396418186738
11,OnlineFPCA-adagrad,0.1,11900,100,face,3,5,0.114465951919556,8,2,0.08616770498873426,0.11365254850122906,0.2245821498666718,0.02051293686191409,0.05537983878555487,0.1995459520737115
11,OnlineFPCA-adagrad,0.1,12000,100,face,3,5,0.116497993469238,8,2,0.08166743204987748,0.14875213405651194,0.3083239659780839,0.020027661253880915,0.0550779414348296,0.20013292680484518
11,OnlineFPCA-adagrad,0.1,12100,100,face,3,5,0.111102342605591,8,2,0.10851549149776518,0.10856276383705138,0.2655176111318196,0.01965033412736385,0.05505206530494172,0.2009547359116405
11,OnlineFPCA-adagrad,0.1,12200,100,face,3,5,0.115309238433838,8,2,0.16171709360569292,0.08124554351826382,0.21436466703347778,0.020117583070398966,0.05430880355373248,0.20060757652619313
11,OnlineFPCA-adagrad,0.1,12300,100,face,3,5,0.112951040267944,8,2,0.09519431094721188,0.13801006282906828,0.25522439528999297,0.020520550145259976,0.053076587250033384,0.2010091297910822
11,OnlineFPCA-adagrad,0.1,12400,100,face,3,5,0.113953590393066,8,2,0.10383730634100606,0.08121102714163884,0.2970894428971839,0.02033561480242287,0.05216740600540422,0.20159250441787688
11,OnlineFPCA-adagrad,0.1,12500,100,face,3,5,0.117998123168945,8,2,0.10591760340791728,0.18613787876366208,0.2286101159762247,0.02021474695500702,0.051888024444007814,0.2020281986667535
11,OnlineFPCA-adagrad,0.1,12600,100,face,3,5,0.113042831420898,8,2,0.0829779238472686,0.1842089203178558,0.23983529708395632,0.020352277025879054,0.05155857674884045,0.20205021138240614
11,OnlineFPCA-adagrad,0.1,12700,100,face,3,5,0.113147735595703,8,2,0.05117492666182854,0.18594362846535406,0.32023164055770653,0.01976018041242495,0.05146204563031263,0.20230203955458137
11,OnlineFPCA-adagrad,0.1,12800,100,face,3,5,0.118268966674805,8,2,0.09329902447726297,0.23429426439308748,0.33724668539771396,0.019416523260923736,0.051125375505719564,0.20303796257693268
11,OnlineFPCA-adagrad,0.1,12900,100,face,3,5,0.113451480865479,8,2,0.058392432194344715,0.18870190553460225,0.31579770807207264,0.018874762334163797,0.05066755391718524,0.20370420806059414
11,OnlineFPCA-adagrad,0.1,13000,100,face,3,5,0.11597728729248,8,2,0.16532382198654166,0.11508354593503728,0.41804545599770926,0.018397331900343362,0.05041484535781723,0.20458422850932997
11,OnlineFPCA-adagrad,0.1,13100,100,face,3,5,0.116202116012573,8,2,0.14176200063719366,0.22668102112741217,0.38466158300892445,0.018417481741575144,0.050157862418187725,0.2055005306768056
11,OnlineFPCA-adagrad,0.1,13200,100,face,3,5,0.11167573928833,8,2,0.0771195720694588,0.18906665662402672,0.31380027543987865,0.01846741614817631,0.0495181495842926,0.20586544559133937
11,OnlineFPCA-adagrad,0.1,13300,100,face,3,5,0.117109775543213,8,2,0.1339180676591701,0.16776240212242366,0.3136253461168348,0.018363143893140893,0.04968677376784055,0.2060374707432317
11,OnlineFPCA-adagrad,0.1,13400,100,face,3,5,0.116237878799438,8,2,0.16441611599695508,0.17209855001810548,0.3971750739544817,0.01783628460382084,0.0501778838491973,0.2070133114874012
11,OnlineFPCA-adagrad,0.1,13500,100,face,3,5,0.110113859176636,8,2,0.10729220453137774,0.13113087229262502,0.21757523645818486,0.017726557290156514,0.05030960807980668,0.2078684476142045
11,OnlineFPCA-adagrad,0.1,13600,100,face,3,5,0.114957809448242,8,2,0.1819431365213026,0.2460432028046668,0.13019800082966823,0.01845592481441048,0.050434384184711675,0.2070832021675462
11,OnlineFPCA-adagrad,0.1,13700,100,face,3,5,0.114375591278076,8,2,0.10940236154989844,0.16018214804462297,0.1704521572494474,0.018937007723291013,0.050522096777063534,0.20625520163337846
11,OnlineFPCA-adagrad,0.1,13800,100,face,3,5,0.113846302032471,8,2,0.11817277640631114,0.17557069421832205,0.24159022626614338,0.018905691243906626,0.05075523517631822,0.20562656707029706
11,OnlineFPCA-adagrad,0.1,13900,100,face,3,5,0.116963148117065,8,2,0.11513992963289241,0.21191097088035482,0.29452653108064786,0.019045846795530588,0.05056992381242426,0.2052494082533593
11,OnlineFPCA-adagrad,0.1,14000,100,face,3,5,0.11125111579895,8,2,0.13830246931671425,0.1112710905653817,0.22335664534295957,0.019365852914069552,0.05033805149649206,0.20520360609646704
11,OnlineFPCA-adagrad,0.1,14100,100,face,3,5,0.115512132644653,8,2,0.20016624552580736,0.23434810214243998,0.19587553013821984,0.020572900433772044,0.05048518538653574,0.20409576158319204
11,OnlineFPCA-adagrad,0.1,14200,100,face,3,5,0.11793065071106,8,2,0.0889242072470487,0.08554609605008653,0.15831014450945669,0.020856877726677738,0.05082558736721741,0.20212650684667985
11,OnlineFPCA-adagrad,0.1,14300,100,face,3,5,0.112334012985229,8,2,0.09550993775881604,0.13994806844857535,0.17086562387865994,0.020753916365113183,0.05050995949303687,0.20009457881601864
11,OnlineFPCA-adagrad,0.1,14400,100,face,3,5,0.116547822952271,8,2,0.09490760662314741,0.09886739481874146,0.11191240412765187,0.02073791168288203,0.05044123626365475,0.19879354688435663
11,OnlineFPCA-adagrad,0.1,14500,100,face,3,5,0.114523887634277,8,2,0.11463018006099629,0.16297590853007546,0.1311763858236724,0.02058511592665545,0.05036046424014359,0.1979907848722284
11,OnlineFPCA-adagrad,0.1,14600,100,face,3,5,0.113731384277344,8,2,0.05721171441982308,0.15549983016349125,0.20525424251280677,0.020725244234825253,0.05033425422127528,0.19781054666493797
11,OnlineFPCA-adagrad,0.1,14700,100,face,3,5,0.115270853042603,8,2,0.08190876985166397,0.19229875293537665,0.20687428086541076,0.02122548543422501,0.050363832253359636,0.19769407222827182
11,OnlineFPCA-adagrad,0.1,14800,100,face,3,5,0.108562231063843,8,2,0.16066366180545033,0.1784507477787587,0.2571574668922363,0.02159022925788492,0.05020968925662678,0.19748640226619102
11,OnlineFPCA-adagrad,0.1,14900,100,face,3,5,0.113872051239014,8,2,0.14259818380938888,0.15011684362975833,0.2192827571271386,0.02211524279231927,0.049929898010357236,0.19779917036305011
11,OnlineFPCA-adagrad,0.1,15000,100,face,3,5,0.11635684967041,8,2,0.07117953888150859,0.18043122088675342,0.22735113426105308,0.022430162314604637,0.05011652731252536,0.19792691032956378
11,OnlineFPCA-adagrad,0.1,0,100,face,3,5,6.36265110969543,8,4,0.2570427630092802,2.0058491327932266,1.110656945500026,0.2570427630092802,2.0058491327932266,1.110656945500026
11,OnlineFPCA-adagrad,0.1,100,100,face,3,5,0.475245952606201,8,4,1.216756267793589,1.2399521648568748,1.5860524027925669,NA,NA,NA
11,OnlineFPCA-adagrad,0.1,200,100,face,3,5,0.47912073135376,8,4,0.8608145837730977,0.49595322015767496,1.9990191111341309,NA,NA,NA
11,OnlineFPCA-adagrad,0.1,300,100,face,3,5,0.472025394439697,8,4,0.6927568684408739,0.7847936923171442,1.919648054771865,NA,NA,NA
11,OnlineFPCA-adagrad,0.1,400,100,face,3,5,0.471067428588867,8,4,0.6362070799610791,0.9805901238003489,0.7155794909087505,NA,NA,NA
11,OnlineFPCA-adagrad,0.1,500,100,face,3,5,0.471638202667236,8,4,0.3313342444105501,1.2559530458101884,1.1595385084036693,NA,NA,NA
11,OnlineFPCA-adagrad,0.1,600,100,face,3,5,0.475617170333862,8,4,0.4220731829404123,0.8847853771149554,0.3839346415208289,NA,NA,NA
11,OnlineFPCA-adagrad,0.1,700,100,face,3,5,0.478175401687622,8,4,0.37940025331083116,0.829995180579879,0.259799122428158,NA,NA,NA
11,OnlineFPCA-adagrad,0.1,800,100,face,3,5,0.479900360107422,8,4,0.37361528383611897,0.826233755332276,0.2603281775259742,NA,NA,NA
11,OnlineFPCA-adagrad,0.1,900,100,face,3,5,0.487868309020996,8,4,0.3656766245994154,0.8205197457954481,0.26127454108778164,NA,NA,NA
11,OnlineFPCA-adagrad,0.1,1000,100,face,3,5,0.477250576019287,8,4,0.3619481842979647,0.8167911239249923,0.26263076695377247,NA,NA,NA
11,OnlineFPCA-adagrad,0.1,1100,100,face,3,5,0.68932580947876,8,4,0.418850151783541,0.28148254234728903,0.30292445204762325,0.1503182771878002,0.5819423998436931,0.28835883350846436
11,OnlineFPCA-adagrad,0.1,1200,100,face,3,5,0.691916942596436,8,4,0.26370751961836003,0.30249492429799213,0.26638137057037586,0.11513445645150594,0.38521938746330225,0.26702961652084883
11,OnlineFPCA-adagrad,0.1,1300,100,face,3,5,0.689334154129028,8,4,0.22469149575610442,0.20232830818345188,0.25868009261904057,0.0657612371243861,0.28541899976779056,0.2563310183882042
11,OnlineFPCA-adagrad,0.1,1400,100,face,3,5,0.687773942947388,8,4,0.31148275730514724,0.1624349722496172,0.2917470332980351,0.06890285717899074,0.22000543444881843,0.25396264403886704
11,OnlineFPCA-adagrad,0.1,1500,100,face,3,5,0.826725721359253,8,4,0.2033211027955784,0.16073681775938803,0.18445373737989051,0.05647016345874634,0.17861025892696178,0.24339793139823956
11,OnlineFPCA-adagrad,0.1,1600,100,face,3,5,0.683820962905884,8,4,0.09779644766589474,0.10106360484932148,0.277840774781083,0.044266009565596405,0.15036675516128148,0.24073818865105207
11,OnlineFPCA-adagrad,0.1,1700,100,face,3,5,0.680386304855347,8,4,0.11770434491248931,0.14445817130477312,0.25464479215268476,0.03453843770750022,0.1445333499845492,0.24948018252124157
11,OnlineFPCA-adagrad,0.1,1800,100,face,3,5,0.684272289276123,8,4,0.09663685293027034,0.1042313449471238,0.23802043719504007,0.03749398741434678,0.13307694543469412,0.24673789765038995
11,OnlineFPCA-adagrad,0.1,1900,100,face,3,5,0.675492286682129,8,4,0.12181412919250169,0.11947805760155127,0.17110227427719307,0.04240785244324051,0.13199248723998855,0.24146671098183492
11,OnlineFPCA-adagrad,0.1,2000,100,face,3,5,0.690195560455322,8,4,0.1284631629949086,0.13092342276651914,0.2360878347369888,0.046193552483372945,0.1276945201003281,0.2378701372296851
11,OnlineFPCA-adagrad,0.1,2100,100,face,3,5,0.675387859344482,8,4,0.29187757187452756,0.07036466427575283,0.2443538799550839,0.044010385232014136,0.12350392619727257,0.23138235989977757
11,OnlineFPCA-adagrad,0.1,2200,100,face,3,5,0.676771879196167,8,4,0.2268439746295489,0.10915070966220684,0.1852509582914183,0.0376125739270409,0.11324008566518688,0.22303747170952554
11,OnlineFPCA-adagrad,0.1,2300,100,face,3,5,0.676002740859985,8,4,0.3305550248150428,0.19953122248729946,0.251056377366488,0.03686565181287148,0.1146922190052837,0.22335340568323617
11,OnlineFPCA-adagrad,0.1,2400,100,face,3,5,0.678216695785522,8,4,0.20472398909957518,0.15135352898269816,0.24140853360278014,0.038281514701927595,0.11175672337487594,0.22572269870933093
11,OnlineFPCA-adagrad,0.1,2500,100,face,3,5,0.679413080215454,8,4,0.19509352168465116,0.17005432590871702,0.15763890104901077,0.040895634580858556,0.10866259379266593,0.22259421746197192
11,OnlineFPCA-adagrad,0.1,2600,100,face,3,5,0.752547740936279,8,4,0.07862107775228343,0.2425114266525878,0.16351875221566461,0.037205439203428406,0.10661866889924607,0.21783214026365968
11,OnlineFPCA-adagrad,0.1,2700,100,face,3,5,0.730629444122314,8,4,0.057632582053187616,0.22652123547852238,0.2657353886579482,0.033923915835019726,0.10864025574524067,0.21849944750226719
11,OnlineFPCA-adagrad,0.1,2800,100,face,3,5,0.73594331741333,8,4,0.12910876727993437,0.23919877261388173,0.3088112716956728,0.03297561072696575,0.11028000102275942,0.21845483854550188
11,OnlineFPCA-adagrad,0.1,2900,100,face,3,5,0.74602198600769,8,4,0.09011090119103139,0.1954345054806068,0.2887890455586215,0.03249346226653891,0.11303942304346085,0.2191219794661895
11,OnlineFPCA-adagrad,0.1,3000,100,face,3,5,0.73533821105957,8,4,0.19751942804700479,0.15337497452068385,0.3697940550434068,0.03091654900671532,0.10323142881574489,0.21966350008151436
11,OnlineFPCA-adagrad,0.1,3100,100,face,3,5,0.737483739852905,8,4,0.1652759478917397,0.3135967829077519,0.31592085820970867,0.024926858042170614,0.08500779077950896,0.2199692501979233
11,OnlineFPCA-adagrad,0.1,3200,100,face,3,5,0.731691598892212,8,4,0.16588094226500277,0.232198489645698,0.35091297755233436,0.02288275432496998,0.07088396204682658,0.22408618206530648
11,OnlineFPCA-adagrad,0.1,3300,100,face,3,5,0.728255748748779,8,4,0.19088196620055597,0.1624894287183804,0.3351215310615931,0.019663756803384634,0.06583509128456652,0.22564291934238603
11,OnlineFPCA-adagrad,0.1,3400,100,face,3,5,0.739000558853149,8,4,0.21080527417967043,0.2416924261274665,0.410329292990825,0.01678097256266812,0.060523851559291145,0.22985990747291965
11,OnlineFPCA-adagrad,0.1,3500,100,face,3,5,0.733796358108521,8,4,0.11299500732823804,0.18473497944275033,0.14211669078143366,0.014514344002715517,0.054298082270790936,0.23007549446503955
11,OnlineFPCA-adagrad,0.1,3600,100,face,3,5,0.740057468414307,8,4,0.2482693862165619,0.39238144711714656,0.17320325930139033,0.01463309203174053,0.046101805435740655,0.22054472369717204
11,OnlineFPCA-adagrad,0.1,3700,100,face,3,5,0.731486797332764,8,4,0.12606032641648882,0.18053766583528216,0.31299304488434043,0.013573765386428634,0.04048781957736226,0.21515063802123155
11,OnlineFPCA-adagrad,0.1,3800,100,face,3,5,0.728855609893799,8,4,0.1636009983858671,0.18743777082102758,0.28796357320703325,0.012401977207194855,0.04092165095112143,0.21270911606377763
11,OnlineFPCA-adagrad,0.1,3900,100,face,3,5,0.733865737915039,8,4,0.14041362174355806,0.2924769738324463,0.3627300245490289,0.01145907618591361,0.041761652464387435,0.21255132646202257
11,OnlineFPCA-adagrad,0.1,4000,100,face,3,5,0.741168022155762,8,4,0.012385553092410176,0.04284611754925863,0.21383369068028193,0.012385553092410176,0.04284611754925863,0.21383369068028193
11,OnlineFPCA-adagrad,0.1,4100,100,face,3,5,0.747810363769531,8,4,0.2464918284410653,0.2810901947393942,0.12742845851196666,0.1433563549222947,0.1907378729413903,0.1366483018145448
11,OnlineFPCA-adagrad,0.1,4200,100,face,3,5,0.72518515586853,8,4,0.12637124911905892,0.13949104282504188,0.2697402275482911,0.09624384006422321,0.14301498421809902,0.07495642479558938
11,OnlineFPCA-adagrad,0.1,4300,100,face,3,5,0.732685804367065,8,4,0.10277203284210694,0.22569488620717715,0.22881912487753653,0.05320232885002248,0.08479281619101692,0.11038581082287505
11,OnlineFPCA-adagrad,0.1,4400,100,face,3,5,0.729318857192993,8,4,0.14663282793131535,0.16905637774109222,0.14392760118347522,0.038993984102033905,0.07916566123017754,0.10182568564681595
11,OnlineFPCA-adagrad,0.1,4500,100,face,3,5,0.733990430831909,8,4,0.14398328283456766,0.2422263992099088,0.1726811878747846,0.038842514295575094,0.08464865489806851,0.08840037772458484
11,OnlineFPCA-adagrad,0.1,4600,100,face,3,5,0.748895406723022,8,4,0.04815537885832925,0.23131890340646521,0.2865563331775193,0.041364088789220245,0.09314389646355646,0.11272241683301107
11,OnlineFPCA-adagrad,0.1,4700,100,face,3,5,0.886713027954102,8,4,0.10926912155234211,0.32614646186226204,0.36460610857573605,0.04603512373444734,0.09897283561982173,0.13448804075566423
11,OnlineFPCA-adagrad,0.1,4800,100,face,3,5,0.734016418457031,8,4,0.23478184144961742,0.2234884189281032,0.3745768376872939,0.0420532344163714,0.10775595437636218,0.1571701763922738
11,OnlineFPCA-adagrad,0.1,4900,100,face,3,5,0.742350339889526,8,4,0.16930714882863968,0.2187427737984494,0.3052240623896692,0.047808724932603776,0.10456160061504492,0.1783097199678343
11,OnlineFPCA-adagrad,0.1,5000,100,face,3,5,0.740586519241333,8,4,0.12243137918046355,0.22556879620774217,0.274630924397685,0.0458742836870023,0.10450887311495771,0.1885426319251229
11,OnlineFPCA-adagrad,0.1,5100,100,face,3,5,0.114946842193604,8,4,0.14305720763683918,0.21294481093956028,0.16197799395094334,0.04015259606176345,0.10286981705638927,0.18463783130641104
11,OnlineFPCA-adagrad,0.1,5200,100,face,3,5,0.111242055892944,8,4,0.09894596856267229,0.11891154546733484,0.14556754632841154,0.03651346976482511,0.09978551935883187,0.1737372968359187
11,OnlineFPCA-adagrad,0.1,5300,100,face,3,5,0.115638732910156,8,4,0.1304802214472411,0.3462268917747919,0.2365200548377243,0.03635091973105495,0.09249065944221309,0.16920943421626106
11,OnlineFPCA-adagrad,0.1,5400,100,face,3,5,0.117280244827271,8,4,0.15801675492919662,0.14918819354920232,0.26087422576395736,0.03397294636297803,0.08349223345222391,0.16737338302648128
11,OnlineFPCA-adagrad,0.1,5500,100,face,3,5,0.111154079437256,8,4,0.09947035098206565,0.19264875664003844,0.2233403477068611,0.032663456017985426,0.07949530461952864,0.1694822953606416
11,OnlineFPCA-adagrad,0.1,5600,100,face,3,5,0.118485450744629,8,4,0.11462406558937388,0.10853257208161803,0.32929097320472916,0.03290168621844197,0.0773806210872672,0.17309716684835003
11,OnlineFPCA-adagrad,0.1,5700,100,face,3,5,0.116859436035156,8,4,0.18089652284960875,0.1320264632469841,0.23430847733762455,0.031031597927214855,0.07462515560705192,0.17476477515026076
11,OnlineFPCA-adagrad,0.1,5800,100,face,3,5,0.109880924224854,8,4,0.12748871711677695,0.2204289931993228,0.26705143790062513,0.03276311388281926,0.07319553326744868,0.17723444024638063
11,OnlineFPCA-adagrad,0.1,5900,100,face,3,5,0.114816665649414,8,4,0.1099761297293292,0.2043314387033678,0.25769384432232423,0.036721065428683836,0.07683888281821735,0.17982465353842722
11,OnlineFPCA-adagrad,0.1,6000,100,face,3,5,0.113980293273926,8,4,0.060711783800091956,0.1340661811041656,0.2248498341720363,0.03579355920125383,0.07731104514250117,0.1776810677126314
11,OnlineFPCA-adagrad,0.1,6100,100,face,3,5,0.11236572265625,8,4,0.10902417792519829,0.18324102858628696,0.2772681069162743,0.032320074660596186,0.07903232400228591,0.17842436730952013
11,OnlineFPCA-adagrad,0.1,6200,100,face,3,5,0.255829334259033,8,4,0.11474074525280771,0.20126549195192567,0.25004030920873394,0.02795041492592091,0.08126814635695051,0.18023876488778356
11,OnlineFPCA-adagrad,0.1,6300,100,face,3,5,0.111046552658081,8,4,0.11206853150355527,0.11246741272477927,0.24917808627043475,0.027286104732451917,0.08255042364573206,0.18322639098662438
11,OnlineFPCA-adagrad,0.1,6400,100,face,3,5,0.115833282470703,8,4,0.16260524089751147,0.1112014515488512,0.2981895009920926,0.02516614802306027,0.08034740799991186,0.18586927025290914
11,OnlineFPCA-adagrad,0.1,6500,100,face,3,5,0.116833448410034,8,4,0.12854841571248002,0.1466245836982335,0.2137382501714375,0.02437696690159507,0.07621547451818735,0.1875109540291736
11,OnlineFPCA-adagrad,0.1,6600,100,face,3,5,0.111144781112671,8,4,0.10348726507918495,0.13390106930452542,0.43784085332786343,0.023277030435293295,0.07360867794790361,0.19274708860116724
11,OnlineFPCA-adagrad,0.1,6700,100,face,3,5,0.117626667022705,8,4,0.10162349351741198,0.1336647341221931,0.3538361653404498,0.023806078332318223,0.07141493805210485,0.20057383721518007
11,OnlineFPCA-adagrad,0.1,6800,100,face,3,5,0.115097522735596,8,4,0.12802810920711616,0.14879817341407722,0.30803243026562394,0.021960321875996273,0.06754053657082072,0.20427948772950633
11,OnlineFPCA-adagrad,0.1,6900,100,face,3,5,0.111112833023071,8,4,0.09954145519775788,0.12566532759040888,0.22092893383787285,0.021094534288230986,0.06610493782413418,0.20707748715179122
11,OnlineFPCA-adagrad,0.1,7000,100,face,3,5,0.118521928787231,8,4,0.0912325475160873,0.17438464252116254,0.336281593339707,0.021478471664397432,0.06504833278545102,0.2079640628084485
11,OnlineFPCA-adagrad,0.1,7100,100,face,3,5,0.113660573959351,8,4,0.12415547284082258,0.11438599243063992,0.2699580220885368,0.02118900206771934,0.06387207812120106,0.20931170216850528
11,OnlineFPCA-adagrad,0.1,7200,100,face,3,5,0.115276336669922,8,4,0.18052488599877273,0.09598894442960974,0.2212310659159345,0.022588032930283754,0.06057937726328676,0.20682596045065868
11,OnlineFPCA-adagrad,0.1,7300,100,face,3,5,0.11752462387085,8,4,0.10321627715813482,0.1667849548419705,0.2640926866561187,0.02389662518753434,0.05595083386556519,0.20747742281035636
11,OnlineFPCA-adagrad,0.1,7400,100,face,3,5,0.112505674362183,8,4,0.11729148709020008,0.09807714898525902,0.3173852448994397,0.023908415254153367,0.054026480097591346,0.20855975746613825
11,OnlineFPCA-adagrad,0.1,7500,100,face,3,5,0.118875026702881,8,4,0.12070068453805718,0.22423929906312168,0.2397192596623405,0.024040478744605343,0.05307797667948678,0.2089185640637351
11,OnlineFPCA-adagrad,0.1,7600,100,face,3,5,0.117669820785522,8,4,0.0893051916959799,0.2114950306675572,0.25871138155903944,0.023976243432638822,0.051361583985781147,0.20797236590419008
11,OnlineFPCA-adagrad,0.1,7700,100,face,3,5,0.11252236366272,8,4,0.058689403676389494,0.20650134544818685,0.3473797148672912,0.02210328412865823,0.05061118530646789,0.20793885033947612
11,OnlineFPCA-adagrad,0.1,7800,100,face,3,5,0.114607810974121,8,4,0.1092429472907545,0.26118631435485584,0.3725995069937099,0.02149027163376508,0.04955915981107691,0.20930455640706955
11,OnlineFPCA-adagrad,0.1,7900,100,face,3,5,0.114599943161011,8,4,0.06510194054880361,0.21076216572911452,0.33103019174139087,0.020834802427613534,0.04890852152257162,0.21050408391633935
11,OnlineFPCA-adagrad,0.1,8000,100,face,3,5,0.112276792526245,8,4,0.1803029327417331,0.14189479113174197,0.46643357528970414,0.020186037963181237,0.048161782494490206,0.21229303545501962
11,OnlineFPCA-adagrad,0.1,8100,100,face,3,5,0.114487409591675,8,4,0.1621345193968308,0.27713380420159295,0.4247624726678849,0.01974323477757804,0.046711810352368995,0.21429112034551379
11,OnlineFPCA-adagrad,0.1,8200,100,face,3,5,0.113119125366211,8,4,0.10839506951282814,0.21130760380849015,0.3590964295664079,0.01940454265645741,0.04457080957961849,0.21532212777726126
11,OnlineFPCA-adagrad,0.1,8300,100,face,3,5,0.115069627761841,8,4,0.16535118133497348,0.19249153648369507,0.3419677000037614,0.01827458480833466,0.04515691021534036,0.21579880056867723
11,OnlineFPCA-adagrad,0.1,8400,100,face,3,5,0.117178678512573,8,4,0.18636599630236614,0.19093146657667862,0.4343443183349983,0.016084204383527537,0.04649979995238761,0.21825832654259275
11,OnlineFPCA-adagrad,0.1,8500,100,face,3,5,0.110354661941528,8,4,0.11365149539716964,0.14331292599176962,0.20645065437309146,0.015134157059040101,0.0464715459839723,0.2200111480881985
11,OnlineFPCA-adagrad,0.1,8600,100,face,3,5,0.117459058761597,8,4,0.21018788315407916,0.29264807057633446,0.11252454897208661,0.01671598641135161,0.04667974044786019,0.21748869926395098
11,OnlineFPCA-adagrad,0.1,8700,100,face,3,5,0.116273641586304,8,4,0.12037123839854898,0.16968065006677957,0.16769993335306269,0.017585654574424226,0.0472206777008688,0.21497044124815537
11,OnlineFPCA-adagrad,0.1,8800,100,face,3,5,0.110878944396973,8,4,0.13655053471568235,0.19866896787546107,0.2386588846011514,0.017377940721540055,0.04779644803207981,0.2131199883866939
11,OnlineFPCA-adagrad,0.1,8900,100,face,3,5,0.117337226867676,8,4,0.12233111216528801,0.26248711962215754,0.3111389458572692,0.01763894784536122,0.04691329108059646,0.21217250924538703
11,OnlineFPCA-adagrad,0.1,9000,100,face,3,5,0.11358904838562,8,4,0.15778047860330038,0.11893897496964559,0.2224210450125169,0.01834794938529621,0.04647019990076362,0.21223274251502902
11,OnlineFPCA-adagrad,0.1,9100,100,face,3,5,0.111583948135376,8,4,0.21793067763810242,0.25534232092793613,0.19710273547284227,0.021025445224066977,0.04716047424007526,0.2096908613446098
11,OnlineFPCA-adagrad,0.1,9200,100,face,3,5,0.115826368331909,8,4,0.1030772247445905,0.09119417808362827,0.17277294632667844,0.021390592582856183,0.04818449096754823,0.2053444810990284
11,OnlineFPCA-adagrad,0.1,9300,100,face,3,5,0.113887786865234,8,4,0.10449211395973068,0.16934311160273238,0.18365001170025683,0.02099396409662573,0.047386793825753844,0.2012940134939997
11,OnlineFPCA-adagrad,0.1,9400,100,face,3,5,0.11355447769165,8,4,0.11196756776562716,0.11698483053448927,0.12532778128597938,0.020919753056692705,0.04738051439699847,0.19895031513897055
11,OnlineFPCA-adagrad,0.1,9500,100,face,3,5,0.116735696792603,8,4,0.12813032353902826,0.18916728601581265,0.14635579099206344,0.020645754115801718,0.047461177582345006,0.19771211811406145
11,OnlineFPCA-adagrad,0.1,9600,100,face,3,5,0.113259792327881,8,4,0.056968974569485686,0.1738839084214362,0.23699213493721397,0.021031811079285943,0.04769874143295762,0.1978680893645718
11,OnlineFPCA-adagrad,0.1,9700,100,face,3,5,0.114792346954346,8,4,0.08830830599720824,0.22445137606067075,0.246884159902664,0.022073315385599503,0.04797375265458921,0.1980337751530611
11,OnlineFPCA-adagrad,0.1,9800,100,face,3,5,0.117072582244873,8,4,0.1854203880624039,0.1959186272504872,0.295100304363152,0.022687106446889302,0.047929620124603466,0.1981498638631769
11,OnlineFPCA-adagrad,0.1,9900,100,face,3,5,0.109680891036987,8,4,0.1496069783805922,0.17048476404662535,0.24594153343077127,0.02371383904245539,0.04757815586346099,0.1992726304818711
11,OnlineFPCA-adagrad,0.1,10000,100,face,3,5,0.116576910018921,8,4,0.08648825124120219,0.19543117779770527,0.24392843730985436,0.02417072439683971,0.048201800586972605,0.19980375985641582
11,OnlineFPCA-adagrad,0.1,10100,100,face,3,5,0.112420082092285,8,4,0.1045151978598343,0.1567881966630335,0.14193374215658064,0.023965974971722852,0.049032358388673175,0.19884582407509302
11,OnlineFPCA-adagrad,0.1,10200,100,face,3,5,0.114508628845215,8,4,0.08511006932998966,0.08988844985556027,0.10759526745243854,0.02372642419607299,0.04943100071867915,0.19640446511759305
11,OnlineFPCA-adagrad,0.1,10300,100,face,3,5,0.115788698196411,8,4,0.10317846886251152,0.26647083262434856,0.2044232098298407,0.023812822228145434,0.049306433246464935,0.19516106714108714
11,OnlineFPCA-adagrad,0.1,10400,100,face,3,5,0.114696979522705,8,4,0.12712247710068617,0.1474752960979296,0.22892149623924132,0.023661941344502717,0.04831686644394377,0.19414523016540772
11,OnlineFPCA-adagrad,0.1,10500,100,face,3,5,0.110826253890991,8,4,0.08942595853896566,0.16438135025280068,0.19413685749787965,0.023692679832745193,0.047615202972821846,0.19356059881236057
11,OnlineFPCA-adagrad,0.1,10600,100,face,3,5,0.116195201873779,8,4,0.0980932382926405,0.08178351676105855,0.2725106300310959,0.02380047268251274,0.04709569602604434,0.1930352195204128
11,OnlineFPCA-adagrad,0.1,10700,100,face,3,5,0.109607934951782,8,4,0.14857485807619591,0.10183250319677571,0.2167734168574773,0.023500803661777432,0.04688999126894586,0.19225746263116536
11,OnlineFPCA-adagrad,0.1,10800,100,face,3,5,0.11422872543335,8,4,0.12315692663352758,0.18917557555587738,0.2498742070732707,0.023634585791952347,0.04759775867711156,0.19181167772785795
11,OnlineFPCA-adagrad,0.1,10900,100,face,3,5,0.116029262542725,8,4,0.09901625586560801,0.17234157560023636,0.2369410970658689,0.024748453167270236,0.04933612164512421,0.1915909801083303
11,OnlineFPCA-adagrad,0.1,11000,100,face,3,5,0.111044645309448,8,4,0.05323202190528552,0.1252580042490267,0.20711444315664237,0.024905348339742884,0.04981700955870827,0.19029211700317328
11,OnlineFPCA-adagrad,0.1,11100,100,face,3,5,0.116123199462891,8,4,0.08772597182373627,0.16262756971038744,0.2398746593512746,0.024294153009050225,0.05018824981448063,0.18954699580036935
11,OnlineFPCA-adagrad,0.1,11200,100,face,3,5,0.115697622299194,8,4,0.09365239538090508,0.17510356995235105,0.21646914314545568,0.02343707381127565,0.05070531442495838,0.18914396805178743
11,OnlineFPCA-adagrad,0.1,11300,100,face,3,5,0.111134767532349,8,4,0.10266998049117773,0.1044658922197588,0.2218228760840058,0.023154502186522374,0.051329677826685315,0.18934068025345516
11,OnlineFPCA-adagrad,0.1,11400,100,face,3,5,0.116290092468262,8,4,0.13242155073490644,0.09019366059342904,0.26762203271106655,0.02262777880112478,0.05120864549418487,0.18981808873300782
11,OnlineFPCA-adagrad,0.1,11500,100,face,3,5,0.113422155380249,8,4,0.1062268436079525,0.12606683754387987,0.19834666987572494,0.022270324024948735,0.05039671846362873,0.19024296713461272
11,OnlineFPCA-adagrad,0.1,11600,100,face,3,5,0.11532735824585,8,4,0.08632208880623017,0.11738266117920645,0.3748811883961832,0.021910424013966815,0.04991011103080045,0.19170557147030923
11,OnlineFPCA-adagrad,0.1,11700,100,face,3,5,0.117000818252563,8,4,0.086639515005153,0.10251404999834708,0.32757114165242085,0.021792220636016133,0.04921118730243741,0.19400578245912775
11,OnlineFPCA-adagrad,0.1,11800,100,face,3,5,0.111190557479858,8,4,0.10852180575888046,0.12242377175699722,0.28816467437908005,0.02121061308491295,0.04781727177505349,0.19519177825889153
11,OnlineFPCA-adagrad,0.1,11900,100,face,3,5,0.115168809890747,8,4,0.08615576987521681,0.11349512996228747,0.22391308347175704,0.020609437152016557,0.0471774082020723,0.19625917004440388
11,OnlineFPCA-adagrad,0.1,12000,100,face,3,5,0.114231109619141,8,4,0.0816162691198445,0.14864412245095246,0.30801379665032524,0.020100334967663173,0.0469440097217836,0.19690672785622376
11,OnlineFPCA-adagrad,0.1,12100,100,face,3,5,0.10969090461731,8,4,0.10850094717872423,0.10839137818355993,0.2652163583560051,0.019709930706356526,0.04710738704626054,0.19780818889129592
11,OnlineFPCA-adagrad,0.1,12200,100,face,3,5,0.116572380065918,8,4,0.1616485239046309,0.08121073507838092,0.2142795099122818,0.02016321482182033,0.046509661217126644,0.19755305645043555
11,OnlineFPCA-adagrad,0.1,12300,100,face,3,5,0.113810300827026,8,4,0.09518403452902484,0.13792228565960482,0.25514872419136475,0.020557592411781164,0.045260926434674394,0.19804068982462197
11,OnlineFPCA-adagrad,0.1,12400,100,face,3,5,0.110490322113037,8,4,0.10383794796244068,0.08114402648942236,0.29679192271071164,0.020365467094822377,0.04429123873653307,0.19867873212625722
11,OnlineFPCA-adagrad,0.1,12500,100,face,3,5,0.115732669830322,8,4,0.10593837508900161,0.18601197580776488,0.2280079941477789,0.020243811788335318,0.04405810008429304,0.1991664214696979
11,OnlineFPCA-adagrad,0.1,12600,100,face,3,5,0.111811876296997,8,4,0.0829443264486127,0.18416782139051033,0.23908531352013956,0.02038311236437975,0.04374324693812781,0.1992329131712049
11,OnlineFPCA-adagrad,0.1,12700,100,face,3,5,0.113970994949341,8,4,0.05118806527511903,0.18594343816158068,0.3196305579499169,0.019798107886061164,0.043783394602017495,0.1995524336545773
11,OnlineFPCA-adagrad,0.1,12800,100,face,3,5,0.116260766983032,8,4,0.09329950607740692,0.2342192892025997,0.3365091935671874,0.019449496566302904,0.043669626002548236,0.2003765343002322
11,OnlineFPCA-adagrad,0.1,12900,100,face,3,5,0.110029220581055,8,4,0.058363008256792547,0.18862199879286257,0.31507248114168934,0.01890338545160127,0.043336611092524686,0.20111915119320223
11,OnlineFPCA-adagrad,0.1,13000,100,face,3,5,0.116006374359131,8,4,0.16538808286508058,0.11474152103790722,0.41706472261366057,0.01841379040510484,0.043321146054946066,0.20207978862619783
11,OnlineFPCA-adagrad,0.1,13100,100,face,3,5,0.115609407424927,8,4,0.14168973342608532,0.2262942434635254,0.38337147463041327,0.018451898530721607,0.04345693011643949,0.20310049699142835
11,OnlineFPCA-adagrad,0.1,13200,100,face,3,5,0.108531713485718,8,4,0.07718880857751703,0.18890157909011715,0.31325384766989134,0.018502106890074758,0.04316360532913856,0.20356997679608405
11,OnlineFPCA-adagrad,0.1,13300,100,face,3,5,0.116576910018921,8,4,0.1339065303651303,0.16754128332824983,0.31275038847996717,0.018409035204922725,0.0437230921074587,0.20383813713834015
11,OnlineFPCA-adagrad,0.1,13400,100,face,3,5,0.118507385253906,8,4,0.164434582346505,0.17203653795286647,0.39632257560072226,0.017903568021196792,0.04460223152122545,0.2048937919781183
11,OnlineFPCA-adagrad,0.1,13500,100,face,3,5,0.109717845916748,8,4,0.10727870781941434,0.13118968406587303,0.21633161380284022,0.017820653186081895,0.04498704907532087,0.20580494405692765
11,OnlineFPCA-adagrad,0.1,13600,100,face,3,5,0.114137172698975,8,4,0.18194145572326784,0.24607601449253472,0.1291028429955194,0.018579802384351453,0.045386010669670504,0.20505518255330676
11,OnlineFPCA-adagrad,0.1,13700,100,face,3,5,0.110862731933594,8,4,0.10943470029705357,0.16019762992450728,0.17015635167353346,0.019084345146173885,0.045856957728997706,0.2042799877413757
11,OnlineFPCA-adagrad,0.1,13800,100,face,3,5,0.114828109741211,8,4,0.11816892868813166,0.17551298256418488,0.24126673103319646,0.019064415541981815,0.04643931225597739,0.20371976284838073
11,OnlineFPCA-adagrad,0.1,13900,100,face,3,5,0.116273641586304,8,4,0.11515818780943456,0.21158167637245465,0.294419561535741,0.01920609517437857,0.04639129021859578,0.20338833213991703
11,OnlineFPCA-adagrad,0.1,14000,100,face,3,5,0.10934042930603,8,4,0.13827799447543984,0.11100248081378612,0.2226246808183617,0.01952339517017854,0.046304706844157446,0.20339467801956995
11,OnlineFPCA-adagrad,0.1,14100,100,face,3,5,0.115071535110474,8,4,0.20011037204546686,0.2338206097043955,0.19478367094888258,0.020714191779767306,0.04664248860340255,0.20234013485252544
11,OnlineFPCA-adagrad,0.1,14200,100,face,3,5,0.11355996131897,8,4,0.08887995576292948,0.08541830398114104,0.15839372248577518,0.02099554297019395,0.04718299482586354,0.20041296494919478
11,OnlineFPCA-adagrad,0.1,14300,100,face,3,5,0.109613656997681,8,4,0.09547762100764474,0.14000189280568776,0.17041672239113861,0.0209053794789767,0.046890733804186166,0.1983883531601131
11,OnlineFPCA-adagrad,0.1,14400,100,face,3,5,0.112923860549927,8,4,0.09489678105296674,0.09874690520150878,0.11152848110771796,0.02089348659878367,0.04689260472799034,0.19710568562773906
11,OnlineFPCA-adagrad,0.1,14500,100,face,3,5,0.115755319595337,8,4,0.114593535183084,0.16283341058576875,0.13099658827248226,0.020737185166242678,0.04687839050553391,0.1963215697699586
11,OnlineFPCA-adagrad,0.1,14600,100,face,3,5,0.1089768409729,8,4,0.05712915534732217,0.1554650568156362,0.20522698934265385,0.020875266454704184,0.046935911825634564,0.19616309584383124
11,OnlineFPCA-adagrad,0.1,14700,100,face,3,5,0.114810228347778,8,4,0.08183953623084539,0.1922567447002393,0.20699309606302704,0.021369641433965702,0.04704117805973548,0.19606047289228226
11,OnlineFPCA-adagrad,0.1,14800,100,face,3,5,0.111778020858765,8,4,0.16065039457535782,0.1782728093836187,0.25722883527589135,0.021741177517047565,0.04697776624683794,0.1958727645894944
11,OnlineFPCA-adagrad,0.1,14900,100,face,3,5,0.113607883453369,8,4,0.14252232203204618,0.149964120609966,0.2192792338615574,0.022273900440551667,0.0467923629997015,0.1962120007253535
11,OnlineFPCA-adagrad,0.1,15000,100,face,3,5,0.12133264541626,8,4,0.07115582855142204,0.18035812112116384,0.2269660651786818,0.022587560298795883,0.047069298569930015,0.19636243487535263
