seed,Method,StepSize,N,Ninit,initMethod,npc,nBatch,Time,C,W,RMSEphi1,RMSEphi2,RMSEphi3,RMSEphi1.avg,RMSEphi2.avg,RMSEphi3.avg
34,OnlineFPCA-sgd,0.1,0,100,face,3,5,6.49993443489075,3,1,0.1928146832635463,0.4385400960163578,0.4288529981360048,0.1928146832635463,0.4385400960163578,0.4288529981360048
34,OnlineFPCA-sgd,0.1,100,100,face,3,5,0.44490909576416,3,1,0.44099040997364336,0.4877528999387121,0.43355644226122325,NA,NA,NA
34,OnlineFPCA-sgd,0.1,200,100,face,3,5,0.274048566818237,3,1,0.2683660664603818,0.524645452030891,0.808167959415666,NA,NA,NA
34,OnlineFPCA-sgd,0.1,300,100,face,3,5,0.236761093139648,3,1,0.3919285647729334,0.5291494173805933,0.6976482134859088,NA,NA,NA
34,OnlineFPCA-sgd,0.1,400,100,face,3,5,0.246193170547485,3,1,0.40299838273851335,0.33151889643409765,0.30895358731222183,NA,NA,NA
34,OnlineFPCA-sgd,0.1,500,100,face,3,5,0.24627423286438,3,1,0.6161649389068894,0.39607395711568266,0.5795190957916067,NA,NA,NA
34,OnlineFPCA-sgd,0.1,600,100,face,3,5,0.254271268844604,3,1,0.5980345809608669,0.395790969870602,0.5847506155486802,NA,NA,NA
34,OnlineFPCA-sgd,0.1,700,100,face,3,5,0.246868848800659,3,1,0.5819306599324009,0.39667362204532497,0.5847310083323657,NA,NA,NA
34,OnlineFPCA-sgd,0.1,800,100,face,3,5,0.250271558761597,3,1,0.5674213565270749,0.3948192639311108,0.5783298482117681,NA,NA,NA
34,OnlineFPCA-sgd,0.1,900,100,face,3,5,0.241671800613403,3,1,0.4964168050661525,0.39015724032091254,0.5075096080204651,NA,NA,NA
34,OnlineFPCA-sgd,0.1,1000,100,face,3,5,0.239318370819092,3,1,0.4010767657336267,0.38812089250452436,0.4256993735342519,NA,NA,NA
34,OnlineFPCA-sgd,0.1,1100,100,face,3,5,0.344424247741699,3,1,0.3047979973313676,0.38686173338210983,0.4144729051450074,0.33860447933431537,0.39101685300624167,0.4231355701792215
34,OnlineFPCA-sgd,0.1,1200,100,face,3,5,0.376549959182739,3,1,1.1446185764545558,0.4556776996973831,0.5414951890202592,0.2854820563584448,0.3431245501578613,0.43163955235823315
34,OnlineFPCA-sgd,0.1,1300,100,face,3,5,0.325793504714966,3,1,1.0941235606258963,0.8933860786579507,0.6293425476135209,0.35193030076498066,0.20767205236105066,0.34586828349250637
34,OnlineFPCA-sgd,0.1,1400,100,face,3,5,0.31930947303772,3,1,0.36113483003230906,0.4682698773856373,0.5512666816643331,0.3163080562412193,0.2323553693001333,0.3672134548924266
34,OnlineFPCA-sgd,0.1,1500,100,face,3,5,0.329802513122559,3,1,0.5316171991531403,0.4352513343031665,0.45331698919900715,0.29389961013434596,0.2579959736593665,0.37933585149994414
34,OnlineFPCA-sgd,0.1,1600,100,face,3,5,0.331855773925781,3,1,0.22725030972154198,0.4023903355169442,0.4560132225354318,0.25997107284650123,0.2697132857387162,0.3852651510527024
34,OnlineFPCA-sgd,0.1,1700,100,face,3,5,0.337133884429932,3,1,0.22403003494410825,0.40207641414131234,0.45578107630359144,0.24266033602391443,0.2829885117063473,0.39145348821778414
34,OnlineFPCA-sgd,0.1,1800,100,face,3,5,0.323333501815796,3,1,0.22110889647849016,0.40158437311190226,0.4553444825777414,0.23177753947597496,0.2945677127916521,0.39700277275006957
34,OnlineFPCA-sgd,0.1,1900,100,face,3,5,0.345002889633179,3,1,0.21988702227347387,0.4015156177310062,0.45522933833650764,0.22467732562526335,0.3043848601429312,0.4018300527316628
34,OnlineFPCA-sgd,0.1,2000,100,face,3,5,0.34401535987854,3,1,0.21823554989191493,0.40138258032798557,0.4550834119550182,0.21984584726000955,0.31269837605783085,0.40599926876099907
34,OnlineFPCA-sgd,0.1,2100,100,face,3,5,0.33515477180481,3,1,0.18460363202040295,0.37207122508481305,0.4311773112230528,0.2151889645050536,0.3179118663688447,0.4079557545937529
34,OnlineFPCA-sgd,0.1,2200,100,face,3,5,0.345171689987183,3,1,0.16326572824833005,0.3789450917910492,0.419114166290929,0.20931670218129692,0.32095277939249905,0.4083238697253688
34,OnlineFPCA-sgd,0.1,2300,100,face,3,5,0.330429077148438,3,1,0.09791741307668071,0.36201900160701056,0.39934717822820714,0.20141315954607594,0.32287521928319374,0.4068862996547477
34,OnlineFPCA-sgd,0.1,2400,100,face,3,5,0.356147289276123,3,1,0.06808646601933398,0.3625904102251532,0.3845084961035289,0.18968785908204733,0.32423161917578136,0.4037502407296677
34,OnlineFPCA-sgd,0.1,2500,100,face,3,5,0.339665412902832,3,1,0.11249761745287645,0.3571284200390118,0.39530610180757614,0.17734634838832208,0.32628825175663967,0.39977266549629736
34,OnlineFPCA-sgd,0.1,2600,100,face,3,5,0.345776557922363,3,1,0.09434032322136256,0.3434701662407525,0.39949709700828767,0.16817876819277247,0.3265138343836215,0.3976499732711117
34,OnlineFPCA-sgd,0.1,2700,100,face,3,5,0.376714944839478,3,1,0.0812766888940667,0.34019583157787536,0.37995748193677537,0.16095876662269498,0.325992398454439,0.3957366873604424
34,OnlineFPCA-sgd,0.1,2800,100,face,3,5,0.344963312149048,3,1,0.06433746412320113,0.3123394344690862,0.3885364362979269,0.1536715873961749,0.3248177941784404,0.39280210116552416
34,OnlineFPCA-sgd,0.1,2900,100,face,3,5,0.34516716003418,3,1,0.04681914782428957,0.3128689950939736,0.37610865835240587,0.14576523474007366,0.32339376496591254,0.39007988275818584
34,OnlineFPCA-sgd,0.1,3000,100,face,3,5,0.339025259017944,3,1,0.09483505204319632,0.3098041439538372,0.37431678481178154,0.13780847597342827,0.32184471617880933,0.38707526941019943
34,OnlineFPCA-sgd,0.1,3100,100,face,3,5,0.352883815765381,3,1,0.08073509686683018,0.30179133901930244,0.35307089318030377,0.13016269277870432,0.3201066673365143,0.3839969657284556
34,OnlineFPCA-sgd,0.1,3200,100,face,3,5,0.336305618286133,3,1,0.10733231397488058,0.294053857719669,0.3365245633807572,0.12368052032050626,0.31867092913939943,0.3807280922520242
34,OnlineFPCA-sgd,0.1,3300,100,face,3,5,0.349853515625,3,1,0.07739760005102403,0.28546070741105284,0.35437310816269474,0.1184163989604082,0.3167187826694549,0.37772229839331734
34,OnlineFPCA-sgd,0.1,3400,100,face,3,5,0.338186979293823,3,1,0.07187104522341563,0.2979346375427031,0.3624095821971079,0.11409074441192166,0.31523461959646254,0.37578556486761633
34,OnlineFPCA-sgd,0.1,3500,100,face,3,5,0.348491191864014,3,1,0.111914481563629,0.3004872584583577,0.3683931689344903,0.10829518387747464,0.3142673913879236,0.3738209609399862
34,OnlineFPCA-sgd,0.1,3600,100,face,3,5,0.340234041213989,3,1,0.05170165760028927,0.2928182415037594,0.35473581389580006,0.10265783474173586,0.31306003440452546,0.37165832311378433
34,OnlineFPCA-sgd,0.1,3700,100,face,3,5,0.338810443878174,3,1,0.09362262043601373,0.28581865567869796,0.3376622840787299,0.09784758226822074,0.31175938893361177,0.36942189584085494
34,OnlineFPCA-sgd,0.1,3800,100,face,3,5,0.352847099304199,3,1,0.05465648510007878,0.2857702665979867,0.3165174283257423,0.09414053886407224,0.31016672204636814,0.36690004537955967
34,OnlineFPCA-sgd,0.1,3900,100,face,3,5,0.321662664413452,3,1,0.10266248485485704,0.31669074022628185,0.3132235211264992,0.09023189538120376,0.30899887705864654,0.3644007488461366
34,OnlineFPCA-sgd,0.1,4000,100,face,3,5,0.330083847045898,3,1,0.08697890198571703,0.3077828238969549,0.36234850831929416,0.08697890198571703,0.3077828238969549,0.36234850831929416
34,OnlineFPCA-sgd,0.1,4100,100,face,3,5,0.333750486373901,3,1,0.14245008378740157,0.3006332049880452,0.34846638135051844,0.1000899292455599,0.30165857530072343,0.3538084273156266
34,OnlineFPCA-sgd,0.1,4200,100,face,3,5,0.337271213531494,3,1,0.12915559071191277,0.29342025193665133,0.33702459057031536,0.10987560182603465,0.2972653806313517,0.3460112147253241
34,OnlineFPCA-sgd,0.1,4300,100,face,3,5,0.338691234588623,3,1,0.11364105067100232,0.293854743561315,0.34332633795447987,0.0916727129387304,0.29509881755017914,0.34505617819287837
34,OnlineFPCA-sgd,0.1,4400,100,face,3,5,0.338432788848877,3,1,0.08662017458165687,0.2819062100930637,0.34492018926527446,0.0805888017058737,0.2923925838818335,0.344535368140937
34,OnlineFPCA-sgd,0.1,4500,100,face,3,5,0.337783813476562,3,1,0.09962286538787767,0.28819612750735624,0.3429576532415851,0.07552116800574055,0.29050850297354874,0.34299537088373494
34,OnlineFPCA-sgd,0.1,4600,100,face,3,5,0.34315013885498,3,1,0.14924285251301278,0.2761633007089879,0.3456352306717663,0.07473172909561673,0.2886890503460049,0.3418622619484724
34,OnlineFPCA-sgd,0.1,4700,100,face,3,5,0.347090482711792,3,1,0.05205000499794102,0.2835145246713084,0.32508387626941404,0.07581973787290049,0.2875484523378754,0.34086128234791635
34,OnlineFPCA-sgd,0.1,4800,100,face,3,5,0.337821483612061,3,1,0.05968630051648998,0.288159323309749,0.32582803878962735,0.06977531626551765,0.28705326546882803,0.3384235725704883
34,OnlineFPCA-sgd,0.1,4900,100,face,3,5,0.332853078842163,3,1,0.10008780508869003,0.28002837772087796,0.3286633280027708,0.06879864980709575,0.2862822200612011,0.33704480883715454
34,OnlineFPCA-sgd,0.1,5000,100,face,3,5,0.334858894348145,3,1,0.09504769970668063,0.2782826568937721,0.3348319202331028,0.0705983440999104,0.2852270833094647,0.3359753811926992
34,OnlineFPCA-sgd,0.1,5100,100,face,3,5,0.138155937194824,3,1,0.09906407516134783,0.2720087063167361,0.3243838177845839,0.07172435280082835,0.28407840808649026,0.33470331859025354
34,OnlineFPCA-sgd,0.1,5200,100,face,3,5,0.125634908676147,3,1,0.057316305891037006,0.273255452602902,0.3077917527513961,0.0709746107598379,0.28270223585157817,0.3328795010322524
34,OnlineFPCA-sgd,0.1,5300,100,face,3,5,0.134946346282959,3,1,0.09719960619756816,0.2686774367819494,0.3008918450237315,0.06788864177104048,0.28098321032052836,0.33053184024463284
34,OnlineFPCA-sgd,0.1,5400,100,face,3,5,0.128193140029907,3,1,0.06805682447145087,0.2759872525162835,0.30183644290599604,0.06785621844558425,0.27908032273896205,0.32842371587119507
34,OnlineFPCA-sgd,0.1,5500,100,face,3,5,0.129641056060791,3,1,0.0931543359705608,0.26398659920452744,0.29426621673705255,0.06265675125157304,0.2769047845521293,0.32565155581559213
34,OnlineFPCA-sgd,0.1,5600,100,face,3,5,0.122552394866943,3,1,0.1116733941418755,0.2559990800117602,0.2842680640961455,0.05601550871187598,0.2745963568581014,0.32315015206807013
34,OnlineFPCA-sgd,0.1,5700,100,face,3,5,0.129472017288208,3,1,0.11613467395801329,0.24392574579876314,0.29142635427132807,0.052576185856631326,0.2726677835777232,0.3208706431319226
34,OnlineFPCA-sgd,0.1,5800,100,face,3,5,0.128915309906006,3,1,0.08135659544058371,0.23805375731353706,0.28092326537606865,0.049886766376519266,0.2704679279290064,0.3184225180860931
34,OnlineFPCA-sgd,0.1,5900,100,face,3,5,0.132335901260376,3,1,0.12964458446677657,0.23362304019749333,0.2933193011981908,0.0462899941533041,0.26835108808060293,0.31630757948779187
34,OnlineFPCA-sgd,0.1,6000,100,face,3,5,0.131457567214966,3,1,0.08962187396329852,0.23278140641062536,0.29976328207991965,0.04270624629472326,0.26628329589749405,0.3147810617993144
34,OnlineFPCA-sgd,0.1,6100,100,face,3,5,0.123496294021606,3,1,0.11016666331828574,0.2371433160083375,0.30649563013298275,0.037893334687947984,0.2644493951169792,0.3136408014518966
34,OnlineFPCA-sgd,0.1,6200,100,face,3,5,0.128021478652954,3,1,0.14936445196237466,0.24941927480489687,0.2881637362953438,0.033664786726867214,0.2629065898065399,0.3125331008593143
34,OnlineFPCA-sgd,0.1,6300,100,face,3,5,0.118873834609985,3,1,0.09768691816931377,0.26183972119184523,0.2951715753968549,0.03319137520725342,0.2614953519544162,0.3113113341863211
34,OnlineFPCA-sgd,0.1,6400,100,face,3,5,0.130842924118042,3,1,0.06377078230173043,0.2471633981291397,0.3079473424047814,0.03238833389760326,0.26001472971376605,0.31036236264778244
34,OnlineFPCA-sgd,0.1,6500,100,face,3,5,0.130673408508301,3,1,0.12309873354566997,0.24505195363220128,0.29877585651096406,0.031193677035553598,0.2582889855709562,0.3095482813576125
34,OnlineFPCA-sgd,0.1,6600,100,face,3,5,0.148891925811768,3,1,0.05096429531419882,0.2337186252978392,0.2852031330781302,0.0308045686048311,0.2566208376404673,0.3083118085227719
34,OnlineFPCA-sgd,0.1,6700,100,face,3,5,0.127266407012939,3,1,0.07904659457266207,0.2342141600781326,0.29767277196180103,0.029572935523120684,0.2549506766773505,0.3072026151398867
34,OnlineFPCA-sgd,0.1,6800,100,face,3,5,0.131537437438965,3,1,0.07814290604381745,0.23689046725368818,0.28300122251916393,0.027361839636201188,0.2532321923740231,0.30618621626471815
34,OnlineFPCA-sgd,0.1,6900,100,face,3,5,0.136991024017334,3,1,0.06901257475031088,0.2220736597008148,0.28779972829892964,0.02522182192689398,0.25137545020845364,0.3048384256414971
34,OnlineFPCA-sgd,0.1,7000,100,face,3,5,0.126221895217896,3,1,0.11456961157296972,0.22382104860195182,0.28753191075248813,0.024233208694751998,0.24973171321686474,0.3039052950318473
34,OnlineFPCA-sgd,0.1,7100,100,face,3,5,0.128588676452637,3,1,0.09653047112786765,0.2178780689381719,0.26655217783006024,0.024659488856369174,0.24804847301744645,0.30272359965015605
34,OnlineFPCA-sgd,0.1,7200,100,face,3,5,0.139697313308716,3,1,0.09285970624355529,0.22516295338388262,0.2688377347304784,0.025067458949365767,0.246353401844767,0.30140219847653793
34,OnlineFPCA-sgd,0.1,7300,100,face,3,5,0.12504768371582,3,1,0.055364483586702394,0.22185695007560713,0.2641672184293013,0.024662057264763917,0.24474015480496122,0.30022593822081944
34,OnlineFPCA-sgd,0.1,7400,100,face,3,5,0.120736122131348,3,1,0.03286620293346065,0.21078338654676163,0.25400334546826375,0.024107623297316454,0.24305034511559973,0.2989868951162318
34,OnlineFPCA-sgd,0.1,7500,100,face,3,5,0.134355068206787,3,1,0.08602109475331755,0.20222421982431293,0.267587253188931,0.023353542316167174,0.24159462408755897,0.29766061064249866
34,OnlineFPCA-sgd,0.1,7600,100,face,3,5,0.125979661941528,3,1,0.07039323165516156,0.1870894303652635,0.27058543799935425,0.022881055103743515,0.24001852918684968,0.2966634695981796
34,OnlineFPCA-sgd,0.1,7700,100,face,3,5,0.136252641677856,3,1,0.04632724364117565,0.1835546450371745,0.25989488964093904,0.02259787900867219,0.2382558489922008,0.2955847881331648
34,OnlineFPCA-sgd,0.1,7800,100,face,3,5,0.13342547416687,3,1,0.05132315234823127,0.16840043238036648,0.26909864519127497,0.02173784015028856,0.23633499079098838,0.29424436226353007
34,OnlineFPCA-sgd,0.1,7900,100,face,3,5,0.136086225509644,3,1,0.03998257699904102,0.16785229896583928,0.2681198782089935,0.020939168176871872,0.23440865819072215,0.29319241699638166
34,OnlineFPCA-sgd,0.1,8000,100,face,3,5,0.142102241516113,3,1,0.07466585976676231,0.17387444330110613,0.2662374143999621,0.01973338415741524,0.23263430499290808,0.2920441092801872
34,OnlineFPCA-sgd,0.1,8100,100,face,3,5,0.133378744125366,3,1,0.07206918768918248,0.17270076907964368,0.24557342537895832,0.018443174402055028,0.2309227827337134,0.2907671314630857
34,OnlineFPCA-sgd,0.1,8200,100,face,3,5,0.142104864120483,3,1,0.08961444231212165,0.16295633153210876,0.23202451039108538,0.0170662270780119,0.22922415710250565,0.28924071181123795
34,OnlineFPCA-sgd,0.1,8300,100,face,3,5,0.131880521774292,3,1,0.07516789094947986,0.15651912366648782,0.24165730016341025,0.01663270492013612,0.2274528410851453,0.28759223536419837
34,OnlineFPCA-sgd,0.1,8400,100,face,3,5,0.143259286880493,3,1,0.06320175782059521,0.16806619452635024,0.2500943335335334,0.016627081560413072,0.22585438039540442,0.28626356218198507
34,OnlineFPCA-sgd,0.1,8500,100,face,3,5,0.129185199737549,3,1,0.09829060561725415,0.1755693598199549,0.2608678929747297,0.016564360784704968,0.2244204937942537,0.28504609361098
34,OnlineFPCA-sgd,0.1,8600,100,face,3,5,0.145247220993042,3,1,0.05267375470544286,0.17009758205189124,0.2483477179127921,0.01607272395758413,0.22303227984941307,0.2838048589826192
34,OnlineFPCA-sgd,0.1,8700,100,face,3,5,0.131095886230469,3,1,0.08108841321537218,0.1658203542348095,0.23577759145590085,0.016299866999984102,0.22176879667599808,0.282462388363341
34,OnlineFPCA-sgd,0.1,8800,100,face,3,5,0.165404558181763,3,1,0.0451125874513169,0.16899083761374928,0.21619429614808355,0.01627540086655339,0.22046182342316,0.2809170921839423
34,OnlineFPCA-sgd,0.1,8900,100,face,3,5,0.13608193397522,3,1,0.08639201893886805,0.19925722634795826,0.2183844190112216,0.01712873419512029,0.2193661188116945,0.27939722558713304
34,OnlineFPCA-sgd,0.1,9000,100,face,3,5,0.138199806213379,3,1,0.08890366977062984,0.1861023282131258,0.22142092601972924,0.017691153215284486,0.21826242037502822,0.2780766289175923
34,OnlineFPCA-sgd,0.1,9100,100,face,3,5,0.13269567489624,3,1,0.12400967637879476,0.17873913224816632,0.21441633775335364,0.01828907694231349,0.2171182480201167,0.2768626850600831
34,OnlineFPCA-sgd,0.1,9200,100,face,3,5,0.124632358551025,3,1,0.12055260262089186,0.16211140961635334,0.21314450484314826,0.01949883999718174,0.21591648026936638,0.2755233414375417
34,OnlineFPCA-sgd,0.1,9300,100,face,3,5,0.134052038192749,3,1,0.07810280638555171,0.16177516621893842,0.22082527302024413,0.019999102288396336,0.2146661162431827,0.27439085595459445
34,OnlineFPCA-sgd,0.1,9400,100,face,3,5,0.12421727180481,3,1,0.06865905587991303,0.15359322048548166,0.22917441653817627,0.020231897654006844,0.2134223144121458,0.27341149852608404
34,OnlineFPCA-sgd,0.1,9500,100,face,3,5,0.135509014129639,3,1,0.08326825884903387,0.1573781350531832,0.22891402286038884,0.02085560550643422,0.21224863866553773,0.27245648879072715
34,OnlineFPCA-sgd,0.1,9600,100,face,3,5,0.126384496688843,3,1,0.12448230197451741,0.14827482609769208,0.2357756554949267,0.0217669014528281,0.21100471897853426,0.27157499577429983
34,OnlineFPCA-sgd,0.1,9700,100,face,3,5,0.136947154998779,3,1,0.05615301982497085,0.15124683565429267,0.2156984788236646,0.022751364497689233,0.2098920666808962,0.2707176071439248
34,OnlineFPCA-sgd,0.1,9800,100,face,3,5,0.133309602737427,3,1,0.04513462588875317,0.1541551691408466,0.21550684515943042,0.02268432995003219,0.20878878736454318,0.2696735382607977
34,OnlineFPCA-sgd,0.1,9900,100,face,3,5,0.145898580551147,3,1,0.08491352828335949,0.15802717705976155,0.22204356875170275,0.022971597077363164,0.2076485908788307,0.2686901484933054
34,OnlineFPCA-sgd,0.1,10000,100,face,3,5,0.133302211761475,3,1,0.07989157331413244,0.15450760016398088,0.22716028087574847,0.0235531625724718,0.20650410667388383,0.2677541543915184
34,OnlineFPCA-sgd,0.1,10100,100,face,3,5,0.133062124252319,3,1,0.09620200687540933,0.1481535240335596,0.2203860913057923,0.02438818612073166,0.20538020301806062,0.26684545340964033
34,OnlineFPCA-sgd,0.1,10200,100,face,3,5,0.128079891204834,3,1,0.04346057951515946,0.15022586636936797,0.2083257914029587,0.02512186791166018,0.20423943871726924,0.2659190257449601
34,OnlineFPCA-sgd,0.1,10300,100,face,3,5,0.122588396072388,3,1,0.08657025174619645,0.1502183168163233,0.20322069162237416,0.02537074350351336,0.20309724778187405,0.2649020249796344
34,OnlineFPCA-sgd,0.1,10400,100,face,3,5,0.138029098510742,3,1,0.07490819154518537,0.16001680421277045,0.2077855700764016,0.026088236698181087,0.20196773804197032,0.26396987511479547
34,OnlineFPCA-sgd,0.1,10500,100,face,3,5,0.124914169311523,3,1,0.068012387674982,0.15128164189369678,0.20297990410055744,0.025747629792702235,0.20074075747771447,0.2629095651648892
34,OnlineFPCA-sgd,0.1,10600,100,face,3,5,0.135238409042358,3,1,0.09019112915553579,0.1432102852792419,0.19629577681389762,0.02463317471083819,0.19953176956395882,0.26187905156777463
34,OnlineFPCA-sgd,0.1,10700,100,face,3,5,0.122446060180664,3,1,0.08652536741551049,0.13254958642833795,0.20477358234855544,0.024227199929466255,0.19839113074397802,0.2609082162802206
34,OnlineFPCA-sgd,0.1,10800,100,face,3,5,0.133159875869751,3,1,0.06864245299546909,0.1263606405562968,0.1978266613240983,0.024122434851295414,0.19728754748432115,0.25993401302086555
34,OnlineFPCA-sgd,0.1,10900,100,face,3,5,0.122522830963135,3,1,0.11448097280124725,0.12275139163561194,0.2092134233548593,0.02378199404351403,0.19620729567635908,0.2590152285797606
34,OnlineFPCA-sgd,0.1,11000,100,face,3,5,0.125771284103394,3,1,0.0719115672277704,0.12657152793248214,0.21412142227814987,0.02321226152235316,0.195143162542731,0.25822883274328007
34,OnlineFPCA-sgd,0.1,11100,100,face,3,5,0.123814344406128,3,1,0.09560317145001594,0.1313300996871621,0.2213933737532496,0.022238277787350463,0.1941294775614917,0.257513648828203
34,OnlineFPCA-sgd,0.1,11200,100,face,3,5,0.127821445465088,3,1,0.12384206663771252,0.14219262158953971,0.20582496423215096,0.021187403694145988,0.1931933228013916,0.2567849466560731
34,OnlineFPCA-sgd,0.1,11300,100,face,3,5,0.135206699371338,3,1,0.07712723695337856,0.15632454249896796,0.21365936594829182,0.021129714019126018,0.1923811984266189,0.2560179225484696
34,OnlineFPCA-sgd,0.1,11400,100,face,3,5,0.125075817108154,3,1,0.05578916306015843,0.14856785976235531,0.22999160021460455,0.02112942217898933,0.19158465353110596,0.25535447019053403
34,OnlineFPCA-sgd,0.1,11500,100,face,3,5,0.13982629776001,3,1,0.10395061536480912,0.14782466995941612,0.22320974515052266,0.021016559432798804,0.1907412863366819,0.2547664310973903
34,OnlineFPCA-sgd,0.1,11600,100,face,3,5,0.133494853973389,3,1,0.04602405635413663,0.13987803991178666,0.21488635860579622,0.021156514759427328,0.18990832825408424,0.2540665497252146
34,OnlineFPCA-sgd,0.1,11700,100,face,3,5,0.144503593444824,3,1,0.07033227558802703,0.14217944690536138,0.2280718581608043,0.020969610971586356,0.18907605275171568,0.2534252371892479
34,OnlineFPCA-sgd,0.1,11800,100,face,3,5,0.125009059906006,3,1,0.06080195036996631,0.1477730184524219,0.21783400055415733,0.020466650587500534,0.18824940023986383,0.25283033057199683
34,OnlineFPCA-sgd,0.1,11900,100,face,3,5,0.144796848297119,3,1,0.06231476626825818,0.13713950875599842,0.22376195098083843,0.019851514784767446,0.18738226501005475,0.2521341045677618
34,OnlineFPCA-sgd,0.1,12000,100,face,3,5,0.127156019210815,3,1,0.09867090390860282,0.14312642312726812,0.22153708190111598,0.019412628656894193,0.18654722983962427,0.2515586423521174
34,OnlineFPCA-sgd,0.1,12100,100,face,3,5,0.134480714797974,3,1,0.09206183468993863,0.14234366154615166,0.2059437257394703,0.0193221153524286,0.18572581534913082,0.2509180327854951
34,OnlineFPCA-sgd,0.1,12200,100,face,3,5,0.134823799133301,3,1,0.08168097010614331,0.14875051410377332,0.20947961878896756,0.01951404368466104,0.18490731829695892,0.2502392545812272
34,OnlineFPCA-sgd,0.1,12300,100,face,3,5,0.12910008430481,3,1,0.050396682930387716,0.1499617520650065,0.2076064018109721,0.019497845241641134,0.18413003315843088,0.24964785394053912
34,OnlineFPCA-sgd,0.1,12400,100,face,3,5,0.132174730300903,3,1,0.026604540260357835,0.138789360927731,0.19880627416770555,0.019383705522268445,0.18329958332091667,0.24902575929315962
34,OnlineFPCA-sgd,0.1,12500,100,face,3,5,0.130932092666626,3,1,0.07387921615828731,0.12948787137919945,0.20915779190490552,0.019322723431461786,0.18251544191047722,0.24836691188841595
34,OnlineFPCA-sgd,0.1,12600,100,face,3,5,0.136935472488403,3,1,0.066384459891477815,0.11549902772250378,0.21456058154226573,0.019269633453237008,0.18168688101146313,0.24784444270931408
34,OnlineFPCA-sgd,0.1,12700,100,face,3,5,0.136135816574097,3,1,0.036536581430524746,0.11030774677169382,0.20832776962007712,0.019215954596528414,0.18078869732295869,0.2473204600550272
34,OnlineFPCA-sgd,0.1,12800,100,face,3,5,0.134677171707153,3,1,0.04902806322207222,0.10248451763144258,0.21569421460464672,0.018955354714759873,0.17982000453024044,0.24671122338242618
34,OnlineFPCA-sgd,0.1,12900,100,face,3,5,0.125141382217407,3,1,0.03792299340259256,0.10093096647499511,0.218629385675264,0.01871711781482281,0.17883850462046258,0.24620919992889082
34,OnlineFPCA-sgd,0.1,13000,100,face,3,5,0.137594699859619,3,1,0.06521526534561288,0.11108505154509728,0.21755380056057463,0.018302609919938862,0.1779176144853436,0.24567018745094651
34,OnlineFPCA-sgd,0.1,13100,100,face,3,5,0.127650737762451,3,1,0.06447055781777324,0.11346252730019492,0.19960989120269754,0.017840082597693607,0.1770307007763407,0.24507230787363124
34,OnlineFPCA-sgd,0.1,13200,100,face,3,5,0.137080669403076,3,1,0.08144533371078282,0.10228413832542838,0.18830405792706917,0.017254306404786285,0.17613803169104753,0.24436243173904962
34,OnlineFPCA-sgd,0.1,13300,100,face,3,5,0.129945516586304,3,1,0.07225022008828799,0.09787678165353447,0.19323108075264128,0.017017976709037482,0.1752083999636091,0.24358460520904013
34,OnlineFPCA-sgd,0.1,13400,100,face,3,5,0.124490737915039,3,1,0.058949865490806073,0.10779757440451344,0.2024685210199238,0.016965822960677456,0.1743394235946781,0.2429254021444419
34,OnlineFPCA-sgd,0.1,13500,100,face,3,5,0.126924991607666,3,1,0.08875433312396208,0.11753544675743575,0.21320178903465253,0.01702311624873802,0.1735392006512917,0.24231150682876937
34,OnlineFPCA-sgd,0.1,13600,100,face,3,5,0.144863605499268,3,1,0.051678993964116716,0.11131400199562137,0.20107769645675633,0.016907913668278575,0.17276411740023156,0.24168688096864535
34,OnlineFPCA-sgd,0.1,13700,100,face,3,5,0.14239764213562,3,1,0.07401533802794745,0.10674421989320836,0.189603697003342,0.017062034424274015,0.1720374572162231,0.24101662561570306
34,OnlineFPCA-sgd,0.1,13800,100,face,3,5,0.121478080749512,3,1,0.04127428850773461,0.11203159295893521,0.17358753379692116,0.017072594831642866,0.17129431932575864,0.24024622442337332
34,OnlineFPCA-sgd,0.1,13900,100,face,3,5,0.140380859375,3,1,0.07784026439094961,0.14151735523038772,0.17850922649635342,0.017457719093774193,0.17064917474717317,0.23948440619750794
34,OnlineFPCA-sgd,0.1,14000,100,face,3,5,0.139147996902466,3,1,0.07453419274877729,0.13224420328180722,0.18172739956163028,0.017751220081836907,0.17000492429371833,0.23880433241212956
34,OnlineFPCA-sgd,0.1,14100,100,face,3,5,0.128199100494385,3,1,0.10941963553729182,0.12567476950183012,0.1747120318141666,0.018017531637340746,0.1693384012555959,0.2381604351034338
34,OnlineFPCA-sgd,0.1,14200,100,face,3,5,0.126610994338989,3,1,0.11017493195052425,0.10842107176190188,0.17478157704271358,0.018524019901363164,0.16864755705548953,0.2374562431841886
34,OnlineFPCA-sgd,0.1,14300,100,face,3,5,0.145429849624634,3,1,0.06462648952862256,0.10780789913697884,0.18330724167932147,0.01876289308311071,0.1679239383716105,0.23684482887700709
34,OnlineFPCA-sgd,0.1,14400,100,face,3,5,0.139848709106445,3,1,0.05754766151788595,0.10012254876078436,0.19277288875799953,0.018869145169581804,0.16718961731395177,0.23630906447344596
34,OnlineFPCA-sgd,0.1,14500,100,face,3,5,0.124203681945801,3,1,0.07315079346275385,0.10372144767688385,0.1924592577342185,0.019146560060254465,0.16648353287595333,0.23578307751952093
34,OnlineFPCA-sgd,0.1,14600,100,face,3,5,0.125211477279663,3,1,0.11053542362325326,0.09566117756074372,0.19954608322629108,0.01957532866881499,0.16573662759408692,0.23528725282017868
34,OnlineFPCA-sgd,0.1,14700,100,face,3,5,0.127938270568848,3,1,0.056492575285005744,0.09723700643250943,0.17974215319989914,0.020053105523509654,0.1650479292265521,0.2347954376989175
34,OnlineFPCA-sgd,0.1,14800,100,face,3,5,0.132823944091797,3,1,0.040844003493786,0.09922850799637481,0.17942327261319482,0.020043893962139132,0.16435169777245567,0.23420616455047633
34,OnlineFPCA-sgd,0.1,14900,100,face,3,5,0.117871046066284,3,1,0.07745070521757695,0.10841492090565438,0.18631245804388724,0.020149619068264145,0.16363748444201684,0.2336388815811256
34,OnlineFPCA-sgd,0.1,15000,100,face,3,5,0.128612995147705,3,1,0.07262611205927705,0.10340729012964917,0.19101747702853733,0.02037045560862318,0.16292127913339577,0.233093738116483
34,OnlineFPCA-sgd,0.1,0,100,face,3,5,6.49993443489075,4,1,0.1928146832635463,0.4385400960163578,0.4288529981360048,0.1928146832635463,0.4385400960163578,0.4288529981360048
34,OnlineFPCA-sgd,0.1,100,100,face,3,5,0.307409286499023,4,1,0.4409532157154263,0.4877273157477435,0.4335519644052127,NA,NA,NA
34,OnlineFPCA-sgd,0.1,200,100,face,3,5,0.321810483932495,4,1,0.1832572620256994,0.4984915691988217,0.8054042334021044,NA,NA,NA
34,OnlineFPCA-sgd,0.1,300,100,face,3,5,0.327367067337036,4,1,0.620221299370519,0.5519370151290114,0.4798346776913145,NA,NA,NA
34,OnlineFPCA-sgd,0.1,400,100,face,3,5,0.30992865562439,4,1,0.5414390703987854,0.18468799655242663,0.27214289694431854,NA,NA,NA
34,OnlineFPCA-sgd,0.1,500,100,face,3,5,0.308068990707397,4,1,0.7340586982117534,0.30288318321961366,0.39252216801939877,NA,NA,NA
34,OnlineFPCA-sgd,0.1,600,100,face,3,5,0.310574054718018,4,1,0.6571211279737819,0.30255422468541576,0.39484672653696257,NA,NA,NA
34,OnlineFPCA-sgd,0.1,700,100,face,3,5,0.312276124954224,4,1,0.5886489478520526,0.3043841260514469,0.3967708616527845,NA,NA,NA
34,OnlineFPCA-sgd,0.1,800,100,face,3,5,0.304653167724609,4,1,0.5289373029651643,0.29035747403520323,0.3951152057349792,NA,NA,NA
34,OnlineFPCA-sgd,0.1,900,100,face,3,5,0.305315017700195,4,1,0.42701912006594184,0.28766798297593765,0.37808898995289325,NA,NA,NA
34,OnlineFPCA-sgd,0.1,1000,100,face,3,5,0.298934459686279,4,1,0.3691083874921254,0.28335089412153597,0.3607672032845794,NA,NA,NA
34,OnlineFPCA-sgd,0.1,1100,100,face,3,5,0.42810320854187,4,1,0.22553827667291806,0.1928753835548828,0.272730895244057,0.223223619021715,0.24549051766848237,0.308067659240857
34,OnlineFPCA-sgd,0.1,1200,100,face,3,5,0.433821678161621,4,1,0.9020169166784823,0.9179059189573178,0.23935894994596385,0.13480461820603395,0.17692869274517872,0.25155744888129855
34,OnlineFPCA-sgd,0.1,1300,100,face,3,5,0.436932802200317,4,1,0.1366011577163766,0.1462497732119503,0.2090163511892253,0.10461884524088544,0.15039069045786416,0.22475470686632895
34,OnlineFPCA-sgd,0.1,1400,100,face,3,5,0.434857368469238,4,1,0.07203611535664894,0.03134776188016971,0.27345256708843363,0.08709208254473677,0.12916658956701557,0.2210903627384336
34,OnlineFPCA-sgd,0.1,1500,100,face,3,5,0.48813533782959,4,1,0.17977772972892206,0.11185155418467371,0.26397313512850445,0.0638012780836212,0.11915566248583048,0.22674567212829252
34,OnlineFPCA-sgd,0.1,1600,100,face,3,5,0.456496238708496,4,1,0.08043202138816515,0.08646041022406772,0.26060434516736786,0.04805872159294324,0.1136287648766309,0.22942530075649392
34,OnlineFPCA-sgd,0.1,1700,100,face,3,5,0.500557422637939,4,1,0.07285268190579361,0.07839562170056939,0.2630671550428147,0.03793407348252071,0.1080598748367785,0.23192089003060012
34,OnlineFPCA-sgd,0.1,1800,100,face,3,5,0.425552845001221,4,1,0.06815965585232678,0.06331576721108652,0.2527926311801451,0.031623620018338315,0.10296481281834494,0.23386363954195552
34,OnlineFPCA-sgd,0.1,1900,100,face,3,5,0.420350790023804,4,1,0.06310940756324857,0.06180078257148713,0.25870124380416354,0.028455747499684367,0.09808757801399298,0.2351687666737969
34,OnlineFPCA-sgd,0.1,2000,100,face,3,5,0.430927515029907,4,1,0.0792438728977043,0.07170619571249877,0.25073749735465917,0.028126540000923995,0.09429324240949973,0.2364716330861416
34,OnlineFPCA-sgd,0.1,2100,100,face,3,5,0.418527603149414,4,1,0.38595758840412236,0.29615956470691285,0.36369908936349926,0.028493302978072232,0.07809063932543472,0.2368513516115771
34,OnlineFPCA-sgd,0.1,2200,100,face,3,5,0.407458066940308,4,1,0.27856460227601587,0.3952397704116173,0.3854069748701939,0.018955012135192472,0.07037441439961484,0.24088802503827006
34,OnlineFPCA-sgd,0.1,2300,100,face,3,5,0.406729698181152,4,1,0.3109093077292553,0.20530474671587642,0.45003444276696974,0.017374819729943005,0.07308657959087891,0.24827781186967296
34,OnlineFPCA-sgd,0.1,2400,100,face,3,5,0.412105321884155,4,1,0.26383800692478687,0.21634287826091703,0.28165653578002325,0.011228164062097158,0.06928855078530843,0.25345680184075253
34,OnlineFPCA-sgd,0.1,2500,100,face,3,5,0.469930171966553,4,1,0.2385638316367002,0.2666404496404152,0.40242608416586695,0.008412100400471531,0.0693155273919087,0.2502768160455752
34,OnlineFPCA-sgd,0.1,2600,100,face,3,5,0.727292537689209,4,1,0.23723546314263194,0.21281857752333555,0.49595485526686395,0.0126625822342347,0.05546164682865603,0.2504718905403996
34,OnlineFPCA-sgd,0.1,2700,100,face,3,5,0.491449594497681,4,1,0.19830412068518607,0.2708997130859027,0.46653063741771084,0.017610572428399116,0.05356084515407559,0.2557675002543747
34,OnlineFPCA-sgd,0.1,2800,100,face,3,5,0.553879976272583,4,1,0.1396284760492849,0.19419251981094598,0.5133069459763805,0.01759400565067612,0.05223363938669452,0.26102002868503565
34,OnlineFPCA-sgd,0.1,2900,100,face,3,5,0.459980249404907,4,1,0.3589970998886634,0.2903460721322546,0.3564725045107178,0.019222183037755317,0.05763228334987195,0.26718771056432405
34,OnlineFPCA-sgd,0.1,3000,100,face,3,5,0.444004535675049,4,1,0.20422566276629942,0.24135481799070121,0.35119796552026217,0.02078983567073593,0.05896739063862611,0.2665394283605789
34,OnlineFPCA-sgd,0.1,3100,100,face,3,5,0.448210000991821,4,1,0.1965376105457581,0.18645066449291728,0.17434203665382406,0.01959912819630881,0.06249532018430975,0.26308634942617176
34,OnlineFPCA-sgd,0.1,3200,100,face,3,5,0.459223985671997,4,1,0.30567683167346166,0.11314625894334503,0.12456746850479351,0.020922289726460395,0.06423281771484803,0.2544597043970562
34,OnlineFPCA-sgd,0.1,3300,100,face,3,5,0.450276613235474,4,1,0.25509077451350354,0.2957103507545344,0.3627716337473983,0.021897475991349644,0.05929350775273556,0.24499264475864743
34,OnlineFPCA-sgd,0.1,3400,100,face,3,5,0.448912382125854,4,1,0.24904345113368426,0.2611785752225273,0.38199455945611216,0.02115689244833696,0.06369884818865988,0.241808697788019
34,OnlineFPCA-sgd,0.1,3500,100,face,3,5,0.445831298828125,4,1,0.2687358959249558,0.22022768440122986,0.3463987999668201,0.02421628775123356,0.0680131221371717,0.24105411877185826
34,OnlineFPCA-sgd,0.1,3600,100,face,3,5,0.456130981445312,4,1,0.3047732893599235,0.15557421948053463,0.2516662485716553,0.021705377571608103,0.06895213288625342,0.23793427685657323
34,OnlineFPCA-sgd,0.1,3700,100,face,3,5,0.467760801315308,4,1,0.26318703912869057,0.2491192854063351,0.18415218406394487,0.022349939305528976,0.06477268702097078,0.23061188142051167
34,OnlineFPCA-sgd,0.1,3800,100,face,3,5,0.470980644226074,4,1,0.22119304800629772,0.3163463397962316,0.16672824133941433,0.023468494215107615,0.06216733284122489,0.22375352703894055
34,OnlineFPCA-sgd,0.1,3900,100,face,3,5,0.462432622909546,4,1,0.1989805035734401,0.4099358343230212,0.28928319408913994,0.023943906615934638,0.0657524904706933,0.2205116127049952
34,OnlineFPCA-sgd,0.1,4000,100,face,3,5,0.459586143493652,4,1,0.020874675586152715,0.06613024122040378,0.22313386100756838,0.020874675586152715,0.06613024122040378,0.22313386100756838
34,OnlineFPCA-sgd,0.1,4100,100,face,3,5,0.473268985748291,4,1,0.2801114117681523,0.16784794734008887,0.13076349105237256,0.18099523134733184,0.05070577722375595,0.1727337578202012
34,OnlineFPCA-sgd,0.1,4200,100,face,3,5,0.449370145797729,4,1,0.1756525479512423,0.13909265627452463,0.221126319359099,0.16890565054927176,0.060243016103604774,0.13286208798972265
34,OnlineFPCA-sgd,0.1,4300,100,face,3,5,0.455339193344116,4,1,0.27623983522528683,0.17977516559856707,0.29356220534793614,0.09721052394891426,0.0888153917970626,0.1596347616148615
34,OnlineFPCA-sgd,0.1,4400,100,face,3,5,0.453845024108887,4,1,0.17174813413343357,0.1412263224768244,0.5077447334058746,0.06689822434965019,0.0735118832988663,0.23561665270637464
34,OnlineFPCA-sgd,0.1,4500,100,face,3,5,0.461112499237061,4,1,0.20173150884859303,0.2519108276146766,0.345987151834153,0.06709927085188358,0.08844831094427126,0.26955976696124123
34,OnlineFPCA-sgd,0.1,4600,100,face,3,5,0.441973924636841,4,1,0.35201876588226466,0.1695988834470635,0.45185363484358004,0.08077346043106237,0.08355827394034822,0.2825231022745157
34,OnlineFPCA-sgd,0.1,4700,100,face,3,5,0.468210697174072,4,1,0.2375346775478908,0.27142381748140915,0.21232253814366359,0.07498460635375985,0.07521101268513965,0.2803933024936589
34,OnlineFPCA-sgd,0.1,4800,100,face,3,5,0.437662839889526,4,1,0.2483148838225743,0.2547742545636164,0.30772390158358964,0.0634195319613677,0.08876971761113475,0.26947335264727357
34,OnlineFPCA-sgd,0.1,4900,100,face,3,5,0.407753467559814,4,1,0.15722778155898026,0.21480717053662673,0.3928457431288809,0.06395383092843,0.1016394032824623,0.27000832996844715
34,OnlineFPCA-sgd,0.1,5000,100,face,3,5,0.418597221374512,4,1,0.19837421232245808,0.19993082814006058,0.4422839637196554,0.0630830530690859,0.1058159923962469,0.27715084451647426
34,OnlineFPCA-sgd,0.1,5100,100,face,3,5,0.126229047775269,4,1,0.1366086743762952,0.12848589835735202,0.32346012184349915,0.06079546375879464,0.10765387563698375,0.27944617640653563
34,OnlineFPCA-sgd,0.1,5200,100,face,3,5,0.12519383430481,4,1,0.1875095230732514,0.20837609619561612,0.24290312649933513,0.05735539091909531,0.1102654902675444,0.2726508995025746
34,OnlineFPCA-sgd,0.1,5300,100,face,3,5,0.127118349075317,4,1,0.16546482551890057,0.15254228645580206,0.19029276178105362,0.05974963801994914,0.11118862363851093,0.25987016835437554
34,OnlineFPCA-sgd,0.1,5400,100,face,3,5,0.130831956863403,4,1,0.17843091582560705,0.18692787167783426,0.2820778878115942,0.06207454769265665,0.10575783328419758,0.25613097411714103
34,OnlineFPCA-sgd,0.1,5500,100,face,3,5,0.132851123809814,4,1,0.3059848766642903,0.22973733555181933,0.3015152851947628,0.05101528051487043,0.09295369901138627,0.2539724493766541
34,OnlineFPCA-sgd,0.1,5600,100,face,3,5,0.124052762985229,4,1,0.26256627391117754,0.25090590476405755,0.24620752609521507,0.03979515917795718,0.07634615674634625,0.25142616147072505
34,OnlineFPCA-sgd,0.1,5700,100,face,3,5,0.123197555541992,4,1,0.21751704122379537,0.1485884678394488,0.3240581971648252,0.04078041380252419,0.07009600657767619,0.24728344497272167
34,OnlineFPCA-sgd,0.1,5800,100,face,3,5,0.126498937606812,4,1,0.25208638427386254,0.16819130732296528,0.37430794178400006,0.03753746311016289,0.06112361904244367,0.24525478128776992
34,OnlineFPCA-sgd,0.1,5900,100,face,3,5,0.307142496109009,4,1,0.21168456605087096,0.15875821554631767,0.43316559433451124,0.03736849797017391,0.05836597503763816,0.24806886684222001
34,OnlineFPCA-sgd,0.1,6000,100,face,3,5,0.12475061416626,4,1,0.24725268045328347,0.31816898094691726,0.43081314408343174,0.033564970535719975,0.05707923344713754,0.25430337716962753
34,OnlineFPCA-sgd,0.1,6100,100,face,3,5,0.126006126403809,4,1,0.17863506366486365,0.25839898343135953,0.44667265732478406,0.028176168268242544,0.061097002724266984,0.2604220029451993
34,OnlineFPCA-sgd,0.1,6200,100,face,3,5,0.125298976898193,4,1,0.4104432584457842,0.3008803210930421,0.44235823232688015,0.02626973300417429,0.06648770060017943,0.2670480402482171
34,OnlineFPCA-sgd,0.1,6300,100,face,3,5,0.125166654586792,4,1,0.20628563484141205,0.2889704322790591,0.39234559582720324,0.031185260262181866,0.07184626907038939,0.27151073703138223
34,OnlineFPCA-sgd,0.1,6400,100,face,3,5,0.121701240539551,4,1,0.10386573320560225,0.18633899756738165,0.506495242295604,0.03174109870246837,0.07460380955829593,0.27765637661187637
34,OnlineFPCA-sgd,0.1,6500,100,face,3,5,0.12416934967041,4,1,0.28677904567903445,0.18324651429473365,0.4012343865733722,0.02998679540489039,0.0735553157568465,0.28444618412614087
34,OnlineFPCA-sgd,0.1,6600,100,face,3,5,0.134205102920532,4,1,0.20829142391124053,0.19521024873247506,0.3222798440117466,0.02983167661195519,0.07200412327132287,0.28561825460271495
34,OnlineFPCA-sgd,0.1,6700,100,face,3,5,0.14809513092041,4,1,0.23335858275725888,0.19676348774519922,0.37941049209553457,0.028292376195214564,0.07151684140075257,0.28686720013293443
34,OnlineFPCA-sgd,0.1,6800,100,face,3,5,0.15825629234314,4,1,0.26231081304630116,0.3317562351194829,0.2544926848300843,0.026100573669280747,0.07043576485724667,0.2886862207078488
34,OnlineFPCA-sgd,0.1,6900,100,face,3,5,0.136149644851685,4,1,0.12539760607966602,0.13771800679976157,0.2937205227831594,0.026236430962583004,0.0696496440966207,0.28630920766733603
34,OnlineFPCA-sgd,0.1,7000,100,face,3,5,0.137776374816895,4,1,0.2478520736981878,0.2821258913041357,0.21936403114926734,0.026671873020514318,0.07142925412777607,0.28394115303482714
34,OnlineFPCA-sgd,0.1,7100,100,face,3,5,0.162962436676025,4,1,0.2749231647233245,0.24788539329546275,0.24272368226103969,0.02505068370315014,0.07067036178972734,0.2789088421237462
34,OnlineFPCA-sgd,0.1,7200,100,face,3,5,0.133096218109131,4,1,0.1807650081252025,0.3251167287858795,0.2614879380907551,0.023945982141329515,0.07033835429601647,0.2747039880217785
34,OnlineFPCA-sgd,0.1,7300,100,face,3,5,0.149192810058594,4,1,0.23537617072639339,0.1898069376539215,0.3344291490576184,0.021985068316857852,0.07019310499814595,0.272074438268227
34,OnlineFPCA-sgd,0.1,7400,100,face,3,5,0.14179253578186,4,1,0.19199370935725166,0.17414823394870535,0.23962116862396238,0.01993148728662666,0.06906712337658377,0.269663527179809
34,OnlineFPCA-sgd,0.1,7500,100,face,3,5,0.136238813400269,4,1,0.18361306890531431,0.18920011429816475,0.34656357282020256,0.0184938388777947,0.06756145075588424,0.2655291621592182
34,OnlineFPCA-sgd,0.1,7600,100,face,3,5,0.142424583435059,4,1,0.19475651712044725,0.1734718643635757,0.41183649207344203,0.016692639962401085,0.06506438167151954,0.262270367995245
34,OnlineFPCA-sgd,0.1,7700,100,face,3,5,0.14429497718811,4,1,0.18724501794103773,0.22332368762493204,0.38541323378604136,0.015138359320405307,0.06230917867139009,0.2598683052261063
34,OnlineFPCA-sgd,0.1,7800,100,face,3,5,0.135988712310791,4,1,0.11686748670875642,0.11946385805150747,0.4402058300548644,0.014864486618718043,0.05887545068036704,0.25740990254302537
34,OnlineFPCA-sgd,0.1,7900,100,face,3,5,0.134109973907471,4,1,0.21027795569899183,0.22911498682839057,0.3460305616459966,0.01453838026653185,0.05831687405847856,0.2570155868433288
34,OnlineFPCA-sgd,0.1,8000,100,face,3,5,0.140994787216187,4,1,0.18385157718980638,0.21775138497601237,0.32107113842736257,0.01428719834884941,0.05943448166234937,0.2554627869250045
34,OnlineFPCA-sgd,0.1,8100,100,face,3,5,0.164439678192139,4,1,0.15768337867160098,0.1713803959489245,0.17483495528057816,0.013215352451873538,0.06073603404573806,0.25225766144207984
34,OnlineFPCA-sgd,0.1,8200,100,face,3,5,0.16400671005249,4,1,0.2552355459078726,0.06363144552882671,0.11064606257500477,0.012763110027293351,0.06033587372649261,0.24780959713907902
34,OnlineFPCA-sgd,0.1,8300,100,face,3,5,0.139461517333984,4,1,0.18539318761795318,0.2375930035009143,0.26011458617656685,0.014490365332033404,0.05820054553014505,0.2414984273362223
34,OnlineFPCA-sgd,0.1,8400,100,face,3,5,0.12487530708313,4,1,0.16985711800720493,0.1912445499935519,0.29533409629283375,0.01511598459685756,0.05949467463187889,0.2374255201676255
34,OnlineFPCA-sgd,0.1,8500,100,face,3,5,0.125647068023682,4,1,0.22252663856834085,0.18803645628998375,0.2970406188687465,0.017667461006747577,0.06068801531781507,0.234494056037242
34,OnlineFPCA-sgd,0.1,8600,100,face,3,5,0.125365972518921,4,1,0.18697186455298692,0.11225591492817592,0.22970506024792958,0.01775735179276794,0.06098099269472635,0.2311566871830942
34,OnlineFPCA-sgd,0.1,8700,100,face,3,5,0.12833309173584,4,1,0.18430925112152136,0.16202122309770167,0.16344979801531398,0.019002352726517555,0.060232286173268215,0.22684458319423298
34,OnlineFPCA-sgd,0.1,8800,100,face,3,5,0.128391265869141,4,1,0.14242211705764368,0.2078356649543604,0.13425257393877252,0.019462731717660817,0.05974386716233286,0.2224995458465097
34,OnlineFPCA-sgd,0.1,8900,100,face,3,5,0.1294846534729,4,1,0.1855556333993992,0.3444579800260882,0.21716392884474378,0.02048437823392195,0.061943287506572665,0.2192725764146577
34,OnlineFPCA-sgd,0.1,9000,100,face,3,5,0.129539728164673,4,1,0.2518649240218068,0.233893961604358,0.29735263932004496,0.019920417291469653,0.06348414377627114,0.2191353502317786
34,OnlineFPCA-sgd,0.1,9100,100,face,3,5,0.130679607391357,4,1,0.25390874144714937,0.2431393365689986,0.23874510774123417,0.020752401575474075,0.06455640941823597,0.2196920022515431
34,OnlineFPCA-sgd,0.1,9200,100,face,3,5,0.132731914520264,4,1,0.14811409295473546,0.1729086797755199,0.26474517671991155,0.022658029374596215,0.06528149723850832,0.21857772589850347
34,OnlineFPCA-sgd,0.1,9300,100,face,3,5,0.130534648895264,4,1,0.22787198067978062,0.1991266917360651,0.29855700522476836,0.023192460838364366,0.06508638643837293,0.21888489065980843
34,OnlineFPCA-sgd,0.1,9400,100,face,3,5,0.131233930587769,4,1,0.13829566586568803,0.14664156871512926,0.42683944094747056,0.022925648232884406,0.06551544872518578,0.22162700343642505
34,OnlineFPCA-sgd,0.1,9500,100,face,3,5,0.132870197296143,4,1,0.16813006818553428,0.23454635191699214,0.339933548144514,0.024473431067520063,0.06626902304805543,0.22362868402484445
34,OnlineFPCA-sgd,0.1,9600,100,face,3,5,0.126379728317261,4,1,0.2996193014901361,0.16024679475430878,0.4121308747515119,0.026296976009486554,0.06568212520701767,0.22553614878211306
34,OnlineFPCA-sgd,0.1,9700,100,face,3,5,0.124493837356567,4,1,0.17218414390470613,0.2423229427598406,0.2448765031100945,0.026844027495199974,0.06688306870760309,0.22698795398483174
34,OnlineFPCA-sgd,0.1,9800,100,face,3,5,0.128822326660156,4,1,0.18930091374504746,0.24146370211404322,0.29566053082728444,0.02594746779125371,0.06768353591786531,0.2265744044125624
34,OnlineFPCA-sgd,0.1,9900,100,face,3,5,0.125996112823486,4,1,0.15018505817025998,0.19159126068397098,0.35168625899879113,0.02625217321353228,0.0684789267228409,0.22675498670969374
34,OnlineFPCA-sgd,0.1,10000,100,face,3,5,0.13028359413147,4,1,0.17094631593372217,0.19493733741503688,0.39955867277810797,0.026668248408607226,0.06865526677917277,0.22689070025911834
34,OnlineFPCA-sgd,0.1,10100,100,face,3,5,0.129620552062988,4,1,0.09695803273217325,0.15679929355293812,0.31146014655546816,0.02706820081182953,0.06861051982495754,0.22673753787236378
34,OnlineFPCA-sgd,0.1,10200,100,face,3,5,0.134581565856934,4,1,0.16431880138468977,0.19673031136045815,0.2249981245097089,0.02746166920546249,0.06851064647354027,0.22632530120877004
34,OnlineFPCA-sgd,0.1,10300,100,face,3,5,0.127631187438965,4,1,0.12285072558773283,0.1714690165555326,0.19766295167936407,0.027804055925238196,0.06860004798710391,0.22537592259911093
34,OnlineFPCA-sgd,0.1,10400,100,face,3,5,0.130533218383789,4,1,0.13702285512155896,0.18970320000765253,0.24995381409475725,0.02850822519489376,0.06842951778630615,0.22522050702087307
34,OnlineFPCA-sgd,0.1,10500,100,face,3,5,0.140499830245972,4,1,0.23684712645198516,0.18645583872065588,0.2712062662634451,0.027050941971245527,0.06734950280636579,0.225228048749586
34,OnlineFPCA-sgd,0.1,10600,100,face,3,5,0.136801481246948,4,1,0.23093645813558697,0.21045965895790555,0.2265931163091612,0.024710699005596973,0.06645315792076388,0.22535532090232008
34,OnlineFPCA-sgd,0.1,10700,100,face,3,5,0.141129732131958,4,1,0.24040571165433622,0.12885760723315404,0.28814349425509783,0.02502528928125584,0.06643347347772724,0.22532270841237256
34,OnlineFPCA-sgd,0.1,10800,100,face,3,5,0.143316030502319,4,1,0.2184852846841808,0.1755770991434064,0.32043215410245,0.024352368827534943,0.06713730200880054,0.22544908486085935
34,OnlineFPCA-sgd,0.1,10900,100,face,3,5,0.138446092605591,4,1,0.17678926384822768,0.15441407407569274,0.36148366219755895,0.024384926037773997,0.06747981843814312,0.22617702095070774
34,OnlineFPCA-sgd,0.1,11000,100,face,3,5,0.144899129867554,4,1,0.22209255915801077,0.23731373549366527,0.38311099937704834,0.023533551807639986,0.06781392563268326,0.2277391528758909
34,OnlineFPCA-sgd,0.1,11100,100,face,3,5,0.137008905410767,4,1,0.16131731954301684,0.21854031874719104,0.39758472315381604,0.02203840165323299,0.06873660643007447,0.22955296139042353
34,OnlineFPCA-sgd,0.1,11200,100,face,3,5,0.138821363449097,4,1,0.33954611172501176,0.2528817220321053,0.3721742111179526,0.02147541548667157,0.06981136598245931,0.23104825512982075
34,OnlineFPCA-sgd,0.1,11300,100,face,3,5,0.147465229034424,4,1,0.1846108002825612,0.2605560439074817,0.34963939106155223,0.02342509743167648,0.07195151005279525,0.2319733026684699
34,OnlineFPCA-sgd,0.1,11400,100,face,3,5,0.13597297668457,4,1,0.0603571829992569,0.16851418018702774,0.43971208437497084,0.023592911003106738,0.07355331384878201,0.23366067978228056
34,OnlineFPCA-sgd,0.1,11500,100,face,3,5,0.128636360168457,4,1,0.24956427468105136,0.16860673334912069,0.3642414522740224,0.023382660431452713,0.07422522157554443,0.2357687712070103
34,OnlineFPCA-sgd,0.1,11600,100,face,3,5,0.136672496795654,4,1,0.15635672568354814,0.16675601148948388,0.30870224350580405,0.023817546199544928,0.07441567397702212,0.23638080394876332
34,OnlineFPCA-sgd,0.1,11700,100,face,3,5,0.138548612594604,4,1,0.1840696687051215,0.16850741576743247,0.35576985077545353,0.02343031387968913,0.07460772914411642,0.2370304575095987
34,OnlineFPCA-sgd,0.1,11800,100,face,3,5,0.134792327880859,4,1,0.22261774636523973,0.26916669559203177,0.2690049175553799,0.022891696890856315,0.07494601848667742,0.2378473523896535
34,OnlineFPCA-sgd,0.1,11900,100,face,3,5,0.134073257446289,4,1,0.09906201410065525,0.1307977714834133,0.29825472383379104,0.02261514619641975,0.07507883811659664,0.23785201969975303
34,OnlineFPCA-sgd,0.1,12000,100,face,3,5,0.138553857803345,4,1,0.21655185161850388,0.24061225054202665,0.24778064415348308,0.022355230701885123,0.07556283677087242,0.2380979038414654
34,OnlineFPCA-sgd,0.1,12100,100,face,3,5,0.145010709762573,4,1,0.20853832326899382,0.21020654978320744,0.23720985266996045,0.02175900484477765,0.07577208935433163,0.23748522146153092
34,OnlineFPCA-sgd,0.1,12200,100,face,3,5,0.136400938034058,4,1,0.12727243788596293,0.2826410235906719,0.24524070673674192,0.021987258498602707,0.07609230265151025,0.23672251232950492
34,OnlineFPCA-sgd,0.1,12300,100,face,3,5,0.12968635559082,4,1,0.18383360164595317,0.19104177409252146,0.2842013684911425,0.021375866282376425,0.07641951743744449,0.23650493451435028
34,OnlineFPCA-sgd,0.1,12400,100,face,3,5,0.136132001876831,4,1,0.14818282926325357,0.15041942144051607,0.21664666288827517,0.02071723134353768,0.0762030748255112,0.23631635628708142
34,OnlineFPCA-sgd,0.1,12500,100,face,3,5,0.320915222167969,4,1,0.15635386155343106,0.15527775419797168,0.29730156076344033,0.020407827758602663,0.07584295168047142,0.2356439709553616
34,OnlineFPCA-sgd,0.1,12600,100,face,3,5,0.133324861526489,4,1,0.15780836796436518,0.13792552500755778,0.3508345882046746,0.019800186854187614,0.07483720985800023,0.23538223062457378
34,OnlineFPCA-sgd,0.1,12700,100,face,3,5,0.13801646232605,4,1,0.17416260801169273,0.18643477140053308,0.32929634204387515,0.01918817965724465,0.07368644100724958,0.23527511406785026
34,OnlineFPCA-sgd,0.1,12800,100,face,3,5,0.141509532928467,4,1,0.10210816619615047,0.08650746578215016,0.38624078818056673,0.018958945802871628,0.07225738420841926,0.23490843334756523
34,OnlineFPCA-sgd,0.1,12900,100,face,3,5,0.141716480255127,4,1,0.13751722825321747,0.17769901060663612,0.32530867540632374,0.018771015071174894,0.07168285915124839,0.23515338778808637
34,OnlineFPCA-sgd,0.1,13000,100,face,3,5,0.138530254364014,4,1,0.16862186382740213,0.18613307047224606,0.30887325174857366,0.018402260380638975,0.07174658899109763,0.23499223765192742
34,OnlineFPCA-sgd,0.1,13100,100,face,3,5,0.13962721824646,4,1,0.13529997333099164,0.1567345116216196,0.18036919678269228,0.017793045329423957,0.07201057076062993,0.2341711595296963
34,OnlineFPCA-sgd,0.1,13200,100,face,3,5,0.135286331176758,4,1,0.22084854616123853,0.055439597814302966,0.12334094609452945,0.017291696469325636,0.0717673282687323,0.2327310703151916
34,OnlineFPCA-sgd,0.1,13300,100,face,3,5,0.140104293823242,4,1,0.14438516855462075,0.20303246014836765,0.21723102985153303,0.01790244137456113,0.07068381880346507,0.2305091530456835
34,OnlineFPCA-sgd,0.1,13400,100,face,3,5,0.14371919631958,4,1,0.13717983591818647,0.16350875863909858,0.25403881098622694,0.01819987668838019,0.07071719374799085,0.22902143412289475
34,OnlineFPCA-sgd,0.1,13500,100,face,3,5,0.14193868637085,4,1,0.19353215109917477,0.17148604124657624,0.27408832453844595,0.019095014950818428,0.070992215647263407,0.2278956938795106
34,OnlineFPCA-sgd,0.1,13600,100,face,3,5,0.142704486846924,4,1,0.1345509224011334,0.10140904516839527,0.221388168607445,0.019013309697197077,0.07104099404778752,0.2265727910936604
34,OnlineFPCA-sgd,0.1,13700,100,face,3,5,0.132331132888794,4,1,0.14599804921575332,0.12010186061442309,0.16199398443261,0.01960062029367163,0.07077451763244068,0.2248174401672236
34,OnlineFPCA-sgd,0.1,13800,100,face,3,5,0.128413677215576,4,1,0.11405437764020462,0.16378035388591894,0.12407550979712927,0.01971658998861098,0.07044310142057335,0.22286593073722996
34,OnlineFPCA-sgd,0.1,13900,100,face,3,5,0.123075008392334,4,1,0.17262120740245857,0.3089213015099076,0.18692452880118574,0.02030345674666976,0.0712872485793958,0.22126572023281077
34,OnlineFPCA-sgd,0.1,14000,100,face,3,5,0.126301765441895,4,1,0.22875168220819483,0.21496762813381243,0.24991092401835555,0.020209428440800647,0.07195660074271176,0.22081889090622597
34,OnlineFPCA-sgd,0.1,14100,100,face,3,5,0.134956359863281,4,1,0.23113672222802775,0.21833199437359246,0.2039438627410355,0.02062791116060033,0.0723943791904814,0.220761015473105
34,OnlineFPCA-sgd,0.1,14200,100,face,3,5,0.129295825958252,4,1,0.1455124308158068,0.15063795806345298,0.2233663373720133,0.021484289301006532,0.07257329835346589,0.2200799721968888
34,OnlineFPCA-sgd,0.1,14300,100,face,3,5,0.130154132843018,4,1,0.20373405025759847,0.17791086805791015,0.26142008821896406,0.02176393291831656,0.07233854761346803,0.21998386638232958
34,OnlineFPCA-sgd,0.1,14400,100,face,3,5,0.120965480804443,4,1,0.1255304519460036,0.11915615240965081,0.36458403160269476,0.02168108726487926,0.07232602424813421,0.2208674692588699
34,OnlineFPCA-sgd,0.1,14500,100,face,3,5,0.127954721450806,4,1,0.15460375666990123,0.2060271020957276,0.30524835089991814,0.022481822880430567,0.072493762301426,0.22151318497398098
34,OnlineFPCA-sgd,0.1,14600,100,face,3,5,0.130054950714111,4,1,0.2717440795487063,0.12592911178650285,0.3595525749621706,0.02336781379355355,0.07212522458667114,0.22218613038359084
34,OnlineFPCA-sgd,0.1,14700,100,face,3,5,0.121716499328613,4,1,0.1390647422726563,0.19655101269897096,0.21706112970425803,0.023790283182791624,0.07246835410300163,0.22268588342968984
34,OnlineFPCA-sgd,0.1,14800,100,face,3,5,0.132724285125732,4,1,0.15935738232929608,0.20611083424622323,0.2604399209596197,0.023361458741203104,0.0725760398252713,0.22237497656769245
34,OnlineFPCA-sgd,0.1,14900,100,face,3,5,0.123355388641357,4,1,0.1450628742143881,0.17293916796297742,0.311227892475842,0.023473215073606644,0.07264189134240263,0.22226563644457306
34,OnlineFPCA-sgd,0.1,15000,100,face,3,5,0.126485347747803,4,1,0.15672033081651363,0.17518429453425494,0.35549914502096064,0.023679382784660762,0.07250513994134208,0.22211937825671924
34,OnlineFPCA-sgd,0.1,0,100,face,3,5,6.49993443489075,4,2,0.1928146832635463,0.4385400960163578,0.4288529981360048,0.1928146832635463,0.4385400960163578,0.4288529981360048
34,OnlineFPCA-sgd,0.1,100,100,face,3,5,0.294036149978638,4,2,1.1108548261506628,1.4356816494295321,1.3843490418946622,NA,NA,NA
34,OnlineFPCA-sgd,0.1,200,100,face,3,5,0.315470695495605,4,2,0.17583934719694028,0.49748474690012756,0.8272537609395987,NA,NA,NA
34,OnlineFPCA-sgd,0.1,300,100,face,3,5,0.309679269790649,4,2,0.6718240620734165,0.5875859428747152,0.5739265414244633,NA,NA,NA
34,OnlineFPCA-sgd,0.1,400,100,face,3,5,0.30580472946167,4,2,0.33146453721938024,0.49913262942821096,0.3872278875781102,NA,NA,NA
34,OnlineFPCA-sgd,0.1,500,100,face,3,5,0.308501958847046,4,2,0.7870522583403735,0.36368961399258887,0.5714331455170678,NA,NA,NA
34,OnlineFPCA-sgd,0.1,600,100,face,3,5,0.303875684738159,4,2,0.6285328536356445,0.37104084804965604,0.6358655750654296,NA,NA,NA
34,OnlineFPCA-sgd,0.1,700,100,face,3,5,0.322568655014038,4,2,0.5690920357361022,0.3702736267285108,0.637833857756901,NA,NA,NA
34,OnlineFPCA-sgd,0.1,800,100,face,3,5,0.315178632736206,4,2,0.5281911458503301,0.35953707106364646,0.6286573237395717,NA,NA,NA
34,OnlineFPCA-sgd,0.1,900,100,face,3,5,0.309581756591797,4,2,0.43630409158124184,0.34806094659651476,0.5968434624128036,NA,NA,NA
34,OnlineFPCA-sgd,0.1,1000,100,face,3,5,0.302573919296265,4,2,0.37316662360005276,0.33515748273341717,0.5628605151857242,NA,NA,NA
34,OnlineFPCA-sgd,0.1,1100,100,face,3,5,0.433014154434204,4,2,0.24676962173065978,0.27278040360514855,0.4656214739989834,0.2520523993647919,0.3136050064529924,0.5149738548700487
34,OnlineFPCA-sgd,0.1,1200,100,face,3,5,0.430633544921875,4,2,0.1787097613949038,0.2623344507389205,0.4434132721212561,0.19725704202042832,0.28046889150375326,0.48124182123101683
34,OnlineFPCA-sgd,0.1,1300,100,face,3,5,0.454796552658081,4,2,0.10292982065860092,0.2578122941213768,0.3806209128771837,0.13407480605453154,0.25675489642175164,0.4481183304367981
34,OnlineFPCA-sgd,0.1,1400,100,face,3,5,0.459870576858521,4,2,0.06123026392879839,0.17653965467148577,0.3349037591984067,0.10409187269722174,0.21838720401617914,0.3806143837110503
34,OnlineFPCA-sgd,0.1,1500,100,face,3,5,0.469592094421387,4,2,0.12366426852585337,0.1831016365081049,0.33350539693458264,0.08350744122559818,0.20999686341283602,0.3651631770431188
34,OnlineFPCA-sgd,0.1,1600,100,face,3,5,0.453214406967163,4,2,0.049267720985090094,0.16641680649407425,0.30943739537973286,0.06630721124895132,0.19991223701767402,0.35059633782549304
34,OnlineFPCA-sgd,0.1,1700,100,face,3,5,0.450966596603394,4,2,0.07412765724482576,0.16764801596681878,0.3143771639837582,0.05202302133541112,0.19238305481860274,0.3395046603740886
34,OnlineFPCA-sgd,0.1,1800,100,face,3,5,0.449419260025024,4,2,0.07728420886759668,0.1627168767997547,0.2927165848959853,0.045838062000570466,0.18649201830809226,0.33000267653442117
34,OnlineFPCA-sgd,0.1,1900,100,face,3,5,0.43326473236084,4,2,0.06499140373361517,0.1544210050617282,0.2954461878692728,0.04250715981844594,0.18078984942168416,0.32269646128294366
34,OnlineFPCA-sgd,0.1,2000,100,face,3,5,0.437174320220947,4,2,0.1081550825942549,0.16333879206733154,0.28890916232406955,0.03982442166192196,0.17681900527854225,0.3177129959758624
34,OnlineFPCA-sgd,0.1,2100,100,face,3,5,0.444339036941528,4,2,0.3636691447644937,0.28654715381527684,0.3094636100741151,0.041554421321489524,0.16910471029621474,0.3105821592118424
34,OnlineFPCA-sgd,0.1,2200,100,face,3,5,0.414568424224854,4,2,0.24651943603580462,0.3636882570085181,0.33232225605743326,0.03206162974712771,0.16351461946357143,0.3000433419474527
34,OnlineFPCA-sgd,0.1,2300,100,face,3,5,0.43980860710144,4,2,0.3053591518908695,0.19071543198186316,0.42604138621347293,0.03203444802232807,0.15991321231395114,0.2919697109230014
34,OnlineFPCA-sgd,0.1,2400,100,face,3,5,0.416205644607544,4,2,0.24442119224815698,0.22958388790314188,0.2319584044165899,0.03340396371408299,0.15407601782147254,0.28486725737273155
34,OnlineFPCA-sgd,0.1,2500,100,face,3,5,0.418512344360352,4,2,0.22256859416161412,0.26632876758047974,0.4044957308437062,0.03574517167797667,0.15176685811354895,0.2792316891461394
34,OnlineFPCA-sgd,0.1,2600,100,face,3,5,0.45162296295166,4,2,0.23456517337190275,0.2262359788563722,0.49002070948451737,0.038371613412612235,0.14368843955557364,0.2759526231084084
34,OnlineFPCA-sgd,0.1,2700,100,face,3,5,0.452292919158936,4,2,0.20241749392856773,0.27429308803427327,0.4525547554384048,0.03963322935809732,0.13564212680190416,0.27578608910650915
34,OnlineFPCA-sgd,0.1,2800,100,face,3,5,0.496793746948242,4,2,0.14180493524557825,0.17625908818680133,0.5068823534944603,0.037397362074582906,0.1276436484139437,0.27654600413104735
34,OnlineFPCA-sgd,0.1,2900,100,face,3,5,0.422473669052124,4,2,0.33790328088801747,0.28617292073360634,0.3445276650202419,0.03718566384071058,0.12276907620916822,0.276983210987815
34,OnlineFPCA-sgd,0.1,3000,100,face,3,5,0.418142080307007,4,2,0.20277326701362514,0.23443381779150058,0.33146800913964036,0.03644435013279665,0.11769010701313724,0.27343353665260506
34,OnlineFPCA-sgd,0.1,3100,100,face,3,5,0.419267892837524,4,2,0.19493813561317844,0.17626093247387928,0.1651370722330987,0.03488383706760413,0.11373312463566795,0.26842721438568806
34,OnlineFPCA-sgd,0.1,3200,100,face,3,5,0.431423425674438,4,2,0.30197377763623606,0.10468965334141102,0.1203804726007707,0.034712955998924204,0.11054075165890691,0.2596139656208398
34,OnlineFPCA-sgd,0.1,3300,100,face,3,5,0.417863845825195,4,2,0.24725611552496432,0.2900045956835583,0.36564334567102486,0.03292140713250669,0.10335943977193608,0.25121774122581036
34,OnlineFPCA-sgd,0.1,3400,100,face,3,5,0.425214052200317,4,2,0.24028558467722574,0.2587047756198608,0.3826879277691604,0.0314901111426972,0.10582491208302772,0.24994641727800496
34,OnlineFPCA-sgd,0.1,3500,100,face,3,5,0.413647413253784,4,2,0.2626530075750795,0.21464168963231786,0.34362616096242854,0.0318477394674257,0.10839104592898328,0.2507611992278622
34,OnlineFPCA-sgd,0.1,3600,100,face,3,5,0.432115077972412,4,2,0.2920635180613928,0.15409291610146308,0.2527290311448527,0.027716956678595292,0.10677375498613233,0.24685621859965728
34,OnlineFPCA-sgd,0.1,3700,100,face,3,5,0.430070161819458,4,2,0.2557864934157335,0.24276336935420625,0.1826831513929143,0.02629992753959946,0.1050258504657382,0.24029014602840754
34,OnlineFPCA-sgd,0.1,3800,100,face,3,5,0.418733596801758,4,2,0.20716792419122876,0.3034737914242946,0.16497518555541307,0.026601636315398025,0.10414436374690816,0.2341326345014763
34,OnlineFPCA-sgd,0.1,3900,100,face,3,5,0.417357921600342,4,2,0.19711188299827792,0.40311949356747323,0.28284832570504953,0.02562439548539153,0.10752758703092362,0.23222388499013194
34,OnlineFPCA-sgd,0.1,4000,100,face,3,5,0.423825740814209,4,2,0.02172860459526535,0.10856292550279262,0.23336597206416568,0.02172860459526535,0.10856292550279262,0.23336597206416568
34,OnlineFPCA-sgd,0.1,4100,100,face,3,5,0.417264461517334,4,2,0.2773102903864724,0.1716483905579162,0.1324128734367275,0.19031386488961502,0.09091575105564945,0.16111891138739476
34,OnlineFPCA-sgd,0.1,4200,100,face,3,5,0.583692789077759,4,2,0.1708601262536703,0.16260209973933865,0.19881506452802025,0.17291260587354265,0.10495302367058282,0.11726996882225682
34,OnlineFPCA-sgd,0.1,4300,100,face,3,5,0.421227693557739,4,2,0.27358738811165206,0.18972464004564524,0.29418875297797853,0.1025198901048433,0.12345361237263223,0.1449706914828731
34,OnlineFPCA-sgd,0.1,4400,100,face,3,5,0.427531957626343,4,2,0.16673517404721913,0.1469133007574899,0.49047019700448524,0.0711786595434012,0.0984526319518415,0.21577135850327359
34,OnlineFPCA-sgd,0.1,4500,100,face,3,5,0.416358709335327,4,2,0.1965580760053939,0.24864789938034987,0.34565354357688305,0.07069955063691788,0.10412409643763301,0.2521042974982164
34,OnlineFPCA-sgd,0.1,4600,100,face,3,5,0.423255443572998,4,2,0.34546802761645434,0.1821713251647977,0.45389255162635217,0.0834330928054963,0.10015005571863261,0.2678702210616543
34,OnlineFPCA-sgd,0.1,4700,100,face,3,5,0.423188924789429,4,2,0.23654759952083393,0.2819292649783812,0.2337255898200663,0.0774245698852071,0.10153095317135007,0.2718987804440752
34,OnlineFPCA-sgd,0.1,4800,100,face,3,5,0.415129423141479,4,2,0.24199189660004958,0.26442887076320987,0.31685501470902094,0.06578455855615861,0.11571703824583447,0.2661645235823693
34,OnlineFPCA-sgd,0.1,4900,100,face,3,5,0.42667818069458,4,2,0.15610441647539314,0.21956823321104105,0.39283502332236253,0.06630414530904706,0.12624787725441042,0.2696155970148394
34,OnlineFPCA-sgd,0.1,5000,100,face,3,5,0.418821573257446,4,2,0.19466225855612795,0.20854330828597997,0.44376601684096306,0.06552403497756723,0.1290598588041248,0.2781604394442137
34,OnlineFPCA-sgd,0.1,5100,100,face,3,5,0.136535406112671,4,2,0.13168227752207184,0.14695610672028442,0.32825257187599605,0.06323443520158119,0.13006371563939023,0.28133531430182446
34,OnlineFPCA-sgd,0.1,5200,100,face,3,5,0.119708299636841,4,2,0.1855318982694181,0.21768472544167805,0.25033132586075263,0.059802899325358296,0.13109182383135956,0.27543955393002345
34,OnlineFPCA-sgd,0.1,5300,100,face,3,5,0.126602172851562,4,2,0.1603041123576662,0.16177996979259898,0.19499183220726937,0.06178810786757917,0.13045318616265075,0.26293066318247593
34,OnlineFPCA-sgd,0.1,5400,100,face,3,5,0.127787351608276,4,2,0.17347074846523022,0.19712205163248722,0.2774496414173599,0.06388145587749901,0.12552336875214434,0.2585013272607522
34,OnlineFPCA-sgd,0.1,5500,100,face,3,5,0.126167297363281,4,2,0.2970619631763277,0.2320397313214009,0.29897409554331283,0.053061157707570035,0.11514109719088898,0.255480855078436
34,OnlineFPCA-sgd,0.1,5600,100,face,3,5,0.126947402954102,4,2,0.2602484293551875,0.25096040603184294,0.24252112518897997,0.04192629045561415,0.10302672159118871,0.2527763943173513
34,OnlineFPCA-sgd,0.1,5700,100,face,3,5,0.12578821182251,4,2,0.22170757764481,0.15576299797735157,0.320293686056602,0.042673218900882055,0.0982832911746574,0.24853478987306968
34,OnlineFPCA-sgd,0.1,5800,100,face,3,5,0.129977941513062,4,2,0.24776030114562142,0.17959395862049188,0.36505830193999567,0.0391947132976078,0.09172451854344309,0.24586164369954078
34,OnlineFPCA-sgd,0.1,5900,100,face,3,5,0.125259160995483,4,2,0.205586188879721,0.16390971475387275,0.42354203001330404,0.038785464371517926,0.0896175614145815,0.24798194149375738
34,OnlineFPCA-sgd,0.1,6000,100,face,3,5,0.124276161193848,4,2,0.24466027220718511,0.30667977864888474,0.4293109878263281,0.03491333153877604,0.08815289981619405,0.25342755786676635
34,OnlineFPCA-sgd,0.1,6100,100,face,3,5,0.125370502471924,4,2,0.1754825962019159,0.2577640296124683,0.4454807480213103,0.02924661152633531,0.09053070988145724,0.2593317587400883
34,OnlineFPCA-sgd,0.1,6200,100,face,3,5,0.127170085906982,4,2,0.40125759305284736,0.29947396059597603,0.43620903447210485,0.027107873750755504,0.09460322244154666,0.26582420631286807
34,OnlineFPCA-sgd,0.1,6300,100,face,3,5,0.126825571060181,4,2,0.2031365740118937,0.2924713512010736,0.39082271701413346,0.03207852356407655,0.09888335831094552,0.27016111824088973
34,OnlineFPCA-sgd,0.1,6400,100,face,3,5,0.125504493713379,4,2,0.09694495469699928,0.19032328098414641,0.4998608361535413,0.03252888990490197,0.1009814629662167,0.276067857281496
34,OnlineFPCA-sgd,0.1,6500,100,face,3,5,0.124420881271362,4,2,0.2813651702788184,0.18756823168042294,0.39904604109712155,0.030791461585330786,0.10001198862398547,0.28255911135004974
34,OnlineFPCA-sgd,0.1,6600,100,face,3,5,0.120100498199463,4,2,0.20012756515444183,0.19441074524441768,0.32250168516841304,0.030701059833496032,0.09880278563184258,0.28380273067662953
34,OnlineFPCA-sgd,0.1,6700,100,face,3,5,0.122740268707275,4,2,0.22523476199038847,0.197520093695641,0.378059066241404,0.02911934392564802,0.09815520628889027,0.2851399104331318
34,OnlineFPCA-sgd,0.1,6800,100,face,3,5,0.123036623001099,4,2,0.25625104831294004,0.32453566100785075,0.25791505009718446,0.026875603686004165,0.09705041060287996,0.28699022702361277
34,OnlineFPCA-sgd,0.1,6900,100,face,3,5,0.128143548965454,4,2,0.12105294049181013,0.137698890103589,0.29563639334227193,0.026829657995790047,0.09575059879481251,0.28483938140185183
34,OnlineFPCA-sgd,0.1,7000,100,face,3,5,0.128137111663818,4,2,0.24305498290505131,0.2767017589654145,0.22650908404949394,0.027145388549090065,0.09618036473530168,0.2828219398981546
34,OnlineFPCA-sgd,0.1,7100,100,face,3,5,0.136203050613403,4,2,0.26419041902455875,0.2428888441177435,0.2408371209940579,0.025645708221389594,0.09504540340976354,0.27822569783515644
34,OnlineFPCA-sgd,0.1,7200,100,face,3,5,0.137348413467407,4,2,0.17220524913461638,0.32025090102950804,0.25741154769942354,0.024774761900642144,0.09406663301033492,0.27416861541847065
34,OnlineFPCA-sgd,0.1,7300,100,face,3,5,0.138606309890747,4,2,0.22765574712579564,0.19077683676154167,0.3253879762171654,0.022803316382962253,0.09356452172222092,0.2716464436350695
34,OnlineFPCA-sgd,0.1,7400,100,face,3,5,0.141992330551147,4,2,0.18498825590946857,0.17066472809036776,0.23462562227006828,0.020752923925110852,0.09186424790099014,0.26925464267550175
34,OnlineFPCA-sgd,0.1,7500,100,face,3,5,0.320304393768311,4,2,0.17931961153925066,0.18362935094488214,0.3389054705861759,0.01930881395562292,0.09011213489307951,0.2653230429419418
34,OnlineFPCA-sgd,0.1,7600,100,face,3,5,0.134137153625488,4,2,0.18933364592635404,0.168577947247792,0.40213725717314364,0.017604604908453843,0.08732599827799044,0.262266541944354
34,OnlineFPCA-sgd,0.1,7700,100,face,3,5,0.135141134262085,4,2,0.18590864912625008,0.2178966896942603,0.37584487185087967,0.016117696272948602,0.08400383609640523,0.259801019564472
34,OnlineFPCA-sgd,0.1,7800,100,face,3,5,0.135477781295776,4,2,0.11452436934943178,0.11220621339232179,0.43174599332387303,0.015746697002778996,0.08032012186453216,0.25723370845061955
34,OnlineFPCA-sgd,0.1,7900,100,face,3,5,0.139777660369873,4,2,0.19697019262770532,0.2211281542814545,0.34255374929130106,0.015366910066356846,0.07855513699156788,0.25662855051431466
34,OnlineFPCA-sgd,0.1,8000,100,face,3,5,0.133176803588867,4,2,0.18178584332526634,0.21298144028616278,0.3184693422430103,0.01492995509652888,0.07834636343419212,0.2550166298079722
34,OnlineFPCA-sgd,0.1,8100,100,face,3,5,0.13404107093811,4,2,0.15370702976317202,0.1689066508216684,0.17465934531304653,0.013776054223851515,0.07839315343360904,0.2518456643059259
34,OnlineFPCA-sgd,0.1,8200,100,face,3,5,0.133908987045288,4,2,0.24959786932937214,0.061254827118502976,0.11140572900915667,0.013216382638094519,0.0772968358196664,0.24747111505923758
34,OnlineFPCA-sgd,0.1,8300,100,face,3,5,0.134875297546387,4,2,0.17835025453762024,0.23193845673545874,0.25223528707319354,0.014931290549552565,0.07459543374756482,0.24131240928294698
34,OnlineFPCA-sgd,0.1,8400,100,face,3,5,0.134806394577026,4,2,0.16370467621118454,0.18639173839486126,0.2878229782534921,0.015593575805029505,0.0749089544095796,0.23738706554539843
34,OnlineFPCA-sgd,0.1,8500,100,face,3,5,0.140238761901855,4,2,0.21757185714565785,0.18509813121753996,0.29297593810575767,0.018028422378943622,0.07545316102765302,0.23457737952689411
34,OnlineFPCA-sgd,0.1,8600,100,face,3,5,0.138808488845825,4,2,0.17694066929460786,0.11002785147821839,0.22845901777230138,0.018033156675688878,0.07525549492905502,0.23136868964940246
34,OnlineFPCA-sgd,0.1,8700,100,face,3,5,0.13276219367981,4,2,0.1769282435881567,0.15428608617955894,0.16301549157281442,0.019281346740697914,0.07453734692606526,0.22728977694410624
34,OnlineFPCA-sgd,0.1,8800,100,face,3,5,0.139468193054199,4,2,0.1367806790093946,0.19929302228842274,0.13222695229787407,0.019716696335079262,0.07397839409155219,0.22311946688616663
34,OnlineFPCA-sgd,0.1,8900,100,face,3,5,0.137792587280273,4,2,0.18352041947227968,0.3383772075969864,0.21141710499878247,0.02075534873208058,0.07590879738443945,0.22003291091289437
34,OnlineFPCA-sgd,0.1,9000,100,face,3,5,0.139279365539551,4,2,0.24792196656471127,0.2307922364826368,0.28853797194558245,0.02024627452425579,0.07728191819791433,0.21983618736959434
34,OnlineFPCA-sgd,0.1,9100,100,face,3,5,0.134838581085205,4,2,0.2497307337484429,0.23870574850659612,0.23222864579419963,0.021097948817888023,0.07816832604781866,0.22031151605592858
34,OnlineFPCA-sgd,0.1,9200,100,face,3,5,0.133808612823486,4,2,0.1471249105794616,0.168888755166258,0.2569967145582048,0.022993744189781378,0.07869665210873206,0.21922128198556745
34,OnlineFPCA-sgd,0.1,9300,100,face,3,5,0.124925136566162,4,2,0.22344900522000485,0.19532129630725473,0.29183508848346973,0.023500636885685797,0.07847162444485442,0.2194898365558795
34,OnlineFPCA-sgd,0.1,9400,100,face,3,5,0.127655267715454,4,2,0.1358667996594517,0.14168705068295534,0.41556534600534073,0.02324350936352811,0.07867099377462182,0.22198026686820896
34,OnlineFPCA-sgd,0.1,9500,100,face,3,5,0.128559589385986,4,2,0.16551916081655862,0.22956837884869763,0.33402278849144945,0.02477152623411487,0.07913947575325866,0.22381115792819284
34,OnlineFPCA-sgd,0.1,9600,100,face,3,5,0.127374410629272,4,2,0.2942467182539105,0.15367248866874691,0.40283107252715056,0.0265526815396474,0.07856639177367482,0.22562005539721983
34,OnlineFPCA-sgd,0.1,9700,100,face,3,5,0.130482196807861,4,2,0.16568822057751198,0.2337435562300476,0.2399184994113584,0.027137991698096286,0.07958773442752062,0.22707395079259918
34,OnlineFPCA-sgd,0.1,9800,100,face,3,5,0.121972560882568,4,2,0.18348723067599054,0.23496249739233568,0.28927525827067113,0.0262599662200556,0.08025355961250748,0.226748883355271
34,OnlineFPCA-sgd,0.1,9900,100,face,3,5,0.15918231010437,4,2,0.14937513609914976,0.187536599352247,0.3444447780627628,0.026563339373130383,0.08080078548999325,0.22694001856969553
34,OnlineFPCA-sgd,0.1,10000,100,face,3,5,0.126642942428589,4,2,0.16830498064140043,0.19102540491240969,0.3918599189284221,0.026996605446430302,0.08081969891348477,0.22707689466928085
34,OnlineFPCA-sgd,0.1,10100,100,face,3,5,0.130236864089966,4,2,0.09401470730350495,0.1545639082759897,0.3065877262977067,0.027404653225647443,0.0806765154434149,0.2269438731592956
34,OnlineFPCA-sgd,0.1,10200,100,face,3,5,0.124990940093994,4,2,0.16141476614374745,0.19279185285040018,0.22007573090827615,0.027783708395729016,0.08044016222149464,0.22655045021526807
34,OnlineFPCA-sgd,0.1,10300,100,face,3,5,0.128018140792847,4,2,0.11958933247237828,0.17061562044891546,0.1955134469061941,0.02809292458002936,0.0803251783475075,0.225627086731791
34,OnlineFPCA-sgd,0.1,10400,100,face,3,5,0.127231359481812,4,2,0.13274562557138217,0.18801687514523993,0.24526365261335678,0.028796392698671007,0.08003659349526537,0.22543886437933777
34,OnlineFPCA-sgd,0.1,10500,100,face,3,5,0.124504804611206,4,2,0.23035473964043574,0.1802844473309157,0.2659353279759922,0.027367173685953077,0.07897598371943361,0.22537256082148127
34,OnlineFPCA-sgd,0.1,10600,100,face,3,5,0.127122640609741,4,2,0.22654058004789354,0.20363111070920176,0.22297216943548082,0.02506872226518401,0.07811834409584784,0.22545522066711632
34,OnlineFPCA-sgd,0.1,10700,100,face,3,5,0.126727342605591,4,2,0.24096106221963495,0.12353147073052859,0.2827275962117644,0.025370085309487596,0.07793882310561416,0.2253964694143372
34,OnlineFPCA-sgd,0.1,10800,100,face,3,5,0.12327766418457,4,2,0.21396559785507147,0.17178494625129515,0.3138927854964193,0.024711837787271262,0.07837969042455861,0.22547540941288682
34,OnlineFPCA-sgd,0.1,10900,100,face,3,5,0.121999740600586,4,2,0.17407213792610543,0.15131554560017232,0.353074698831418,0.02468984700989685,0.07853356508798769,0.22611441558661757
34,OnlineFPCA-sgd,0.1,11000,100,face,3,5,0.120728254318237,4,2,0.21824975791225493,0.22870439148887287,0.3753090207976547,0.02383215396312444,0.0786578122964185,0.22754434537588472
34,OnlineFPCA-sgd,0.1,11100,100,face,3,5,0.123447179794312,4,2,0.15955048670035252,0.21258652247233142,0.389603725284102,0.022324612588550882,0.07930153395748814,0.2292452221361435
34,OnlineFPCA-sgd,0.1,11200,100,face,3,5,0.123428344726562,4,2,0.33064912128493845,0.24576013414830153,0.36262901435666367,0.02171681962175658,0.08012629412534836,0.23064951494919833
34,OnlineFPCA-sgd,0.1,11300,100,face,3,5,0.142368316650391,4,2,0.1822458992321452,0.2550093216406136,0.342827220573873,0.023635154031213614,0.0818803108798436,0.23149464237795614
34,OnlineFPCA-sgd,0.1,11400,100,face,3,5,0.13055419921875,4,2,0.05710545744058165,0.16462055905955408,0.43069952441530934,0.023798002047866577,0.0831807601900044,0.23306285511418617
34,OnlineFPCA-sgd,0.1,11500,100,face,3,5,0.120352983474731,4,2,0.24483914316198477,0.16512614948158347,0.35855790169053875,0.023605597694994974,0.08367817585805416,0.23504263993261795
34,OnlineFPCA-sgd,0.1,11600,100,face,3,5,0.119240760803223,4,2,0.1501032075049056,0.16218561825831165,0.30597541737752854,0.024043486210530037,0.08377830594466602,0.2356246871638071
34,OnlineFPCA-sgd,0.1,11700,100,face,3,5,0.119079113006592,4,2,0.178369024522511,0.16353847354615147,0.3516300614680599,0.023655317724535087,0.08385956576112688,0.23624864166171633
34,OnlineFPCA-sgd,0.1,11800,100,face,3,5,0.121459722518921,4,2,0.2174049309222158,0.26081856681142773,0.2696028240564408,0.023105363006549973,0.08405584909118029,0.23703306683718325
34,OnlineFPCA-sgd,0.1,11900,100,face,3,5,0.126218318939209,4,2,0.09640956218821578,0.12928865051899016,0.2979594018236001,0.022793331007909007,0.0840429672824134,0.23704683627978454
34,OnlineFPCA-sgd,0.1,12000,100,face,3,5,0.12546968460083,4,2,0.212859281262177,0.23477488265659147,0.2496932088482066,0.022521834642598385,0.08433136236915169,0.2373170330338995
34,OnlineFPCA-sgd,0.1,12100,100,face,3,5,0.117860078811646,4,2,0.19998867082675698,0.20457520510371266,0.2366917887694534,0.02195207882419597,0.0844194805964844,0.23676891374593695
34,OnlineFPCA-sgd,0.1,12200,100,face,3,5,0.124555110931396,4,2,0.12166709471138858,0.27578147808935083,0.24389809989663588,0.022195080596967693,0.08458091931810881,0.23603874922920012
34,OnlineFPCA-sgd,0.1,12300,100,face,3,5,0.128636121749878,4,2,0.17652004205872537,0.1904086482594664,0.2787009383715939,0.021594655692456853,0.084797425987161,0.2358356313687998
34,OnlineFPCA-sgd,0.1,12400,100,face,3,5,0.130916833877563,4,2,0.14248421137670628,0.14746191144395762,0.2146391758316899,0.020956867243661765,0.08448541888178632,0.23564223442124219
34,OnlineFPCA-sgd,0.1,12500,100,face,3,5,0.129147529602051,4,2,0.15262757167308577,0.15086379019840068,0.29139555301019143,0.02065718693653393,0.08408345104302316,0.23500762230977293
34,OnlineFPCA-sgd,0.1,12600,100,face,3,5,0.122547626495361,4,2,0.1522041694491255,0.13286664026382683,0.3428461280450791,0.02007790917051689,0.0830739969483204,0.23477315827935546
34,OnlineFPCA-sgd,0.1,12700,100,face,3,5,0.125395059585571,4,2,0.1713281357611325,0.1810052121844801,0.32234193868296646,0.019476810727369235,0.08186995072599358,0.2346589762472382
34,OnlineFPCA-sgd,0.1,12800,100,face,3,5,0.129647493362427,4,2,0.09979494147938459,0.08340322551850636,0.37867193028482693,0.01921932083158001,0.0804126428352754,0.23428230596617344
34,OnlineFPCA-sgd,0.1,12900,100,face,3,5,0.125017881393433,4,2,0.12886818810786832,0.1701841947951123,0.3221422685006512,0.019022363909248063,0.07966573013336695,0.23449028905705324
34,OnlineFPCA-sgd,0.1,13000,100,face,3,5,0.123580932617188,4,2,0.16590537172134873,0.18103814546491992,0.30698084353871097,0.018619509575795338,0.07950982472264127,0.23432511387386915
34,OnlineFPCA-sgd,0.1,13100,100,face,3,5,0.132098436355591,4,2,0.13234644181836386,0.15431016397487307,0.1821353093805445,0.017998297256431182,0.07955394435054658,0.23353336164818694
34,OnlineFPCA-sgd,0.1,13200,100,face,3,5,0.141607046127319,4,2,0.21541540438641527,0.05523186210876582,0.1263961573442466,0.01747056159274626,0.07917311868479343,0.2321394346882299
34,OnlineFPCA-sgd,0.1,13300,100,face,3,5,0.134884834289551,4,2,0.13860657579207422,0.19749253996997757,0.21250998383775757,0.01805639467078135,0.07802161745087816,0.22999199668694154
34,OnlineFPCA-sgd,0.1,13400,100,face,3,5,0.120090484619141,4,2,0.13295381399382378,0.15960744895443785,0.24910924162493958,0.018359390814258705,0.07787853327844255,0.2285508409052956
34,OnlineFPCA-sgd,0.1,13500,100,face,3,5,0.126853227615356,4,2,0.18926619224645422,0.16900203206980036,0.27094094658994294,0.019218394110515482,0.07800310919807388,0.22745991218689673
34,OnlineFPCA-sgd,0.1,13600,100,face,3,5,0.127815723419189,4,2,0.12730775282186532,0.10023782710158778,0.220215163747732,0.019123016272133864,0.07793701604150077,0.2261812811167767
34,OnlineFPCA-sgd,0.1,13700,100,face,3,5,0.127453088760376,4,2,0.1409043648334911,0.11405920744242529,0.1621180613751496,0.019692894910900136,0.07763361058192808,0.22449603541011723
34,OnlineFPCA-sgd,0.1,13800,100,face,3,5,0.124886035919189,4,2,0.11018397955561138,0.15777336088804844,0.12311767206551089,0.019796592868038906,0.07725545845328877,0.22260147631671662
34,OnlineFPCA-sgd,0.1,13900,100,face,3,5,0.133352279663086,4,2,0.1702459951983748,0.3028981857921146,0.18281813071653888,0.020392128432959115,0.07798131604048802,0.22104004479466577
34,OnlineFPCA-sgd,0.1,14000,100,face,3,5,0.126731157302856,4,2,0.22483934552282883,0.21174609234154326,0.24298984862875772,0.020314071781921895,0.0785596314648583,0.2205639450663073
34,OnlineFPCA-sgd,0.1,14100,100,face,3,5,0.129227876663208,4,2,0.2273892300639157,0.21436919690505427,0.19888164186261167,0.020730717807082938,0.0789107783938931,0.22046302428077127
34,OnlineFPCA-sgd,0.1,14200,100,face,3,5,0.129670381546021,4,2,0.1456165922105745,0.14727378331821514,0.21709236102241133,0.021582965893854646,0.07901335106887863,0.2197754773659965
34,OnlineFPCA-sgd,0.1,14300,100,face,3,5,0.129949331283569,4,2,0.1997483828711834,0.1745520132424808,0.25544576235643784,0.021850379209374597,0.0787414454049068,0.2196503466531734
34,OnlineFPCA-sgd,0.1,14400,100,face,3,5,0.127354383468628,4,2,0.12344799205684832,0.11492968812953684,0.35429878089872235,0.021770152048959563,0.07865270991203281,0.22044168536145733
34,OnlineFPCA-sgd,0.1,14500,100,face,3,5,0.130801439285278,4,2,0.15243131327727605,0.20104820978495716,0.2990961724018911,0.022556191569249595,0.07873373784379462,0.22101714091601982
34,OnlineFPCA-sgd,0.1,14600,100,face,3,5,0.128786563873291,4,2,0.2667647263301526,0.12060029550333203,0.3503481394452871,0.02342560753868217,0.0783452722847927,0.2216327268247193
34,OnlineFPCA-sgd,0.1,14700,100,face,3,5,0.140121221542358,4,2,0.1334863781253843,0.18888319743109908,0.2126207085700979,0.023865966661507587,0.07860858366835341,0.22209698845811504
34,OnlineFPCA-sgd,0.1,14800,100,face,3,5,0.131466388702393,4,2,0.154201729494595,0.20003300275597466,0.25456149475580514,0.023447283164937795,0.07866007105989206,0.22179009358797203
34,OnlineFPCA-sgd,0.1,14900,100,face,3,5,0.130228519439697,4,2,0.1438567323248215,0.170443222342918,0.3041529009974434,0.0235575855133275,0.07865301968112226,0.22166500083460966
34,OnlineFPCA-sgd,0.1,15000,100,face,3,5,0.133846998214722,4,2,0.15405721979478737,0.17214647435673025,0.34746490025485643,0.023768420224609673,0.07846908253957544,0.22150571131605007
34,OnlineFPCA-sgd,0.1,0,100,face,3,5,6.49993443489075,6,1,0.1928146832635463,0.4385400960163578,0.4288529981360048,0.1928146832635463,0.4385400960163578,0.4288529981360048
34,OnlineFPCA-sgd,0.1,100,100,face,3,5,0.577212333679199,6,1,0.4659920604127913,0.42853155013197064,0.5199547957422067,NA,NA,NA
34,OnlineFPCA-sgd,0.1,200,100,face,3,5,0.506231784820557,6,1,0.26908778797333355,0.4053972255168243,0.6227098559513881,NA,NA,NA
34,OnlineFPCA-sgd,0.1,300,100,face,3,5,0.51974081993103,6,1,0.6168869937483447,0.5763770935127559,0.4171748042971736,NA,NA,NA
34,OnlineFPCA-sgd,0.1,400,100,face,3,5,0.534595251083374,6,1,0.4517973322439515,0.30288996107462546,0.4363454449741932,NA,NA,NA
34,OnlineFPCA-sgd,0.1,500,100,face,3,5,0.43618631362915,6,1,0.6726500324491828,0.35996606235867595,0.515033876848169,NA,NA,NA
34,OnlineFPCA-sgd,0.1,600,100,face,3,5,0.474670886993408,6,1,0.5488170819649524,0.355575219691555,0.5146297295402464,NA,NA,NA
34,OnlineFPCA-sgd,0.1,700,100,face,3,5,0.425624132156372,6,1,0.4691502753350341,0.3580659913913285,0.5133536087017261,NA,NA,NA
34,OnlineFPCA-sgd,0.1,800,100,face,3,5,0.450015306472778,6,1,0.413498122836319,0.35210537395679875,0.5062032808936454,NA,NA,NA
34,OnlineFPCA-sgd,0.1,900,100,face,3,5,0.442187547683716,6,1,0.3374916918994294,0.35120983611279966,0.49179161023557616,NA,NA,NA
34,OnlineFPCA-sgd,0.1,1000,100,face,3,5,0.508283138275146,6,1,0.2939231276105758,0.3478301127967414,0.47872685236870804,NA,NA,NA
34,OnlineFPCA-sgd,0.1,1100,100,face,3,5,0.633313179016113,6,1,0.20668513607637687,0.30606212743439426,0.37023716724475264,0.15763506039059968,0.3228632873369496,0.428598363770081
34,OnlineFPCA-sgd,0.1,1200,100,face,3,5,0.62115216255188,6,1,0.9340485183871426,0.7336870213896642,0.2614844465233152,0.2506653874451492,0.3594345159661003,0.35792394490510065
34,OnlineFPCA-sgd,0.1,1300,100,face,3,5,0.637643575668335,6,1,0.2294743197764418,0.2273158721411671,0.2515261917956082,0.2942232981552308,0.3706651706199155,0.3146606420544254
34,OnlineFPCA-sgd,0.1,1400,100,face,3,5,0.638067722320557,6,1,0.06852180562483924,0.14573939193846228,0.3087557129206075,0.2482043041490696,0.3212414882309138,0.30049122675542433
34,OnlineFPCA-sgd,0.1,1500,100,face,3,5,0.848468542098999,6,1,0.1612204470578902,0.16286317724388988,0.2789375359491595,0.2001302459294613,0.28034879730123496,0.29717250321857597
34,OnlineFPCA-sgd,0.1,1600,100,face,3,5,3.75658416748047,6,1,0.06775090348955264,0.13830813893175914,0.2646010489774505,0.17074185384564944,0.2534002795479877,0.28987913995895015
34,OnlineFPCA-sgd,0.1,1700,100,face,3,5,0.637140035629272,6,1,0.07560236862586223,0.1206154412466846,0.2675573327710683,0.14974606888598774,0.23266129188486329,0.2840591329395843
34,OnlineFPCA-sgd,0.1,1800,100,face,3,5,0.794611930847168,6,1,0.08366693150303939,0.1152649858791019,0.25230592155743226,0.13262398476096768,0.2150941668970837,0.2795432996091295
34,OnlineFPCA-sgd,0.1,1900,100,face,3,5,0.618804931640625,6,1,0.07975357380082815,0.1191975454953925,0.2664555441098283,0.1212480565862227,0.20248054585240827,0.2760509160692455
34,OnlineFPCA-sgd,0.1,2000,100,face,3,5,0.617031574249268,6,1,0.10193170090168441,0.1285879300804483,0.24477289505379887,0.1121947002078642,0.19288675640172434,0.27309179490643226
34,OnlineFPCA-sgd,0.1,2100,100,face,3,5,0.603524923324585,6,1,0.3329840975315745,0.2708338364148461,0.3293716135297635,0.10021508606233939,0.17843029418162487,0.2692090867790656
34,OnlineFPCA-sgd,0.1,2200,100,face,3,5,0.607182502746582,6,1,0.2369915318036021,0.29199227845906983,0.3575348383778702,0.08932317774080017,0.16920883763704744,0.2672961640422409
34,OnlineFPCA-sgd,0.1,2300,100,face,3,5,0.619073867797852,6,1,0.2871464302035028,0.219396109958519,0.341714649792871,0.08335817526170321,0.1612043591948795,0.2670485034407907
34,OnlineFPCA-sgd,0.1,2400,100,face,3,5,0.637929677963257,6,1,0.2476905616472866,0.2269354498974647,0.20419527896697345,0.07077962494827818,0.1514766282935843,0.26347225177686867
34,OnlineFPCA-sgd,0.1,2500,100,face,3,5,0.667240142822266,6,1,0.24013773049184076,0.25134339661074134,0.26692054989012154,0.05921966803905421,0.14146983775111266,0.25225980127888653
34,OnlineFPCA-sgd,0.1,2600,100,face,3,5,0.649118423461914,6,1,0.22850817683739708,0.19252120435833014,0.3760286896875523,0.0496745555138812,0.13275538031507925,0.24419535473399406
34,OnlineFPCA-sgd,0.1,2700,100,face,3,5,0.623104333877563,6,1,0.19212747088938395,0.2532074344292946,0.3525562402081261,0.046930560207550785,0.1302760183291038,0.2430751290751667
34,OnlineFPCA-sgd,0.1,2800,100,face,3,5,0.654806852340698,6,1,0.16285388362241393,0.23056863367660724,0.38265650863630213,0.0474493687657123,0.12732194537134556,0.24176915017160197
34,OnlineFPCA-sgd,0.1,2900,100,face,3,5,0.645151376724243,6,1,0.35189348983631596,0.28594354109342807,0.24780570941501148,0.04637004799530558,0.12862032324327147,0.24216838203465055
34,OnlineFPCA-sgd,0.1,3000,100,face,3,5,0.664721250534058,6,1,0.20091676791368335,0.26097269209466173,0.28492729119818205,0.046305408492327435,0.12926643581072883,0.23972977228797018
34,OnlineFPCA-sgd,0.1,3100,100,face,3,5,0.671346187591553,6,1,0.1937608417763912,0.2063424904951811,0.15353830627953288,0.043946727486216586,0.13044256867856,0.23607230103699872
34,OnlineFPCA-sgd,0.1,3200,100,face,3,5,0.666507482528687,6,1,0.3032011292263638,0.1151369093807994,0.14476309352009348,0.042607431496741226,0.12828920025896806,0.22909841216349744
34,OnlineFPCA-sgd,0.1,3300,100,face,3,5,0.66864275932312,6,1,0.24306268810332562,0.2881949873257834,0.3639950069847621,0.043688766295857086,0.12590282273577574,0.22143659734440302
34,OnlineFPCA-sgd,0.1,3400,100,face,3,5,0.656969547271729,6,1,0.24020912808000294,0.24412132761014982,0.3800643372948281,0.04259336635102923,0.12392555882135164,0.21861177042611948
34,OnlineFPCA-sgd,0.1,3500,100,face,3,5,0.657549142837524,6,1,0.26269405538198726,0.21588361162297037,0.3387434144617166,0.04326193291072931,0.12090247038201528,0.2180050387363343
34,OnlineFPCA-sgd,0.1,3600,100,face,3,5,0.658238649368286,6,1,0.2924057918430219,0.14863510057904436,0.2336922414652313,0.04361167303709258,0.11909985213677429,0.21522804819614255
34,OnlineFPCA-sgd,0.1,3700,100,face,3,5,0.659478187561035,6,1,0.25673122445306207,0.23134057195094446,0.1582736875150452,0.04331737690715646,0.11208805550918419,0.20777628579615212
34,OnlineFPCA-sgd,0.1,3800,100,face,3,5,0.659617900848389,6,1,0.20919543730086224,0.2930465976676886,0.15488646874887574,0.0426635118839018,0.10611088475301104,0.20062959607548508
34,OnlineFPCA-sgd,0.1,3900,100,face,3,5,0.634881019592285,6,1,0.19799080729729465,0.39301583397852,0.28014008070592034,0.04268191559565035,0.10247588383880436,0.1966473299261988
34,OnlineFPCA-sgd,0.1,4000,100,face,3,5,0.629672527313232,6,1,0.04087281994349156,0.09842477334872989,0.19791562331166115,0.04087281994349156,0.09842477334872989,0.19791562331166115
34,OnlineFPCA-sgd,0.1,4100,100,face,3,5,0.77569842338562,6,1,0.27405185543590155,0.18047466222411773,0.12624914781250382,0.17870258134046135,0.0862362164776155,0.1601064137643906
34,OnlineFPCA-sgd,0.1,4200,100,face,3,5,0.606979608535767,6,1,0.1747056510655924,0.1479805743627205,0.2153473531803407,0.16942699862023827,0.09477374207501311,0.13087545590613572
34,OnlineFPCA-sgd,0.1,4300,100,face,3,5,0.614281892776489,6,1,0.27690582394429825,0.18771444593079506,0.2856460891716189,0.10084036926356843,0.11356164061016864,0.15503393505751825
34,OnlineFPCA-sgd,0.1,4400,100,face,3,5,0.625787258148193,6,1,0.16838600145472185,0.15382142452961145,0.5007817577915012,0.07129111182543886,0.10443543509252316,0.2332691634172591
34,OnlineFPCA-sgd,0.1,4500,100,face,3,5,0.669470310211182,6,1,0.1980565170372002,0.25210617647009714,0.33707366538784156,0.07069381226883151,0.11313490596058588,0.26768970083499966
34,OnlineFPCA-sgd,0.1,4600,100,face,3,5,0.635411024093628,6,1,0.34571247808201827,0.1623164488199117,0.4419972172506934,0.08259011470210002,0.1055094149698174,0.2789459713832779
34,OnlineFPCA-sgd,0.1,4700,100,face,3,5,0.643192052841187,6,1,0.23052234728916762,0.24987301789838912,0.18360474772708796,0.07636593066425623,0.08948804704320053,0.2728418871818284
34,OnlineFPCA-sgd,0.1,4800,100,face,3,5,0.637728214263916,6,1,0.24326402327878033,0.23686726703674182,0.28729601553367584,0.06434067768425336,0.0921943993389123,0.2601608990906044
34,OnlineFPCA-sgd,0.1,4900,100,face,3,5,0.641598701477051,6,1,0.155121262590781,0.1994626513736063,0.38503955476632945,0.06439458810476101,0.10115605600380957,0.2600740522835701
34,OnlineFPCA-sgd,0.1,5000,100,face,3,5,0.621603727340698,6,1,0.19544756120525514,0.18533237193671317,0.4335895994866688,0.06358884109772336,0.1030829465416785,0.267863897462538
34,OnlineFPCA-sgd,0.1,5100,100,face,3,5,0.123666524887085,6,1,0.1323640573313602,0.12107021824734407,0.3151350396097178,0.061452377738220224,0.1027164920157887,0.2706280277580199
34,OnlineFPCA-sgd,0.1,5200,100,face,3,5,0.131743669509888,6,1,0.18348581980629197,0.1986803380720045,0.23452645547288953,0.058067651370097076,0.10478052365786833,0.2639830046047237
34,OnlineFPCA-sgd,0.1,5300,100,face,3,5,0.127414226531982,6,1,0.15994690392223926,0.15092660381035852,0.1820901179758916,0.06008590372716556,0.10679517955312644,0.2513420333392233
34,OnlineFPCA-sgd,0.1,5400,100,face,3,5,0.142297744750977,6,1,0.1742665578849403,0.1759334926638857,0.2729000552828593,0.06219098754902409,0.10148852922689068,0.2475180119707427
34,OnlineFPCA-sgd,0.1,5500,100,face,3,5,0.144516706466675,6,1,0.29851730642401425,0.21582907485884237,0.29681994867645217,0.051224975411548065,0.08791895692909105,0.2453510885673115
34,OnlineFPCA-sgd,0.1,5600,100,face,3,5,0.123679399490356,6,1,0.2587771565489648,0.2424679502373996,0.24103467320609817,0.03990046568940203,0.06831985551937866,0.24286039016856334
34,OnlineFPCA-sgd,0.1,5700,100,face,3,5,0.137990951538086,6,1,0.2204674066976713,0.1385912157485395,0.31630016611782896,0.0405971283941741,0.05991086375735671,0.2386015121546178
34,OnlineFPCA-sgd,0.1,5800,100,face,3,5,0.130480289459229,6,1,0.2482212417010342,0.1608773155180868,0.36620829159996665,0.03713944789293786,0.047798759585572614,0.2367032778087025
34,OnlineFPCA-sgd,0.1,5900,100,face,3,5,0.133294820785522,6,1,0.20625996492457618,0.15235878059245814,0.42041059932781716,0.03701120488585066,0.04295633148958284,0.23929069852019413
34,OnlineFPCA-sgd,0.1,6000,100,face,3,5,0.13069748878479,6,1,0.24611543116276213,0.3068035373000209,0.4171029833197029,0.033389918284549694,0.041318685328034684,0.24516622336687907
34,OnlineFPCA-sgd,0.1,6100,100,face,3,5,0.127405881881714,6,1,0.17685371716891038,0.2461274438355927,0.43240766448154094,0.028121973855382114,0.045603755752429594,0.25072891644091505
34,OnlineFPCA-sgd,0.1,6200,100,face,3,5,0.142123937606812,6,1,0.40288776625284917,0.289816269481124,0.42648851888873823,0.026588196500179576,0.05085656264415006,0.2568303958039946
34,OnlineFPCA-sgd,0.1,6300,100,face,3,5,0.127681016921997,6,1,0.20375279842067728,0.27786885951005597,0.3775112754674148,0.03187028039398987,0.055909666459834216,0.26089553302323926
34,OnlineFPCA-sgd,0.1,6400,100,face,3,5,0.136676073074341,6,1,0.09751109151521077,0.17617317520375575,0.4926401356905188,0.03256230509515264,0.05852549284933771,0.26670075504224244
34,OnlineFPCA-sgd,0.1,6500,100,face,3,5,0.134386539459229,6,1,0.28245929440129364,0.17335872835037058,0.39104848234831,0.030799160685252423,0.05661620314244828,0.27340973002541386
34,OnlineFPCA-sgd,0.1,6600,100,face,3,5,0.128375053405762,6,1,0.20222447724516854,0.18708615386289904,0.3169626938032996,0.030687189297338754,0.05401700718801316,0.27469004531330293
34,OnlineFPCA-sgd,0.1,6700,100,face,3,5,0.129646301269531,6,1,0.22740576239225782,0.18734560794067803,0.3724421140447829,0.02918385929969265,0.05305431613761516,0.2760837133227237
34,OnlineFPCA-sgd,0.1,6800,100,face,3,5,0.125378847122192,6,1,0.2564030972078529,0.322215652210484,0.2525082316608396,0.0269424151947602,0.05152874442728065,0.2780442289702383
34,OnlineFPCA-sgd,0.1,6900,100,face,3,5,0.133380174636841,6,1,0.12243754592223223,0.13522671542724807,0.2932732384799653,0.027065968121644583,0.051100051833093886,0.2760223537725931
34,OnlineFPCA-sgd,0.1,7000,100,face,3,5,0.128018140792847,6,1,0.24400740987991063,0.2755380295419475,0.22042090798810432,0.02745128192382932,0.05409540211860064,0.27400140589165645
34,OnlineFPCA-sgd,0.1,7100,100,face,3,5,0.128564119338989,6,1,0.2656616796090362,0.24248290573996814,0.24014442950784237,0.025839078511860885,0.053520147648928755,0.26927326868230045
34,OnlineFPCA-sgd,0.1,7200,100,face,3,5,0.132473468780518,6,1,0.17309280796364723,0.3171335135386539,0.2569683680916574,0.024709140695306074,0.0536367410412515,0.26531351994081503
34,OnlineFPCA-sgd,0.1,7300,100,face,3,5,0.131362915039062,6,1,0.22878479203986235,0.18894627567949465,0.3243083892352957,0.022803984231104545,0.05347034958743875,0.2628203119303664
34,OnlineFPCA-sgd,0.1,7400,100,face,3,5,0.130797147750854,6,1,0.186129325369173,0.16874043667229097,0.23195432518205641,0.020686320538492786,0.05281578736008977,0.26058238710174025
34,OnlineFPCA-sgd,0.1,7500,100,face,3,5,0.137703895568848,6,1,0.1801305148695086,0.18357064203714446,0.3342569527733306,0.01914394388323739,0.051266926207356824,0.25662551952264
34,OnlineFPCA-sgd,0.1,7600,100,face,3,5,0.1227867603302,6,1,0.189791798319602,0.167453877336498,0.39776091507290867,0.017223292306299653,0.04904669757558348,0.2535686485946131
34,OnlineFPCA-sgd,0.1,7700,100,face,3,5,0.128063917160034,6,1,0.18597433573428995,0.2166868106024699,0.3695951414901531,0.01562705542362954,0.0470080847013119,0.2514400142143769
34,OnlineFPCA-sgd,0.1,7800,100,face,3,5,0.129410743713379,6,1,0.11584458747266238,0.11799584019733605,0.42221424451925976,0.015312570576920504,0.04386575715733556,0.2491340810401236
34,OnlineFPCA-sgd,0.1,7900,100,face,3,5,0.127814054489136,6,1,0.20019872099378028,0.2217690217426477,0.33086186437383963,0.014987404027814849,0.044524601522626446,0.24885115410024752
34,OnlineFPCA-sgd,0.1,8000,100,face,3,5,0.130227327346802,6,1,0.1818199725426568,0.21491991890497494,0.3076910348620311,0.01470531222762059,0.046843678819728424,0.24744109861655603
34,OnlineFPCA-sgd,0.1,8100,100,face,3,5,0.12455677986145,6,1,0.15429389221639808,0.17056061929431024,0.1654580146052927,0.013668725897306439,0.049290151888212376,0.2443994978917599
34,OnlineFPCA-sgd,0.1,8200,100,face,3,5,0.129046201705933,6,1,0.2510586722930732,0.06231946327760668,0.10782683937721196,0.013197243423534715,0.049441406904275086,0.24015456642747546
34,OnlineFPCA-sgd,0.1,8300,100,face,3,5,0.130364418029785,6,1,0.17884192404477584,0.232800046729891,0.25249097145363375,0.014883747155064651,0.048044804706039515,0.23413909108764192
34,OnlineFPCA-sgd,0.1,8400,100,face,3,5,0.126504898071289,6,1,0.1655503070631497,0.18661221247979412,0.28809426105456765,0.015501411560424333,0.04991834943447837,0.23025362892492954
34,OnlineFPCA-sgd,0.1,8500,100,face,3,5,0.303745031356812,6,1,0.21789661972474755,0.18479490698775766,0.2908464188799603,0.017881197868606587,0.0512915642518762,0.2274694610743509
34,OnlineFPCA-sgd,0.1,8600,100,face,3,5,0.122915983200073,6,1,0.17895951755569917,0.10900610365118621,0.22379355126444386,0.017987785389816865,0.05184881298768708,0.22434697045023755
34,OnlineFPCA-sgd,0.1,8700,100,face,3,5,0.130905151367188,6,1,0.1783879474034149,0.1543358110422491,0.15712964954475953,0.019180310555898725,0.05088030371860046,0.22017800406424634
34,OnlineFPCA-sgd,0.1,8800,100,face,3,5,0.124000310897827,6,1,0.13736142752337802,0.1989425672964342,0.1305259943430031,0.01957827989111703,0.05014230331842131,0.21591307437771146
34,OnlineFPCA-sgd,0.1,8900,100,face,3,5,0.124050855636597,6,1,0.18393342136809834,0.3371629515102578,0.21194586657755657,0.020595060687092638,0.052037135531841035,0.21266886890201142
34,OnlineFPCA-sgd,0.1,9000,100,face,3,5,0.124567747116089,6,1,0.2483785329737266,0.22952512602017477,0.28931761988281945,0.020073367803114743,0.053377580229898997,0.21244111910348348
34,OnlineFPCA-sgd,0.1,9100,100,face,3,5,0.12392520904541,6,1,0.2504614920468646,0.23692180178851918,0.23280994689527218,0.020887562286470613,0.054380026539589475,0.2129352960747985
34,OnlineFPCA-sgd,0.1,9200,100,face,3,5,0.13409161567688,6,1,0.14715841151862571,0.16777842748982605,0.2580393116068686,0.02277213478903829,0.055083127683849716,0.21181140808325027
34,OnlineFPCA-sgd,0.1,9300,100,face,3,5,0.14385461807251,6,1,0.22417250116874385,0.1943734288537527,0.2921241856602664,0.0233323385295267,0.054729611142661776,0.21208937430010932
34,OnlineFPCA-sgd,0.1,9400,100,face,3,5,0.132432699203491,6,1,0.13628186443181536,0.14122173714065475,0.41589018185150856,0.0231021561112416,0.055096691255993376,0.2148082560054052
34,OnlineFPCA-sgd,0.1,9500,100,face,3,5,0.136444330215454,6,1,0.1656385155261453,0.22920592491887345,0.3331771760684901,0.024641671012909656,0.055861184057152034,0.2168316245509928
34,OnlineFPCA-sgd,0.1,9600,100,face,3,5,0.129766941070557,6,1,0.2950996835750061,0.15397079027075128,0.4036263372698335,0.026423561614539338,0.05510825562456741,0.21874961421076825
34,OnlineFPCA-sgd,0.1,9700,100,face,3,5,0.139222621917725,6,1,0.1668797212611201,0.2340770723768425,0.23917755447843952,0.02699531741021198,0.05618617040117869,0.22013061961275981
34,OnlineFPCA-sgd,0.1,9800,100,face,3,5,0.139511585235596,6,1,0.18477227566945637,0.23434516598485008,0.2883515200021337,0.026098210410926935,0.056796455995110906,0.21969914851115507
34,OnlineFPCA-sgd,0.1,9900,100,face,3,5,0.131931781768799,6,1,0.14928525787902572,0.1875754205902283,0.34444454736434,0.02636361728113929,0.057578813126264734,0.21989896498388
34,OnlineFPCA-sgd,0.1,10000,100,face,3,5,0.147031545639038,6,1,0.16876008643039694,0.19024124730554476,0.391385719563344,0.0267614649157826,0.05774224015206031,0.2201271787594755
34,OnlineFPCA-sgd,0.1,10100,100,face,3,5,0.13746976852417,6,1,0.09468315520553265,0.15491871321943654,0.3056860441246145,0.027168151069980908,0.05761915496296104,0.22008359541444925
34,OnlineFPCA-sgd,0.1,10200,100,face,3,5,0.136392593383789,6,1,0.16121977805524698,0.19357102651643185,0.22217606869800585,0.027556850916655714,0.057538864278611074,0.21976881209304783
34,OnlineFPCA-sgd,0.1,10300,100,face,3,5,0.140956401824951,6,1,0.12019989559309459,0.16995936790502292,0.19524359736394947,0.027850386826264784,0.05781167404854984,0.21890863247340792
34,OnlineFPCA-sgd,0.1,10400,100,face,3,5,0.139566659927368,6,1,0.13310491830323135,0.18780324532746528,0.24624490067837604,0.028541999881642712,0.057707326507987294,0.21880146669879308
34,OnlineFPCA-sgd,0.1,10500,100,face,3,5,0.142896175384521,6,1,0.23179821921245647,0.18097384597709126,0.2672781369940656,0.027100538602523688,0.05651270536824935,0.21883474355665802
34,OnlineFPCA-sgd,0.1,10600,100,face,3,5,0.139548301696777,6,1,0.22718836823389557,0.20471447025949055,0.22342091691994342,0.02478215194303127,0.05541476554493365,0.21898982182395008
34,OnlineFPCA-sgd,0.1,10700,100,face,3,5,0.13250470161438,6,1,0.24070709827002912,0.12402491307196693,0.2827669144238593,0.025060868794142065,0.055365196804317354,0.21897640272276891
34,OnlineFPCA-sgd,0.1,10800,100,face,3,5,0.138056993484497,6,1,0.21431719634690446,0.17113375365341335,0.31284402232922615,0.024383382612133592,0.056118461016730896,0.21912829217430843
34,OnlineFPCA-sgd,0.1,10900,100,face,3,5,0.125137567520142,6,1,0.1745983657591276,0.15115603676725067,0.3521915306471998,0.024388898565474843,0.056486691585138714,0.21984462542530356
34,OnlineFPCA-sgd,0.1,11000,100,face,3,5,0.132024526596069,6,1,0.2188124647389581,0.22944102089941762,0.37383132927024065,0.02355869996547755,0.056943162807247046,0.22136815722608255
34,OnlineFPCA-sgd,0.1,11100,100,face,3,5,0.121759176254272,6,1,0.16011288674556015,0.21182901360822323,0.3885164969225662,0.022096774719818774,0.05803605279751587,0.22312856719241211
34,OnlineFPCA-sgd,0.1,11200,100,face,3,5,0.12375020980835,6,1,0.3321790709846707,0.24744663132439035,0.3617491435858034,0.021562230640890672,0.059255905918358776,0.22458430830438697
34,OnlineFPCA-sgd,0.1,11300,100,face,3,5,0.12708568572998,6,1,0.18262703923250365,0.255774115348057,0.3410862318205338,0.02352984539386162,0.061634890438301254,0.22548309268899638
34,OnlineFPCA-sgd,0.1,11400,100,face,3,5,0.120946884155273,6,1,0.05728034575145125,0.16396425273495968,0.429784569098069,0.023727607454762108,0.06345418084685626,0.22713002119681538
34,OnlineFPCA-sgd,0.1,11500,100,face,3,5,0.1345374584198,6,1,0.2453598411953161,0.16511144120003388,0.35737536966291833,0.0235302593106975,0.0642330930821686,0.22921794594741288
34,OnlineFPCA-sgd,0.1,11600,100,face,3,5,0.125429153442383,6,1,0.15168925908031866,0.16257554253577483,0.30476831269882415,0.023967872165796992,0.06445708529701644,0.22986614674168696
34,OnlineFPCA-sgd,0.1,11700,100,face,3,5,0.123902559280396,6,1,0.1793612227952699,0.16437331370687655,0.35042747924782525,0.02359349709740587,0.06470630215179764,0.23056527492604195
34,OnlineFPCA-sgd,0.1,11800,100,face,3,5,0.139022827148438,6,1,0.21791749741235264,0.26220355968529396,0.26745055100216997,0.02304919575291278,0.0651331283683076,0.23143691705481498
34,OnlineFPCA-sgd,0.1,11900,100,face,3,5,0.127420425415039,6,1,0.09713269037561834,0.12872575684056614,0.29725406925772635,0.02277086637301221,0.06539570742615217,0.23153437476986855
34,OnlineFPCA-sgd,0.1,12000,100,face,3,5,0.133855104446411,6,1,0.21354374593763084,0.23484288489803198,0.24919154669742125,0.022515140671977744,0.06605969746520099,0.2318685788019436
34,OnlineFPCA-sgd,0.1,12100,100,face,3,5,0.135613203048706,6,1,0.2011783404225894,0.20548203581960375,0.23703297835920387,0.02193080288352987,0.06640909804917572,0.23135116300545874
34,OnlineFPCA-sgd,0.1,12200,100,face,3,5,0.124926805496216,6,1,0.12286181507184064,0.2761176921180363,0.2443264971508987,0.02214141008419808,0.06688242968570507,0.23067293244754675
34,OnlineFPCA-sgd,0.1,12300,100,face,3,5,0.125536203384399,6,1,0.17772640139086568,0.1898089079722066,0.27975807165775496,0.02154440675485972,0.06730019401271065,0.23051363873382888
34,OnlineFPCA-sgd,0.1,12400,100,face,3,5,0.129088640213013,6,1,0.14354239122654283,0.14677345560272417,0.21419167204304307,0.02088958522833649,0.06720904746145832,0.23038118691557677
34,OnlineFPCA-sgd,0.1,12500,100,face,3,5,0.127990007400513,6,1,0.1533185497930648,0.15154555182667345,0.2912196518986399,0.020571615739573838,0.06690442440712296,0.22976457468622666
34,OnlineFPCA-sgd,0.1,12600,100,face,3,5,0.134341716766357,6,1,0.15305201646746253,0.13356451272796765,0.3419057734915612,0.019959911874268498,0.06597917708382627,0.22955619054932813
34,OnlineFPCA-sgd,0.1,12700,100,face,3,5,0.126861572265625,6,1,0.17165062418865248,0.18117132462208235,0.3192575365611339,0.019341473415719124,0.06495087434144318,0.22951149579002392
34,OnlineFPCA-sgd,0.1,12800,100,face,3,5,0.134751319885254,6,1,0.10038838452471929,0.08565162785339588,0.373891823437553,0.019090303670834297,0.06360164855312667,0.22919189839565066
34,OnlineFPCA-sgd,0.1,12900,100,face,3,5,0.126881122589111,6,1,0.1311014621285373,0.17090293375402058,0.3153846025139459,0.018897395264496998,0.06319941795628677,0.2294721121537755
34,OnlineFPCA-sgd,0.1,13000,100,face,3,5,0.134134292602539,6,1,0.16608964311031724,0.18233526429265148,0.2995098357784147,0.018516085938552137,0.06345283682265784,0.2293572525659047
34,OnlineFPCA-sgd,0.1,13100,100,face,3,5,0.133928775787354,6,1,0.13273410765810462,0.1546882320950269,0.17421927239805884,0.017912151441905378,0.06393037785885845,0.22859391281767852
34,OnlineFPCA-sgd,0.1,13200,100,face,3,5,0.132103204727173,6,1,0.21669180672334273,0.05505336949977988,0.12059394664089557,0.01740289454082165,0.06382859139361545,0.22722342990112146
34,OnlineFPCA-sgd,0.1,13300,100,face,3,5,0.143083333969116,6,1,0.13938262062735615,0.19839928002234647,0.21169436294091798,0.017995301106054122,0.06289939032328139,0.22510235256252642
34,OnlineFPCA-sgd,0.1,13400,100,face,3,5,0.136492252349854,6,1,0.13425196596440445,0.1606093986275895,0.24808283331716055,0.01829186801258408,0.06307261093352184,0.2236877549969443
34,OnlineFPCA-sgd,0.1,13500,100,face,3,5,0.142488718032837,6,1,0.18959243556002525,0.16866813127879968,0.2688822531044027,0.019147090723389274,0.06344020636435514,0.22262331746832498
34,OnlineFPCA-sgd,0.1,13600,100,face,3,5,0.135355949401855,6,1,0.1290909519210343,0.09947981968862558,0.21702693710054757,0.0190717855841767,0.06359174287137234,0.2213806344324092
34,OnlineFPCA-sgd,0.1,13700,100,face,3,5,0.133894920349121,6,1,0.14199669965815093,0.11486317304395825,0.1578382273778551,0.019638951301862766,0.06335378793955254,0.21969651816050584
34,OnlineFPCA-sgd,0.1,13800,100,face,3,5,0.141937255859375,6,1,0.11066298118552434,0.15815064913100976,0.12118711916225149,0.019738031222065872,0.06303327255500274,0.2178017031491463
34,OnlineFPCA-sgd,0.1,13900,100,face,3,5,0.12798023223877,6,1,0.1706878554946602,0.3026311041966152,0.1827449509154961,0.02032452617352322,0.06388084704814316,0.2162281761890636
34,OnlineFPCA-sgd,0.1,14000,100,face,3,5,0.126437664031982,6,1,0.22520744579507407,0.2114545325484987,0.24376623975253153,0.02024232537509888,0.06456993264737751,0.2157719677298044
34,OnlineFPCA-sgd,0.1,14100,100,face,3,5,0.13884449005127,6,1,0.22803196025833358,0.21363540781301654,0.1999093262265364,0.020651087318118867,0.06505441502975837,0.2157067751238794
34,OnlineFPCA-sgd,0.1,14200,100,face,3,5,0.125715494155884,6,1,0.1454596759242774,0.14714516983272985,0.21871281926399272,0.021497915232970163,0.06528224881586171,0.21504174745603627
34,OnlineFPCA-sgd,0.1,14300,100,face,3,5,0.142836093902588,6,1,0.2003399339415825,0.17437528151365525,0.2566243527941105,0.02177853445505283,0.06506864237235824,0.21495441342286079
34,OnlineFPCA-sgd,0.1,14400,100,face,3,5,0.125998497009277,6,1,0.12378414744171928,0.11515226855561717,0.35543315617094173,0.0217053769758355,0.06507574773221891,0.2158260340863432
34,OnlineFPCA-sgd,0.1,14500,100,face,3,5,0.13298511505127,6,1,0.15248840620601536,0.20120456301594505,0.2993182995025235,0.022497179027174123,0.06527815477985216,0.21647570858589793
34,OnlineFPCA-sgd,0.1,14600,100,face,3,5,0.132945537567139,6,1,0.2675867005752457,0.12136155006282315,0.35173443515685204,0.023368144664846404,0.06491341307941802,0.21715190189559033
34,OnlineFPCA-sgd,0.1,14700,100,face,3,5,0.132250785827637,6,1,0.13466082576429272,0.18988254374243493,0.2127969349237809,0.02380241615436298,0.06526243888003275,0.2176348685411079
34,OnlineFPCA-sgd,0.1,14800,100,face,3,5,0.133681297302246,6,1,0.15529787526621783,0.20023302790322264,0.2545397760544751,0.023378233952973365,0.06535380391883709,0.21733034364082726
34,OnlineFPCA-sgd,0.1,14900,100,face,3,5,0.133373975753784,6,1,0.14385747369773694,0.1706224511606602,0.3046675850032244,0.023476029104248508,0.06543556148842981,0.21723519282994563
34,OnlineFPCA-sgd,0.1,15000,100,face,3,5,0.126619338989258,6,1,0.1544921025108974,0.17171208696827564,0.34783284417011234,0.023673953370186,0.06531908813460091,0.21712692527478078
34,OnlineFPCA-sgd,0.1,0,100,face,3,5,6.49993443489075,6,2,0.1928146832635463,0.4385400960163578,0.4288529981360048,0.1928146832635463,0.4385400960163578,0.4288529981360048
34,OnlineFPCA-sgd,0.1,100,100,face,3,5,0.437964200973511,6,2,0.44032717716516057,0.4872970825019738,0.4334766676429775,NA,NA,NA
34,OnlineFPCA-sgd,0.1,200,100,face,3,5,0.441233158111572,6,2,0.8298276856562601,0.6924984267774074,0.8646523414944259,NA,NA,NA
34,OnlineFPCA-sgd,0.1,300,100,face,3,5,0.611592531204224,6,2,0.42585629970064964,0.7292942515328855,0.6648327986173141,NA,NA,NA
34,OnlineFPCA-sgd,0.1,400,100,face,3,5,0.439649343490601,6,2,0.44295912537733895,0.46921901545125616,0.4909060019596599,NA,NA,NA
34,OnlineFPCA-sgd,0.1,500,100,face,3,5,0.435702800750732,6,2,0.6332266550067563,0.5972265699547603,0.6929682943316856,NA,NA,NA
34,OnlineFPCA-sgd,0.1,600,100,face,3,5,0.430758476257324,6,2,0.5167426805057526,0.5956993318984409,0.6933071598893246,NA,NA,NA
34,OnlineFPCA-sgd,0.1,700,100,face,3,5,0.43454384803772,6,2,0.4383695601673605,0.5939910405368315,0.6935352375143681,NA,NA,NA
34,OnlineFPCA-sgd,0.1,800,100,face,3,5,0.424235343933105,6,2,0.3843012589663635,0.591084927799788,0.6875056529699939,NA,NA,NA
34,OnlineFPCA-sgd,0.1,900,100,face,3,5,0.431830644607544,6,2,0.31146250314283974,0.5856385447970521,0.6782104988314588,NA,NA,NA
34,OnlineFPCA-sgd,0.1,1000,100,face,3,5,0.449479103088379,6,2,0.27043974871720955,0.5804610696682081,0.6701022164512346,NA,NA,NA
34,OnlineFPCA-sgd,0.1,1100,100,face,3,5,0.661522626876831,6,2,0.19800950826521918,0.5424875738674173,0.5906350116374487,0.1389886878097417,0.554770237505502,0.6407287108136241
34,OnlineFPCA-sgd,0.1,1200,100,face,3,5,0.659528970718384,6,2,0.23939555654979072,0.5186355577714546,0.5631968961815299,0.09336831417511987,0.5386156810714,0.59728873338463
34,OnlineFPCA-sgd,0.1,1300,100,face,3,5,0.635194778442383,6,2,0.12368361496886861,0.49417933179532325,0.5121884721881317,0.057265674373395,0.5248837468131341,0.5674989214505053
34,OnlineFPCA-sgd,0.1,1400,100,face,3,5,0.638419628143311,6,2,0.08562941992990185,0.4707654057668441,0.526580243737753,0.05550608582427443,0.51261968729361,0.5491432748194895
34,OnlineFPCA-sgd,0.1,1500,100,face,3,5,0.642080307006836,6,2,0.781298618002342,0.7686686261855622,0.6769403517906024,0.0810689353286624,0.41400528888785626,0.45648128240182717
34,OnlineFPCA-sgd,0.1,1600,100,face,3,5,0.628878831863403,6,2,0.21846746512501972,0.6251525494454493,0.6125270001051136,0.10378937770714099,0.21033902285552933,0.2798195214887934
34,OnlineFPCA-sgd,0.1,1700,100,face,3,5,0.609544277191162,6,2,0.21280117693380687,0.6188612070741998,0.6104484610656375,0.11850322333085855,0.13027714709406193,0.21811372079777835
34,OnlineFPCA-sgd,0.1,1800,100,face,3,5,0.625693559646606,6,2,0.21044190113858713,0.6141247365764245,0.60716861209581,0.12968436520802776,0.138137706330198,0.21492206768425648
34,OnlineFPCA-sgd,0.1,1900,100,face,3,5,0.631505966186523,6,2,0.1939649664143763,0.6066482459938994,0.6051322431389485,0.13729304191738886,0.17559443001314323,0.2350847161707469
34,OnlineFPCA-sgd,0.1,2000,100,face,3,5,0.625893354415894,6,2,0.18856064442376783,0.6042105785116569,0.6041310705538497,0.14222866397433565,0.21385140623215057,0.2612810984115857
34,OnlineFPCA-sgd,0.1,2100,100,face,3,5,0.623640060424805,6,2,0.19788558730603442,0.47609345008525605,0.4663903970317168,0.13755419085562942,0.23351560800014495,0.27701256679759745
34,OnlineFPCA-sgd,0.1,2200,100,face,3,5,0.609406232833862,6,2,0.2822034014708817,0.475522438814227,0.49871913378741095,0.1277307381214419,0.2430706492186311,0.2903260613523765
34,OnlineFPCA-sgd,0.1,2300,100,face,3,5,0.625252246856689,6,2,0.2697493585794596,0.35785702788349627,0.3572432415760074,0.1197332032419678,0.24777508485880534,0.2983061179643417
34,OnlineFPCA-sgd,0.1,2400,100,face,3,5,0.600294828414917,6,2,0.30018903390053225,0.3893680225094212,0.3262948000501028,0.12037676975260198,0.2526939477624497,0.29989102230689807
34,OnlineFPCA-sgd,0.1,2500,100,face,3,5,0.606488227844238,6,2,0.2715427347493926,0.34649424164452436,0.36122312718397737,0.1199983405726892,0.25811679415729055,0.29779494610544727
34,OnlineFPCA-sgd,0.1,2600,100,face,3,5,0.601768255233765,6,2,0.22056538394239986,0.23083509998091395,0.37438377482801843,0.11932502142622728,0.25745821993816487,0.2972658076042434
34,OnlineFPCA-sgd,0.1,2700,100,face,3,5,0.608974695205688,6,2,0.2476653544734283,0.27695327448169643,0.29077876426756644,0.11237725410258087,0.25026593574664907,0.29544553747345537
34,OnlineFPCA-sgd,0.1,2800,100,face,3,5,0.602511882781982,6,2,0.21801163890906095,0.21529197680333265,0.30476295762885103,0.10489791766570186,0.2405429707636244,0.2910306751875181
34,OnlineFPCA-sgd,0.1,2900,100,face,3,5,0.603067636489868,6,2,0.2997603525094937,0.17754815739227772,0.3069614575548783,0.10164666833360543,0.23068340942763602,0.28684985600342067
34,OnlineFPCA-sgd,0.1,3000,100,face,3,5,0.602162837982178,6,2,0.16477231061990621,0.11328092374555215,0.2439245830924829,0.09518404908122408,0.2196256914792355,0.2818292833609428
34,OnlineFPCA-sgd,0.1,3100,100,face,3,5,0.604358434677124,6,2,0.21748753217481573,0.09133237312787691,0.17555598118975707,0.08903190645257501,0.21036173438623043,0.2751143920042199
34,OnlineFPCA-sgd,0.1,3200,100,face,3,5,0.62860631942749,6,2,0.2390768846370805,0.1422009038566677,0.2013577518235335,0.08504314834694696,0.2028166451044259,0.26902287126748153
34,OnlineFPCA-sgd,0.1,3300,100,face,3,5,0.589272499084473,6,2,0.30466374719369044,0.243872418159023,0.3655889757614071,0.08032808110850631,0.19558293221434592,0.26495864320297774
34,OnlineFPCA-sgd,0.1,3400,100,face,3,5,0.623274326324463,6,2,0.25174205382401577,0.20490655588820958,0.4425141118227798,0.07779566165490066,0.19221130690295216,0.2642707257687441
34,OnlineFPCA-sgd,0.1,3500,100,face,3,5,0.599555253982544,6,2,0.2572110877872828,0.21832158218763725,0.2956577035605166,0.07436805225040712,0.18846542675581823,0.2634236254306533
34,OnlineFPCA-sgd,0.1,3600,100,face,3,5,0.599762678146362,6,2,0.3320045000603013,0.18619540698917098,0.1877514454425504,0.06743676467944745,0.1809545546398725,0.2579876126053811
34,OnlineFPCA-sgd,0.1,3700,100,face,3,5,0.615029335021973,6,2,0.28936654071292733,0.2581755951468041,0.20244448431750395,0.06349576202623758,0.17724050952530737,0.25173986792711867
34,OnlineFPCA-sgd,0.1,3800,100,face,3,5,0.60684061050415,6,2,0.2986555559357842,0.2628851272507433,0.2352231292017758,0.06257316032501596,0.1749966488133674,0.2464437931955981
34,OnlineFPCA-sgd,0.1,3900,100,face,3,5,0.602810144424438,6,2,0.18973253899613604,0.3945043894404772,0.3126300499204974,0.058407353337331394,0.1735039902686585,0.24324118632601321
34,OnlineFPCA-sgd,0.1,4000,100,face,3,5,0.611614227294922,6,2,0.05466721095512898,0.17223358979412706,0.24572458448353307,0.05466721095512898,0.17223358979412706,0.24572458448353307
34,OnlineFPCA-sgd,0.1,4100,100,face,3,5,0.606178760528564,6,2,0.3063612190145792,0.23063586954099505,0.22024248916361266,0.19639468211959998,0.17149296180854687,0.2380795903593965
34,OnlineFPCA-sgd,0.1,4200,100,face,3,5,0.628344774246216,6,2,0.17321528212768977,0.20808608915950613,0.33745583167291787,0.16880868648352404,0.1670379210358889,0.23394566293063881
34,OnlineFPCA-sgd,0.1,4300,100,face,3,5,0.602200269699097,6,2,0.2623662346582327,0.22532139228747675,0.3441502253795488,0.09335808835187098,0.16797085496204975,0.25676499795419433
34,OnlineFPCA-sgd,0.1,4400,100,face,3,5,0.607598543167114,6,2,0.21099989559566548,0.1583589026799621,0.4455456462777008,0.06220911468136988,0.14662478990849276,0.29958268788073883
34,OnlineFPCA-sgd,0.1,4500,100,face,3,5,0.609852313995361,6,2,0.19669093034870666,0.27072118378600657,0.37708419494881296,0.05975489734438738,0.15304255572296022,0.30914963014984503
34,OnlineFPCA-sgd,0.1,4600,100,face,3,5,0.601156234741211,6,2,0.34547290752848164,0.23079572470727996,0.5044567188506109,0.07091620091831877,0.14789993241541172,0.3196490238516513
34,OnlineFPCA-sgd,0.1,4700,100,face,3,5,0.595629930496216,6,2,0.24437245005035757,0.33121862008800723,0.2770872980448188,0.06312362068040368,0.15587416666382847,0.3191697491380169
34,OnlineFPCA-sgd,0.1,4800,100,face,3,5,0.598943948745728,6,2,0.26479499667184797,0.2750843299607496,0.34452405095958805,0.052779813084862306,0.16978795870333588,0.30765202799549607
34,OnlineFPCA-sgd,0.1,4900,100,face,3,5,0.765387535095215,6,2,0.1590525688683672,0.2918858630519484,0.4082999551396665,0.05454684150165666,0.17768999738653501,0.3079477225697686
34,OnlineFPCA-sgd,0.1,5000,100,face,3,5,0.587486267089844,6,2,0.20913881200641243,0.24727427649685552,0.43803220704426993,0.053930594534521654,0.17974113877842934,0.3129965937594163
34,OnlineFPCA-sgd,0.1,5100,100,face,3,5,0.124264478683472,6,2,0.1762966601643507,0.22409062629690757,0.3226395542283256,0.05257106919726074,0.18003577419465608,0.31476686646598423
34,OnlineFPCA-sgd,0.1,5200,100,face,3,5,0.121031284332275,6,2,0.1641671030964893,0.28613631908281795,0.334514979540418,0.049263613997552545,0.1786384030255188,0.3090205772588059
34,OnlineFPCA-sgd,0.1,5300,100,face,3,5,0.123478651046753,6,2,0.1902582705752303,0.16806494615894144,0.25485008993349334,0.0552461461300229,0.1744619462784176,0.29739697366612833
34,OnlineFPCA-sgd,0.1,5400,100,face,3,5,0.125502586364746,6,2,0.18843545229920944,0.2220397557159842,0.3144167779422975,0.05860337336318615,0.16974981080826507,0.2948522443732403
34,OnlineFPCA-sgd,0.1,5500,100,face,3,5,0.123152494430542,6,2,0.3308916379298363,0.27946471871447087,0.3052773990813567,0.04749924492446481,0.16309436274242028,0.2915845272639629
34,OnlineFPCA-sgd,0.1,5600,100,face,3,5,0.124375343322754,6,2,0.2657867908458723,0.2935403850193713,0.1906207306466989,0.03721619671750385,0.15833176659208623,0.28685795268201036
34,OnlineFPCA-sgd,0.1,5700,100,face,3,5,0.125000238418579,6,2,0.17852425108995945,0.179443142745895,0.28046266194089575,0.03903287784953568,0.1564953930912007,0.2812119925419026
34,OnlineFPCA-sgd,0.1,5800,100,face,3,5,0.119325876235962,6,2,0.23256110989179948,0.15031201436932135,0.2677971563040985,0.03642597442414392,0.15421171146255505,0.275391752285699
34,OnlineFPCA-sgd,0.1,5900,100,face,3,5,0.123278141021729,6,2,0.2343485916864198,0.16904943496328476,0.3802777880311312,0.03657636471517746,0.15232728411739946,0.2743495798255307
34,OnlineFPCA-sgd,0.1,6000,100,face,3,5,0.118916988372803,6,2,0.2601910418864579,0.30224401462568373,0.4049723733739931,0.03311679343812281,0.14964238488126172,0.27661194285340623
34,OnlineFPCA-sgd,0.1,6100,100,face,3,5,0.131625413894653,6,2,0.21119281545255497,0.23227648269069423,0.43341984349109963,0.02831618357738712,0.1494621620047778,0.28091636785274376
34,OnlineFPCA-sgd,0.1,6200,100,face,3,5,0.125468730926514,6,2,0.44844370954752305,0.36454217655878346,0.42131795314893816,0.02702913256685173,0.1517428798943199,0.2870860846076665
34,OnlineFPCA-sgd,0.1,6300,100,face,3,5,0.123601913452148,6,2,0.2203448239091696,0.3093489438049595,0.38585501732496463,0.030835819063870108,0.1554273978467559,0.29137993316721345
34,OnlineFPCA-sgd,0.1,6400,100,face,3,5,0.135398626327515,6,2,0.1286765904667062,0.1981851448396461,0.5066780366740017,0.031156079955964908,0.1554809784735287,0.2969492547096033
34,OnlineFPCA-sgd,0.1,6500,100,face,3,5,0.130941867828369,6,2,0.2880471116434091,0.20782489255036823,0.412814584117673,0.02819195069348766,0.15329339267432407,0.302114721045636
34,OnlineFPCA-sgd,0.1,6600,100,face,3,5,0.121857166290283,6,2,0.2437027411471877,0.1999136759726328,0.30609137565343836,0.026771726352519485,0.15116584499427,0.3023908248267818
34,OnlineFPCA-sgd,0.1,6700,100,face,3,5,0.12728476524353,6,2,0.25925271935777366,0.2234240683004526,0.3663572276179878,0.024809702551919353,0.14916259609871768,0.30314813219483167
34,OnlineFPCA-sgd,0.1,6800,100,face,3,5,0.119073629379272,6,2,0.26497977891715335,0.3725960280018243,0.23558307818222088,0.022235610043423493,0.14714705831133812,0.3038631399196342
34,OnlineFPCA-sgd,0.1,6900,100,face,3,5,0.1281578540802,6,2,0.1469033356121242,0.13311400442390312,0.2955207846826988,0.023069200053611256,0.14426761869713392,0.2998184169650173
34,OnlineFPCA-sgd,0.1,7000,100,face,3,5,0.126330375671387,6,2,0.26110244781785386,0.2782820046015256,0.19067015894794712,0.02389686547208635,0.1419575042528998,0.2960095138882
34,OnlineFPCA-sgd,0.1,7100,100,face,3,5,0.1229567527771,6,2,0.29210068514322424,0.24385708139704887,0.22132930441446658,0.022312242328488704,0.13935690603027448,0.2900040447672302
34,OnlineFPCA-sgd,0.1,7200,100,face,3,5,0.127831697463989,6,2,0.19561242859732855,0.26200138817932656,0.26264070121037014,0.02099707285881604,0.1367836820129999,0.28514404576468944
34,OnlineFPCA-sgd,0.1,7300,100,face,3,5,0.12078595161438,6,2,0.253041200435194,0.18042894456012717,0.28514409370346194,0.019043494923943867,0.1347258055984241,0.2828398791182143
34,OnlineFPCA-sgd,0.1,7400,100,face,3,5,0.128129005432129,6,2,0.2104587338648987,0.1958511489480764,0.17344256835576002,0.01688999774394169,0.1308612926235852,0.27950571394287316
34,OnlineFPCA-sgd,0.1,7500,100,face,3,5,0.123419761657715,6,2,0.20879494263356305,0.20676900776762677,0.24835780225697762,0.014984946938185256,0.12772739066267264,0.27443784008221017
34,OnlineFPCA-sgd,0.1,7600,100,face,3,5,0.124622344970703,6,2,0.19877949993941194,0.1617649238790431,0.27640756107824843,0.013589024834722827,0.12407101272586885,0.2704921228275819
34,OnlineFPCA-sgd,0.1,7700,100,face,3,5,0.125016450881958,6,2,0.1806776486408949,0.17366639129679126,0.19130574357051272,0.012845223534756683,0.12030434437424062,0.26636240058141947
34,OnlineFPCA-sgd,0.1,7800,100,face,3,5,0.121022462844849,6,2,0.14615795436596626,0.21862406164297843,0.2127260592852402,0.012758843042378808,0.11627766700232993,0.2615107802451606
34,OnlineFPCA-sgd,0.1,7900,100,face,3,5,0.12784743309021,6,2,0.27971436589885545,0.22129615852821824,0.18972806965916034,0.011938961091307362,0.1123463631683147,0.2576784316223975
34,OnlineFPCA-sgd,0.1,8000,100,face,3,5,0.124833583831787,6,2,0.17536554985594366,0.21624432457708326,0.20088654502381795,0.012092671265676303,0.10968633649551875,0.25374270413702327
34,OnlineFPCA-sgd,0.1,8100,100,face,3,5,0.125051259994507,6,2,0.16873933344913827,0.15321356470800845,0.12432140247167703,0.011192814883747135,0.10689568534447476,0.24871237878928196
34,OnlineFPCA-sgd,0.1,8200,100,face,3,5,0.130637884140015,6,2,0.26632137266344147,0.09031816438900024,0.13922879476287087,0.011255727649136231,0.10362347272170742,0.2435625563967005
34,OnlineFPCA-sgd,0.1,8300,100,face,3,5,0.122125625610352,6,2,0.2072489705409379,0.21885355994344044,0.26889994054819794,0.012887435442175885,0.09963014013896605,0.23819767541235257
34,OnlineFPCA-sgd,0.1,8400,100,face,3,5,0.131736755371094,6,2,0.17018622284817536,0.1683156999667169,0.34228704248925357,0.013421556472365575,0.09873646921335423,0.23563541983144856
34,OnlineFPCA-sgd,0.1,8500,100,face,3,5,0.135117292404175,6,2,0.21125345423111477,0.17293419102204807,0.28951235141871423,0.015793856470327085,0.09759152726606157,0.23376493028999476
34,OnlineFPCA-sgd,0.1,8600,100,face,3,5,0.142546653747559,6,2,0.2180575018474222,0.10841451453285386,0.15542883447557834,0.015878583444070192,0.0956948988228212,0.23144249141825865
34,OnlineFPCA-sgd,0.1,8700,100,face,3,5,0.156844615936279,6,2,0.2124522075559944,0.1738284969365364,0.11785729292094038,0.01706968429668977,0.09420693557648167,0.22828907834598972
34,OnlineFPCA-sgd,0.1,8800,100,face,3,5,0.141804456710815,6,2,0.16129196063259624,0.2071998706747559,0.17536098684479434,0.01772440245233381,0.09355300285788183,0.22492332161999512
34,OnlineFPCA-sgd,0.1,8900,100,face,3,5,0.156668424606323,6,2,0.18006234154777606,0.3283921324436277,0.2426866287536261,0.01860537497097373,0.09431489633741179,0.222397471702819
34,OnlineFPCA-sgd,0.1,9000,100,face,3,5,0.163453340530396,6,2,0.2523196189621956,0.19624501967344424,0.2957946103784999,0.018107501195862647,0.09452676718303349,0.2227003222272534
34,OnlineFPCA-sgd,0.1,9100,100,face,3,5,0.141792774200439,6,2,0.2714771001374123,0.18346450178633372,0.24407398906113228,0.019477100009947314,0.09447777355263771,0.223213180865208
34,OnlineFPCA-sgd,0.1,9200,100,face,3,5,0.141521692276001,6,2,0.14523162228536118,0.16311179472103274,0.28955468679576657,0.021596312093214658,0.09464480813154783,0.22232642169041283
34,OnlineFPCA-sgd,0.1,9300,100,face,3,5,0.14035177230835,6,2,0.23124774901987472,0.18439751367357285,0.29414674313161937,0.022287276401681797,0.09453713630394331,0.2231034086338596
34,OnlineFPCA-sgd,0.1,9400,100,face,3,5,0.367683410644531,6,2,0.14621630529595017,0.1453799965826493,0.393455149867206,0.021830646598619,0.09471647172285716,0.2258941300648443
34,OnlineFPCA-sgd,0.1,9500,100,face,3,5,0.140452146530151,6,2,0.16417182868173297,0.2326836197111517,0.32734855922356787,0.023179250886412605,0.09483752920214154,0.2277348541239318
34,OnlineFPCA-sgd,0.1,9600,100,face,3,5,0.1452796459198,6,2,0.304247931768825,0.17842498174375665,0.4385130015885732,0.024826797058486488,0.09425784097501198,0.22980815615514316
34,OnlineFPCA-sgd,0.1,9700,100,face,3,5,0.145693063735962,6,2,0.1852189801078084,0.2527626584309927,0.23905281537922599,0.024884128861883265,0.09565532537722257,0.23132261638083573
34,OnlineFPCA-sgd,0.1,9800,100,face,3,5,0.130638837814331,6,2,0.21359999885822994,0.22531346044197767,0.29090366079349184,0.023864147412393136,0.09664822570361781,0.23101765790070164
34,OnlineFPCA-sgd,0.1,9900,100,face,3,5,0.140921592712402,6,2,0.14505730199276906,0.21254618891905813,0.3563401412292334,0.024137244985375284,0.0974536349515496,0.23163708990309484
34,OnlineFPCA-sgd,0.1,10000,100,face,3,5,0.126738786697388,6,2,0.18125613778367503,0.1944231271839943,0.3926571447574572,0.02454794375510253,0.09762340460671053,0.2326560127616712
34,OnlineFPCA-sgd,0.1,10100,100,face,3,5,0.125350475311279,6,2,0.11960099564753461,0.17446980767730633,0.30267995719796625,0.025048234482115697,0.09777654448247616,0.2334920076829839
34,OnlineFPCA-sgd,0.1,10200,100,face,3,5,0.124827146530151,6,2,0.14877185487549038,0.21234863964040118,0.26764693738290063,0.025399282843651356,0.09765132835697227,0.23383808910021014
34,OnlineFPCA-sgd,0.1,10300,100,face,3,5,0.125571489334106,6,2,0.13468723568110103,0.15831424099526975,0.21003174938094576,0.026159623067084876,0.09753604293524258,0.2330461900383798
34,OnlineFPCA-sgd,0.1,10400,100,face,3,5,0.128216981887817,6,2,0.14298550834475152,0.1770453508283756,0.27016883169354305,0.026955355185287574,0.0973778783855689,0.2331540877972491
34,OnlineFPCA-sgd,0.1,10500,100,face,3,5,0.129395723342896,6,2,0.26333035869449256,0.19435414868909054,0.2810852207918577,0.02535603081402862,0.09657696519989684,0.23309902992343753
34,OnlineFPCA-sgd,0.1,10600,100,face,3,5,0.12572979927063,6,2,0.2371162713099389,0.2347438564784123,0.19374159894024223,0.022935608627266974,0.09610205344447602,0.232867252787714
34,OnlineFPCA-sgd,0.1,10700,100,face,3,5,0.127894163131714,6,2,0.22610478682089014,0.13964973891942617,0.2590763156843757,0.02334226487795858,0.0960357171252859,0.2323125238101183
34,OnlineFPCA-sgd,0.1,10800,100,face,3,5,0.119651317596436,6,2,0.2112519051655557,0.14387397451517941,0.2554426599743344,0.02253863709102673,0.09636940973026033,0.23166046146862465
34,OnlineFPCA-sgd,0.1,10900,100,face,3,5,0.128418207168579,6,2,0.18828401398350877,0.1496044573194552,0.32670367617834634,0.022706362451463513,0.09632935085159697,0.23166585245169805
34,OnlineFPCA-sgd,0.1,11000,100,face,3,5,0.127360820770264,6,2,0.22808858905914703,0.23520822644154762,0.35767214008114473,0.02196424946011372,0.0962407044693538,0.23254674649432508
34,OnlineFPCA-sgd,0.1,11100,100,face,3,5,0.123255729675293,6,2,0.18009814800127472,0.19156480853605196,0.38320979624156215,0.02075517148411643,0.0965971852960752,0.23389315107406394
34,OnlineFPCA-sgd,0.1,11200,100,face,3,5,0.121721267700195,6,2,0.37199898389643204,0.2964106779528942,0.35427466868318336,0.020459629705402455,0.09733718626725653,0.23534455550195546
34,OnlineFPCA-sgd,0.1,11300,100,face,3,5,0.123486995697021,6,2,0.19549177039768162,0.2621570606866795,0.3293444038242652,0.022386614565547785,0.098964299880012,0.23637161964490128
34,OnlineFPCA-sgd,0.1,11400,100,face,3,5,0.123610019683838,6,2,0.07432950291967333,0.1508534507537716,0.434917192399147,0.02252441709470959,0.09978762615166109,0.23803816438210704
34,OnlineFPCA-sgd,0.1,11500,100,face,3,5,0.125431776046753,6,2,0.2553150898534162,0.1700739101932805,0.3610152069526778,0.022145776884574316,0.09983593363119944,0.23988262022835652
34,OnlineFPCA-sgd,0.1,11600,100,face,3,5,0.120286703109741,6,2,0.191693435301548,0.16611818919956098,0.2945791318549427,0.022317117149189693,0.09968408877613154,0.24042175234322713
34,OnlineFPCA-sgd,0.1,11700,100,face,3,5,0.126567840576172,6,2,0.20583724992476427,0.18292901395584976,0.3462371097347979,0.021815739546951898,0.09959245085512128,0.24122735550593322
34,OnlineFPCA-sgd,0.1,11800,100,face,3,5,0.122025012969971,6,2,0.2277161305759189,0.29938151293202353,0.24632328906130294,0.02120248701172215,0.0996223320394767,0.24210245032249225
34,OnlineFPCA-sgd,0.1,11900,100,face,3,5,0.123480319976807,6,2,0.11668235642471086,0.12228164976584978,0.2992788726336264,0.021110844855978785,0.09925681089648719,0.24190585284175697
34,OnlineFPCA-sgd,0.1,12000,100,face,3,5,0.131892204284668,6,2,0.22555724659862503,0.23728701373887048,0.2301629057731796,0.020981873319224166,0.09911794879006294,0.2418634946033461
34,OnlineFPCA-sgd,0.1,12100,100,face,3,5,0.128931045532227,6,2,0.22410562370681192,0.21529285918545962,0.2242923371758581,0.020392858729964155,0.09885434379065404,0.24090815649632544
34,OnlineFPCA-sgd,0.1,12200,100,face,3,5,0.128816843032837,6,2,0.14801287067534574,0.2408099132216918,0.2413383905376403,0.020618321361970563,0.09859920207056187,0.23992244937316018
34,OnlineFPCA-sgd,0.1,12300,100,face,3,5,0.121599435806274,6,2,0.20853460928962875,0.17646318294521754,0.2621440682168884,0.019961048857920542,0.09837637352283558,0.23961766842609858
34,OnlineFPCA-sgd,0.1,12400,100,face,3,5,0.137038469314575,6,2,0.16796754526283256,0.15229165531479708,0.17771508131753858,0.01926150750484984,0.09749674831706086,0.23905573774511615
34,OnlineFPCA-sgd,0.1,12500,100,face,3,5,0.13135814666748,6,2,0.17656079528269053,0.17442599071208506,0.2414251378270014,0.01874957225718498,0.09671890449865468,0.2379381206370074
34,OnlineFPCA-sgd,0.1,12600,100,face,3,5,0.122020244598389,6,2,0.16589617515264066,0.13877594467911175,0.2667523748430114,0.01817805406800926,0.09561920906223369,0.23724066537922225
34,OnlineFPCA-sgd,0.1,12700,100,face,3,5,0.128268241882324,6,2,0.1736712037350995,0.1542815856399494,0.19573598309024684,0.01772821230804023,0.09447539865870408,0.23640714498235574
34,OnlineFPCA-sgd,0.1,12800,100,face,3,5,0.120408535003662,6,2,0.11463300571221628,0.17020085004294777,0.2168056471745575,0.0175450489478391,0.09314973963738236,0.23510464414389468
34,OnlineFPCA-sgd,0.1,12900,100,face,3,5,0.131976842880249,6,2,0.1920525712468859,0.18088415046308942,0.19226695355992432,0.017189044682519163,0.09202303873792556,0.23418385933316863
34,OnlineFPCA-sgd,0.1,13000,100,face,3,5,0.123983383178711,6,2,0.1663078644623195,0.19445245148913926,0.19083754199998285,0.016928799105611222,0.09136905260883696,0.23304397887956124
34,OnlineFPCA-sgd,0.1,13100,100,face,3,5,0.140501499176025,6,2,0.14004536059557612,0.14031745661857764,0.10061571728098172,0.016371026913453907,0.09066162702815313,0.23134794575429085
34,OnlineFPCA-sgd,0.1,13200,100,face,3,5,0.131823301315308,6,2,0.2377125613377484,0.061831564661847305,0.11644463001187441,0.016052128149511468,0.08964284970942532,0.2294139056132876
34,OnlineFPCA-sgd,0.1,13300,100,face,3,5,0.131957769393921,6,2,0.1596869068944014,0.19632865764245533,0.21763889368735903,0.01668032029489421,0.08808547186133815,0.22723422364251183
34,OnlineFPCA-sgd,0.1,13400,100,face,3,5,0.129205703735352,6,2,0.1416963806610083,0.15381846949267441,0.28351202973647416,0.01692125567839169,0.08767026806056015,0.22608638974832848
34,OnlineFPCA-sgd,0.1,13500,100,face,3,5,0.134911298751831,6,2,0.18613596531217058,0.15071901834745657,0.26423304369512707,0.017854938704245052,0.08730457282933624,0.22524889274459514
34,OnlineFPCA-sgd,0.1,13600,100,face,3,5,0.127752304077148,6,2,0.163439945558602,0.08067956079005885,0.15933288414631555,0.01781820012344689,0.08668155758018617,0.22428250425600388
34,OnlineFPCA-sgd,0.1,13700,100,face,3,5,0.132715463638306,6,2,0.1687134830599206,0.13508681068936004,0.10861984137979988,0.01844928762125182,0.08610023562278762,0.22292330977803307
34,OnlineFPCA-sgd,0.1,13800,100,face,3,5,0.133991956710815,6,2,0.12380203832285507,0.1701017243075567,0.15219544397745513,0.01862008271745367,0.08576369301150098,0.22134479220165143
34,OnlineFPCA-sgd,0.1,13900,100,face,3,5,0.137179851531982,6,2,0.1705404825603298,0.2968837767019375,0.2150648344906636,0.01913962416723709,0.08617606870656325,0.2200750935865395
34,OnlineFPCA-sgd,0.1,14000,100,face,3,5,0.128240346908569,6,2,0.229872782302215,0.18794285259694682,0.2626125926876336,0.019040069556991463,0.08632988302708183,0.2199125573719586
34,OnlineFPCA-sgd,0.1,14100,100,face,3,5,0.127323150634766,6,2,0.2465865033435627,0.16746101384965292,0.2173500709406945,0.01964653818464778,0.08628672744967507,0.21996640349031465
34,OnlineFPCA-sgd,0.1,14200,100,face,3,5,0.13200569152832,6,2,0.13898825646627538,0.13964284076735117,0.2499970230518244,0.02061421380740181,0.08625723136182581,0.21943737550204978
34,OnlineFPCA-sgd,0.1,14300,100,face,3,5,0.131808757781982,6,2,0.2098752338963389,0.16271144288539272,0.2662834145764227,0.020979867696059286,0.08606376251078732,0.21961204121025785
34,OnlineFPCA-sgd,0.1,14400,100,face,3,5,0.130374908447266,6,2,0.130907293311501,0.1256206506261181,0.35406392736724307,0.020835745142366607,0.08608150751803555,0.2206777189812421
34,OnlineFPCA-sgd,0.1,14500,100,face,3,5,0.128119468688965,6,2,0.15028625009259983,0.2060501576517578,0.3002687461019102,0.021601040213678226,0.08610710470629111,0.22142620726823514
34,OnlineFPCA-sgd,0.1,14600,100,face,3,5,0.1320481300354,6,2,0.2795620094839938,0.14604286129696684,0.3914367848099579,0.022435861794264992,0.08574735542608433,0.22229382463620898
34,OnlineFPCA-sgd,0.1,14700,100,face,3,5,0.127315998077393,6,2,0.15537681992241123,0.2104544949532612,0.2182754696980269,0.0226193846782429,0.08626093540539152,0.22292499467523957
34,OnlineFPCA-sgd,0.1,14800,100,face,3,5,0.134885549545288,6,2,0.18298364763575375,0.19731954045988612,0.2613854492985342,0.02211758185143044,0.08652955717233345,0.22272203496167436
34,OnlineFPCA-sgd,0.1,14900,100,face,3,5,0.135208129882812,6,2,0.1415124140479151,0.1845383918418489,0.3217151381823883,0.022195157443089683,0.08672576633597105,0.22289954411018514
34,OnlineFPCA-sgd,0.1,15000,100,face,3,5,0.130030393600464,6,2,0.16677366424194862,0.168793043588417,0.3603729278038919,0.022394920080845353,0.08667868442496411,0.22326871849307048
34,OnlineFPCA-sgd,0.1,0,100,face,3,5,6.49993443489075,6,3,0.1928146832635463,0.4385400960163578,0.4288529981360048,0.1928146832635463,0.4385400960163578,0.4288529981360048
34,OnlineFPCA-sgd,0.1,100,100,face,3,5,0.42526912689209,6,3,1.0127973496567957,1.4329981765224804,1.4388159450362212,NA,NA,NA
34,OnlineFPCA-sgd,0.1,200,100,face,3,5,0.438549280166626,6,3,0.2925732296409958,0.5125885381437202,0.8658763248059799,NA,NA,NA
34,OnlineFPCA-sgd,0.1,300,100,face,3,5,0.460941076278687,6,3,0.29411824553800986,0.447695948843361,0.5845695774201282,NA,NA,NA
34,OnlineFPCA-sgd,0.1,400,100,face,3,5,0.45206356048584,6,3,0.5896052753124893,0.2729441932384616,0.3255002195551344,NA,NA,NA
34,OnlineFPCA-sgd,0.1,500,100,face,3,5,0.44639778137207,6,3,0.6904841529189196,0.32699676581374887,0.48896132474661963,NA,NA,NA
34,OnlineFPCA-sgd,0.1,600,100,face,3,5,0.453946352005005,6,3,0.6231844016612983,0.3212839763903101,0.48790186882766845,NA,NA,NA
34,OnlineFPCA-sgd,0.1,700,100,face,3,5,0.439242362976074,6,3,0.562820507403141,0.32208157282643646,0.4919274526796865,NA,NA,NA
34,OnlineFPCA-sgd,0.1,800,100,face,3,5,0.458419799804688,6,3,0.5247288740101803,0.3150606439075952,0.4911802209438641,NA,NA,NA
34,OnlineFPCA-sgd,0.1,900,100,face,3,5,0.444936513900757,6,3,0.3865043894782726,0.3074495944167268,0.43028025073264664,NA,NA,NA
34,OnlineFPCA-sgd,0.1,1000,100,face,3,5,0.444547891616821,6,3,0.3487571672128709,0.3029071154934049,0.4232796761592165,NA,NA,NA
34,OnlineFPCA-sgd,0.1,1100,100,face,3,5,0.616925477981567,6,3,0.2234356217791344,0.25410918864551146,0.31360405281356435,0.19425850874054124,0.28772060671866584,0.3678682210808502
34,OnlineFPCA-sgd,0.1,1200,100,face,3,5,0.604442834854126,6,3,0.20345216091305532,0.22126280464643852,0.29096629697906967,0.13544808153941865,0.24879541042017844,0.3239438803292413
34,OnlineFPCA-sgd,0.1,1300,100,face,3,5,0.801607131958008,6,3,0.27270589423043695,0.1632230704748404,0.23600627100756177,0.06584687841674364,0.19606638728563092,0.2826323611749557
34,OnlineFPCA-sgd,0.1,1400,100,face,3,5,0.650203227996826,6,3,0.1510850004031709,0.20060966324528534,0.3037104152923216,0.06079986974306727,0.18647545276870972,0.2800817106167405
34,OnlineFPCA-sgd,0.1,1500,100,face,3,5,0.642298460006714,6,3,0.16724532456281058,0.14760851457210938,0.3059110103144969,0.041387652234878336,0.1777278582527541,0.28278260421380336
34,OnlineFPCA-sgd,0.1,1600,100,face,3,5,0.643692255020142,6,3,0.07376312764948288,0.1339747017707411,0.27155265791140754,0.03068589031687229,0.1703684590147831,0.2759373338869262
34,OnlineFPCA-sgd,0.1,1700,100,face,3,5,0.631380558013916,6,3,0.07508175353541907,0.12110816385230502,0.2948759634320667,0.02814702466499821,0.1630026448398148,0.2816595214757574
34,OnlineFPCA-sgd,0.1,1800,100,face,3,5,0.644483327865601,6,3,0.07590317428885947,0.11738996270430914,0.28128053424692245,0.02786667520685512,0.1572481840520452,0.28115535416848786
34,OnlineFPCA-sgd,0.1,1900,100,face,3,5,0.65324068069458,6,3,0.06864290780484032,0.1192273617311413,0.268382748661838,0.02707251795164739,0.15452700614909437,0.2691423219551699
34,OnlineFPCA-sgd,0.1,2000,100,face,3,5,0.646666765213013,6,3,0.07573232584139278,0.12641219584576938,0.2518170926546122,0.02912166326987406,0.1510048920191661,0.2674077306445352
34,OnlineFPCA-sgd,0.1,2100,100,face,3,5,0.631338834762573,6,3,0.249639354435944,0.2434310168052152,0.3068936552916585,0.028416034062093656,0.14318949950073115,0.26396986655047666
34,OnlineFPCA-sgd,0.1,2200,100,face,3,5,0.698360919952393,6,3,0.2247855650973561,0.23255636873660376,0.35788238868298067,0.013549954407647377,0.13957447220154934,0.26129089131976363
34,OnlineFPCA-sgd,0.1,2300,100,face,3,5,0.664676666259766,6,3,0.2894699736966151,0.22178154279886308,0.33525269623795023,0.015521064949499458,0.13369905534279836,0.26259966038783633
34,OnlineFPCA-sgd,0.1,2400,100,face,3,5,0.646177291870117,6,3,0.2501932876415517,0.2349087892246303,0.2029298250324548,0.01395671059486637,0.13105224045144814,0.2560520557759096
34,OnlineFPCA-sgd,0.1,2500,100,face,3,5,0.652669668197632,6,3,0.24688581022964048,0.2217725387178521,0.20481404816609944,0.01841918947990235,0.1276288760497293,0.24376402215852236
34,OnlineFPCA-sgd,0.1,2600,100,face,3,5,0.662558078765869,6,3,0.2254923407579042,0.18561856662830847,0.32197996149030195,0.019357455308191038,0.12466859098382084,0.23426930051718975
34,OnlineFPCA-sgd,0.1,2700,100,face,3,5,0.643927097320557,6,3,0.19167423613705864,0.2519504478485966,0.33823623732921165,0.019981452592331885,0.12300202996144473,0.23454161209650326
34,OnlineFPCA-sgd,0.1,2800,100,face,3,5,0.678216218948364,6,3,0.1721606702305299,0.24643135611229397,0.3476021893444188,0.019618477639634806,0.11964783047433429,0.2312344562555957
34,OnlineFPCA-sgd,0.1,2900,100,face,3,5,0.660313844680786,6,3,0.36440429700249605,0.2831701337649894,0.21559130388291936,0.021391279796404802,0.1222098043635057,0.22905832597822595
34,OnlineFPCA-sgd,0.1,3000,100,face,3,5,0.66178297996521,6,3,0.20052997701958564,0.2692915107251131,0.2727739382601627,0.02338732469839901,0.12347468675539701,0.2269241421098748
34,OnlineFPCA-sgd,0.1,3100,100,face,3,5,0.67004656791687,6,3,0.19694943379444124,0.21248929017937274,0.15834234536591274,0.0220244834452602,0.1252760892140934,0.2229241475055648
34,OnlineFPCA-sgd,0.1,3200,100,face,3,5,0.66265869140625,6,3,0.3032815501732847,0.12163645445359843,0.15714650178639267,0.022932413676991795,0.12342414848342667,0.21687326554130595
34,OnlineFPCA-sgd,0.1,3300,100,face,3,5,0.67659592628479,6,3,0.24410632480689545,0.2861379016944352,0.36745527068560974,0.023027941912068067,0.12163298917666271,0.2104515157104959
34,OnlineFPCA-sgd,0.1,3400,100,face,3,5,0.673477411270142,6,3,0.2290165507394731,0.22865691834999993,0.38518217962400103,0.022228231068726092,0.12004600368189142,0.20934456314766478
34,OnlineFPCA-sgd,0.1,3500,100,face,3,5,0.680715799331665,6,3,0.2615750273478742,0.21712734596918046,0.33872298783347715,0.025529610064758495,0.11734052762965047,0.20950245698537634
34,OnlineFPCA-sgd,0.1,3600,100,face,3,5,0.657893180847168,6,3,0.292651601027616,0.14797205961025875,0.21849989045888182,0.023469527791225825,0.11505967229310841,0.20773668588166133
34,OnlineFPCA-sgd,0.1,3700,100,face,3,5,0.640584945678711,6,3,0.25907351162724285,0.23063494389345932,0.14605342098020083,0.02315197214469927,0.10740018124277763,0.20020376851185262
34,OnlineFPCA-sgd,0.1,3800,100,face,3,5,0.654331207275391,6,3,0.21127521569187266,0.2903159798703786,0.15850313085960285,0.023682880275779493,0.1015243502938025,0.19331960535331347
34,OnlineFPCA-sgd,0.1,3900,100,face,3,5,0.653345108032227,6,3,0.1975773331245093,0.3900074079468633,0.28483206458203947,0.02426747800100349,0.09714431226578324,0.18970258601281162
34,OnlineFPCA-sgd,0.1,4000,100,face,3,5,0.622787475585938,6,3,0.02057893147895041,0.0924325243749579,0.190964066443945,0.02057893147895041,0.0924325243749579,0.190964066443945
34,OnlineFPCA-sgd,0.1,4100,100,face,3,5,0.609383821487427,6,3,0.2765210637378787,0.18854228719364893,0.12471280389135893,0.18350119897573716,0.09723266614224145,0.15648866893450358
34,OnlineFPCA-sgd,0.1,4200,100,face,3,5,0.610243797302246,6,3,0.17340666947491987,0.14737373116625468,0.2166088163164179,0.16900247050623066,0.09848626333479259,0.13112521906587923
34,OnlineFPCA-sgd,0.1,4300,100,face,3,5,0.616142272949219,6,3,0.2757589871407081,0.18604533542230178,0.28698428022736555,0.09614233831536892,0.11282027666247135,0.15594227983440856
34,OnlineFPCA-sgd,0.1,4400,100,face,3,5,0.616682529449463,6,3,0.16937562708329848,0.15193411189483444,0.497102930061051,0.06559612858020153,0.10288139849766235,0.23487456207128785
34,OnlineFPCA-sgd,0.1,4500,100,face,3,5,0.607963085174561,6,3,0.19788961642521452,0.25122960235394465,0.33412693610839483,0.06563010594899135,0.11159790317302429,0.2682254604019738
34,OnlineFPCA-sgd,0.1,4600,100,face,3,5,0.613921880722046,6,3,0.34675336664728174,0.16246346643618212,0.44234190140044166,0.07883087691420036,0.1038274691878883,0.2786775689313096
34,OnlineFPCA-sgd,0.1,4700,100,face,3,5,0.612016916275024,6,3,0.2327632177392159,0.2487193936259774,0.18014228623087258,0.0730354567547764,0.0878658498726526,0.27191869305495187
34,OnlineFPCA-sgd,0.1,4800,100,face,3,5,0.601599931716919,6,3,0.2455940560722657,0.2324419228347712,0.2836383006774666,0.06175108103475236,0.09116747649437562,0.25882469892760296
34,OnlineFPCA-sgd,0.1,4900,100,face,3,5,0.60558819770813,6,3,0.154911019868688,0.2010539245562944,0.38421317678972217,0.06218232243270955,0.10021251101570684,0.2586964211004669
34,OnlineFPCA-sgd,0.1,5000,100,face,3,5,0.633754014968872,6,3,0.19648656918355184,0.18466193518352117,0.43219073462252133,0.06174863245007181,0.1021519162537299,0.26659819335206714
34,OnlineFPCA-sgd,0.1,5100,100,face,3,5,0.132526397705078,6,3,0.1349579468439587,0.12349953845145559,0.3116397746513588,0.05958471415730681,0.10133007667889779,0.2693992659925868
34,OnlineFPCA-sgd,0.1,5200,100,face,3,5,0.129897594451904,6,3,0.1824616271650658,0.20141174435121384,0.23974825995871543,0.05618360079376041,0.10352149490914596,0.26288366402524493
34,OnlineFPCA-sgd,0.1,5300,100,face,3,5,0.130627632141113,6,3,0.16193806307560096,0.15024820556139007,0.18293423150830035,0.05860176981483908,0.10566927739198387,0.25030018125507086
34,OnlineFPCA-sgd,0.1,5400,100,face,3,5,0.128337383270264,6,3,0.17556113289444164,0.17691563071294317,0.274955578677838,0.06094552585915172,0.10035715737866757,0.24661042769956554
34,OnlineFPCA-sgd,0.1,5500,100,face,3,5,0.125748872756958,6,3,0.30133320039607514,0.21814039934948162,0.2976479062433308,0.05011749860594051,0.08677882018105401,0.24457705823286358
34,OnlineFPCA-sgd,0.1,5600,100,face,3,5,0.133877992630005,6,3,0.25976334848675964,0.24435918190511202,0.24042725750239727,0.03919140687672885,0.06723320021400496,0.24214500786478851
34,OnlineFPCA-sgd,0.1,5700,100,face,3,5,0.124174118041992,6,3,0.21869283934439224,0.1398772844822315,0.31585319485235563,0.040107928420661,0.05890590979295377,0.23792096310517236
34,OnlineFPCA-sgd,0.1,5800,100,face,3,5,0.135976314544678,6,3,0.24890702721678104,0.1596899107390493,0.3648643912823116,0.036937355610566824,0.04709634250250472,0.2359663189926232
34,OnlineFPCA-sgd,0.1,5900,100,face,3,5,0.130338430404663,6,3,0.20807355163019514,0.15265404599109295,0.4202538340074447,0.0366870187787584,0.04215147252787121,0.2385352628933639
34,OnlineFPCA-sgd,0.1,6000,100,face,3,5,0.13802433013916,6,3,0.24670207814487688,0.30907309839715597,0.4153939970287543,0.032885867530814135,0.04037909887076861,0.2444196063556391
34,OnlineFPCA-sgd,0.1,6100,100,face,3,5,0.131399393081665,6,3,0.17809412658663612,0.24586390852547008,0.43167282085640957,0.02752296109502749,0.04472157137540221,0.24995424688831813
34,OnlineFPCA-sgd,0.1,6200,100,face,3,5,0.135982275009155,6,3,0.4056885886963276,0.29304522188666643,0.42660141161211135,0.025588006815743292,0.04984750727295898,0.25602017448753417
34,OnlineFPCA-sgd,0.1,6300,100,face,3,5,0.147250652313232,6,3,0.2047633794549729,0.27976661646451234,0.3765967262991356,0.030568118163779443,0.05496604958378208,0.2600561898961526
34,OnlineFPCA-sgd,0.1,6400,100,face,3,5,0.141122341156006,6,3,0.09930496271708175,0.17653782404242035,0.49352567164834354,0.031204915392107173,0.057665692044923174,0.265893943769173
34,OnlineFPCA-sgd,0.1,6500,100,face,3,5,0.131077527999878,6,3,0.28359890739452825,0.17439814249008342,0.3913602669821787,0.029483070412146394,0.0558092857469339,0.27262459907196873
34,OnlineFPCA-sgd,0.1,6600,100,face,3,5,0.136337518692017,6,3,0.20479616446939786,0.1885246886833633,0.3164239059390547,0.02935599607003211,0.053211274958429845,0.27387146288761127
34,OnlineFPCA-sgd,0.1,6700,100,face,3,5,0.125689029693604,6,3,0.22953379576063876,0.18916118666194812,0.3720177724913933,0.027833283528042936,0.052279039847582746,0.27526513548178067
34,OnlineFPCA-sgd,0.1,6800,100,face,3,5,0.137499094009399,6,3,0.2575613783077984,0.3251404450502882,0.25044584818962545,0.025648430133075557,0.050915382479491116,0.27721372224334284
34,OnlineFPCA-sgd,0.1,6900,100,face,3,5,0.151341915130615,6,3,0.12390004486396665,0.135145729773171,0.29334631488398777,0.02578509148930268,0.050519093523805896,0.27514649652211365
34,OnlineFPCA-sgd,0.1,7000,100,face,3,5,0.123754024505615,6,3,0.24542858206639076,0.2766923068120535,0.21955401926887178,0.026225047099777184,0.05354671989784534,0.2730970831295471
34,OnlineFPCA-sgd,0.1,7100,100,face,3,5,0.141257524490356,6,3,0.26841879223101084,0.24401355021493962,0.24098470177360742,0.024666117934297422,0.05302331029217391,0.26833453577299576
34,OnlineFPCA-sgd,0.1,7200,100,face,3,5,0.121652364730835,6,3,0.1758314006399557,0.31793513854273203,0.2581969631489928,0.02357354932997869,0.053288264898046916,0.2643977796302998
34,OnlineFPCA-sgd,0.1,7300,100,face,3,5,0.139228820800781,6,3,0.230813477713757,0.18840031508811922,0.32638046074647686,0.02165597656129585,0.05320155773153492,0.2619670376074609
34,OnlineFPCA-sgd,0.1,7400,100,face,3,5,0.125810623168945,6,3,0.18805348559136825,0.1695481775519018,0.23187136419004242,0.019613422401640566,0.05257461539145407,0.25978839616622207
34,OnlineFPCA-sgd,0.1,7500,100,face,3,5,0.128020286560059,6,3,0.18143113785045117,0.1853568943835077,0.33453954137559877,0.018172110716344246,0.05101129353847118,0.2558509381740468
34,OnlineFPCA-sgd,0.1,7600,100,face,3,5,0.131228923797607,6,3,0.1910920689226853,0.16855139766772412,0.3973887637913138,0.016395362783610205,0.04884302630310562,0.2528296853123263
34,OnlineFPCA-sgd,0.1,7700,100,face,3,5,0.127815008163452,6,3,0.1862051774473064,0.2173057790040631,0.3671567026704984,0.014879784268858692,0.046883807353709686,0.2507281617406285
34,OnlineFPCA-sgd,0.1,7800,100,face,3,5,0.124868631362915,6,3,0.11718583472257132,0.12129957648576598,0.41802170812866374,0.014597264358460392,0.04377770626066636,0.24842829908348102
34,OnlineFPCA-sgd,0.1,7900,100,face,3,5,0.135571956634521,6,3,0.20432616963982964,0.22333511859725633,0.3238673302711487,0.014280900233688467,0.0444893552254872,0.24811468503392645
34,OnlineFPCA-sgd,0.1,8000,100,face,3,5,0.126965045928955,6,3,0.1821054707141194,0.2164722691842945,0.30095251526571115,0.01402748824682432,0.046878284270139264,0.24663643309205893
34,OnlineFPCA-sgd,0.1,8100,100,face,3,5,0.132263898849487,6,3,0.15530541476438417,0.1711672830399118,0.15940011472823967,0.012985699081941693,0.04935770826631299,0.24351479471737383
34,OnlineFPCA-sgd,0.1,8200,100,face,3,5,0.120855331420898,6,3,0.25295911411938754,0.06302394588313025,0.10554402801927648,0.012554566821943901,0.04948757163406159,0.2392012438065776
34,OnlineFPCA-sgd,0.1,8300,100,face,3,5,0.123750686645508,6,3,0.1805381366404894,0.23416478310023534,0.2545588091824218,0.014286108355122583,0.04804294690379133,0.23316254913331627
34,OnlineFPCA-sgd,0.1,8400,100,face,3,5,0.128012657165527,6,3,0.16769969730375314,0.1879789402380473,0.2899498513162994,0.0149242563028828,0.04994986883299553,0.22931254310470733
34,OnlineFPCA-sgd,0.1,8500,100,face,3,5,0.124546051025391,6,3,0.21879432326626924,0.1850680856645021,0.29063281631198234,0.017422100434018796,0.05133655010886319,0.22657843781601716
34,OnlineFPCA-sgd,0.1,8600,100,face,3,5,0.130602598190308,6,3,0.1819775777921951,0.10913261046145135,0.22154657350802132,0.017513141139838963,0.05187011344283709,0.22351472843335402
34,OnlineFPCA-sgd,0.1,8700,100,face,3,5,0.12497353553772,6,3,0.18060520813682937,0.1563431427147243,0.15422785452278717,0.01873888438544137,0.050881132990403366,0.2193868693373283
34,OnlineFPCA-sgd,0.1,8800,100,face,3,5,0.134469270706177,6,3,0.1386376011863068,0.20062050447201027,0.13052887959954432,0.0191818696714847,0.050164876129184494,0.2151635776621969
34,OnlineFPCA-sgd,0.1,8900,100,face,3,5,0.139697313308716,6,3,0.1844662730965746,0.33783376619602035,0.21371949260354867,0.020199934601192703,0.052067586210310164,0.2119723308372779
34,OnlineFPCA-sgd,0.1,9000,100,face,3,5,0.12861180305481,6,3,0.24932639049381683,0.22975283501084287,0.2917705612043664,0.019652643361382564,0.05339018247408563,0.21181622499518735
34,OnlineFPCA-sgd,0.1,9100,100,face,3,5,0.137295961380005,6,3,0.25166669394848545,0.23703076354340974,0.23478101987938824,0.02047122049850031,0.054360220922452115,0.2123505905362047
34,OnlineFPCA-sgd,0.1,9200,100,face,3,5,0.132519245147705,6,3,0.14735313565956956,0.16844568264652643,0.2605075459918708,0.022365218303515295,0.0550543536824501,0.21124037934786113
34,OnlineFPCA-sgd,0.1,9300,100,face,3,5,0.13489031791687,6,3,0.22541590998531275,0.19489706723951744,0.2937893664586662,0.02291207097686309,0.05467267429325922,0.21155172486499352
34,OnlineFPCA-sgd,0.1,9400,100,face,3,5,0.135204076766968,6,3,0.1369620421171183,0.14241253103518578,0.4181289969385287,0.022658441345064336,0.055036994953329005,0.2143178126208247
34,OnlineFPCA-sgd,0.1,9500,100,face,3,5,0.137698173522949,6,3,0.16617522438545218,0.2301629055940922,0.3339026156333106,0.024208344113861822,0.05578548989324252,0.21637418268838152
34,OnlineFPCA-sgd,0.1,9600,100,face,3,5,0.137662410736084,6,3,0.29656366303097265,0.15585778905786637,0.40602549423567064,0.026010751656431193,0.0550012574418956,0.21832782146643306
34,OnlineFPCA-sgd,0.1,9700,100,face,3,5,0.135835886001587,6,3,0.16882058487952192,0.23621509683802722,0.24005703973906836,0.026574886600112722,0.05610760996123634,0.21974107425077474
34,OnlineFPCA-sgd,0.1,9800,100,face,3,5,0.135335922241211,6,3,0.18660406906698615,0.23544918715347526,0.2892419517875797,0.025690310724660846,0.05674939058176156,0.21932080157131117
34,OnlineFPCA-sgd,0.1,9900,100,face,3,5,0.141233682632446,6,3,0.14936028059671608,0.18864902741914089,0.3459555289678735,0.02597744808292539,0.05755179923408681,0.21955437660302835
34,OnlineFPCA-sgd,0.1,10000,100,face,3,5,0.130869388580322,6,3,0.16951607471396773,0.19077128315553143,0.39266847400290933,0.026391306969273817,0.057713213620679646,0.2198277792837742
34,OnlineFPCA-sgd,0.1,10100,100,face,3,5,0.142866134643555,6,3,0.09564578018387544,0.1560017760185453,0.3062408201272293,0.026800561648764893,0.057582322380192,0.21983084153440383
34,OnlineFPCA-sgd,0.1,10200,100,face,3,5,0.15091872215271,6,3,0.1615693998171318,0.19511023666741878,0.22477865296104232,0.027194719286004525,0.057493528148503156,0.2195686273773244
34,OnlineFPCA-sgd,0.1,10300,100,face,3,5,0.295249462127686,6,3,0.12117363335596237,0.16997427502935614,0.19579938176638248,0.02751380077969502,0.05777783821882342,0.21873933673597867
34,OnlineFPCA-sgd,0.1,10400,100,face,3,5,0.131876468658447,6,3,0.13410030616663482,0.1882772798912828,0.2478903522268524,0.0282203236940914,0.05768814769967331,0.21866213739908905
34,OnlineFPCA-sgd,0.1,10500,100,face,3,5,0.130996942520142,6,3,0.23383997180114222,0.18276930040149708,0.26912422344870685,0.02678228994891773,0.056508727140153786,0.21872077684248462
34,OnlineFPCA-sgd,0.1,10600,100,face,3,5,0.142867088317871,6,3,0.22839026962354533,0.20681000702947927,0.2243169212180414,0.024470984879465692,0.055436821674163785,0.21888855520646353
34,OnlineFPCA-sgd,0.1,10700,100,face,3,5,0.12615966796875,6,3,0.24044863628310345,0.12559247048748406,0.28374370267425597,0.024775995763722913,0.05541194294529667,0.21887610039364133
34,OnlineFPCA-sgd,0.1,10800,100,face,3,5,0.122355937957764,6,3,0.2153117167585466,0.17162194932313155,0.3132424023834632,0.024114173816360066,0.05620495899070038,0.219014465280133
34,OnlineFPCA-sgd,0.1,10900,100,face,3,5,0.127464294433594,6,3,0.17541240388878565,0.1518212811640398,0.35311614040535577,0.0241274621310388,0.05657992116809016,0.21972316307609494
34,OnlineFPCA-sgd,0.1,11000,100,face,3,5,0.120239734649658,6,3,0.21983379969821554,0.23145871401829898,0.37435354542473276,0.023279726481855195,0.057034785404221,0.2212467833958123
34,OnlineFPCA-sgd,0.1,11100,100,face,3,5,0.12913990020752,6,3,0.16078543136599027,0.21251531933255355,0.389376356770726,0.02180022925094837,0.058125838726348904,0.2230078436393253
34,OnlineFPCA-sgd,0.1,11200,100,face,3,5,0.123629570007324,6,3,0.3347101879020128,0.24996041029896887,0.36299870946561763,0.021236593555594256,0.05934188350355281,0.224464138309377
34,OnlineFPCA-sgd,0.1,11300,100,face,3,5,0.124334812164307,6,3,0.1832913215911423,0.2574300178660422,0.34135132338622565,0.02318875160597109,0.0617422118766929,0.22536175093499802
34,OnlineFPCA-sgd,0.1,11400,100,face,3,5,0.133323431015015,6,3,0.05796688455835178,0.16444177142487926,0.4309479953326145,0.023367970025225084,0.06356917115461111,0.2270176281873281
34,OnlineFPCA-sgd,0.1,11500,100,face,3,5,0.124350786209106,6,3,0.246511307454746,0.1659351146759975,0.3578192420019125,0.02316666024000253,0.06434798341672332,0.22911370221547872
34,OnlineFPCA-sgd,0.1,11600,100,face,3,5,0.14242959022522,6,3,0.15377587522226804,0.16377003028024364,0.3046274083648216,0.023603282930756916,0.06457302629099232,0.22975616848373004
34,OnlineFPCA-sgd,0.1,11700,100,face,3,5,0.135726928710938,6,3,0.18096813627007863,0.16594553489215985,0.35053770233958337,0.02322226931601311,0.06482770299609635,0.2304578029337159
34,OnlineFPCA-sgd,0.1,11800,100,face,3,5,0.137041568756104,6,3,0.21914023626189286,0.2646317698150511,0.26614016805263524,0.022686070518523622,0.06527516293575596,0.23133043849603288
34,OnlineFPCA-sgd,0.1,11900,100,face,3,5,0.136709213256836,6,3,0.09804630306614423,0.12872566468482224,0.2970502623299191,0.022407460227494368,0.06553947577548326,0.23141982013738213
34,OnlineFPCA-sgd,0.1,12000,100,face,3,5,0.129299163818359,6,3,0.21461540453228378,0.23595106667750307,0.24871314374284087,0.022148163450166965,0.06619959446499121,0.23174810082817396
34,OnlineFPCA-sgd,0.1,12100,100,face,3,5,0.132976055145264,6,3,0.20341843273857171,0.2070719366499906,0.23740182484928524,0.021562269730050317,0.06654791206906358,0.23121797026332555
34,OnlineFPCA-sgd,0.1,12200,100,face,3,5,0.134824991226196,6,3,0.12460089957914235,0.27752129173484974,0.2448537523696497,0.021789814749612026,0.06703309958564203,0.23053586250057792
34,OnlineFPCA-sgd,0.1,12300,100,face,3,5,0.131271600723267,6,3,0.17977495641266855,0.18958139767216833,0.28133478655435795,0.021190394095276174,0.06745747609997518,0.23037982355730147
34,OnlineFPCA-sgd,0.1,12400,100,face,3,5,0.14076566696167,6,3,0.1452015837426046,0.14694494259639526,0.21422318858182227,0.020540434326355345,0.06735675445866374,0.23025058408156165
34,OnlineFPCA-sgd,0.1,12500,100,face,3,5,0.133920669555664,6,3,0.15442373792868028,0.1528201343977382,0.2920513179999316,0.020235035447119458,0.06703940102589884,0.22962711444085557
34,OnlineFPCA-sgd,0.1,12600,100,face,3,5,0.143998861312866,6,3,0.1545374097293852,0.13488806245487597,0.3425817356804179,0.019639707676344136,0.06610750270448684,0.22941494465289866
34,OnlineFPCA-sgd,0.1,12700,100,face,3,5,0.151706695556641,6,3,0.17235327274079257,0.18217949335582853,0.318357262804717,0.019035728677636338,0.0650842173163317,0.22936095063505738
34,OnlineFPCA-sgd,0.1,12800,100,face,3,5,0.131484746932983,6,3,0.10119567765689903,0.0876528556951846,0.37203246940734547,0.018797130787925654,0.06374096124535142,0.22902515794355408
34,OnlineFPCA-sgd,0.1,12900,100,face,3,5,0.133499145507812,6,3,0.13401656257821976,0.17263745184589382,0.31156117835901326,0.018606925409237734,0.06334442020734789,0.22928323774767925
34,OnlineFPCA-sgd,0.1,13000,100,face,3,5,0.130842924118042,6,3,0.1666745278065492,0.18402059926041683,0.2951299925791787,0.01823233879066189,0.06361006023697466,0.22913515007589322
34,OnlineFPCA-sgd,0.1,13100,100,face,3,5,0.128243923187256,6,3,0.13348061942111225,0.15532609983179016,0.1690217153820665,0.017628301665399422,0.06408978126220713,0.22833154313071594
34,OnlineFPCA-sgd,0.1,13200,100,face,3,5,0.139776229858398,6,3,0.21843970513064603,0.054976805068720526,0.11673384171946777,0.017127461673420465,0.06397893619694867,0.22692332496818576
34,OnlineFPCA-sgd,0.1,13300,100,face,3,5,0.125924825668335,6,3,0.140870840909388,0.19990294171934117,0.21214067593835464,0.017734682767056715,0.06302856209034687,0.22477553113018325
34,OnlineFPCA-sgd,0.1,13400,100,face,3,5,0.13016152381897,6,3,0.13577087769751478,0.1618585628595154,0.24850545839618438,0.018034936114878945,0.0632050669261088,0.2233542840279144
34,OnlineFPCA-sgd,0.1,13500,100,face,3,5,0.125747442245483,6,3,0.19051368983936212,0.16888022558192473,0.2682758318509591,0.01891630850713903,0.06357433430902926,0.2222905053861711
34,OnlineFPCA-sgd,0.1,13600,100,face,3,5,0.130984544754028,6,3,0.13143472232972758,0.0991887420600716,0.2152541560081887,0.018840535970230596,0.06371824997724813,0.22105399552253774
34,OnlineFPCA-sgd,0.1,13700,100,face,3,5,0.127579689025879,6,3,0.1435652610540954,0.11644437693833246,0.15520996546150279,0.01942203384890479,0.06347615019564574,0.21937311999469114
34,OnlineFPCA-sgd,0.1,13800,100,face,3,5,0.138329029083252,6,3,0.11162091912778922,0.15943320367121047,0.12038792115824652,0.019532508357297647,0.0631615776279363,0.2174835690833692
34,OnlineFPCA-sgd,0.1,13900,100,face,3,5,0.128464698791504,6,3,0.1713662345738588,0.30352231680939645,0.1836357584602367,0.02011976198071787,0.06401769751410892,0.21592098930347184
34,OnlineFPCA-sgd,0.1,14000,100,face,3,5,0.133579254150391,6,3,0.2261363096376579,0.21183801561491786,0.24560187553406665,0.020033320484677302,0.06470537308160056,0.21548684118834605
34,OnlineFPCA-sgd,0.1,14100,100,face,3,5,0.127270698547363,6,3,0.22909916983364434,0.21384522879965814,0.20150214267458816,0.02044637515284257,0.06518070597985316,0.21543859845753954
34,OnlineFPCA-sgd,0.1,14200,100,face,3,5,0.128027200698853,6,3,0.14534394018519928,0.14765395194342854,0.22083382490704542,0.021297512000132357,0.06540492020880409,0.21478173557034666
34,OnlineFPCA-sgd,0.1,14300,100,face,3,5,0.126063346862793,6,3,0.20141829138951095,0.1748489970954985,0.25837123073002477,0.02157870120020277,0.06518638957355473,0.21470969017370553
34,OnlineFPCA-sgd,0.1,14400,100,face,3,5,0.130821228027344,6,3,0.12436211875359088,0.11606713766435188,0.3578865799610061,0.021499608593903253,0.06519616993402816,0.21560269024149317
34,OnlineFPCA-sgd,0.1,14500,100,face,3,5,0.12256383895874,6,3,0.15290616680452623,0.20219417351547345,0.30049878671731317,0.022296592171311372,0.06539595725151315,0.21626956528540633
34,OnlineFPCA-sgd,0.1,14600,100,face,3,5,0.134446859359741,6,3,0.2689691769317809,0.12280766771208784,0.3542236494584575,0.023173604285128376,0.06502453881475365,0.2169651242036393
34,OnlineFPCA-sgd,0.1,14700,100,face,3,5,0.13701868057251,6,3,0.13637084043719758,0.1918566730773217,0.21369002192500006,0.023602840200581926,0.06538626986153381,0.21746640143465057
34,OnlineFPCA-sgd,0.1,14800,100,face,3,5,0.125390291213989,6,3,0.15689880130094067,0.20141577016289852,0.2555520430555105,0.023179679034423712,0.0654895709888688,0.21717027330210295
34,OnlineFPCA-sgd,0.1,14900,100,face,3,5,0.137930393218994,6,3,0.14406962206050036,0.17119479364111978,0.3062334344927304,0.023283850844992546,0.06557900434140038,0.2170913843957736
34,OnlineFPCA-sgd,0.1,15000,100,face,3,5,0.132194757461548,6,3,0.1552394766766649,0.17199308112524603,0.349464875815782,0.02348702231106256,0.06546314870149407,0.21700428080967205
34,OnlineFPCA-sgd,0.1,0,100,face,3,5,6.49993443489075,8,1,0.1928146832635463,0.4385400960163578,0.4288529981360048,0.1928146832635463,0.4385400960163578,0.4288529981360048
34,OnlineFPCA-sgd,0.1,100,100,face,3,5,0.578469038009644,8,1,0.48312655841844204,0.45404193201768983,0.44642253884956856,NA,NA,NA
34,OnlineFPCA-sgd,0.1,200,100,face,3,5,0.5909743309021,8,1,0.6427233625329971,0.7535477212784691,0.6573268260955734,NA,NA,NA
34,OnlineFPCA-sgd,0.1,300,100,face,3,5,0.585450649261475,8,1,0.5535144342763703,0.7710035496043818,0.748041009577006,NA,NA,NA
34,OnlineFPCA-sgd,0.1,400,100,face,3,5,0.606825828552246,8,1,0.5319640634879432,0.6060565800090496,0.6765691789057896,NA,NA,NA
34,OnlineFPCA-sgd,0.1,500,100,face,3,5,0.621394872665405,8,1,0.6066463588315262,0.609507304165745,0.7225686630161119,NA,NA,NA
34,OnlineFPCA-sgd,0.1,600,100,face,3,5,0.607845783233643,8,1,0.5094361638962123,0.6068886146557604,0.720834416652184,NA,NA,NA
34,OnlineFPCA-sgd,0.1,700,100,face,3,5,0.60134744644165,8,1,0.4330409618400382,0.6061738759647568,0.7227909737307852,NA,NA,NA
34,OnlineFPCA-sgd,0.1,800,100,face,3,5,0.608052253723145,8,1,0.38640136756716364,0.6034597485758381,0.7195660784868803,NA,NA,NA
34,OnlineFPCA-sgd,0.1,900,100,face,3,5,0.624992609024048,8,1,0.31674689061547334,0.5991148548991168,0.7137190544640812,NA,NA,NA
34,OnlineFPCA-sgd,0.1,1000,100,face,3,5,0.605229139328003,8,1,0.27345052716632595,0.5952828147477248,0.7069697753765171,NA,NA,NA
34,OnlineFPCA-sgd,0.1,1100,100,face,3,5,0.897917747497559,8,1,0.19787223971750675,0.564178801039175,0.6288152489294403,0.13586356568751257,0.5748976641047914,0.6792301839229334
34,OnlineFPCA-sgd,0.1,1200,100,face,3,5,0.857667207717896,8,1,0.2673785285444275,0.5418967667979031,0.5962038764920519,0.09324312600352225,0.5598861995553808,0.6315152117439546
34,OnlineFPCA-sgd,0.1,1300,100,face,3,5,0.847107410430908,8,1,0.13049060353543332,0.5183341280341333,0.5235858328101782,0.059104108994053835,0.5475929985366063,0.5969211986776923
34,OnlineFPCA-sgd,0.1,1400,100,face,3,5,0.816466093063354,8,1,0.07939350956338201,0.501671122056412,0.54965245904233,0.0574756079173231,0.5364644530119577,0.5759595866886776
34,OnlineFPCA-sgd,0.1,1500,100,face,3,5,0.819319725036621,8,1,0.17036369114916708,0.47302667784204094,0.5453929860960385,0.03889990842192719,0.5251863110608769,0.569215359263501
34,OnlineFPCA-sgd,0.1,1600,100,face,3,5,0.8223717212677,8,1,0.15665914362758818,0.4484931020943622,0.46305048361480805,0.03373075158830353,0.5119561513972588,0.5536474928591525
34,OnlineFPCA-sgd,0.1,1700,100,face,3,5,1.0298707485199,8,1,0.2551125480341987,0.3610516282722528,0.44526346127306315,0.03722756177028169,0.4936774511962251,0.5339542916662466
34,OnlineFPCA-sgd,0.1,1800,100,face,3,5,0.851122856140137,8,1,0.21207088782587233,0.4513123734856413,0.3438296540390466,0.03652306452763311,0.47752811198262,0.5122844897385193
34,OnlineFPCA-sgd,0.1,1900,100,face,3,5,0.859755277633667,8,1,0.15276812943388363,0.36048676963194665,0.40251637984550237,0.04206756113928236,0.4633019948782911,0.496548105637462
34,OnlineFPCA-sgd,0.1,2000,100,face,3,5,0.828973531723022,8,1,0.24551404166420507,0.33685657585966516,0.29788621770304,0.03803121351001399,0.4469066967196652,0.48040064748188716
34,OnlineFPCA-sgd,0.1,2100,100,face,3,5,0.816957950592041,8,1,0.27349304773992283,0.295576330648375,0.2990399103164293,0.029517847582247632,0.4266828182541008,0.4596815132293449
34,OnlineFPCA-sgd,0.1,2200,100,face,3,5,0.821942806243896,8,1,0.1886795052590111,0.26332766607453656,0.3270982644583089,0.02001157590490104,0.41019374837233896,0.4419148028982882
34,OnlineFPCA-sgd,0.1,2300,100,face,3,5,0.863985776901245,8,1,0.26907206839796993,0.27050948630804617,0.28946890672530323,0.021376508881186747,0.39215568062409273,0.4252935429204204
34,OnlineFPCA-sgd,0.1,2400,100,face,3,5,0.929357528686523,8,1,0.22332469170013428,0.2475673197980231,0.2592484175101713,0.015055644567471344,0.37670075076271087,0.41017853278379207
34,OnlineFPCA-sgd,0.1,2500,100,face,3,5,0.834929704666138,8,1,0.21265229187585188,0.2612761432901109,0.23681322761262716,0.014665464922173375,0.3590619595213639,0.39239141531474986
34,OnlineFPCA-sgd,0.1,2600,100,face,3,5,0.819571495056152,8,1,0.20300543360049841,0.21366498842357143,0.3270431092278062,0.015718206093554576,0.3476077733668815,0.37699039256368605
34,OnlineFPCA-sgd,0.1,2700,100,face,3,5,0.866519451141357,8,1,0.19299014433914455,0.249405170181871,0.2969823100975441,0.015884758050492196,0.3378388285186215,0.36742575405312433
34,OnlineFPCA-sgd,0.1,2800,100,face,3,5,0.833280086517334,8,1,0.16035229655714467,0.2693684739923615,0.294122369920448,0.017662437753766067,0.3276005604864492,0.35771146266950987
34,OnlineFPCA-sgd,0.1,2900,100,face,3,5,0.820360898971558,8,1,0.29120895498661264,0.274530823173888,0.2268394483651694,0.020285703674474326,0.31992641046616205,0.34952667990487923
34,OnlineFPCA-sgd,0.1,3000,100,face,3,5,0.838859558105469,8,1,0.19381596479848903,0.2771453551272127,0.26399174408733406,0.022102665952998608,0.313843350945669,0.3420562992433004
34,OnlineFPCA-sgd,0.1,3100,100,face,3,5,0.829306364059448,8,1,0.17953727820383947,0.2322213852183605,0.18442244989890377,0.020873946786253563,0.3080088691022824,0.3346727072314403
34,OnlineFPCA-sgd,0.1,3200,100,face,3,5,0.844399929046631,8,1,0.28024638726646145,0.13211608336907074,0.17255818173203744,0.021039587641468176,0.2992234803665435,0.32623700015333407
34,OnlineFPCA-sgd,0.1,3300,100,face,3,5,0.829031229019165,8,1,0.21095464890974716,0.27082411094418135,0.32408545560466795,0.021676392259301465,0.2917471068478225,0.31733950595283816
34,OnlineFPCA-sgd,0.1,3400,100,face,3,5,0.995375871658325,8,1,0.1926083962375616,0.20179786480798004,0.35502379134445394,0.022114892708772406,0.2826250804726669,0.3101957851876307
34,OnlineFPCA-sgd,0.1,3500,100,face,3,5,0.820978164672852,8,1,0.23739099514178158,0.20853239620014363,0.31406220669173324,0.024308241568368614,0.27277759154619774,0.304647530373045
34,OnlineFPCA-sgd,0.1,3600,100,face,3,5,0.972652196884155,8,1,0.23505697283863272,0.13315635402922865,0.20196627430795167,0.023387058383135578,0.2647101525591438,0.29794181877562764
34,OnlineFPCA-sgd,0.1,3700,100,face,3,5,0.873320817947388,8,1,0.22431487135807113,0.18131397315982897,0.11281832033473996,0.02232994215318432,0.2548530715595832,0.28800506298342665
34,OnlineFPCA-sgd,0.1,3800,100,face,3,5,0.942818164825439,8,1,0.16840989431339187,0.229560105915222,0.13899108659780324,0.022734204566346117,0.2456245003572746,0.2782896839509147
34,OnlineFPCA-sgd,0.1,3900,100,face,3,5,0.917995929718018,8,1,0.19236671392673713,0.3466386833345648,0.2509930183114645,0.022655595054805355,0.2363549071897102,0.27078243056808454
34,OnlineFPCA-sgd,0.1,4000,100,face,3,5,0.881709575653076,8,1,0.019354969042155595,0.2278656941104009,0.2654527473767018,0.019354969042155595,0.2278656941104009,0.2654527473767018
34,OnlineFPCA-sgd,0.1,4100,100,face,3,5,0.865925788879395,8,1,0.25906958635147964,0.2562218748475304,0.2167895203957804,0.17619985438331923,0.22682606523242602,0.23846996425854491
34,OnlineFPCA-sgd,0.1,4200,100,face,3,5,0.840723514556885,8,1,0.15484553246249572,0.21994290655863147,0.2363209742403231,0.16436098885082184,0.2192503487131966,0.21103343196986282
34,OnlineFPCA-sgd,0.1,4300,100,face,3,5,0.848771810531616,8,1,0.26474071778504027,0.2540048587752829,0.29281562132522215,0.09525899711521658,0.22013346821067858,0.21644378578540055
34,OnlineFPCA-sgd,0.1,4400,100,face,3,5,0.879178285598755,8,1,0.15202132233674998,0.22385743836958577,0.4812123959640392,0.06514709950953934,0.21417168487909818,0.2688820202391563
34,OnlineFPCA-sgd,0.1,4500,100,face,3,5,0.882467269897461,8,1,0.1805077185542205,0.2836355957545955,0.34056855449219414,0.0652865700764109,0.21255141367650332,0.2953827932997833
34,OnlineFPCA-sgd,0.1,4600,100,face,3,5,0.862214088439941,8,1,0.3156223188809637,0.18793936867991357,0.4155919427638275,0.07644242818554742,0.20436183953561188,0.3000199394112613
34,OnlineFPCA-sgd,0.1,4700,100,face,3,5,0.868721485137939,8,1,0.2055110395559798,0.20847728212460007,0.13407896522424054,0.07167743712011794,0.18737799316208098,0.2864435754991855
34,OnlineFPCA-sgd,0.1,4800,100,face,3,5,0.887131690979004,8,1,0.22044954220892976,0.21249222644706084,0.24302868943971276,0.06099387102057025,0.17739108312084576,0.27046937254893283
34,OnlineFPCA-sgd,0.1,4900,100,face,3,5,0.910672903060913,8,1,0.1479386092239163,0.18141738044828923,0.36153610666015057,0.06100134871965138,0.17490929585664008,0.2665795129088402
34,OnlineFPCA-sgd,0.1,5000,100,face,3,5,0.889533758163452,8,1,0.1819019282667526,0.17393991418146076,0.40830476344424727,0.061452536350276435,0.1700339683105593,0.27171362341801664
34,OnlineFPCA-sgd,0.1,5100,100,face,3,5,0.135714054107666,8,1,0.11375427101433921,0.14057299491154246,0.30152592968185,0.05980863760958676,0.16370988694182928,0.2731647652076025
34,OnlineFPCA-sgd,0.1,5200,100,face,3,5,0.137618780136108,8,1,0.16922990256312123,0.18615950586055846,0.213714960928103,0.05648667200157395,0.16062075990273883,0.2666344378709726
34,OnlineFPCA-sgd,0.1,5300,100,face,3,5,0.143958330154419,8,1,0.13831355686325106,0.17015300049306703,0.1740449715807262,0.05764132600271202,0.16071823138809965,0.25504843898055984
34,OnlineFPCA-sgd,0.1,5400,100,face,3,5,0.130633115768433,8,1,0.15361774611576473,0.16517790755310566,0.24725822172518283,0.05973910436893027,0.15622807348738957,0.24984039515644643
34,OnlineFPCA-sgd,0.1,5500,100,face,3,5,0.127470254898071,8,1,0.2667521959368475,0.18054650094025154,0.28516236876437595,0.0500736185386514,0.1468845226133516,0.24662554107451057
34,OnlineFPCA-sgd,0.1,5600,100,face,3,5,0.125420093536377,8,1,0.24143320396730417,0.2176327066210725,0.2348127002610303,0.04021763763861039,0.13274327089328536,0.2439386671683881
34,OnlineFPCA-sgd,0.1,5700,100,face,3,5,0.126795530319214,8,1,0.23062078704146072,0.12143139643645082,0.2948599427712866,0.04050436253358047,0.12413251876225394,0.23915123237493124
34,OnlineFPCA-sgd,0.1,5800,100,face,3,5,0.129332542419434,8,1,0.22996321169940162,0.15101712770292386,0.3432296608389818,0.037219537528793985,0.11452259170345323,0.23695607379823896
34,OnlineFPCA-sgd,0.1,5900,100,face,3,5,0.129640579223633,8,1,0.18535972207587229,0.14363378084211795,0.377831890042462,0.036132697929494494,0.10776994168816566,0.23742054075835636
34,OnlineFPCA-sgd,0.1,6000,100,face,3,5,0.128621339797974,8,1,0.2364528694785798,0.2666295583375226,0.37223839334319797,0.032177982320199014,0.10372467108855322,0.24029521657732889
34,OnlineFPCA-sgd,0.1,6100,100,face,3,5,0.125972270965576,8,1,0.16815668846926934,0.21055567306492212,0.3846337817793966,0.0265917912176083,0.1010678258095909,0.24255553802740562
34,OnlineFPCA-sgd,0.1,6200,100,face,3,5,0.135720729827881,8,1,0.3676318423250497,0.24846438809086166,0.3710926590600358,0.02439401881606254,0.09816558283764,0.2452056808965899
34,OnlineFPCA-sgd,0.1,6300,100,face,3,5,0.125251770019531,8,1,0.19224243579594552,0.23653339143299162,0.32874132892330565,0.02981879807442596,0.09499190488930961,0.24665345705147274
34,OnlineFPCA-sgd,0.1,6400,100,face,3,5,0.125017404556274,8,1,0.0727698673133503,0.14255409964226795,0.4410713042838125,0.030566868737839117,0.09235864780327997,0.2499850784876928
34,OnlineFPCA-sgd,0.1,6500,100,face,3,5,0.126149654388428,8,1,0.2620875042551257,0.13748153180028125,0.35465211736755814,0.029202549869063968,0.08769267962486471,0.25501768730793856
34,OnlineFPCA-sgd,0.1,6600,100,face,3,5,0.132657766342163,8,1,0.17446748308834373,0.1560868463690899,0.2996672627536138,0.029478898507004633,0.08219284778280861,0.25569896980537266
34,OnlineFPCA-sgd,0.1,6700,100,face,3,5,0.12742280960083,8,1,0.20109997455319428,0.14730933108487984,0.34680860114379625,0.028078831758921594,0.07782794981837986,0.25652307549203424
34,OnlineFPCA-sgd,0.1,6800,100,face,3,5,0.123324394226074,8,1,0.23180133168832506,0.27938698669297046,0.2499538210377385,0.02594521678962253,0.07357451588473989,0.2579484812071094
34,OnlineFPCA-sgd,0.1,6900,100,face,3,5,0.122966051101685,8,1,0.10899783390065654,0.12622792183045414,0.2912039658551612,0.02567045171606375,0.07120441376824646,0.25661856693075497
34,OnlineFPCA-sgd,0.1,7000,100,face,3,5,0.128151655197144,8,1,0.2264106589213638,0.24649671232190484,0.22465157040808112,0.02584314979363039,0.07113033239270702,0.2552240627996209
34,OnlineFPCA-sgd,0.1,7100,100,face,3,5,0.121139287948608,8,1,0.22524199461619326,0.2169883622167679,0.23125832948439148,0.02459974567328139,0.06861302306730065,0.2512637513074514
34,OnlineFPCA-sgd,0.1,7200,100,face,3,5,0.133016109466553,8,1,0.14034435429808526,0.28367586157161717,0.2411296957786969,0.023831920431931435,0.06696862520661209,0.2477564871948466
34,OnlineFPCA-sgd,0.1,7300,100,face,3,5,0.126101732254028,8,1,0.1992244111867043,0.1858045031557853,0.28663030124648475,0.02210087492652855,0.06405515927138788,0.24532525499122157
34,OnlineFPCA-sgd,0.1,7400,100,face,3,5,0.144160747528076,8,1,0.16040449319736158,0.14589819692959452,0.20860996095548817,0.020183522973284986,0.06265522739008711,0.2432365667004638
34,OnlineFPCA-sgd,0.1,7500,100,face,3,5,0.137649059295654,8,1,0.16373652687137297,0.1588289415490304,0.29081202387638994,0.018785357229181072,0.059504344159065255,0.23963001115680183
34,OnlineFPCA-sgd,0.1,7600,100,face,3,5,0.130746364593506,8,1,0.1664902492775184,0.14229575526877988,0.34887484730016316,0.01716757661077921,0.05739283884748345,0.23698664191013893
34,OnlineFPCA-sgd,0.1,7700,100,face,3,5,0.131880283355713,8,1,0.1784043698480459,0.1900961054502108,0.32019328822120957,0.015741937965897127,0.05668249376501953,0.23553357087703736
34,OnlineFPCA-sgd,0.1,7800,100,face,3,5,0.128048181533813,8,1,0.10720130686023854,0.11017757701083519,0.3671860694520476,0.015218534365638936,0.05496178903497789,0.2336473671476539
34,OnlineFPCA-sgd,0.1,7900,100,face,3,5,0.140832901000977,8,1,0.15772878513730182,0.19006142271377513,0.29491647164157864,0.014890804389784639,0.056241515034207885,0.2335712187757576
34,OnlineFPCA-sgd,0.1,8000,100,face,3,5,0.132815837860107,8,1,0.17232754971050554,0.1988543085677069,0.27761711604077804,0.014287045273333906,0.05798711166890401,0.23257410764172545
34,OnlineFPCA-sgd,0.1,8100,100,face,3,5,0.129251956939697,8,1,0.13984138935033769,0.16499096325540263,0.14921349327702849,0.013184217948830488,0.06002530603345435,0.23012320659543914
34,OnlineFPCA-sgd,0.1,8200,100,face,3,5,0.130867481231689,8,1,0.22971495383781484,0.059602303309682206,0.10509374488552667,0.012546853043080699,0.06005296610015825,0.22657128330900164
34,OnlineFPCA-sgd,0.1,8300,100,face,3,5,0.125441312789917,8,1,0.15134555328255023,0.21143656390941237,0.220857925186935,0.014220036949056974,0.06006103974550895,0.22153404610744923
34,OnlineFPCA-sgd,0.1,8400,100,face,3,5,0.132025480270386,8,1,0.14552336538690205,0.16756980030989022,0.25791542696414355,0.014962043284260148,0.060841168555238835,0.2181269599254437
34,OnlineFPCA-sgd,0.1,8500,100,face,3,5,0.125456094741821,8,1,0.19831761828578282,0.17192976458671,0.26839763672705386,0.017068955182430946,0.060554558770112114,0.21560273611604858
34,OnlineFPCA-sgd,0.1,8600,100,face,3,5,0.131311178207397,8,1,0.14474198890773246,0.09728381027858445,0.2068768608860266,0.017067268855976807,0.060158917686188015,0.21292136299478157
34,OnlineFPCA-sgd,0.1,8700,100,face,3,5,0.133025646209717,8,1,0.1533174043246974,0.12179422692649018,0.14041253839237341,0.018163370609836516,0.05798348026976977,0.20907562338456406
34,OnlineFPCA-sgd,0.1,8800,100,face,3,5,0.129635334014893,8,1,0.11779721792850036,0.16519292284755963,0.11764681568956364,0.018440597079641834,0.05579898422441214,0.2049346220801638
34,OnlineFPCA-sgd,0.1,8900,100,face,3,5,0.13030743598938,8,1,0.17528400043253217,0.3074240174216837,0.19028765493626312,0.019552799425012174,0.0545271899993924,0.20147635490190846
34,OnlineFPCA-sgd,0.1,9000,100,face,3,5,0.125851631164551,8,1,0.2321154131392735,0.2124047651676145,0.25549472968753784,0.01914330891105062,0.05339316358839079,0.20058055509819062
34,OnlineFPCA-sgd,0.1,9100,100,face,3,5,0.129864931106567,8,1,0.23462022547293063,0.21388371351695612,0.20746942459691267,0.019844110034236407,0.052631196075668046,0.20045811115545248
34,OnlineFPCA-sgd,0.1,9200,100,face,3,5,0.123337984085083,8,1,0.14501715490774572,0.14750497930813297,0.22850514737074162,0.021665860586904447,0.0518576902480021,0.19900183127330803
34,OnlineFPCA-sgd,0.1,9300,100,face,3,5,0.128496170043945,8,1,0.2072950156195966,0.1754827916204256,0.2647971850817728,0.022179694831321074,0.050101240536811135,0.19880581465405087
34,OnlineFPCA-sgd,0.1,9400,100,face,3,5,0.123115539550781,8,1,0.12743759980993596,0.11786176792384875,0.3697714925786839,0.02199315810872926,0.04893324429142881,0.2008724800386915
34,OnlineFPCA-sgd,0.1,9500,100,face,3,5,0.123106718063354,8,1,0.1553181288860136,0.20565937796152475,0.3050587348798912,0.023500330230351377,0.048272257974037766,0.20246125446001367
34,OnlineFPCA-sgd,0.1,9600,100,face,3,5,0.128646850585938,8,1,0.27436758595838523,0.1263075363666138,0.36460965816236957,0.02517827030855699,0.04624483321154106,0.20394487678441772
34,OnlineFPCA-sgd,0.1,9700,100,face,3,5,0.119172811508179,8,1,0.1433423774100609,0.19779237722612714,0.2154601442244229,0.02591982780160997,0.045281251765892275,0.20473211565495186
34,OnlineFPCA-sgd,0.1,9800,100,face,3,5,0.127355813980103,8,1,0.1637099281120888,0.20419950719675728,0.2587321307056884,0.025128246933077088,0.04381569645226014,0.2039790033838902
34,OnlineFPCA-sgd,0.1,9900,100,face,3,5,0.127476930618286,8,1,0.14472220649900044,0.17207169112740942,0.31265585119552897,0.025346170884160874,0.043182274046504605,0.20389770458113407
34,OnlineFPCA-sgd,0.1,10000,100,face,3,5,0.131020784378052,8,1,0.1582678075969464,0.17164368008970274,0.3563142379494729,0.02577004861736842,0.04224887848357989,0.204028893773373
34,OnlineFPCA-sgd,0.1,10100,100,face,3,5,0.124147653579712,8,1,0.08656761879507277,0.14332408865211826,0.2817095145735164,0.02623174807821628,0.040816354810487405,0.20397748933066287
34,OnlineFPCA-sgd,0.1,10200,100,face,3,5,0.127471685409546,8,1,0.1504672848215695,0.17738071314584516,0.20604084065509234,0.0266057857528694,0.039825120274982403,0.2036643106942764
34,OnlineFPCA-sgd,0.1,10300,100,face,3,5,0.124427080154419,8,1,0.11063034878458523,0.16270205843992838,0.18427929850187744,0.02674318443007683,0.039884825823334295,0.20287784633420985
34,OnlineFPCA-sgd,0.1,10400,100,face,3,5,0.120882511138916,8,1,0.11577958214371767,0.1802919780189302,0.2285995665418388,0.027471687817426677,0.03930553463753294,0.2026829244259809
34,OnlineFPCA-sgd,0.1,10500,100,face,3,5,0.125942468643188,8,1,0.20965540774559563,0.15824256057594963,0.24754138710284712,0.02614866742386571,0.03731178886810692,0.20257919351758533
34,OnlineFPCA-sgd,0.1,10600,100,face,3,5,0.125052690505981,8,1,0.2096528902932541,0.17740368619057145,0.20905935095378883,0.02401892353203939,0.034881886828214,0.20264545102334636
34,OnlineFPCA-sgd,0.1,10700,100,face,3,5,0.120308637619019,8,1,0.23942467753934746,0.10250228408254955,0.2602891072458775,0.02426386133565982,0.0338219706700338,0.20256015375590947
34,OnlineFPCA-sgd,0.1,10800,100,face,3,5,0.124420166015625,8,1,0.19497868761120588,0.1505391311921594,0.28359800574747324,0.023698703269847438,0.033724785732849816,0.2026726722827444
34,OnlineFPCA-sgd,0.1,10900,100,face,3,5,0.122072458267212,8,1,0.16615070411502375,0.13596923691916726,0.3161753559713728,0.02354502718059102,0.03321657129724252,0.20320047333810007
34,OnlineFPCA-sgd,0.1,11000,100,face,3,5,0.124997615814209,8,1,0.20277399907137678,0.1970599709672879,0.3376593546448941,0.022699319061038344,0.033370447262036654,0.20441077520405823
34,OnlineFPCA-sgd,0.1,11100,100,face,3,5,0.124813795089722,8,1,0.1539826235035931,0.185926457723965,0.35235212994121295,0.021251643169649274,0.03437043515033486,0.2057998007786239
34,OnlineFPCA-sgd,0.1,11200,100,face,3,5,0.125454664230347,8,1,0.2984322177885436,0.22196321963527113,0.32077291809979785,0.020607063057560625,0.03531902092628506,0.20691770790211808
34,OnlineFPCA-sgd,0.1,11300,100,face,3,5,0.128758430480957,8,1,0.17390983639006286,0.2338167019104713,0.3085170901183719,0.022476178664075815,0.03764640539291489,0.20756053378819803
34,OnlineFPCA-sgd,0.1,11400,100,face,3,5,0.122742176055908,8,1,0.05023198815730208,0.14658909124191397,0.3896826174591277,0.02269263281056314,0.039622821362029534,0.20888043286678346
34,OnlineFPCA-sgd,0.1,11500,100,face,3,5,0.128846168518066,8,1,0.226437171288026,0.1503348560304764,0.3298947405688559,0.022577336100767988,0.04032030049828072,0.21069560231141377
34,OnlineFPCA-sgd,0.1,11600,100,face,3,5,0.133425951004028,8,1,0.13059778190618554,0.14460120925119993,0.2888504130286053,0.023052132428806424,0.04015284727299127,0.21132441034056898
34,OnlineFPCA-sgd,0.1,11700,100,face,3,5,0.129141569137573,8,1,0.15903901431819234,0.14580986694545434,0.32886578881895967,0.022721268555156583,0.04011140812061071,0.21203135548542032
34,OnlineFPCA-sgd,0.1,11800,100,face,3,5,0.126664400100708,8,1,0.19745961443997156,0.2312866567850749,0.26244706890447267,0.02219454196864902,0.040407784410019076,0.21292767231617887
34,OnlineFPCA-sgd,0.1,11900,100,face,3,5,0.125445127487183,8,1,0.08956817918615387,0.12041314795541742,0.29162220874257044,0.021846793330958226,0.040792507412049615,0.21324002501634975
34,OnlineFPCA-sgd,0.1,12000,100,face,3,5,0.130424976348877,8,1,0.2002552930447301,0.2096162319184041,0.25261845208329764,0.02157494439280164,0.0417737890461184,0.2137677465632844
34,OnlineFPCA-sgd,0.1,12100,100,face,3,5,0.123954057693481,8,1,0.16992901258007811,0.18406124535890794,0.23502038294376823,0.021077005754647306,0.04237665530766538,0.2135235573223196
34,OnlineFPCA-sgd,0.1,12200,100,face,3,5,0.126002073287964,8,1,0.1073621186355718,0.24721147070474733,0.24022028599266562,0.021297536384351404,0.0431626785133646,0.21308413783016336
34,OnlineFPCA-sgd,0.1,12300,100,face,3,5,0.123612642288208,8,1,0.1501735851866599,0.1837719972047635,0.2620935104469417,0.020767219351156642,0.043614376747216944,0.21306647566222206
34,OnlineFPCA-sgd,0.1,12400,100,face,3,5,0.126700878143311,8,1,0.12300911213691824,0.13286010708427518,0.20693178576970103,0.020208413980323182,0.04382628290527497,0.21307158814020344
34,OnlineFPCA-sgd,0.1,12500,100,face,3,5,0.130147218704224,8,1,0.13993088938011783,0.1347094117562339,0.269197784348413,0.019955346578186327,0.043470612448453225,0.21262294566104564
34,OnlineFPCA-sgd,0.1,12600,100,face,3,5,0.123457431793213,8,1,0.13226380956090916,0.11533117635818106,0.3096323672352031,0.019446197171239174,0.042680916545663125,0.21256410676361281
34,OnlineFPCA-sgd,0.1,12700,100,face,3,5,0.126307487487793,8,1,0.15844873909663643,0.15953625416016537,0.28722009435594303,0.018874328926154628,0.04196283178241076,0.21271447638296365
34,OnlineFPCA-sgd,0.1,12800,100,face,3,5,0.126236915588379,8,1,0.09100745284542928,0.08032719751050421,0.33408054564444617,0.018550753175490268,0.040773574151155456,0.2125759912771313
34,OnlineFPCA-sgd,0.1,12900,100,face,3,5,0.121829271316528,8,1,0.10456720392582328,0.14233133144592247,0.28915234745901214,0.018352722376546574,0.04091603028631494,0.21299030601227484
34,OnlineFPCA-sgd,0.1,13000,100,face,3,5,0.133942604064941,8,1,0.15408952658448025,0.16352362683849525,0.2761444464787541,0.017903658765832248,0.04174464915624163,0.2130672817140613
34,OnlineFPCA-sgd,0.1,13100,100,face,3,5,0.126239538192749,8,1,0.12227195494132533,0.14442689387027563,0.1658781924025053,0.017298636304250548,0.04292885312198939,0.2125648998390461
34,OnlineFPCA-sgd,0.1,13200,100,face,3,5,0.127638816833496,8,1,0.19641574312393065,0.05454520013395937,0.12091751545708063,0.016732966083101302,0.0432678373141343,0.2114945446336995
34,OnlineFPCA-sgd,0.1,13300,100,face,3,5,0.136831998825073,8,1,0.11923914543484089,0.17692469857371784,0.19244891545162035,0.01725809472428611,0.04291878422514641,0.20977426030168386
34,OnlineFPCA-sgd,0.1,13400,100,face,3,5,0.134810924530029,8,1,0.12021636453849925,0.14710017347998267,0.2268375646221325,0.01757348865167227,0.04347650276919485,0.20862718203250177
34,OnlineFPCA-sgd,0.1,13500,100,face,3,5,0.137982368469238,8,1,0.17307937093598527,0.15709544863138145,0.25143297264517417,0.01833449640657979,0.044006181022801606,0.20776634538999755
34,OnlineFPCA-sgd,0.1,13600,100,face,3,5,0.125790119171143,8,1,0.1060430995396512,0.09298571201049072,0.20487232943113765,0.0182580998803654,0.04437511318078152,0.2067745194241288
34,OnlineFPCA-sgd,0.1,13700,100,face,3,5,0.129902124404907,8,1,0.126088099436596,0.09373040298226175,0.14890698104594696,0.018770159970451675,0.0440845315721125,0.20533066203925787
34,OnlineFPCA-sgd,0.1,13800,100,face,3,5,0.125118970870972,8,1,0.0971437343197039,0.13665241964466215,0.11352418630655474,0.018828423260910214,0.04363925887976498,0.20362915296791595
34,OnlineFPCA-sgd,0.1,13900,100,face,3,5,0.12830662727356,8,1,0.160933646122305,0.2760455146914915,0.1667430302462178,0.019452545127617706,0.04422910567119969,0.20214225980294626
34,OnlineFPCA-sgd,0.1,14000,100,face,3,5,0.162136793136597,8,1,0.20878509682587523,0.19678863768967633,0.2186615986813705,0.019420529124867726,0.04477372407032516,0.20159669064672936
34,OnlineFPCA-sgd,0.1,14100,100,face,3,5,0.13925838470459,8,1,0.21404391708633408,0.19529650449554578,0.18290054367999486,0.019785665958632057,0.045283692287657544,0.20143009488762398
34,OnlineFPCA-sgd,0.1,14200,100,face,3,5,0.136682271957397,8,1,0.14592433724726273,0.1331567824920701,0.1984443225521206,0.02060353876212186,0.045557709196718754,0.20076393853646254
34,OnlineFPCA-sgd,0.1,14300,100,face,3,5,0.132987499237061,8,1,0.18509023017714923,0.15993831589245078,0.23589317850040495,0.02085697787381847,0.04529293886216085,0.20062847579413126
34,OnlineFPCA-sgd,0.1,14400,100,face,3,5,0.141965627670288,8,1,0.11581481523552786,0.0992012176733579,0.31706821086886655,0.020799747422720366,0.04519374710234029,0.2013364584257126
34,OnlineFPCA-sgd,0.1,14500,100,face,3,5,0.141469478607178,8,1,0.14322332621056175,0.18003782275980487,0.27452509297034594,0.021543371583252254,0.04535048043293457,0.2018857101111649
34,OnlineFPCA-sgd,0.1,14600,100,face,3,5,0.138311624526978,8,1,0.2482682603988508,0.10283802629171851,0.3174838306327919,0.022363293742437368,0.044861567104907296,0.20246005348004353
34,OnlineFPCA-sgd,0.1,14700,100,face,3,5,0.146355628967285,8,1,0.11475532194151852,0.1615363509904006,0.19611315649516334,0.022863168289291386,0.04502315335206857,0.2028031585671793
34,OnlineFPCA-sgd,0.1,14800,100,face,3,5,0.140767097473145,8,1,0.1364013375515391,0.17599348960656577,0.23118186263786697,0.022488930658868818,0.04485871277544069,0.2024649316010661
34,OnlineFPCA-sgd,0.1,14900,100,face,3,5,0.143821477890015,8,1,0.13790295138688005,0.1613728898687202,0.2768621490371223,0.022567686737464444,0.04483535471580731,0.20233695319791253
34,OnlineFPCA-sgd,0.1,15000,100,face,3,5,0.143723487854004,8,1,0.14385769410338947,0.15836646907156712,0.3152904131740659,0.02276877660589333,0.04466010521620595,0.20225224986121385
34,OnlineFPCA-sgd,0.1,0,100,face,3,5,6.49993443489075,8,2,0.1928146832635463,0.4385400960163578,0.4288529981360048,0.1928146832635463,0.4385400960163578,0.4288529981360048
34,OnlineFPCA-sgd,0.1,100,100,face,3,5,0.560957908630371,8,2,0.43552593892699565,0.484022264633441,0.4329037782312603,NA,NA,NA
34,OnlineFPCA-sgd,0.1,200,100,face,3,5,0.571542263031006,8,2,0.271054613677754,0.4846254896292343,0.706296145667572,NA,NA,NA
34,OnlineFPCA-sgd,0.1,300,100,face,3,5,0.75568675994873,8,2,0.546300380726839,0.6936615029408206,0.5458061833757998,NA,NA,NA
34,OnlineFPCA-sgd,0.1,400,100,face,3,5,0.556945562362671,8,2,0.6404030360420446,0.12827668070874856,0.36582522425320585,NA,NA,NA
34,OnlineFPCA-sgd,0.1,500,100,face,3,5,0.56273078918457,8,2,0.7261214974810324,0.29580827615294664,0.3122024924011696,NA,NA,NA
34,OnlineFPCA-sgd,0.1,600,100,face,3,5,0.578354597091675,8,2,0.5718025262874118,0.28115888592578897,0.4420241969259126,NA,NA,NA
34,OnlineFPCA-sgd,0.1,700,100,face,3,5,0.578837394714355,8,2,0.48884339517167325,0.2839299653407254,0.44004081049617916,NA,NA,NA
34,OnlineFPCA-sgd,0.1,800,100,face,3,5,0.589768648147583,8,2,0.43423744565762357,0.27676024738854804,0.4349281834818002,NA,NA,NA
34,OnlineFPCA-sgd,0.1,900,100,face,3,5,0.559045076370239,8,2,0.35721438515487947,0.2776945850751445,0.42205620476140276,NA,NA,NA
34,OnlineFPCA-sgd,0.1,1000,100,face,3,5,0.591512680053711,8,2,0.30861292889167796,0.27461200855027934,0.4112890842225651,NA,NA,NA
34,OnlineFPCA-sgd,0.1,1100,100,face,3,5,0.834830522537231,8,2,0.2137673990510704,0.23820319279077554,0.3121618519915853,0.16660564756141777,0.26379493418376626,0.3601558715567001
34,OnlineFPCA-sgd,0.1,1200,100,face,3,5,0.820970058441162,8,2,0.22387577520656304,0.21430415947260517,0.2863482238449042,0.12115085488012858,0.23201234400425608,0.3123174286616971
34,OnlineFPCA-sgd,0.1,1300,100,face,3,5,0.82613730430603,8,2,0.12036456039068469,0.16656369440645852,0.21029710031609955,0.0703131320528653,0.19953505207207206,0.27968212231930495
34,OnlineFPCA-sgd,0.1,1400,100,face,3,5,0.805548191070557,8,2,0.07234546518065835,0.14879865630091818,0.30458535493380284,0.06030403297752353,0.17991559681266509,0.26713530476010394
34,OnlineFPCA-sgd,0.1,1500,100,face,3,5,0.80175518989563,8,2,0.1665529310114244,0.14312206478711864,0.29277634500784605,0.03981999217877095,0.17023719107798022,0.2703533653882594
34,OnlineFPCA-sgd,0.1,1600,100,face,3,5,0.825523614883423,8,2,0.14749236261121318,0.17086069546476856,0.23811306054689188,0.028690802079321856,0.15827818779037642,0.26407065935528384
34,OnlineFPCA-sgd,0.1,1700,100,face,3,5,0.79646110534668,8,2,0.2513772726727286,0.11811937765347727,0.27587753685365834,0.03286303465378564,0.14535293451801953,0.2578718507345918
34,OnlineFPCA-sgd,0.1,1800,100,face,3,5,0.815376043319702,8,2,0.21036500046801435,0.31593658421081444,0.1718138173721772,0.03681402813157439,0.1340219530577214,0.2493448383382692
34,OnlineFPCA-sgd,0.1,1900,100,face,3,5,0.826071262359619,8,2,0.14359563599301586,0.15256801217873928,0.2614080339539592,0.040523291947936836,0.12978042523972674,0.24347493177359136
34,OnlineFPCA-sgd,0.1,2000,100,face,3,5,0.847662210464478,8,2,0.24178273636885445,0.20952458152965722,0.1615333990265182,0.03544975008319248,0.12454547463835286,0.23850171979255794
34,OnlineFPCA-sgd,0.1,2100,100,face,3,5,0.781208276748657,8,2,0.282004578362049,0.2247480454132019,0.22611673302136712,0.027985684152279717,0.11609420418490081,0.22749208718661096
34,OnlineFPCA-sgd,0.1,2200,100,face,3,5,1.00655817985535,8,2,0.19093894784967663,0.22202136100538383,0.27462958561773837,0.01731972289500844,0.11388270656213426,0.2210208191744401
34,OnlineFPCA-sgd,0.1,2300,100,face,3,5,0.800875186920166,8,2,0.259400493283182,0.18764383077739735,0.25879416948267414,0.020061141169088473,0.1084079588253207,0.21782070975307413
34,OnlineFPCA-sgd,0.1,2400,100,face,3,5,0.813652276992798,8,2,0.21999729294664608,0.20605585327334344,0.17999256810370043,0.015452862348016733,0.1027111054440056,0.21361705546044288
34,OnlineFPCA-sgd,0.1,2500,100,face,3,5,0.78267240524292,8,2,0.21617817983485577,0.2146321827380704,0.22847668901978074,0.017772207928973795,0.09297389677608081,0.2042250518187058
34,OnlineFPCA-sgd,0.1,2600,100,face,3,5,0.775539875030518,8,2,0.20713774654426814,0.1698276174238628,0.29980178306443583,0.01911841534581598,0.09050667953404928,0.19812120452465934
34,OnlineFPCA-sgd,0.1,2700,100,face,3,5,0.796909093856812,8,2,0.18676554060930262,0.21061584132839173,0.256302863839167,0.01857725995798878,0.09044050017232745,0.1972857888058488
34,OnlineFPCA-sgd,0.1,2800,100,face,3,5,0.788920164108276,8,2,0.15544235832923783,0.22728073886444738,0.269485450701817,0.01983990994619165,0.08826126908857637,0.1948280871360758
34,OnlineFPCA-sgd,0.1,2900,100,face,3,5,0.787786722183228,8,2,0.29995336661895405,0.25072187870714713,0.19457477705516196,0.022337622258067624,0.09138349982084575,0.19362271327432365
34,OnlineFPCA-sgd,0.1,3000,100,face,3,5,0.797617197036743,8,2,0.18723858003859226,0.25146784433409936,0.22424447897660704,0.024182364099827828,0.09584828771059765,0.1921768403889053
34,OnlineFPCA-sgd,0.1,3100,100,face,3,5,0.777608871459961,8,2,0.1793523528995719,0.19383159295643054,0.13885806722419708,0.022989632161458197,0.09978269979902449,0.18941382005262464
34,OnlineFPCA-sgd,0.1,3200,100,face,3,5,0.787817239761353,8,2,0.2819068881685676,0.09743696824597542,0.14311819621283617,0.02290860627591042,0.09831836358713802,0.184929072840914
34,OnlineFPCA-sgd,0.1,3300,100,face,3,5,0.796351432800293,8,2,0.21490017263573039,0.2574388839652639,0.3103367656848383,0.022977386226515538,0.09668504341443575,0.18014814000502125
34,OnlineFPCA-sgd,0.1,3400,100,face,3,5,0.797400712966919,8,2,0.19590265473039614,0.20076265428497053,0.3509684207253588,0.023289176940720777,0.09636526370309238,0.18058365875902838
34,OnlineFPCA-sgd,0.1,3500,100,face,3,5,0.795883417129517,8,2,0.23670261407918544,0.19757506044220657,0.310235665222831,0.025311476743163162,0.09442115459906666,0.1827745900655765
34,OnlineFPCA-sgd,0.1,3600,100,face,3,5,0.793370008468628,8,2,0.2367679555919836,0.12163834831058112,0.19183568976530277,0.024472313873192375,0.09275069988704658,0.18196470199291104
34,OnlineFPCA-sgd,0.1,3700,100,face,3,5,0.790422916412354,8,2,0.2243849583767338,0.19107896246310282,0.11959391436148387,0.02295970096254158,0.08736085384226847,0.17670604290181569
34,OnlineFPCA-sgd,0.1,3800,100,face,3,5,0.797611713409424,8,2,0.1706243579680673,0.23507877151166698,0.15051761819513504,0.02326579033355336,0.08321467886176045,0.17133922990452896
34,OnlineFPCA-sgd,0.1,3900,100,face,3,5,0.957643270492554,8,2,0.19187784951683395,0.3549583107587688,0.2557373495232365,0.02296900977949704,0.08096442766806472,0.16913634065657746
34,OnlineFPCA-sgd,0.1,4000,100,face,3,5,0.786873340606689,8,2,0.019336293143913712,0.07872990693629768,0.17065614104969493,0.019336293143913712,0.07872990693629768,0.17065614104969493
34,OnlineFPCA-sgd,0.1,4100,100,face,3,5,0.805663347244263,8,2,0.25922263251669603,0.15679776007701116,0.10186595505201314,0.1753770033844527,0.07940047828106443,0.1377234514031441
34,OnlineFPCA-sgd,0.1,4200,100,face,3,5,0.787728548049927,8,2,0.15320029103466543,0.13480554833831696,0.1886993609061859,0.16485998945716152,0.09300032261002979,0.11160788283257353
34,OnlineFPCA-sgd,0.1,4300,100,face,3,5,0.800766229629517,8,2,0.2550285752495242,0.17161782026452402,0.26029820160981243,0.09503134783082812,0.10601065080277758,0.13812410360481345
34,OnlineFPCA-sgd,0.1,4400,100,face,3,5,0.801955461502075,8,2,0.1506420569467778,0.1369763392553388,0.44036830528099596,0.06527243084044805,0.09014021444100112,0.21039470254338258
34,OnlineFPCA-sgd,0.1,4500,100,face,3,5,0.79402232170105,8,2,0.17858225835085056,0.23398973500885953,0.31293071294484004,0.06538134173819166,0.09476161381737294,0.24136366539140575
34,OnlineFPCA-sgd,0.1,4600,100,face,3,5,0.794501304626465,8,2,0.3218995261540811,0.1438281810820238,0.41438079611437884,0.07693661873555288,0.08985082715413514,0.2529611752221861
34,OnlineFPCA-sgd,0.1,4700,100,face,3,5,0.796356201171875,8,2,0.20125498861877777,0.2215354241480384,0.17453840304736565,0.07264408442580163,0.07874025392798394,0.2498597160710798
34,OnlineFPCA-sgd,0.1,4800,100,face,3,5,0.792153835296631,8,2,0.22060833459064597,0.21047707090800555,0.26057803495261206,0.06157898958896986,0.08264850206078407,0.2395917189691818
34,OnlineFPCA-sgd,0.1,4900,100,face,3,5,0.819680452346802,8,2,0.15039494023024466,0.1778347616132452,0.3549665264963015,0.061416002783898624,0.09259789494921364,0.24045037829410468
34,OnlineFPCA-sgd,0.1,5000,100,face,3,5,0.807686805725098,8,2,0.18391532008608236,0.16728366817041435,0.40135420356155743,0.061839483959445246,0.09482825155914987,0.2482930591035482
34,OnlineFPCA-sgd,0.1,5100,100,face,3,5,0.130776643753052,8,2,0.11445195196239998,0.12756516715706198,0.29671220885808886,0.060448782043488955,0.09350872754281452,0.2518230989609983
34,OnlineFPCA-sgd,0.1,5200,100,face,3,5,0.120861053466797,8,2,0.16731865135482937,0.1868689598788619,0.2269707189994086,0.05739839358682088,0.09493018484393434,0.24752065522555822
34,OnlineFPCA-sgd,0.1,5300,100,face,3,5,0.12419581413269,8,2,0.1390252297922349,0.14939824058558368,0.17525513865633138,0.05897365071918698,0.09737411064116736,0.2377472811900191
34,OnlineFPCA-sgd,0.1,5400,100,face,3,5,0.126120567321777,8,2,0.15397813852083825,0.16437077548535123,0.25366725671135726,0.061202968040403545,0.09362312502894186,0.23440018693453882
34,OnlineFPCA-sgd,0.1,5500,100,face,3,5,0.141377210617065,8,2,0.2679478200618092,0.18423696002438195,0.2811064268643885,0.05104851079268969,0.08233686535980915,0.23231489468909236
34,OnlineFPCA-sgd,0.1,5600,100,face,3,5,0.154119968414307,8,2,0.24268831723769432,0.21884968481228828,0.22351682880853388,0.04057895492034981,0.06488189860710768,0.2307030294741801
34,OnlineFPCA-sgd,0.1,5700,100,face,3,5,0.131610870361328,8,2,0.2315750806489718,0.12013065250385545,0.28663955263611773,0.04120160739838988,0.056830202804515395,0.22724496693874133
34,OnlineFPCA-sgd,0.1,5800,100,face,3,5,0.13550591468811,8,2,0.23029237862502955,0.15184742804452372,0.32217714964663946,0.03786360171514704,0.04533035275561702,0.22534099378961306
34,OnlineFPCA-sgd,0.1,5900,100,face,3,5,0.126226663589478,8,2,0.18937097761559354,0.14285971327381705,0.36574606904658225,0.03678818501145509,0.04001353202347971,0.22673187512206927
34,OnlineFPCA-sgd,0.1,6000,100,face,3,5,0.131349325180054,8,2,0.23592308650437963,0.2607350952354064,0.37129865767633785,0.0328983978109523,0.03847581444014929,0.23088574050551477
34,OnlineFPCA-sgd,0.1,6100,100,face,3,5,0.127224206924438,8,2,0.17021139551908698,0.21045654610962658,0.38949774922270336,0.027436360735829238,0.04203762153191378,0.23518728975850467
34,OnlineFPCA-sgd,0.1,6200,100,face,3,5,0.131628274917603,8,2,0.3680831041787882,0.2646829223205949,0.3728890533005507,0.025264509427133555,0.04688450864017442,0.23972804183540977
34,OnlineFPCA-sgd,0.1,6300,100,face,3,5,0.131015539169312,8,2,0.1930953519515139,0.25652141779096627,0.3355524786878397,0.03042160537852133,0.051599526201674975,0.242577649473989
34,OnlineFPCA-sgd,0.1,6400,100,face,3,5,0.139718055725098,8,2,0.0724718892836866,0.15272201281305575,0.44420064820702587,0.031102557321758456,0.0540898574182017,0.24734085929707145
34,OnlineFPCA-sgd,0.1,6500,100,face,3,5,0.130953073501587,8,2,0.26245675208232067,0.15576202443507278,0.3603068134733254,0.029781410392948092,0.052452825152466735,0.2532053262424646
34,OnlineFPCA-sgd,0.1,6600,100,face,3,5,0.128783226013184,8,2,0.1774882590077384,0.1644298825990231,0.30108669644619235,0.02992342221613411,0.050147277323064274,0.2545501542184045
34,OnlineFPCA-sgd,0.1,6700,100,face,3,5,0.145938396453857,8,2,0.20140509437357546,0.16601255919747804,0.349828304155311,0.028533178330296526,0.04908008352766963,0.25616790603221945
34,OnlineFPCA-sgd,0.1,6800,100,face,3,5,0.135811805725098,8,2,0.2328809027075855,0.286172737084074,0.25087379398890436,0.026389687086305336,0.047406346035509014,0.25829875214134174
34,OnlineFPCA-sgd,0.1,6900,100,face,3,5,0.130387783050537,8,2,0.10973406598065147,0.12490304998847984,0.29520026392360244,0.026176075747487756,0.04675467967125665,0.25725667827327814
34,OnlineFPCA-sgd,0.1,7000,100,face,3,5,0.140996217727661,8,2,0.22738236363739403,0.24733079590189908,0.23479027059221405,0.026504482312198638,0.049487879514005954,0.25640270297504847
34,OnlineFPCA-sgd,0.1,7100,100,face,3,5,0.130297422409058,8,2,0.2266382890302076,0.2195884222919308,0.23684390663175275,0.025307237376730258,0.04936082891513105,0.25306283014941316
34,OnlineFPCA-sgd,0.1,7200,100,face,3,5,0.124689340591431,8,2,0.14301308942781948,0.2844736290620887,0.24639238210468303,0.024379031547721558,0.049709804946777604,0.24996861200238832
34,OnlineFPCA-sgd,0.1,7300,100,face,3,5,0.122688293457031,8,2,0.20031531864721203,0.18496708060322214,0.29133888892954113,0.022527738886352178,0.049709828070036946,0.24822691666868751
34,OnlineFPCA-sgd,0.1,7400,100,face,3,5,0.129939079284668,8,2,0.16181257005947103,0.14793819436179997,0.20959597630742208,0.020750145263024992,0.049233962844213545,0.24659909185002057
34,OnlineFPCA-sgd,0.1,7500,100,face,3,5,0.138346672058105,8,2,0.16574499704807305,0.16377714886089717,0.2917808231350972,0.01937076525616013,0.04798061096649168,0.24354013617608444
34,OnlineFPCA-sgd,0.1,7600,100,face,3,5,0.1236891746521,8,2,0.1670410929383719,0.14396431902602289,0.34254580377964683,0.017712533285949805,0.04605591797999392,0.2414509076098733
34,OnlineFPCA-sgd,0.1,7700,100,face,3,5,0.143006563186646,8,2,0.17764087302903264,0.18824448072350122,0.3055946318636694,0.016183259442913767,0.044455402345959405,0.23996075260480917
34,OnlineFPCA-sgd,0.1,7800,100,face,3,5,0.145575523376465,8,2,0.1088603807928018,0.11305903500338679,0.3483340846563474,0.015576935048566403,0.04172775892534233,0.2379200279744913
34,OnlineFPCA-sgd,0.1,7900,100,face,3,5,0.14185094833374,8,2,0.1623006769580852,0.18838853478317033,0.2737350330055158,0.015148298329981382,0.042163980269988806,0.23748921243783153
34,OnlineFPCA-sgd,0.1,8000,100,face,3,5,0.143428325653076,8,2,0.17142426649513573,0.19960359018433688,0.2571759222480135,0.014563281479783753,0.04407928940698823,0.23614372214002302
34,OnlineFPCA-sgd,0.1,8100,100,face,3,5,0.155946493148804,8,2,0.13964479016256648,0.16234798079224733,0.1313248621950022,0.013481318180124118,0.046290419789200135,0.23332278660482442
34,OnlineFPCA-sgd,0.1,8200,100,face,3,5,0.144886255264282,8,2,0.2316574143683623,0.057190721156061664,0.09814801896483394,0.012843014447210014,0.04641445881732783,0.22940676200450705
34,OnlineFPCA-sgd,0.1,8300,100,face,3,5,0.131657123565674,8,2,0.15213743810200464,0.2108275761898479,0.21868557430368762,0.014399756228045188,0.04527902470786697,0.22409362598675678
34,OnlineFPCA-sgd,0.1,8400,100,face,3,5,0.139277458190918,8,2,0.1469044318283442,0.16847742431569193,0.25747321551912095,0.015084917132651044,0.04690031011597949,0.22074555508846339
34,OnlineFPCA-sgd,0.1,8500,100,face,3,5,0.140436172485352,8,2,0.19724637781477405,0.16978441058054897,0.26534261333014053,0.017247558090263904,0.04805781079030535,0.21837973429214336
34,OnlineFPCA-sgd,0.1,8600,100,face,3,5,0.129262208938599,8,2,0.1470933221367708,0.09467116418025602,0.1990937099591342,0.017361709459276082,0.04857108956787254,0.21587718508088144
34,OnlineFPCA-sgd,0.1,8700,100,face,3,5,0.139934062957764,8,2,0.15482310996424456,0.12489182651329671,0.13276873201470146,0.018472843035738762,0.04765005733733666,0.21240480796424716
34,OnlineFPCA-sgd,0.1,8800,100,face,3,5,0.139172792434692,8,2,0.11803592029236967,0.16613650191818174,0.11905090715950747,0.018744833040773713,0.046774141680827816,0.20860925011853226
34,OnlineFPCA-sgd,0.1,8900,100,face,3,5,0.136391401290894,8,2,0.17538406375678003,0.30646125172989347,0.19366582328882398,0.01986306502350545,0.048176618864580106,0.20559094876969597
34,OnlineFPCA-sgd,0.1,9000,100,face,3,5,0.138271331787109,8,2,0.2321473087442218,0.21141909909905007,0.2587298230588475,0.019479149191290936,0.04924518153937893,0.20507372294898868
34,OnlineFPCA-sgd,0.1,9100,100,face,3,5,0.1319739818573,8,2,0.23559376027186735,0.21068608052118326,0.21127923945549343,0.020256136119209612,0.050086985098528186,0.205267255362307
34,OnlineFPCA-sgd,0.1,9200,100,face,3,5,0.132164478302002,8,2,0.14464209328314717,0.14763737159135343,0.23269528912121593,0.02212110880543208,0.05064213724522796,0.2041520769056748
34,OnlineFPCA-sgd,0.1,9300,100,face,3,5,0.126970529556274,8,2,0.2076817975953238,0.17489694259631797,0.2666611376256427,0.022563224460775563,0.05025224476913117,0.2043009204256713
34,OnlineFPCA-sgd,0.1,9400,100,face,3,5,0.13088059425354,8,2,0.12772844968917474,0.11978413980506049,0.36903670900669444,0.02232716107727909,0.05042833091142936,0.20648496211204068
34,OnlineFPCA-sgd,0.1,9500,100,face,3,5,0.132982015609741,8,2,0.15475727251744514,0.20603302038319782,0.30424191487719443,0.0238132814203332,0.051022573969328265,0.2081431185481358
34,OnlineFPCA-sgd,0.1,9600,100,face,3,5,0.125070333480835,8,2,0.2753822162062395,0.12934909529926114,0.36692235598540696,0.025479375558284407,0.05029115530584523,0.209786331664508
34,OnlineFPCA-sgd,0.1,9700,100,face,3,5,0.131806135177612,8,2,0.14503009978704148,0.20023670657735476,0.21687772692054894,0.026179660121501656,0.05116806693572951,0.21089701939368335
34,OnlineFPCA-sgd,0.1,9800,100,face,3,5,0.125222444534302,8,2,0.16550131969021956,0.20440593180788677,0.2585690716535111,0.025345897656709603,0.05154719387228807,0.2104512684433843
34,OnlineFPCA-sgd,0.1,9900,100,face,3,5,0.132467269897461,8,2,0.14447532548589917,0.1735923721443319,0.3129858327403007,0.025536133956714717,0.05216473038645355,0.21057983425994967
34,OnlineFPCA-sgd,0.1,10000,100,face,3,5,0.139525413513184,8,2,0.15895051695778176,0.1711825864980284,0.35554872350061956,0.02595171989262329,0.052307940886623036,0.21086504914408452
34,OnlineFPCA-sgd,0.1,10100,100,face,3,5,0.136964559555054,8,2,0.08730282115847564,0.1454739512117111,0.2812912420933976,0.026429770137119155,0.052122599861670386,0.21099899707312866
34,OnlineFPCA-sgd,0.1,10200,100,face,3,5,0.137211322784424,8,2,0.15016683712715057,0.17921457455780845,0.21203369751691165,0.026828538961073328,0.05200221055043079,0.21088921928291346
34,OnlineFPCA-sgd,0.1,10300,100,face,3,5,0.134313821792603,8,2,0.11114450737554239,0.16214695825192554,0.18570815903676152,0.027010284171931152,0.052333306153639285,0.21026005449347346
34,OnlineFPCA-sgd,0.1,10400,100,face,3,5,0.140219688415527,8,2,0.11572274153824216,0.18015328979166698,0.23149966316393142,0.027765222093662407,0.052253376886887554,0.2101978811209559
34,OnlineFPCA-sgd,0.1,10500,100,face,3,5,0.130655288696289,8,2,0.21156965168358646,0.1591749187397199,0.25067028195715196,0.026384803927701435,0.05108397360317765,0.21015452105982937
34,OnlineFPCA-sgd,0.1,10600,100,face,3,5,0.137870073318481,8,2,0.2105307118082803,0.17991229093190123,0.21028303588550817,0.024192188462751858,0.04992587176166297,0.21025032009233255
34,OnlineFPCA-sgd,0.1,10700,100,face,3,5,0.128911733627319,8,2,0.23944538273743612,0.10449826087483673,0.2601433551694092,0.024459383473890497,0.04969279058766219,0.21018800769236917
34,OnlineFPCA-sgd,0.1,10800,100,face,3,5,0.129470109939575,8,2,0.19486033460611782,0.15001288524600823,0.28032558125120816,0.023900017245639903,0.050196450142991386,0.21025537525042684
34,OnlineFPCA-sgd,0.1,10900,100,face,3,5,0.130635738372803,8,2,0.16654067990883395,0.13639837891867151,0.3134144816105778,0.023741878809375207,0.050354363693857436,0.21072813514704003
34,OnlineFPCA-sgd,0.1,11000,100,face,3,5,0.128271102905273,8,2,0.20313244690639223,0.19750310506200913,0.3346097231875589,0.02290421708678563,0.05071249070249226,0.2118738181784007
34,OnlineFPCA-sgd,0.1,11100,100,face,3,5,0.127602815628052,8,2,0.15474903703156784,0.18411881742544203,0.35034396725571737,0.02148583446798756,0.051662458123642854,0.213247100124282
34,OnlineFPCA-sgd,0.1,11200,100,face,3,5,0.129499197006226,8,2,0.3001494732170166,0.2256736652541421,0.31877102464927476,0.020858257440355982,0.052752438120165265,0.21437164387931204
34,OnlineFPCA-sgd,0.1,11300,100,face,3,5,0.125855684280396,8,2,0.17422883516980447,0.23514699250551135,0.30545459598240077,0.022713219223547385,0.054926758372413564,0.21501369371538248
34,OnlineFPCA-sgd,0.1,11400,100,face,3,5,0.141012668609619,8,2,0.049547002012083376,0.1450460714241116,0.3875893629642219,0.022921915966499506,0.05663579489741475,0.21632135054757407
34,OnlineFPCA-sgd,0.1,11500,100,face,3,5,0.122523307800293,8,2,0.22674069896880844,0.15056802157152377,0.32790926706915274,0.022816368289945425,0.05738601962667189,0.21806593420131795
34,OnlineFPCA-sgd,0.1,11600,100,face,3,5,0.131601333618164,8,2,0.13316314678425764,0.14529622771701767,0.2869131891283524,0.023274920655283846,0.05758973176471891,0.21865900898047264
34,OnlineFPCA-sgd,0.1,11700,100,face,3,5,0.129304647445679,8,2,0.16005137228415295,0.1477429138378802,0.3269461029297686,0.022946489521020286,0.0578025494128425,0.21935283751022241
34,OnlineFPCA-sgd,0.1,11800,100,face,3,5,0.157230377197266,8,2,0.19794905417752792,0.23318842977680276,0.2595592661899307,0.022417265227140454,0.058167781639573674,0.22022588610660654
34,OnlineFPCA-sgd,0.1,11900,100,face,3,5,0.173125028610229,8,2,0.09042200252498775,0.11941604410811713,0.29150478809005315,0.022081510438300082,0.05840978510285466,0.2204745921966226
34,OnlineFPCA-sgd,0.1,12000,100,face,3,5,0.167549133300781,8,2,0.20080827074502464,0.2086344336471421,0.2532636452352645,0.021842036809272963,0.059071342392636575,0.2209613588585188
34,OnlineFPCA-sgd,0.1,12100,100,face,3,5,0.146174669265747,8,2,0.1708843062822782,0.18502735570684198,0.23635138653982202,0.02135010008937444,0.05951306654099707,0.2206986776409003
34,OnlineFPCA-sgd,0.1,12200,100,face,3,5,0.142563343048096,8,2,0.10827505988738828,0.24646135711009484,0.24128758609017248,0.021544382096835936,0.060028779424109786,0.2202242766468376
34,OnlineFPCA-sgd,0.1,12300,100,face,3,5,0.148720979690552,8,2,0.1519084916671825,0.1822857686563464,0.26346057876965867,0.020987136589471312,0.0604630563500129,0.22019897617753306
34,OnlineFPCA-sgd,0.1,12400,100,face,3,5,0.15148401260376,8,2,0.12440226594541409,0.13040949768759555,0.20604730653323006,0.0204433019958067,0.06045862586427248,0.22016022544116737
34,OnlineFPCA-sgd,0.1,12500,100,face,3,5,0.143889427185059,8,2,0.14106170010733451,0.1359388169883796,0.26794003046385034,0.020181452571608922,0.0602402903977662,0.21969699791942074
34,OnlineFPCA-sgd,0.1,12600,100,face,3,5,0.143610239028931,8,2,0.1330888726060964,0.11640560677252747,0.3061106559734728,0.019658973382777972,0.059500993576012094,0.21961345222078846
34,OnlineFPCA-sgd,0.1,12700,100,face,3,5,0.142864942550659,8,2,0.1588514128502776,0.15901447836842583,0.279112839186592,0.01906996542303637,0.05867147591757277,0.2196421290320608
34,OnlineFPCA-sgd,0.1,12800,100,face,3,5,0.149593353271484,8,2,0.09145737513360586,0.08474398556838147,0.32221815355298694,0.018727443865080882,0.057500470195324116,0.21935456963989294
34,OnlineFPCA-sgd,0.1,12900,100,face,3,5,0.146230220794678,8,2,0.10806178337314759,0.1428400989560741,0.2753276604682679,0.01850843261409375,0.05716133773630622,0.21956970164712536
34,OnlineFPCA-sgd,0.1,13000,100,face,3,5,0.135037183761597,8,2,0.154090671326795,0.16555125297354925,0.2614565424775029,0.01806455572387227,0.057405698145147455,0.2194448185234405
34,OnlineFPCA-sgd,0.1,13100,100,face,3,5,0.133012533187866,8,2,0.12230970141185689,0.1444173398604803,0.15120085647817821,0.017461452060930954,0.05789860846152842,0.21874342353275714
34,OnlineFPCA-sgd,0.1,13200,100,face,3,5,0.12626314163208,8,2,0.19807792093509372,0.05337424860339805,0.1113338087424275,0.01690524550593096,0.057842377724823646,0.21749357358073051
34,OnlineFPCA-sgd,0.1,13300,100,face,3,5,0.125025749206543,8,2,0.1197625334799576,0.1777195844061165,0.1891137869732401,0.017412365706815824,0.05710235910156093,0.21563695210110517
34,OnlineFPCA-sgd,0.1,13400,100,face,3,5,0.127588033676147,8,2,0.1213917172943303,0.14794984479012455,0.22416713195380814,0.01771098560725623,0.05727709022482379,0.21441456961238003
34,OnlineFPCA-sgd,0.1,13500,100,face,3,5,0.13587498664856,8,2,0.17270288885355073,0.1554183570571167,0.2470544398388184,0.018486019571523158,0.05760860938933354,0.21350366840841778
34,OnlineFPCA-sgd,0.1,13600,100,face,3,5,0.135547637939453,8,2,0.10825214876356161,0.0899777398785103,0.19764126298837717,0.018437488526947418,0.05777927401204213,0.2124901833539519
34,OnlineFPCA-sgd,0.1,13700,100,face,3,5,0.124413728713989,8,2,0.12734518477433085,0.09459985775200774,0.13985197098249513,0.01895963868077755,0.05756516066066107,0.21107497377519238
34,OnlineFPCA-sgd,0.1,13800,100,face,3,5,0.128094434738159,8,2,0.09751345069814069,0.13655962773731642,0.11070196722938128,0.019019432929161258,0.057239033439131004,0.2094044085668506
34,OnlineFPCA-sgd,0.1,13900,100,face,3,5,0.131251096725464,8,2,0.16124938555078708,0.2744852398683321,0.16755793109871792,0.019638359119542807,0.057910865725126964,0.20797099255819562
34,OnlineFPCA-sgd,0.1,14000,100,face,3,5,0.133633852005005,8,2,0.20883626795661636,0.19548983471529208,0.22044481260874949,0.019610590574601468,0.058481882937680925,0.20745543988752907
34,OnlineFPCA-sgd,0.1,14100,100,face,3,5,0.129513263702393,8,2,0.2148175698191826,0.19242576590484883,0.18503988952037675,0.019997776632334482,0.05889762638949267,0.20729423630030394
34,OnlineFPCA-sgd,0.1,14200,100,face,3,5,0.124423980712891,8,2,0.14541374232879672,0.13186466620802528,0.2013533396650628,0.020829256030771365,0.059091528199759116,0.20664658971785788
34,OnlineFPCA-sgd,0.1,14300,100,face,3,5,0.127052068710327,8,2,0.18557651977607478,0.15858915089708522,0.23776486422314866,0.021065631832510767,0.05888598840328165,0.2065284932504053
34,OnlineFPCA-sgd,0.1,14400,100,face,3,5,0.13228702545166,8,2,0.11610235091260941,0.09881825919858102,0.3178726870720631,0.020994142727240955,0.05884426173378276,0.20720229963830944
34,OnlineFPCA-sgd,0.1,14500,100,face,3,5,0.131428718566895,8,2,0.14268268751052943,0.17938230013259926,0.27426597468718134,0.02173277519824086,0.05900301680195888,0.20771191394633132
34,OnlineFPCA-sgd,0.1,14600,100,face,3,5,0.137052297592163,8,2,0.24920582972448913,0.10358561350689574,0.3194805442415662,0.022548461669585185,0.058656579308308913,0.20826819197100477
34,OnlineFPCA-sgd,0.1,14700,100,face,3,5,0.126976013183594,8,2,0.11647703561058984,0.1626451018879039,0.1961843404243549,0.023031524230018263,0.05893484451490765,0.20863153850369437
34,OnlineFPCA-sgd,0.1,14800,100,face,3,5,0.133325338363647,8,2,0.13798038035528512,0.17552454106742343,0.23061565265727318,0.022643452273682366,0.05896446419625001,0.20831942331730038
34,OnlineFPCA-sgd,0.1,14900,100,face,3,5,0.129103183746338,8,2,0.1377114550482222,0.16140210316637696,0.27711644502550614,0.02271163009183467,0.05901418254548446,0.20820388600058137
34,OnlineFPCA-sgd,0.1,15000,100,face,3,5,0.128220558166504,8,2,0.1444304528253053,0.15676566782165216,0.31526922041878114,0.022907052408149987,0.05891496989432861,0.2081326491186036
34,OnlineFPCA-sgd,0.1,0,100,face,3,5,6.49993443489075,8,4,0.1928146832635463,0.4385400960163578,0.4288529981360048,0.1928146832635463,0.4385400960163578,0.4288529981360048
34,OnlineFPCA-sgd,0.1,100,100,face,3,5,0.589131355285645,8,4,0.3912006556844463,0.3419787998878103,0.40301717934964265,NA,NA,NA
34,OnlineFPCA-sgd,0.1,200,100,face,3,5,0.589091777801514,8,4,0.33800963638053005,0.4366129459383754,0.8926398843186059,NA,NA,NA
34,OnlineFPCA-sgd,0.1,300,100,face,3,5,0.586974382400513,8,4,0.4930328859864825,0.38943775501398076,0.27869275684275663,NA,NA,NA
34,OnlineFPCA-sgd,0.1,400,100,face,3,5,0.577346324920654,8,4,0.6565863354676638,0.1662834058623468,0.2896021090166866,NA,NA,NA
34,OnlineFPCA-sgd,0.1,500,100,face,3,5,0.582805633544922,8,4,0.6787537098336247,0.27700718744502806,0.47223650700948655,NA,NA,NA
34,OnlineFPCA-sgd,0.1,600,100,face,3,5,0.589289903640747,8,4,0.5988165281796202,0.26823589300593426,0.47110568726989216,NA,NA,NA
34,OnlineFPCA-sgd,0.1,700,100,face,3,5,0.586030960083008,8,4,0.5346257347971537,0.27124275527379305,0.4751890449170337,NA,NA,NA
34,OnlineFPCA-sgd,0.1,800,100,face,3,5,0.593295335769653,8,4,0.4286016754390276,0.2508065375149452,0.4565295077736404,NA,NA,NA
34,OnlineFPCA-sgd,0.1,900,100,face,3,5,0.767414331436157,8,4,0.4015466489793166,0.25796743517156945,0.4647658947462198,NA,NA,NA
34,OnlineFPCA-sgd,0.1,1000,100,face,3,5,0.574102163314819,8,4,0.32581680785436795,0.24751051693392168,0.4393793599291415,NA,NA,NA
34,OnlineFPCA-sgd,0.1,1100,100,face,3,5,0.820098161697388,8,4,0.22548615027592456,0.18700984534894244,0.31724258345265394,0.18487580827145442,0.22289274427333275,0.38154035019864124
34,OnlineFPCA-sgd,0.1,1200,100,face,3,5,0.842246294021606,8,4,0.20098511282780615,0.1646506986274462,0.27909702734511804,0.13255163624412789,0.18149371437968642,0.3207597388852371
34,OnlineFPCA-sgd,0.1,1300,100,face,3,5,0.83928656578064,8,4,0.12239478274353482,0.13419375560854677,0.19080733465882393,0.07706126665734596,0.14485035071849184,0.2779231762505144
34,OnlineFPCA-sgd,0.1,1400,100,face,3,5,0.800726175308228,8,4,0.06888663856326604,0.08955138849110778,0.2876658825470351,0.061831849208671734,0.11708497368297494,0.2567705927811847
34,OnlineFPCA-sgd,0.1,1500,100,face,3,5,0.809973955154419,8,4,0.16012775144798033,0.11324854545979401,0.26557402516238104,0.04166299500071567,0.10978349048188102,0.25460726693006586
34,OnlineFPCA-sgd,0.1,1600,100,face,3,5,0.79941725730896,8,4,0.12160159268100103,0.1157516987570299,0.22754204978737733,0.027207237668234,0.09940788706318485,0.2493382386815923
34,OnlineFPCA-sgd,0.1,1700,100,face,3,5,0.837369441986084,8,4,0.19348848567436921,0.0904137697820425,0.26557874381001634,0.0279861171263071,0.0898955001197062,0.24400762575007479
34,OnlineFPCA-sgd,0.1,1800,100,face,3,5,0.848598718643188,8,4,0.16369259005535833,0.23687305848945556,0.18554861029908423,0.031926593557217824,0.0811542203897286,0.2381775381122433
34,OnlineFPCA-sgd,0.1,1900,100,face,3,5,0.834807395935059,8,4,0.11635745329215388,0.11407291454318537,0.24990160011781135,0.03607496912097835,0.07827346688892026,0.2331855542900141
34,OnlineFPCA-sgd,0.1,2000,100,face,3,5,0.793164968490601,8,4,0.19717927579496414,0.12561325490436762,0.18144996460830046,0.03055434593702031,0.07586097818397584,0.23047232237204915
34,OnlineFPCA-sgd,0.1,2100,100,face,3,5,0.811876535415649,8,4,0.18821132710683303,0.19732725141260443,0.229449978627406,0.024840265873808137,0.07193711740760453,0.22259589464874582
34,OnlineFPCA-sgd,0.1,2200,100,face,3,5,0.826342582702637,8,4,0.18845073315211935,0.15057825838786393,0.29405824627687405,0.014513906403453803,0.0728508064377337,0.21812234620992713
34,OnlineFPCA-sgd,0.1,2300,100,face,3,5,0.818117141723633,8,4,0.2567402991826103,0.18569379410570908,0.24859098927245135,0.018090071737277873,0.0695375113548669,0.21636175657451934
34,OnlineFPCA-sgd,0.1,2400,100,face,3,5,0.831668376922607,8,4,0.2244308924176034,0.21296596832198586,0.1796969133320976,0.014228662828102536,0.06630541739327982,0.2132794523476186
34,OnlineFPCA-sgd,0.1,2500,100,face,3,5,0.810648918151855,8,4,0.22219885824983396,0.1812337005603859,0.17166393343675534,0.018466496129207303,0.06154590484314591,0.20417844577543315
34,OnlineFPCA-sgd,0.1,2600,100,face,3,5,0.824726104736328,8,4,0.1890230575301719,0.10845611526193431,0.21033786356101142,0.019106581408763923,0.06141438403858945,0.19807076862424552
34,OnlineFPCA-sgd,0.1,2700,100,face,3,5,0.847702503204346,8,4,0.1963040016599505,0.14642535930276432,0.18160866602593054,0.018013243034674685,0.06203942454628278,0.19551088145585171
34,OnlineFPCA-sgd,0.1,2800,100,face,3,5,0.864960908889771,8,4,0.11876504864579453,0.23294263047119912,0.20501505688518892,0.019898902215137827,0.06273846469607365,0.1919506402357277
34,OnlineFPCA-sgd,0.1,2900,100,face,3,5,0.842169761657715,8,4,0.2595891413330243,0.19010159715055924,0.272790086775755,0.02149359682905272,0.06708034298138267,0.19405536384035924
34,OnlineFPCA-sgd,0.1,3000,100,face,3,5,0.894826173782349,8,4,0.16352649948986778,0.1846442097637786,0.24573785719566535,0.023220426840530887,0.07141660263154742,0.19500960243521817
34,OnlineFPCA-sgd,0.1,3100,100,face,3,5,0.930811643600464,8,4,0.17460112971299677,0.13336168712187754,0.192600465775121,0.02223911475412588,0.07353888912714485,0.19416363088616675
34,OnlineFPCA-sgd,0.1,3200,100,face,3,5,0.897573232650757,8,4,0.2305536084039351,0.11203073860076897,0.19955318770698852,0.022474358888887488,0.07270279831497915,0.19414249709863668
34,OnlineFPCA-sgd,0.1,3300,100,face,3,5,0.880739688873291,8,4,0.21032844201862858,0.20355382784554082,0.3093809614292578,0.021682479392666345,0.07287845319514687,0.1943006716955633
34,OnlineFPCA-sgd,0.1,3400,100,face,3,5,0.864303827285767,8,4,0.17036284835166152,0.15592141589955133,0.37743663679855477,0.021679134391520145,0.07378014220752614,0.19714086844674594
34,OnlineFPCA-sgd,0.1,3500,100,face,3,5,0.884775876998901,8,4,0.20891306038900487,0.16915295587559245,0.30407493929774154,0.021878400693590233,0.0729721389939367,0.20142889325655136
34,OnlineFPCA-sgd,0.1,3600,100,face,3,5,0.893671274185181,8,4,0.22798645002898948,0.11588514547540107,0.16358636597982876,0.021153289395314835,0.07138267365951083,0.20093455079433561
34,OnlineFPCA-sgd,0.1,3700,100,face,3,5,0.921004056930542,8,4,0.2193306863059991,0.16495034036690973,0.1332069901639738,0.018061473175182995,0.06625888047670386,0.1960152649863129
34,OnlineFPCA-sgd,0.1,3800,100,face,3,5,0.932653188705444,8,4,0.1837277932929403,0.19016426387450092,0.19127019625212477,0.017901019305837342,0.06237922666621812,0.19078150532800836
34,OnlineFPCA-sgd,0.1,3900,100,face,3,5,0.877538442611694,8,4,0.17924996767029514,0.3278567856788028,0.24866042107903757,0.017448344512209193,0.05873615980410099,0.1880970828679088
34,OnlineFPCA-sgd,0.1,4000,100,face,3,5,0.853930234909058,8,4,0.013883351104245916,0.0554294422773703,0.18860891812271371,0.013883351104245916,0.0554294422773703,0.18860891812271371
34,OnlineFPCA-sgd,0.1,4100,100,face,3,5,0.846012353897095,8,4,0.2584251347784215,0.14021847713976848,0.12622790034541959,0.17204331411714632,0.07198075375744868,0.17052160873838731
34,OnlineFPCA-sgd,0.1,4200,100,face,3,5,0.811691761016846,8,4,0.13473737895859578,0.12537962119092125,0.2259245963951052,0.1590869113467355,0.07712154927672871,0.14718692319682739
34,OnlineFPCA-sgd,0.1,4300,100,face,3,5,0.922916650772095,8,4,0.22840893333267182,0.1477970343959535,0.25457640253140396,0.09167266458527254,0.08214937307055632,0.1702864017614565
34,OnlineFPCA-sgd,0.1,4400,100,face,3,5,0.79059910774231,8,4,0.14680202719080698,0.09449065050013129,0.35279000180118014,0.0612960146152765,0.05904325430313136,0.22155048629198235
34,OnlineFPCA-sgd,0.1,4500,100,face,3,5,0.795399188995361,8,4,0.16079371288330688,0.21419287172460066,0.3002649480140373,0.059811010371863316,0.06624941626712585,0.23797876288784806
34,OnlineFPCA-sgd,0.1,4600,100,face,3,5,0.787368774414062,8,4,0.3015040472768129,0.13802108779817918,0.4176339182623746,0.0683560822000099,0.061117701078600144,0.24898173927840378
34,OnlineFPCA-sgd,0.1,4700,100,face,3,5,0.795696258544922,8,4,0.18027228161714867,0.20790629539726768,0.1704218491573624,0.06205795929876362,0.058471140477569884,0.2470532553616009
34,OnlineFPCA-sgd,0.1,4800,100,face,3,5,0.783826351165771,8,4,0.21580416228564644,0.16853724871591233,0.25270406851090366,0.051340535878089046,0.06824591989608514,0.23541929790648347
34,OnlineFPCA-sgd,0.1,4900,100,face,3,5,0.802321672439575,8,4,0.14459977605132696,0.19115113299374478,0.3389480752874337,0.05151997396658123,0.08051123955747215,0.23612615353932218
34,OnlineFPCA-sgd,0.1,5000,100,face,3,5,0.799520969390869,8,4,0.1831413770522848,0.15473328164734268,0.37679443529553275,0.0533935510997732,0.08293329507568331,0.2435564924046021
34,OnlineFPCA-sgd,0.1,5100,100,face,3,5,0.12043571472168,8,4,0.12490429220678949,0.1205250078866751,0.28007018475411277,0.053346115486817995,0.08046714277932845,0.2477553056848987
34,OnlineFPCA-sgd,0.1,5200,100,face,3,5,0.125289440155029,8,4,0.14531945152855621,0.17724584425454995,0.23675756901467637,0.05053747852172862,0.08116884728638529,0.24506594510199498
34,OnlineFPCA-sgd,0.1,5300,100,face,3,5,0.123395681381226,8,4,0.13364864814012492,0.12861451480456174,0.1848974624761127,0.054412504137098396,0.08149809174014906,0.23627973383935472
34,OnlineFPCA-sgd,0.1,5400,100,face,3,5,0.120707511901855,8,4,0.1423090479998057,0.13765119530596795,0.25285976343682054,0.057748621497926145,0.07704215587152723,0.23349040622020267
34,OnlineFPCA-sgd,0.1,5500,100,face,3,5,0.123023748397827,8,4,0.26558389814636607,0.1661476218271821,0.26896113408424094,0.04751786564837693,0.06561662482113735,0.23115948558358895
34,OnlineFPCA-sgd,0.1,5600,100,face,3,5,0.120287656784058,8,4,0.23114645248616908,0.21821417124187678,0.17117745540826232,0.03748118369131202,0.05095032534155581,0.2289123209914508
34,OnlineFPCA-sgd,0.1,5700,100,face,3,5,0.130634307861328,8,4,0.22404985669267502,0.10671563314419978,0.24070452693669514,0.03894148053826264,0.04716638154831229,0.2249784933847115
34,OnlineFPCA-sgd,0.1,5800,100,face,3,5,0.124688148498535,8,4,0.20393195885197044,0.1181898855448487,0.23540481239040323,0.035738420723786156,0.04342101006351004,0.2213940616874321
34,OnlineFPCA-sgd,0.1,5900,100,face,3,5,0.124900102615356,8,4,0.1836557636994043,0.13138938399257047,0.31079345998909697,0.03413591402320697,0.04197424951862918,0.2206920864611392
34,OnlineFPCA-sgd,0.1,6000,100,face,3,5,0.132028341293335,8,4,0.22545074279326066,0.22082432999418233,0.3422259261825842,0.030610062593885063,0.0422213986077543,0.22313199987431734
34,OnlineFPCA-sgd,0.1,6100,100,face,3,5,0.121499300003052,8,4,0.1806893410075013,0.17016728963196845,0.3656480839774367,0.02610532205198895,0.04593409812277634,0.2268480870216626
34,OnlineFPCA-sgd,0.1,6200,100,face,3,5,0.126836538314819,8,4,0.3662572310377891,0.2802295634437409,0.33443239945438374,0.02472833724067555,0.05100907221110224,0.23121166948281824
34,OnlineFPCA-sgd,0.1,6300,100,face,3,5,0.12536883354187,8,4,0.19299042316576656,0.23543096978247469,0.3086171387091809,0.029297085082841665,0.057384613667392156,0.233902850198022
34,OnlineFPCA-sgd,0.1,6400,100,face,3,5,0.13165020942688,8,4,0.07196415921384376,0.12510703700904258,0.4158454395196782,0.029935440656589492,0.0595379719962243,0.23829492774312475
34,OnlineFPCA-sgd,0.1,6500,100,face,3,5,0.128914594650269,8,4,0.24904229384993298,0.1491269814895751,0.345880942267993,0.028340765617926433,0.058572453298479314,0.24342125090773772
34,OnlineFPCA-sgd,0.1,6600,100,face,3,5,0.126898050308228,8,4,0.1859094748106949,0.14470810267824333,0.28689159122612595,0.027861844081773692,0.0572493682972487,0.2449315365358921
34,OnlineFPCA-sgd,0.1,6700,100,face,3,5,0.126269578933716,8,4,0.200408034752746,0.16298301282669653,0.33644248581133446,0.026514344271731112,0.05643774998554827,0.24705167100260197
34,OnlineFPCA-sgd,0.1,6800,100,face,3,5,0.123916625976562,8,4,0.2188853003346017,0.28393907317595407,0.2414888433608283,0.02435846353203235,0.05487786455209177,0.24918452541762498
34,OnlineFPCA-sgd,0.1,6900,100,face,3,5,0.12909460067749,8,4,0.11426619477219951,0.11477141161465045,0.29174571303152264,0.024369192465616914,0.053920228771777726,0.24824946530740968
34,OnlineFPCA-sgd,0.1,7000,100,face,3,5,0.121123075485229,8,4,0.21790078252468598,0.22333579868260434,0.22158368751805385,0.025039533165306584,0.05543204396814535,0.2476031521693221
34,OnlineFPCA-sgd,0.1,7100,100,face,3,5,0.131362199783325,8,4,0.20517995363374422,0.19903929766411305,0.21536585289049892,0.024168146200862516,0.05521476969499477,0.24463115695494503
34,OnlineFPCA-sgd,0.1,7200,100,face,3,5,0.126679420471191,8,4,0.13658605810178193,0.21208004140845796,0.23457615211901267,0.023033460612322646,0.05520545798445619,0.2418455722234661
34,OnlineFPCA-sgd,0.1,7300,100,face,3,5,0.119932174682617,8,4,0.19871278905264564,0.1717648865981641,0.24418688853361412,0.02107476737925041,0.05485363466244591,0.2407739329983682
34,OnlineFPCA-sgd,0.1,7400,100,face,3,5,0.133699893951416,8,4,0.15973106662922051,0.14367385717404002,0.17260827119782665,0.019553808891641877,0.053586055415285695,0.23914430831810052
34,OnlineFPCA-sgd,0.1,7500,100,face,3,5,0.129006147384644,8,4,0.1712242975350037,0.1644423833091627,0.2249688614865862,0.017864489000247955,0.05246013131578298,0.23616275925224872
34,OnlineFPCA-sgd,0.1,7600,100,face,3,5,0.130065679550171,8,4,0.15538530507030457,0.12879862842796894,0.24294933645960465,0.016279892923336717,0.051043762043610046,0.2343161659967867
34,OnlineFPCA-sgd,0.1,7700,100,face,3,5,0.123196125030518,8,4,0.16859266926495928,0.1369335320041035,0.17744260499685682,0.014995031360968754,0.04990970405670809,0.23247870069636242
34,OnlineFPCA-sgd,0.1,7800,100,face,3,5,0.129693269729614,8,4,0.10375102281336318,0.17002220285028127,0.1966390045234397,0.01417359148361958,0.04779697194322307,0.22969745228262065
34,OnlineFPCA-sgd,0.1,7900,100,face,3,5,0.130970001220703,8,4,0.1748773051374207,0.16645209729260996,0.19342464558989786,0.013347337842226744,0.047351823526328565,0.22813868701709633
34,OnlineFPCA-sgd,0.1,8000,100,face,3,5,0.127907991409302,8,4,0.16082353366938784,0.17943814356362867,0.1900092745288122,0.01279888089834963,0.04785344407438715,0.2261699966244708
34,OnlineFPCA-sgd,0.1,8100,100,face,3,5,0.132098913192749,8,4,0.1307196631176272,0.12837107530397524,0.10691456932072045,0.011788099090724606,0.048296299076633235,0.2230534377840346
34,OnlineFPCA-sgd,0.1,8200,100,face,3,5,0.19611930847168,8,4,0.22455998552116707,0.058500741765093074,0.12273290573097444,0.011302803967591072,0.047250564889122396,0.21950567595575307
34,OnlineFPCA-sgd,0.1,8300,100,face,3,5,0.130694150924683,8,4,0.1436509543381492,0.18080457054323548,0.207260280980274,0.012565007883906498,0.045707943068810604,0.2155718431064266
34,OnlineFPCA-sgd,0.1,8400,100,face,3,5,0.131489038467407,8,4,0.1300047825160611,0.1414139739526665,0.27308170758234135,0.013110483813198974,0.04686248692978773,0.21366777573761803
34,OnlineFPCA-sgd,0.1,8500,100,face,3,5,0.130752563476562,8,4,0.17358498939483935,0.13782361408014762,0.25715510897316834,0.015109085493490068,0.047266486327295555,0.21240730338510852
34,OnlineFPCA-sgd,0.1,8600,100,face,3,5,0.130229234695435,8,4,0.14654533570531383,0.07117127388154813,0.15963201290895604,0.015410814974566719,0.046980587396577504,0.21104473939903065
34,OnlineFPCA-sgd,0.1,8700,100,face,3,5,0.132797718048096,8,4,0.15475869180706134,0.11833882757498276,0.10995373187083637,0.01641296364453514,0.0457985022342633,0.2086374654722182
34,OnlineFPCA-sgd,0.1,8800,100,face,3,5,0.132692337036133,8,4,0.11336794249673517,0.15492939874131384,0.15219040787365826,0.01661904656578241,0.045208045470703416,0.20570643297519461
34,OnlineFPCA-sgd,0.1,8900,100,face,3,5,0.130756855010986,8,4,0.1620639203696212,0.27835570428390954,0.20580586321814678,0.017809727665150214,0.04598909522096263,0.20335782566247892
34,OnlineFPCA-sgd,0.1,9000,100,face,3,5,0.127643346786499,8,4,0.21654374236180224,0.1729401035395886,0.24550099361940714,0.01753851600223365,0.04634960005552524,0.20309408920752076
34,OnlineFPCA-sgd,0.1,9100,100,face,3,5,0.13497519493103,8,4,0.23640365097798632,0.14574245210082493,0.20649010607049564,0.01864203101275885,0.04663970852299621,0.20324665015994028
34,OnlineFPCA-sgd,0.1,9200,100,face,3,5,0.1342933177948,8,4,0.13589114968969315,0.12621435157528318,0.2369315007148175,0.020745656629853004,0.04710320787528016,0.20236311392047934
34,OnlineFPCA-sgd,0.1,9300,100,face,3,5,0.133655786514282,8,4,0.19507187846495197,0.14855820249951482,0.252322935406359,0.02113042018298015,0.04710894028728109,0.20279152190986297
34,OnlineFPCA-sgd,0.1,9400,100,face,3,5,0.268321752548218,8,4,0.12432771669133313,0.11199882602052391,0.327507965045017,0.020780775327549243,0.04765804559172661,0.20488496940807635
34,OnlineFPCA-sgd,0.1,9500,100,face,3,5,0.130040168762207,8,4,0.1408838058323828,0.1896766837992657,0.2870582766703784,0.02210689045657654,0.04829947987872992,0.20640719664212265
34,OnlineFPCA-sgd,0.1,9600,100,face,3,5,0.122894525527954,8,4,0.2619945857275979,0.13006360474284012,0.3692030048332981,0.02359048532436199,0.04791300738695259,0.20807836771219776
34,OnlineFPCA-sgd,0.1,9700,100,face,3,5,0.125717401504517,8,4,0.13840100105189185,0.18787510022552287,0.20696979705758783,0.0239975190151403,0.04923727315318647,0.20908504979620424
34,OnlineFPCA-sgd,0.1,9800,100,face,3,5,0.133437156677246,8,4,0.1681231075170734,0.17909658890808955,0.24747488939166662,0.023086805665024912,0.050033214547085085,0.20865494354260591
34,OnlineFPCA-sgd,0.1,9900,100,face,3,5,0.128173351287842,8,4,0.1376547895127713,0.17534471221508233,0.3036946628556713,0.023173170244025442,0.05110887157352625,0.20898837075994994
34,OnlineFPCA-sgd,0.1,10000,100,face,3,5,0.140253067016602,8,4,0.15933055966390972,0.15647507243915007,0.3419715091456001,0.02360495610859183,0.05158937310342857,0.20981231650826368
34,OnlineFPCA-sgd,0.1,10100,100,face,3,5,0.135329723358154,8,4,0.09103712279627596,0.13458050523968335,0.27444819065636156,0.024233349879082676,0.05183001938181223,0.210584968504287
34,OnlineFPCA-sgd,0.1,10200,100,face,3,5,0.13164210319519,8,4,0.1375525699413268,0.1625822749530797,0.22736219413144912,0.024652658247730892,0.05197357420003422,0.21097496320770256
34,OnlineFPCA-sgd,0.1,10300,100,face,3,5,0.12726879119873,8,4,0.1074766057370367,0.14354087457861323,0.18644510264084121,0.025106410140233563,0.052447265924233474,0.21050112810765442
34,OnlineFPCA-sgd,0.1,10400,100,face,3,5,0.127897977828979,8,4,0.1046125079785568,0.1545916255322125,0.23562766575055222,0.026032457235527284,0.05249822716861238,0.21055619057000002
34,OnlineFPCA-sgd,0.1,10500,100,face,3,5,0.130815267562866,8,4,0.21393795243407138,0.13525780047097846,0.24952484382792645,0.024509090172466514,0.051601924061481175,0.21046453527063222
34,OnlineFPCA-sgd,0.1,10600,100,face,3,5,0.12989354133606,8,4,0.20502814610829626,0.17871001299839787,0.1866749966407794,0.022247357378849135,0.05080149025891409,0.21037341618982883
34,OnlineFPCA-sgd,0.1,10700,100,face,3,5,0.125051021575928,8,4,0.2360617877975034,0.09915834927828454,0.23260930079499642,0.022616795594705336,0.05071736066415056,0.21000574880432768
34,OnlineFPCA-sgd,0.1,10800,100,face,3,5,0.132699251174927,8,4,0.1748598605168482,0.12118035359448184,0.22862383474887163,0.022035823293278634,0.05112342684557802,0.20963480539823026
34,OnlineFPCA-sgd,0.1,10900,100,face,3,5,0.127514600753784,8,4,0.15794819992292777,0.12438629525666037,0.2784799914228801,0.021783339324543967,0.05115774321772821,0.2096261534299118
34,OnlineFPCA-sgd,0.1,11000,100,face,3,5,0.126713991165161,8,4,0.18945635632874128,0.174385168483712,0.30722239729705153,0.02105245666688507,0.05142799511565985,0.21031317427838597
34,OnlineFPCA-sgd,0.1,11100,100,face,3,5,0.127067089080811,8,4,0.15805978626721173,0.1535667167825636,0.3301640303963513,0.019974661576749594,0.052180339834837546,0.21131680638194913
34,OnlineFPCA-sgd,0.1,11200,100,face,3,5,0.122076034545898,8,4,0.2959720763573038,0.23732546292874748,0.2921289126763117,0.019585677776318765,0.05315715836390898,0.21230745186549504
34,OnlineFPCA-sgd,0.1,11300,100,face,3,5,0.130706787109375,8,4,0.17253159039099927,0.21481084598377986,0.2831711281097877,0.021362821353664994,0.055075289611514026,0.2129434515536981
34,OnlineFPCA-sgd,0.1,11400,100,face,3,5,0.123320341110229,8,4,0.04499296267992242,0.11263031586603155,0.3658716155106704,0.021574310367921293,0.05633889391289384,0.21413815085845175
34,OnlineFPCA-sgd,0.1,11500,100,face,3,5,0.125579118728638,8,4,0.21629544844433082,0.13719427931725953,0.31359600896753675,0.021482778952433244,0.05676266421669702,0.21564440967833326
34,OnlineFPCA-sgd,0.1,11600,100,face,3,5,0.126510620117188,8,4,0.14474375750302,0.13121880277348952,0.2757872222214617,0.0217999579753952,0.0568305935898571,0.21625087333511317
34,OnlineFPCA-sgd,0.1,11700,100,face,3,5,0.129242181777954,8,4,0.15908487299708055,0.14454366944903965,0.3174902811200083,0.021495308543293228,0.056983417136532696,0.21711643431714867
34,OnlineFPCA-sgd,0.1,11800,100,face,3,5,0.129061937332153,8,4,0.1882083044141005,0.2294421050678726,0.2512983991263364,0.020975669363244402,0.057191658763790995,0.21809452467639073
34,OnlineFPCA-sgd,0.1,11900,100,face,3,5,0.128235101699829,8,4,0.09424854673627966,0.10818259117998931,0.29173894780816023,0.02071773964693628,0.05721571389164314,0.21839405843892337
34,OnlineFPCA-sgd,0.1,12000,100,face,3,5,0.129927635192871,8,4,0.1910407510840676,0.18657141994260096,0.24772647079642685,0.020641373659014563,0.05766640567981214,0.2188515817469903
34,OnlineFPCA-sgd,0.1,12100,100,face,3,5,0.130839109420776,8,4,0.15669440041663887,0.1702065178689851,0.22626663769021177,0.020261663144606038,0.057950226365199184,0.21855154669073282
34,OnlineFPCA-sgd,0.1,12200,100,face,3,5,0.128656625747681,8,4,0.10671096446872531,0.1962219816496364,0.23385649994678046,0.020393984169461567,0.05819373789974992,0.21806432415985708
34,OnlineFPCA-sgd,0.1,12300,100,face,3,5,0.129266500473022,8,4,0.15336388105135867,0.1643066291250842,0.2392769018223443,0.019779086512611406,0.05832566275844841,0.21805630280925978
34,OnlineFPCA-sgd,0.1,12400,100,face,3,5,0.123904705047607,8,4,0.1244831165303411,0.11182208010081356,0.18365717831015546,0.019337449995153386,0.05803373256815067,0.21788033705502588
34,OnlineFPCA-sgd,0.1,12500,100,face,3,5,0.136302709579468,8,4,0.14565099252059993,0.1375336965688244,0.22798871540703622,0.01895811912392395,0.05771386021228491,0.21727398112954566
34,OnlineFPCA-sgd,0.1,12600,100,face,3,5,0.121999263763428,8,4,0.12609621052412695,0.11011940368785847,0.2411891477516116,0.01843571676162976,0.05713800220472488,0.2170476119540861
34,OnlineFPCA-sgd,0.1,12700,100,face,3,5,0.133703947067261,8,4,0.15277279044695652,0.12638681546821662,0.1909885300641559,0.017888736815489296,0.05656440570435228,0.21677326118618684
34,OnlineFPCA-sgd,0.1,12800,100,face,3,5,0.125926494598389,8,4,0.08292874048047302,0.1297169423793039,0.20858064161787052,0.017458729651525777,0.05572782275968283,0.21607452839426264
34,OnlineFPCA-sgd,0.1,12900,100,face,3,5,0.128170251846313,8,4,0.12351209417630979,0.1335790225639998,0.20081632756055837,0.017096646788977522,0.05536297487304493,0.21577353737739088
34,OnlineFPCA-sgd,0.1,13000,100,face,3,5,0.134301900863647,8,4,0.14660578326747398,0.15578384155130365,0.19307050450332988,0.01667211929580008,0.05538629338638852,0.21524534762588798
34,OnlineFPCA-sgd,0.1,13100,100,face,3,5,0.122063398361206,8,4,0.11234427972222943,0.11724849288984514,0.10930598120574726,0.016083135115789793,0.05544485543068118,0.21422826493956154
34,OnlineFPCA-sgd,0.1,13200,100,face,3,5,0.126326560974121,8,4,0.19578059218574673,0.040917670177499726,0.11298551237712116,0.015607738389335199,0.055046129807739125,0.21290182023390833
34,OnlineFPCA-sgd,0.1,13300,100,face,3,5,0.124721050262451,8,4,0.10997358068656038,0.15741360518921152,0.1772556877177363,0.01600926994920649,0.05422189771765526,0.2113209391238374
34,OnlineFPCA-sgd,0.1,13400,100,face,3,5,0.12832236289978,8,4,0.11027466709252548,0.13082328712168445,0.23144004937959264,0.016233221266174228,0.05428655663592714,0.21047720452370006
34,OnlineFPCA-sgd,0.1,13500,100,face,3,5,0.128884077072144,8,4,0.15349591044609123,0.12450830314676928,0.2359269274393239,0.01698900753944433,0.05434644084484015,0.20988038464145975
34,OnlineFPCA-sgd,0.1,13600,100,face,3,5,0.122906923294067,8,4,0.11174858330064304,0.05945003756662506,0.161927369799119,0.017023655798679056,0.05421677566159641,0.2092378230256035
34,OnlineFPCA-sgd,0.1,13700,100,face,3,5,0.136698246002197,8,4,0.12877313712721228,0.09368694231881866,0.11162257825539412,0.017543427192015487,0.053871305287524325,0.2082008027954512
34,OnlineFPCA-sgd,0.1,13800,100,face,3,5,0.128068923950195,8,4,0.09301031121565957,0.13051095386374947,0.13584338002597693,0.017589810157849946,0.053644130893455065,0.2068762160306783
34,OnlineFPCA-sgd,0.1,13900,100,face,3,5,0.132628440856934,8,4,0.15078281263049204,0.24940970161482368,0.18566804736866957,0.018203002412842863,0.05409335764450379,0.20574905423703524
34,OnlineFPCA-sgd,0.1,14000,100,face,3,5,0.130510091781616,8,4,0.19564261926613952,0.16569798039885486,0.2213825805107212,0.018198313433872605,0.05435711989523382,0.20540449620496973
34,OnlineFPCA-sgd,0.1,14100,100,face,3,5,0.124819040298462,8,4,0.21506901321906954,0.13856757378146267,0.18925540520599407,0.01871271555518576,0.054489891392969114,0.20530149705499726
34,OnlineFPCA-sgd,0.1,14200,100,face,3,5,0.131808757781982,8,4,0.13731333065227236,0.10954830436392377,0.21073437923674893,0.01964718793546892,0.05458844046294748,0.20479251858764527
34,OnlineFPCA-sgd,0.1,14300,100,face,3,5,0.138735294342041,8,4,0.17585458703790308,0.13303774690825984,0.23297866309201634,0.019865489298738475,0.05449369219417046,0.20484388818122662
34,OnlineFPCA-sgd,0.1,14400,100,face,3,5,0.148709535598755,8,4,0.11297879019020539,0.09377211590204368,0.2946139310914765,0.019755646363102834,0.054609362706137185,0.20556160521298955
34,OnlineFPCA-sgd,0.1,14500,100,face,3,5,0.140331506729126,8,4,0.1289448813330197,0.1630409214877109,0.2635019724028713,0.02043863277545105,0.05481143365450253,0.2061031954587634
34,OnlineFPCA-sgd,0.1,14600,100,face,3,5,0.151863098144531,8,4,0.23994833015517197,0.1060685562832714,0.32656584362264873,0.021182945551389228,0.05458835246715098,0.20673000183460477
34,OnlineFPCA-sgd,0.1,14700,100,face,3,5,0.144869089126587,8,4,0.11573004961655878,0.15610552439370443,0.193147446782278,0.021524075047480936,0.055043957702886025,0.20710805876225338
34,OnlineFPCA-sgd,0.1,14800,100,face,3,5,0.157047033309937,8,4,0.1415315911036405,0.15765016426193976,0.22545316182615535,0.021105140617732304,0.055245329714882524,0.2068492473377642
34,OnlineFPCA-sgd,0.1,14900,100,face,3,5,0.160344839096069,8,4,0.13147205775843632,0.16116901641999676,0.27416165068040443,0.02112118065489256,0.05550194147921017,0.20688127523346
34,OnlineFPCA-sgd,0.1,15000,100,face,3,5,1.78264355659485,8,4,0.14459198514244972,0.14113936025660437,0.3104376348700937,0.021307455554116412,0.05557715610124361,0.20711879121531257
34,OnlineFPCA-adagrad,0.1,0,100,face,3,5,6.49993443489075,3,1,0.1928146832635463,0.4385400960163578,0.4288529981360048,0.1928146832635463,0.4385400960163578,0.4288529981360048
34,OnlineFPCA-adagrad,0.1,100,100,face,3,5,0.267162561416626,3,1,0.44099040997364336,0.4877528999387121,0.43355644226122325,NA,NA,NA
34,OnlineFPCA-adagrad,0.1,200,100,face,3,5,0.253226041793823,3,1,0.2683660664603818,0.524645452030891,0.808167959415666,NA,NA,NA
34,OnlineFPCA-adagrad,0.1,300,100,face,3,5,0.266915082931519,3,1,0.3919285647729334,0.5291494173805933,0.6976482134859088,NA,NA,NA
34,OnlineFPCA-adagrad,0.1,400,100,face,3,5,0.258015632629395,3,1,0.40299838273851335,0.33151889643409765,0.30895358731222183,NA,NA,NA
34,OnlineFPCA-adagrad,0.1,500,100,face,3,5,0.257880210876465,3,1,0.6161649389068894,0.39607395711568266,0.5795190957916067,NA,NA,NA
34,OnlineFPCA-adagrad,0.1,600,100,face,3,5,0.253431081771851,3,1,0.5980345809608669,0.395790969870602,0.5847506155486802,NA,NA,NA
34,OnlineFPCA-adagrad,0.1,700,100,face,3,5,0.261109352111816,3,1,0.5819306599324009,0.39667362204532497,0.5847310083323657,NA,NA,NA
34,OnlineFPCA-adagrad,0.1,800,100,face,3,5,0.247962713241577,3,1,0.5674213565270749,0.3948192639311108,0.5783298482117681,NA,NA,NA
34,OnlineFPCA-adagrad,0.1,900,100,face,3,5,0.252432584762573,3,1,0.4964168050661525,0.39015724032091254,0.5075096080204651,NA,NA,NA
34,OnlineFPCA-adagrad,0.1,1000,100,face,3,5,0.244136810302734,3,1,0.4010767657336267,0.38812089250452436,0.4256993735342519,NA,NA,NA
34,OnlineFPCA-adagrad,0.1,1100,100,face,3,5,0.339833498001099,3,1,0.3047979973313676,0.38686173338210983,0.4144729051450074,0.33860447933431537,0.39101685300624167,0.4231355701792215
34,OnlineFPCA-adagrad,0.1,1200,100,face,3,5,0.331834077835083,3,1,1.1446185764545558,0.4556776996973831,0.5414951890202592,0.2854820563584448,0.3431245501578613,0.43163955235823315
34,OnlineFPCA-adagrad,0.1,1300,100,face,3,5,3.43720626831055,3,1,1.0941235606258963,0.8933860786579507,0.6293425476135209,0.35193030076498066,0.20767205236105066,0.34586828349250637
34,OnlineFPCA-adagrad,0.1,1400,100,face,3,5,0.33826470375061,3,1,0.36113483003230906,0.4682698773856373,0.5512666816643331,0.3163080562412193,0.2323553693001333,0.3672134548924266
34,OnlineFPCA-adagrad,0.1,1500,100,face,3,5,0.373061180114746,3,1,0.5316171991531403,0.4352513343031665,0.45331698919900715,0.29389961013434596,0.2579959736593665,0.37933585149994414
34,OnlineFPCA-adagrad,0.1,1600,100,face,3,5,0.3494553565979,3,1,0.22725030972154198,0.4023903355169442,0.4560132225354318,0.25997107284650123,0.2697132857387162,0.3852651510527024
34,OnlineFPCA-adagrad,0.1,1700,100,face,3,5,0.359502792358398,3,1,0.22403003494410825,0.40207641414131234,0.45578107630359144,0.24266033602391443,0.2829885117063473,0.39145348821778414
34,OnlineFPCA-adagrad,0.1,1800,100,face,3,5,0.36499547958374,3,1,0.22110889647849016,0.40158437311190226,0.4553444825777414,0.23177753947597496,0.2945677127916521,0.39700277275006957
34,OnlineFPCA-adagrad,0.1,1900,100,face,3,5,0.356920719146729,3,1,0.21988702227347387,0.4015156177310062,0.45522933833650764,0.22467732562526335,0.3043848601429312,0.4018300527316628
34,OnlineFPCA-adagrad,0.1,2000,100,face,3,5,0.350303649902344,3,1,0.21823554989191493,0.40138258032798557,0.4550834119550182,0.21984584726000955,0.31269837605783085,0.40599926876099907
34,OnlineFPCA-adagrad,0.1,2100,100,face,3,5,0.345518589019775,3,1,0.18460363202040295,0.37207122508481305,0.4311773112230528,0.2151889645050536,0.3179118663688447,0.4079557545937529
34,OnlineFPCA-adagrad,0.1,2200,100,face,3,5,0.351860046386719,3,1,0.16326572824833005,0.3789450917910492,0.419114166290929,0.20931670218129692,0.32095277939249905,0.4083238697253688
34,OnlineFPCA-adagrad,0.1,2300,100,face,3,5,0.339689016342163,3,1,0.09791741307668071,0.36201900160701056,0.39934717822820714,0.20141315954607594,0.32287521928319374,0.4068862996547477
34,OnlineFPCA-adagrad,0.1,2400,100,face,3,5,0.330557107925415,3,1,0.06808646601933398,0.3625904102251532,0.3845084961035289,0.18968785908204733,0.32423161917578136,0.4037502407296677
34,OnlineFPCA-adagrad,0.1,2500,100,face,3,5,0.345036745071411,3,1,0.11249761745287645,0.3571284200390118,0.39530610180757614,0.17734634838832208,0.32628825175663967,0.39977266549629736
34,OnlineFPCA-adagrad,0.1,2600,100,face,3,5,0.362979412078857,3,1,0.18312022581509302,0.3263908601971524,0.495448822243456,0.17368933296849437,0.3219091056943772,0.4011008738739224
34,OnlineFPCA-adagrad,0.1,2700,100,face,3,5,0.373196125030518,3,1,0.14043702655380175,0.28757892580555783,0.34014344354599274,0.1695114470210241,0.3138526242847773,0.396902437636155
34,OnlineFPCA-adagrad,0.1,2800,100,face,3,5,0.368897914886475,3,1,0.0949116105188932,0.19603213057832364,0.49845775120942537,0.15957426048648377,0.30362356981641897,0.38672045263152544
34,OnlineFPCA-adagrad,0.1,2900,100,face,3,5,0.377789497375488,3,1,0.09220432682763434,0.23872240327525365,0.34907928588287523,0.14908196308197108,0.2929099564669263,0.37929077477690615
34,OnlineFPCA-adagrad,0.1,3000,100,face,3,5,0.374092578887939,3,1,0.13850033878956022,0.23005069268649958,0.3954280053094341,0.13794951600063401,0.28266226869094807,0.3710702646912252
34,OnlineFPCA-adagrad,0.1,3100,100,face,3,5,0.543586730957031,3,1,0.1037925503774794,0.17915433350644436,0.13591114752158076,0.12973753155573858,0.2720487642290766,0.36089152091829385
34,OnlineFPCA-adagrad,0.1,3200,100,face,3,5,0.380938053131104,3,1,0.17933912769157392,0.12379460934855392,0.14041711477628904,0.12410585483603631,0.26406445460711964,0.3488563478688023
34,OnlineFPCA-adagrad,0.1,3300,100,face,3,5,0.363507747650146,3,1,0.10792043642942026,0.3087063361154438,0.410015016822541,0.12022593947728796,0.2545374259325856,0.33643628941241127
34,OnlineFPCA-adagrad,0.1,3400,100,face,3,5,0.369413375854492,3,1,0.1079320965258243,0.28597935805366753,0.4601194303413428,0.11629256918469465,0.250254122186141,0.33307136621441324
34,OnlineFPCA-adagrad,0.1,3500,100,face,3,5,0.36591625213623,3,1,0.18651095037542983,0.19398667423894903,0.4349555525211913,0.10762460900829598,0.24713816115201295,0.33034036731678446
34,OnlineFPCA-adagrad,0.1,3600,100,face,3,5,0.365343332290649,3,1,0.09075296259700617,0.1706746678254167,0.2973063622893848,0.09954296732682984,0.24126185590717955,0.32384060458554714
34,OnlineFPCA-adagrad,0.1,3700,100,face,3,5,0.371580362319946,3,1,0.11524288808229573,0.1759693979094013,0.173830680767259,0.09594490278961806,0.23661941528015676,0.3158446650177827
34,OnlineFPCA-adagrad,0.1,3800,100,face,3,5,0.36659574508667,3,1,0.09388654589789082,0.2329979225017849,0.23339992720179767,0.09329483329725106,0.2316624759264571,0.30739256973032814
34,OnlineFPCA-adagrad,0.1,3900,100,face,3,5,0.370988845825195,3,1,0.1688445472762991,0.3583062852736082,0.31472538241050824,0.08907277913638799,0.22899015276721016,0.30125344684733496
34,OnlineFPCA-adagrad,0.1,4000,100,face,3,5,0.376408815383911,3,1,0.08738855849168918,0.22528807926844047,0.2995089940537972,0.08738855849168918,0.22528807926844047,0.2995089940537972
34,OnlineFPCA-adagrad,0.1,4100,100,face,3,5,0.384222269058228,3,1,0.18592931420824563,0.2949951800788541,0.24092287925438724,0.09855722883836722,0.2112924039325867,0.2746372651655322
34,OnlineFPCA-adagrad,0.1,4200,100,face,3,5,0.362824678421021,3,1,0.13599286624656912,0.2502563467399481,0.28344729454310125,0.10630267455620233,0.2178067469600997,0.24059386320248552
34,OnlineFPCA-adagrad,0.1,4300,100,face,3,5,0.363876104354858,3,1,0.1738595889785508,0.24903352889642438,0.3498607915380831,0.08269735187217049,0.22584152278906486,0.25695293489255666
34,OnlineFPCA-adagrad,0.1,4400,100,face,3,5,0.38282585144043,3,1,0.10525002067070213,0.17044356462578553,0.4580949802617086,0.07324103005744757,0.20331982325617304,0.2912546846228928
34,OnlineFPCA-adagrad,0.1,4500,100,face,3,5,0.374517440795898,3,1,0.13330246491899436,0.25679045178042303,0.325159172864916,0.06876444005362027,0.19417328009383575,0.3047032494402488
34,OnlineFPCA-adagrad,0.1,4600,100,face,3,5,0.360240697860718,3,1,0.22763231408595527,0.17839364717797968,0.43272154887702263,0.07151413973231789,0.18751022532860429,0.3050313873207978
34,OnlineFPCA-adagrad,0.1,4700,100,face,3,5,0.368024349212646,3,1,0.07721384743035056,0.29840086864391346,0.2600743351193218,0.07407831215218116,0.18796558801303306,0.3041026885199459
34,OnlineFPCA-adagrad,0.1,4800,100,face,3,5,0.389584302902222,3,1,0.09528889479046096,0.2782172308026946,0.31539998025891247,0.06527333034461083,0.1945665784752462,0.2953602634701171
34,OnlineFPCA-adagrad,0.1,4900,100,face,3,5,0.363043546676636,3,1,0.1594782533659757,0.22295045685814777,0.3644768829688112,0.06556864988184263,0.19916861532182573,0.2930970949486098
34,OnlineFPCA-adagrad,0.1,5000,100,face,3,5,0.359393835067749,3,1,0.11288803055912171,0.22520390163980245,0.4524052982488672,0.06741994500176621,0.19952391379060488,0.2962761058314679
34,OnlineFPCA-adagrad,0.1,5100,100,face,3,5,0.144195556640625,3,1,0.09854928560171214,0.17453887177009447,0.3227112436191655,0.06818167854986398,0.19794671589551355,0.2958955008734336
34,OnlineFPCA-adagrad,0.1,5200,100,face,3,5,0.136877536773682,3,1,0.11431305540101078,0.20668793554627388,0.1822392085169974,0.0650448162653466,0.19490151383686524,0.28666656306830535
34,OnlineFPCA-adagrad,0.1,5300,100,face,3,5,0.142450094223022,3,1,0.11007139063697581,0.19550551276613343,0.22530659191618818,0.06176909288336922,0.18974185561595394,0.2711519033878499
34,OnlineFPCA-adagrad,0.1,5400,100,face,3,5,0.145059585571289,3,1,0.08369362661581295,0.23764419579875626,0.2570132025693285,0.06289654249811275,0.18238858457152024,0.2645052326569755
34,OnlineFPCA-adagrad,0.1,5500,100,face,3,5,0.140926122665405,3,1,0.14717551253448943,0.19176358246005518,0.2723136471263498,0.0560036011515356,0.1725155196421217,0.25723339708326093
34,OnlineFPCA-adagrad,0.1,5600,100,face,3,5,0.148164033889771,3,1,0.1514652678482693,0.20654833831078484,0.20925220241315146,0.047683975751144414,0.1627456013417113,0.2529876476919762
34,OnlineFPCA-adagrad,0.1,5700,100,face,3,5,0.141943693161011,3,1,0.20498134151410838,0.10614035201249356,0.27997625095334494,0.04412720827802731,0.15770294786699846,0.24703100960594854
34,OnlineFPCA-adagrad,0.1,5800,100,face,3,5,0.146539211273193,3,1,0.14356953889154445,0.16570639954027502,0.31609873576017045,0.0405657708427066,0.1505452093808559,0.2414283097885839
34,OnlineFPCA-adagrad,0.1,5900,100,face,3,5,0.142358303070068,3,1,0.16139786218168983,0.15104375120561286,0.33120943197525415,0.03783909202841354,0.14629964905657336,0.23911334359628209
34,OnlineFPCA-adagrad,0.1,6000,100,face,3,5,0.145657300949097,3,1,0.15000782441852067,0.2311351849107877,0.41543283672633835,0.0349069381256448,0.1432091481114377,0.23967381693173176
34,OnlineFPCA-adagrad,0.1,6100,100,face,3,5,0.138011932373047,3,1,0.13953943385955547,0.2202029087442661,0.42908999728618,0.02968475316086676,0.14334595572580236,0.24368059661626396
34,OnlineFPCA-adagrad,0.1,6200,100,face,3,5,0.147929906845093,3,1,0.24426385305211742,0.2536400258695574,0.3957132392216738,0.027561167539001633,0.14448765286502413,0.2485591528326464
34,OnlineFPCA-adagrad,0.1,6300,100,face,3,5,0.145160436630249,3,1,0.15468091430483966,0.2703040504161378,0.35472030739501453,0.03186398551756009,0.14575553906589633,0.2513893930682549
34,OnlineFPCA-adagrad,0.1,6400,100,face,3,5,0.143048524856567,3,1,0.05655165421620252,0.17912452146394453,0.47292585169900747,0.032588174451699044,0.1457792294824488,0.2561333462948276
34,OnlineFPCA-adagrad,0.1,6500,100,face,3,5,0.144067049026489,3,1,0.16293545623989017,0.188497908607426,0.3659204289141261,0.03132303692638478,0.1428120741912635,0.2611416575470476
34,OnlineFPCA-adagrad,0.1,6600,100,face,3,5,0.140689373016357,3,1,0.07815341613970497,0.1684562461982818,0.3032047609664684,0.031673895954267936,0.13955476269551342,0.2618632700792389
34,OnlineFPCA-adagrad,0.1,6700,100,face,3,5,0.140033721923828,3,1,0.11441533257976158,0.16594202127558777,0.36439845919507824,0.03082244453561381,0.13738795029794426,0.2632302662865929
34,OnlineFPCA-adagrad,0.1,6800,100,face,3,5,0.143174409866333,3,1,0.1374884983011391,0.2563642379962233,0.21496276866946534,0.028705620184016636,0.1348685032181373,0.2652804617693589
34,OnlineFPCA-adagrad,0.1,6900,100,face,3,5,0.144493818283081,3,1,0.08561772305856429,0.12142179770080569,0.30875202220144987,0.02803954012675016,0.1312188333374736,0.2631457236338454
34,OnlineFPCA-adagrad,0.1,7000,100,face,3,5,0.314728021621704,3,1,0.1706269410913536,0.2631287203058595,0.24420024398269308,0.028234515747254843,0.12994283851760882,0.2616683448514677
34,OnlineFPCA-adagrad,0.1,7100,100,face,3,5,0.147341728210449,3,1,0.1452000368515195,0.2203265609200179,0.21258903298089557,0.028256276655833124,0.12777393449299887,0.2570332527824418
34,OnlineFPCA-adagrad,0.1,7200,100,face,3,5,0.141698122024536,3,1,0.13435366221013698,0.2787445694357636,0.22206426069009597,0.027491311647370172,0.12473500935189477,0.25175565988581783
34,OnlineFPCA-adagrad,0.1,7300,100,face,3,5,0.134928464889526,3,1,0.08234923766395484,0.2070362756880578,0.30942112481886486,0.026065300966207645,0.12190041832160468,0.24919408552826158
34,OnlineFPCA-adagrad,0.1,7400,100,face,3,5,0.135951042175293,3,1,0.08075705946837516,0.1065859088822519,0.23433197010914944,0.024211740619375945,0.11878560142423174,0.24689181571447066
34,OnlineFPCA-adagrad,0.1,7500,100,face,3,5,0.138423204421997,3,1,0.1340302026833307,0.1299845723037338,0.3251925884480555,0.02273015502300159,0.11628932444154545,0.24352284904813187
34,OnlineFPCA-adagrad,0.1,7600,100,face,3,5,0.133570671081543,3,1,0.1420810339169041,0.14163235033132324,0.3955958519402805,0.021493546963071746,0.11325046064959693,0.2419314631985519
34,OnlineFPCA-adagrad,0.1,7700,100,face,3,5,0.142050266265869,3,1,0.10444583839735558,0.19032132438737528,0.3459394804787378,0.020415943780515606,0.10872128593844045,0.2403054362704305
34,OnlineFPCA-adagrad,0.1,7800,100,face,3,5,0.142282247543335,3,1,0.0718927647407445,0.13609107770126963,0.4294253089215782,0.01921837073752288,0.1034247525634809,0.2378626397979872
34,OnlineFPCA-adagrad,0.1,7900,100,face,3,5,0.137426376342773,3,1,0.07014897482541164,0.16377536390830932,0.3403200898230841,0.01844900865551199,0.09974043207291672,0.2379552275223322
34,OnlineFPCA-adagrad,0.1,8000,100,face,3,5,0.134552955627441,3,1,0.11878875778832236,0.16958615144225078,0.33720958583180677,0.017416709461799847,0.0972921130399754,0.23722345502892664
34,OnlineFPCA-adagrad,0.1,8100,100,face,3,5,0.13428783416748,3,1,0.08249375585833181,0.15799673310211895,0.14404499258913245,0.016400413790196623,0.09554529345355674,0.2345875944714231
34,OnlineFPCA-adagrad,0.1,8200,100,face,3,5,0.138099431991577,3,1,0.1261696736720677,0.05886193461270096,0.09646935870899326,0.015243896664973442,0.09308178429749953,0.23011436051807874
34,OnlineFPCA-adagrad,0.1,8300,100,face,3,5,0.134505987167358,3,1,0.09415348427610892,0.22167751090550772,0.2973041240933279,0.015932691751341117,0.09044192688892187,0.22344578951607377
34,OnlineFPCA-adagrad,0.1,8400,100,face,3,5,0.137364149093628,3,1,0.08020740738200767,0.17322437571746932,0.33851416772545934,0.01664497683916204,0.08965453223987478,0.22043450833255665
34,OnlineFPCA-adagrad,0.1,8500,100,face,3,5,0.139918327331543,3,1,0.1556163189520356,0.16391518513508693,0.34935837558053934,0.017343030761454326,0.08893821037428613,0.21890178220932516
34,OnlineFPCA-adagrad,0.1,8600,100,face,3,5,0.135787963867188,3,1,0.07192790810883157,0.11159019766789664,0.2490067608593116,0.0179294580206768,0.08772651828333188,0.21673109747523217
34,OnlineFPCA-adagrad,0.1,8700,100,face,3,5,0.132412910461426,3,1,0.09488647403122333,0.08238318241072316,0.11708868314726177,0.018400263185866423,0.08644786938792813,0.2128343389480899
34,OnlineFPCA-adagrad,0.1,8800,100,face,3,5,0.135593891143799,3,1,0.07408504635555138,0.1513412631905548,0.153272370199843,0.018233223375265447,0.08506904292065601,0.2080354438686533
34,OnlineFPCA-adagrad,0.1,8900,100,face,3,5,0.139449834823608,3,1,0.13795923053662132,0.28653077028740204,0.2285769084082316,0.01954279260050381,0.08539228681208981,0.2043216448589557
34,OnlineFPCA-adagrad,0.1,9000,100,face,3,5,0.142673015594482,3,1,0.15769106855440296,0.20030357829218026,0.25144242119857557,0.01989784744374669,0.08560228482052612,0.2033168740056566
34,OnlineFPCA-adagrad,0.1,9100,100,face,3,5,0.14816427230835,3,1,0.17615699401076032,0.22571026262631036,0.1913776567321374,0.020051219471193333,0.08591644889186999,0.2029483255127975
34,OnlineFPCA-adagrad,0.1,9200,100,face,3,5,0.139452695846558,3,1,0.13952422603450637,0.17458281981868456,0.23650800421149548,0.021327315769632756,0.08615243864658136,0.20115243563022223
34,OnlineFPCA-adagrad,0.1,9300,100,face,3,5,0.138325452804565,3,1,0.13365947389121557,0.19725263944858148,0.30143050238975116,0.021763582140314357,0.08580009462476894,0.2015689638234269
34,OnlineFPCA-adagrad,0.1,9400,100,face,3,5,0.145103693008423,3,1,0.09077370645622378,0.09756315971418934,0.41662497697230144,0.0219342281949645,0.08510424173133918,0.2040588702881736
34,OnlineFPCA-adagrad,0.1,9500,100,face,3,5,0.135374784469604,3,1,0.11768208108832574,0.18562894972295443,0.2941953398826024,0.022856508258387653,0.0847561105061133,0.20564234829878913
34,OnlineFPCA-adagrad,0.1,9600,100,face,3,5,0.149835824966431,3,1,0.18855374082460657,0.09672466613266978,0.36816839839501136,0.02406967701470623,0.08382523888405823,0.20681345455969985
34,OnlineFPCA-adagrad,0.1,9700,100,face,3,5,0.14225959777832,3,1,0.05728471515615834,0.1989307059293088,0.17849319215854578,0.025148345908481584,0.0844957138707322,0.20775308222305713
34,OnlineFPCA-adagrad,0.1,9800,100,face,3,5,0.150793075561523,3,1,0.07394291760553225,0.19791700701371706,0.24884538676858967,0.02461490826116297,0.08500137418743246,0.2065405763530526
34,OnlineFPCA-adagrad,0.1,9900,100,face,3,5,0.141087293624878,3,1,0.14206147320563595,0.18059716825023445,0.31053676086808124,0.024632525379849023,0.08545945347955679,0.20565562033980558
34,OnlineFPCA-adagrad,0.1,10000,100,face,3,5,0.135367155075073,3,1,0.0980247479220011,0.18164422049512402,0.3815238149247121,0.024935274949778492,0.08563335623458056,0.20496917851662053
34,OnlineFPCA-adagrad,0.1,10100,100,face,3,5,0.141104221343994,3,1,0.09343554234304854,0.13254984067889775,0.27623176218545964,0.025635467512375148,0.08553308554868676,0.2040598156382239
34,OnlineFPCA-adagrad,0.1,10200,100,face,3,5,0.168075799942017,3,1,0.0872802637013255,0.16260543151101384,0.13598733623423204,0.026124471087148514,0.08527884787070163,0.20272853245999664
34,OnlineFPCA-adagrad,0.1,10300,100,face,3,5,0.143010139465332,3,1,0.10156445739091963,0.16718427406827371,0.16818861308089744,0.025835788520697525,0.08510872342778113,0.20074324115286607
34,OnlineFPCA-adagrad,0.1,10400,100,face,3,5,0.156901597976685,3,1,0.0685355691911865,0.18693958592150256,0.2069343688630188,0.026555372517716915,0.08440803275199459,0.2001007972291836
34,OnlineFPCA-adagrad,0.1,10500,100,face,3,5,0.148305892944336,3,1,0.1206303396232471,0.141925694324227,0.22024940941689627,0.025673312867952033,0.08282542853669626,0.1993334306923976
34,OnlineFPCA-adagrad,0.1,10600,100,face,3,5,0.156253099441528,3,1,0.13007971328251633,0.1444006199751948,0.17830097115690807,0.024016135657285397,0.08134144334611162,0.19905053959196087
34,OnlineFPCA-adagrad,0.1,10700,100,face,3,5,0.143033504486084,3,1,0.16701034627917946,0.06452923611815888,0.24274394433402047,0.023548713199826724,0.08049953928730391,0.1986854088565146
34,OnlineFPCA-adagrad,0.1,10800,100,face,3,5,0.170985221862793,3,1,0.12605776514108047,0.10903457121567771,0.2748945543392547,0.023223678954228544,0.07984570474788695,0.19838603338901786
34,OnlineFPCA-adagrad,0.1,10900,100,face,3,5,0.147244691848755,3,1,0.14284251547712296,0.11058548934469911,0.2787586941609026,0.02292063828112984,0.07927132521059306,0.198416868764846
34,OnlineFPCA-adagrad,0.1,11000,100,face,3,5,0.320343255996704,3,1,0.1229928448583237,0.1752552222823166,0.33266309394245647,0.022398082227668616,0.07902580441840018,0.19921197001031402
34,OnlineFPCA-adagrad,0.1,11100,100,face,3,5,0.136197090148926,3,1,0.12672196118489004,0.17098828386022857,0.3493905019174063,0.02136466977697038,0.07949762313836861,0.200469540477093
34,OnlineFPCA-adagrad,0.1,11200,100,face,3,5,0.132440328598022,3,1,0.20457768868686563,0.19431535525670415,0.3189275962744766,0.020807913656046173,0.08006534104867989,0.20139379602810076
34,OnlineFPCA-adagrad,0.1,11300,100,face,3,5,0.132970094680786,3,1,0.13922801217337086,0.22171295908818364,0.299355674350775,0.021911809795229033,0.08124386508252036,0.2019013686798237
34,OnlineFPCA-adagrad,0.1,11400,100,face,3,5,0.141248464584351,3,1,0.061891800220247234,0.16186539852978352,0.4031195085417712,0.02233195809927681,0.082286749403978,0.2032420703716392
34,OnlineFPCA-adagrad,0.1,11500,100,face,3,5,0.138791561126709,3,1,0.1436869565199231,0.15404022528594724,0.3226132074058373,0.022303549080444025,0.08244223888215765,0.20495124943403034
34,OnlineFPCA-adagrad,0.1,11600,100,face,3,5,0.131370067596436,3,1,0.06977140239178202,0.12994043546568187,0.2802592373702829,0.02270811749073162,0.08202418819238046,0.20535076007340267
34,OnlineFPCA-adagrad,0.1,11700,100,face,3,5,0.15308690071106,3,1,0.10142950015203968,0.13284395526239678,0.33105351296363394,0.022653918224505225,0.08184231810621183,0.20602359813103438
34,OnlineFPCA-adagrad,0.1,11800,100,face,3,5,0.154634714126587,3,1,0.1153410811731025,0.20583911028073115,0.22784489372719463,0.022220916455220983,0.08174572335899456,0.20696477319954729
34,OnlineFPCA-adagrad,0.1,11900,100,face,3,5,0.146434545516968,3,1,0.08351885089458312,0.11121738331774561,0.28971413046555966,0.02194835879851676,0.08133510898534571,0.20705965151604558
34,OnlineFPCA-adagrad,0.1,12000,100,face,3,5,0.148380756378174,3,1,0.14481220372589756,0.21983789607167478,0.23796181046369622,0.021807736565790072,0.08157103950252018,0.2074926390864843
34,OnlineFPCA-adagrad,0.1,12100,100,face,3,5,0.149558305740356,3,1,0.12975549983961973,0.18584844380150173,0.20389512329697848,0.021677429969159084,0.08166192004559839,0.20689244587483824
34,OnlineFPCA-adagrad,0.1,12200,100,face,3,5,0.140916109085083,3,1,0.13736337080186092,0.23231992397538445,0.21623039272846445,0.021662149487424485,0.08146821161039358,0.20587063359004873
34,OnlineFPCA-adagrad,0.1,12300,100,face,3,5,0.14534854888916,3,1,0.06431396131138727,0.18868592555062716,0.2638084663482054,0.021355726469044923,0.08111845636741336,0.20572087582807802
34,OnlineFPCA-adagrad,0.1,12400,100,face,3,5,0.136515378952026,3,1,0.06259250883559174,0.09914833412129395,0.2036177212825966,0.020861204888978215,0.08063251003477435,0.20562991265796893
34,OnlineFPCA-adagrad,0.1,12500,100,face,3,5,0.133846282958984,3,1,0.11876017710862558,0.1058427394051575,0.2790070429631238,0.020572425683200144,0.08010728355289291,0.20509204311540585
34,OnlineFPCA-adagrad,0.1,12600,100,face,3,5,0.136552810668945,3,1,0.11896296689447318,0.10769148110922899,0.34167096337914177,0.02017180555876225,0.07937059158800754,0.20520102543636287
34,OnlineFPCA-adagrad,0.1,12700,100,face,3,5,0.139511346817017,3,1,0.08932449422641213,0.15654060865181205,0.3042365746357453,0.019716878570877602,0.07805072030108647,0.20537871993440981
34,OnlineFPCA-adagrad,0.1,12800,100,face,3,5,0.150085210800171,3,1,0.06514181290179334,0.10811248007301599,0.3790913004585294,0.019264239079763597,0.0762489623766913,0.20511769035948443
34,OnlineFPCA-adagrad,0.1,12900,100,face,3,5,0.151071786880493,3,1,0.06419037965681082,0.1272307399270072,0.3156010145721597,0.018989847913450385,0.07519877387429934,0.20569310563803572
34,OnlineFPCA-adagrad,0.1,13000,100,face,3,5,0.153335571289062,3,1,0.1068522225326175,0.14010739258513638,0.3117094766678148,0.018558085498462235,0.07457204218822683,0.20586799271922504
34,OnlineFPCA-adagrad,0.1,13100,100,face,3,5,0.149825096130371,3,1,0.07857201068988302,0.1374776248409916,0.15775271413728384,0.018091077083783737,0.07431936278812609,0.20529328522273615
34,OnlineFPCA-adagrad,0.1,13200,100,face,3,5,0.152151823043823,3,1,0.1082583088052901,0.058370148639281874,0.10035027520243503,0.017476063940413896,0.073646935863382,0.2039241984248022
34,OnlineFPCA-adagrad,0.1,13300,100,face,3,5,0.147934913635254,3,1,0.08636347581942307,0.18220536725257547,0.25044591864862487,0.017573887971278592,0.07280271413025406,0.20164459398772996
34,OnlineFPCA-adagrad,0.1,13400,100,face,3,5,0.153814315795898,3,1,0.07231330005916356,0.1432032296950361,0.2932736084644091,0.017781729416173855,0.07257378001755806,0.20055330307390398
34,OnlineFPCA-adagrad,0.1,13500,100,face,3,5,0.144116878509521,3,1,0.137158793913448,0.1530859975704331,0.3133576486977014,0.018074666497152555,0.07237981049580819,0.20000638188918338
34,OnlineFPCA-adagrad,0.1,13600,100,face,3,5,0.154232740402222,3,1,0.06660065331043126,0.10182680672216794,0.2345821153986905,0.018246564855782004,0.07203404627539442,0.19913981633328398
34,OnlineFPCA-adagrad,0.1,13700,100,face,3,5,0.150500774383545,3,1,0.08635848856408196,0.06710388208646952,0.12681327459037273,0.01848021258993665,0.07155166008846729,0.1975491269081387
34,OnlineFPCA-adagrad,0.1,13800,100,face,3,5,0.151205062866211,3,1,0.0630949909425622,0.12825602411717751,0.12399634161027787,0.018421587527315205,0.07097171963801563,0.19549910166839576
34,OnlineFPCA-adagrad,0.1,13900,100,face,3,5,0.1520094871521,3,1,0.12035898680168357,0.25711579344870283,0.19196665438046634,0.01902238314930283,0.07113846075880913,0.19384338543944088
34,OnlineFPCA-adagrad,0.1,14000,100,face,3,5,0.152897119522095,3,1,0.13363070220300627,0.18264803243185965,0.212681078934455,0.019273694972889405,0.07130086213168575,0.19323910836887367
34,OnlineFPCA-adagrad,0.1,14100,100,face,3,5,0.148749113082886,3,1,0.16120522791988248,0.19913903498186997,0.16505970274213982,0.019388243922921402,0.07154962666394692,0.19296069816960615
34,OnlineFPCA-adagrad,0.1,14200,100,face,3,5,0.146217584609985,3,1,0.1346106666883174,0.15479516806247223,0.2050812743351041,0.019930164892223278,0.07175149225107844,0.19207363801385505
34,OnlineFPCA-adagrad,0.1,14300,100,face,3,5,0.149409294128418,3,1,0.11520484455329531,0.18274445512034013,0.27525393299995055,0.020129398834729365,0.07161068575976996,0.19214428743043724
34,OnlineFPCA-adagrad,0.1,14400,100,face,3,5,0.154851913452148,3,1,0.08194054004572122,0.08956497226547747,0.3702671585825046,0.020209302790144646,0.0712657941300688,0.19315916127268004
34,OnlineFPCA-adagrad,0.1,14500,100,face,3,5,0.154144287109375,3,1,0.10651106283627694,0.15870673070357835,0.28034430715205283,0.020635496996370635,0.07108460610972729,0.19384978259309993
34,OnlineFPCA-adagrad,0.1,14600,100,face,3,5,0.131483316421509,3,1,0.16573168420291476,0.08207779866711347,0.33179693105396213,0.021226331479374923,0.0705969553865081,0.1944103347371493
34,OnlineFPCA-adagrad,0.1,14700,100,face,3,5,0.135363101959229,3,1,0.05255768395778817,0.15898694381706263,0.16162580454421976,0.021783382064335395,0.07077992938389054,0.19480632567356237
34,OnlineFPCA-adagrad,0.1,14800,100,face,3,5,0.141523122787476,3,1,0.06280428089976704,0.1681249617869808,0.22158954204038087,0.021554155055421822,0.07083337259780827,0.1941797465175083
34,OnlineFPCA-adagrad,0.1,14900,100,face,3,5,0.130120992660522,3,1,0.12986764104191204,0.16684085461994183,0.2791648788620625,0.021512138805682857,0.07090731257217689,0.1936934708370525
34,OnlineFPCA-adagrad,0.1,15000,100,face,3,5,0.143216848373413,3,1,0.09209636883231856,0.16725582660191884,0.33992661877451064,0.021591016264639436,0.07089278056207604,0.19326077385965093
34,OnlineFPCA-adagrad,0.1,0,100,face,3,5,6.49993443489075,4,1,0.1928146832635463,0.4385400960163578,0.4288529981360048,0.1928146832635463,0.4385400960163578,0.4288529981360048
34,OnlineFPCA-adagrad,0.1,100,100,face,3,5,0.360124349594116,4,1,0.4409532157154263,0.4877273157477435,0.4335519644052127,NA,NA,NA
34,OnlineFPCA-adagrad,0.1,200,100,face,3,5,0.338138341903687,4,1,0.1832572620256994,0.4984915691988217,0.8054042334021044,NA,NA,NA
34,OnlineFPCA-adagrad,0.1,300,100,face,3,5,0.320334672927856,4,1,0.620221299370519,0.5519370151290114,0.4798346776913145,NA,NA,NA
34,OnlineFPCA-adagrad,0.1,400,100,face,3,5,0.305229902267456,4,1,0.5414390703987854,0.18468799655242663,0.27214289694431854,NA,NA,NA
34,OnlineFPCA-adagrad,0.1,500,100,face,3,5,0.303619146347046,4,1,0.7340586982117534,0.30288318321961366,0.39252216801939877,NA,NA,NA
34,OnlineFPCA-adagrad,0.1,600,100,face,3,5,0.309611797332764,4,1,0.6571211279737819,0.30255422468541576,0.39484672653696257,NA,NA,NA
34,OnlineFPCA-adagrad,0.1,700,100,face,3,5,0.299022674560547,4,1,0.5886489478520526,0.3043841260514469,0.3967708616527845,NA,NA,NA
34,OnlineFPCA-adagrad,0.1,800,100,face,3,5,0.305052042007446,4,1,0.5289373029651643,0.29035747403520323,0.3951152057349792,NA,NA,NA
34,OnlineFPCA-adagrad,0.1,900,100,face,3,5,0.303946495056152,4,1,0.42701912006594184,0.28766798297593765,0.37808898995289325,NA,NA,NA
34,OnlineFPCA-adagrad,0.1,1000,100,face,3,5,0.311574459075928,4,1,0.3691083874921254,0.28335089412153597,0.3607672032845794,NA,NA,NA
34,OnlineFPCA-adagrad,0.1,1100,100,face,3,5,0.422078847885132,4,1,0.22553827667291806,0.1928753835548828,0.272730895244057,0.223223619021715,0.24549051766848237,0.308067659240857
34,OnlineFPCA-adagrad,0.1,1200,100,face,3,5,0.449087858200073,4,1,0.9020169166784823,0.9179059189573178,0.23935894994596385,0.13480461820603395,0.17692869274517872,0.25155744888129855
34,OnlineFPCA-adagrad,0.1,1300,100,face,3,5,0.4352707862854,4,1,0.1366011577163766,0.1462497732119503,0.2090163511892253,0.10461884524088544,0.15039069045786416,0.22475470686632895
34,OnlineFPCA-adagrad,0.1,1400,100,face,3,5,0.440915584564209,4,1,0.07203611535664894,0.03134776188016971,0.27345256708843363,0.08709208254473677,0.12916658956701557,0.2210903627384336
34,OnlineFPCA-adagrad,0.1,1500,100,face,3,5,0.446478605270386,4,1,0.17977772972892206,0.11185155418467371,0.26397313512850445,0.0638012780836212,0.11915566248583048,0.22674567212829252
34,OnlineFPCA-adagrad,0.1,1600,100,face,3,5,0.413169145584106,4,1,0.08043202138816515,0.08646041022406772,0.26060434516736786,0.04805872159294324,0.1136287648766309,0.22942530075649392
34,OnlineFPCA-adagrad,0.1,1700,100,face,3,5,0.417775630950928,4,1,0.07285268190579361,0.07839562170056939,0.2630671550428147,0.03793407348252071,0.1080598748367785,0.23192089003060012
34,OnlineFPCA-adagrad,0.1,1800,100,face,3,5,0.445689678192139,4,1,0.06815965585232678,0.06331576721108652,0.2527926311801451,0.031623620018338315,0.10296481281834494,0.23386363954195552
34,OnlineFPCA-adagrad,0.1,1900,100,face,3,5,0.417985677719116,4,1,0.06310940756324857,0.06180078257148713,0.25870124380416354,0.028455747499684367,0.09808757801399298,0.2351687666737969
34,OnlineFPCA-adagrad,0.1,2000,100,face,3,5,0.421978235244751,4,1,0.0792438728977043,0.07170619571249877,0.25073749735465917,0.028126540000923995,0.09429324240949973,0.2364716330861416
34,OnlineFPCA-adagrad,0.1,2100,100,face,3,5,0.446720838546753,4,1,0.38595758840412236,0.29615956470691285,0.36369908936349926,0.028493302978072232,0.07809063932543472,0.2368513516115771
34,OnlineFPCA-adagrad,0.1,2200,100,face,3,5,0.450156450271606,4,1,0.27856460227601587,0.3952397704116173,0.3854069748701939,0.018955012135192472,0.07037441439961484,0.24088802503827006
34,OnlineFPCA-adagrad,0.1,2300,100,face,3,5,0.428459882736206,4,1,0.3109093077292553,0.20530474671587642,0.45003444276696974,0.017374819729943005,0.07308657959087891,0.24827781186967296
34,OnlineFPCA-adagrad,0.1,2400,100,face,3,5,0.423147201538086,4,1,0.26383800692478687,0.21634287826091703,0.28165653578002325,0.011228164062097158,0.06928855078530843,0.25345680184075253
34,OnlineFPCA-adagrad,0.1,2500,100,face,3,5,0.418880224227905,4,1,0.2385638316367002,0.2666404496404152,0.40242608416586695,0.008412100400471531,0.0693155273919087,0.2502768160455752
34,OnlineFPCA-adagrad,0.1,2600,100,face,3,5,0.449701309204102,4,1,0.18087643762205394,0.2246909742350181,0.4920033150221949,0.012425319387620008,0.05512442127297853,0.2526062911011353
34,OnlineFPCA-adagrad,0.1,2700,100,face,3,5,0.453667879104614,4,1,0.1263690911725217,0.23857532109400045,0.43039003627455197,0.017726744310887898,0.054478283479781495,0.2588032769567164
34,OnlineFPCA-adagrad,0.1,2800,100,face,3,5,0.460059642791748,4,1,0.0787736709849117,0.2075508189334235,0.5047155389008439,0.018355164052345746,0.0525289363792748,0.26215817993951
34,OnlineFPCA-adagrad,0.1,2900,100,face,3,5,0.459793567657471,4,1,0.10248763512139512,0.21726684939271146,0.357369806300655,0.019097870295861394,0.058661886111136305,0.268814634144789
34,OnlineFPCA-adagrad,0.1,3000,100,face,3,5,0.453134775161743,4,1,0.13553419414063514,0.21545368438534926,0.365899324269873,0.0190335015352649,0.05907159153866822,0.27057922070670265
34,OnlineFPCA-adagrad,0.1,3100,100,face,3,5,0.484292030334473,4,1,0.10033221519233472,0.18461542421147403,0.13173549633199955,0.01957966114417282,0.06008879929037655,0.26629076124235684
34,OnlineFPCA-adagrad,0.1,3200,100,face,3,5,0.450740814208984,4,1,0.1676410410338225,0.05683478039884728,0.144524183061674,0.01984823950598324,0.06066885530857966,0.2567528346606344
34,OnlineFPCA-adagrad,0.1,3300,100,face,3,5,0.629411458969116,4,1,0.10260312391943777,0.2818561390235233,0.4309188378703737,0.01979294682862487,0.05919673545083811,0.24577752155197125
34,OnlineFPCA-adagrad,0.1,3400,100,face,3,5,0.452580213546753,4,1,0.10301153965743269,0.2385800108991664,0.4614954574511978,0.019021916900256012,0.0618902007239835,0.24591596438438054
34,OnlineFPCA-adagrad,0.1,3500,100,face,3,5,0.454372644424438,4,1,0.18898711272132424,0.17086787794597852,0.42717844269133337,0.020228870965023182,0.06361577015249409,0.2488108666309602
34,OnlineFPCA-adagrad,0.1,3600,100,face,3,5,0.454554796218872,4,1,0.08737516636629825,0.13650945122184377,0.27562804562135734,0.02080397945096516,0.06367776850987894,0.24748000301748987
34,OnlineFPCA-adagrad,0.1,3700,100,face,3,5,0.45596170425415,4,1,0.11332107698993266,0.12580419396696726,0.13080244168330746,0.019700428330385315,0.05939338002745227,0.23908419485058846
34,OnlineFPCA-adagrad,0.1,3800,100,face,3,5,0.467731475830078,4,1,0.0921287285486859,0.20086132451151953,0.22664209439622812,0.018504608954838107,0.054801360924089784,0.2298047347705656
34,OnlineFPCA-adagrad,0.1,3900,100,face,3,5,0.462162256240845,4,1,0.16819176654413753,0.33022688030119696,0.3108406376545052,0.01938251825092398,0.053853973691720805,0.22526430186270854
34,OnlineFPCA-adagrad,0.1,4000,100,face,3,5,0.468913316726685,4,1,0.017564604519947017,0.05277881281298066,0.22548523132055112,0.017564604519947017,0.05277881281298066,0.22548523132055112
34,OnlineFPCA-adagrad,0.1,4100,100,face,3,5,0.480553865432739,4,1,0.1718084530106421,0.20678185634134263,0.11141009643395909,0.06519193400367713,0.07697602531384777,0.18791633643156863
34,OnlineFPCA-adagrad,0.1,4200,100,face,3,5,0.485519409179688,4,1,0.13488043091391458,0.17079789949432156,0.20785788911067216,0.08988565247935396,0.09031988058711432,0.11959590944050809
34,OnlineFPCA-adagrad,0.1,4300,100,face,3,5,0.471536159515381,4,1,0.17180346989053952,0.19568215097473407,0.2888048187408336,0.06468763940059727,0.12173265302936968,0.1555532685219039
34,OnlineFPCA-adagrad,0.1,4400,100,face,3,5,0.479615926742554,4,1,0.1058461940699466,0.11108525531376924,0.4539686837591794,0.056238942946077675,0.11050856821701431,0.2284162055585944
34,OnlineFPCA-adagrad,0.1,4500,100,face,3,5,0.449743747711182,4,1,0.13226362163158714,0.22456485066724519,0.2813165090568958,0.057348478205788984,0.10726799318522248,0.25641076364851795
34,OnlineFPCA-adagrad,0.1,4600,100,face,3,5,0.455036163330078,4,1,0.22414459434089345,0.10967867283591283,0.3955553564153762,0.06372710708672125,0.10413573869340347,0.2581152187715257
34,OnlineFPCA-adagrad,0.1,4700,100,face,3,5,0.452805042266846,4,1,0.07365281975095798,0.2286228490080096,0.1538360478258349,0.06817111574265376,0.09349234125238197,0.24996388312278242
34,OnlineFPCA-adagrad,0.1,4800,100,face,3,5,0.454031705856323,4,1,0.09864538996256975,0.21020116028067418,0.2622679568403218,0.059502623767992875,0.0984307825978826,0.2342577446290541
34,OnlineFPCA-adagrad,0.1,4900,100,face,3,5,0.445751428604126,4,1,0.15811366805795232,0.17818397887506365,0.34464675417766366,0.058676488921002315,0.11038604296159124,0.2314981350070785
34,OnlineFPCA-adagrad,0.1,5000,100,face,3,5,0.46050500869751,4,1,0.11111323811896849,0.1830915979747362,0.4365132244330221,0.06048759073961066,0.11594125384597558,0.23821724513248632
34,OnlineFPCA-adagrad,0.1,5100,100,face,3,5,0.142155408859253,4,1,0.09687841624337137,0.12138933411463809,0.29491201595391753,0.06149964423370022,0.11743113768870946,0.24013464867172118
34,OnlineFPCA-adagrad,0.1,5200,100,face,3,5,0.146334648132324,4,1,0.1152027538025168,0.1717187245580752,0.11926475462846675,0.05897913083278218,0.11843854407916847,0.23121202005238453
34,OnlineFPCA-adagrad,0.1,5300,100,face,3,5,0.157281160354614,4,1,0.10899268358554351,0.16871843830615796,0.19088854954207435,0.05558618563540008,0.11835689495654642,0.2148813487764043
34,OnlineFPCA-adagrad,0.1,5400,100,face,3,5,0.140063524246216,4,1,0.082601546393401,0.20791791179092575,0.2347780324534091,0.05729003662128179,0.11342451163985429,0.2093068734764684
34,OnlineFPCA-adagrad,0.1,5500,100,face,3,5,0.138262271881104,4,1,0.1478135120420836,0.15935921489682567,0.2614978782480298,0.050715431939008355,0.10249433520680162,0.2037614287384279
34,OnlineFPCA-adagrad,0.1,5600,100,face,3,5,0.142199277877808,4,1,0.1499723031100771,0.18092790274121756,0.1962645260854331,0.042641379392489624,0.08742876858018268,0.20198505229730002
34,OnlineFPCA-adagrad,0.1,5700,100,face,3,5,0.142096757888794,4,1,0.20511404350511106,0.07301230355918546,0.26768464665880276,0.03969393280304848,0.08144629692343268,0.19718344644366165
34,OnlineFPCA-adagrad,0.1,5800,100,face,3,5,0.139654636383057,4,1,0.14600958734640618,0.1413595759931702,0.3217462044469369,0.03711704336150817,0.07020607718239406,0.19385749220031534
34,OnlineFPCA-adagrad,0.1,5900,100,face,3,5,0.141436100006104,4,1,0.16055074058555283,0.13405617022253125,0.32183728047820365,0.03468966611432869,0.063989021930921,0.19342974748842282
34,OnlineFPCA-adagrad,0.1,6000,100,face,3,5,0.144168376922607,4,1,0.15244774668061692,0.22564690601711454,0.3992771746722142,0.0317042156305059,0.06291235738742787,0.19590974778496176
34,OnlineFPCA-adagrad,0.1,6100,100,face,3,5,0.137081146240234,4,1,0.139696199300036,0.20467262993080895,0.4131443451318905,0.026687410361302996,0.06700142704541884,0.2010955269403289
34,OnlineFPCA-adagrad,0.1,6200,100,face,3,5,0.139313936233521,4,1,0.24344278542957032,0.23312082232928177,0.38757431314377405,0.024428501305426207,0.07058490180723166,0.20715160066727217
34,OnlineFPCA-adagrad,0.1,6300,100,face,3,5,0.147490978240967,4,1,0.15506117722212395,0.2487517666456945,0.3392410687207361,0.02882239517042233,0.07364414354902062,0.21126668819560643
34,OnlineFPCA-adagrad,0.1,6400,100,face,3,5,0.140375852584839,4,1,0.05714894423617973,0.1602673648531519,0.46790976136917456,0.029742797986956598,0.07546914927141363,0.21774460679384228
34,OnlineFPCA-adagrad,0.1,6500,100,face,3,5,0.13779091835022,4,1,0.16297812732516098,0.17211232692093145,0.35894974196180307,0.02891731416257876,0.07316184113351858,0.2253337681810421
34,OnlineFPCA-adagrad,0.1,6600,100,face,3,5,0.140606880187988,4,1,0.07953095527897695,0.15961753237272583,0.2984475893084029,0.029705372171668267,0.06946170343306754,0.22748627951562536
34,OnlineFPCA-adagrad,0.1,6700,100,face,3,5,0.13555121421814,4,1,0.11534526140861096,0.1527306486239157,0.3593437284333697,0.02923094380233637,0.06813018185784236,0.23012494954806867
34,OnlineFPCA-adagrad,0.1,6800,100,face,3,5,0.137243032455444,4,1,0.13754319953163874,0.2509744988005667,0.21055301827072553,0.027622189459785108,0.06597055345078494,0.23354881758359533
34,OnlineFPCA-adagrad,0.1,6900,100,face,3,5,0.139377117156982,4,1,0.08647128514034279,0.12219800856324398,0.3066381418071305,0.02718535463116584,0.06381985692948285,0.23276514390493486
34,OnlineFPCA-adagrad,0.1,7000,100,face,3,5,0.141535997390747,4,1,0.17084204115961368,0.2616605045283623,0.23793408742475294,0.02739922728111146,0.06627000300837368,0.23226520665449954
34,OnlineFPCA-adagrad,0.1,7100,100,face,3,5,0.147080898284912,4,1,0.1455001547994855,0.2195022566642956,0.2096911798516529,0.027161834993056837,0.06596284435060563,0.22794821547562039
34,OnlineFPCA-adagrad,0.1,7200,100,face,3,5,0.139890432357788,4,1,0.1342749933905544,0.27662492448114007,0.21977680787473283,0.025967257607691863,0.06474536666062404,0.22328712283005597
34,OnlineFPCA-adagrad,0.1,7300,100,face,3,5,0.143757104873657,4,1,0.0824847604705461,0.20594939189793204,0.30769381898866377,0.024515553170018346,0.06222185303675543,0.22126036951088424
34,OnlineFPCA-adagrad,0.1,7400,100,face,3,5,0.141331672668457,4,1,0.08049444472908976,0.10500712531200897,0.23413345654459597,0.022919124867464596,0.0609467546180371,0.21986068641169593
34,OnlineFPCA-adagrad,0.1,7500,100,face,3,5,0.138922452926636,4,1,0.13359845185473468,0.127987569846641,0.3238918375859013,0.021737068621150383,0.05935910689235179,0.2171149426949378
34,OnlineFPCA-adagrad,0.1,7600,100,face,3,5,0.140918493270874,4,1,0.14251270370560262,0.1410552717570458,0.39629976557538155,0.02034844413114834,0.05788403240987314,0.2162166798721225
34,OnlineFPCA-adagrad,0.1,7700,100,face,3,5,0.142289876937866,4,1,0.10438180575289675,0.19003553404281806,0.3471508033606179,0.019033531255180456,0.055144041199055,0.21588139176666013
34,OnlineFPCA-adagrad,0.1,7800,100,face,3,5,0.143228054046631,4,1,0.07210477747914562,0.13841199128554507,0.4294956111222858,0.017946794435836168,0.05090350491753181,0.21465446136727498
34,OnlineFPCA-adagrad,0.1,7900,100,face,3,5,0.140260457992554,4,1,0.07041061404658139,0.16485182525776299,0.34080957296629666,0.01743730408465015,0.050472262458285795,0.21629535946889192
34,OnlineFPCA-adagrad,0.1,8000,100,face,3,5,0.14245343208313,4,1,0.11897464480181823,0.17054700138898402,0.33787139352624823,0.016734069498940577,0.05085518379920962,0.21687203957900109
34,OnlineFPCA-adagrad,0.1,8100,100,face,3,5,0.138355731964111,4,1,0.08251099847725168,0.15919702065077498,0.1442511737260559,0.015978091538858662,0.05213894992539708,0.21521238519493588
34,OnlineFPCA-adagrad,0.1,8200,100,face,3,5,0.140819549560547,4,1,0.12624207225080689,0.0598501657049001,0.0979194444359899,0.014926784698040868,0.05134804390559183,0.21151559753809696
34,OnlineFPCA-adagrad,0.1,8300,100,face,3,5,0.137006044387817,4,1,0.09410827994790123,0.22170880790056166,0.2993361483005339,0.01563753422417622,0.05105855948228754,0.20526943771244768
34,OnlineFPCA-adagrad,0.1,8400,100,face,3,5,0.135386943817139,4,1,0.08021211836779474,0.17285580792469998,0.3402318104932371,0.01629598114926482,0.052427573743409187,0.20270436832857258
34,OnlineFPCA-adagrad,0.1,8500,100,face,3,5,0.138290643692017,4,1,0.15590343184092592,0.16388246956520092,0.35017646839455363,0.017191585832218637,0.05261477322025383,0.20167468235089525
34,OnlineFPCA-adagrad,0.1,8600,100,face,3,5,0.137965202331543,4,1,0.07201681185711749,0.11160435706038496,0.2489022414890646,0.0180083921652034,0.05227047676010078,0.1998406157268057
34,OnlineFPCA-adagrad,0.1,8700,100,face,3,5,0.135636806488037,4,1,0.09496569648293193,0.08134061139129843,0.11593698491411414,0.018452159838621765,0.051092660032372735,0.19596457511957294
34,OnlineFPCA-adagrad,0.1,8800,100,face,3,5,0.135169982910156,4,1,0.07415207778419199,0.15077887849291358,0.15384500611662838,0.018228890253577566,0.04979036627640097,0.19121545729984576
34,OnlineFPCA-adagrad,0.1,8900,100,face,3,5,0.130860805511475,4,1,0.13813486868144972,0.28567712840060405,0.22934445138253826,0.019530144131950363,0.05004572992171743,0.18763362151006616
34,OnlineFPCA-adagrad,0.1,9000,100,face,3,5,0.134268045425415,4,1,0.15778612308705975,0.1998440281173791,0.2518568521722998,0.01976837416194107,0.050610620652978444,0.1869504075111314
34,OnlineFPCA-adagrad,0.1,9100,100,face,3,5,0.134061098098755,4,1,0.17623942924370053,0.22514362767525203,0.19122373133978968,0.019680703413991266,0.05193675376591025,0.18692634407562617
34,OnlineFPCA-adagrad,0.1,9200,100,face,3,5,0.136705160140991,4,1,0.13950116887661743,0.1741468159114903,0.23651333452802192,0.020807995762474475,0.05315237997148058,0.1852746823736601
34,OnlineFPCA-adagrad,0.1,9300,100,face,3,5,0.139155864715576,4,1,0.1336786040264492,0.19693099687256604,0.3014354445480623,0.02115662240747553,0.05343013421284781,0.18598929840722264
34,OnlineFPCA-adagrad,0.1,9400,100,face,3,5,0.154647827148438,4,1,0.09076013457137574,0.09723052871296343,0.4173576049543093,0.021261970246472774,0.05324223302820702,0.1891215484465472
34,OnlineFPCA-adagrad,0.1,9500,100,face,3,5,0.149916887283325,4,1,0.1176772898818971,0.1852233402094484,0.2941235539330374,0.0222183028350289,0.05352807799182448,0.19126523950600385
34,OnlineFPCA-adagrad,0.1,9600,100,face,3,5,0.153273582458496,4,1,0.18860045121391694,0.09618826378676998,0.3684037173766853,0.02345273989019127,0.05282220507786823,0.19278037686646513
34,OnlineFPCA-adagrad,0.1,9700,100,face,3,5,0.142185926437378,4,1,0.05734460648300387,0.19837843056326096,0.17772913790067385,0.02456715008657537,0.05374082095088307,0.19379102991896868
34,OnlineFPCA-adagrad,0.1,9800,100,face,3,5,0.151874780654907,4,1,0.07399086703956775,0.19746259040023875,0.24878840429680846,0.02402156049922681,0.054434679007642116,0.1925489940695555
34,OnlineFPCA-adagrad,0.1,9900,100,face,3,5,0.153693199157715,4,1,0.14226882328665638,0.18033463253119067,0.3109049811445859,0.023940790473284203,0.05548820621232631,0.19177761152484687
34,OnlineFPCA-adagrad,0.1,10000,100,face,3,5,0.157179594039917,4,1,0.09801760015604108,0.18137673069819482,0.3820267676147204,0.024163319236372622,0.05621189113573908,0.19127718441417796
34,OnlineFPCA-adagrad,0.1,10100,100,face,3,5,0.152459859848022,4,1,0.09342889293245438,0.13224864237322814,0.2762218803025018,0.0248369627660813,0.056479256566006095,0.1905124938196861
34,OnlineFPCA-adagrad,0.1,10200,100,face,3,5,0.155806064605713,4,1,0.08736198688909513,0.16224917663333965,0.13525102380203247,0.025372852162929248,0.0566731505814912,0.18927552766846142
34,OnlineFPCA-adagrad,0.1,10300,100,face,3,5,0.159302473068237,4,1,0.10157704428363207,0.16687389856749826,0.168102413427208,0.025046682337604896,0.0572077390102174,0.18734535388263812
34,OnlineFPCA-adagrad,0.1,10400,100,face,3,5,0.169670104980469,4,1,0.06855624409018157,0.1864080265675086,0.20691311726705672,0.025780346350222076,0.056884025263249934,0.18681875607316675
34,OnlineFPCA-adagrad,0.1,10500,100,face,3,5,0.155085802078247,4,1,0.12066244469865298,0.14150903216835545,0.22034180589536428,0.024917488300662642,0.055281359966618586,0.1862204605145317
34,OnlineFPCA-adagrad,0.1,10600,100,face,3,5,0.15057373046875,4,1,0.13009446808318112,0.1439040337696645,0.17836875279240078,0.0232700081003246,0.05352688545107579,0.1861606691133939
34,OnlineFPCA-adagrad,0.1,10700,100,face,3,5,0.144606828689575,4,1,0.1670867147085867,0.06412870977519139,0.24294806158832197,0.022850833842656185,0.05279200510469634,0.18598173368520515
34,OnlineFPCA-adagrad,0.1,10800,100,face,3,5,0.142506122589111,4,1,0.12618724667450587,0.10868505645952525,0.2753402814180945,0.022615887307340814,0.05227551732111798,0.185924279063183
34,OnlineFPCA-adagrad,0.1,10900,100,face,3,5,0.136738777160645,4,1,0.14289955450264752,0.11031532386734569,0.27901092365429053,0.02235762868973041,0.051823723397798206,0.18617318832473567
34,OnlineFPCA-adagrad,0.1,11000,100,face,3,5,0.140186786651611,4,1,0.12310755342535445,0.1748875636237277,0.3331434901498139,0.02184483568660719,0.05203605178538072,0.18719242724169363
34,OnlineFPCA-adagrad,0.1,11100,100,face,3,5,0.140273571014404,4,1,0.1267487522105066,0.17064420238426536,0.34984836943822517,0.020844107184478433,0.05321334596647313,0.18862059574900372
34,OnlineFPCA-adagrad,0.1,11200,100,face,3,5,0.140990018844604,4,1,0.20452889847437372,0.19393002002472914,0.319523818799691,0.020292927640553557,0.05431559720340427,0.18967671236570627
34,OnlineFPCA-adagrad,0.1,11300,100,face,3,5,0.132065773010254,4,1,0.13919146381456274,0.22139590399158615,0.2996775348495244,0.021388479202742318,0.05616377504229817,0.19033154157375828
34,OnlineFPCA-adagrad,0.1,11400,100,face,3,5,0.13338828086853,4,1,0.0619378117728697,0.16162555802006012,0.4037348361903937,0.021816114612728026,0.057856278462434164,0.19186616168328957
34,OnlineFPCA-adagrad,0.1,11500,100,face,3,5,0.131674289703369,4,1,0.14376352626409689,0.15385005890449194,0.3228782156939497,0.021823718725053218,0.05841341705650479,0.19385626041637
34,OnlineFPCA-adagrad,0.1,11600,100,face,3,5,0.131077527999878,4,1,0.06983255898075214,0.12965715661445265,0.28038968118978225,0.02227273231052677,0.05804588681691474,0.19442415722480452
34,OnlineFPCA-adagrad,0.1,11700,100,face,3,5,0.130728006362915,4,1,0.10148059641743153,0.13262183250636692,0.3312361399641442,0.02226608061198712,0.0580156727339294,0.19525352423692577
34,OnlineFPCA-adagrad,0.1,11800,100,face,3,5,0.142178058624268,4,1,0.11540251512647771,0.20554896064633135,0.2276871988321446,0.021902924495864586,0.05808725080338144,0.19637025141056877
34,OnlineFPCA-adagrad,0.1,11900,100,face,3,5,0.14117169380188,4,1,0.08353993634149406,0.11116555947756003,0.2898554377676764,0.021666680601123915,0.05799312968975504,0.19667378065475757
34,OnlineFPCA-adagrad,0.1,12000,100,face,3,5,0.140634059906006,4,1,0.1448441833080881,0.2195817439220283,0.23794966049978264,0.021529699156171735,0.05880544520445221,0.1972774652345175
34,OnlineFPCA-adagrad,0.1,12100,100,face,3,5,0.143035888671875,4,1,0.129906689041453,0.18565847768402718,0.20392546448410634,0.021355138031355168,0.05931089835905115,0.19675978853281353
34,OnlineFPCA-adagrad,0.1,12200,100,face,3,5,0.147090673446655,4,1,0.13739761044148424,0.23206987699765688,0.21624038766390433,0.02126414544712695,0.05950718389448839,0.19583893311772307
34,OnlineFPCA-adagrad,0.1,12300,100,face,3,5,0.142972946166992,4,1,0.06434432919592875,0.18857585074554942,0.2639705204059221,0.020939902586790158,0.0592819024753022,0.19578042743320268
34,OnlineFPCA-adagrad,0.1,12400,100,face,3,5,0.136105060577393,4,1,0.0626133839559102,0.0990498318602567,0.20376204391390654,0.02048137354225617,0.05913847616957987,0.19584031255807424
34,OnlineFPCA-adagrad,0.1,12500,100,face,3,5,0.136984348297119,4,1,0.11873227544645833,0.10570982086577299,0.2792644923770656,0.020241151249378083,0.058753748213151526,0.19540738364087878
34,OnlineFPCA-adagrad,0.1,12600,100,face,3,5,0.142657279968262,4,1,0.11909997777145477,0.10752107937779841,0.3421085874566188,0.019823886786107157,0.05825293860564838,0.19563170867437646
34,OnlineFPCA-adagrad,0.1,12700,100,face,3,5,0.144943237304688,4,1,0.08935724743393808,0.15633970652961807,0.3045258449660038,0.01933141473928843,0.057196012007588046,0.1960147783116635
34,OnlineFPCA-adagrad,0.1,12800,100,face,3,5,0.141239643096924,4,1,0.06517933746140474,0.10807440677662962,0.379399232483369,0.01889350259599867,0.055537469746365455,0.19595943180432673
34,OnlineFPCA-adagrad,0.1,12900,100,face,3,5,0.154879570007324,4,1,0.06424204443675378,0.12718071074998047,0.31572474652360166,0.018662862423534106,0.05502876745392169,0.19680155757744167
34,OnlineFPCA-adagrad,0.1,13000,100,face,3,5,0.142049312591553,4,1,0.1068922751221352,0.14000990898000437,0.31187894223025087,0.01828541968452955,0.05493041141234373,0.19722385192915423
34,OnlineFPCA-adagrad,0.1,13100,100,face,3,5,0.138130903244019,4,1,0.07856094991040391,0.13745824453502717,0.15751066751272003,0.01786702234197647,0.05529969896494588,0.19684991434735302
34,OnlineFPCA-adagrad,0.1,13200,100,face,3,5,0.137042045593262,4,1,0.10827056665248722,0.05842264462491749,0.10021434777310978,0.0172755635351702,0.055007565688103714,0.19564707592218328
34,OnlineFPCA-adagrad,0.1,13300,100,face,3,5,0.137825012207031,4,1,0.08637066731769037,0.18208259912457164,0.2509400939216445,0.01738622988292252,0.05463774929810492,0.1934709355093638
34,OnlineFPCA-adagrad,0.1,13400,100,face,3,5,0.149758100509644,4,1,0.07230983633464007,0.143133464939555,0.2937644913782784,0.01758952247181355,0.05488183860391446,0.19248991830186515
34,OnlineFPCA-adagrad,0.1,13500,100,face,3,5,0.145451784133911,4,1,0.1372453174827158,0.15301664220952588,0.3136860202092924,0.017919067574588332,0.05494524925708709,0.19206397613762627
34,OnlineFPCA-adagrad,0.1,13600,100,face,3,5,0.136217355728149,4,1,0.06663317436543625,0.10186995489444754,0.2346280566749699,0.018139361572242614,0.05483165836193973,0.1912768568380847
34,OnlineFPCA-adagrad,0.1,13700,100,face,3,5,0.148052215576172,4,1,0.08637744187448412,0.06699146463406164,0.12654722213653205,0.018376473791192914,0.05442145891906384,0.18970275555184762
34,OnlineFPCA-adagrad,0.1,13800,100,face,3,5,0.144653558731079,4,1,0.06312267540825918,0.12814482910970273,0.12415596888801782,0.01831025619267253,0.053899664714778896,0.1876747289356186
34,OnlineFPCA-adagrad,0.1,13900,100,face,3,5,0.145659685134888,4,1,0.12041987436261375,0.2568605587816268,0.1922245190518598,0.018913661685399753,0.05410189579006947,0.18605425666413195
34,OnlineFPCA-adagrad,0.1,14000,100,face,3,5,0.148709535598755,4,1,0.13367941982255843,0.18253900508204451,0.2129120591155287,0.019143895373622603,0.05437223528269519,0.1855227368601046
34,OnlineFPCA-adagrad,0.1,14100,100,face,3,5,0.141144275665283,4,1,0.16125280346161922,0.19897462823608159,0.16514381681854995,0.01920495846089328,0.05489113624639641,0.1853314877608422
34,OnlineFPCA-adagrad,0.1,14200,100,face,3,5,0.145583629608154,4,1,0.13461016339578738,0.15472146591542094,0.20527293718486278,0.01970627879637685,0.05537974752775965,0.1844943028060137
34,OnlineFPCA-adagrad,0.1,14300,100,face,3,5,0.149151563644409,4,1,0.11521785999820275,0.18265916414445696,0.2754436153125915,0.01987877625899203,0.05544124399019906,0.18464827870728592
34,OnlineFPCA-adagrad,0.1,14400,100,face,3,5,0.140718936920166,4,1,0.08191902666577848,0.08956268449047441,0.3706394129964817,0.019937098435553982,0.0552395075579464,0.18582003678049872
34,OnlineFPCA-adagrad,0.1,14500,100,face,3,5,0.143690347671509,4,1,0.10650572078861216,0.15859338710779444,0.2804318456942531,0.02036485651920207,0.055225087663947556,0.18665671789290192
34,OnlineFPCA-adagrad,0.1,14600,100,face,3,5,0.144189596176147,4,1,0.165754969976491,0.08203257966375165,0.33203067789469276,0.020956394081243307,0.05480920762542033,0.1873190690864449
34,OnlineFPCA-adagrad,0.1,14700,100,face,3,5,0.138675451278687,4,1,0.052597335287807905,0.15890686860748443,0.16151658989198495,0.021520966246758984,0.05507807166038586,0.18775421898927147
34,OnlineFPCA-adagrad,0.1,14800,100,face,3,5,0.140909194946289,4,1,0.06282022475844584,0.1680622475720536,0.2216875173537961,0.021287186381493968,0.055181784444296694,0.18713928682999556
34,OnlineFPCA-adagrad,0.1,14900,100,face,3,5,0.138309240341187,4,1,0.12999142968072622,0.16680730451751935,0.2794125711637816,0.02121396083863202,0.05540374667537625,0.18669508204059607
34,OnlineFPCA-adagrad,0.1,15000,100,face,3,5,0.150145292282104,4,1,0.09210819641336325,0.16721169548225767,0.340239510491392,0.021262527600251258,0.05553553320039174,0.18631955858066074
34,OnlineFPCA-adagrad,0.1,0,100,face,3,5,6.49993443489075,4,2,0.1928146832635463,0.4385400960163578,0.4288529981360048,0.1928146832635463,0.4385400960163578,0.4288529981360048
34,OnlineFPCA-adagrad,0.1,100,100,face,3,5,0.33346152305603,4,2,1.1108548261506628,1.4356816494295321,1.3843490418946622,NA,NA,NA
34,OnlineFPCA-adagrad,0.1,200,100,face,3,5,0.321851253509521,4,2,0.17583934719694028,0.49748474690012756,0.8272537609395987,NA,NA,NA
34,OnlineFPCA-adagrad,0.1,300,100,face,3,5,0.316199064254761,4,2,0.6718240620734165,0.5875859428747152,0.5739265414244633,NA,NA,NA
34,OnlineFPCA-adagrad,0.1,400,100,face,3,5,0.329987049102783,4,2,0.33146453721938024,0.49913262942821096,0.3872278875781102,NA,NA,NA
34,OnlineFPCA-adagrad,0.1,500,100,face,3,5,0.503417253494263,4,2,0.7870522583403735,0.36368961399258887,0.5714331455170678,NA,NA,NA
34,OnlineFPCA-adagrad,0.1,600,100,face,3,5,0.32965612411499,4,2,0.6285328536356445,0.37104084804965604,0.6358655750654296,NA,NA,NA
34,OnlineFPCA-adagrad,0.1,700,100,face,3,5,0.321338176727295,4,2,0.5690920357361022,0.3702736267285108,0.637833857756901,NA,NA,NA
34,OnlineFPCA-adagrad,0.1,800,100,face,3,5,0.314043521881104,4,2,0.5281911458503301,0.35953707106364646,0.6286573237395717,NA,NA,NA
34,OnlineFPCA-adagrad,0.1,900,100,face,3,5,0.323328733444214,4,2,0.43630409158124184,0.34806094659651476,0.5968434624128036,NA,NA,NA
34,OnlineFPCA-adagrad,0.1,1000,100,face,3,5,0.318673133850098,4,2,0.37316662360005276,0.33515748273341717,0.5628605151857242,NA,NA,NA
34,OnlineFPCA-adagrad,0.1,1100,100,face,3,5,0.454841375350952,4,2,0.24676962173065978,0.27278040360514855,0.4656214739989834,0.2520523993647919,0.3136050064529924,0.5149738548700487
34,OnlineFPCA-adagrad,0.1,1200,100,face,3,5,0.434586763381958,4,2,0.1787097613949038,0.2623344507389205,0.4434132721212561,0.19725704202042832,0.28046889150375326,0.48124182123101683
34,OnlineFPCA-adagrad,0.1,1300,100,face,3,5,0.446440458297729,4,2,0.10292982065860092,0.2578122941213768,0.3806209128771837,0.13407480605453154,0.25675489642175164,0.4481183304367981
34,OnlineFPCA-adagrad,0.1,1400,100,face,3,5,0.447179794311523,4,2,0.06123026392879839,0.17653965467148577,0.3349037591984067,0.10409187269722174,0.21838720401617914,0.3806143837110503
34,OnlineFPCA-adagrad,0.1,1500,100,face,3,5,0.455023050308228,4,2,0.12366426852585337,0.1831016365081049,0.33350539693458264,0.08350744122559818,0.20999686341283602,0.3651631770431188
34,OnlineFPCA-adagrad,0.1,1600,100,face,3,5,0.425113916397095,4,2,0.049267720985090094,0.16641680649407425,0.30943739537973286,0.06630721124895132,0.19991223701767402,0.35059633782549304
34,OnlineFPCA-adagrad,0.1,1700,100,face,3,5,0.464679479598999,4,2,0.07412765724482576,0.16764801596681878,0.3143771639837582,0.05202302133541112,0.19238305481860274,0.3395046603740886
34,OnlineFPCA-adagrad,0.1,1800,100,face,3,5,0.444629669189453,4,2,0.07728420886759668,0.1627168767997547,0.2927165848959853,0.045838062000570466,0.18649201830809226,0.33000267653442117
34,OnlineFPCA-adagrad,0.1,1900,100,face,3,5,0.446820259094238,4,2,0.06499140373361517,0.1544210050617282,0.2954461878692728,0.04250715981844594,0.18078984942168416,0.32269646128294366
34,OnlineFPCA-adagrad,0.1,2000,100,face,3,5,0.435442447662354,4,2,0.1081550825942549,0.16333879206733154,0.28890916232406955,0.03982442166192196,0.17681900527854225,0.3177129959758624
34,OnlineFPCA-adagrad,0.1,2100,100,face,3,5,0.431192398071289,4,2,0.3636691447644937,0.28654715381527684,0.3094636100741151,0.041554421321489524,0.16910471029621474,0.3105821592118424
34,OnlineFPCA-adagrad,0.1,2200,100,face,3,5,0.417882919311523,4,2,0.24651943603580462,0.3636882570085181,0.33232225605743326,0.03206162974712771,0.16351461946357143,0.3000433419474527
34,OnlineFPCA-adagrad,0.1,2300,100,face,3,5,0.429215669631958,4,2,0.3053591518908695,0.19071543198186316,0.42604138621347293,0.03203444802232807,0.15991321231395114,0.2919697109230014
34,OnlineFPCA-adagrad,0.1,2400,100,face,3,5,0.440538883209229,4,2,0.24442119224815698,0.22958388790314188,0.2319584044165899,0.03340396371408299,0.15407601782147254,0.28486725737273155
34,OnlineFPCA-adagrad,0.1,2500,100,face,3,5,0.444397687911987,4,2,0.22256859416161412,0.26632876758047974,0.4044957308437062,0.03574517167797667,0.15176685811354895,0.2792316891461394
34,OnlineFPCA-adagrad,0.1,2600,100,face,3,5,0.49577522277832,4,2,0.1688548299464113,0.22603339571972855,0.48887444646182576,0.038828138553585585,0.14345632664710584,0.2788729733710916
34,OnlineFPCA-adagrad,0.1,2700,100,face,3,5,0.489961624145508,4,2,0.1254650369904749,0.23898679253430694,0.4234894279932445,0.04078385386284177,0.1351114751760321,0.28084374861910216
34,OnlineFPCA-adagrad,0.1,2800,100,face,3,5,0.479197025299072,4,2,0.07858180122171163,0.19112119646602121,0.5016141720575958,0.040011543891727744,0.12470558684100132,0.28016103558114275
34,OnlineFPCA-adagrad,0.1,2900,100,face,3,5,0.518588542938232,4,2,0.09973921970495993,0.21383838037833064,0.34630710572970314,0.039372277060514674,0.11798907308905028,0.280368259682759
34,OnlineFPCA-adagrad,0.1,3000,100,face,3,5,0.509197235107422,4,2,0.13549298643118074,0.2119901279520481,0.352136407059194,0.0381391720396319,0.1126140080663979,0.2791345257794688
34,OnlineFPCA-adagrad,0.1,3100,100,face,3,5,0.502901077270508,4,2,0.10054901789001454,0.1769216995057624,0.13333864112213722,0.03759897758687497,0.10752678499131797,0.27359162602917564
34,OnlineFPCA-adagrad,0.1,3200,100,face,3,5,0.513515949249268,4,2,0.16788045910909774,0.05745737443929718,0.14588957718461548,0.03692342075574643,0.10334949733706343,0.264756744990638
34,OnlineFPCA-adagrad,0.1,3300,100,face,3,5,0.518746852874756,4,2,0.10317280310652155,0.2815840227885195,0.42402997299913037,0.03493963816622411,0.09788161305766065,0.25577657569231177
34,OnlineFPCA-adagrad,0.1,3400,100,face,3,5,0.507842540740967,4,2,0.10299049633872076,0.2411063989494574,0.45757820232418794,0.03296351748795914,0.09895723799847729,0.256305054292236
34,OnlineFPCA-adagrad,0.1,3500,100,face,3,5,0.54516339302063,4,2,0.18764832067819623,0.1716077363391794,0.424354930553687,0.03223711035251265,0.10024734809522244,0.25992292931348504
34,OnlineFPCA-adagrad,0.1,3600,100,face,3,5,0.538403749465942,4,2,0.08728710654659705,0.13892718300386325,0.27756987676906614,0.031140473317976074,0.09840397947259656,0.25729637636619884
34,OnlineFPCA-adagrad,0.1,3700,100,face,3,5,0.728888988494873,4,2,0.11286553666124934,0.13126875175935174,0.13538247127686182,0.028875475492609326,0.09613162524147902,0.24990782185313773
34,OnlineFPCA-adagrad,0.1,3800,100,face,3,5,0.522614479064941,4,2,0.09192293047685224,0.2035682190800626,0.22442452277064928,0.027370008704320953,0.09358735481993911,0.24241645592290256
34,OnlineFPCA-adagrad,0.1,3900,100,face,3,5,0.50703763961792,4,2,0.1674356585948693,0.3329391884050582,0.30804801925402325,0.026273122696007605,0.09399309221425547,0.24041031140587665
34,OnlineFPCA-adagrad,0.1,4000,100,face,3,5,0.504119873046875,4,2,0.02355577857837034,0.0933892109583574,0.2398988856310322,0.02355577857837034,0.0933892109583574,0.2398988856310322
34,OnlineFPCA-adagrad,0.1,4100,100,face,3,5,0.508689165115356,4,2,0.16946524541011615,0.2179040196966848,0.12951389538108715,0.06471537581981827,0.10067612792668582,0.18276122035539902
34,OnlineFPCA-adagrad,0.1,4200,100,face,3,5,0.510323286056519,4,2,0.13231707473648707,0.18331777357510518,0.19128164686624163,0.08777365191451222,0.11765533474397058,0.11413082666909458
34,OnlineFPCA-adagrad,0.1,4300,100,face,3,5,0.500251770019531,4,2,0.17035944373256695,0.19634527465821272,0.2948282442472798,0.06268039064019292,0.140955354381227,0.149268429906084
34,OnlineFPCA-adagrad,0.1,4400,100,face,3,5,0.506868124008179,4,2,0.10430739763722871,0.10419700593674407,0.44147053512333806,0.054692259236911574,0.12121418778092909,0.21584665123521882
34,OnlineFPCA-adagrad,0.1,4500,100,face,3,5,0.506923913955688,4,2,0.13228074760750808,0.22325253274596554,0.28552313406577373,0.05593811416812989,0.11427088024935604,0.24409507563402283
34,OnlineFPCA-adagrad,0.1,4600,100,face,3,5,0.519616603851318,4,2,0.22509300263500862,0.12094689210848883,0.4023181246319638,0.06255952488444695,0.11047582148158307,0.24835447045938253
34,OnlineFPCA-adagrad,0.1,4700,100,face,3,5,0.511381387710571,4,2,0.07439324125662941,0.2501982123729076,0.19023049793021696,0.06741961396846864,0.10795397246696642,0.24693020639817936
34,OnlineFPCA-adagrad,0.1,4800,100,face,3,5,0.523136377334595,4,2,0.09700914185661288,0.2311314273476184,0.2785808428478546,0.05908689499160244,0.11768782188832456,0.23688780323832684
34,OnlineFPCA-adagrad,0.1,4900,100,face,3,5,0.467999219894409,4,2,0.15853913048917137,0.19080946177491284,0.348868036170254,0.05860145624555903,0.1291991506153683,0.23715690734832737
34,OnlineFPCA-adagrad,0.1,5000,100,face,3,5,0.460475921630859,4,2,0.11161056436618186,0.1946878491144202,0.4396399789231572,0.060594948906187114,0.13434960923664424,0.2450698984643601
34,OnlineFPCA-adagrad,0.1,5100,100,face,3,5,0.139273881912231,4,2,0.09734009819671267,0.13602309054270545,0.3019094558323461,0.061712915971062536,0.1356597637701788,0.24763247542060696
34,OnlineFPCA-adagrad,0.1,5200,100,face,3,5,0.137528896331787,4,2,0.1147456640878564,0.18012104370953086,0.137457498919401,0.059275392364862484,0.13577467602181764,0.23952810332122312
34,OnlineFPCA-adagrad,0.1,5300,100,face,3,5,0.13950252532959,4,2,0.10926134304114717,0.174240732214481,0.19885911121418764,0.05593858249094916,0.13417622783998698,0.22357633659679818
34,OnlineFPCA-adagrad,0.1,5400,100,face,3,5,0.135437726974487,4,2,0.08288600412785381,0.21498095713079268,0.23967023243888952,0.0576885486039981,0.1284576461960138,0.21731814688646256
34,OnlineFPCA-adagrad,0.1,5500,100,face,3,5,0.13813328742981,4,2,0.14732646360418605,0.16666255296044927,0.2625588874714123,0.05112256034136985,0.11775036592586183,0.21114949441846795
34,OnlineFPCA-adagrad,0.1,5600,100,face,3,5,0.132458925247192,4,2,0.1502886973493495,0.18680503184806754,0.197823453573822,0.04305386703219913,0.10480056233752988,0.20900838207138642
34,OnlineFPCA-adagrad,0.1,5700,100,face,3,5,0.137546300888062,4,2,0.20488950812794718,0.07966731286105579,0.2699732523675452,0.04013444739516624,0.09958048748502575,0.20414086494984726
34,OnlineFPCA-adagrad,0.1,5800,100,face,3,5,0.138496160507202,4,2,0.14509132055256457,0.14674419108073963,0.31811322828712174,0.03756932178325805,0.09035261399658655,0.20013823858460775
34,OnlineFPCA-adagrad,0.1,5900,100,face,3,5,0.136198282241821,4,2,0.16076379705479782,0.1372743699231545,0.3234579402808136,0.03509141363734208,0.08546853893059991,0.19922849426278813
34,OnlineFPCA-adagrad,0.1,6000,100,face,3,5,0.138863325119019,4,2,0.15151279785586072,0.22622399475886393,0.40362280240735265,0.0320715813150599,0.08397355169563049,0.20119379917316718
34,OnlineFPCA-adagrad,0.1,6100,100,face,3,5,0.149129152297974,4,2,0.13958269536822648,0.20874891581127766,0.4175240596976637,0.026970348922208103,0.08698642811437098,0.2061850195997196
34,OnlineFPCA-adagrad,0.1,6200,100,face,3,5,0.139300584793091,4,2,0.24348887499551822,0.23920826597477676,0.3893727064773818,0.024586598570670005,0.09021272815560746,0.21205088573112235
34,OnlineFPCA-adagrad,0.1,6300,100,face,3,5,0.134338140487671,4,2,0.154886267693828,0.255458602502869,0.34376737552565784,0.02889527427155973,0.09313985219052485,0.21599424908067386
34,OnlineFPCA-adagrad,0.1,6400,100,face,3,5,0.145469427108765,4,2,0.0569577241864096,0.16606596149952357,0.4689697026928383,0.029751375069830083,0.09472972925249189,0.2221941352775545
34,OnlineFPCA-adagrad,0.1,6500,100,face,3,5,0.143428325653076,4,2,0.16289321990244926,0.17719276237121082,0.3608282243891283,0.02887365728876016,0.09250338536190368,0.22922354520594726
34,OnlineFPCA-adagrad,0.1,6600,100,face,3,5,0.140807151794434,4,2,0.07904064239954903,0.16207865315595674,0.2997451553330222,0.02962647207053682,0.08941212070669131,0.2311621990052971
34,OnlineFPCA-adagrad,0.1,6700,100,face,3,5,0.138038396835327,4,2,0.11498124317976523,0.156944569568803,0.3608065644360038,0.02910930591425546,0.08817378166409942,0.2337088870622519
34,OnlineFPCA-adagrad,0.1,6800,100,face,3,5,0.136114835739136,4,2,0.13744729088818256,0.2524718682499621,0.21194754235336224,0.02745605049328835,0.08630844761601039,0.2369957132703894
34,OnlineFPCA-adagrad,0.1,6900,100,face,3,5,0.138632297515869,4,2,0.0861823387290445,0.12171678297775554,0.3071680037040818,0.02696963871015604,0.0837769791558845,0.2360527731721136
34,OnlineFPCA-adagrad,0.1,7000,100,face,3,5,0.135577917098999,4,2,0.1706837069270847,0.26196763252627175,0.239949275253474,0.027172002172461858,0.08489682800103192,0.23553934610852897
34,OnlineFPCA-adagrad,0.1,7100,100,face,3,5,0.149187803268433,4,2,0.14535621599045256,0.21961241370622708,0.2105893126234432,0.02697235130602275,0.08410785072471041,0.23135626964046085
34,OnlineFPCA-adagrad,0.1,7200,100,face,3,5,0.14097261428833,4,2,0.13433594215819253,0.27713923438157917,0.2204790147959962,0.025829593589750788,0.0823544842543161,0.22668482906935997
34,OnlineFPCA-adagrad,0.1,7300,100,face,3,5,0.142354965209961,4,2,0.08236109895292254,0.20623391453340814,0.30809486801488867,0.0243722459686632,0.07996715859168488,0.22469542409224735
34,OnlineFPCA-adagrad,0.1,7400,100,face,3,5,0.139686107635498,4,2,0.08052073325291031,0.10544994954026946,0.23407965261591862,0.022783608397205977,0.07812284055202923,0.22321915673736042
34,OnlineFPCA-adagrad,0.1,7500,100,face,3,5,0.138051748275757,4,2,0.1336925961409621,0.1285449982259172,0.3241749963359105,0.021609707544673985,0.07641886467490613,0.22050174466227984
34,OnlineFPCA-adagrad,0.1,7600,100,face,3,5,0.136495113372803,4,2,0.14228897228269743,0.14110795459715905,0.3958979811696156,0.02026613007664701,0.07450444482768045,0.21959550038458128
34,OnlineFPCA-adagrad,0.1,7700,100,face,3,5,0.139784336090088,4,2,0.10435052993302485,0.19001751788189497,0.34662497061572434,0.018991318073764196,0.07110845883571362,0.2190315404811205
34,OnlineFPCA-adagrad,0.1,7800,100,face,3,5,0.143702507019043,4,2,0.07201503839711743,0.13753407648113733,0.42933855152755396,0.017897540570274643,0.06648522512499545,0.21757658892139492
34,OnlineFPCA-adagrad,0.1,7900,100,face,3,5,0.133740186691284,4,2,0.07030497226936556,0.16437641298958394,0.3405976406291238,0.017372974287013374,0.06467185800917374,0.2188759630158243
34,OnlineFPCA-adagrad,0.1,8000,100,face,3,5,0.137829542160034,4,2,0.11887474544531657,0.17011668760793558,0.3375911833056026,0.016637961905834782,0.063913097487945,0.21919240682022903
34,OnlineFPCA-adagrad,0.1,8100,100,face,3,5,0.145279407501221,4,2,0.08248729034339626,0.1587309928435827,0.14421620421319167,0.015856547210594183,0.06400285416027694,0.217358872618197
34,OnlineFPCA-adagrad,0.1,8200,100,face,3,5,0.135948181152344,4,2,0.1261553831710671,0.05951097251614086,0.09742457086335622,0.014783553276292726,0.06260217417511232,0.21353680317344492
34,OnlineFPCA-adagrad,0.1,8300,100,face,3,5,0.138301610946655,4,2,0.0941011510464483,0.22157991506586444,0.29853229941597476,0.01549768489985996,0.06140509514580896,0.20726519448985586
34,OnlineFPCA-adagrad,0.1,8400,100,face,3,5,0.138840675354004,4,2,0.08017893529675879,0.17289122035287882,0.339547635740876,0.0161695453800637,0.0620480590341453,0.2047117408320955
34,OnlineFPCA-adagrad,0.1,8500,100,face,3,5,0.14013934135437,4,2,0.1557551311370811,0.16386636688088596,0.3498160706330878,0.017081247642533774,0.06203850336675266,0.2037065915509901
34,OnlineFPCA-adagrad,0.1,8600,100,face,3,5,0.141397476196289,4,2,0.07196818708564057,0.11157338794161246,0.24888915061410485,0.017888196610006228,0.06146485902446808,0.20189272842483627
34,OnlineFPCA-adagrad,0.1,8700,100,face,3,5,0.138248443603516,4,2,0.09491190323859094,0.08162806235651697,0.11632115607176817,0.018345162677161426,0.060387427980483736,0.19810907241311743
34,OnlineFPCA-adagrad,0.1,8800,100,face,3,5,0.13749885559082,4,2,0.07410255892520141,0.15089769068290765,0.15356223923019569,0.01813145307018464,0.059194210831456665,0.19344094355441127
34,OnlineFPCA-adagrad,0.1,8900,100,face,3,5,0.14197039604187,4,2,0.13803273739338598,0.285878093699877,0.2289896128475769,0.019448224173513762,0.059670483344207596,0.18996007770000747
34,OnlineFPCA-adagrad,0.1,9000,100,face,3,5,0.13634729385376,4,2,0.1576863066277607,0.19993651004436222,0.25159416758145303,0.01970175916302323,0.060256975489854626,0.18929076817844714
34,OnlineFPCA-adagrad,0.1,9100,100,face,3,5,0.139678955078125,4,2,0.1761748519985185,0.22525058655034141,0.1911796459077116,0.019631788660957918,0.06133156002626512,0.18922065807247773
34,OnlineFPCA-adagrad,0.1,9200,100,face,3,5,0.13781213760376,4,2,0.13949419872515811,0.17424415491336018,0.2364130943260219,0.020775858304354165,0.062310462084938165,0.18756565670669176
34,OnlineFPCA-adagrad,0.1,9300,100,face,3,5,0.142826557159424,4,2,0.1336317808463823,0.19700906833371684,0.30136854012711356,0.021123954195600095,0.062479017207089975,0.1882536800989582
34,OnlineFPCA-adagrad,0.1,9400,100,face,3,5,0.142986297607422,4,2,0.09074186380075756,0.09731348392996066,0.4170107387152684,0.02122772758380108,0.06219585089767782,0.1912529365951603
34,OnlineFPCA-adagrad,0.1,9500,100,face,3,5,0.141265630722046,4,2,0.11765257555960398,0.18528867315292127,0.2941216578103868,0.022179996970362263,0.06233068038030134,0.19329202424849534
34,OnlineFPCA-adagrad,0.1,9600,100,face,3,5,0.135538578033447,4,2,0.1885310678728845,0.09631304829559062,0.36822240703022774,0.023417066651747927,0.061633918534513533,0.19476804023840313
34,OnlineFPCA-adagrad,0.1,9700,100,face,3,5,0.12950873374939,4,2,0.05730947773181849,0.19845848359825355,0.17793801982376728,0.024533576402668657,0.0626093025988269,0.19585408975106297
34,OnlineFPCA-adagrad,0.1,9800,100,face,3,5,0.636023998260498,4,2,0.07394054516452535,0.1975394391766253,0.24873990080040873,0.023991649569236256,0.06338253147654074,0.1947052722292486
34,OnlineFPCA-adagrad,0.1,9900,100,face,3,5,0.135592937469482,4,2,0.1421787304847368,0.18039368210550077,0.31071050768469033,0.023922274315917588,0.06432868928043185,0.19397797430014724
34,OnlineFPCA-adagrad,0.1,10000,100,face,3,5,0.13797926902771,4,2,0.09800714909106195,0.18143518866611116,0.3817605822714596,0.024156457828779926,0.06494540638234372,0.19349658511466974
34,OnlineFPCA-adagrad,0.1,10100,100,face,3,5,0.136893033981323,4,2,0.09342767289598575,0.13232837952940812,0.27617208713939717,0.02483681375228501,0.06516250022533694,0.19275131942201693
34,OnlineFPCA-adagrad,0.1,10200,100,face,3,5,0.142581939697266,4,2,0.08729508348121402,0.1623320586101319,0.13546536401525253,0.025373962658634033,0.06526130017347709,0.19154490912694555
34,OnlineFPCA-adagrad,0.1,10300,100,face,3,5,0.146050691604614,4,2,0.1015578703049659,0.1669540736776791,0.16808377887659515,0.025054200611088432,0.06559278058704726,0.18963517156164814
34,OnlineFPCA-adagrad,0.1,10400,100,face,3,5,0.142563104629517,4,2,0.06854062981911405,0.1865447911565451,0.20687952909319932,0.025794489169672852,0.06518411975992228,0.1890935260701242
34,OnlineFPCA-adagrad,0.1,10500,100,face,3,5,0.136808633804321,4,2,0.1206096295708092,0.14161329628803762,0.22026590212770808,0.02493134910863944,0.06363837140398179,0.18847016590241644
34,OnlineFPCA-adagrad,0.1,10600,100,face,3,5,0.135305643081665,4,2,0.1300591448694207,0.14399993663271005,0.1783202635787064,0.023283054962936308,0.06204448768479969,0.1883851396847778
34,OnlineFPCA-adagrad,0.1,10700,100,face,3,5,0.143333673477173,4,2,0.16700421555635037,0.06422414468465586,0.24283930612146884,0.022867457104928487,0.0613247799135742,0.18818825519705296
34,OnlineFPCA-adagrad,0.1,10800,100,face,3,5,0.140549659729004,4,2,0.12611890855888022,0.10874777446861411,0.275130018720876,0.022637504701239635,0.06080598000425954,0.18808442946201887
34,OnlineFPCA-adagrad,0.1,10900,100,face,3,5,0.142316102981567,4,2,0.1428558520988579,0.11036137965274292,0.27886029869250906,0.02237536835913069,0.060355623553874034,0.18829042080796923
34,OnlineFPCA-adagrad,0.1,11000,100,face,3,5,0.133188724517822,4,2,0.12303429353030727,0.17494811590104412,0.3328873446935652,0.0218571163743764,0.06043290706121265,0.18925847450865207
34,OnlineFPCA-adagrad,0.1,11100,100,face,3,5,0.131548166275024,4,2,0.12672134037089344,0.1707096325626379,0.3496025490285577,0.02084586160239373,0.06138455163003283,0.19064751551707085
34,OnlineFPCA-adagrad,0.1,11200,100,face,3,5,0.1407790184021,4,2,0.2044922737267825,0.19399438786307988,0.31923610750939396,0.020278814127129844,0.06233067431418487,0.19166884362732267
34,OnlineFPCA-adagrad,0.1,11300,100,face,3,5,0.146349668502808,4,2,0.13917432258441215,0.22144936066593346,0.29950875954969663,0.021364799783703866,0.06396672541368241,0.19228838787588756
34,OnlineFPCA-adagrad,0.1,11400,100,face,3,5,0.155887603759766,4,2,0.061925069915180236,0.16169332477158638,0.40344491907237884,0.021784541653418494,0.06545368797540428,0.1937752845494877
34,OnlineFPCA-adagrad,0.1,11500,100,face,3,5,0.151968240737915,4,2,0.14371201805329759,0.1538871906842709,0.32274214046571453,0.02178779208528861,0.0658901787618959,0.19569074211784257
34,OnlineFPCA-adagrad,0.1,11600,100,face,3,5,0.163268804550171,4,2,0.06980188218375302,0.12971157342117556,0.2803186332003486,0.022233457281416246,0.06553739620632423,0.19621813495183393
34,OnlineFPCA-adagrad,0.1,11700,100,face,3,5,0.156875371932983,4,2,0.10144517771528927,0.13265894847064252,0.33113436423254833,0.022221489147096634,0.06548609302999478,0.19701718375295393
34,OnlineFPCA-adagrad,0.1,11800,100,face,3,5,0.154099702835083,4,2,0.11535319190665197,0.2055939841975212,0.22774171586497244,0.02185222164943346,0.06552851713342756,0.19809698496772268
34,OnlineFPCA-adagrad,0.1,11900,100,face,3,5,0.160112380981445,4,2,0.08352923840111347,0.1111728353441109,0.2897807999409559,0.021607865694580675,0.06533400053545128,0.19835665669817282
34,OnlineFPCA-adagrad,0.1,12000,100,face,3,5,0.161284685134888,4,2,0.14480390826576936,0.21962063135299398,0.23794129179082665,0.021467085730930466,0.06595457290351206,0.198933730215321
34,OnlineFPCA-adagrad,0.1,12100,100,face,3,5,0.165285348892212,4,2,0.12984235112017067,0.18568377099487116,0.20390631676492932,0.021296417888233412,0.06632930548547951,0.1984112695158795
34,OnlineFPCA-adagrad,0.1,12200,100,face,3,5,0.172305345535278,4,2,0.1373867559520144,0.23209212433071486,0.21622834782312184,0.021213550915871852,0.06639793067812794,0.19747584554384293
34,OnlineFPCA-adagrad,0.1,12300,100,face,3,5,0.16696310043335,4,2,0.0643166325146502,0.1885898192068961,0.26387102016433434,0.020889783083910644,0.06614461919463369,0.19740794555132782
34,OnlineFPCA-adagrad,0.1,12400,100,face,3,5,0.151721239089966,4,2,0.0625828376908763,0.09907831139904358,0.20368591605154748,0.020432862204560222,0.06589223073505351,0.19744291654014837
34,OnlineFPCA-adagrad,0.1,12500,100,face,3,5,0.14281702041626,4,2,0.11871978634816548,0.10572583436409691,0.2791321503602955,0.020194601845260434,0.06548076765488182,0.1970040148831793
34,OnlineFPCA-adagrad,0.1,12600,100,face,3,5,0.156451940536499,4,2,0.11902671845718464,0.1075369066790664,0.3419068967739327,0.01978435612987517,0.06491695531477908,0.1972186331308258
34,OnlineFPCA-adagrad,0.1,12700,100,face,3,5,0.159028053283691,4,2,0.08932508685255737,0.15636336057197228,0.3043897683466708,0.01929897803942516,0.06377372184625538,0.19756074799065673
34,OnlineFPCA-adagrad,0.1,12800,100,face,3,5,0.158549070358276,4,2,0.0651602619301073,0.1080601517773089,0.37924504851290397,0.018861252619276403,0.06206654625476375,0.19746130851716293
34,OnlineFPCA-adagrad,0.1,12900,100,face,3,5,0.150886297225952,4,2,0.06421914898217747,0.12715384691235398,0.315661847352368,0.018628848376946082,0.0613584456102853,0.1982378447382579
34,OnlineFPCA-adagrad,0.1,13000,100,face,3,5,0.156396389007568,4,2,0.10686343805108288,0.1400023189809429,0.3118008795630929,0.018246816521175147,0.06106709693057593,0.19860232208942316
34,OnlineFPCA-adagrad,0.1,13100,100,face,3,5,2.02490496635437,4,2,0.07855996768020715,0.13743834324517815,0.15761074910075729,0.017824248776221963,0.06120968176194835,0.1981844248212917
34,OnlineFPCA-adagrad,0.1,13200,100,face,3,5,0.131553411483765,4,2,0.10824733972872447,0.058402920688278334,0.10027463195294209,0.017228935094842815,0.060782501123256304,0.19694841156065743
34,OnlineFPCA-adagrad,0.1,13300,100,face,3,5,0.140740633010864,4,2,0.08635864960226,0.18207356353409412,0.2507368729757302,0.017338833597038344,0.06024274319981811,0.1947584037255071
34,OnlineFPCA-adagrad,0.1,13400,100,face,3,5,0.138531684875488,4,2,0.07230239767511105,0.14312312044043715,0.29356538579288693,0.017543740902154516,0.06032380602274802,0.19376742239643588
34,OnlineFPCA-adagrad,0.1,13500,100,face,3,5,0.912760257720947,4,2,0.13719534626733693,0.15302358374218955,0.3135451517767124,0.01787581974097541,0.06030599732075062,0.19333440646351677
34,OnlineFPCA-adagrad,0.1,13600,100,face,3,5,0.135330438613892,4,2,0.0666165728399768,0.10184902689867441,0.23459479137993539,0.0180939969830083,0.06011668352305746,0.1925444835089115
34,OnlineFPCA-adagrad,0.1,13700,100,face,3,5,0.493956804275513,4,2,0.08636012761444278,0.06701138117144213,0.1266443918870278,0.018333532294449145,0.05969371320333585,0.19098308764100325
34,OnlineFPCA-adagrad,0.1,13800,100,face,3,5,0.291425228118896,4,2,0.06310117157440429,0.12815744018807076,0.12407579044402314,0.018269293589110128,0.05916516354743488,0.18896677424548092
34,OnlineFPCA-adagrad,0.1,13900,100,face,3,5,0.137520313262939,4,2,0.120380478056912,0.25690637873249655,0.1921024389226067,0.018876122485974787,0.05937211625245319,0.1873628323455951
34,OnlineFPCA-adagrad,0.1,14000,100,face,3,5,1.42106056213379,4,2,0.13363266003051974,0.18255011496707232,0.21278511444091416,0.019110282552931058,0.05961844914166988,0.18683034304396579
34,OnlineFPCA-adagrad,0.1,14100,100,face,3,5,0.143755197525024,4,2,0.16121762066978793,0.19899257212713206,0.16507582139761875,0.01917595307507335,0.060054395019099795,0.18662296253833516
34,OnlineFPCA-adagrad,0.1,14200,100,face,3,5,0.135467052459717,4,2,0.13460089624235208,0.1547224044430384,0.2051662870333957,0.01968202193214451,0.06045638176579718,0.18577739970386292
34,OnlineFPCA-adagrad,0.1,14300,100,face,3,5,0.143469095230103,4,2,0.11519401619785503,0.1826695112135332,0.27534716879292487,0.01985525379091642,0.06046267410756169,0.18591641268951753
34,OnlineFPCA-adagrad,0.1,14400,100,face,3,5,0.136585712432861,4,2,0.08191789416900211,0.08956003581194201,0.37046637249651165,0.019913801231675042,0.060222461907308705,0.18705093616693055
34,OnlineFPCA-adagrad,0.1,14500,100,face,3,5,0.140450239181519,4,2,0.1064953518891637,0.15860145450441282,0.28038659518206593,0.020340994704821196,0.060159537544976945,0.18785535503280912
34,OnlineFPCA-adagrad,0.1,14600,100,face,3,5,0.143103122711182,4,2,0.16572253972867962,0.0820335145264572,0.3319070000827115,0.020933618614066372,0.05973119334169819,0.18849934958481074
34,OnlineFPCA-adagrad,0.1,14700,100,face,3,5,0.134363174438477,4,2,0.05258335725142649,0.15889063517283047,0.16154233867136772,0.021499083112338505,0.05999097041733295,0.18894269532200073
34,OnlineFPCA-adagrad,0.1,14800,100,face,3,5,0.149686813354492,4,2,0.06280028992117903,0.16805067475313543,0.22162783740069383,0.02126643223319587,0.06010105424358956,0.18834282074391384
34,OnlineFPCA-adagrad,0.1,14900,100,face,3,5,0.198193311691284,4,2,0.12993842182279647,0.1668044350241429,0.27929671698667646,0.021196686416395077,0.060290858624226826,0.1879036327826354
34,OnlineFPCA-adagrad,0.1,15000,100,face,3,5,0.226734161376953,4,2,0.0920987151145375,0.16721172489152342,0.34008757948389984,0.0212490952139676,0.0603888720087582,0.1875282992543401
34,OnlineFPCA-adagrad,0.1,0,100,face,3,5,6.49993443489075,6,1,0.1928146832635463,0.4385400960163578,0.4288529981360048,0.1928146832635463,0.4385400960163578,0.4288529981360048
34,OnlineFPCA-adagrad,0.1,100,100,face,3,5,0.468947887420654,6,1,0.4659920604127913,0.42853155013197064,0.5199547957422067,NA,NA,NA
34,OnlineFPCA-adagrad,0.1,200,100,face,3,5,0.479248523712158,6,1,0.26908778797333355,0.4053972255168243,0.6227098559513881,NA,NA,NA
34,OnlineFPCA-adagrad,0.1,300,100,face,3,5,0.482510805130005,6,1,0.6168869937483447,0.5763770935127559,0.4171748042971736,NA,NA,NA
34,OnlineFPCA-adagrad,0.1,400,100,face,3,5,0.475153207778931,6,1,0.4517973322439515,0.30288996107462546,0.4363454449741932,NA,NA,NA
34,OnlineFPCA-adagrad,0.1,500,100,face,3,5,0.470888137817383,6,1,0.6726500324491828,0.35996606235867595,0.515033876848169,NA,NA,NA
34,OnlineFPCA-adagrad,0.1,600,100,face,3,5,0.481426954269409,6,1,0.5488170819649524,0.355575219691555,0.5146297295402464,NA,NA,NA
34,OnlineFPCA-adagrad,0.1,700,100,face,3,5,0.474392414093018,6,1,0.4691502753350341,0.3580659913913285,0.5133536087017261,NA,NA,NA
34,OnlineFPCA-adagrad,0.1,800,100,face,3,5,0.655555248260498,6,1,0.413498122836319,0.35210537395679875,0.5062032808936454,NA,NA,NA
34,OnlineFPCA-adagrad,0.1,900,100,face,3,5,0.433727979660034,6,1,0.3374916918994294,0.35120983611279966,0.49179161023557616,NA,NA,NA
34,OnlineFPCA-adagrad,0.1,1000,100,face,3,5,0.433424711227417,6,1,0.2939231276105758,0.3478301127967414,0.47872685236870804,NA,NA,NA
34,OnlineFPCA-adagrad,0.1,1100,100,face,3,5,0.618961334228516,6,1,0.20668513607637687,0.30606212743439426,0.37023716724475264,0.15763506039059968,0.3228632873369496,0.428598363770081
34,OnlineFPCA-adagrad,0.1,1200,100,face,3,5,0.613588571548462,6,1,0.9340485183871426,0.7336870213896642,0.2614844465233152,0.2506653874451492,0.3594345159661003,0.35792394490510065
34,OnlineFPCA-adagrad,0.1,1300,100,face,3,5,0.617338895797729,6,1,0.2294743197764418,0.2273158721411671,0.2515261917956082,0.2942232981552308,0.3706651706199155,0.3146606420544254
34,OnlineFPCA-adagrad,0.1,1400,100,face,3,5,0.61855673789978,6,1,0.06852180562483924,0.14573939193846228,0.3087557129206075,0.2482043041490696,0.3212414882309138,0.30049122675542433
34,OnlineFPCA-adagrad,0.1,1500,100,face,3,5,0.629609346389771,6,1,0.1612204470578902,0.16286317724388988,0.2789375359491595,0.2001302459294613,0.28034879730123496,0.29717250321857597
34,OnlineFPCA-adagrad,0.1,1600,100,face,3,5,0.621888399124146,6,1,0.06775090348955264,0.13830813893175914,0.2646010489774505,0.17074185384564944,0.2534002795479877,0.28987913995895015
34,OnlineFPCA-adagrad,0.1,1700,100,face,3,5,0.60922908782959,6,1,0.07560236862586223,0.1206154412466846,0.2675573327710683,0.14974606888598774,0.23266129188486329,0.2840591329395843
34,OnlineFPCA-adagrad,0.1,1800,100,face,3,5,0.61854887008667,6,1,0.08366693150303939,0.1152649858791019,0.25230592155743226,0.13262398476096768,0.2150941668970837,0.2795432996091295
34,OnlineFPCA-adagrad,0.1,1900,100,face,3,5,0.616831064224243,6,1,0.07975357380082815,0.1191975454953925,0.2664555441098283,0.1212480565862227,0.20248054585240827,0.2760509160692455
34,OnlineFPCA-adagrad,0.1,2000,100,face,3,5,0.624154329299927,6,1,0.10193170090168441,0.1285879300804483,0.24477289505379887,0.1121947002078642,0.19288675640172434,0.27309179490643226
34,OnlineFPCA-adagrad,0.1,2100,100,face,3,5,0.604478359222412,6,1,0.3329840975315745,0.2708338364148461,0.3293716135297635,0.10021508606233939,0.17843029418162487,0.2692090867790656
34,OnlineFPCA-adagrad,0.1,2200,100,face,3,5,0.617213249206543,6,1,0.2369915318036021,0.29199227845906983,0.3575348383778702,0.08932317774080017,0.16920883763704744,0.2672961640422409
34,OnlineFPCA-adagrad,0.1,2300,100,face,3,5,0.621443271636963,6,1,0.2871464302035028,0.219396109958519,0.341714649792871,0.08335817526170321,0.1612043591948795,0.2670485034407907
34,OnlineFPCA-adagrad,0.1,2400,100,face,3,5,0.621750354766846,6,1,0.2476905616472866,0.2269354498974647,0.20419527896697345,0.07077962494827818,0.1514766282935843,0.26347225177686867
34,OnlineFPCA-adagrad,0.1,2500,100,face,3,5,0.616180181503296,6,1,0.24013773049184076,0.25134339661074134,0.26692054989012154,0.05921966803905421,0.14146983775111266,0.25225980127888653
34,OnlineFPCA-adagrad,0.1,2600,100,face,3,5,0.67780327796936,6,1,0.17912706758859268,0.21268394127782464,0.3793473063617144,0.04711604967377076,0.13231916671206884,0.24739658928521635
34,OnlineFPCA-adagrad,0.1,2700,100,face,3,5,0.676846504211426,6,1,0.125258494855016,0.22448198995353366,0.2806667102708946,0.039943079850513895,0.12980516855424273,0.24778193764391251
34,OnlineFPCA-adagrad,0.1,2800,100,face,3,5,0.679617166519165,6,1,0.08347062143101529,0.27055094787851436,0.33022640712982454,0.03700996100054443,0.12797987693974286,0.24459620170928628
34,OnlineFPCA-adagrad,0.1,2900,100,face,3,5,0.679821729660034,6,1,0.10904276546999175,0.22096469788752443,0.260177566095858,0.035028855413938055,0.13125452352113318,0.24536009675240886
34,OnlineFPCA-adagrad,0.1,3000,100,face,3,5,0.830444812774658,6,1,0.13419015585105945,0.24177140655534268,0.2891735026489379,0.03367398029252039,0.1303937573305665,0.244783975709829
34,OnlineFPCA-adagrad,0.1,3100,100,face,3,5,0.653300285339355,6,1,0.10150093440781673,0.20373475617684553,0.12800365930659732,0.03210267114189631,0.13044827337218723,0.23969636163149785
34,OnlineFPCA-adagrad,0.1,3200,100,face,3,5,0.677855014801025,6,1,0.1682276997628432,0.068099468334709,0.15953139878935235,0.03071877581319921,0.12817392755999246,0.2322728025661851
34,OnlineFPCA-adagrad,0.1,3300,100,face,3,5,0.692473173141479,6,1,0.10034153249459454,0.2779421261701746,0.4239422162516935,0.031987539107145545,0.12721613599960044,0.2227678492874456
34,OnlineFPCA-adagrad,0.1,3400,100,face,3,5,0.694947957992554,6,1,0.10033103024160878,0.22145996079402688,0.4560300633926832,0.03213630974962216,0.12526173602800136,0.22276527937222843
34,OnlineFPCA-adagrad,0.1,3500,100,face,3,5,0.699520587921143,6,1,0.18761306526389723,0.1693730912355385,0.41448205995465714,0.03199055773347784,0.1208900314180672,0.22558341869052456
34,OnlineFPCA-adagrad,0.1,3600,100,face,3,5,0.68665599822998,6,1,0.08704981776416912,0.1298021535384473,0.25821071576330407,0.03311355163963222,0.11768929830334572,0.22408792948664152
34,OnlineFPCA-adagrad,0.1,3700,100,face,3,5,0.695260763168335,6,1,0.11360458177290653,0.11071089237851268,0.1120957453408854,0.032349423939975086,0.11144410517347263,0.21573613330294822
34,OnlineFPCA-adagrad,0.1,3800,100,face,3,5,0.703163385391235,6,1,0.09201353378866847,0.19161907367046932,0.22465241675730085,0.030784887980369716,0.10540064058142525,0.2071632489600864
34,OnlineFPCA-adagrad,0.1,3900,100,face,3,5,0.728143930435181,6,1,0.16787823942068697,0.3212902829588497,0.3089744861915823,0.03170579990781699,0.10003572115536666,0.20297018848524323
34,OnlineFPCA-adagrad,0.1,4000,100,face,3,5,0.682754516601562,6,1,0.030781742299254886,0.09611107248512853,0.20293806417261145,0.030781742299254886,0.09611107248512853,0.20293806417261145
34,OnlineFPCA-adagrad,0.1,4100,100,face,3,5,0.697317838668823,6,1,0.16917667076397178,0.21703264861445726,0.11785510853226787,0.062368775149540194,0.11645913552665325,0.17467550316449704
34,OnlineFPCA-adagrad,0.1,4200,100,face,3,5,0.686163187026978,6,1,0.1373787460523669,0.18835356991618254,0.21092230385909816,0.09303977452669752,0.12496960072732559,0.12808579964706188
34,OnlineFPCA-adagrad,0.1,4300,100,face,3,5,0.663761854171753,6,1,0.174495032640055,0.21166075587792998,0.287206869110276,0.0707161456645222,0.14899841436307473,0.15930790910004516
34,OnlineFPCA-adagrad,0.1,4400,100,face,3,5,0.678560495376587,6,1,0.1073609980434734,0.1385306821804872,0.4584189407378616,0.06260691331053266,0.14079698347909717,0.23284058578469513
34,OnlineFPCA-adagrad,0.1,4500,100,face,3,5,0.667934894561768,6,1,0.13226908810641808,0.23360407572928604,0.28180548738362526,0.06331804759398921,0.13639749509517113,0.26132176416154124
34,OnlineFPCA-adagrad,0.1,4600,100,face,3,5,0.799276351928711,6,1,0.22259539739810819,0.11491484989214132,0.3890421594992169,0.06842417197823303,0.13087007066556514,0.2613292636158518
34,OnlineFPCA-adagrad,0.1,4700,100,face,3,5,0.690818786621094,6,1,0.07293476262051207,0.2125821080551482,0.12293988605224816,0.071662984753494,0.11455928339752641,0.24857456527072624
34,OnlineFPCA-adagrad,0.1,4800,100,face,3,5,0.692571401596069,6,1,0.09974145342019294,0.1944715041351144,0.24945512366375822,0.06215493236321277,0.11142826395760612,0.23095488582420362
34,OnlineFPCA-adagrad,0.1,4900,100,face,3,5,0.719128608703613,6,1,0.1571403132673575,0.17075026737780744,0.3403481896964766,0.06052579107065101,0.11857548131829618,0.22762428086635084
34,OnlineFPCA-adagrad,0.1,5000,100,face,3,5,0.867169141769409,6,1,0.1104686281483344,0.17614408342093593,0.43128433926498283,0.061739667048008054,0.1212650139800049,0.23466877574768016
34,OnlineFPCA-adagrad,0.1,5100,100,face,3,5,0.144400835037231,6,1,0.09632674253635505,0.11457576751870573,0.28787937939470987,0.06254786757890182,0.12077355042778383,0.23676364767955377
34,OnlineFPCA-adagrad,0.1,5200,100,face,3,5,0.141276836395264,6,1,0.11541002263533418,0.16869098275702823,0.11033559029369544,0.05992751622955894,0.12084881580477756,0.2275903941678914
34,OnlineFPCA-adagrad,0.1,5300,100,face,3,5,0.13800835609436,6,1,0.10858071054232632,0.16735438568773883,0.18447084425317314,0.05633307162942453,0.12108820111993385,0.21117326785602075
34,OnlineFPCA-adagrad,0.1,5400,100,face,3,5,0.137494087219238,6,1,0.08203347681099597,0.2047564674976796,0.23162970533848667,0.05782243021409419,0.11654932199013002,0.20539481578798027
34,OnlineFPCA-adagrad,0.1,5500,100,face,3,5,0.130390644073486,6,1,0.14808866575793925,0.15639454316253806,0.2613940210250728,0.05115912585860385,0.10590669646325492,0.199875242658864
34,OnlineFPCA-adagrad,0.1,5600,100,face,3,5,0.146498203277588,6,1,0.14964733263167782,0.17826598097372218,0.1964361165439002,0.04296634462673754,0.09012206051534687,0.19815242975438083
34,OnlineFPCA-adagrad,0.1,5700,100,face,3,5,0.141618251800537,6,1,0.20498457152429042,0.07221456815338602,0.2657092967378142,0.03982369447029282,0.083282034469683075,0.19309169069150253
34,OnlineFPCA-adagrad,0.1,5800,100,face,3,5,0.138932466506958,6,1,0.14631778595700926,0.1386934281086345,0.3228843604037346,0.03698789170914404,0.07116665769850687,0.18993915665910593
34,OnlineFPCA-adagrad,0.1,5900,100,face,3,5,0.147378921508789,6,1,0.1600934494113895,0.13320656407291184,0.3191320987269584,0.03464718066210113,0.0639240840145371,0.18943429470026424
34,OnlineFPCA-adagrad,0.1,6000,100,face,3,5,0.143602848052979,6,1,0.15274459891754066,0.22542731866370777,0.39290848611096596,0.03179506657363666,0.06247179261113853,0.1916203656861583
34,OnlineFPCA-adagrad,0.1,6100,100,face,3,5,0.138826370239258,6,1,0.13966948936196086,0.20129435402009122,0.4072087062077546,0.026986828113152055,0.06574990616704866,0.19622202825142407
34,OnlineFPCA-adagrad,0.1,6200,100,face,3,5,0.143410205841064,6,1,0.24309911330219414,0.22887117136865498,0.3834099391803892,0.025145129834990922,0.06814002350341332,0.20195328760101094
34,OnlineFPCA-adagrad,0.1,6300,100,face,3,5,0.147994041442871,6,1,0.1551238623522834,0.2433073070917984,0.333270413620816,0.02975703208716617,0.07004676217934852,0.20592330935500502
34,OnlineFPCA-adagrad,0.1,6400,100,face,3,5,0.149588584899902,6,1,0.05741015876861324,0.15532462549909798,0.46398347294651243,0.0307892052996163,0.07112698410109544,0.21225232824371654
34,OnlineFPCA-adagrad,0.1,6500,100,face,3,5,0.144765138626099,6,1,0.16285111141987027,0.16794850916934062,0.35525789569394384,0.02995797363771072,0.06819566388234087,0.2199734676119907
34,OnlineFPCA-adagrad,0.1,6600,100,face,3,5,0.14289402961731,6,1,0.08000604260693109,0.15807037538859117,0.29617286423734646,0.03071631638069685,0.0635448431064859,0.22217035883168865
34,OnlineFPCA-adagrad,0.1,6700,100,face,3,5,0.143913984298706,6,1,0.11547947681019687,0.14936310110386272,0.3566527013474417,0.030251530133737867,0.061513558127209905,0.22480916171997592
34,OnlineFPCA-adagrad,0.1,6800,100,face,3,5,0.154011011123657,6,1,0.1375231580978527,0.2497808797226822,0.20902405191936765,0.028640237008946065,0.058578345935331136,0.22825397600280478
34,OnlineFPCA-adagrad,0.1,6900,100,face,3,5,0.144266843795776,6,1,0.08674326756179096,0.12217323598597377,0.30619808971092505,0.028257678689320793,0.05649601483241386,0.2276066891843902
34,OnlineFPCA-adagrad,0.1,7000,100,face,3,5,0.140487194061279,6,1,0.17084487206323,0.2608428861758468,0.23644597317258467,0.028454808073510123,0.05948498266931173,0.22712724938131956
34,OnlineFPCA-adagrad,0.1,7100,100,face,3,5,0.323201894760132,6,1,0.14528790237062908,0.21915764326153692,0.20898956642448818,0.02814186784084148,0.05911877576812652,0.22273201565673129
34,OnlineFPCA-adagrad,0.1,7200,100,face,3,5,0.145324230194092,6,1,0.1341358253543547,0.2754731628793645,0.2190395034397707,0.026904448341934395,0.05805200453226924,0.21813229753023927
34,OnlineFPCA-adagrad,0.1,7300,100,face,3,5,0.150200843811035,6,1,0.08249193109957006,0.2054463646001304,0.30589692968699583,0.025467986495868702,0.055080058178197826,0.21605802637287005
34,OnlineFPCA-adagrad,0.1,7400,100,face,3,5,0.14323091506958,6,1,0.08039974377573582,0.10438146839973773,0.2325722108168012,0.023794711754758044,0.05405488142746992,0.2147083013318547
34,OnlineFPCA-adagrad,0.1,7500,100,face,3,5,0.152482509613037,6,1,0.13350286281943233,0.12737654142995133,0.3209504394256816,0.02252997666056361,0.05217334693627485,0.21195158200852016
34,OnlineFPCA-adagrad,0.1,7600,100,face,3,5,0.144808292388916,6,1,0.14226874275081045,0.14055834561380207,0.3931012916930518,0.021045004537998666,0.0509288997071571,0.21103453773688582
34,OnlineFPCA-adagrad,0.1,7700,100,face,3,5,0.150787830352783,6,1,0.10430461955754025,0.18947303792788714,0.3426067765268408,0.01966972627316977,0.04881141249968596,0.21085071169926756
34,OnlineFPCA-adagrad,0.1,7800,100,face,3,5,0.148897171020508,6,1,0.07210545755064078,0.14008371358109864,0.4237587561032444,0.01858894964937969,0.04512832160701729,0.2097617962565176
34,OnlineFPCA-adagrad,0.1,7900,100,face,3,5,0.146288871765137,6,1,0.07052403705063116,0.16475384719198702,0.3352996968369683,0.018066779704101903,0.045896364299274385,0.21159092025544018
34,OnlineFPCA-adagrad,0.1,8000,100,face,3,5,0.152569770812988,6,1,0.11888274389503627,0.1714620376796399,0.3324301624947199,0.01737172673807907,0.04708710558231622,0.21232467607049493
34,OnlineFPCA-adagrad,0.1,8100,100,face,3,5,0.149320840835571,6,1,0.08267840452530867,0.15981442835412127,0.14018327315658594,0.016620962887212248,0.04911329967876577,0.21077543423871134
34,OnlineFPCA-adagrad,0.1,8200,100,face,3,5,0.15151047706604,6,1,0.12634897549600213,0.06007797880124364,0.0972901860876068,0.015596521528787407,0.04866495724775946,0.20721152836170592
34,OnlineFPCA-adagrad,0.1,8300,100,face,3,5,0.149589538574219,6,1,0.09395125607619766,0.2215204682562212,0.2985524556627853,0.016298744909102818,0.049025773433057376,0.20107508371100805
34,OnlineFPCA-adagrad,0.1,8400,100,face,3,5,0.141695499420166,6,1,0.0801635094456008,0.17240243984404138,0.3394589179625231,0.016928569237839357,0.05063807330382902,0.1985827500023999
34,OnlineFPCA-adagrad,0.1,8500,100,face,3,5,0.137151956558228,6,1,0.15566694078021195,0.16342890863053658,0.34847052014408214,0.017741856564609755,0.05065663521863433,0.197618204257522
34,OnlineFPCA-adagrad,0.1,8600,100,face,3,5,0.137383937835693,6,1,0.07205837626395821,0.11079657693843661,0.2464035647842361,0.018524680299429726,0.050273505685755476,0.1958316221521258
34,OnlineFPCA-adagrad,0.1,8700,100,face,3,5,0.142296314239502,6,1,0.09503047052182267,0.08084727717151217,0.1132535541897515,0.01894099545797649,0.048854458998225096,0.19194545058555554
34,OnlineFPCA-adagrad,0.1,8800,100,face,3,5,0.13959002494812,6,1,0.07412551518252455,0.15031732686012877,0.15411053037048053,0.018698954592323187,0.047337806079525514,0.18721482282913748
34,OnlineFPCA-adagrad,0.1,8900,100,face,3,5,0.136014938354492,6,1,0.1380267787247268,0.28497946968744564,0.22951182537103335,0.01995684165973691,0.04707934472656643,0.18364238930986626
34,OnlineFPCA-adagrad,0.1,9000,100,face,3,5,0.141755819320679,6,1,0.15766718269025345,0.1993640545955879,0.2515550690961807,0.020176790045245648,0.04733206403221475,0.18299124887928456
34,OnlineFPCA-adagrad,0.1,9100,100,face,3,5,0.140952825546265,6,1,0.17620631464719042,0.22419836172792645,0.19083744986553663,0.020083895734765274,0.04860463364179738,0.1830180219934523
34,OnlineFPCA-adagrad,0.1,9200,100,face,3,5,0.14342212677002,6,1,0.13944409067458333,0.17320028281149033,0.2359281658471319,0.021184977176133758,0.0498107454548077,0.18139226440896972
34,OnlineFPCA-adagrad,0.1,9300,100,face,3,5,0.137426614761353,6,1,0.13376342036122946,0.19603694120504045,0.3005500094692407,0.021551638106197736,0.05003338623493978,0.18214415834315978
34,OnlineFPCA-adagrad,0.1,9400,100,face,3,5,0.13461971282959,6,1,0.09077489165953975,0.09643500632387515,0.4157734340874397,0.021674473967425213,0.04978478608362804,0.18539045412288646
34,OnlineFPCA-adagrad,0.1,9500,100,face,3,5,0.144149541854858,6,1,0.11752632535864356,0.18466547843848727,0.29303540131542866,0.02263198369451275,0.050022295009610175,0.18763819598133913
34,OnlineFPCA-adagrad,0.1,9600,100,face,3,5,0.141043901443481,6,1,0.18851085596838318,0.09565769054883304,0.3678955718156109,0.023849400358347976,0.04919506811732919,0.1892043257485022
34,OnlineFPCA-adagrad,0.1,9700,100,face,3,5,0.143224000930786,6,1,0.057338014818101544,0.19779779016237536,0.1769292435837408,0.024943453635184278,0.0498456666455013,0.19016978766486026
34,OnlineFPCA-adagrad,0.1,9800,100,face,3,5,0.140373706817627,6,1,0.07400617708278907,0.19680407186124863,0.2475666345880792,0.024385922478912286,0.050262885352380604,0.18889767537907134
34,OnlineFPCA-adagrad,0.1,9900,100,face,3,5,0.139481544494629,6,1,0.14217354381374409,0.1799900405441523,0.30956111944046727,0.024286100750842445,0.05121847262623679,0.18815535023457322
34,OnlineFPCA-adagrad,0.1,10000,100,face,3,5,0.137954711914062,6,1,0.0980025160136059,0.18065042521173177,0.38022299834098083,0.024483256211461153,0.051870643530286996,0.18772770240627135
34,OnlineFPCA-adagrad,0.1,10100,100,face,3,5,0.137167692184448,6,1,0.09338574088841309,0.1319471304635452,0.27429646583689016,0.025138870006527567,0.05203421950437799,0.18703654234632053
34,OnlineFPCA-adagrad,0.1,10200,100,face,3,5,0.144264221191406,6,1,0.08731577167836616,0.1621955924329764,0.13558132122378397,0.02566316963324453,0.05218601911030257,0.1858547568634123
34,OnlineFPCA-adagrad,0.1,10300,100,face,3,5,0.152759552001953,6,1,0.10150700532325914,0.16650191728740407,0.16695592508595133,0.025326301502495093,0.05280530523562102,0.1839634562486853
34,OnlineFPCA-adagrad,0.1,10400,100,face,3,5,0.149002552032471,6,1,0.06838795458174447,0.18647870917785825,0.20694769353749234,0.026037655104729246,0.05250117684178138,0.18347021872432664
34,OnlineFPCA-adagrad,0.1,10500,100,face,3,5,0.155155897140503,6,1,0.12075002032916693,0.1416130956004493,0.22055660088389814,0.02517140123048855,0.050820891759001854,0.1829088686004287
34,OnlineFPCA-adagrad,0.1,10600,100,face,3,5,0.144128799438477,6,1,0.130151292176727,0.14392043960677783,0.17882327227311448,0.023522905061405735,0.04887387006271149,0.18288894560628363
34,OnlineFPCA-adagrad,0.1,10700,100,face,3,5,0.153570890426636,6,1,0.16708691134784426,0.06404890239828326,0.24286294059996533,0.023083908943816213,0.048044992847847995,0.18272943960912358
34,OnlineFPCA-adagrad,0.1,10800,100,face,3,5,0.142354249954224,6,1,0.1260967402561272,0.10851770766318289,0.2745696375781856,0.02281635707385452,0.04743960189621006,0.18270187609219118
34,OnlineFPCA-adagrad,0.1,10900,100,face,3,5,0.149193048477173,6,1,0.1428695865355502,0.11018361456346841,0.2782186578524721,0.02255897715897737,0.04690620536816189,0.18297255016822708
34,OnlineFPCA-adagrad,0.1,11000,100,face,3,5,0.14783239364624,6,1,0.12304766276718833,0.174532603732657,0.33198009637268633,0.022056693686657032,0.04716499999905993,0.18400749867961838
34,OnlineFPCA-adagrad,0.1,11100,100,face,3,5,0.141792058944702,6,1,0.12670876370584358,0.17006094642962302,0.3489068139012811,0.021077378094020112,0.04845033533190869,0.18543580390805628
34,OnlineFPCA-adagrad,0.1,11200,100,face,3,5,0.139316320419312,6,1,0.20438292641004743,0.1940714937861958,0.31855180197671096,0.020566214788354586,0.04960611247479235,0.1865010370297628
34,OnlineFPCA-adagrad,0.1,11300,100,face,3,5,0.147500514984131,6,1,0.13915315863488442,0.2211842685861561,0.29854761035943705,0.021686462891021774,0.051546778238889916,0.18717398452549147
34,OnlineFPCA-adagrad,0.1,11400,100,face,3,5,0.142355442047119,6,1,0.06199282080069977,0.1610810400811412,0.4023143293150389,0.02213066837079927,0.053335632998054806,0.18872941139740163
34,OnlineFPCA-adagrad,0.1,11500,100,face,3,5,0.13468337059021,6,1,0.14372145117718604,0.15359618000280706,0.32152879793562433,0.022138544891700966,0.05392203703683441,0.19076242679101466
34,OnlineFPCA-adagrad,0.1,11600,100,face,3,5,0.137585163116455,6,1,0.06992703473503102,0.12969510810055912,0.27941859148744197,0.02258481204619523,0.05348780094924969,0.19136066054374
34,OnlineFPCA-adagrad,0.1,11700,100,face,3,5,0.134059429168701,6,1,0.10139831247911808,0.13267964143295405,0.3302629429088476,0.022580281947727678,0.053426411502131906,0.19222132285270335
34,OnlineFPCA-adagrad,0.1,11800,100,face,3,5,0.14343786239624,6,1,0.1154479268093392,0.2055152998479336,0.2268498938151816,0.022217931224268014,0.05347538485580208,0.19337201803382736
34,OnlineFPCA-adagrad,0.1,11900,100,face,3,5,0.187024354934692,6,1,0.08358024249173168,0.11078554851068607,0.28970828484753036,0.021993138552702764,0.053436237908834824,0.1937217481890766
34,OnlineFPCA-adagrad,0.1,12000,100,face,3,5,0.142345190048218,6,1,0.14483278842397962,0.21906967569893343,0.23801580223541474,0.021860418207952984,0.05437058340669543,0.19435805295938807
34,OnlineFPCA-adagrad,0.1,12100,100,face,3,5,0.135541200637817,6,1,0.1298016789738791,0.18550202411326686,0.20415937398522593,0.021680049295960204,0.0549466461932979,0.19385380087725226
34,OnlineFPCA-adagrad,0.1,12200,100,face,3,5,0.139763116836548,6,1,0.13727277344133149,0.23170981069632574,0.21640534862977667,0.02158276153994545,0.05522104961107322,0.19295907300897747
34,OnlineFPCA-adagrad,0.1,12300,100,face,3,5,0.145053386688232,6,1,0.06432173317514994,0.18834225169790103,0.2637787195954808,0.02126047648533906,0.054985738729769154,0.19291516744061674
34,OnlineFPCA-adagrad,0.1,12400,100,face,3,5,0.149174690246582,6,1,0.06259014219446406,0.09859905679460446,0.20332089392520783,0.02078955622938753,0.05490777803721844,0.19300244936946945
34,OnlineFPCA-adagrad,0.1,12500,100,face,3,5,0.162688493728638,6,1,0.11872774443991059,0.10560588394989665,0.27830748647866105,0.02053395198206001,0.05450290649098317,0.19258133085041595
34,OnlineFPCA-adagrad,0.1,12600,100,face,3,5,0.146409034729004,6,1,0.11899065186138269,0.10739731417127071,0.34049288219144624,0.020100571251313704,0.05403835707368483,0.19281616398935397
34,OnlineFPCA-adagrad,0.1,12700,100,face,3,5,0.150448560714722,6,1,0.08930323535735163,0.15605284368182723,0.30183091976469983,0.019597233225158977,0.05305371765776136,0.1932299657852321
34,OnlineFPCA-adagrad,0.1,12800,100,face,3,5,0.145650148391724,6,1,0.0651308174307978,0.10862375459820695,0.37595562010805644,0.019157379691957944,0.051449092595117756,0.19320260240428083
34,OnlineFPCA-adagrad,0.1,12900,100,face,3,5,0.156798839569092,6,1,0.06425380570816669,0.12693961726481176,0.31216152957639537,0.018922337849540873,0.05111249496743135,0.19408119171719615
34,OnlineFPCA-adagrad,0.1,13000,100,face,3,5,0.157365560531616,6,1,0.10679630800757657,0.1404408320904255,0.30808969083055043,0.018544577974725498,0.05117340824110425,0.19453590545359495
34,OnlineFPCA-adagrad,0.1,13100,100,face,3,5,0.153814315795898,6,1,0.07864869547322276,0.13766552050838007,0.15407616986432277,0.018126121039264767,0.05172168691699013,0.19418529613828742
34,OnlineFPCA-adagrad,0.1,13200,100,face,3,5,0.153705835342407,6,1,0.10833482369563681,0.05836541471935985,0.09838039025108503,0.01753908964673678,0.05152393237609624,0.19300842029045565
34,OnlineFPCA-adagrad,0.1,13300,100,face,3,5,0.147255897521973,6,1,0.08630011797687313,0.18199038732510642,0.25015746383842885,0.01765059766179291,0.0512921167415485,0.19085794246130583
34,OnlineFPCA-adagrad,0.1,13400,100,face,3,5,0.146110057830811,6,1,0.07225580201178286,0.14311106496063342,0.2928376564165427,0.01785015233733736,0.051650062083418415,0.1899044029535212
34,OnlineFPCA-adagrad,0.1,13500,100,face,3,5,0.149808406829834,6,1,0.13709041641269554,0.152655949354761,0.31229444716015897,0.01816506113671012,0.051746134763436105,0.18950591842576225
34,OnlineFPCA-adagrad,0.1,13600,100,face,3,5,0.140380144119263,6,1,0.06668084501527632,0.10130738179160159,0.23281055479365342,0.018379187224490338,0.051668814648628186,0.18874187069536766
34,OnlineFPCA-adagrad,0.1,13700,100,face,3,5,0.150490760803223,6,1,0.08644372549704842,0.0668359939080554,0.12435978613389767,0.018609637212550396,0.05124749173911571,0.18717641798708637
34,OnlineFPCA-adagrad,0.1,13800,100,face,3,5,0.137511968612671,6,1,0.063143035972241,0.12793071688177576,0.1240624526753252,0.018538966775280226,0.05071541518333463,0.18516167626515168
34,OnlineFPCA-adagrad,0.1,13900,100,face,3,5,0.14716362953186,6,1,0.12035784170148195,0.2563743966128521,0.19227347450934426,0.019131577636175026,0.05087590334536843,0.18355269631363838
34,OnlineFPCA-adagrad,0.1,14000,100,face,3,5,0.145612716674805,6,1,0.13359465228136355,0.1822871358452855,0.21293441109971462,0.019354948146338948,0.05113175314556107,0.1830385596432325
34,OnlineFPCA-adagrad,0.1,14100,100,face,3,5,0.144744634628296,6,1,0.16121364525668896,0.1984317863868128,0.1652558233644859,0.019412681563018907,0.05169095289855091,0.18287033174687856
34,OnlineFPCA-adagrad,0.1,14200,100,face,3,5,0.15073037147522,6,1,0.1345739029701669,0.15415948343469124,0.20518365221178905,0.019906893309330563,0.05223132954911319,0.18205171751519109
34,OnlineFPCA-adagrad,0.1,14300,100,face,3,5,0.147192716598511,6,1,0.11526375002904399,0.18202213632904848,0.27500526527136215,0.02008285468016526,0.05232431061613039,0.18222931880259854
34,OnlineFPCA-adagrad,0.1,14400,100,face,3,5,0.135682344436646,6,1,0.08193521402775719,0.08891874048247994,0.3695916407066899,0.02014513676064149,0.05213812527126559,0.183439779688757
34,OnlineFPCA-adagrad,0.1,14500,100,face,3,5,0.144261837005615,6,1,0.10638973333390081,0.1581333453573261,0.27963029286842517,0.020573627910437386,0.05214155130646114,0.18431379926023841
34,OnlineFPCA-adagrad,0.1,14600,100,face,3,5,0.161340713500977,6,1,0.16570204374731784,0.08161857751099665,0.3317369574258738,0.021160707768381692,0.05171925765314274,0.18500291682390835
34,OnlineFPCA-adagrad,0.1,14700,100,face,3,5,0.144787311553955,6,1,0.05254477670240409,0.1586223248171078,0.16106493248148965,0.0217193561757995,0.05197014326576231,0.18544200826000332
34,OnlineFPCA-adagrad,0.1,14800,100,face,3,5,0.141479015350342,6,1,0.06282466371950693,0.167660127244669,0.22084137162688738,0.02148216156208215,0.05204193860496058,0.18483135420057306
34,OnlineFPCA-adagrad,0.1,14900,100,face,3,5,0.134504318237305,6,1,0.12991975141798276,0.16656394068630562,0.27844774419634793,0.02140379692746653,0.05226557709816012,0.18440601432692663
34,OnlineFPCA-adagrad,0.1,15000,100,face,3,5,0.141313314437866,6,1,0.09208991205770899,0.16662867110737278,0.3389829349728247,0.021445370893965594,0.05240118025923591,0.1840619733922601
34,OnlineFPCA-adagrad,0.1,0,100,face,3,5,6.49993443489075,6,2,0.1928146832635463,0.4385400960163578,0.4288529981360048,0.1928146832635463,0.4385400960163578,0.4288529981360048
34,OnlineFPCA-adagrad,0.1,100,100,face,3,5,0.46265983581543,6,2,0.44032717716516057,0.4872970825019738,0.4334766676429775,NA,NA,NA
34,OnlineFPCA-adagrad,0.1,200,100,face,3,5,0.479485750198364,6,2,0.8298276856562601,0.6924984267774074,0.8646523414944259,NA,NA,NA
34,OnlineFPCA-adagrad,0.1,300,100,face,3,5,0.470785856246948,6,2,0.42585629970064964,0.7292942515328855,0.6648327986173141,NA,NA,NA
34,OnlineFPCA-adagrad,0.1,400,100,face,3,5,0.646079301834106,6,2,0.44295912537733895,0.46921901545125616,0.4909060019596599,NA,NA,NA
34,OnlineFPCA-adagrad,0.1,500,100,face,3,5,1.08258104324341,6,2,0.6332266550067563,0.5972265699547603,0.6929682943316856,NA,NA,NA
34,OnlineFPCA-adagrad,0.1,600,100,face,3,5,0.454883098602295,6,2,0.5167426805057526,0.5956993318984409,0.6933071598893246,NA,NA,NA
34,OnlineFPCA-adagrad,0.1,700,100,face,3,5,0.463711500167847,6,2,0.4383695601673605,0.5939910405368315,0.6935352375143681,NA,NA,NA
34,OnlineFPCA-adagrad,0.1,800,100,face,3,5,0.459939956665039,6,2,0.3843012589663635,0.591084927799788,0.6875056529699939,NA,NA,NA
34,OnlineFPCA-adagrad,0.1,900,100,face,3,5,0.460983753204346,6,2,0.31146250314283974,0.5856385447970521,0.6782104988314588,NA,NA,NA
34,OnlineFPCA-adagrad,0.1,1000,100,face,3,5,0.470319986343384,6,2,0.27043974871720955,0.5804610696682081,0.6701022164512346,NA,NA,NA
34,OnlineFPCA-adagrad,0.1,1100,100,face,3,5,0.662053823471069,6,2,0.19800950826521918,0.5424875738674173,0.5906350116374487,0.1389886878097417,0.554770237505502,0.6407287108136241
34,OnlineFPCA-adagrad,0.1,1200,100,face,3,5,0.641852140426636,6,2,0.23939555654979072,0.5186355577714546,0.5631968961815299,0.09336831417511987,0.5386156810714,0.59728873338463
34,OnlineFPCA-adagrad,0.1,1300,100,face,3,5,0.685384035110474,6,2,0.12368361496886861,0.49417933179532325,0.5121884721881317,0.057265674373395,0.5248837468131341,0.5674989214505053
34,OnlineFPCA-adagrad,0.1,1400,100,face,3,5,0.620643138885498,6,2,0.08562941992990185,0.4707654057668441,0.526580243737753,0.05550608582427443,0.51261968729361,0.5491432748194895
34,OnlineFPCA-adagrad,0.1,1500,100,face,3,5,0.643800497055054,6,2,0.781298618002342,0.7686686261855622,0.6769403517906024,0.0810689353286624,0.41400528888785626,0.45648128240182717
34,OnlineFPCA-adagrad,0.1,1600,100,face,3,5,1.16824126243591,6,2,0.21846746512501972,0.6251525494454493,0.6125270001051136,0.10378937770714099,0.21033902285552933,0.2798195214887934
34,OnlineFPCA-adagrad,0.1,1700,100,face,3,5,0.627761602401733,6,2,0.21280117693380687,0.6188612070741998,0.6104484610656375,0.11850322333085855,0.13027714709406193,0.21811372079777835
34,OnlineFPCA-adagrad,0.1,1800,100,face,3,5,5.26209354400635,6,2,0.21044190113858713,0.6141247365764245,0.60716861209581,0.12968436520802776,0.138137706330198,0.21492206768425648
34,OnlineFPCA-adagrad,0.1,1900,100,face,3,5,7.92651772499084,6,2,0.1939649664143763,0.6066482459938994,0.6051322431389485,0.13729304191738886,0.17559443001314323,0.2350847161707469
34,OnlineFPCA-adagrad,0.1,2000,100,face,3,5,0.856086015701294,6,2,0.18856064442376783,0.6042105785116569,0.6041310705538497,0.14222866397433565,0.21385140623215057,0.2612810984115857
34,OnlineFPCA-adagrad,0.1,2100,100,face,3,5,0.739205360412598,6,2,0.19788558730603442,0.47609345008525605,0.4663903970317168,0.13755419085562942,0.23351560800014495,0.27701256679759745
34,OnlineFPCA-adagrad,0.1,2200,100,face,3,5,1.56355953216553,6,2,0.2822034014708817,0.475522438814227,0.49871913378741095,0.1277307381214419,0.2430706492186311,0.2903260613523765
34,OnlineFPCA-adagrad,0.1,2300,100,face,3,5,0.718784332275391,6,2,0.2697493585794596,0.35785702788349627,0.3572432415760074,0.1197332032419678,0.24777508485880534,0.2983061179643417
34,OnlineFPCA-adagrad,0.1,2400,100,face,3,5,0.681044101715088,6,2,0.30018903390053225,0.3893680225094212,0.3262948000501028,0.12037676975260198,0.2526939477624497,0.29989102230689807
34,OnlineFPCA-adagrad,0.1,2500,100,face,3,5,0.684725522994995,6,2,0.2715427347493926,0.34649424164452436,0.36122312718397737,0.1199983405726892,0.25811679415729055,0.29779494610544727
34,OnlineFPCA-adagrad,0.1,2600,100,face,3,5,0.761513948440552,6,2,0.16152721997496503,0.2590520003725706,0.29033972415271353,0.12223823818332313,0.25930412168325606,0.29876312380290215
34,OnlineFPCA-adagrad,0.1,2700,100,face,3,5,0.955229759216309,6,2,0.12205567900507344,0.18518859365246068,0.215457337591517,0.12096796888653971,0.25553417700778547,0.2964435258167875
34,OnlineFPCA-adagrad,0.1,2800,100,face,3,5,0.740906000137329,6,2,0.060539511544825855,0.19307336820120372,0.2751824540957725,0.1167883446282577,0.2478656534942608,0.29066106518006135
34,OnlineFPCA-adagrad,0.1,2900,100,face,3,5,0.775707244873047,6,2,0.10088871962390156,0.1356131008350547,0.2847109543418255,0.1125325621813866,0.23868914596573632,0.2866125047320136
34,OnlineFPCA-adagrad,0.1,3000,100,face,3,5,0.72703218460083,6,2,0.1090613370783769,0.10002175452273836,0.22671216477497635,0.10759540692680965,0.2299077684183764,0.2820592745606652
34,OnlineFPCA-adagrad,0.1,3100,100,face,3,5,0.728795289993286,6,2,0.06768639331475743,0.08007138620417885,0.12903699628843515,0.10380505920920752,0.22130535161450426,0.275222109645901
34,OnlineFPCA-adagrad,0.1,3200,100,face,3,5,0.682218790054321,6,2,0.14429531052950972,0.09655952704592138,0.178276769678357,0.0997693042127171,0.21412260017214943,0.2687561929341736
34,OnlineFPCA-adagrad,0.1,3300,100,face,3,5,0.676031589508057,6,2,0.07084116076990764,0.1806966791041162,0.29623587174571514,0.09472572370316146,0.20680843351635456,0.2624988332569942
34,OnlineFPCA-adagrad,0.1,3400,100,face,3,5,0.678957462310791,6,2,0.07726254940205324,0.16603462727061222,0.39927159033801807,0.09033272566536739,0.20177557285314254,0.26132093909266124
34,OnlineFPCA-adagrad,0.1,3500,100,face,3,5,0.671296358108521,6,2,0.1531290110967173,0.13579725865276723,0.33390915515805025,0.08666059008188415,0.19727866579611097,0.26122836923527343
34,OnlineFPCA-adagrad,0.1,3600,100,face,3,5,0.673428773880005,6,2,0.0782192579787689,0.1169008031729429,0.1792834089583694,0.08243228017676714,0.19107207096965914,0.2576341760468206
34,OnlineFPCA-adagrad,0.1,3700,100,face,3,5,0.682664632797241,6,2,0.11053419911687257,0.15083931182868565,0.15306523183114662,0.07827628381456747,0.18658760868516158,0.25123550773135145
34,OnlineFPCA-adagrad,0.1,3800,100,face,3,5,0.692808866500854,6,2,0.08209240255181924,0.19566198060326365,0.25357920765819214,0.07568054984841716,0.18324703723494365,0.24504294088603082
34,OnlineFPCA-adagrad,0.1,3900,100,face,3,5,0.679757356643677,6,2,0.15003609690753986,0.32675722626152665,0.2767738562511547,0.07198025354170305,0.18076119162743462,0.2414050211661803
34,OnlineFPCA-adagrad,0.1,4000,100,face,3,5,0.681200265884399,6,2,0.06837108833464603,0.17792725588418606,0.24096362128198395,0.06837108833464603,0.17792725588418606,0.24096362128198395
34,OnlineFPCA-adagrad,0.1,4100,100,face,3,5,0.697735548019409,6,2,0.1829453935757981,0.24705299998543798,0.18861594240475485,0.0919119878854523,0.1764756780468866,0.2334840168731375
34,OnlineFPCA-adagrad,0.1,4200,100,face,3,5,0.671661615371704,6,2,0.1253393751117166,0.20292732270144323,0.2938065670811378,0.09543556298092569,0.16650859738905885,0.2100783887494345
34,OnlineFPCA-adagrad,0.1,4300,100,face,3,5,0.666012287139893,6,2,0.1637846952625096,0.19131114705412866,0.3085640134989644,0.06028480778661715,0.1650892063716865,0.23200110706308952
34,OnlineFPCA-adagrad,0.1,4400,100,face,3,5,0.666166067123413,6,2,0.10167695090011832,0.12998427639144514,0.39072058898532797,0.04714465890893501,0.14446965693427466,0.26632602691956986
34,OnlineFPCA-adagrad,0.1,4500,100,face,3,5,0.689701795578003,6,2,0.1175924239109242,0.22664950656568933,0.29519172337822525,0.04585185058835937,0.14047179158203402,0.2751101621207315
34,OnlineFPCA-adagrad,0.1,4600,100,face,3,5,0.701729297637939,6,2,0.21415263646192953,0.15871914044936813,0.42298791984019296,0.05184509113756659,0.13580790011310168,0.27790147198828447
34,OnlineFPCA-adagrad,0.1,4700,100,face,3,5,0.70259165763855,6,2,0.07865188757201852,0.26159796964867843,0.22774730945763966,0.05620760536959626,0.14311779685210782,0.2767370240825454
34,OnlineFPCA-adagrad,0.1,4800,100,face,3,5,0.693003177642822,6,2,0.09787091066327169,0.24601555663927308,0.2869953200541379,0.04974993079897342,0.15427834316688577,0.26556396103224
34,OnlineFPCA-adagrad,0.1,4900,100,face,3,5,0.691236019134521,6,2,0.1555060055476142,0.2083348384153524,0.3230208896639078,0.05107069555551827,0.16230156177945254,0.2628215622633195
34,OnlineFPCA-adagrad,0.1,5000,100,face,3,5,0.693406820297241,6,2,0.11349188615316962,0.1959192398942433,0.3919573037492547,0.054818510776505604,0.1644467641794039,0.26682067554666383
34,OnlineFPCA-adagrad,0.1,5100,100,face,3,5,0.144865989685059,6,2,0.0945235556454191,0.17740294566041998,0.2800745205986053,0.05706452141519173,0.16339437912556276,0.2682062906352867
34,OnlineFPCA-adagrad,0.1,5200,100,face,3,5,0.145603656768799,6,2,0.11388195653405002,0.206442785666635,0.2268564548274308,0.05556350180149182,0.16167663153441406,0.2623067368242623
34,OnlineFPCA-adagrad,0.1,5300,100,face,3,5,0.148174047470093,6,2,0.10914012279913496,0.1801412671122229,0.2209864762560194,0.053599634991971574,0.1580003734128506,0.2503792208870757
34,OnlineFPCA-adagrad,0.1,5400,100,face,3,5,0.145252466201782,6,2,0.08084247868562544,0.21757929124276792,0.2699344858174793,0.05612500012823455,0.15245437936398823,0.2470748588989483
34,OnlineFPCA-adagrad,0.1,5500,100,face,3,5,0.138535737991333,6,2,0.14831383629698286,0.1711564429229891,0.2776320846330407,0.049591661276714,0.1443812370779646,0.24317571488558823
34,OnlineFPCA-adagrad,0.1,5600,100,face,3,5,0.144519090652466,6,2,0.1522018425957879,0.20674813712230863,0.19077133240430133,0.04166434291077749,0.13627216701169662,0.2409762626079887
34,OnlineFPCA-adagrad,0.1,5700,100,face,3,5,0.133706331253052,6,2,0.20654591216873225,0.10442402591377081,0.2542488361180516,0.03922542213155758,0.13261093801409557,0.2371194545073271
34,OnlineFPCA-adagrad,0.1,5800,100,face,3,5,0.139927625656128,6,2,0.13707682278788777,0.1452557063817313,0.26244518045223764,0.037070038107988965,0.12787597719204719,0.23279891159889385
34,OnlineFPCA-adagrad,0.1,5900,100,face,3,5,0.135177135467529,6,2,0.15927273834110087,0.14501772259143955,0.30328744318153794,0.034310517940331846,0.12476655437773373,0.2308883212244305
34,OnlineFPCA-adagrad,0.1,6000,100,face,3,5,0.160590887069702,6,2,0.14764155266667617,0.20744938431488305,0.37999737472257955,0.031099936963054353,0.12237410316656643,0.23244602284473515
34,OnlineFPCA-adagrad,0.1,6100,100,face,3,5,0.155484199523926,6,2,0.13829276801424017,0.18687473502087426,0.4055030025289092,0.026051605125228274,0.12244845068970055,0.2368035128824625
34,OnlineFPCA-adagrad,0.1,6200,100,face,3,5,0.137115955352783,6,2,0.23503116587589096,0.25636049567478714,0.3534826110419493,0.023157695708361212,0.12401514000850372,0.24144862914939147
34,OnlineFPCA-adagrad,0.1,6300,100,face,3,5,0.14121675491333,6,2,0.1523426462329547,0.2463083928876489,0.3277330145375002,0.026743301834636777,0.12627385233450306,0.24426630930335214
34,OnlineFPCA-adagrad,0.1,6400,100,face,3,5,0.137448787689209,6,2,0.05781047676933538,0.14427912548688976,0.432257654015984,0.027132456639331903,0.1267339932714264,0.24902670859404713
34,OnlineFPCA-adagrad,0.1,6500,100,face,3,5,0.134418725967407,6,2,0.1602463109948223,0.178481808996779,0.338832255421541,0.026055458444544648,0.1244611287478459,0.2534020171031594
34,OnlineFPCA-adagrad,0.1,6600,100,face,3,5,0.135718584060669,6,2,0.08382473615862815,0.16676639254876569,0.28401288751772974,0.02659933989056187,0.12184593597156722,0.2538196148946016
34,OnlineFPCA-adagrad,0.1,6700,100,face,3,5,0.154220342636108,6,2,0.110430993254868,0.16548373860798873,0.34845756726987615,0.02597789320167563,0.12009327059329472,0.25545262000103286
34,OnlineFPCA-adagrad,0.1,6800,100,face,3,5,0.148458003997803,6,2,0.13699422162480576,0.2543425538954714,0.21043615174487415,0.02429543806861549,0.11818530735294402,0.25749591736996963
34,OnlineFPCA-adagrad,0.1,6900,100,face,3,5,0.146084547042847,6,2,0.08531978832022291,0.10662276782782287,0.3190745912392144,0.023699364844264884,0.1150509435872927,0.2556709425165967
34,OnlineFPCA-adagrad,0.1,7000,100,face,3,5,0.155084848403931,6,2,0.16735548106792253,0.24176201979791592,0.2381363074400239,0.024034928140605104,0.11390693934953328,0.2546741750347885
34,OnlineFPCA-adagrad,0.1,7100,100,face,3,5,0.143634557723999,6,2,0.1409721507807534,0.20572213479284074,0.19168448539228436,0.024142338549519533,0.11223955789127758,0.2505410607870792
34,OnlineFPCA-adagrad,0.1,7200,100,face,3,5,0.146111726760864,6,2,0.13174836721685804,0.2320615491262265,0.20999060215527526,0.02308638422568052,0.11001310843507656,0.2457841665632575
34,OnlineFPCA-adagrad,0.1,7300,100,face,3,5,0.151118278503418,6,2,0.08437245119268554,0.19419595251327698,0.2555392086699874,0.021561099668999335,0.10791092048429848,0.2441484088155011
34,OnlineFPCA-adagrad,0.1,7400,100,face,3,5,0.15432071685791,6,2,0.08096146819870073,0.09722576756807215,0.19949401843579673,0.020351093728636884,0.10508083248372291,0.24213614592944105
34,OnlineFPCA-adagrad,0.1,7500,100,face,3,5,0.161210536956787,6,2,0.13429750960092016,0.12641065887230774,0.24593189623803866,0.019367582579145087,0.10285657638995285,0.23878794217835966
34,OnlineFPCA-adagrad,0.1,7600,100,face,3,5,0.149634599685669,6,2,0.13746695912966694,0.12325269627125668,0.28705803517423173,0.01825344816511203,0.10016973857147562,0.2373892717702049
34,OnlineFPCA-adagrad,0.1,7700,100,face,3,5,0.153609037399292,6,2,0.10220537273862387,0.16226193614503712,0.1910305369811233,0.0172186387308186,0.09670220406544534,0.23556874327858024
34,OnlineFPCA-adagrad,0.1,7800,100,face,3,5,0.150909185409546,6,2,0.07103342733550937,0.18274046647796308,0.262357645241165,0.016240026880743885,0.09237952027147146,0.23242503966014236
34,OnlineFPCA-adagrad,0.1,7900,100,face,3,5,0.157182693481445,6,2,0.07717925804741768,0.15812078546244568,0.23434984209805734,0.015653220427727637,0.08894977959851803,0.23109967323428238
34,OnlineFPCA-adagrad,0.1,8000,100,face,3,5,0.150692701339722,6,2,0.11503886843970892,0.18325215672526066,0.22382883772125114,0.01486221891370747,0.08679936770403796,0.22916892102564343
34,OnlineFPCA-adagrad,0.1,8100,100,face,3,5,0.150984048843384,6,2,0.08275131530426912,0.15251872129297073,0.09088748205388038,0.014021560064529133,0.08494574641392912,0.22540971631921292
34,OnlineFPCA-adagrad,0.1,8200,100,face,3,5,0.135398626327515,6,2,0.12772391259938184,0.05588408912267387,0.10656289650195681,0.01296225721555376,0.08223340144229514,0.22058580719544313
34,OnlineFPCA-adagrad,0.1,8300,100,face,3,5,0.139864444732666,6,2,0.08761755676216104,0.20099286363955185,0.2461768769499101,0.013587598778370565,0.07943085740102111,0.21476235919927464
34,OnlineFPCA-adagrad,0.1,8400,100,face,3,5,0.140458106994629,6,2,0.07430945270312421,0.1456064158960242,0.33104373987418456,0.01420597049618981,0.07845280609178283,0.21255031074712197
34,OnlineFPCA-adagrad,0.1,8500,100,face,3,5,0.142799615859985,6,2,0.14515861726330356,0.13634577780815144,0.30370805778053966,0.015283919541950774,0.07741970416533875,0.21129896834912762
34,OnlineFPCA-adagrad,0.1,8600,100,face,3,5,0.145616292953491,6,2,0.07300959840573028,0.07265420087117241,0.16490494527688204,0.01618648759500456,0.0759770103364379,0.2096806949021554
34,OnlineFPCA-adagrad,0.1,8700,100,face,3,5,0.143592834472656,6,2,0.0972707577388749,0.07852774840610899,0.06209505731971752,0.01678003261202367,0.0745102207659301,0.20628337665474925
34,OnlineFPCA-adagrad,0.1,8800,100,face,3,5,0.137457132339478,6,2,0.0723501178916164,0.1426074688899321,0.1844354126479351,0.016670362864614627,0.07321795762422961,0.2019305416215841
34,OnlineFPCA-adagrad,0.1,8900,100,face,3,5,0.143090486526489,6,2,0.13290128315656555,0.2687502699214259,0.23063560588848728,0.018031734242221552,0.07330486157409288,0.1984427759319029
34,OnlineFPCA-adagrad,0.1,9000,100,face,3,5,0.138885259628296,6,2,0.15411724773338864,0.17610248795608696,0.23268480751614054,0.01828682671933459,0.0731945585681103,0.19746614999504228
34,OnlineFPCA-adagrad,0.1,9100,100,face,3,5,0.146040678024292,6,2,0.1759432838324878,0.17595523037760968,0.17289682538097936,0.018382428220112726,0.07307300019304158,0.19711411602929063
34,OnlineFPCA-adagrad,0.1,9200,100,face,3,5,0.140028476715088,6,2,0.13534399380584555,0.1361678098141679,0.22700596338067897,0.01968227121739871,0.07301465439068436,0.19555030855605393
34,OnlineFPCA-adagrad,0.1,9300,100,face,3,5,0.140459775924683,6,2,0.13653106686399777,0.15887308201816408,0.27266980423916387,0.020060688983362746,0.0724499086840959,0.19614940678824733
34,OnlineFPCA-adagrad,0.1,9400,100,face,3,5,0.134652137756348,6,2,0.09185416841449452,0.07419839049044452,0.3598368629600793,0.020125324975897734,0.0717346107558078,0.19852322705714254
34,OnlineFPCA-adagrad,0.1,9500,100,face,3,5,0.147118806838989,6,2,0.11073509085140384,0.17015582517035055,0.26519352297756843,0.021082780356364253,0.07139371766419488,0.19997547835632745
34,OnlineFPCA-adagrad,0.1,9600,100,face,3,5,0.143126010894775,6,2,0.1844776768567124,0.08724448225771997,0.3662373815390815,0.022286711484284457,0.07043731628858804,0.20115788812438073
34,OnlineFPCA-adagrad,0.1,9700,100,face,3,5,0.152325868606567,6,2,0.05904694871723868,0.18586351240432877,0.15848025342201663,0.023340140583375562,0.07131188290277128,0.20181635527348463
34,OnlineFPCA-adagrad,0.1,9800,100,face,3,5,0.155075311660767,6,2,0.07440658062273553,0.18229602877587225,0.22388453271325834,0.022808895675351562,0.07193274668058852,0.2004765985639033
34,OnlineFPCA-adagrad,0.1,9900,100,face,3,5,0.150361299514771,6,2,0.13947538529338435,0.17414825168627535,0.2789315981900917,0.02275831501928256,0.07251035366131472,0.19979857342964977
34,OnlineFPCA-adagrad,0.1,10000,100,face,3,5,0.143290758132935,6,2,0.09745892472818,0.15984605490755058,0.3392956846939858,0.02304677955530153,0.07273160168563404,0.19973850871602714
34,OnlineFPCA-adagrad,0.1,10100,100,face,3,5,0.142404556274414,6,2,0.09145087108868168,0.12849934063496027,0.24561338746366426,0.02379631899171649,0.07266888465890795,0.19977768405713583
34,OnlineFPCA-adagrad,0.1,10200,100,face,3,5,0.140201330184937,6,2,0.08608021790159728,0.15754674270403218,0.17988993590112132,0.024445839317564572,0.07248477637531392,0.1994704908505737
34,OnlineFPCA-adagrad,0.1,10300,100,face,3,5,0.147224426269531,6,2,0.09997745152107058,0.15281823379196724,0.1606234876349598,0.024278683648863472,0.0724964190039535,0.19820294323349397
34,OnlineFPCA-adagrad,0.1,10400,100,face,3,5,0.143263578414917,6,2,0.06409480913632314,0.17496388665500381,0.21888158614095984,0.025110982875359174,0.07204314114373019,0.19807298611755642
34,OnlineFPCA-adagrad,0.1,10500,100,face,3,5,0.142637252807617,6,2,0.1219529888946907,0.12612509670486938,0.22825813764729908,0.024227980549863075,0.07076003034188463,0.19764301864033473
34,OnlineFPCA-adagrad,0.1,10600,100,face,3,5,0.139858722686768,6,2,0.1313248958377848,0.14378592953384686,0.1737978231698462,0.022513928279071404,0.06954930619064026,0.197457575581107
34,OnlineFPCA-adagrad,0.1,10700,100,face,3,5,0.142239570617676,6,2,0.16839927272631997,0.06417295213057171,0.22489344741052836,0.022118135617258294,0.06889208122984641,0.19702891143515994
34,OnlineFPCA-adagrad,0.1,10800,100,face,3,5,0.145317077636719,6,2,0.1220009147675976,0.10210860728807926,0.23439912900632576,0.021934039763967295,0.06846575311595433,0.19650939982812057
34,OnlineFPCA-adagrad,0.1,10900,100,face,3,5,0.308316707611084,6,2,0.1410551034101072,0.10713866124626358,0.25174637013717516,0.021649412751901048,0.06797579082102922,0.19625001356601307
34,OnlineFPCA-adagrad,0.1,11000,100,face,3,5,0.134725093841553,6,2,0.12108197270788297,0.15906450527584187,0.30151153978332423,0.021106813233028453,0.06778006730771918,0.1967948226169324
34,OnlineFPCA-adagrad,0.1,11100,100,face,3,5,0.131669759750366,6,2,0.12452097030031439,0.14610780576717478,0.3311551869013392,0.02011937569152502,0.0681510795940832,0.1977865431964792
34,OnlineFPCA-adagrad,0.1,11200,100,face,3,5,0.129338264465332,6,2,0.19753084630076953,0.20126493867916811,0.2892059307690731,0.019516114394556465,0.0687272954796486,0.19864254466528528
34,OnlineFPCA-adagrad,0.1,11300,100,face,3,5,0.137916088104248,6,2,0.13714284222914658,0.20620400574470144,0.2761142923067792,0.02054144442765828,0.07003562084430923,0.19921897068771235
34,OnlineFPCA-adagrad,0.1,11400,100,face,3,5,0.134089469909668,6,2,0.06308513753044817,0.13139102952010878,0.37015808905715625,0.020877519301078583,0.07106863285882942,0.2005458393771386
34,OnlineFPCA-adagrad,0.1,11500,100,face,3,5,0.136538505554199,6,2,0.1408714592145341,0.14094801818237895,0.2953933907501543,0.020841032813344228,0.07119852891035995,0.20208131097136167
34,OnlineFPCA-adagrad,0.1,11600,100,face,3,5,0.14074969291687,6,2,0.0737781246719028,0.12862057572228192,0.26176617151389403,0.021257955786397234,0.07084811537638971,0.20248606909414907
34,OnlineFPCA-adagrad,0.1,11700,100,face,3,5,0.137623071670532,6,2,0.09746759289817317,0.1345580270806793,0.3161072610064634,0.021227939324588312,0.07075594696948685,0.20334177930106007
34,OnlineFPCA-adagrad,0.1,11800,100,face,3,5,0.143941164016724,6,2,0.11654902764857596,0.20422806857246475,0.2186094215997647,0.020866934086710788,0.07077644715143308,0.20442056642979636
34,OnlineFPCA-adagrad,0.1,11900,100,face,3,5,0.142456531524658,6,2,0.08367327281795692,0.09754484637847226,0.29773365799010704,0.020597376430468002,0.07041332520998109,0.20463507311941492
34,OnlineFPCA-adagrad,0.1,12000,100,face,3,5,0.191241502761841,6,2,0.14229009197530632,0.19948936628373176,0.23982084496135125,0.02045706066008228,0.07063996856050549,0.2051244425568858
34,OnlineFPCA-adagrad,0.1,12100,100,face,3,5,0.131225347518921,6,2,0.1263335633202007,0.17628708706670226,0.19950103084611168,0.020317829627096072,0.07079793911720567,0.20455625593813465
34,OnlineFPCA-adagrad,0.1,12200,100,face,3,5,0.134738683700562,6,2,0.1339968795128243,0.204367789477759,0.2129262509238149,0.02028240499564174,0.07076950904656477,0.20362713847765798
34,OnlineFPCA-adagrad,0.1,12300,100,face,3,5,0.142076253890991,6,2,0.06395128784592896,0.17593913905356134,0.23877770538087728,0.01995027999670571,0.07059535392364197,0.2035958009675375
34,OnlineFPCA-adagrad,0.1,12400,100,face,3,5,0.140065670013428,6,2,0.06313171121861312,0.07951368399604378,0.1862501641659754,0.019557392419017102,0.07013920698133322,0.20346202683157455
34,OnlineFPCA-adagrad,0.1,12500,100,face,3,5,0.143537044525146,6,2,0.11946056024586672,0.10415053441953039,0.23219567238883926,0.01936342702415749,0.06963442317013936,0.20279740785596398
34,OnlineFPCA-adagrad,0.1,12600,100,face,3,5,0.135953664779663,6,2,0.11612437134820547,0.10028791594379383,0.26849674476386104,0.01900419989038515,0.06898043871536656,0.2027872095543848
34,OnlineFPCA-adagrad,0.1,12700,100,face,3,5,0.144046545028687,6,2,0.0874012756126354,0.13967500856849965,0.19605108279241024,0.01856752194701142,0.0679884046135359,0.20268828450806964
34,OnlineFPCA-adagrad,0.1,12800,100,face,3,5,0.138018846511841,6,2,0.06261575305616303,0.13715609715833493,0.2523553327057335,0.0181610325380045,0.06657410648765008,0.20202649793788233
34,OnlineFPCA-adagrad,0.1,12900,100,face,3,5,0.138756513595581,6,2,0.0668565928707824,0.12467897648340832,0.22496939032635055,0.017912560111213408,0.06571231396107835,0.20203908976764443
34,OnlineFPCA-adagrad,0.1,13000,100,face,3,5,0.139644861221313,6,2,0.10328042601057962,0.1537745712913607,0.21565269506926507,0.01751486801056044,0.06529247654340953,0.20169222617091792
34,OnlineFPCA-adagrad,0.1,13100,100,face,3,5,0.138092041015625,6,2,0.07826292358923406,0.1356079993980052,0.0931050167382287,0.017073007067045138,0.06508133492193542,0.20062249241394664
34,OnlineFPCA-adagrad,0.1,13200,100,face,3,5,0.183456420898438,6,2,0.10911803671623212,0.051749763788464694,0.0913757001784086,0.0164802223597015,0.06435264514540794,0.19900276184969068
34,OnlineFPCA-adagrad,0.1,13300,100,face,3,5,0.131669759750366,6,2,0.08178137442774347,0.17009884645998413,0.21389150206156265,0.016571823083794977,0.06344693681625121,0.1968961865316859
34,OnlineFPCA-adagrad,0.1,13400,100,face,3,5,0.191068887710571,6,2,0.0680086743538276,0.1292655717876813,0.2818795308514099,0.016753456109090174,0.06318184646049105,0.19607671662324636
34,OnlineFPCA-adagrad,0.1,13500,100,face,3,5,0.155532360076904,6,2,0.12895912196606094,0.12932420830625765,0.27528352657946253,0.017108871593972917,0.06292838368979621,0.19566500776235174
34,OnlineFPCA-adagrad,0.1,13600,100,face,3,5,0.176777124404907,6,2,0.06823358930169786,0.06738808929561946,0.16742502474361062,0.017355250101536306,0.06254022498032105,0.1950427045917653
34,OnlineFPCA-adagrad,0.1,13700,100,face,3,5,0.161287546157837,6,2,0.08890944498633034,0.06496891898309913,0.06334981315223796,0.017648885994295434,0.0620311718641693,0.19368909190239306
34,OnlineFPCA-adagrad,0.1,13800,100,face,3,5,0.145819187164307,6,2,0.06272556621464394,0.12198318764253589,0.14801958652109476,0.017623712580352207,0.06151201862760421,0.19185626582314508
34,OnlineFPCA-adagrad,0.1,13900,100,face,3,5,0.164441108703613,6,2,0.11658925493747321,0.2402692337668455,0.20057037085790583,0.01823449998261625,0.06163536405767689,0.19035681130941645
34,OnlineFPCA-adagrad,0.1,14000,100,face,3,5,0.161094188690186,6,2,0.13121623124985082,0.1658541532699393,0.20926666831127055,0.01845810619799385,0.06168456125459312,0.18981023822100246
34,OnlineFPCA-adagrad,0.1,14100,100,face,3,5,0.168525218963623,6,2,0.1604056519734958,0.16338515394012812,0.1611942178036747,0.01856674502914594,0.0617330948427969,0.18955969136373696
34,OnlineFPCA-adagrad,0.1,14200,100,face,3,5,0.15636420249939,6,2,0.13140515394919045,0.12257720841630128,0.20192232066817992,0.0191233266951878,0.06177629383593373,0.18878490404099543
34,OnlineFPCA-adagrad,0.1,14300,100,face,3,5,0.179181337356567,6,2,0.11743760084624774,0.1485391176887091,0.2547412517168771,0.01932108907360174,0.061525205600575936,0.18896293393484823
34,OnlineFPCA-adagrad,0.1,14400,100,face,3,5,0.161281585693359,6,2,0.08311293855706982,0.06303721232623472,0.3258560439836538,0.019370369059922246,0.061172813488917746,0.18994218499210347
34,OnlineFPCA-adagrad,0.1,14500,100,face,3,5,0.154465436935425,6,2,0.1006726034348675,0.14185617840208925,0.2538627613402274,0.019805026602233468,0.06099931668379093,0.19059661225316088
34,OnlineFPCA-adagrad,0.1,14600,100,face,3,5,0.155817031860352,6,2,0.16278087573974487,0.07000347609182535,0.331237366838136,0.020382748267261778,0.0605041841608558,0.19117114536846808
34,OnlineFPCA-adagrad,0.1,14700,100,face,3,5,0.144269943237305,6,2,0.05190772617075058,0.151302010121963,0.1467981619128669,0.02092198946266205,0.06078956799721477,0.19147930839461622
34,OnlineFPCA-adagrad,0.1,14800,100,face,3,5,0.153735160827637,6,2,0.06292749966287779,0.15570144572963698,0.20051863875829803,0.020685891522058884,0.06091284694702186,0.1908266640180579
34,OnlineFPCA-adagrad,0.1,14900,100,face,3,5,0.132299900054932,6,2,0.12756423904049397,0.16076140271470304,0.254591872368756,0.020613960563144008,0.061049379990479824,0.19045967862678428
34,OnlineFPCA-adagrad,0.1,15000,100,face,3,5,0.144090890884399,6,2,0.09129225948978491,0.14692301718964687,0.30857175516146684,0.0206754840443814,0.06105429707333053,0.1903482552296747
34,OnlineFPCA-adagrad,0.1,0,100,face,3,5,6.49993443489075,6,3,0.1928146832635463,0.4385400960163578,0.4288529981360048,0.1928146832635463,0.4385400960163578,0.4288529981360048
34,OnlineFPCA-adagrad,0.1,100,100,face,3,5,0.448684930801392,6,3,1.0127973496567957,1.4329981765224804,1.4388159450362212,NA,NA,NA
34,OnlineFPCA-adagrad,0.1,200,100,face,3,5,0.44771933555603,6,3,0.2925732296409958,0.5125885381437202,0.8658763248059799,NA,NA,NA
34,OnlineFPCA-adagrad,0.1,300,100,face,3,5,0.452064990997314,6,3,0.29411824553800986,0.447695948843361,0.5845695774201282,NA,NA,NA
34,OnlineFPCA-adagrad,0.1,400,100,face,3,5,5.67056775093079,6,3,0.5896052753124893,0.2729441932384616,0.3255002195551344,NA,NA,NA
34,OnlineFPCA-adagrad,0.1,500,100,face,3,5,0.44427752494812,6,3,0.6904841529189196,0.32699676581374887,0.48896132474661963,NA,NA,NA
34,OnlineFPCA-adagrad,0.1,600,100,face,3,5,0.449435710906982,6,3,0.6231844016612983,0.3212839763903101,0.48790186882766845,NA,NA,NA
34,OnlineFPCA-adagrad,0.1,700,100,face,3,5,0.446756839752197,6,3,0.562820507403141,0.32208157282643646,0.4919274526796865,NA,NA,NA
34,OnlineFPCA-adagrad,0.1,800,100,face,3,5,0.443677186965942,6,3,0.5247288740101803,0.3150606439075952,0.4911802209438641,NA,NA,NA
34,OnlineFPCA-adagrad,0.1,900,100,face,3,5,0.455828428268433,6,3,0.3865043894782726,0.3074495944167268,0.43028025073264664,NA,NA,NA
34,OnlineFPCA-adagrad,0.1,1000,100,face,3,5,0.452378749847412,6,3,0.3487571672128709,0.3029071154934049,0.4232796761592165,NA,NA,NA
34,OnlineFPCA-adagrad,0.1,1100,100,face,3,5,0.632012128829956,6,3,0.2234356217791344,0.25410918864551146,0.31360405281356435,0.19425850874054124,0.28772060671866584,0.3678682210808502
34,OnlineFPCA-adagrad,0.1,1200,100,face,3,5,0.637897253036499,6,3,0.20345216091305532,0.22126280464643852,0.29096629697906967,0.13544808153941865,0.24879541042017844,0.3239438803292413
34,OnlineFPCA-adagrad,0.1,1300,100,face,3,5,0.638586521148682,6,3,0.27270589423043695,0.1632230704748404,0.23600627100756177,0.06584687841674364,0.19606638728563092,0.2826323611749557
34,OnlineFPCA-adagrad,0.1,1400,100,face,3,5,0.636621475219727,6,3,0.1510850004031709,0.20060966324528534,0.3037104152923216,0.06079986974306727,0.18647545276870972,0.2800817106167405
34,OnlineFPCA-adagrad,0.1,1500,100,face,3,5,0.627494096755981,6,3,0.16724532456281058,0.14760851457210938,0.3059110103144969,0.041387652234878336,0.1777278582527541,0.28278260421380336
34,OnlineFPCA-adagrad,0.1,1600,100,face,3,5,0.632893562316895,6,3,0.07376312764948288,0.1339747017707411,0.27155265791140754,0.03068589031687229,0.1703684590147831,0.2759373338869262
34,OnlineFPCA-adagrad,0.1,1700,100,face,3,5,0.655172348022461,6,3,0.07508175353541907,0.12110816385230502,0.2948759634320667,0.02814702466499821,0.1630026448398148,0.2816595214757574
34,OnlineFPCA-adagrad,0.1,1800,100,face,3,5,0.627795934677124,6,3,0.07590317428885947,0.11738996270430914,0.28128053424692245,0.02786667520685512,0.1572481840520452,0.28115535416848786
34,OnlineFPCA-adagrad,0.1,1900,100,face,3,5,0.639071941375732,6,3,0.06864290780484032,0.1192273617311413,0.268382748661838,0.02707251795164739,0.15452700614909437,0.2691423219551699
34,OnlineFPCA-adagrad,0.1,2000,100,face,3,5,0.63530969619751,6,3,0.07573232584139278,0.12641219584576938,0.2518170926546122,0.02912166326987406,0.1510048920191661,0.2674077306445352
34,OnlineFPCA-adagrad,0.1,2100,100,face,3,5,0.633430242538452,6,3,0.249639354435944,0.2434310168052152,0.3068936552916585,0.028416034062093656,0.14318949950073115,0.26396986655047666
34,OnlineFPCA-adagrad,0.1,2200,100,face,3,5,0.631869316101074,6,3,0.2247855650973561,0.23255636873660376,0.35788238868298067,0.013549954407647377,0.13957447220154934,0.26129089131976363
34,OnlineFPCA-adagrad,0.1,2300,100,face,3,5,0.61595606803894,6,3,0.2894699736966151,0.22178154279886308,0.33525269623795023,0.015521064949499458,0.13369905534279836,0.26259966038783633
34,OnlineFPCA-adagrad,0.1,2400,100,face,3,5,0.803778648376465,6,3,0.2501932876415517,0.2349087892246303,0.2029298250324548,0.01395671059486637,0.13105224045144814,0.2560520557759096
34,OnlineFPCA-adagrad,0.1,2500,100,face,3,5,0.619972705841064,6,3,0.24688581022964048,0.2217725387178521,0.20481404816609944,0.01841918947990235,0.1276288760497293,0.24376402215852236
34,OnlineFPCA-adagrad,0.1,2600,100,face,3,5,0.69045352935791,6,3,0.17993659317574456,0.2077035991376856,0.32020665620000904,0.02120670288783153,0.1255677492122986,0.2382071724879844
34,OnlineFPCA-adagrad,0.1,2700,100,face,3,5,0.685359001159668,6,3,0.12530538268204228,0.23154412591139104,0.2964863280918711,0.023570486328971088,0.12615865097705287,0.24071198515773445
34,OnlineFPCA-adagrad,0.1,2800,100,face,3,5,0.681325912475586,6,3,0.08341390680085572,0.26941509668449054,0.353171113645148,0.024813451762658773,0.12568725883701606,0.23857772443505418
34,OnlineFPCA-adagrad,0.1,2900,100,face,3,5,0.67578649520874,6,3,0.11015516169491574,0.22407983811101492,0.2585819074667183,0.026202663097519063,0.1303764409858891,0.23708005520238962
34,OnlineFPCA-adagrad,0.1,3000,100,face,3,5,0.683973789215088,6,3,0.13405944351668925,0.24683793574497304,0.3013620721603625,0.026880221455851304,0.1300215286583694,0.23775938142818276
34,OnlineFPCA-adagrad,0.1,3100,100,face,3,5,0.712438821792603,6,3,0.10104595355030749,0.20571866112935613,0.1323080072627272,0.027250821252877616,0.13050633097084616,0.23294046028326945
34,OnlineFPCA-adagrad,0.1,3200,100,face,3,5,0.689423799514771,6,3,0.16805155889732634,0.07110156480397341,0.16251336684478024,0.02698170187209805,0.1282550904469264,0.22550529554922943
34,OnlineFPCA-adagrad,0.1,3300,100,face,3,5,0.705588340759277,6,3,0.10002777795761669,0.2782616693093606,0.4223383438859577,0.025964452408418052,0.1272961510842714,0.21642287474320487
34,OnlineFPCA-adagrad,0.1,3400,100,face,3,5,0.697904586791992,6,3,0.09787649288275208,0.21202328099850287,0.4549371407362231,0.02462344536677008,0.1251205298431947,0.21699583957886512
34,OnlineFPCA-adagrad,0.1,3500,100,face,3,5,0.694658994674683,6,3,0.1866735727102198,0.16810906108323578,0.4090016752688654,0.025938782679224462,0.12089237573557356,0.22027369191945087
34,OnlineFPCA-adagrad,0.1,3600,100,face,3,5,0.690719604492188,6,3,0.08680193879680581,0.12782009076977024,0.2511743761541066,0.026811335125920443,0.11724176086143122,0.218697326408754
34,OnlineFPCA-adagrad,0.1,3700,100,face,3,5,0.688234090805054,6,3,0.11369351499182825,0.10938458623144758,0.10819407754553413,0.02517231040224086,0.11066890965998945,0.21049275823897254
34,OnlineFPCA-adagrad,0.1,3800,100,face,3,5,0.709475040435791,6,3,0.09181223319854641,0.19049260416157437,0.22755421281898472,0.02362989677148426,0.10474011273359568,0.2022783938025979
34,OnlineFPCA-adagrad,0.1,3900,100,face,3,5,0.680224895477295,6,3,0.16757061679427662,0.32014986594537276,0.3105856643154578,0.02390950266626679,0.09881787379873098,0.19860522097159541
34,OnlineFPCA-adagrad,0.1,4000,100,face,3,5,0.657519817352295,6,3,0.02144640975519406,0.0945200514468992,0.19866316049053176,0.02144640975519406,0.0945200514468992,0.19866316049053176
34,OnlineFPCA-adagrad,0.1,4100,100,face,3,5,0.665796995162964,6,3,0.1702052544337845,0.22784666971346584,0.11803338788146225,0.06434174706923643,0.12669942098271672,0.17219074224951078
34,OnlineFPCA-adagrad,0.1,4200,100,face,3,5,0.669083833694458,6,3,0.13399464219503532,0.18873376147607296,0.21172768412735204,0.08793783594743719,0.12951640385102176,0.12971270623852796
34,OnlineFPCA-adagrad,0.1,4300,100,face,3,5,0.672344923019409,6,3,0.17119992368354386,0.21052730715501752,0.28711926148374634,0.06174897600791265,0.1509084689902562,0.16079239411264787
34,OnlineFPCA-adagrad,0.1,4400,100,face,3,5,0.66776442527771,6,3,0.1054739057982234,0.13787291151726241,0.4554605333663213,0.053200216087705685,0.1415620287769051,0.23371752467492346
34,OnlineFPCA-adagrad,0.1,4500,100,face,3,5,0.836379766464233,6,3,0.13089262214199984,0.2337491243961043,0.279901452845752,0.054373206548849445,0.13657786558244484,0.2613849607084644
34,OnlineFPCA-adagrad,0.1,4600,100,face,3,5,0.679397344589233,6,3,0.22178189597689438,0.11436077604238674,0.3894613704568055,0.061052306959061615,0.13086944185931004,0.2610113225866688
34,OnlineFPCA-adagrad,0.1,4700,100,face,3,5,0.678076267242432,6,3,0.07305774588706902,0.2111938535310198,0.1201610917981795,0.0655705699461939,0.11414522169038639,0.24794290765806712
34,OnlineFPCA-adagrad,0.1,4800,100,face,3,5,0.680787086486816,6,3,0.1000805862556883,0.19274701889171544,0.24628384458340954,0.05715591364677183,0.11129314569149834,0.2300979764689506
34,OnlineFPCA-adagrad,0.1,4900,100,face,3,5,0.682274580001831,6,3,0.1569577066962148,0.1702492238792708,0.3375570503253337,0.0564727083526639,0.118551790243222,0.22663913174084496
34,OnlineFPCA-adagrad,0.1,5000,100,face,3,5,0.685607433319092,6,3,0.11041955388537321,0.17534677122286388,0.4291945659094807,0.05852622643696221,0.12129469749389744,0.2336409573044124
34,OnlineFPCA-adagrad,0.1,5100,100,face,3,5,0.14142107963562,6,3,0.09602218225726034,0.11462734536957445,0.2818323636223314,0.05959976018686205,0.12040657535239169,0.23568790548047944
34,OnlineFPCA-adagrad,0.1,5200,100,face,3,5,0.144848108291626,6,3,0.11545678435901274,0.1690203506267504,0.11262165553791889,0.05710753103420642,0.1204286061210904,0.22665023333818254
34,OnlineFPCA-adagrad,0.1,5300,100,face,3,5,0.140673398971558,6,3,0.10854503971215601,0.1669460880249225,0.18334068598679054,0.05382485600357847,0.12071232080806471,0.21033340786334864
34,OnlineFPCA-adagrad,0.1,5400,100,face,3,5,0.1541428565979,6,3,0.0819442085703887,0.20496569477271595,0.23192975371143568,0.05564969185363874,0.11619389661765517,0.2046612975044601
34,OnlineFPCA-adagrad,0.1,5500,100,face,3,5,0.145751714706421,6,3,0.14820626072752488,0.15646878482205162,0.26173015828258817,0.04920816535132854,0.10566249074431744,0.19929799117935693
34,OnlineFPCA-adagrad,0.1,5600,100,face,3,5,0.144195318222046,6,3,0.14967554813957626,0.17848567113732555,0.19656838371373214,0.041356021471989565,0.09003996649973865,0.19767960684729838
34,OnlineFPCA-adagrad,0.1,5700,100,face,3,5,0.144172191619873,6,3,0.20499968110325476,0.07226953485667871,0.2651234348025489,0.038519656995054066,0.08329905007560583,0.19272563159471953
34,OnlineFPCA-adagrad,0.1,5800,100,face,3,5,0.137167692184448,6,3,0.1462035873680472,0.13832755877667238,0.3216007981149947,0.03608123106935787,0.071383374893127,0.18962933785767733
34,OnlineFPCA-adagrad,0.1,5900,100,face,3,5,0.135021924972534,6,3,0.16007293447408416,0.13325501217517804,0.3177867465845553,0.03365916927280783,0.0640504256459428,0.18911897405754516
34,OnlineFPCA-adagrad,0.1,6000,100,face,3,5,0.138859272003174,6,3,0.1527050596425434,0.22519177610308672,0.3909520493255571,0.030627682489225695,0.062455390073857614,0.19131384762724343
34,OnlineFPCA-adagrad,0.1,6100,100,face,3,5,0.140902280807495,6,3,0.13965733699302776,0.20032730765416562,0.4057218924898321,0.025602233893067334,0.06555082781322283,0.19589122289856023
34,OnlineFPCA-adagrad,0.1,6200,100,face,3,5,0.138427019119263,6,3,0.2429075205703945,0.22920813953949032,0.3819492239827591,0.02325715920778831,0.06763526361888036,0.20153071669753858
34,OnlineFPCA-adagrad,0.1,6300,100,face,3,5,0.143189907073975,6,3,0.15508662534179268,0.24289275132412616,0.33141264009426263,0.027646442400142888,0.06926656391325779,0.2054101444723029
34,OnlineFPCA-adagrad,0.1,6400,100,face,3,5,0.135520219802856,6,3,0.05744898764127958,0.15437817635918735,0.46206367603746973,0.028589430322453962,0.07020461144449734,0.2116804367352559
34,OnlineFPCA-adagrad,0.1,6500,100,face,3,5,0.13445258140564,6,3,0.16277940447474643,0.1676447816095935,0.3534225533579074,0.027808398902360826,0.06723234677606305,0.21934482662240817
34,OnlineFPCA-adagrad,0.1,6600,100,face,3,5,0.147595643997192,6,3,0.08017597905960311,0.1583221623578251,0.2950015308632289,0.02865156844537013,0.06248269631630622,0.2214919826498761
34,OnlineFPCA-adagrad,0.1,6700,100,face,3,5,0.138477563858032,6,3,0.11535806961231841,0.1494365559156078,0.35548766930426035,0.02823133736650603,0.060375626566947165,0.22410926005573642
34,OnlineFPCA-adagrad,0.1,6800,100,face,3,5,0.141302347183228,6,3,0.1374996242987941,0.24991367662605302,0.20809962017301403,0.026692125394869686,0.05740146240650111,0.22752579704667505
34,OnlineFPCA-adagrad,0.1,6900,100,face,3,5,0.142090559005737,6,3,0.08676638187566486,0.12167118849666292,0.3066409531631384,0.026307995192313853,0.055268485439508346,0.22688333597515936
34,OnlineFPCA-adagrad,0.1,7000,100,face,3,5,0.142080545425415,6,3,0.1708312117557483,0.26040887253150663,0.23666085041787302,0.02655339408067995,0.05829955468071179,0.22642805790253448
34,OnlineFPCA-adagrad,0.1,7100,100,face,3,5,0.145074367523193,6,3,0.14516855227522804,0.2190312861141252,0.2090957241491108,0.026331332262910838,0.057959846675877835,0.22205705885414415
34,OnlineFPCA-adagrad,0.1,7200,100,face,3,5,0.152306795120239,6,3,0.13404442585822574,0.2748173050277232,0.21893234137008374,0.025106708230891502,0.056967580182738085,0.21748902434335854
34,OnlineFPCA-adagrad,0.1,7300,100,face,3,5,0.138515472412109,6,3,0.08251867551695541,0.2051961623839068,0.3049368298352522,0.02367474051229504,0.05399475592288017,0.2154690322302048
34,OnlineFPCA-adagrad,0.1,7400,100,face,3,5,0.103895425796509,6,3,0.08039406096284633,0.1039817667817725,0.23136998701779224,0.02211779149191486,0.05306068230836487,0.21416693134777165
34,OnlineFPCA-adagrad,0.1,7500,100,face,3,5,0.103455066680908,6,3,0.1335469670394054,0.12733716584202542,0.31864080516384696,0.020971035535052845,0.051220876613368986,0.21143497176007917
34,OnlineFPCA-adagrad,0.1,7600,100,face,3,5,0.103763103485107,6,3,0.14215073279952567,0.14024264711934914,0.39004723491421933,0.019594760078239622,0.05006404198840485,0.21055388312241097
34,OnlineFPCA-adagrad,0.1,7700,100,face,3,5,0.101870536804199,6,3,0.10423810788729555,0.1889870455251218,0.3376093535876627,0.018297328932693386,0.04805462717809976,0.21039551680427143
34,OnlineFPCA-adagrad,0.1,7800,100,face,3,5,0.101752281188965,6,3,0.0721119189559747,0.14152031969038129,0.41787460643811697,0.017249278289406197,0.04443798184219626,0.20930698718332988
34,OnlineFPCA-adagrad,0.1,7900,100,face,3,5,0.100157260894775,6,3,0.07066547340980606,0.16452262907083218,0.3293590820367737,0.01678056620738031,0.04533035016376757,0.21109810410291854
34,OnlineFPCA-adagrad,0.1,8000,100,face,3,5,0.0996205806732178,6,3,0.11875660008237293,0.17231547488009227,0.3266051177481839,0.016114875188937543,0.046604861149465285,0.2117781840724031
34,OnlineFPCA-adagrad,0.1,8100,100,face,3,5,0.097947359085083,6,3,0.0828240728870898,0.16026330075099265,0.1355096565174791,0.015400296309421515,0.048710312785047075,0.21017121379730427
34,OnlineFPCA-adagrad,0.1,8200,100,face,3,5,0.0990955829620361,6,3,0.12645932309656455,0.06006132089208413,0.09648595465797218,0.014383297752883877,0.04829016478376975,0.20656831042432053
34,OnlineFPCA-adagrad,0.1,8300,100,face,3,5,0.1034095287323,6,3,0.09382136651994481,0.22142637164607282,0.297898307662444,0.015136281128170595,0.0486823527907305,0.2004525429111842
34,OnlineFPCA-adagrad,0.1,8400,100,face,3,5,0.105116128921509,6,3,0.08010952609120234,0.17212365225767187,0.3389174869326695,0.015810635786447817,0.05031893708968718,0.19800210061878637
34,OnlineFPCA-adagrad,0.1,8500,100,face,3,5,0.113606214523315,6,3,0.15546090875456245,0.16292265988212995,0.3468962893787616,0.016733767726767976,0.05034908601915073,0.19706987333165538
34,OnlineFPCA-adagrad,0.1,8600,100,face,3,5,0.100907564163208,6,3,0.07212621565553388,0.1099327753827685,0.2437374464242816,0.017577371269815522,0.04996730409414682,0.195331537194959
34,OnlineFPCA-adagrad,0.1,8700,100,face,3,5,0.0996129512786865,6,3,0.09510708086734761,0.08062060205415063,0.11035540517030451,0.01802750493333693,0.04852830681482497,0.19147721276820037
34,OnlineFPCA-adagrad,0.1,8800,100,face,3,5,0.103843450546265,6,3,0.07410595996876755,0.15001201422963584,0.1547376002273979,0.017807317314803815,0.04700084525800845,0.18676893727485627
34,OnlineFPCA-adagrad,0.1,8900,100,face,3,5,0.105979919433594,6,3,0.13792367008031506,0.28443090182185854,0.22997330139850256,0.019113522605734824,0.04669862025098356,0.18320756919234016
34,OnlineFPCA-adagrad,0.1,9000,100,face,3,5,0.111355304718018,6,3,0.15757845173596532,0.19896213901304974,0.25150032325524613,0.019341901513237354,0.046921283991876235,0.1825598227817931
34,OnlineFPCA-adagrad,0.1,9100,100,face,3,5,0.108373880386353,6,3,0.1761823275582409,0.22330782736255061,0.19063373157329036,0.019225850997582474,0.048169888681060424,0.18258372790236624
34,OnlineFPCA-adagrad,0.1,9200,100,face,3,5,0.109605550765991,6,3,0.13937221906788183,0.17232574408414153,0.23560720821289782,0.02034250594624425,0.0493535832248299,0.18095964389007801
34,OnlineFPCA-adagrad,0.1,9300,100,face,3,5,0.10451865196228,6,3,0.13385216671066597,0.19515181304934492,0.29981247886593937,0.02069893543384595,0.04954216519318343,0.18171328889308816
34,OnlineFPCA-adagrad,0.1,9400,100,face,3,5,0.106182813644409,6,3,0.09078791961451078,0.09564903652163961,0.4142805212312682,0.02081021794580537,0.04926604985391926,0.18495319145513114
34,OnlineFPCA-adagrad,0.1,9500,100,face,3,5,0.110742568969727,6,3,0.11736904673285246,0.18420124523778156,0.29194333717842336,0.02177968096266095,0.0494798595262068,0.18719641498490788
34,OnlineFPCA-adagrad,0.1,9600,100,face,3,5,0.108309030532837,6,3,0.1884423582858958,0.09523992305264695,0.3676706831252324,0.023023175208276542,0.04862465688734894,0.18876526864731535
34,OnlineFPCA-adagrad,0.1,9700,100,face,3,5,0.111910343170166,6,3,0.05733776928994376,0.19746597558253662,0.1762676259041127,0.024145919259017743,0.04925448276270608,0.1897244687315738
34,OnlineFPCA-adagrad,0.1,9800,100,face,3,5,0.104385852813721,6,3,0.07402037539758134,0.1963356613354167,0.2464553514720176,0.023607632191475464,0.04966334619593522,0.18844760598846916
34,OnlineFPCA-adagrad,0.1,9900,100,face,3,5,0.107734441757202,6,3,0.14210938625860606,0.17975030767728295,0.3082757046320314,0.023527359394582118,0.050622224815546304,0.1877130742342742
34,OnlineFPCA-adagrad,0.1,10000,100,face,3,5,0.111596584320068,6,3,0.09797026009708415,0.17998584730708636,0.37848131328936985,0.023752096961410042,0.05127428681823216,0.18730869493566338
34,OnlineFPCA-adagrad,0.1,10100,100,face,3,5,0.0993354320526123,6,3,0.09334179201302681,0.13172583269485852,0.27233869554790313,0.02442964465697501,0.05141751236180153,0.18665443504691448
34,OnlineFPCA-adagrad,0.1,10200,100,face,3,5,0.101202487945557,6,3,0.08726862762054256,0.1622344108765653,0.13614846733004737,0.024976266469993964,0.05155199814076689,0.18551977542009432
34,OnlineFPCA-adagrad,0.1,10300,100,face,3,5,0.0988450050354004,6,3,0.10144259630074488,0.1661636088602116,0.16587676517384997,0.02465487743931419,0.05217851808298037,0.18366587975017973
34,OnlineFPCA-adagrad,0.1,10400,100,face,3,5,0.0974586009979248,6,3,0.06822687329702679,0.186635490891795,0.2071171172365263,0.025396083172638945,0.05187309088228468,0.1831966955083119
34,OnlineFPCA-adagrad,0.1,10500,100,face,3,5,0.098881721496582,6,3,0.12084480432224144,0.14177661230831337,0.22091997250124504,0.024540409469334213,0.050188578650041685,0.18265394439746602
34,OnlineFPCA-adagrad,0.1,10600,100,face,3,5,0.229876756668091,6,3,0.13021500547706996,0.14406156631491748,0.1793865043005752,0.02290047355575453,0.04823894935506663,0.1826432108026258
34,OnlineFPCA-adagrad,0.1,10700,100,face,3,5,0.100386142730713,6,3,0.16709841473042628,0.0640249089933551,0.24284423957109147,0.022489881900800188,0.047415031709329335,0.18248644430197106
34,OnlineFPCA-adagrad,0.1,10800,100,face,3,5,0.0990321636199951,6,3,0.12602247389319532,0.10841528356566087,0.2738223829347725,0.02226501190744997,0.04682576540571756,0.18245288740124155
34,OnlineFPCA-adagrad,0.1,10900,100,face,3,5,0.0977294445037842,6,3,0.1428500601788529,0.11011680354833132,0.27742757949056746,0.022012069821356835,0.046284775005298005,0.18271267454784945
34,OnlineFPCA-adagrad,0.1,11000,100,face,3,5,0.0970578193664551,6,3,0.12300242168959666,0.17425527125396378,0.33085768813858096,0.021499098168961513,0.04654150187625923,0.18373671063535896
34,OnlineFPCA-adagrad,0.1,11100,100,face,3,5,0.100711584091187,6,3,0.12667139476786382,0.1694876676326727,0.34805349691919396,0.020498573741978592,0.04782528452095807,0.18515212219916594
34,OnlineFPCA-adagrad,0.1,11200,100,face,3,5,0.0987601280212402,6,3,0.20424053924332136,0.19436894429041712,0.31768446273985473,0.019944174101882792,0.04896546219256792,0.18620525095741047
34,OnlineFPCA-adagrad,0.1,11300,100,face,3,5,0.102044582366943,6,3,0.13912262789102128,0.22105326751842838,0.29743681393025173,0.021041749493566214,0.050899483114525024,0.18686696947807888
34,OnlineFPCA-adagrad,0.1,11400,100,face,3,5,0.0989139080047607,6,3,0.062025583924883707,0.1605184601261275,0.40095107723477813,0.02147011302221813,0.052687209860472144,0.1884116618233016
34,OnlineFPCA-adagrad,0.1,11500,100,face,3,5,0.0969874858856201,6,3,0.1436673223777179,0.1533677241126889,0.3201516376609721,0.021479213519208572,0.05327377497767722,0.19043250002225193
34,OnlineFPCA-adagrad,0.1,11600,100,face,3,5,0.100947141647339,6,3,0.07002978311773292,0.12979060505267917,0.2784110754886213,0.02193334496399565,0.05283062344231139,0.19102363387081642
34,OnlineFPCA-adagrad,0.1,11700,100,face,3,5,0.100119590759277,6,3,0.10129008328326694,0.13283559690473049,0.3293044060959952,0.02193107121191985,0.05276452673962826,0.19188411542006686
34,OnlineFPCA-adagrad,0.1,11800,100,face,3,5,0.102553606033325,6,3,0.11548810662698947,0.20557773947810112,0.22592446548188,0.021575996119672584,0.05281657492435156,0.193033580636105
34,OnlineFPCA-adagrad,0.1,11900,100,face,3,5,0.0995054244995117,6,3,0.08360493380802464,0.11036275677318727,0.2896636391496828,0.021344695289879353,0.05277567118582116,0.19338523319050754
34,OnlineFPCA-adagrad,0.1,12000,100,face,3,5,0.0999746322631836,6,3,0.14481827304138595,0.21859123866096633,0.23814805906874023,0.021208248489287797,0.05371575219192392,0.19402447224437136
34,OnlineFPCA-adagrad,0.1,12100,100,face,3,5,0.0990941524505615,6,3,0.12972578470524712,0.18540095890623923,0.2044387212235205,0.0210321756383111,0.05430112121225021,0.19352263805263303
34,OnlineFPCA-adagrad,0.1,12200,100,face,3,5,0.0983595848083496,6,3,0.13715015805773131,0.2314001107451179,0.216604141889528,0.020940839244878315,0.054591846123352133,0.19263331411638382
34,OnlineFPCA-adagrad,0.1,12300,100,face,3,5,0.101681709289551,6,3,0.06430404244270609,0.18812160751536128,0.2636439258943976,0.020619926486890393,0.054364813952454884,0.19259677036658346
34,OnlineFPCA-adagrad,0.1,12400,100,face,3,5,0.0994918346405029,6,3,0.06258574821064622,0.09806941057698941,0.2028865344475267,0.020166706131385305,0.0543003923319392,0.19268925451042085
34,OnlineFPCA-adagrad,0.1,12500,100,face,3,5,0.0992879867553711,6,3,0.11875039640248694,0.10555476596512746,0.27732231407585356,0.019934212110462934,0.053901814398430746,0.1922683234039111
34,OnlineFPCA-adagrad,0.1,12600,100,face,3,5,0.0979354381561279,6,3,0.11892180567993359,0.10733725395039281,0.33878743409454404,0.01952142769295847,0.05344949618134746,0.1925046570248373
34,OnlineFPCA-adagrad,0.1,12700,100,face,3,5,0.0993576049804688,6,3,0.08925241521391822,0.1558072940928252,0.29884065892002415,0.019033035246668748,0.05248356340039656,0.19291561047603592
34,OnlineFPCA-adagrad,0.1,12800,100,face,3,5,0.100533723831177,6,3,0.06508498684961832,0.10932478014027862,0.37218106298915604,0.01860301161026313,0.05089315236270227,0.19288022579658096
34,OnlineFPCA-adagrad,0.1,12900,100,face,3,5,0.0993978977203369,6,3,0.06428538820704412,0.12676493958793333,0.30823235493388995,0.018379793319582553,0.05057945295217118,0.1937430062744249
34,OnlineFPCA-adagrad,0.1,13000,100,face,3,5,0.10106372833252,6,3,0.10669502102323311,0.14099882191102608,0.3039329763138863,0.018008480233648705,0.050663467743121145,0.19417735458631094
34,OnlineFPCA-adagrad,0.1,13100,100,face,3,5,0.0976424217224121,6,3,0.07872994306728535,0.13794306543288667,0.15023244316860673,0.017596762389819866,0.05123474169759843,0.19380510239721332
34,OnlineFPCA-adagrad,0.1,13200,100,face,3,5,0.0987868309020996,6,3,0.10840218471236807,0.05830056606961677,0.0964162868183913,0.017010760320902717,0.0510461968219755,0.1926110832702686
34,OnlineFPCA-adagrad,0.1,13300,100,face,3,5,0.101135015487671,6,3,0.08623207551246719,0.18197652963455688,0.24940096660560465,0.01713112387913473,0.05082188958118702,0.19046066066571246
34,OnlineFPCA-adagrad,0.1,13400,100,face,3,5,0.0997860431671143,6,3,0.07219147251665031,0.14313443733838552,0.29196762994983755,0.017339627638829114,0.051190346907273095,0.18951514988033585
34,OnlineFPCA-adagrad,0.1,13500,100,face,3,5,0.0991852283477783,6,3,0.13694020802037085,0.1522678689487384,0.31086384465401107,0.017675200031615386,0.05129438326359673,0.18912382906151545
34,OnlineFPCA-adagrad,0.1,13600,100,face,3,5,0.0978014469146729,6,3,0.06674969722777697,0.10066608100885122,0.23078767951458806,0.017901412812494133,0.05122270400911005,0.18837343001565407
34,OnlineFPCA-adagrad,0.1,13700,100,face,3,5,0.0971527099609375,6,3,0.08651865206236846,0.0666976247924453,0.12184460560294122,0.01814342756026553,0.05080180856507969,0.1868183704639783
34,OnlineFPCA-adagrad,0.1,13800,100,face,3,5,0.100729942321777,6,3,0.06316998778625386,0.12774009545747136,0.1240994547661636,0.018079929488494857,0.050271233082195624,0.1848119275796304
34,OnlineFPCA-adagrad,0.1,13900,100,face,3,5,0.0992608070373535,6,3,0.12029510146309594,0.25589639904003897,0.1924753350743155,0.018685860497028185,0.05042961288190885,0.1832085049076753
34,OnlineFPCA-adagrad,0.1,14000,100,face,3,5,0.106840133666992,6,3,0.13351783707731352,0.18203475742017072,0.21308705514692475,0.01891568279266178,0.05068416736132467,0.18269714584838742
34,OnlineFPCA-adagrad,0.1,14100,100,face,3,5,0.0975391864776611,6,3,0.16117866773090064,0.19786419039787398,0.16545612275966987,0.018971671976109425,0.05124097790155544,0.18252947660692637
34,OnlineFPCA-adagrad,0.1,14200,100,face,3,5,0.0981228351593018,6,3,0.13452756904744292,0.1535641747816007,0.20518560344990905,0.019470234127349915,0.05177857774028034,0.18171311532520354
34,OnlineFPCA-adagrad,0.1,14300,100,face,3,5,0.10167384147644,6,3,0.11531320689666491,0.1813367305453059,0.27460125857358897,0.019645055340184996,0.05186533388277573,0.18189348584959658
34,OnlineFPCA-adagrad,0.1,14400,100,face,3,5,0.0998570919036865,6,3,0.0819492978179387,0.08819223410427689,0.36854248940749207,0.019704922626483545,0.05167419689353985,0.1831026519962244
34,OnlineFPCA-adagrad,0.1,14500,100,face,3,5,0.101339101791382,6,3,0.10626185664841055,0.15766192733314222,0.2787739546186215,0.020136360308229125,0.05167355398322677,0.18397610508140977
34,OnlineFPCA-adagrad,0.1,14600,100,face,3,5,0.0994651317596436,6,3,0.16565322190103068,0.08117183944032823,0.3315464565847607,0.020730281779640758,0.05124521385157407,0.18466749268699081
34,OnlineFPCA-adagrad,0.1,14700,100,face,3,5,0.0985989570617676,6,3,0.052487677956984446,0.15839296064517253,0.16057521982750178,0.02129711840701042,0.05149563925119265,0.18510644261254264
34,OnlineFPCA-adagrad,0.1,14800,100,face,3,5,0.0975418090820312,6,3,0.06283280341777227,0.16728049538881465,0.21996332022380627,0.02106478619769083,0.0515683482312664,0.18449596686068054
34,OnlineFPCA-adagrad,0.1,14900,100,face,3,5,0.101255655288696,6,3,0.12986279502737383,0.1663309566918137,0.2774542978308024,0.020991129147723407,0.05179462935526314,0.18407546572183928
34,OnlineFPCA-adagrad,0.1,15000,100,face,3,5,0.101059436798096,6,3,0.09205985353235288,0.16601530958063734,0.3376978914457118,0.021039326833540508,0.05193129347762426,0.1837429154404077
34,OnlineFPCA-adagrad,0.1,0,100,face,3,5,6.49993443489075,8,1,0.1928146832635463,0.4385400960163578,0.4288529981360048,0.1928146832635463,0.4385400960163578,0.4288529981360048
34,OnlineFPCA-adagrad,0.1,100,100,face,3,5,0.431807518005371,8,1,0.48312655841844204,0.45404193201768983,0.44642253884956856,NA,NA,NA
34,OnlineFPCA-adagrad,0.1,200,100,face,3,5,0.434173583984375,8,1,0.6427233625329971,0.7535477212784691,0.6573268260955734,NA,NA,NA
34,OnlineFPCA-adagrad,0.1,300,100,face,3,5,0.432372093200684,8,1,0.5535144342763703,0.7710035496043818,0.748041009577006,NA,NA,NA
34,OnlineFPCA-adagrad,0.1,400,100,face,3,5,0.43862509727478,8,1,0.5319640634879432,0.6060565800090496,0.6765691789057896,NA,NA,NA
34,OnlineFPCA-adagrad,0.1,500,100,face,3,5,0.430464267730713,8,1,0.6066463588315262,0.609507304165745,0.7225686630161119,NA,NA,NA
34,OnlineFPCA-adagrad,0.1,600,100,face,3,5,0.436726570129395,8,1,0.5094361638962123,0.6068886146557604,0.720834416652184,NA,NA,NA
34,OnlineFPCA-adagrad,0.1,700,100,face,3,5,0.436782121658325,8,1,0.4330409618400382,0.6061738759647568,0.7227909737307852,NA,NA,NA
34,OnlineFPCA-adagrad,0.1,800,100,face,3,5,0.436301708221436,8,1,0.38640136756716364,0.6034597485758381,0.7195660784868803,NA,NA,NA
34,OnlineFPCA-adagrad,0.1,900,100,face,3,5,0.430740118026733,8,1,0.31674689061547334,0.5991148548991168,0.7137190544640812,NA,NA,NA
34,OnlineFPCA-adagrad,0.1,1000,100,face,3,5,0.433578968048096,8,1,0.27345052716632595,0.5952828147477248,0.7069697753765171,NA,NA,NA
34,OnlineFPCA-adagrad,0.1,1100,100,face,3,5,0.609490871429443,8,1,0.19787223971750675,0.564178801039175,0.6288152489294403,0.13586356568751257,0.5748976641047914,0.6792301839229334
34,OnlineFPCA-adagrad,0.1,1200,100,face,3,5,0.601102590560913,8,1,0.2673785285444275,0.5418967667979031,0.5962038764920519,0.09324312600352225,0.5598861995553808,0.6315152117439546
34,OnlineFPCA-adagrad,0.1,1300,100,face,3,5,0.596700668334961,8,1,0.13049060353543332,0.5183341280341333,0.5235858328101782,0.059104108994053835,0.5475929985366063,0.5969211986776923
34,OnlineFPCA-adagrad,0.1,1400,100,face,3,5,0.601294040679932,8,1,0.07939350956338201,0.501671122056412,0.54965245904233,0.0574756079173231,0.5364644530119577,0.5759595866886776
34,OnlineFPCA-adagrad,0.1,1500,100,face,3,5,0.600561380386353,8,1,0.17036369114916708,0.47302667784204094,0.5453929860960385,0.03889990842192719,0.5251863110608769,0.569215359263501
34,OnlineFPCA-adagrad,0.1,1600,100,face,3,5,0.599160432815552,8,1,0.15665914362758818,0.4484931020943622,0.46305048361480805,0.03373075158830353,0.5119561513972588,0.5536474928591525
34,OnlineFPCA-adagrad,0.1,1700,100,face,3,5,0.725205183029175,8,1,0.2551125480341987,0.3610516282722528,0.44526346127306315,0.03722756177028169,0.4936774511962251,0.5339542916662466
34,OnlineFPCA-adagrad,0.1,1800,100,face,3,5,0.596240282058716,8,1,0.21207088782587233,0.4513123734856413,0.3438296540390466,0.03652306452763311,0.47752811198262,0.5122844897385193
34,OnlineFPCA-adagrad,0.1,1900,100,face,3,5,0.596045017242432,8,1,0.15276812943388363,0.36048676963194665,0.40251637984550237,0.04206756113928236,0.4633019948782911,0.496548105637462
34,OnlineFPCA-adagrad,0.1,2000,100,face,3,5,0.597639799118042,8,1,0.24551404166420507,0.33685657585966516,0.29788621770304,0.03803121351001399,0.4469066967196652,0.48040064748188716
34,OnlineFPCA-adagrad,0.1,2100,100,face,3,5,0.58934211730957,8,1,0.27349304773992283,0.295576330648375,0.2990399103164293,0.029517847582247632,0.4266828182541008,0.4596815132293449
34,OnlineFPCA-adagrad,0.1,2200,100,face,3,5,0.590704917907715,8,1,0.1886795052590111,0.26332766607453656,0.3270982644583089,0.02001157590490104,0.41019374837233896,0.4419148028982882
34,OnlineFPCA-adagrad,0.1,2300,100,face,3,5,0.591194868087769,8,1,0.26907206839796993,0.27050948630804617,0.28946890672530323,0.021376508881186747,0.39215568062409273,0.4252935429204204
34,OnlineFPCA-adagrad,0.1,2400,100,face,3,5,0.593565225601196,8,1,0.22332469170013428,0.2475673197980231,0.2592484175101713,0.015055644567471344,0.37670075076271087,0.41017853278379207
34,OnlineFPCA-adagrad,0.1,2500,100,face,3,5,0.60301685333252,8,1,0.21265229187585188,0.2612761432901109,0.23681322761262716,0.014665464922173375,0.3590619595213639,0.39239141531474986
34,OnlineFPCA-adagrad,0.1,2600,100,face,3,5,0.64780592918396,8,1,0.1722180640763922,0.24601937347281946,0.3460374457298659,0.015577268871217296,0.34881993766632746,0.3792180595591495
34,OnlineFPCA-adagrad,0.1,2700,100,face,3,5,0.649418354034424,8,1,0.12145773832673817,0.25963513660623455,0.27526160253779836,0.016779389473601584,0.3403376826872518,0.3718312296039013
34,OnlineFPCA-adagrad,0.1,2800,100,face,3,5,0.659343719482422,8,1,0.08666078949902702,0.31908214250642764,0.2937273783757497,0.017972076282693983,0.3322397526813654,0.36318072674361274
34,OnlineFPCA-adagrad,0.1,2900,100,face,3,5,0.651951551437378,8,1,0.11166267231051707,0.2455216134457643,0.2732227937873307,0.020479464306592258,0.326078908336407,0.3571861399814065
34,OnlineFPCA-adagrad,0.1,3000,100,face,3,5,0.646460294723511,8,1,0.13534957242042034,0.26311615071321975,0.28736364870771963,0.02137535965972749,0.3180660734252932,0.35043083233903916
34,OnlineFPCA-adagrad,0.1,3100,100,face,3,5,0.648286104202271,8,1,0.1010463266540923,0.2228694968791123,0.16367984529064541,0.021883145025846918,0.31105574371455647,0.34166843867673474
34,OnlineFPCA-adagrad,0.1,3200,100,face,3,5,0.649149656295776,8,1,0.16812488298784478,0.09355579512326945,0.17863510305197583,0.021670747929351388,0.3012445179904918,0.3323467787066844
34,OnlineFPCA-adagrad,0.1,3300,100,face,3,5,0.776732444763184,8,1,0.09844458792559606,0.27759420393824047,0.40525860161169053,0.021369904439832076,0.2932598442431179,0.3211227760080268
34,OnlineFPCA-adagrad,0.1,3400,100,face,3,5,0.640999794006348,8,1,0.09590499400135552,0.20366963079831354,0.4528631544631266,0.021109898733980486,0.2832994758443426,0.3144756257372942
34,OnlineFPCA-adagrad,0.1,3500,100,face,3,5,0.642049551010132,8,1,0.1849701456952523,0.1712437587549701,0.39879412840108797,0.02217310252277389,0.2721376962150541,0.3103461226567564
34,OnlineFPCA-adagrad,0.1,3600,100,face,3,5,0.648114204406738,8,1,0.08642040148834035,0.12525050750276986,0.2319298043518708,0.023644640467763482,0.26304771768466584,0.30346800230702975
34,OnlineFPCA-adagrad,0.1,3700,100,face,3,5,0.644436359405518,8,1,0.11433408482502841,0.10089052615178391,0.09110623112300809,0.021798551794791683,0.25282113631962844,0.2921066194387656
34,OnlineFPCA-adagrad,0.1,3800,100,face,3,5,0.654645204544067,8,1,0.09173361058530403,0.18525949018414592,0.2297430956832582,0.020515334025556754,0.2432565433311278,0.28144226630985003
34,OnlineFPCA-adagrad,0.1,3900,100,face,3,5,0.637670993804932,8,1,0.16708121248594443,0.31361475084700163,0.3103000042730633,0.02080923103186115,0.23323146742926756,0.2744508218779718
34,OnlineFPCA-adagrad,0.1,4000,100,face,3,5,0.644143581390381,8,1,0.01823307276172703,0.22482429554497094,0.2694972982623074,0.01823307276172703,0.22482429554497094,0.2694972982623074
34,OnlineFPCA-adagrad,0.1,4100,100,face,3,5,0.649150371551514,8,1,0.16884446553365898,0.288414314693983,0.21643549593640482,0.06315321184583626,0.23571772817999262,0.24382612615559385
34,OnlineFPCA-adagrad,0.1,4200,100,face,3,5,0.658893823623657,8,1,0.13383661972603667,0.2554810652561516,0.25417717027316034,0.0876523095200035,0.2292801574755676,0.21262714023831372
34,OnlineFPCA-adagrad,0.1,4300,100,face,3,5,0.667165756225586,8,1,0.17296455986338943,0.27483914244894603,0.311234431498035,0.061751664337052516,0.23793947054691053,0.22441409362995543
34,OnlineFPCA-adagrad,0.1,4400,100,face,3,5,0.657199621200562,8,1,0.1057998269961959,0.21865833690189926,0.47982760617044395,0.0528265395796191,0.2308189958530722,0.2800023275901623
34,OnlineFPCA-adagrad,0.1,4500,100,face,3,5,0.661473989486694,8,1,0.12959855170018697,0.27775439647065603,0.30415080071702155,0.05381819192923012,0.22336613240917477,0.3027273994802007
34,OnlineFPCA-adagrad,0.1,4600,100,face,3,5,0.667944431304932,8,1,0.2174575799542687,0.16024109109047543,0.38874500890377245,0.06027506825379357,0.21418136544727648,0.29786984713066095
34,OnlineFPCA-adagrad,0.1,4700,100,face,3,5,0.662014484405518,8,1,0.07223819552018079,0.19510618470195884,0.07022658125307697,0.06423855408601802,0.1928932700168519,0.27732172938114485
34,OnlineFPCA-adagrad,0.1,4800,100,face,3,5,0.78407096862793,8,1,0.10325080256503123,0.1787189634707459,0.23098639069411714,0.05568446035643544,0.18068913593631022,0.2556184847648022
34,OnlineFPCA-adagrad,0.1,4900,100,face,3,5,0.651839971542358,8,1,0.15447381907541838,0.17095978417936133,0.33556888193975154,0.0548639606849872,0.17803876511676797,0.24868963397726818
34,OnlineFPCA-adagrad,0.1,5000,100,face,3,5,0.655721187591553,8,1,0.10910319864552973,0.17656478071706702,0.4215499223876565,0.056971908118514505,0.17373091634444085,0.2525364703441106
34,OnlineFPCA-adagrad,0.1,5100,100,face,3,5,0.104716300964355,8,1,0.0948658922420307,0.12308812079529916,0.27673904369570024,0.05790580334174038,0.16791016028882466,0.2524692977534286
34,OnlineFPCA-adagrad,0.1,5200,100,face,3,5,0.0987734794616699,8,1,0.11579196911764209,0.17504872312060993,0.1162251204221227,0.05530387289580945,0.164077139893041,0.24235076671942304
34,OnlineFPCA-adagrad,0.1,5300,100,face,3,5,0.104673862457275,8,1,0.10773258038983113,0.17543579235302853,0.18030672293437003,0.051988661785781216,0.1628042671125917,0.22619452726073397
34,OnlineFPCA-adagrad,0.1,5400,100,face,3,5,0.0988318920135498,8,1,0.08067902653422747,0.20726985683326796,0.23189516368702082,0.053788686617219215,0.15827204309698312,0.219375977689245
34,OnlineFPCA-adagrad,0.1,5500,100,face,3,5,0.104523897171021,8,1,0.14902578138161354,0.16063050803448667,0.2670499455562045,0.04754565022494946,0.14937459317496465,0.21376458676653295
34,OnlineFPCA-adagrad,0.1,5600,100,face,3,5,0.100748777389526,8,1,0.14907136335662907,0.1809806150887543,0.20322513535632816,0.04004656733846487,0.13548085892881873,0.21155096584397437
34,OnlineFPCA-adagrad,0.1,5700,100,face,3,5,0.10220193862915,8,1,0.20467758899622995,0.08597582499285915,0.26423411560855486,0.03725084805725574,0.12777188152210847,0.20577500901939538
34,OnlineFPCA-adagrad,0.1,5800,100,face,3,5,0.10408616065979,8,1,0.14666532874235866,0.1404992228600531,0.32595445365370684,0.03484142241744942,0.11709702823603109,0.20241259018685073
34,OnlineFPCA-adagrad,0.1,5900,100,face,3,5,0.0994300842285156,8,1,0.1589939062405033,0.13815453889241464,0.31368935311666896,0.032429736056240444,0.10932889220064906,0.20077752349852554
34,OnlineFPCA-adagrad,0.1,6000,100,face,3,5,0.104180574417114,8,1,0.15324810066598354,0.22793170525932258,0.37706737361827275,0.02933502387339767,0.10566630880457456,0.20122635805642128
34,OnlineFPCA-adagrad,0.1,6100,100,face,3,5,0.0988922119140625,8,1,0.13962394677722187,0.19562494625111893,0.39299195105525797,0.024293283735235798,0.10418577090757239,0.20325195445577543
34,OnlineFPCA-adagrad,0.1,6200,100,face,3,5,0.105243682861328,8,1,0.2424327968817089,0.22239064516885926,0.37250383688078986,0.021939852484149168,0.101567791651337,0.2065382303918501
34,OnlineFPCA-adagrad,0.1,6300,100,face,3,5,0.0980079174041748,8,1,0.15523610551700118,0.2320155143695062,0.31784896684698893,0.02644944092213203,0.09868109413218314,0.20872951264546788
34,OnlineFPCA-adagrad,0.1,6400,100,face,3,5,0.236450433731079,8,1,0.05803181212064356,0.14449308992312024,0.45271636408117816,0.027464280057359097,0.09615273044841753,0.21339088479275636
34,OnlineFPCA-adagrad,0.1,6500,100,face,3,5,0.0978832244873047,8,1,0.1623444038142247,0.15918390364378807,0.34494698934788465,0.026709136746824996,0.09147576144994518,0.2200923377159063
34,OnlineFPCA-adagrad,0.1,6600,100,face,3,5,0.102457761764526,8,1,0.08123211843112955,0.15633738744879613,0.28996557098451026,0.02761096619008794,0.08525404093026961,0.2214017914682264
34,OnlineFPCA-adagrad,0.1,6700,100,face,3,5,0.0986323356628418,8,1,0.11553268028697218,0.1422236770116755,0.3491794426221753,0.02724064631117034,0.08096986337057603,0.22313850406118463
34,OnlineFPCA-adagrad,0.1,6800,100,face,3,5,0.100071907043457,8,1,0.13739284975820965,0.248041812685901,0.20492192594863295,0.025778068204156516,0.07616983369784983,0.22574192619640282
34,OnlineFPCA-adagrad,0.1,6900,100,face,3,5,0.101631879806519,8,1,0.08735483669550585,0.1219772410455686,0.3061469947017122,0.025483696111160893,0.07340765065534029,0.22488945241612193
34,OnlineFPCA-adagrad,0.1,7000,100,face,3,5,0.0985057353973389,8,1,0.17083822221715578,0.25888562559968137,0.23346445392817644,0.025730891844371665,0.07436996981036736,0.2240466576548661
34,OnlineFPCA-adagrad,0.1,7100,100,face,3,5,0.099635124206543,8,1,0.1446003835398293,0.21862553257444103,0.20752365896942773,0.02547825647560891,0.07248501797809484,0.21924522381685352
34,OnlineFPCA-adagrad,0.1,7200,100,face,3,5,0.0965366363525391,8,1,0.13368802424122184,0.2722480630385538,0.21727141470695793,0.0242434184288013,0.07079810948407168,0.2145616893238785
34,OnlineFPCA-adagrad,0.1,7300,100,face,3,5,0.101652383804321,8,1,0.08258202324246765,0.20417872709174312,0.3003556051952005,0.022874954906055775,0.06686169431435765,0.21218787599051636
34,OnlineFPCA-adagrad,0.1,7400,100,face,3,5,0.09674072265625,8,1,0.08023191636653068,0.10262429978487357,0.22740520609102088,0.02131207116489734,0.06556038345173743,0.2107433947018758
34,OnlineFPCA-adagrad,0.1,7500,100,face,3,5,0.101911783218384,8,1,0.1334573643071501,0.12617810071672692,0.31087660875201667,0.020182802085924913,0.06263319925055046,0.2077839559175647
34,OnlineFPCA-adagrad,0.1,7600,100,face,3,5,0.106819629669189,8,1,0.14150027558876188,0.13932675726761215,0.3813575117032814,0.01881412637839809,0.061289432037814374,0.20666423659290434
34,OnlineFPCA-adagrad,0.1,7700,100,face,3,5,0.0996863842010498,8,1,0.10403459600915554,0.18781150655844472,0.3253989758832413,0.01754215239388726,0.060283473434335905,0.20665193339146118
34,OnlineFPCA-adagrad,0.1,7800,100,face,3,5,0.0951976776123047,8,1,0.0721109349266679,0.1462381763407774,0.4027322162678862,0.016562755055541816,0.05827436786237659,0.20571117648550405
34,OnlineFPCA-adagrad,0.1,7900,100,face,3,5,0.100311517715454,8,1,0.07099910997572892,0.16455152867239173,0.31560193189538677,0.01615311215806332,0.05994342561711162,0.2076435485607299
34,OnlineFPCA-adagrad,0.1,8000,100,face,3,5,0.0992374420166016,8,1,0.1184937079132687,0.17490730567993842,0.31319111460467475,0.01552654786344826,0.061252803694242755,0.20840675712420767
34,OnlineFPCA-adagrad,0.1,8100,100,face,3,5,0.0989615917205811,8,1,0.08319827796058057,0.16181937293669035,0.12645907832915862,0.014865912819176926,0.06312570154871404,0.20686151590146104
34,OnlineFPCA-adagrad,0.1,8200,100,face,3,5,0.118364095687866,8,1,0.12673052631855514,0.060673025057207196,0.09604493426515565,0.01390119569088424,0.06266112109064909,0.20340937735210193
34,OnlineFPCA-adagrad,0.1,8300,100,face,3,5,0.138575553894043,8,1,0.09342431274373644,0.2211313808388926,0.2951538862911694,0.014740979550848339,0.06329356431074006,0.19752159627216734
34,OnlineFPCA-adagrad,0.1,8400,100,face,3,5,0.132401943206787,8,1,0.07992672519976635,0.17088908277128848,0.33691306302852037,0.015449495405938828,0.0641608030528665,0.19514200107832438
34,OnlineFPCA-adagrad,0.1,8500,100,face,3,5,0.127426385879517,8,1,0.1547722358388266,0.16170689594922763,0.3424451037777011,0.016362798760721872,0.06325512758976876,0.1942177502952105
34,OnlineFPCA-adagrad,0.1,8600,100,face,3,5,0.134617328643799,8,1,0.07221373011694622,0.10760543617229429,0.23695449837438232,0.017201501859394425,0.0623046566406077,0.19248393996908775
34,OnlineFPCA-adagrad,0.1,8700,100,face,3,5,0.140049934387207,8,1,0.09527371500741859,0.07964311533659504,0.10332417044330507,0.017642881383291006,0.06026295490188684,0.18854184684052033
34,OnlineFPCA-adagrad,0.1,8800,100,face,3,5,0.182500123977661,8,1,0.07402153353793522,0.149087294423565,0.1557604004404548,0.017420161075306858,0.05821837010616392,0.18380424033211193
34,OnlineFPCA-adagrad,0.1,8900,100,face,3,5,0.134494543075562,8,1,0.13761226827136985,0.2829673983718431,0.23047957367938535,0.018716427410233303,0.056507190709678225,0.18017731227199846
34,OnlineFPCA-adagrad,0.1,9000,100,face,3,5,0.161846160888672,8,1,0.15728837856711037,0.19776192509823554,0.2506429470272277,0.018924965276083908,0.05553338673195009,0.17943383971435756
34,OnlineFPCA-adagrad,0.1,9100,100,face,3,5,0.145087718963623,8,1,0.17609966436181734,0.22087163208333743,0.1895553920803846,0.018760662285527845,0.055774832473231825,0.17935232715173008
34,OnlineFPCA-adagrad,0.1,9200,100,face,3,5,0.138444185256958,8,1,0.13920026509015584,0.16985653615315333,0.234088458218994,0.01984882685348096,0.056098134078548106,0.1776009760422099
34,OnlineFPCA-adagrad,0.1,9300,100,face,3,5,0.148558616638184,8,1,0.1341171958691111,0.19279029452256488,0.2974414143062123,0.020237568424827847,0.0555887538912074,0.17821697966473826
34,OnlineFPCA-adagrad,0.1,9400,100,face,3,5,0.153039455413818,8,1,0.09084609959535414,0.09358176200700898,0.4099166595866632,0.020370676731752982,0.054748730074172046,0.18143412392709243
34,OnlineFPCA-adagrad,0.1,9500,100,face,3,5,0.151843547821045,8,1,0.11697007034719853,0.18293310645833571,0.28909558652930195,0.021362335095238615,0.05431467094847184,0.18367178258271927
34,OnlineFPCA-adagrad,0.1,9600,100,face,3,5,0.145573139190674,8,1,0.18822916293982564,0.09401250341360326,0.36647837145485723,0.022616166908510704,0.052935544688339935,0.18516401476220148
34,OnlineFPCA-adagrad,0.1,9700,100,face,3,5,0.154520273208618,8,1,0.057324833238826395,0.19625220766405696,0.17438675145802235,0.023747084791340523,0.05237771897924164,0.18587234447686762
34,OnlineFPCA-adagrad,0.1,9800,100,face,3,5,0.141731977462769,8,1,0.07407154383747891,0.19481588832188304,0.24339384723432453,0.023218614425719576,0.05164409240685189,0.18439810471571508
34,OnlineFPCA-adagrad,0.1,9900,100,face,3,5,0.144308567047119,8,1,0.141824241707027,0.17896294508884053,0.30480520102463937,0.023139019679443717,0.051748464938317855,0.18358870126797036
34,OnlineFPCA-adagrad,0.1,10000,100,face,3,5,0.133947134017944,8,1,0.09793260428361275,0.17816401279837724,0.3738099527879817,0.023361343326021817,0.051698708294440614,0.18319722879376113
34,OnlineFPCA-adagrad,0.1,10100,100,face,3,5,0.142492771148682,8,1,0.09322900344696539,0.13108495945516607,0.2676904762440939,0.02403421456280912,0.051165421860022896,0.18257524750614085
34,OnlineFPCA-adagrad,0.1,10200,100,face,3,5,0.137912273406982,8,1,0.08713871786706637,0.1622183513511042,0.13810769196095118,0.024582152342228467,0.05079518383063319,0.18147361432916195
34,OnlineFPCA-adagrad,0.1,10300,100,face,3,5,0.141280174255371,8,1,0.10127842275037523,0.16528409892402773,0.16327995594293923,0.024255292071696525,0.051196930084032644,0.17963865624024664
34,OnlineFPCA-adagrad,0.1,10400,100,face,3,5,0.144752264022827,8,1,0.06780428157133978,0.18685425369312078,0.20739702046937478,0.02498950494617944,0.050703431417321046,0.17914885482783505
34,OnlineFPCA-adagrad,0.1,10500,100,face,3,5,0.137304544448853,8,1,0.12106710415791515,0.14194905532388719,0.22154889805313052,0.024146032933072097,0.04885622218720515,0.1786105581060163
34,OnlineFPCA-adagrad,0.1,10600,100,face,3,5,0.144045114517212,8,1,0.13035896106449482,0.1442686018175655,0.1803547758162444,0.02252462688047313,0.04652827377190486,0.1786050724064069
34,OnlineFPCA-adagrad,0.1,10700,100,face,3,5,0.141516447067261,8,1,0.16712322193268075,0.06392044579629791,0.24235215712513547,0.02211628581714617,0.04534259238784929,0.17841762537238962
34,OnlineFPCA-adagrad,0.1,10800,100,face,3,5,0.149051427841187,8,1,0.1257588283875063,0.10809870297942445,0.27151560408331243,0.021885139701178828,0.044389100209786723,0.1783682626284928
34,OnlineFPCA-adagrad,0.1,10900,100,face,3,5,0.136530876159668,8,1,0.14277057738882454,0.10993180028395223,0.27517350196298734,0.02163776412959582,0.043453689095760306,0.17858756700883258
34,OnlineFPCA-adagrad,0.1,11000,100,face,3,5,0.143320560455322,8,1,0.12285133470377863,0.1735446294970998,0.32760633845693915,0.02112505942787585,0.043492392125453076,0.17955845988356417
34,OnlineFPCA-adagrad,0.1,11100,100,face,3,5,0.137817144393921,8,1,0.1265656994049147,0.16806182775368952,0.3455437143838652,0.02012464614956062,0.044543564642165835,0.18087850051458665
34,OnlineFPCA-adagrad,0.1,11200,100,face,3,5,0.144405126571655,8,1,0.20390089153640845,0.19497291033685882,0.3150783352073608,0.019576559931417454,0.04534391961895983,0.18184175924716758
34,OnlineFPCA-adagrad,0.1,11300,100,face,3,5,0.140867471694946,8,1,0.13905538217611962,0.22056968468977392,0.2944973894065974,0.02068942033604175,0.046957808282459525,0.18244220259511557
34,OnlineFPCA-adagrad,0.1,11400,100,face,3,5,0.144848585128784,8,1,0.062141785003461576,0.15902603840118268,0.3972422487562199,0.021125497723522752,0.04852283090817427,0.18393591150996244
34,OnlineFPCA-adagrad,0.1,11500,100,face,3,5,0.141645431518555,8,1,0.14352740442284953,0.152693475090955,0.31674950437415617,0.021132864125901138,0.048904802079726035,0.18595415127519374
34,OnlineFPCA-adagrad,0.1,11600,100,face,3,5,0.151224613189697,8,1,0.07027789778466377,0.13000385912853726,0.27599252303772587,0.021591048162214438,0.04814902786138221,0.1865296493064704
34,OnlineFPCA-adagrad,0.1,11700,100,face,3,5,0.144164323806763,8,1,0.10104436779867837,0.1330684121380081,0.32692602724022646,0.021590596612161783,0.047823662637970374,0.18738212413841507
34,OnlineFPCA-adagrad,0.1,11800,100,face,3,5,0.137035608291626,8,1,0.11559930246250086,0.2056513912169676,0.22403518115719015,0.021243178838281022,0.04764877465720669,0.18852897108173133
34,OnlineFPCA-adagrad,0.1,11900,100,face,3,5,0.143837690353394,8,1,0.08369858720183852,0.1093658826684668,0.28957537118554977,0.021021253243593982,0.04759033195406607,0.18892846798468324
34,OnlineFPCA-adagrad,0.1,12000,100,face,3,5,0.135035037994385,8,1,0.1447795334705272,0.2173584059037166,0.2385025204362094,0.02088129139726059,0.04857890633807859,0.18959179707567636
34,OnlineFPCA-adagrad,0.1,12100,100,face,3,5,0.14415454864502,8,1,0.12943540797323788,0.18508813905197602,0.2050766855013214,0.020696844604582255,0.049146074668318336,0.18908588957180072
34,OnlineFPCA-adagrad,0.1,12200,100,face,3,5,0.136018514633179,8,1,0.13682362309888615,0.23047802327360187,0.21700756683851324,0.020609874056725926,0.049491622760277215,0.18822504685698568
34,OnlineFPCA-adagrad,0.1,12300,100,face,3,5,0.146286487579346,8,1,0.06425854045068481,0.1875235431222323,0.26298779996233873,0.020300184759071686,0.04914930674812807,0.18819440406524834
34,OnlineFPCA-adagrad,0.1,12400,100,face,3,5,0.135840654373169,8,1,0.06255581894856828,0.09681411395296136,0.2017058254587705,0.019846195023895955,0.04914869662962486,0.1883205932921973
34,OnlineFPCA-adagrad,0.1,12500,100,face,3,5,0.146226644515991,8,1,0.11879137061125489,0.1053884594995659,0.2745700946934968,0.01961874157104142,0.04861002066324503,0.18790160466486894
34,OnlineFPCA-adagrad,0.1,12600,100,face,3,5,0.137807130813599,8,1,0.11863085923061605,0.10711791739630584,0.33420707105072683,0.019210408137373687,0.048182866262632615,0.18814166832971088
34,OnlineFPCA-adagrad,0.1,12700,100,face,3,5,0.137946128845215,8,1,0.0891049372067306,0.1551215899011078,0.2913558327933838,0.018727575889836142,0.04738591835583603,0.18860278379134499
34,OnlineFPCA-adagrad,0.1,12800,100,face,3,5,0.164535760879517,8,1,0.06494745935906118,0.11101312414142582,0.36274862435882077,0.01830987401198251,0.04597566315549837,0.18861360324306028
34,OnlineFPCA-adagrad,0.1,12900,100,face,3,5,0.145104169845581,8,1,0.06433017327709648,0.1262671000190738,0.2989226568549382,0.018096530185439882,0.046026232958375664,0.18952884611839665
34,OnlineFPCA-adagrad,0.1,13000,100,face,3,5,0.142874956130981,8,1,0.10642762948709428,0.14228720788890767,0.294164423242493,0.017731458430453585,0.0464141815664997,0.19000386302306832
34,OnlineFPCA-adagrad,0.1,13100,100,face,3,5,0.144649505615234,8,1,0.07893132903277349,0.13851383774769244,0.1417394662073541,0.01732789989906172,0.0473020737486266,0.18965893686566443
34,OnlineFPCA-adagrad,0.1,13200,100,face,3,5,0.155164480209351,8,1,0.10856241733969459,0.05811130315290054,0.09252273198295762,0.01674973390503985,0.047270053944518435,0.18850092654307662
34,OnlineFPCA-adagrad,0.1,13300,100,face,3,5,0.133154153823853,8,1,0.08603575333935734,0.18178984404742934,0.24712768684123243,0.016888174118512157,0.04730524501352949,0.18640560921589516
34,OnlineFPCA-adagrad,0.1,13400,100,face,3,5,0.150047063827515,8,1,0.07202542718142967,0.14296442071899038,0.28969662774699895,0.017107081835622925,0.04782653871539968,0.18551694019546033
34,OnlineFPCA-adagrad,0.1,13500,100,face,3,5,0.145069360733032,8,1,0.13648576399198725,0.15124065136843515,0.3072526300364791,0.01744350946120424,0.04791694632143359,0.18517657149180392
34,OnlineFPCA-adagrad,0.1,13600,100,face,3,5,0.149370193481445,8,1,0.06687117217777498,0.09895949595599897,0.22579955596499057,0.01767015524148076,0.047856777408024714,0.1844728955362261
34,OnlineFPCA-adagrad,0.1,13700,100,face,3,5,0.153895378112793,8,1,0.08669559929769666,0.06636163074677086,0.11600917023710833,0.017914019449656492,0.04736334133847027,0.18293355601495015
34,OnlineFPCA-adagrad,0.1,13800,100,face,3,5,0.167033195495605,8,1,0.06320615890685573,0.1272483003101651,0.12424507309153417,0.017851879958042344,0.04677212745559632,0.18094920781880613
34,OnlineFPCA-adagrad,0.1,13900,100,face,3,5,0.155523538589478,8,1,0.12010902535195372,0.2547409783577217,0.1928478585693767,0.018457588422171666,0.04674551469550053,0.179362437588491
34,OnlineFPCA-adagrad,0.1,14000,100,face,3,5,0.156199932098389,8,1,0.13330991376815948,0.18135984244106948,0.21324048387659342,0.018684609793608382,0.04687667105328777,0.17887083869916132
34,OnlineFPCA-adagrad,0.1,14100,100,face,3,5,0.14486289024353,8,1,0.16107632210603592,0.19637109330261926,0.16572892700037564,0.018730894540917017,0.04741453009964358,0.17872444128214315
34,OnlineFPCA-adagrad,0.1,14200,100,face,3,5,0.153855085372925,8,1,0.1344149776157165,0.1519921193626322,0.20491894656214282,0.019222311760671407,0.04796199181619284,0.1779200825597366
34,OnlineFPCA-adagrad,0.1,14300,100,face,3,5,0.16221022605896,8,1,0.11545847677924005,0.17957705751988437,0.27335341714393835,0.01940506174928529,0.04803283256293217,0.17811967296046827
34,OnlineFPCA-adagrad,0.1,14400,100,face,3,5,0.156147956848145,8,1,0.08200630329893611,0.08638841922961521,0.3655978341801152,0.019470877480015632,0.0478093379473113,0.17937160425754334
34,OnlineFPCA-adagrad,0.1,14500,100,face,3,5,0.157924175262451,8,1,0.10594378728938363,0.15648971450646093,0.27659573082839783,0.019909133220170714,0.04776937643627969,0.18028813877646319
34,OnlineFPCA-adagrad,0.1,14600,100,face,3,5,0.152266263961792,8,1,0.16551745649732608,0.08009265584220916,0.3308429032767188,0.020506370096163466,0.04727119346206379,0.18100629359519083
34,OnlineFPCA-adagrad,0.1,14700,100,face,3,5,0.170743465423584,8,1,0.05234322586915755,0.15777026657383694,0.15945307525895858,0.02107577905450431,0.04738395007739713,0.18142874912786314
34,OnlineFPCA-adagrad,0.1,14800,100,face,3,5,0.140816211700439,8,1,0.0628491388034913,0.16630307562437266,0.21778129567965468,0.020845581575727707,0.04729811189464101,0.1808030767710992
34,OnlineFPCA-adagrad,0.1,14900,100,face,3,5,0.142781019210815,8,1,0.12965388313874715,0.1657466156676738,0.2749272783294971,0.02077191456334852,0.04743970685501942,0.18039847987822458
34,OnlineFPCA-adagrad,0.1,15000,100,face,3,5,0.139272689819336,8,1,0.09200696618818964,0.16450086533508446,0.3344062554498681,0.02081895419261966,0.0475041403880581,0.18010825749335765
34,OnlineFPCA-adagrad,0.1,0,100,face,3,5,6.49993443489075,8,2,0.1928146832635463,0.4385400960163578,0.4288529981360048,0.1928146832635463,0.4385400960163578,0.4288529981360048
34,OnlineFPCA-adagrad,0.1,100,100,face,3,5,0.619598388671875,8,2,0.43552593892699565,0.484022264633441,0.4329037782312603,NA,NA,NA
34,OnlineFPCA-adagrad,0.1,200,100,face,3,5,0.631957769393921,8,2,0.271054613677754,0.4846254896292343,0.706296145667572,NA,NA,NA
34,OnlineFPCA-adagrad,0.1,300,100,face,3,5,0.559484004974365,8,2,0.546300380726839,0.6936615029408206,0.5458061833757998,NA,NA,NA
34,OnlineFPCA-adagrad,0.1,400,100,face,3,5,0.581821203231812,8,2,0.6404030360420446,0.12827668070874856,0.36582522425320585,NA,NA,NA
34,OnlineFPCA-adagrad,0.1,500,100,face,3,5,0.602050065994263,8,2,0.7261214974810324,0.29580827615294664,0.3122024924011696,NA,NA,NA
34,OnlineFPCA-adagrad,0.1,600,100,face,3,5,0.609803438186646,8,2,0.5718025262874118,0.28115888592578897,0.4420241969259126,NA,NA,NA
34,OnlineFPCA-adagrad,0.1,700,100,face,3,5,0.609833240509033,8,2,0.48884339517167325,0.2839299653407254,0.44004081049617916,NA,NA,NA
34,OnlineFPCA-adagrad,0.1,800,100,face,3,5,0.603798627853394,8,2,0.43423744565762357,0.27676024738854804,0.4349281834818002,NA,NA,NA
34,OnlineFPCA-adagrad,0.1,900,100,face,3,5,0.615609169006348,8,2,0.35721438515487947,0.2776945850751445,0.42205620476140276,NA,NA,NA
34,OnlineFPCA-adagrad,0.1,1000,100,face,3,5,0.607511281967163,8,2,0.30861292889167796,0.27461200855027934,0.4112890842225651,NA,NA,NA
34,OnlineFPCA-adagrad,0.1,1100,100,face,3,5,0.887423753738403,8,2,0.2137673990510704,0.23820319279077554,0.3121618519915853,0.16660564756141777,0.26379493418376626,0.3601558715567001
34,OnlineFPCA-adagrad,0.1,1200,100,face,3,5,0.877133369445801,8,2,0.22387577520656304,0.21430415947260517,0.2863482238449042,0.12115085488012858,0.23201234400425608,0.3123174286616971
34,OnlineFPCA-adagrad,0.1,1300,100,face,3,5,0.858095407485962,8,2,0.12036456039068469,0.16656369440645852,0.21029710031609955,0.0703131320528653,0.19953505207207206,0.27968212231930495
34,OnlineFPCA-adagrad,0.1,1400,100,face,3,5,0.848858594894409,8,2,0.07234546518065835,0.14879865630091818,0.30458535493380284,0.06030403297752353,0.17991559681266509,0.26713530476010394
34,OnlineFPCA-adagrad,0.1,1500,100,face,3,5,0.860363245010376,8,2,0.1665529310114244,0.14312206478711864,0.29277634500784605,0.03981999217877095,0.17023719107798022,0.2703533653882594
34,OnlineFPCA-adagrad,0.1,1600,100,face,3,5,0.829842805862427,8,2,0.14749236261121318,0.17086069546476856,0.23811306054689188,0.028690802079321856,0.15827818779037642,0.26407065935528384
34,OnlineFPCA-adagrad,0.1,1700,100,face,3,5,0.788915634155273,8,2,0.2513772726727286,0.11811937765347727,0.27587753685365834,0.03286303465378564,0.14535293451801953,0.2578718507345918
34,OnlineFPCA-adagrad,0.1,1800,100,face,3,5,0.815819263458252,8,2,0.21036500046801435,0.31593658421081444,0.1718138173721772,0.03681402813157439,0.1340219530577214,0.2493448383382692
34,OnlineFPCA-adagrad,0.1,1900,100,face,3,5,0.839426040649414,8,2,0.14359563599301586,0.15256801217873928,0.2614080339539592,0.040523291947936836,0.12978042523972674,0.24347493177359136
34,OnlineFPCA-adagrad,0.1,2000,100,face,3,5,0.842546224594116,8,2,0.24178273636885445,0.20952458152965722,0.1615333990265182,0.03544975008319248,0.12454547463835286,0.23850171979255794
34,OnlineFPCA-adagrad,0.1,2100,100,face,3,5,0.84729528427124,8,2,0.282004578362049,0.2247480454132019,0.22611673302136712,0.027985684152279717,0.11609420418490081,0.22749208718661096
34,OnlineFPCA-adagrad,0.1,2200,100,face,3,5,0.828585386276245,8,2,0.19093894784967663,0.22202136100538383,0.27462958561773837,0.01731972289500844,0.11388270656213426,0.2210208191744401
34,OnlineFPCA-adagrad,0.1,2300,100,face,3,5,0.836944580078125,8,2,0.259400493283182,0.18764383077739735,0.25879416948267414,0.020061141169088473,0.1084079588253207,0.21782070975307413
34,OnlineFPCA-adagrad,0.1,2400,100,face,3,5,0.851755142211914,8,2,0.21999729294664608,0.20605585327334344,0.17999256810370043,0.015452862348016733,0.1027111054440056,0.21361705546044288
34,OnlineFPCA-adagrad,0.1,2500,100,face,3,5,0.841326236724854,8,2,0.21617817983485577,0.2146321827380704,0.22847668901978074,0.017772207928973795,0.09297389677608081,0.2042250518187058
34,OnlineFPCA-adagrad,0.1,2600,100,face,3,5,1.13276672363281,8,2,0.16995517835062815,0.18572617505987404,0.31870787756557706,0.019130502069653856,0.09156146810368841,0.20198596949110287
34,OnlineFPCA-adagrad,0.1,2700,100,face,3,5,0.897836208343506,8,2,0.12166806262413973,0.2031293180408455,0.22311790671158774,0.019622887100309537,0.09302999000791755,0.20374976500226077
34,OnlineFPCA-adagrad,0.1,2800,100,face,3,5,0.913385152816772,8,2,0.08499533786958506,0.27644644295292337,0.27225171640842577,0.020584999854538398,0.0933090961614677,0.2009853567189757
34,OnlineFPCA-adagrad,0.1,2900,100,face,3,5,0.864038467407227,8,2,0.1102453832809879,0.21583510948863346,0.2539312290543867,0.022929813159957332,0.0982113558615172,0.20219787004741596
34,OnlineFPCA-adagrad,0.1,3000,100,face,3,5,0.928514957427979,8,2,0.1332748959608922,0.23832874953645458,0.2627052133129663,0.023800155191626846,0.100658539767682,0.2035655810104656
34,OnlineFPCA-adagrad,0.1,3100,100,face,3,5,0.937566041946411,8,2,0.10098044332555847,0.1971156389132879,0.1309468145427819,0.024268832201122692,0.10365667996425997,0.19982007711478678
34,OnlineFPCA-adagrad,0.1,3200,100,face,3,5,0.972719430923462,8,2,0.1676187685630389,0.06819580250835709,0.16217488058103305,0.023909703336937944,0.1017653095961861,0.19488600661943686
34,OnlineFPCA-adagrad,0.1,3300,100,face,3,5,0.988563060760498,8,2,0.0991600474056142,0.2675533773105381,0.3964359525543184,0.023263231116645876,0.10123827882239773,0.18752031407271064
34,OnlineFPCA-adagrad,0.1,3400,100,face,3,5,0.928154230117798,8,2,0.09495536767491683,0.20087243639682045,0.45481494444915793,0.022835886770535947,0.10027163195042023,0.19007605239071454
34,OnlineFPCA-adagrad,0.1,3500,100,face,3,5,0.962461471557617,8,2,0.1840265423568165,0.16323376649000274,0.39637358495342545,0.023633734034752836,0.09702152074239527,0.1953062634651678
34,OnlineFPCA-adagrad,0.1,3600,100,face,3,5,0.95565390586853,8,2,0.08627443439160119,0.12065736775069805,0.2278130996935457,0.024954656056614725,0.094556109680517475,0.1948917955623711
34,OnlineFPCA-adagrad,0.1,3700,100,face,3,5,0.970251798629761,8,2,0.11403361356485879,0.10733948219675048,0.09568374464603747,0.02293512375730544,0.08959706036643121,0.18762054649213558
34,OnlineFPCA-adagrad,0.1,3800,100,face,3,5,0.98747992515564,8,2,0.09118517891252485,0.18611599031176296,0.23322809165171107,0.021691518939479567,0.08506685910168789,0.18045279133678419
34,OnlineFPCA-adagrad,0.1,3900,100,face,3,5,0.970237731933594,8,2,0.16678359541641022,0.31547763091488157,0.31182678444380596,0.02170587446480639,0.08126307159902368,0.1784243443433428
34,OnlineFPCA-adagrad,0.1,4000,100,face,3,5,0.956676721572876,8,2,0.018953480749355708,0.07888353026981461,0.17957895905935828,0.018953480749355708,0.07888353026981461,0.17957895905935828
34,OnlineFPCA-adagrad,0.1,4100,100,face,3,5,0.977596521377563,8,2,0.16942133925308958,0.21205855932650977,0.10086315191398124,0.06356759004077793,0.10643252212766253,0.15326877835823108
34,OnlineFPCA-adagrad,0.1,4200,100,face,3,5,1.09910798072815,8,2,0.13424642224604533,0.18218973461766425,0.20658036358879328,0.08890932092046136,0.11987836396915424,0.11517370299631052
34,OnlineFPCA-adagrad,0.1,4300,100,face,3,5,0.93297290802002,8,2,0.17115169356112694,0.20182316696396557,0.2838637518051029,0.06301576075061885,0.14140298123217096,0.15058077943159917
34,OnlineFPCA-adagrad,0.1,4400,100,face,3,5,0.915341377258301,8,2,0.10532267973967234,0.12615363066699872,0.4460213325076929,0.05426951746351836,0.12957659683090617,0.2252412905859911
34,OnlineFPCA-adagrad,0.1,4500,100,face,3,5,0.944490671157837,8,2,0.1304835107874988,0.22786656916284112,0.2756242520063486,0.055317630254894175,0.12395396233045942,0.2529021385086103
34,OnlineFPCA-adagrad,0.1,4600,100,face,3,5,0.961377143859863,8,2,0.22186844866131625,0.11005442269413225,0.3900532953572109,0.06179799094593826,0.11867167314550545,0.2532278150897002
34,OnlineFPCA-adagrad,0.1,4700,100,face,3,5,0.950155735015869,8,2,0.073536323105095,0.2139962785762214,0.12838288222010513,0.06619495875655455,0.10386043288450701,0.24176792896866045
34,OnlineFPCA-adagrad,0.1,4800,100,face,3,5,0.929543972015381,8,2,0.09965014101757723,0.1953565737517053,0.24666455583821714,0.05771262662854902,0.10336490878438283,0.22512370227354675
34,OnlineFPCA-adagrad,0.1,4900,100,face,3,5,0.909703254699707,8,2,0.1569553985487673,0.17175074618436212,0.33401978537006694,0.05694971959014015,0.11227280395955097,0.22246699232620867
34,OnlineFPCA-adagrad,0.1,5000,100,face,3,5,0.878880500793457,8,2,0.11059223324836007,0.17429885660780298,0.4223078306586287,0.05894355026475607,0.11586065544069467,0.22992115921414852
34,OnlineFPCA-adagrad,0.1,5100,100,face,3,5,0.151002645492554,8,2,0.09587125947682443,0.11680809346032577,0.2761133411373218,0.0600592884186967,0.11549352321191825,0.23233309988524067
34,OnlineFPCA-adagrad,0.1,5200,100,face,3,5,0.147418260574341,8,2,0.1155770819924034,0.17093355358089404,0.12466097971739093,0.0576546402169519,0.11557369551174254,0.22363450968888673
34,OnlineFPCA-adagrad,0.1,5300,100,face,3,5,0.138898849487305,8,2,0.10858837979796646,0.16551344788458353,0.18210446790035958,0.05438600451678031,0.1160225495456431,0.20772450572610096
34,OnlineFPCA-adagrad,0.1,5400,100,face,3,5,0.153518199920654,8,2,0.08177654276733803,0.20560987105977666,0.23397508026908032,0.056194740639625256,0.11160865879000045,0.20242288982350576
34,OnlineFPCA-adagrad,0.1,5500,100,face,3,5,0.150137424468994,8,2,0.14840433632417688,0.1567863188097117,0.26214485737990245,0.049691086827917084,0.10098559492856456,0.19744104623744377
34,OnlineFPCA-adagrad,0.1,5600,100,face,3,5,0.152795791625977,8,2,0.1499582013854324,0.17941543967976703,0.19600263575529914,0.0417541518771554,0.08536408165492683,0.19614560412819354
34,OnlineFPCA-adagrad,0.1,5700,100,face,3,5,0.315670490264893,8,2,0.20513197762295238,0.0717381418974221,0.263538247161298,0.038856364133638514,0.07877352270838704,0.19161833699178082
34,OnlineFPCA-adagrad,0.1,5800,100,face,3,5,0.148445844650269,8,2,0.14555674454972112,0.13756358020882983,0.315592452489537,0.036333211471041106,0.06695421667095633,0.18867967584711157
34,OnlineFPCA-adagrad,0.1,5900,100,face,3,5,0.148853778839111,8,2,0.16019831643255575,0.1331129204217693,0.31414292627847296,0.033893487539474736,0.0598709835627153,0.18829227429886175
34,OnlineFPCA-adagrad,0.1,6000,100,face,3,5,0.129186153411865,8,2,0.15233818656697468,0.22321948943884973,0.3873335531315619,0.03087501077470264,0.058574283527677316,0.1906976564944964
34,OnlineFPCA-adagrad,0.1,6100,100,face,3,5,0.152750730514526,8,2,0.13958976926392883,0.19801015367638913,0.40353264925204463,0.025865193744961313,0.062210220096706945,0.19553208582169165
34,OnlineFPCA-adagrad,0.1,6200,100,face,3,5,0.149739742279053,8,2,0.24218730902719648,0.23191741703635071,0.3786663797899783,0.02357738390550573,0.06505205807531464,0.20123384674861394
34,OnlineFPCA-adagrad,0.1,6300,100,face,3,5,0.155195951461792,8,2,0.15488597083106012,0.24383548449566594,0.32823186927923237,0.027985474356309263,0.06755823079669493,0.20510111210757653
34,OnlineFPCA-adagrad,0.1,6400,100,face,3,5,0.146164178848267,8,2,0.0575479750876844,0.1533806832998934,0.45735845241306905,0.02891001308715332,0.06905002869476387,0.21138914431152184
34,OnlineFPCA-adagrad,0.1,6500,100,face,3,5,0.160912990570068,8,2,0.16266468938387255,0.1685414965776431,0.34916617861016774,0.028090666264339287,0.06633810393398334,0.2188790918235515
34,OnlineFPCA-adagrad,0.1,6600,100,face,3,5,0.146487236022949,8,2,0.08058045388896777,0.15946464257338086,0.2922836609225632,0.028899009848550164,0.06203972958113683,0.2209341869720853
34,OnlineFPCA-adagrad,0.1,6700,100,face,3,5,0.14793872833252,8,2,0.11492239310885856,0.15117214464938447,0.35296680082394954,0.028450327757615468,0.060307445395677305,0.2235629238051122
34,OnlineFPCA-adagrad,0.1,6800,100,face,3,5,0.140131235122681,8,2,0.1375008361966755,0.2503722654636359,0.20625707436278995,0.026886067653528942,0.057768255894508055,0.2269580956056845
34,OnlineFPCA-adagrad,0.1,6900,100,face,3,5,0.148000955581665,8,2,0.0867255259461227,0.11980098021056575,0.30849745866898354,0.026494767334092006,0.05574038086375113,0.22630143043869722
34,OnlineFPCA-adagrad,0.1,7000,100,face,3,5,0.142919063568115,8,2,0.1707457854104658,0.2586783790585345,0.2382005601650566,0.026726985841164053,0.05869215915875347,0.22592678607004896
34,OnlineFPCA-adagrad,0.1,7100,100,face,3,5,0.140445232391357,8,2,0.1447992523826937,0.2182281500751122,0.20951751380409195,0.026499815491426156,0.058514325077150035,0.22168900575189943
34,OnlineFPCA-adagrad,0.1,7200,100,face,3,5,0.146367788314819,8,2,0.13376868179188467,0.27234250288117295,0.21866715919992707,0.025302133549301675,0.05769334934228826,0.21720858627805353
34,OnlineFPCA-adagrad,0.1,7300,100,face,3,5,0.152948379516602,8,2,0.08262105519347258,0.20427214480747632,0.30178704640875315,0.023872234859529613,0.055110613181356155,0.21537297283640003
34,OnlineFPCA-adagrad,0.1,7400,100,face,3,5,0.157903671264648,8,2,0.08039047465919183,0.1028119405440771,0.2276708278900057,0.022307993222550747,0.054138668401969105,0.21417540288104644
34,OnlineFPCA-adagrad,0.1,7500,100,face,3,5,0.146356582641602,8,2,0.13365106649464711,0.12728598296229218,0.3115311998397125,0.021156529590910612,0.052381486785294425,0.2115230345407851
34,OnlineFPCA-adagrad,0.1,7600,100,face,3,5,0.16082763671875,8,2,0.14175411620873724,0.13890585372636,0.3804422273769549,0.019787765056660155,0.05117046469403136,0.2107431238752093
34,OnlineFPCA-adagrad,0.1,7700,100,face,3,5,0.156094551086426,8,2,0.10405245682370678,0.18706792671190614,0.32190371202837254,0.018494761424108476,0.04902729133622076,0.21055424304459702
34,OnlineFPCA-adagrad,0.1,7800,100,face,3,5,0.16775107383728,8,2,0.07210415573939531,0.14546244644611833,0.39972901132772254,0.017450054490070078,0.04530547223303704,0.20934898935501692
34,OnlineFPCA-adagrad,0.1,7900,100,face,3,5,0.148417711257935,8,2,0.07111823501321715,0.16343630437019788,0.31192527374723616,0.01696945741581564,0.04581504876938806,0.2108923081218168
34,OnlineFPCA-adagrad,0.1,8000,100,face,3,5,0.15019965171814,8,2,0.11835803784345042,0.17455816630264914,0.30972385368713634,0.0162895113540056,0.04691958494747243,0.21132319957457946
34,OnlineFPCA-adagrad,0.1,8100,100,face,3,5,0.133733987808228,8,2,0.08323773453048511,0.1612197903857286,0.12273126686962295,0.015557546038706892,0.048852533168590985,0.20947617105022634
34,OnlineFPCA-adagrad,0.1,8200,100,face,3,5,0.149131298065186,8,2,0.12676888233210967,0.0598753839765796,0.09521074406910461,0.014535741520216899,0.048290392196414955,0.20570273481254012
34,OnlineFPCA-adagrad,0.1,8300,100,face,3,5,0.13805079460144,8,2,0.09340082762471544,0.22065314559402024,0.29529220798383454,0.015280087537638825,0.04844168631090316,0.19959049496599746
34,OnlineFPCA-adagrad,0.1,8400,100,face,3,5,0.139869213104248,8,2,0.07986916299653789,0.17075037137736387,0.3374671147525558,0.01594924327091495,0.050025586849402254,0.1972315775702589
34,OnlineFPCA-adagrad,0.1,8500,100,face,3,5,0.141664981842041,8,2,0.15476386423609859,0.16114659456093075,0.3421310940026972,0.016859809593471196,0.05013496716343993,0.1963678268297902
34,OnlineFPCA-adagrad,0.1,8600,100,face,3,5,0.135455131530762,8,2,0.07229949978454352,0.10703054409059684,0.23536890762055782,0.017698181331207347,0.04980805922847322,0.19474057815665843
34,OnlineFPCA-adagrad,0.1,8700,100,face,3,5,0.152082443237305,8,2,0.09534066102883738,0.07997200210803282,0.10161668703292191,0.018152373547900096,0.04848922884424152,0.19099687778982052
34,OnlineFPCA-adagrad,0.1,8800,100,face,3,5,0.147464036941528,8,2,0.07401887125435663,0.1489717044234286,0.1569140875877591,0.017938700846822975,0.04706757466124785,0.18637006570458847
34,OnlineFPCA-adagrad,0.1,8900,100,face,3,5,0.173030138015747,8,2,0.1375840830103615,0.28256917863163006,0.23138620652811914,0.019235828873989308,0.046981087924691065,0.18287172745008362
34,OnlineFPCA-adagrad,0.1,9000,100,face,3,5,0.132904767990112,8,2,0.15730580643971623,0.19755786989994673,0.2511812469126116,0.019461711885851593,0.047330545849614096,0.182248029161695
34,OnlineFPCA-adagrad,0.1,9100,100,face,3,5,0.13046407699585,8,2,0.17612192195706225,0.22021388362638028,0.1897940662535884,0.019360828421600702,0.04857893019818402,0.1822788749613996
34,OnlineFPCA-adagrad,0.1,9200,100,face,3,5,0.136699438095093,8,2,0.13914044579361276,0.16941089145195923,0.23455663619166908,0.02048586359648939,0.049761926622084555,0.1806911023445475
34,OnlineFPCA-adagrad,0.1,9300,100,face,3,5,0.14742112159729,8,2,0.13413396940733785,0.19222963083376457,0.2974281945219715,0.020849625956111235,0.049945378977733365,0.18147062799709995
34,OnlineFPCA-adagrad,0.1,9400,100,face,3,5,0.14170503616333,8,2,0.09083604950660024,0.09318398725643394,0.4094684265493209,0.02095933814435336,0.049672292122309405,0.1846781672443363
34,OnlineFPCA-adagrad,0.1,9500,100,face,3,5,0.143088817596436,8,2,0.11686043189145374,0.18264516665804087,0.2885706592787702,0.02192769719461603,0.049878917442612046,0.18688809448122198
34,OnlineFPCA-adagrad,0.1,9600,100,face,3,5,0.146076917648315,8,2,0.18820465672980635,0.09393563822867622,0.3670162336765166,0.02316570383427558,0.049041075149832636,0.18845779159358586
34,OnlineFPCA-adagrad,0.1,9700,100,face,3,5,0.149242401123047,8,2,0.05736618484180286,0.19627652579953336,0.17420710685518,0.024280561966153236,0.049786582066045325,0.1894275711564046
34,OnlineFPCA-adagrad,0.1,9800,100,face,3,5,0.155741930007935,8,2,0.07406198910036112,0.19478797612437365,0.24309598135850993,0.02373781665720788,0.05028743379706726,0.18817611120482491
34,OnlineFPCA-adagrad,0.1,9900,100,face,3,5,0.158875465393066,8,2,0.14191233797122824,0.17899170161982095,0.30439920969222345,0.023654424430644475,0.051262894251783306,0.1874807945827994
34,OnlineFPCA-adagrad,0.1,10000,100,face,3,5,0.153870820999146,8,2,0.09788588545040548,0.1778852240464503,0.3732216731949371,0.023877038189481586,0.05190520186775133,0.18714770898409533
34,OnlineFPCA-adagrad,0.1,10100,100,face,3,5,0.141754388809204,8,2,0.09320286832544473,0.13112766758193115,0.26669468403615976,0.02455438405934342,0.052037435167311095,0.18660679210691106
34,OnlineFPCA-adagrad,0.1,10200,100,face,3,5,0.136197328567505,8,2,0.08712683995600341,0.16229578170872086,0.13880133705079944,0.025106742387346143,0.052147184816802396,0.18561402380811973
34,OnlineFPCA-adagrad,0.1,10300,100,face,3,5,0.137411117553711,8,2,0.10126066770374537,0.1650634086967486,0.1629723682368172,0.024792445459245017,0.05274823538972762,0.18387688719702172
34,OnlineFPCA-adagrad,0.1,10400,100,face,3,5,0.141656398773193,8,2,0.06773687828281932,0.1868269765099259,0.20777167077998193,0.02553221424839579,0.05245983389807845,0.18348010520905392
34,OnlineFPCA-adagrad,0.1,10500,100,face,3,5,0.139773607254028,8,2,0.12112951294643291,0.14196276758432733,0.22196749236355343,0.024671692197847577,0.05081765757124074,0.1829858488806028
34,OnlineFPCA-adagrad,0.1,10600,100,face,3,5,0.143965721130371,8,2,0.13040586829571765,0.144312357383346,0.18080145465889969,0.023023596029100656,0.048945648292540056,0.18299355334024775
34,OnlineFPCA-adagrad,0.1,10700,100,face,3,5,0.162234783172607,8,2,0.16715499064143347,0.06393898871236195,0.24249376068736742,0.022604812781594298,0.048151599417313055,0.18284077467821197
34,OnlineFPCA-adagrad,0.1,10800,100,face,3,5,0.147452354431152,8,2,0.12577747552717483,0.10800181462193768,0.2712402472464205,0.022370365353192593,0.04760913623488127,0.1827819565912944
34,OnlineFPCA-adagrad,0.1,10900,100,face,3,5,0.156550407409668,8,2,0.14279313219668596,0.1098775689127321,0.2748444949155475,0.022112501397138763,0.04710161893872782,0.18300566878332272
34,OnlineFPCA-adagrad,0.1,11000,100,face,3,5,0.144895792007446,8,2,0.12286419398204619,0.17321743795660827,0.32730576601923245,0.021597234731767345,0.04734572539510986,0.18399178760753152
34,OnlineFPCA-adagrad,0.1,11100,100,face,3,5,0.148970365524292,8,2,0.12654465807720963,0.1675626094384433,0.34545974003776603,0.020597159572664885,0.04857695586159365,0.185370216258805
34,OnlineFPCA-adagrad,0.1,11200,100,face,3,5,0.133573293685913,8,2,0.2037424716538655,0.1951758543952735,0.31503291307674913,0.020044843227265158,0.04970749939713324,0.18639576414235776
34,OnlineFPCA-adagrad,0.1,11300,100,face,3,5,0.138909578323364,8,2,0.13900128870670878,0.2204722903368167,0.29411834957395305,0.02114389928239109,0.05165124238400843,0.1870334930965877
34,OnlineFPCA-adagrad,0.1,11400,100,face,3,5,0.138810873031616,8,2,0.06215161616128436,0.1586228442523404,0.39688137498646575,0.021568879591019025,0.05342586707932657,0.1885505241211767
34,OnlineFPCA-adagrad,0.1,11500,100,face,3,5,0.164153099060059,8,2,0.1435107787734816,0.15256204159647865,0.31611171100639435,0.021572770428899754,0.05399874993776512,0.19052295290423904
34,OnlineFPCA-adagrad,0.1,11600,100,face,3,5,0.144515514373779,8,2,0.07035945811684341,0.12997007912858707,0.2754836861590622,0.0220227090467835,0.053596073013667464,0.1910904640095419
34,OnlineFPCA-adagrad,0.1,11700,100,face,3,5,0.16934061050415,8,2,0.10096016304235686,0.13324148295848723,0.3265465772284436,0.02201620084381557,0.053557190865252784,0.19194890640651902
34,OnlineFPCA-adagrad,0.1,11800,100,face,3,5,0.154309272766113,8,2,0.11562610678086338,0.20562541483847122,0.22340264065081192,0.021658274290728693,0.05363968340031133,0.19309213609627265
34,OnlineFPCA-adagrad,0.1,11900,100,face,3,5,0.15996527671814,8,2,0.08367620625533918,0.1090410626755945,0.28981010122264056,0.021425739996056518,0.053591988229391,0.19343654870318966
34,OnlineFPCA-adagrad,0.1,12000,100,face,3,5,0.154512882232666,8,2,0.1447637222180108,0.21693171757294719,0.23870044893889442,0.02128663519228753,0.05448602943510064,0.19407424919060726
34,OnlineFPCA-adagrad,0.1,12100,100,face,3,5,0.156618118286133,8,2,0.1294838626255856,0.18494280199829893,0.20526914293553483,0.021108695422007974,0.05505801780390605,0.19357769328141533
34,OnlineFPCA-adagrad,0.1,12200,100,face,3,5,0.156842470169067,8,2,0.13677514476103506,0.23015150896593967,0.21711943772850392,0.021024121058282975,0.05535408209296146,0.19269711269650633
34,OnlineFPCA-adagrad,0.1,12300,100,face,3,5,0.144006729125977,8,2,0.06425656737299083,0.1873199075296079,0.2629492406176414,0.02070480799228459,0.055170285768607344,0.1926771902416638
34,OnlineFPCA-adagrad,0.1,12400,100,face,3,5,0.153477430343628,8,2,0.06256987059037124,0.09637549384621472,0.20147672295682015,0.020249148137802438,0.05508643222617703,0.19277089468215763
34,OnlineFPCA-adagrad,0.1,12500,100,face,3,5,0.146676063537598,8,2,0.11880541747401721,0.10536526343577339,0.27401191466333363,0.020015954781178135,0.05468550895643231,0.19234453462817225
34,OnlineFPCA-adagrad,0.1,12600,100,face,3,5,0.158021688461304,8,2,0.11869578714797355,0.10701579854521248,0.3332369618632686,0.01960551131179632,0.05422033179168866,0.19257683947851095
34,OnlineFPCA-adagrad,0.1,12700,100,face,3,5,0.145920753479004,8,2,0.08908954800787527,0.15485288629176558,0.2892942881225686,0.01911891779010755,0.05325735471972585,0.19295652192627663
34,OnlineFPCA-adagrad,0.1,12800,100,face,3,5,0.155126571655273,8,2,0.06493368018125574,0.11152379667670546,0.36023469765476024,0.018689666572739547,0.05168791671975484,0.19287144134672035
34,OnlineFPCA-adagrad,0.1,12900,100,face,3,5,0.150654792785645,8,2,0.06439216685395238,0.1261614261245394,0.2962995767899441,0.018463688098556537,0.05133384426117386,0.1936558565557483
34,OnlineFPCA-adagrad,0.1,13000,100,face,3,5,0.292075872421265,8,2,0.10637499922589476,0.1426593536742644,0.2914813407065432,0.018089143769457732,0.051394516860910434,0.1940047378982768
34,OnlineFPCA-adagrad,0.1,13100,100,face,3,5,0.151240110397339,8,2,0.07895877464642605,0.1386949417469632,0.13907472375148205,0.01767370320430069,0.051922385395262824,0.19354757217133534
34,OnlineFPCA-adagrad,0.1,13200,100,face,3,5,0.142449617385864,8,2,0.10859696523579915,0.05807254260530845,0.09141617422624006,0.0170866488337895,0.05169581615572602,0.1922865863537515
34,OnlineFPCA-adagrad,0.1,13300,100,face,3,5,0.158168315887451,8,2,0.085998285892404,0.18172583748061374,0.24691777877164103,0.017206875788494728,0.051413135760560405,0.19012181154688196
34,OnlineFPCA-adagrad,0.1,13400,100,face,3,5,0.149007320404053,8,2,0.07196918508396778,0.14291675817561816,0.28956520141467734,0.017414726241895353,0.051739598624922535,0.18918752692114008
34,OnlineFPCA-adagrad,0.1,13500,100,face,3,5,0.328291416168213,8,2,0.13643764210332465,0.1509037402556803,0.3065733903825871,0.0177471362832665,0.05183348465418879,0.18880458073518633
34,OnlineFPCA-adagrad,0.1,13600,100,face,3,5,0.144607305526733,8,2,0.0669502111895648,0.09847830243822984,0.2244186358717965,0.01797289283919909,0.051757410852787504,0.1880825691668966
34,OnlineFPCA-adagrad,0.1,13700,100,face,3,5,0.154167890548706,8,2,0.08675224435763489,0.06624592737032482,0.11411330882774469,0.018217318753995394,0.05134960455828292,0.18655722501799615
34,OnlineFPCA-adagrad,0.1,13800,100,face,3,5,0.137847423553467,8,2,0.06322826812870988,0.12708080768998967,0.12460988515397685,0.01815622568745981,0.05083178688687945,0.18457497805145293
34,OnlineFPCA-adagrad,0.1,13900,100,face,3,5,0.147810220718384,8,2,0.12008047937390995,0.25429226217191186,0.19332503102959578,0.0187593751649625,0.051011938403043265,0.18299060195225408
34,OnlineFPCA-adagrad,0.1,14000,100,face,3,5,0.15507960319519,8,2,0.13328693042028653,0.18113271284250596,0.2136078103105676,0.01898725008868923,0.0512698609052076,0.18248521181561772
34,OnlineFPCA-adagrad,0.1,14100,100,face,3,5,0.143898010253906,8,2,0.16107680099283228,0.19586818349434715,0.16597495864596898,0.019045696605352276,0.05179419711618954,0.18231603149406583
34,OnlineFPCA-adagrad,0.1,14200,100,face,3,5,0.143560886383057,8,2,0.1343729475983296,0.1515164414529922,0.20511447472806604,0.019546388521682695,0.052297295196189246,0.18150738572165012
34,OnlineFPCA-adagrad,0.1,14300,100,face,3,5,0.158224105834961,8,2,0.11547783434550227,0.1790296978050334,0.273229675729987,0.019724095847810926,0.052355428830957784,0.18169355949787974
34,OnlineFPCA-adagrad,0.1,14400,100,face,3,5,0.149609088897705,8,2,0.08199968355443975,0.08585843401832054,0.3651199987092413,0.019783671263929443,0.05214909329336108,0.18288881636098805
34,OnlineFPCA-adagrad,0.1,14500,100,face,3,5,0.13215708732605,8,2,0.10584537691636584,0.15611380420791715,0.27606201817045406,0.02021555964663925,0.05213175965641502,0.18374941753211338
34,OnlineFPCA-adagrad,0.1,14600,100,face,3,5,0.163040637969971,8,2,0.1654857427353503,0.07976316162268408,0.3309899105116017,0.02080798153409617,0.051694419219688086,0.18443882399596961
34,OnlineFPCA-adagrad,0.1,14700,100,face,3,5,0.135797500610352,8,2,0.05232108553659013,0.15759657892805046,0.15903506369166606,0.02137253460913224,0.05195562190282293,0.18487672856104403
34,OnlineFPCA-adagrad,0.1,14800,100,face,3,5,0.152873516082764,8,2,0.06285761896695251,0.1660321242745973,0.21726536688868606,0.021138491811974306,0.052037023924574495,0.18427073307750966
34,OnlineFPCA-adagrad,0.1,14900,100,face,3,5,0.1437087059021,8,2,0.12968578382234142,0.16558632110154356,0.27442544029856,0.021063721791994908,0.05225486440840156,0.1838639383876052
34,OnlineFPCA-adagrad,0.1,15000,100,face,3,5,0.143130540847778,8,2,0.09197408606388979,0.16406723028277276,0.3337914104906634,0.021111242634135382,0.05237604289875526,0.1835622072753127
34,OnlineFPCA-adagrad,0.1,0,100,face,3,5,6.49993443489075,8,4,0.1928146832635463,0.4385400960163578,0.4288529981360048,0.1928146832635463,0.4385400960163578,0.4288529981360048
34,OnlineFPCA-adagrad,0.1,100,100,face,3,5,0.620218753814697,8,4,0.3912006556844463,0.3419787998878103,0.40301717934964265,NA,NA,NA
34,OnlineFPCA-adagrad,0.1,200,100,face,3,5,0.609965085983276,8,4,0.33800963638053005,0.4366129459383754,0.8926398843186059,NA,NA,NA
34,OnlineFPCA-adagrad,0.1,300,100,face,3,5,0.613346338272095,8,4,0.4930328859864825,0.38943775501398076,0.27869275684275663,NA,NA,NA
34,OnlineFPCA-adagrad,0.1,400,100,face,3,5,0.622371673583984,8,4,0.6565863354676638,0.1662834058623468,0.2896021090166866,NA,NA,NA
34,OnlineFPCA-adagrad,0.1,500,100,face,3,5,0.616480112075806,8,4,0.6787537098336247,0.27700718744502806,0.47223650700948655,NA,NA,NA
34,OnlineFPCA-adagrad,0.1,600,100,face,3,5,0.583909749984741,8,4,0.5988165281796202,0.26823589300593426,0.47110568726989216,NA,NA,NA
34,OnlineFPCA-adagrad,0.1,700,100,face,3,5,0.579977035522461,8,4,0.5346257347971537,0.27124275527379305,0.4751890449170337,NA,NA,NA
34,OnlineFPCA-adagrad,0.1,800,100,face,3,5,0.620705127716064,8,4,0.4286016754390276,0.2508065375149452,0.4565295077736404,NA,NA,NA
34,OnlineFPCA-adagrad,0.1,900,100,face,3,5,0.620876789093018,8,4,0.4015466489793166,0.25796743517156945,0.4647658947462198,NA,NA,NA
34,OnlineFPCA-adagrad,0.1,1000,100,face,3,5,0.612430095672607,8,4,0.32581680785436795,0.24751051693392168,0.4393793599291415,NA,NA,NA
34,OnlineFPCA-adagrad,0.1,1100,100,face,3,5,0.896974563598633,8,4,0.22548615027592456,0.18700984534894244,0.31724258345265394,0.18487580827145442,0.22289274427333275,0.38154035019864124
34,OnlineFPCA-adagrad,0.1,1200,100,face,3,5,0.867952346801758,8,4,0.20098511282780615,0.1646506986274462,0.27909702734511804,0.13255163624412789,0.18149371437968642,0.3207597388852371
34,OnlineFPCA-adagrad,0.1,1300,100,face,3,5,0.826918363571167,8,4,0.12239478274353482,0.13419375560854677,0.19080733465882393,0.07706126665734596,0.14485035071849184,0.2779231762505144
34,OnlineFPCA-adagrad,0.1,1400,100,face,3,5,0.863670110702515,8,4,0.06888663856326604,0.08955138849110778,0.2876658825470351,0.061831849208671734,0.11708497368297494,0.2567705927811847
34,OnlineFPCA-adagrad,0.1,1500,100,face,3,5,0.90212869644165,8,4,0.16012775144798033,0.11324854545979401,0.26557402516238104,0.04166299500071567,0.10978349048188102,0.25460726693006586
34,OnlineFPCA-adagrad,0.1,1600,100,face,3,5,0.868854284286499,8,4,0.12160159268100103,0.1157516987570299,0.22754204978737733,0.027207237668234,0.09940788706318485,0.2493382386815923
34,OnlineFPCA-adagrad,0.1,1700,100,face,3,5,0.899301528930664,8,4,0.19348848567436921,0.0904137697820425,0.26557874381001634,0.0279861171263071,0.0898955001197062,0.24400762575007479
34,OnlineFPCA-adagrad,0.1,1800,100,face,3,5,0.877363204956055,8,4,0.16369259005535833,0.23687305848945556,0.18554861029908423,0.031926593557217824,0.0811542203897286,0.2381775381122433
34,OnlineFPCA-adagrad,0.1,1900,100,face,3,5,0.905846834182739,8,4,0.11635745329215388,0.11407291454318537,0.24990160011781135,0.03607496912097835,0.07827346688892026,0.2331855542900141
34,OnlineFPCA-adagrad,0.1,2000,100,face,3,5,0.890710353851318,8,4,0.19717927579496414,0.12561325490436762,0.18144996460830046,0.03055434593702031,0.07586097818397584,0.23047232237204915
34,OnlineFPCA-adagrad,0.1,2100,100,face,3,5,0.897519826889038,8,4,0.18821132710683303,0.19732725141260443,0.229449978627406,0.024840265873808137,0.07193711740760453,0.22259589464874582
34,OnlineFPCA-adagrad,0.1,2200,100,face,3,5,0.911708831787109,8,4,0.18845073315211935,0.15057825838786393,0.29405824627687405,0.014513906403453803,0.0728508064377337,0.21812234620992713
34,OnlineFPCA-adagrad,0.1,2300,100,face,3,5,0.913676977157593,8,4,0.2567402991826103,0.18569379410570908,0.24859098927245135,0.018090071737277873,0.0695375113548669,0.21636175657451934
34,OnlineFPCA-adagrad,0.1,2400,100,face,3,5,0.808941602706909,8,4,0.2244308924176034,0.21296596832198586,0.1796969133320976,0.014228662828102536,0.06630541739327982,0.2132794523476186
34,OnlineFPCA-adagrad,0.1,2500,100,face,3,5,0.851431131362915,8,4,0.22219885824983396,0.1812337005603859,0.17166393343675534,0.018466496129207303,0.06154590484314591,0.20417844577543315
34,OnlineFPCA-adagrad,0.1,2600,100,face,3,5,0.929599285125732,8,4,0.16518404226221636,0.1626482452383918,0.20916387899309674,0.02044094751161993,0.06286932106484802,0.20189059802746626
34,OnlineFPCA-adagrad,0.1,2700,100,face,3,5,0.948880672454834,8,4,0.11526095367008281,0.14731697786766151,0.1913987194808794,0.021529588843676572,0.06562808027332769,0.20199345703671684
34,OnlineFPCA-adagrad,0.1,2800,100,face,3,5,0.937404632568359,8,4,0.0812768776902548,0.27408871398624385,0.2391311422128456,0.023160940287033478,0.06881092057710551,0.20002041398545672
34,OnlineFPCA-adagrad,0.1,2900,100,face,3,5,0.954365015029907,8,4,0.11693319343457029,0.1935099601584243,0.2888704787744798,0.0253784953943736,0.07547955432204209,0.2023033555264416
34,OnlineFPCA-adagrad,0.1,3000,100,face,3,5,0.939092397689819,8,4,0.12557691327161402,0.1478613755806894,0.23218172484284078,0.02672617913997044,0.07751196737254733,0.20416317714063117
34,OnlineFPCA-adagrad,0.1,3100,100,face,3,5,0.97121787071228,8,4,0.07673236682914228,0.12969530324513776,0.16532390137601985,0.02790828574958099,0.07995279762237574,0.20186791263040038
34,OnlineFPCA-adagrad,0.1,3200,100,face,3,5,0.944682598114014,8,4,0.15580221695022384,0.08017385166487076,0.18634321608582943,0.027852720694939513,0.07918109130125564,0.20023121140330793
34,OnlineFPCA-adagrad,0.1,3300,100,face,3,5,0.926676034927368,8,4,0.07958850808113076,0.1940280282472273,0.2823610790499959,0.026628783202198195,0.07887191082235843,0.19600864181655817
34,OnlineFPCA-adagrad,0.1,3400,100,face,3,5,0.908249616622925,8,4,0.08166679743778453,0.14292081607118245,0.4211794231247422,0.025392956053916414,0.07916582183075246,0.19897622600311113
34,OnlineFPCA-adagrad,0.1,3500,100,face,3,5,1.13758182525635,8,4,0.15889525588292924,0.12110472811913192,0.33177575823207434,0.025067378240963795,0.07733000613967499,0.20387213988880007
34,OnlineFPCA-adagrad,0.1,3600,100,face,3,5,0.995841503143311,8,4,0.07754672337783888,0.07580083626166169,0.16964261265750416,0.025514112208400642,0.07530141807224854,0.2027263438907474
34,OnlineFPCA-adagrad,0.1,3700,100,face,3,5,0.899084091186523,8,4,0.1143021096942759,0.10070406675785794,0.12808539329264912,0.02312512252779622,0.07079389673576499,0.1947704106464718
34,OnlineFPCA-adagrad,0.1,3800,100,face,3,5,0.970834970474243,8,4,0.08260742823889473,0.164570494946005,0.25998174685225217,0.021844302033036216,0.06663585951091724,0.18834365798427496
34,OnlineFPCA-adagrad,0.1,3900,100,face,3,5,1.0090799331665,8,4,0.1483403719174773,0.2997589058929779,0.2706859704364964,0.021029672420192564,0.0621037917613067,0.18605861534063037
34,OnlineFPCA-adagrad,0.1,4000,100,face,3,5,1.03596639633179,8,4,0.018053147852468223,0.05882883209539548,0.18678512270534098,0.018053147852468223,0.05882883209539548,0.18678512270534098
34,OnlineFPCA-adagrad,0.1,4100,100,face,3,5,0.96588921546936,8,4,0.16879979554876792,0.16473190540360885,0.1097731108260797,0.06355539220909685,0.0908990591684113,0.17570383986614013
34,OnlineFPCA-adagrad,0.1,4200,100,face,3,5,1.01939368247986,8,4,0.1190574199149414,0.15427683873834228,0.259251604511408,0.08603752639644345,0.08931936655431987,0.14315478954249733
34,OnlineFPCA-adagrad,0.1,4300,100,face,3,5,1.08166599273682,8,4,0.15663206479936925,0.14880254587268543,0.25637788477198403,0.06024843214261374,0.09452341397942636,0.1724024779224643
34,OnlineFPCA-adagrad,0.1,4400,100,face,3,5,1.06671166419983,8,4,0.101931873528432,0.0938490340636867,0.3590599678267071,0.05044633664288044,0.08252307078272485,0.22141192828367423
34,OnlineFPCA-adagrad,0.1,4500,100,face,3,5,1.04696822166443,8,4,0.10827098738849472,0.20075140386511894,0.25080164885856093,0.05097157919722028,0.08246876190189337,0.23403114671850456
34,OnlineFPCA-adagrad,0.1,4600,100,face,3,5,1.01051044464111,8,4,0.20143655677875677,0.1043668717093589,0.3730928235535891,0.055352836199084876,0.07797973487882816,0.23828799872241865
34,OnlineFPCA-adagrad,0.1,4700,100,face,3,5,0.992085933685303,8,4,0.07493142560482707,0.18501953159970375,0.13212959390467297,0.057227782195671116,0.07466752762667714,0.2279774627808223
34,OnlineFPCA-adagrad,0.1,4800,100,face,3,5,1.01340699195862,8,4,0.10094853072849362,0.1683469891869861,0.2275057818086569,0.04949821470002843,0.08007411855720518,0.21076541233838533
34,OnlineFPCA-adagrad,0.1,4900,100,face,3,5,0.933491230010986,8,4,0.1523830473118124,0.16643789563441633,0.29660229920458947,0.04948332710981188,0.09138454411401328,0.20797497960814484
34,OnlineFPCA-adagrad,0.1,5000,100,face,3,5,0.896583080291748,8,4,0.11181324496571901,0.14155167217088419,0.3724871357432584,0.05251390783594292,0.09397602009505396,0.21557604754657422
34,OnlineFPCA-adagrad,0.1,5100,100,face,3,5,0.148679733276367,8,4,0.09075927912817734,0.10154382766470296,0.2488387179711796,0.054546426307558356,0.09100279338937893,0.22067698498247215
34,OnlineFPCA-adagrad,0.1,5200,100,face,3,5,0.143723487854004,8,4,0.11137507851191764,0.14783100146950018,0.17993117976261835,0.05298172210691413,0.09073275688847482,0.215655884433831
34,OnlineFPCA-adagrad,0.1,5300,100,face,3,5,0.153051853179932,8,4,0.1050044216918898,0.13677667136005103,0.19875492883918758,0.05137151846265941,0.09013201777813457,0.20391364172751172
34,OnlineFPCA-adagrad,0.1,5400,100,face,3,5,0.152767658233643,8,4,0.07552193329082035,0.15266701699363436,0.2558561981588409,0.05395397702653788,0.08478777181138739,0.20270992076920413
34,OnlineFPCA-adagrad,0.1,5500,100,face,3,5,0.160975694656372,8,4,0.14505853860970666,0.10940204525086011,0.2696671063604885,0.04733174380510665,0.07309975190974112,0.20078916854563417
34,OnlineFPCA-adagrad,0.1,5600,100,face,3,5,0.15388298034668,8,4,0.1499537037259854,0.18319515355716642,0.15120307523654683,0.03904165066269097,0.05803692721332834,0.2005582853483774
34,OnlineFPCA-adagrad,0.1,5700,100,face,3,5,0.167723417282104,8,4,0.20541047774174917,0.06455630555334249,0.2275770868617129,0.0365834976747123,0.053261731592251255,0.19749267867514084
34,OnlineFPCA-adagrad,0.1,5800,100,face,3,5,0.133608341217041,8,4,0.1304118030200057,0.11290150915621551,0.21967202299143787,0.034198983421299275,0.04668452371705386,0.1943064286839217
34,OnlineFPCA-adagrad,0.1,5900,100,face,3,5,0.136506795883179,8,4,0.14814430296217343,0.11918115973472702,0.2892883149759403,0.03156721892358314,0.042370223987606606,0.19309814477437962
34,OnlineFPCA-adagrad,0.1,6000,100,face,3,5,0.141096353530884,8,4,0.1429735048834319,0.17685709675402225,0.34638689729015143,0.028722192234549776,0.04235454295662741,0.195862224219654
34,OnlineFPCA-adagrad,0.1,6100,100,face,3,5,0.134594678878784,8,4,0.13518426650027257,0.15263571539019746,0.3826542735677606,0.024757226319602636,0.04609742654831044,0.20081078910857766
34,OnlineFPCA-adagrad,0.1,6200,100,face,3,5,0.142824411392212,8,4,0.22579510436847908,0.2318373277746669,0.3090904780766289,0.023208457534394242,0.05036010813222386,0.2063789773451785
34,OnlineFPCA-adagrad,0.1,6300,100,face,3,5,0.136942148208618,8,4,0.1473964133560052,0.19896011888668064,0.2950579372643174,0.02718684273226248,0.05552907491993048,0.20963384054866951
34,OnlineFPCA-adagrad,0.1,6400,100,face,3,5,0.155296564102173,8,4,0.0528677632348854,0.09528647670356313,0.39407570040475853,0.02779549010128665,0.057209925635902784,0.21452402127740505
34,OnlineFPCA-adagrad,0.1,6500,100,face,3,5,0.147205114364624,8,4,0.15289312281256834,0.1553844791257252,0.3195528899102185,0.02680155224877211,0.055461499997121445,0.21981347869017764
34,OnlineFPCA-adagrad,0.1,6600,100,face,3,5,0.155086517333984,8,4,0.08822317552009362,0.14650104836037364,0.2723799584318844,0.027277435670775733,0.05270435513510045,0.2214084608984186
34,OnlineFPCA-adagrad,0.1,6700,100,face,3,5,0.137353658676147,8,4,0.10885851529667272,0.14721825938122546,0.33607701206742874,0.026858765816610466,0.05137252983865187,0.22411279993590127
34,OnlineFPCA-adagrad,0.1,6800,100,face,3,5,0.130271673202515,8,4,0.13407347853321122,0.24371293967763955,0.2017398063721905,0.02543369108870883,0.04915211921977179,0.22674220560443495
34,OnlineFPCA-adagrad,0.1,6900,100,face,3,5,0.143031358718872,8,4,0.08543310958082558,0.0997163981066026,0.29808364452167185,0.025116300288601463,0.04711034510449821,0.22590568832021912
34,OnlineFPCA-adagrad,0.1,7000,100,face,3,5,0.13871955871582,8,4,0.15878944236849538,0.21827252624166704,0.21125186566029006,0.025510494542910708,0.04925416610914702,0.22571216672501698
34,OnlineFPCA-adagrad,0.1,7100,100,face,3,5,0.143179893493652,8,4,0.13592204656069756,0.182453341043547,0.17270566968009557,0.025396536540389782,0.049163949778176376,0.2220894220201896
34,OnlineFPCA-adagrad,0.1,7200,100,face,3,5,0.137861013412476,8,4,0.12806170586467888,0.17347433407101856,0.21300093776311635,0.024050616791325533,0.04885632646885298,0.21838647644389997
34,OnlineFPCA-adagrad,0.1,7300,100,face,3,5,0.161513566970825,8,4,0.08434356472259223,0.1844346248443515,0.21573897920453372,0.022486442013521554,0.04708592226620707,0.21754340106745315
34,OnlineFPCA-adagrad,0.1,7400,100,face,3,5,0.157287359237671,8,4,0.08110629224186162,0.10008631513829058,0.19332363347831802,0.021369828169441538,0.04582842399877017,0.21619159256394788
34,OnlineFPCA-adagrad,0.1,7500,100,face,3,5,0.156883478164673,8,4,0.1309098265282238,0.11638206218698771,0.21201721050336997,0.020282054499352862,0.04449542199807353,0.21335247242296587
34,OnlineFPCA-adagrad,0.1,7600,100,face,3,5,0.134735345840454,8,4,0.1321085569761919,0.11109355133692907,0.22954779971245803,0.018776048573310854,0.043399570039109346,0.21252494438345282
34,OnlineFPCA-adagrad,0.1,7700,100,face,3,5,0.164740324020386,8,4,0.10029561349063364,0.1328572754050278,0.15668081995373193,0.01747496571654022,0.04211546916444886,0.21154847074948477
34,OnlineFPCA-adagrad,0.1,7800,100,face,3,5,0.144238948822021,8,4,0.06732484072220224,0.19937933919364467,0.2237611624534685,0.016488486499565278,0.03945860995242401,0.209456212653051
34,OnlineFPCA-adagrad,0.1,7900,100,face,3,5,0.152766704559326,8,4,0.08305222370110175,0.15538138972575502,0.23752770946912372,0.015883259318231393,0.039613479695699685,0.209388511859768
34,OnlineFPCA-adagrad,0.1,8000,100,face,3,5,0.155734300613403,8,4,0.11325553325857772,0.165268916645974,0.20544109131327157,0.01526775508571401,0.04041206825032433,0.20862010550162444
34,OnlineFPCA-adagrad,0.1,8100,100,face,3,5,0.147033452987671,8,4,0.07589112146721637,0.12605730867339315,0.10752468263841157,0.014525073755259545,0.041237934082310856,0.2059169708855528
34,OnlineFPCA-adagrad,0.1,8200,100,face,3,5,0.157154083251953,8,4,0.12651743841853624,0.057058655973524074,0.1308855531322817,0.013588864594441502,0.03981996370402855,0.20262385897679105
34,OnlineFPCA-adagrad,0.1,8300,100,face,3,5,0.142525911331177,8,4,0.07710261112204593,0.17190925886423553,0.22154084131068988,0.01398869648111934,0.039285843022032745,0.19850660129210598
34,OnlineFPCA-adagrad,0.1,8400,100,face,3,5,0.156397581100464,8,4,0.06890750674797082,0.12352233013320783,0.3255605169924717,0.014360675462860246,0.040615352693138616,0.19744613096292865
34,OnlineFPCA-adagrad,0.1,8500,100,face,3,5,0.139448642730713,8,4,0.13445599564820945,0.11044738584975808,0.2882815722478795,0.015336527307372328,0.040585725952018564,0.1970974100365534
34,OnlineFPCA-adagrad,0.1,8600,100,face,3,5,0.140166044235229,8,4,0.07230865887857088,0.05381326264206813,0.15507024777842227,0.016303971490577746,0.04002623836293259,0.19634984702036684
34,OnlineFPCA-adagrad,0.1,8700,100,face,3,5,0.155696868896484,8,4,0.09825499618960495,0.07679078945057728,0.08817085931195492,0.016835340192315543,0.03867522506219887,0.19346420900102138
34,OnlineFPCA-adagrad,0.1,8800,100,face,3,5,0.1418297290802,8,4,0.06981989400683893,0.13873586419110467,0.19823580517738618,0.01666995790858284,0.03752090177704005,0.1897230171396466
34,OnlineFPCA-adagrad,0.1,8900,100,face,3,5,0.129302263259888,8,4,0.12513753704201905,0.25840678131896466,0.2159696321115199,0.01793547660450255,0.03717582192151609,0.18671907727598416
34,OnlineFPCA-adagrad,0.1,9000,100,face,3,5,0.131464242935181,8,4,0.14914561714224572,0.14510607694162328,0.2207952396574978,0.018069708378209422,0.03685543907181184,0.18622242745887918
34,OnlineFPCA-adagrad,0.1,9100,100,face,3,5,0.140382766723633,8,4,0.17535140132073146,0.12403156801472319,0.17226091339031366,0.018239805152206627,0.03709388079603411,0.1863655131610272
34,OnlineFPCA-adagrad,0.1,9200,100,face,3,5,0.131238460540771,8,4,0.12999943398497169,0.11581252464925391,0.23909740896140252,0.01958222378091609,0.037632551002052754,0.18530460498080503
34,OnlineFPCA-adagrad,0.1,9300,100,face,3,5,0.141880512237549,8,4,0.13292526319623374,0.13224718253596757,0.2576403475121136,0.01997270826649513,0.03753026811019881,0.18621698663765568
34,OnlineFPCA-adagrad,0.1,9400,100,face,3,5,0.134300947189331,8,4,0.09265309177446365,0.07085371810554689,0.33291163249739003,0.020010412454413377,0.037498316118038756,0.18880148209103648
34,OnlineFPCA-adagrad,0.1,9500,100,face,3,5,0.130593061447144,8,4,0.10212678300078137,0.1631459322916343,0.2592067200666994,0.02094799042057163,0.03782376160343489,0.19046121922475656
34,OnlineFPCA-adagrad,0.1,9600,100,face,3,5,0.123369455337524,8,4,0.1778013961552934,0.09053412047267172,0.35894724934284533,0.022048052739407895,0.03721656090055606,0.19186156866966816
34,OnlineFPCA-adagrad,0.1,9700,100,face,3,5,0.135687828063965,8,4,0.061432158250403816,0.17637079291010618,0.15414575694817254,0.022965054239378443,0.038554754675392655,0.19218309639721654
34,OnlineFPCA-adagrad,0.1,9800,100,face,3,5,0.137341499328613,8,4,0.07508288863405245,0.1744216184520487,0.22233284570108977,0.02243020048428368,0.03947984021075941,0.19081806512501176
34,OnlineFPCA-adagrad,0.1,9900,100,face,3,5,0.136469602584839,8,4,0.13703723702385262,0.17080298788225534,0.2726003090313366,0.02229275325369196,0.04086428056589167,0.19046862599914471
34,OnlineFPCA-adagrad,0.1,10000,100,face,3,5,0.145354747772217,8,4,0.09766146140428122,0.14806122153057727,0.3333397030210026,0.02252108300754103,0.04157416916592131,0.1910219418165838
34,OnlineFPCA-adagrad,0.1,10100,100,face,3,5,0.152115821838379,8,4,0.08874786754630985,0.1187874147998463,0.24946722861334567,0.023269971543923535,0.04187473633949414,0.19160170519915654
34,OnlineFPCA-adagrad,0.1,10200,100,face,3,5,0.152808666229248,8,4,0.08610211132843566,0.13996401598483213,0.18239370460397666,0.02394553644306941,0.04217306717850256,0.19159248053416633
34,OnlineFPCA-adagrad,0.1,10300,100,face,3,5,0.137050628662109,8,4,0.09781055928479677,0.1382402589094485,0.16967134221450214,0.02385772940379025,0.04296574541681611,0.1903953680931852
34,OnlineFPCA-adagrad,0.1,10400,100,face,3,5,0.15808367729187,8,4,0.0613833640460605,0.1499574841283936,0.2275260739215495,0.024725697602100576,0.04294097917236406,0.190534202774999
34,OnlineFPCA-adagrad,0.1,10500,100,face,3,5,0.156798124313354,8,4,0.11968474601037264,0.0998322978354014,0.23195068969876978,0.02383090482551342,0.041764476860031444,0.1902394933369731
34,OnlineFPCA-adagrad,0.1,10600,100,face,3,5,0.159740924835205,8,4,0.13154870427584386,0.1432456504114692,0.15691990589888902,0.02206434764261049,0.040406864607004475,0.19014986254573543
34,OnlineFPCA-adagrad,0.1,10700,100,face,3,5,0.147444009780884,8,4,0.16897861386975033,0.06300991435749721,0.21301571575831116,0.021658127937540416,0.03991823776340825,0.18971088230607694
34,OnlineFPCA-adagrad,0.1,10800,100,face,3,5,0.151798486709595,8,4,0.1165268772220862,0.09473826353069074,0.20523132334725724,0.02145935303590696,0.03963289969367646,0.18919037605010272
34,OnlineFPCA-adagrad,0.1,10900,100,face,3,5,0.137749671936035,8,4,0.13345871591961614,0.09840449292168524,0.25195632085772357,0.02115693967157641,0.039202640480587754,0.18895949544099908
34,OnlineFPCA-adagrad,0.1,11000,100,face,3,5,0.160192728042603,8,4,0.11679053410402572,0.13948414303866769,0.29516495150397903,0.020660511943859764,0.03939750822072999,0.18959823540820206
34,OnlineFPCA-adagrad,0.1,11100,100,face,3,5,0.430720090866089,8,4,0.12048380595552245,0.12924481949444616,0.33224264662692493,0.019878459429547864,0.040265230749890385,0.19066841745858618
34,OnlineFPCA-adagrad,0.1,11200,100,face,3,5,0.153336524963379,8,4,0.18979353720532352,0.19765246390370872,0.272405394595852,0.01948501399999341,0.04128201448254222,0.19179944552175798
34,OnlineFPCA-adagrad,0.1,11300,100,face,3,5,0.150823593139648,8,4,0.1325779064675449,0.1832581425826254,0.2734196541459762,0.020534638493190937,0.04317114042286371,0.19262426288489412
34,OnlineFPCA-adagrad,0.1,11400,100,face,3,5,0.249855041503906,8,4,0.06037234411422816,0.10030939322772807,0.3531522445055711,0.020862809742855794,0.04452750377494391,0.1939645164973042
34,OnlineFPCA-adagrad,0.1,11500,100,face,3,5,0.143866539001465,8,4,0.13460756891943126,0.13014219736476806,0.29262999131197304,0.02082897650854055,0.04475145670488792,0.1955059147423476
34,OnlineFPCA-adagrad,0.1,11600,100,face,3,5,0.146528005599976,8,4,0.07670509976439588,0.11997031850410911,0.2613729188987432,0.021229486006621466,0.04440533617153094,0.1961178733398654
34,OnlineFPCA-adagrad,0.1,11700,100,face,3,5,0.152520179748535,8,4,0.09482469532622724,0.1314819928595927,0.31680121011249296,0.02124484324834004,0.044440310122204466,0.19719460093449206
34,OnlineFPCA-adagrad,0.1,11800,100,face,3,5,0.157366514205933,8,4,0.11581854849630627,0.19935216821683882,0.21808061733391193,0.020950995137302433,0.04450057182833028,0.198358346728358
34,OnlineFPCA-adagrad,0.1,11900,100,face,3,5,0.159069538116455,8,4,0.08274709727799348,0.08989748633646198,0.2892539650851818,0.020747366980079604,0.04428781970813667,0.19866903191350654
34,OnlineFPCA-adagrad,0.1,12000,100,face,3,5,0.141690731048584,8,4,0.13521955320163567,0.1822708821213701,0.22602446456900396,0.02067648387810002,0.04494211877983765,0.19916531807595467
34,OnlineFPCA-adagrad,0.1,12100,100,face,3,5,0.148760080337524,8,4,0.12146434100929193,0.15949689924703053,0.1848855094831692,0.020559846838461293,0.04535050790062418,0.19858686506117879
34,OnlineFPCA-adagrad,0.1,12200,100,face,3,5,0.136348485946655,8,4,0.13062387180269433,0.16230413846138023,0.21274617973457402,0.020466563932630858,0.045578883372782875,0.19777893708545552
34,OnlineFPCA-adagrad,0.1,12300,100,face,3,5,0.173915863037109,8,4,0.062363763457396325,0.1648523942885336,0.21298248788009988,0.02009045583538616,0.04541712336891321,0.19779147774264297
34,OnlineFPCA-adagrad,0.1,12400,100,face,3,5,0.151045560836792,8,4,0.06403101834303854,0.07319581211588268,0.1813190611319947,0.019753816574269476,0.04515412733843645,0.19762859205711478
34,OnlineFPCA-adagrad,0.1,12500,100,face,3,5,0.153701543807983,8,4,0.11748045553722855,0.09975286356095901,0.2077186212007561,0.019541557550898394,0.0447469747013806,0.19693210971506311
34,OnlineFPCA-adagrad,0.1,12600,100,face,3,5,0.157347440719604,8,4,0.11210517974398165,0.09192069385650264,0.2229283458584902,0.01910226160953689,0.04434530672901983,0.1968743026242141
34,OnlineFPCA-adagrad,0.1,12700,100,face,3,5,0.158940553665161,8,4,0.08609670845976845,0.11642190729700143,0.16153374534527126,0.01860242758464421,0.04377177434166395,0.19673781856770028
34,OnlineFPCA-adagrad,0.1,12800,100,face,3,5,0.159284591674805,8,4,0.05821654670619814,0.1524748407646377,0.2123242589948829,0.01816959417490713,0.04276315697120183,0.19612301145771976
34,OnlineFPCA-adagrad,0.1,12900,100,face,3,5,0.149210691452026,8,4,0.07096236705133885,0.12482116111543967,0.2211013522341671,0.017890969812388823,0.04252907109644332,0.19621080878154318
34,OnlineFPCA-adagrad,0.1,13000,100,face,3,5,0.144458293914795,8,4,0.1012172767525664,0.14332956659768398,0.1977241914225493,0.017513834573250293,0.04263921240102051,0.19599746029827866
34,OnlineFPCA-adagrad,0.1,13100,100,face,3,5,0.134382724761963,8,4,0.07254281487520817,0.11282318773930267,0.10305044666677145,0.017078918686458066,0.04285884676417378,0.19507922275341388
34,OnlineFPCA-adagrad,0.1,13200,100,face,3,5,0.141139030456543,8,4,0.10785906157221772,0.04456895069271072,0.11500202952403861,0.016513828471624786,0.04232655150234947,0.19382459941731517
34,OnlineFPCA-adagrad,0.1,13300,100,face,3,5,0.12861180305481,8,4,0.07329355421795566,0.14770868989427866,0.19667897688317074,0.016530030564403747,0.04181680266219423,0.19222504417666855
34,OnlineFPCA-adagrad,0.1,13400,100,face,3,5,0.135076522827148,8,4,0.06286935353586866,0.11273612700653378,0.2804629166195759,0.016625191428765916,0.04200010947137998,0.19176620533637742
34,OnlineFPCA-adagrad,0.1,13500,100,face,3,5,0.136791467666626,8,4,0.11951448939131208,0.10380761473105003,0.2633566451963253,0.01696545109524695,0.041951540839947184,0.19158103003499347
34,OnlineFPCA-adagrad,0.1,13600,100,face,3,5,0.139068126678467,8,4,0.06827279408431604,0.043631756393264595,0.15469585290014562,0.017246723967509273,0.041721484695760536,0.19121186308165788
34,OnlineFPCA-adagrad,0.1,13700,100,face,3,5,0.142168283462524,8,4,0.0903654654460405,0.06605198273917291,0.08023070843249286,0.017545190672404978,0.04127351821211278,0.19006139767113933
34,OnlineFPCA-adagrad,0.1,13800,100,face,3,5,0.138572692871094,8,4,0.06131609496606968,0.11959055193061899,0.1667781574189333,0.017520419296730018,0.04088169037624521,0.18846964217037304
34,OnlineFPCA-adagrad,0.1,13900,100,face,3,5,0.145295858383179,8,4,0.11061123307033636,0.2297051062827239,0.19228693728566396,0.01809756831411081,0.04098931542868392,0.1871621640785076
34,OnlineFPCA-adagrad,0.1,14000,100,face,3,5,0.136203050613403,8,4,0.12860644833575624,0.14208853295894167,0.2002388261358733,0.018268022806916123,0.040976681347019046,0.186772618191844
34,OnlineFPCA-adagrad,0.1,14100,100,face,3,5,0.157614469528198,8,4,0.15964825755969225,0.11933136437173815,0.16245848906445265,0.018407504008943962,0.04105721698898766,0.18668793635582234
34,OnlineFPCA-adagrad,0.1,14200,100,face,3,5,0.147664308547974,8,4,0.126929875364783,0.09921330721598028,0.21232296874555656,0.018995473275650487,0.0412275573163614,0.18612601952134444
34,OnlineFPCA-adagrad,0.1,14300,100,face,3,5,0.163237333297729,8,4,0.11572963876593437,0.12046725128484549,0.24269341421347404,0.019194470660408927,0.04113329709627485,0.18644638054594656
34,OnlineFPCA-adagrad,0.1,14400,100,face,3,5,0.144347906112671,8,4,0.08437731391565224,0.05810914221689971,0.30261504505800263,0.019220640411230085,0.04102657764859551,0.18746293378050985
34,OnlineFPCA-adagrad,0.1,14500,100,face,3,5,0.158507347106934,8,4,0.09377855838193234,0.13476049379328234,0.2491762374655869,0.01963907656184352,0.04108881703550451,0.18816661489993744
34,OnlineFPCA-adagrad,0.1,14600,100,face,3,5,0.135445356369019,8,4,0.157792906607696,0.07241378773319294,0.33059804586161123,0.02017083676741025,0.04075735602558035,0.18880672574363652
34,OnlineFPCA-adagrad,0.1,14700,100,face,3,5,0.145128965377808,8,4,0.05374318104570203,0.14603051674648043,0.14208714875971779,0.020650226804203305,0.041257988389761205,0.1889963649062971
34,OnlineFPCA-adagrad,0.1,14800,100,face,3,5,0.149743318557739,8,4,0.06307642166074046,0.15028080643973,0.20178346735927807,0.020415885238965748,0.04153681405200915,0.18834849876369295
34,OnlineFPCA-adagrad,0.1,14900,100,face,3,5,0.140174865722656,8,4,0.12522503620226133,0.15853766021919075,0.25189356124613643,0.020312543590478356,0.04195884794413643,0.18812847634467794
34,OnlineFPCA-adagrad,0.1,15000,100,face,3,5,0.145856857299805,8,4,0.09107505531321096,0.1358874694249363,0.3067887249960419,0.020351350327761385,0.04216060348470892,0.1883028372723383
