seed,Method,StepSize,N,nBatch,Time,RMSEphi1,RMSEphi2,RMSEphi3,RMSEphi4,RMSEphi1.avg,RMSEphi2.avg,RMSEphi3.avg,RMSEphi4.avg
60,Pspline-SGD,0.2,0,5,21.6278495788574,0.9362389662441208,1.3319982773621473,1.249980427064586,1.1077155336679105,0.9362389662441208,1.3319982773621473,1.249980427064586,1.1077155336679105
60,Pspline-SGD,0.2,100,5,0.990883827209473,0.8437809658308502,1.2642613133159124,1.2005787499556415,1.063399233528137,0.8437809658308502,1.2642613133159124,1.2005787499556415,1.063399233528137
60,Pspline-SGD,0.2,200,5,0.972750186920166,0.5867443359823873,0.9716509232871919,1.2009227245734857,1.0613868127912909,0.5867443359823873,0.9716509232871919,1.2009227245734857,1.0613868127912909
60,Pspline-SGD,0.2,300,5,1.09900140762329,0.794487162060967,1.150493315590506,1.1320903233125352,1.0437736965286333,0.794487162060967,1.150493315590506,1.1320903233125352,1.0437736965286333
60,Pspline-SGD,0.2,400,5,0.977324485778809,0.3900606933359795,0.7823477649381061,1.1887852511202865,1.060477111204739,0.3900606933359795,0.7823477649381061,1.1887852511202865,1.060477111204739
60,Pspline-SGD,0.2,500,5,0.96713662147522,0.35357707107611697,0.70307864493445,1.207859796750847,1.0554964392665573,0.35357707107611697,0.70307864493445,1.207859796750847,1.0554964392665573
60,Pspline-SGD,0.2,600,5,0.972306966781616,0.351772004447525,0.481704494837225,0.9908288277754297,1.0360745134961167,0.351772004447525,0.481704494837225,0.9908288277754297,1.0360745134961167
60,Pspline-SGD,0.2,700,5,0.977912902832031,0.40113535478319695,0.5056956023335576,0.8487208888841259,1.026318724335929,0.40113535478319695,0.5056956023335576,0.8487208888841259,1.026318724335929
60,Pspline-SGD,0.2,800,5,0.970221996307373,0.42898321158538405,0.5644853680774425,0.7341434961426863,0.9857306448514683,0.42898321158538405,0.5644853680774425,0.7341434961426863,0.9857306448514683
60,Pspline-SGD,0.2,900,5,0.970981121063232,0.3824585597366712,0.5166635978354132,0.6335590000264685,0.9374747220294843,0.3824585597366712,0.5166635978354132,0.6335590000264685,0.9374747220294843
60,Pspline-SGD,0.2,1000,5,0.977625370025635,0.389847514469657,0.5225329751053799,0.533325833539168,1.014728380605852,0.389847514469657,0.5225329751053799,0.533325833539168,1.014728380605852
60,Pspline-SGD,0.2,1100,5,0.978759765625,0.3615084852397897,0.5276185189602094,0.5241442687227724,0.9874257490140022,0.3615084852397897,0.5276185189602094,0.5241442687227724,0.9874257490140022
60,Pspline-SGD,0.2,1200,5,0.973520755767822,0.3846614851985967,0.5553587194348613,0.5395204414653421,0.9358255106627582,0.3846614851985967,0.5553587194348613,0.5395204414653421,0.9358255106627582
60,Pspline-SGD,0.2,1300,5,0.977740526199341,0.3525865658306048,0.55304429865845794,0.5559105124849,1.0864620944575605,0.3525865658306048,0.55304429865845794,0.5559105124849,1.0864620944575605
60,Pspline-SGD,0.2,1400,5,0.972778081893921,0.35938275699132466,0.56903786746006,0.6278984900078431,1.075384299320864,0.35938275699132466,0.56903786746006,0.6278984900078431,1.075384299320864
60,Pspline-SGD,0.2,1500,5,1.08877468109131,0.3905289453827373,0.5709778132323691,0.5922868676560784,0.8367398055882016,0.3905289453827373,0.5709778132323691,0.5922868676560784,0.8367398055882016
60,Pspline-SGD,0.2,1600,5,0.968127012252808,0.4004515573168574,0.5686063189466044,0.5915964770623532,0.7991575668659995,0.4004515573168574,0.5686063189466044,0.5915964770623532,0.7991575668659995
60,Pspline-SGD,0.2,1700,5,0.974387168884277,0.34600450801014115,0.519460704240519,0.5761921504918892,0.7289695171493816,0.34600450801014115,0.519460704240519,0.5761921504918892,0.7289695171493816
60,Pspline-SGD,0.2,1800,5,0.974318504333496,0.3401634505190653,0.5186097450971775,0.592214840516472,0.7519383890595853,0.3401634505190653,0.5186097450971775,0.592214840516472,0.7519383890595853
60,Pspline-SGD,0.2,1900,5,0.976647138595581,0.4002470605726179,0.5082836081275274,0.5366545277273468,0.792566380087673,0.4002470605726179,0.5082836081275274,0.5366545277273468,0.792566380087673
60,Pspline-SGD,0.2,2000,5,0.97598671913147,0.3149817759477014,0.5044139647825266,0.5615466121913008,0.704831741402735,0.3149817759477014,0.5044139647825266,0.5615466121913008,0.704831741402735
60,Pspline-SGD,0.2,2100,5,0.976708173751831,0.26447782105593376,0.4958546370658846,0.5730042445723238,0.7394197007274889,0.26447782105593376,0.4958546370658846,0.5730042445723238,0.7394197007274889
60,Pspline-SGD,0.2,2200,5,0.968136310577393,0.27967092777034636,0.5408207691144408,0.687574638051917,0.7008129793225132,0.27967092777034636,0.5408207691144408,0.687574638051917,0.7008129793225132
60,Pspline-SGD,0.2,2300,5,0.972654104232788,0.2699991433792437,0.5657259703658575,0.6120444661856244,0.6122935186101035,0.2699991433792437,0.5657259703658575,0.6120444661856244,0.6122935186101035
60,Pspline-SGD,0.2,2400,5,0.979878902435303,0.27670374450725593,0.5376058697621946,0.6041239665957062,0.6710973624612735,0.27670374450725593,0.5376058697621946,0.6041239665957062,0.6710973624612735
60,Pspline-SGD,0.2,2500,5,0.969169616699219,0.2924955611126746,0.5306948786611474,0.5979081957948221,0.6017772674544425,0.2924955611126746,0.5306948786611474,0.5979081957948221,0.6017772674544425
60,Pspline-SGD,0.2,2600,5,0.97354531288147,0.26603734683412755,0.5436011925237776,0.5873435594945994,0.5437402485369048,0.26603734683412755,0.5436011925237776,0.5873435594945994,0.5437402485369048
60,Pspline-SGD,0.2,2700,5,0.980761766433716,0.21757578711525313,0.5774263597220006,0.6039621171829627,0.4963419521144634,0.21757578711525313,0.5774263597220006,0.6039621171829627,0.4963419521144634
60,Pspline-SGD,0.2,2800,5,0.966521501541138,0.24848761423527407,0.5542383420206225,0.5936580911149523,0.41844194938277685,0.24848761423527407,0.5542383420206225,0.5936580911149523,0.41844194938277685
60,Pspline-SGD,0.2,2900,5,0.969369649887085,0.2199458033878233,0.5371245841071209,0.573136188817863,0.3963885564906023,0.2199458033878233,0.5371245841071209,0.573136188817863,0.3963885564906023
60,Pspline-SGD,0.2,3000,5,0.975894927978516,0.20739999852694874,0.5589316396042058,0.5990694812381305,0.37876609947037554,0.20739999852694874,0.5589316396042058,0.5990694812381305,0.37876609947037554
60,Pspline-SGD,0.2,3100,5,0.974861860275269,0.23111452566737642,0.5656994769553472,0.567516760032581,0.3033189387517119,0.23111452566737642,0.5656994769553472,0.567516760032581,0.3033189387517119
60,Pspline-SGD,0.2,3200,5,0.977239847183228,0.25528786698596034,0.5454478744401375,0.5667189123246554,0.28547842454566913,0.25528786698596034,0.5454478744401375,0.5667189123246554,0.28547842454566913
60,Pspline-SGD,0.2,3300,5,0.972843647003174,0.237249493306506,0.558761746873085,0.5833041579276664,0.30063714772556094,0.237249493306506,0.558761746873085,0.5833041579276664,0.30063714772556094
60,Pspline-SGD,0.2,3400,5,0.986435890197754,0.2131487705688142,0.5516530934484406,0.5769852754500228,0.2955392857251665,0.2131487705688142,0.5516530934484406,0.5769852754500228,0.2955392857251665
60,Pspline-SGD,0.2,3500,5,0.981544017791748,0.23463595480117044,0.5502121133553615,0.5605377489655206,0.31434143267786246,0.2335952622850324,0.5511265306332569,0.5674721860115864,0.31185155697639905
60,Pspline-SGD,0.2,3600,5,1.00658631324768,0.19693194685441273,0.5581948720676367,0.5770098861844858,0.37850791883781754,0.21140820548335418,0.5429065740128594,0.5611165345303502,0.3391305420985842
60,Pspline-SGD,0.2,3700,5,1.00639486312866,0.17098265530255163,0.5516317470376143,0.5849804412982574,0.3878441368162933,0.18413224108291237,0.5455492373123806,0.565963659565899,0.3447767796272156
60,Pspline-SGD,0.2,3800,5,1.00360345840454,0.1983288446428511,0.5389838942830958,0.556039197642457,0.3647894012430143,0.18052592991626928,0.5422461123571558,0.5663558096065802,0.3468190524906089
60,Pspline-SGD,0.2,3900,5,1.00689911842346,0.15563325596340985,0.5041706006584894,0.5415182938187105,0.3251175848516771,0.17269287459083152,0.5339606984551598,0.5585657960753221,0.3443977578923368
60,Pspline-SGD,0.2,4000,5,1.11423707008362,0.16364738146195354,0.5382920035654195,0.5366185248975753,0.3579380614631114,0.16760962464618023,0.5266125034531185,0.5516324282715728,0.3402510283217218
60,Pspline-SGD,0.2,4100,5,1.00268340110779,0.22095865313666446,0.5444995972329996,0.5886937161582383,0.4246401255747884,0.15594599343306406,0.526322371483794,0.5520960340805602,0.3446819557198279
60,Pspline-SGD,0.2,4200,5,1.00108981132507,0.15276996874185939,0.5459400272744828,0.5889651851449187,0.46466478369637104,0.15155769749563017,0.5282826736739784,0.5555478795039573,0.3535701717921664
60,Pspline-SGD,0.2,4300,5,1.00461053848267,0.19931353996850606,0.5522506816812675,0.5848298931602193,0.39251967931569,0.1486846093426261,0.5294765695699003,0.5584176086043812,0.36028648804662017
60,Pspline-SGD,0.2,4400,5,1.0058708190918,0.15110424122194469,0.5386083841695631,0.5757646210408919,0.36260159028391553,0.14636457480983586,0.5312545519932087,0.5607602807394397,0.36117865712864416
60,Pspline-SGD,0.2,4500,5,1.00590586662292,0.14868516643008958,0.5443988583989593,0.5755689106148011,0.3696763393706847,0.14338040928780782,0.5321469863445459,0.5618861822729366,0.36112666229737145
60,Pspline-SGD,0.2,4600,5,1.00379610061646,0.142752466212425,0.5425862496895385,0.5625942383225413,0.3417311841464658,0.14156711187867332,0.5329002602277416,0.5618433443754489,0.35975904424189525
60,Pspline-SGD,0.2,4700,5,1.00651884078979,0.19369176680316394,0.5414839962678181,0.5612408292878313,0.2953456931774422,0.13967387469158407,0.5328794422780372,0.5620943614705863,0.3541012055684304
60,Pspline-SGD,0.2,4800,5,1.00740027427673,0.15907752746535048,0.535343385807442,0.5529288958068918,0.3284498949340189,0.13880779080072486,0.532415629880864,0.5610876858132041,0.34833192777405997
60,Pspline-SGD,0.2,4900,5,1.00640892982483,0.19532233183284123,0.5301355768247661,0.5493360815275194,0.3667047973003347,0.1379264260935235,0.5317175184591818,0.5597304292663833,0.3475427643110264
60,Pspline-SGD,0.2,5000,5,1.00526452064514,0.1725870551940646,0.5383075549583577,0.5427286576378804,0.36874002884059454,0.13660452463574488,0.5312040116474863,0.5573983611249795,0.3474626239219567
60,Pspline-SGD,0.2,5100,5,0.167004823684692,0.1612075901919513,0.543303516342584,0.5849884008547477,0.3856347980318876,0.13651316640235356,0.5309560366713622,0.5559952513459181,0.34763572277444693
60,Pspline-SGD,0.2,5200,5,0.16663646697998,0.12199889443155609,0.5660916787885575,0.5935346384775362,0.32654133973124583,0.13548081569230006,0.5316746545353155,0.5562893089134112,0.34727376306246316
60,Pspline-SGD,0.2,5300,5,0.165932178497314,0.11458103788013929,0.5628260461864015,0.5608638259859264,0.2710213145419925,0.13295615021316975,0.5321420185814976,0.5563082236556951,0.3435299299116351
60,Pspline-SGD,0.2,5400,5,0.166079044342041,0.10934250217433,0.5342179568494655,0.5422465637388127,0.26003023198629077,0.1299130052070738,0.5324769830285452,0.5554412378261807,0.3380796252971758
60,Pspline-SGD,0.2,5500,5,0.1712646484375,0.1480947442766786,0.5423473063576925,0.5281722079896546,0.2728246639625694,0.1269411640096455,0.5321727963426827,0.554065193777917,0.33351355151369094
60,Pspline-SGD,0.2,5600,5,0.166055679321289,0.1529865344477087,0.5470329972542651,0.5298891261070181,0.28778297720735124,0.12351880188381094,0.5321331509684563,0.5530825760818536,0.3293794114931868
60,Pspline-SGD,0.2,5700,5,0.171589612960815,0.10933934290321222,0.5357580141281278,0.5483676533919822,0.2842635559004935,0.12075391586625922,0.532017164155689,0.5521827052437417,0.3262321276173863
60,Pspline-SGD,0.2,5800,5,0.166003227233887,0.13348368651999523,0.5321858473099578,0.5575897802483388,0.3185469579770991,0.11914184389258065,0.5315520076997539,0.5516159090732832,0.32483128943885714
60,Pspline-SGD,0.2,5900,5,0.169507265090942,0.1060001475370376,0.5152347559139268,0.5179078002214735,0.3092334872670797,0.11749846463789436,0.5303611891352896,0.5500938965388891,0.3243689055788845
60,Pspline-SGD,0.2,6000,5,0.166448593139648,0.12557053359795764,0.5003873798084847,0.5339488518848434,0.3162107809360755,0.11560425316955915,0.5290804754765629,0.5486560096519366,0.32372490208665083
60,Pspline-SGD,0.2,6100,5,0.169360637664795,0.11395353986313117,0.5002000651106672,0.5122352611528443,0.2922269597643618,0.1127864734070514,0.5278081033915785,0.5470907689078247,0.3220330281847363
60,Pspline-SGD,0.2,6200,5,0.166288614273071,0.12741507359530976,0.526007378970712,0.4971650828774854,0.23714886763021098,0.11034341691643439,0.5262590296827345,0.5452353211734619,0.32000121046208596
60,Pspline-SGD,0.2,6300,5,0.171884536743164,0.11919516571163002,0.48917136727681837,0.5132140577647981,0.26613931716913103,0.10872266283285073,0.5248527650172479,0.5433517958577688,0.3175045259672644
60,Pspline-SGD,0.2,6400,5,0.16594386100769,0.12205574041022414,0.49355397837714093,0.5167995918295766,0.2886730011806852,0.1076823047384558,0.5236544139373336,0.5420603931432875,0.31590137827494486
60,Pspline-SGD,0.2,6500,5,0.166553258895874,0.14483488587663718,0.50239986735408515,0.5111140096763751,0.2979660951088577,0.106981073393315,0.5222223827057416,0.5408966090451375,0.31486121569045405
60,Pspline-SGD,0.2,6600,5,0.166423320770264,0.193122205196562,0.48961431382657417,0.4966035135915682,0.29983715713356396,0.1058791186114039,0.5209531647067972,0.5400378408252456,0.31361627079999294
60,Pspline-SGD,0.2,6700,5,0.16675591468811,0.17092778464550698,0.47245604311941786,0.46482955028168293,0.28780559868926847,0.10544254772558573,0.518911218528477,0.5376670847262848,0.31248258855467004
60,Pspline-SGD,0.2,6800,5,0.16870379447937,0.1471331154298239,0.46525998522724316,0.4949097439737454,0.2715132980274068,0.10489935050482377,0.5169608487589573,0.5353712755219145,0.3110505883247083
60,Pspline-SGD,0.2,6900,5,0.166161060333252,0.20210476778475553,0.47255503648533037,0.46516300919472936,0.3006806635243652,0.10450500759624785,0.515163464142787,0.5327885291046394,0.30884166237764565
60,Pspline-SGD,0.2,7000,5,0.166389942169189,0.1584419935571555,0.4605433147491716,0.4693554594881449,0.29870871620944206,0.10456540831686423,0.5132665330915483,0.5306787912700296,0.30658920174825144
60,Pspline-SGD,0.2,7100,5,0.168820381164551,0.14152587341410736,0.4730178376533403,0.4688717666474255,0.34737585862311143,0.1041035303509052,0.5113850665218717,0.5287846261866894,0.3045561133032533
60,Pspline-SGD,0.2,7200,5,0.166176795959473,0.1521084558563764,0.48480227308904933,0.49545330181908004,0.33247122798335416,0.10379940073388197,0.5097482704322096,0.527016708241738,0.30277494493975965
60,Pspline-SGD,0.2,7300,5,0.16594409942627,0.18646156742869568,0.5314487216588952,0.4971739264300773,0.30768065836881503,0.10383684444644199,0.5087207693437842,0.5255523419243987,0.30114355940807463
60,Pspline-SGD,0.2,7400,5,0.168941259384155,0.1572945522132544,0.4996129960063216,0.4933549519657832,0.2835776214894267,0.10362044407044321,0.5081839349304813,0.5244452414817684,0.29878162239735323
60,Pspline-SGD,0.2,7500,5,0.166062593460083,0.24802390311133587,0.49316742045008505,0.49649000746505734,0.2831971693884942,0.10354044432093015,0.5074696462439054,0.5232668613750034,0.2957646710649438
60,Pspline-SGD,0.2,7600,5,0.166046857833862,0.15365232682738283,0.4862572895154673,0.47105712425076834,0.31853994647383255,0.1032032729387972,0.5066609181345314,0.5220552569253082,0.29179882698095566
60,Pspline-SGD,0.2,7700,5,0.168917655944824,0.17579937665793888,0.5074476715291674,0.47974606424071364,0.4319735805101449,0.10273227541580875,0.5061372379471593,0.520716488963328,0.2888380342019291
60,Pspline-SGD,0.2,7800,5,0.166038990020752,0.16769173122331638,0.5076964110944309,0.5004659491424361,0.46903402630159874,0.10295736191678734,0.5056388533506077,0.5196131164574069,0.28584255368115336
60,Pspline-SGD,0.2,7900,5,0.168670177459717,0.19906781446140898,0.4806741684696568,0.47958993827866747,0.4111263943925087,0.10304353833382056,0.5050187735560142,0.518925936560675,0.2825584572115196
60,Pspline-SGD,0.2,8000,5,0.166106700897217,0.1271663340296403,0.4714249844421409,0.5206897707191003,0.4297095647108115,0.10348380386939196,0.5042766326619539,0.5179155663250408,0.2799233634863915
60,Pspline-SGD,0.2,8100,5,0.166092157363892,0.149869532655553,0.48051811208263207,0.49890463715092515,0.3114401240851665,0.10368539083117771,0.5035226166186539,0.5168753481763395,0.278050301134058
60,Pspline-SGD,0.2,8200,5,0.169100522994995,0.17386236221202947,0.4661504079171706,0.488448279841916,0.24866479316654003,0.10358523525266959,0.5025570886084709,0.5154707455869919,0.27571572880888306
60,Pspline-SGD,0.2,8300,5,0.168747663497925,0.14953501070323372,0.4899675985408138,0.4955275373800758,0.3314911960653483,0.10356360991139225,0.5016797977859367,0.5140710888234364,0.2728672863167599
60,Pspline-SGD,0.2,8400,5,0.165918588638306,0.16449645461198867,0.4843309714813845,0.5020827483986194,0.336047687183277,0.103578155080667,0.5010070648718025,0.5127984023245001,0.27001256832300097
60,Pspline-SGD,0.2,8500,5,0.168693542480469,0.16179144740892887,0.48160440361850587,0.4851513806488123,0.39343450624281506,0.10329449424790704,0.5003614024431324,0.5114084833376232,0.2675883487183516
60,Pspline-SGD,0.2,8600,5,0.168538093566895,0.20813907813636431,0.5026106037726175,0.48514741347627616,0.3982137552940964,0.10391362348709238,0.4998083641239363,0.5106006542854031,0.2668691531259652
60,Pspline-SGD,0.2,8700,5,0.165899753570557,0.1800239185206441,0.5113623624269423,0.47103508938736127,0.3963176430027953,0.10439804792435625,0.49944966002095825,0.5097998893235711,0.26717921146396456
60,Pspline-SGD,0.2,8800,5,0.168227910995483,0.24446387523997448,0.49331630534649035,0.46904960356274683,0.4098438386052099,0.10481656305061349,0.49906890652602837,0.5090281362694814,0.26803701026135407
60,Pspline-SGD,0.2,8900,5,0.165521144866943,0.1816639551426233,0.4723937458465936,0.4915025090409072,0.37179756884029774,0.10538972263212233,0.498449600552635,0.508135745225213,0.26896274610883586
60,Pspline-SGD,0.2,9000,5,0.16599178314209,0.18968100976461363,0.48264588502658734,0.45606969687078963,0.35749945698283714,0.10579599143066079,0.4978160790802663,0.5070588313710015,0.2696020834834288
60,Pspline-SGD,0.2,9100,5,0.167955160140991,0.15853517634478462,0.47836839961079264,0.4612497580343629,0.39890755072762096,0.10619669565346469,0.49724932030855806,0.5060333639906975,0.27023921075072166
60,Pspline-SGD,0.2,9200,5,0.165686368942261,0.17743718543190515,0.4983388678175597,0.474462164388961,0.408286972541962,0.1065261763206947,0.49685942526143656,0.5053376871474506,0.27109427324080476
60,Pspline-SGD,0.2,9300,5,0.168362617492676,0.22458698028545904,0.5050731890440574,0.4765300884743351,0.3836968790751995,0.10704134897237681,0.49650048339126635,0.5047277621757085,0.2719772566993993
60,Pspline-SGD,0.2,9400,5,0.168638706207275,0.19211440827019094,0.4876543743748135,0.4734961686533423,0.3209104560120231,0.10741757747670888,0.49626000114164776,0.5043014615937766,0.27233784345586937
60,Pspline-SGD,0.2,9500,5,0.165682315826416,0.15480698787488753,0.4824052523205237,0.47557770913900477,0.34254750707499604,0.10761611402776658,0.49592378493100636,0.5037832998057286,0.27283439526254705
60,Pspline-SGD,0.2,9600,5,0.166153192520142,0.15884035495646004,0.47809537639143035,0.4681702830749001,0.29400878200176633,0.10798043226433046,0.4955457782975268,0.503151995259272,0.2731347879578073
60,Pspline-SGD,0.2,9700,5,0.168479204177856,0.21171210193904005,0.4821042264909987,0.47975692188489993,0.26574254559582206,0.10792507270380468,0.49515970769694406,0.5025373968804486,0.2726472050671378
60,Pspline-SGD,0.2,9800,5,0.168473243713379,0.18538999861203947,0.47935719751120914,0.4770041855875646,0.30705167016587087,0.10837527939014943,0.49476238289823754,0.5019997150804311,0.27202042897028506
60,Pspline-SGD,0.2,9900,5,0.168672800064087,0.20766812324267597,0.45905665532168244,0.4577782976727243,0.35343704428628825,0.10888790807987798,0.4942794539653937,0.5013848352903102,0.2720660743011221
60,Pspline-SGD,0.2,10000,5,0.16840124130249,0.19592084313999603,0.4743045686326677,0.449315746157683,0.33408191371847645,0.10941878508125531,0.493638346270007,0.5004433583568713,0.2724219920239723
60,Pspline-SGD,0.2,10100,5,0.166003465652466,0.13065269223632014,0.4636011917217776,0.48408472022198895,0.31030585479866135,0.10977202592007716,0.4929733961776586,0.49961470921565715,0.272595548193053
60,Pspline-SGD,0.2,10200,5,0.168736696243286,0.1228468067606189,0.4918171452007191,0.4941159330357746,0.2719223773364174,0.1096652852547132,0.49254150381474754,0.4990746625829713,0.27232635604122046
60,Pspline-SGD,0.2,10300,5,0.165910005569458,0.12573684575384705,0.47489043948370047,0.4548482501020884,0.27548856890760587,0.10917625505266018,0.4920034286611183,0.4983990053589141,0.27151243631619587
60,Pspline-SGD,0.2,10400,5,0.166253089904785,0.11894712090282736,0.44534002742366585,0.4477015480094672,0.30699334183112703,0.10860896938146775,0.49132538938038295,0.49746024935080724,0.2705258584928372
60,Pspline-SGD,0.2,10500,5,0.168862819671631,0.18611397471042193,0.47337827160085083,0.4241883751148114,0.2850674749835016,0.10826268237246663,0.490551180995498,0.4964064494384848,0.26977919651056936
60,Pspline-SGD,0.2,10600,5,0.169032335281372,0.19758592191533014,0.4621390087983176,0.4295931502640497,0.2642813144338193,0.10788597125904009,0.4899053188172107,0.49545756663964435,0.26898477441802165
60,Pspline-SGD,0.2,10700,5,0.16614031791687,0.13718704448871014,0.45591215780066524,0.4509261681739804,0.2590419552508576,0.10753867631241916,0.48921035793598533,0.4945411424705763,0.2684851576573485
60,Pspline-SGD,0.2,10800,5,0.166070699691772,0.13951682701081572,0.45584112567759105,0.4564183178912961,0.24507110498800794,0.10731445270512639,0.488577370569705,0.4937879450386561,0.2679641964618569
60,Pspline-SGD,0.2,10900,5,0.168493747711182,0.14577406049149322,0.4570535188772234,0.433273133208856,0.24047339636246418,0.10721397421507482,0.487875226584171,0.49291503169564416,0.26730841600918664
60,Pspline-SGD,0.2,11000,5,0.16887378692627,0.16116826097585868,0.44542944851188343,0.4710471813822452,0.25705361466162685,0.10708947782077194,0.4871376711519022,0.4920039094067706,0.26664557812460066
60,Pspline-SGD,0.2,11100,5,0.166425704956055,0.18325659706810812,0.457922581149195,0.4541605079485327,0.2598248696743316,0.10677646685184533,0.4865247041846028,0.49122078950802134,0.2659865303537526
60,Pspline-SGD,0.2,11200,5,0.279193639755249,0.18446037033297755,0.48137179082423687,0.42201521479182874,0.19391804933068332,0.10650410649509663,0.48578367521999977,0.4902582469421533,0.2650467044609038
60,Pspline-SGD,0.2,11300,5,0.165628910064697,0.14572008289149832,0.4306524525476093,0.4399862595678874,0.19982587335007326,0.10619993063523037,0.48499905467559307,0.489259837064105,0.263774456127313
60,Pspline-SGD,0.2,11400,5,0.166266679763794,0.16296944326818005,0.4216003355819332,0.4451335555720258,0.2170086749725282,0.10641254201279149,0.48416605765928555,0.4883818215216854,0.26278185764096956
60,Pspline-SGD,0.2,11500,5,0.165714502334595,0.19190709868620048,0.4324404690363283,0.4265739050411046,0.22948455112053315,0.10695698251568643,0.483191065563832,0.4874755227624044,0.2617761707072265
60,Pspline-SGD,0.2,11600,5,0.169714450836182,0.21062963172077268,0.42817088325086156,0.4123197083997817,0.23652537917708202,0.10740428212014268,0.4822875315965225,0.486634792964072,0.2606075872760947
60,Pspline-SGD,0.2,11700,5,0.168425559997559,0.22362293699773944,0.4025398774671512,0.38259560302425394,0.2199014644926777,0.10824339889855324,0.4810550756638437,0.4852342049287548,0.2595782699696493
60,Pspline-SGD,0.2,11800,5,0.168571710586548,0.20493768452798236,0.3864868997785863,0.4099904218726737,0.19515893786310612,0.10898471535513844,0.47973799812858037,0.48371753941624623,0.25855895837568715
60,Pspline-SGD,0.2,11900,5,0.16856837272644,0.2532090058904231,0.40413525996546806,0.3843700659710698,0.2508873475828984,0.10980198573994619,0.4785084276145526,0.48214042838737864,0.2576185466867905
60,Pspline-SGD,0.2,12000,5,0.172624826431274,0.22661008023067625,0.4084376444842633,0.40106430379347896,0.24230882927542935,0.11075744336518681,0.47730840586030615,0.4808103004427388,0.2570102345827829
60,Pspline-SGD,0.2,12100,5,0.165986299514771,0.20555021887997096,0.4043570848900092,0.38950113700145156,0.3004854524992297,0.1114984338832124,0.4761668098012015,0.4795764787139703,0.2566203056967109
60,Pspline-SGD,0.2,12200,5,0.168200731277466,0.21203057724359453,0.42117820861944105,0.401163659848428,0.2865019959652456,0.11214354723347117,0.4750930140807202,0.47834838650520334,0.2564135502506466
60,Pspline-SGD,0.2,12300,5,0.165814399719238,0.24421935594335545,0.4754037234164153,0.39891828959204956,0.2757712275316086,0.11302986575522761,0.4741714443922043,0.47719598519867396,0.25604970539916877
60,Pspline-SGD,0.2,12400,5,0.168649196624756,0.22544178922836716,0.43206293693470726,0.40260670002236243,0.25725821833754187,0.11388652430630172,0.47337796189813336,0.476135264466735,0.25527143523418316
60,Pspline-SGD,0.2,12500,5,0.165328979492188,0.2941265346890709,0.4220333649444234,0.4089151347557811,0.270905223883562,0.11465440135803852,0.47252032404768246,0.47507450829544945,0.2543179682000725
60,Pspline-SGD,0.2,12600,5,0.168187379837036,0.2130493623571245,0.4177176669710062,0.39491744167342274,0.3412054766176001,0.1151113684581046,0.47164267160323803,0.47406530190563745,0.2530393893336737
60,Pspline-SGD,0.2,12700,5,0.168384790420532,0.2373858556989307,0.43822218439102556,0.39662375256716687,0.4343792395411575,0.11567339983487984,0.4709307374527902,0.4730310915277018,0.2524052895558746
60,Pspline-SGD,0.2,12800,5,0.165907382965088,0.2272801676239609,0.4392058333333059,0.42325434954858915,0.4857603017980794,0.11650099183856458,0.47024650973126925,0.4721414312929705,0.2518087521492552
60,Pspline-SGD,0.2,12900,5,0.165783643722534,0.2382559619651218,0.4206282604129514,0.399639776828307,0.44445344605456766,0.11718086532136114,0.46949716069924424,0.4714356100736957,0.2509257072314583
60,Pspline-SGD,0.2,13000,5,0.169074535369873,0.18293215937177135,0.39957192168489397,0.443166408050525,0.4317057665556765,0.11793802656656173,0.46867303277018857,0.470481333082096,0.2502305890563869
60,Pspline-SGD,0.2,13100,5,0.168894529342651,0.21376496678515508,0.3944289546892502,0.4299113957016487,0.32211885110945154,0.1184924881852531,0.4677607161466662,0.46947355477635566,0.24962608768284913
60,Pspline-SGD,0.2,13200,5,0.166155576705933,0.21806582595362692,0.3849588150656739,0.4176719377293923,0.25400178880962854,0.11898647696260266,0.46674303363347097,0.46831981387000776,0.24877744873436272
60,Pspline-SGD,0.2,13300,5,0.166137218475342,0.18785654319837225,0.4007211055655014,0.42668180621669827,0.32869752416719983,0.11952738907022496,0.46579440215846635,0.46724388841393294,0.24766584488932133
60,Pspline-SGD,0.2,13400,5,0.168843746185303,0.21157834080623755,0.41567900633296806,0.41880125998794476,0.3442855844306169,0.11996929490411216,0.46498052317592853,0.4662808570657026,0.24655258641183986
60,Pspline-SGD,0.2,13500,5,0.166260480880737,0.20751538603499312,0.40946965948567504,0.4077957250477824,0.390878602786053,0.12029926780707328,0.4642576872162706,0.46530433098877744,0.24548799180398012
60,Pspline-SGD,0.2,13600,5,0.168724536895752,0.26374839336127764,0.44436358605807436,0.41260256893461456,0.3759088465371225,0.12116020106571469,0.46359328604751243,0.4646166889249559,0.2452589216908157
60,Pspline-SGD,0.2,13700,5,0.168360471725464,0.23461932136911837,0.4420936688267799,0.3957388910931315,0.356730000908615,0.12200501023879107,0.4630847588531231,0.46394044496511083,0.24567232551404583
60,Pspline-SGD,0.2,13800,5,0.165976047515869,0.295406058176875,0.4274439277190342,0.40337732892613515,0.3589209979557582,0.12284882325644418,0.4625601750300973,0.463278307285064,0.2460654791262081
60,Pspline-SGD,0.2,13900,5,0.165897846221924,0.23801108638482874,0.3939110533162356,0.4109792442466252,0.3223119871341233,0.12374265577239865,0.4618199550319934,0.46251570616239657,0.24635361130785957
60,Pspline-SGD,0.2,14000,5,0.168706893920898,0.2587647529180974,0.4241017915563635,0.3884324109303447,0.2887026546384986,0.124677969641435,0.46099664759357994,0.4615817909329739,0.24650657336713191
60,Pspline-SGD,0.2,14100,5,0.168406248092651,0.24497263199019997,0.4148838809519792,0.38823477087150116,0.2977548417806527,0.12548427234977105,0.4603210581713336,0.46071428039327633,0.2466606417768005
60,Pspline-SGD,0.2,14200,5,0.168522834777832,0.2742829178900768,0.4430785444904931,0.3900011199021368,0.3089647802736518,0.12638956619764907,0.4597456796046064,0.4599736153048301,0.24687932767900514
60,Pspline-SGD,0.2,14300,5,0.166073560714722,0.29517152401209895,0.45063148046831075,0.3891967633380285,0.29694961092574595,0.12738787482036956,0.4591731626652408,0.459283735271123,0.24707355654731109
60,Pspline-SGD,0.2,14400,5,0.166299104690552,0.2936170304734916,0.42877932962961135,0.4023302545711719,0.2558484040200512,0.128312374229653,0.45863981351684596,0.45869232011832084,0.24692503344174332
60,Pspline-SGD,0.2,14500,5,0.168701887130737,0.2700267721411297,0.4176987220967125,0.3888693098637498,0.2582931888387603,0.12926059198786227,0.45806649372226954,0.45802364432981635,0.24690525339661365
60,Pspline-SGD,0.2,14600,5,0.166260719299316,0.25657558188262786,0.4098474285433094,0.3882532602058843,0.2124651666734997,0.13023904993007882,0.457438182637959,0.4573357019557659,0.24668696715732874
60,Pspline-SGD,0.2,14700,5,0.169135332107544,0.3077214875096474,0.4151576227342167,0.40622593678403157,0.18874744835364163,0.1309929626190676,0.4567824233228456,0.45669165971063347,0.2460168110520713
60,Pspline-SGD,0.2,14800,5,0.165640115737915,0.277668376517374,0.41833605776159466,0.4007521951736318,0.22030081625406178,0.1320263092888185,0.45617074905229227,0.4561415238452092,0.24533670046400116
60,Pspline-SGD,0.2,14900,5,0.168344736099243,0.29747390582064526,0.4013686144487091,0.39353900598500785,0.2670197525477,0.13305322300686281,0.4555721965250858,0.45561856154475927,0.24499565485729344
60,Pspline-SGD,0.2,15000,5,0.165819883346558,0.3020225869856203,0.4295891506406341,0.3771036591489847,0.25555360536148125,0.13401761889855324,0.45491196017134905,0.4549089323363142,0.24493206090484385
60,Pspline-SGD,0.2,15100,5,0.166012763977051,0.2553542144058192,0.4160987915402518,0.4148597004881714,0.23857273997901765,0.13491101230031205,0.45429177516388064,0.45426995110605073,0.24468130393920565
60,Pspline-SGD,0.2,15200,5,0.168389081954956,0.2641615006547365,0.4502588159653542,0.4075981501581409,0.20571769658195596,0.1356376323980178,0.45377359934211897,0.453748060626455,0.24410734691298885
60,Pspline-SGD,0.2,15300,5,0.165988922119141,0.25401097858883886,0.42710814900047944,0.4039134011579697,0.2445639257564259,0.13628442073538788,0.45316853969307747,0.45312239796854,0.24332896155184477
60,Pspline-SGD,0.2,15400,5,0.16625452041626,0.2594404709664279,0.40161133954721073,0.3933469494372381,0.29637990937148667,0.13695657744809622,0.45251380972111954,0.45239571191056266,0.2427455787679657
60,Pspline-SGD,0.2,15500,5,0.168533563613892,0.3048811394992713,0.4463613653868289,0.3749666290496627,0.24993808885048927,0.13779073291879299,0.45185900030792653,0.4516596006731985,0.2423028021006166
60,Pspline-SGD,0.2,15600,5,0.166024446487427,0.2857191466730829,0.42177738279204247,0.3716457603279282,0.2474218281569326,0.13861834359651812,0.4512882714582786,0.45096753838528436,0.24181103982351632
60,Pspline-SGD,0.2,15700,5,0.168851375579834,0.28376959102976185,0.42351129904873475,0.393093200654646,0.2297339164724913,0.1393742672120032,0.4506780636097555,0.4503110139560223,0.24149081728531607
60,Pspline-SGD,0.2,15800,5,0.166347980499268,0.28000424874874025,0.42129089540276216,0.3943228460401251,0.21278807598505742,0.14022585521071249,0.4501333702609161,0.4497465125072563,0.2411052966678344
60,Pspline-SGD,0.2,15900,5,0.169188499450684,0.2833230263500605,0.4291541006718032,0.367805527304482,0.20577931681185993,0.14112538338291852,0.4495454053680401,0.44909557446137716,0.2405856086793919
60,Pspline-SGD,0.2,16000,5,0.168454170227051,0.29698508010633373,0.4217608490874032,0.4095920923198604,0.2278017337707212,0.1420142331253939,0.448962384605611,0.448406841062806,0.24011329956103547
60,Pspline-SGD,0.2,16100,5,0.165987491607666,0.31927796972373806,0.43682307629016437,0.3818246232228904,0.22483148293712624,0.14282460377416756,0.44847150221380333,0.44774957523277004,0.23962048333763986
60,Pspline-SGD,0.2,16200,5,0.168911218643188,0.319944184649583,0.45843051500054793,0.3457607687068206,0.16367378668355545,0.1436625756385274,0.4478645907466299,0.4469818275417719,0.23890632053650143
60,Pspline-SGD,0.2,16300,5,0.165955543518066,0.28954980906695743,0.4024274371035029,0.38422631003513436,0.16083507404815564,0.14440608381253298,0.4472162895237714,0.4462151961052564,0.23798034265070733
60,Pspline-SGD,0.2,16400,5,0.1662437915802,0.30060047753357294,0.39647235165585004,0.3898756257547898,0.17468717878648973,0.14539618729751738,0.44657765187129045,0.4455613516107626,0.23721039159764892
60,Pspline-SGD,0.2,16500,5,0.16596794128418,0.32454965051251766,0.41136463406357754,0.37420101032980657,0.1851746413330232,0.14654568854853686,0.4458463275434334,0.4449104154842358,0.23633110173475963
60,Pspline-SGD,0.2,16600,5,0.166189193725586,0.3502870037418952,0.4177888763709016,0.3625592704971303,0.19979682622499023,0.14773751258813514,0.44516522768565253,0.44428820436929883,0.2354140017391176
60,Pspline-SGD,0.2,16700,5,0.169223070144653,0.34496247626338,0.39038946718853834,0.3556672076403515,0.17606478255289779,0.14914347253149463,0.4442449058497339,0.4433567489585081,0.23463848792751774
60,Pspline-SGD,0.2,16800,5,0.168874502182007,0.34676528158620556,0.368741791436407,0.3728157637849912,0.1641720661565746,0.15044354345979058,0.443291438754792,0.44236478407765095,0.23402968430329998
60,Pspline-SGD,0.2,16900,5,0.166343212127686,0.38852523006166345,0.3946069585163205,0.36235753422636086,0.2245549346431029,0.15192679828628777,0.4423957923111252,0.4413488172678091,0.23357136173853862
60,Pspline-SGD,0.2,17000,5,0.16899561882019,0.3769518391053713,0.404053668238548,0.36166819554490814,0.22309724074907736,0.1534231421347165,0.44152172793312766,0.44046399182188045,0.23331112882651
60,Pspline-SGD,0.2,17100,5,0.166637659072876,0.3552749246812711,0.39455667974418346,0.339262511540646,0.2879059895628435,0.15484710842715493,0.44066323116895473,0.43958314170987645,0.23320929082757158
60,Pspline-SGD,0.2,17200,5,0.168385744094849,0.36180097063481015,0.40752212961566603,0.3565946907562496,0.26499079562963157,0.15618880228430038,0.43983934403313574,0.43868602921251654,0.2332785502386879
60,Pspline-SGD,0.2,17300,5,0.169142484664917,0.39531325979321735,0.43189380983300335,0.3695224781276626,0.26180430048507164,0.1576542317759636,0.4390770789022866,0.4378420432739674,0.23322368825969314
60,Pspline-SGD,0.2,17400,5,0.16839861869812,0.37189986187795815,0.40645153181335675,0.3628428475995665,0.24047503432103728,0.1590836939784351,0.43833952101005247,0.4370283310561179,0.23299973024002715
60,Pspline-SGD,0.2,17500,5,0.165934324264526,0.4097223925400793,0.3920592676034549,0.3546813480226102,0.23881391114054773,0.1604738235419658,0.4375849917166162,0.4361851783585591,0.23269646338097522
60,Pspline-SGD,0.2,17600,5,0.16881275177002,0.35739944194853596,0.38823659536113475,0.33474455238053474,0.2964803023360431,0.16167227057045028,0.4367919712785114,0.4353510634919327,0.23230185914249266
60,Pspline-SGD,0.2,17700,5,0.166244268417358,0.3787399340729729,0.4083011057041248,0.3429947134758048,0.40535325442407355,0.1629392807689597,0.43607559890948916,0.43443930108314743,0.23231725854399043
60,Pspline-SGD,0.2,17800,5,0.165980100631714,0.3659102256156435,0.40190775218309566,0.35792421243642897,0.4627829097789094,0.16432043820119616,0.43538238818687575,0.4336336224854635,0.2323948211834042
60,Pspline-SGD,0.2,17900,5,0.168752908706665,0.3845156756910619,0.3808580624827606,0.36101498764816153,0.40407028161361536,0.16562790852973136,0.43465436711881267,0.4329445548446124,0.23230472545034955
60,Pspline-SGD,0.2,18000,5,0.16869330406189,0.3309387219678329,0.36078990998475324,0.4029576389712063,0.4168632554648617,0.1669213141335267,0.4338841608873942,0.432161141092627,0.23217822599118243
60,Pspline-SGD,0.2,18100,5,0.166659832000732,0.3687099344752915,0.3460848286175327,0.3736113741102716,0.3161351592783545,0.16805225613981503,0.4330040202568771,0.4312692039123551,0.2319752953451316
60,Pspline-SGD,0.2,18200,5,0.16908860206604,0.3539235282997733,0.33833032140209407,0.3770416332135659,0.24129708881275547,0.1691967994875824,0.43200547108120635,0.4303150569068101,0.23146192136374708
60,Pspline-SGD,0.2,18300,5,0.166266679763794,0.34287043072772194,0.35234854334195803,0.392619370766027,0.36341915496899346,0.17032423161896165,0.4310403701277296,0.4293785060271147,0.23088643170378986
60,Pspline-SGD,0.2,18400,5,0.165663242340088,0.3442470422435878,0.3581903330079903,0.3545287128890593,0.385004147184257,0.1714510696089607,0.43019585491937984,0.4284777467664591,0.23041831320757983
60,Pspline-SGD,0.2,18500,5,0.168233394622803,0.3494122648351332,0.34919782242376124,0.3574291948629025,0.4276573864594566,0.1725144472507656,0.4293786854217455,0.4275016907282424,0.23008965406281978
60,Pspline-SGD,0.2,18600,5,0.168456077575684,0.4145050645308167,0.40280349224508694,0.35414617450399843,0.3956367729358092,0.17390452606220638,0.4285354868728298,0.42669448406896204,0.2302695885064239
60,Pspline-SGD,0.2,18700,5,0.168846130371094,0.3969806137090899,0.4219614157684076,0.3259942213566354,0.407121477009652,0.17532967943566588,0.42780606011235284,0.4258902226673567,0.23093124188725228
60,Pspline-SGD,0.2,18800,5,0.172324657440186,0.4226318584549727,0.3906308815897553,0.34210485870727403,0.4062824640883441,0.17664436785442167,0.4270953679018543,0.42508750695846587,0.2316613910987574
60,Pspline-SGD,0.2,18900,5,0.166032314300537,0.3858054623918233,0.35990240028898923,0.3542126548930033,0.3564327227214342,0.17797780001242652,0.4262883999707768,0.42426732169282577,0.2322809827698983
60,Pspline-SGD,0.2,19000,5,0.166029691696167,0.4050460694516736,0.3934212087089791,0.3383130001875168,0.318744250396387,0.17931448917832965,0.42542788494744377,0.42332985687715197,0.23276570680212616
60,Pspline-SGD,0.2,19100,5,0.16595196723938,0.3848140193174639,0.3816872369706007,0.3219441766431245,0.3358366178008954,0.1805934611478725,0.4246531003884284,0.4224119651757166,0.233156390603936
60,Pspline-SGD,0.2,19200,5,0.169764757156372,0.40845034664379964,0.4237622309064876,0.3107391048699794,0.3374598367154956,0.18191080048736827,0.4239546876639494,0.42158253273342217,0.23355559435672749
60,Pspline-SGD,0.2,19300,5,0.16861629486084,0.424806789470426,0.43000137849933817,0.31898368101114233,0.3156058503693964,0.1832836626394455,0.423296045325265,0.4207805763533706,0.23382738344771428
60,Pspline-SGD,0.2,19400,5,0.166242361068726,0.4343138048217982,0.410140727452524,0.34708299228650835,0.26942889229380973,0.18459693688164788,0.42265129077661345,0.4200729568025197,0.23386100987122632
60,Pspline-SGD,0.2,19500,5,0.171560525894165,0.4034947405053182,0.3921295393509659,0.3276360333537124,0.2744522545245456,0.18592759727897437,0.42200583251293705,0.4193294170180247,0.23400026028797677
60,Pspline-SGD,0.2,19600,5,0.27949857711792,0.41186916446336314,0.3938602088535751,0.3246904657131943,0.23559702854973477,0.18724513780271027,0.42132172256127626,0.418581637923963,0.23400701145996533
60,Pspline-SGD,0.2,19700,5,0.170750141143799,0.433622123996676,0.3865624910699974,0.33946899107091605,0.20856269186675783,0.18842750595440239,0.4205892855239028,0.41784839151850606,0.23377520710646843
60,Pspline-SGD,0.2,19800,5,0.163137435913086,0.44249595468582154,0.4086866451284815,0.3339846787720817,0.2436755153000286,0.1897462362560552,0.4198953452049167,0.4171503116560871,0.2335678300144499
60,Pspline-SGD,0.2,19900,5,0.168576955795288,0.42606185311220385,0.370590883065269,0.32934247128512745,0.2906241377552351,0.19113575213572337,0.4191771577678596,0.4164276374393246,0.23351579056973165
60,Pspline-SGD,0.2,20000,5,0.163784503936768,0.4237342073079183,0.41205307994376256,0.30879408664499536,0.2805585506758695,0.19244358094885783,0.4183701279790344,0.41555754607973794,0.23363407140879097
60,Pspline-SGD,0.2,20100,5,0.168599367141724,0.3811924259988579,0.34772509707573773,0.3379150652547797,0.2533002503932372,0.19362478826768548,0.41750626668536284,0.41469947089725745,0.2335930255188516
60,Pspline-SGD,0.2,20200,5,0.165587186813354,0.38041867320977746,0.38785665029657246,0.31212128910165543,0.21621873708173,0.19465925361114966,0.4167106779357249,0.41389813869713615,0.23331616280942416
60,Pspline-SGD,0.2,20300,5,0.168767929077148,0.3781009800089263,0.37498829534661277,0.31634472557869914,0.25076221277012906,0.1956466937767326,0.41588170725759654,0.41301430429242963,0.23292280043955416
60,Pspline-SGD,0.2,20400,5,0.165696620941162,0.3882119939535864,0.3537298244976574,0.3160861609803958,0.29968175555133875,0.19665874673822253,0.41504058014748957,0.4120650043497617,0.2327380912281433
60,Pspline-SGD,0.2,20500,5,0.171384811401367,0.4210213464007028,0.42235563206849125,0.29559550520672334,0.25205858172371093,0.1977715220583569,0.41420734000424175,0.41111847011436803,0.23262859802260355
60,Pspline-SGD,0.2,20600,5,0.165884017944336,0.40480293533398426,0.3859161252093416,0.2789540231237301,0.24405282659597785,0.19888225275946014,0.41342166642979017,0.4101699824928454,0.23244741488532764
60,Pspline-SGD,0.2,20700,5,0.166749000549316,0.41164230094534127,0.3849995209095303,0.3081795869419491,0.23012368154935392,0.19994732249128075,0.41260992596812723,0.4092406118347546,0.23238060247421452
60,Pspline-SGD,0.2,20800,5,0.165702342987061,0.4058110475930861,0.3799566962190102,0.3084566421416461,0.212987209689689,0.20106398137578985,0.411866202383732,0.40840741228587873,0.23221630251936687
60,Pspline-SGD,0.2,20900,5,0.165692329406738,0.40246852800242705,0.3953573778221377,0.27893795407697997,0.2033238017590567,0.20218521945458456,0.4111024840434096,0.407507949982435,0.23187826288324304
60,Pspline-SGD,0.2,21000,5,0.168645143508911,0.4174582963333369,0.39815049853581386,0.29299899237768384,0.22067658001902926,0.2032796414291311,0.4103681686836072,0.40658589859035127,0.2315798329757749
60,Pspline-SGD,0.2,21100,5,0.168680429458618,0.45752140627755283,0.42741793574120013,0.2624045842645513,0.23654427934405742,0.20439863808310524,0.4096745282916338,0.4056047962781773,0.23129911283526547
60,Pspline-SGD,0.2,21200,5,0.165904760360718,0.46253198113769467,0.44023119335738964,0.2604259142441034,0.16457180990247336,0.20565652887297473,0.40889552620075054,0.40458582470600896,0.23093333521882134
60,Pspline-SGD,0.2,21300,5,0.166059732437134,0.4431602300018512,0.40375620577690896,0.3083699211798085,0.1627525037382046,0.2068056575233017,0.40810633703138893,0.4035957188549929,0.2302954238264467
60,Pspline-SGD,0.2,21400,5,0.165929555892944,0.4456707647443964,0.3920803822255167,0.31909319141130243,0.1767034174692342,0.20807721745687494,0.40738305066272446,0.40277381635969334,0.22979328411701544
60,Pspline-SGD,0.2,21500,5,0.165921688079834,0.46823434358023086,0.4196754964035634,0.30870992562951066,0.1840919791442561,0.20942271268312337,0.40661469000978445,0.40196212952356264,0.22918701199086705
60,Pspline-SGD,0.2,21600,5,0.168718099594116,0.5020980755211875,0.4398704955093476,0.30215555538137784,0.21417973713939523,0.2108424376441198,0.405879487223647,0.4011564574871927,0.2286051721818367
60,Pspline-SGD,0.2,21700,5,0.168626070022583,0.4959724744810244,0.42777874188064613,0.30080053504118087,0.21004610829467957,0.21235272437474365,0.4050517545386078,0.40019670466733814,0.2281627417037614
60,Pspline-SGD,0.2,21800,5,0.166327238082886,0.4854970590957847,0.4200204108358011,0.34147875502626857,0.18918189270988908,0.213801154126388,0.40420021273449347,0.3992186761455336,0.22789388562357712
60,Pspline-SGD,0.2,21900,5,0.166265249252319,0.5216780077360665,0.4451384730897667,0.329617815141427,0.24620656178534553,0.21533117944796348,0.40341449940373114,0.3982355395720773,0.22775248515374977
60,Pspline-SGD,0.2,22000,5,0.168575525283813,0.5130112137299219,0.447804439675911,0.32515327829737806,0.2403610586084975,0.21684653008517063,0.4026185854579385,0.3973364070093958,0.22770824018677588
60,Pspline-SGD,0.2,22100,5,0.16559362411499,0.49790665941607376,0.44186845070107217,0.2868746559474467,0.30648886094061745,0.21833539378879419,0.40182233891791874,0.3964071115428753,0.22778304290828813
60,Pspline-SGD,0.2,22200,5,0.165882110595703,0.4979372286979661,0.4574123564080044,0.30094726522676846,0.3035777286590796,0.219754628010569,0.4010625062079666,0.3954224070454413,0.2280396224133183
60,Pspline-SGD,0.2,22300,5,0.168493986129761,0.5184620524473107,0.4889827441290254,0.3081991730765683,0.2923664553258539,0.22123230262534627,0.4003856805501296,0.3945045289029276,0.22823994672865078
60,Pspline-SGD,0.2,22400,5,0.165951251983643,0.5079893162462199,0.4639265306770501,0.30853033593526336,0.2792487338218923,0.22268236838246544,0.39979315529780346,0.39364741300786,0.22834177661312668
60,Pspline-SGD,0.2,22500,5,0.168423175811768,0.539837916213708,0.4435754097763221,0.2987969802238236,0.2874429979382091,0.2241554896471157,0.39915074211421886,0.39275542985076034,0.22837220522421803
60,Pspline-SGD,0.2,22600,5,0.165758609771729,0.5034949076850425,0.4502286968127514,0.2884777966704241,0.34201454682297944,0.22549361060842962,0.3984424683825985,0.39185767316166326,0.22835385472300584
60,Pspline-SGD,0.2,22700,5,0.165969371795654,0.5288302660494343,0.4772656424146753,0.29817059130769014,0.4296518512325636,0.22689964486433273,0.39780208065439,0.39091122643008486,0.2286410781777334
60,Pspline-SGD,0.2,22800,5,0.168666362762451,0.5165021865780934,0.4580701655574465,0.2966155897752303,0.48123884468990236,0.22840307359150355,0.39716837117191905,0.39004003492584843,0.22898366393275393
60,Pspline-SGD,0.2,22900,5,0.168632507324219,0.5183588901318251,0.44401937485009785,0.31853685580186286,0.4366308432809899,0.22980593877821576,0.3964702804217934,0.3892118919532496,0.22920658808156424
60,Pspline-SGD,0.2,23000,5,0.166062116622925,0.4762869143630685,0.41067703743067496,0.3628785306932069,0.4251906227322131,0.23118243740031338,0.3957322027600993,0.3883441909488375,0.22940161478033044
60,Pspline-SGD,0.2,23100,5,0.168898582458496,0.5407158595731322,0.4563556473927358,0.37281973905021126,0.36033418198567824,0.23247491153158092,0.3948980544392235,0.38739536899416677,0.22947616562846493
60,Pspline-SGD,0.2,23200,5,0.165624141693115,0.5282111777214054,0.4254237770590336,0.36860802757789524,0.2761546061984919,0.23387239825980227,0.3940235777201662,0.3863679942669393,0.22940064511933494
60,Pspline-SGD,0.2,23300,5,0.168298721313477,0.5208678181811086,0.4297668475589783,0.3576201985386203,0.39815854272187673,0.23529077362186998,0.39317979101823547,0.3853835083728548,0.2292377737709424
60,Pspline-SGD,0.2,23400,5,0.165831565856934,0.5224284171006841,0.4503262709576575,0.30695409348025654,0.3891977446659881,0.23671237685875657,0.3924385260879619,0.38441687484385895,0.22917051707199
60,Pspline-SGD,0.2,23500,5,0.166028022766113,0.5204763097988911,0.45227538373344955,0.29559518960184583,0.4515151882985552,0.2380905054258441,0.39171655161261787,0.3834293340941671,0.22910945768568058
60,Pspline-SGD,0.2,23600,5,0.168340921401978,0.5758180691421412,0.4961123133630871,0.331732469688584,0.4011406495987847,0.23962637721732297,0.39101512106148956,0.38258251192173154,0.22940067593608715
60,Pspline-SGD,0.2,23700,5,0.165720224380493,0.5714872239953994,0.5141309556853428,0.3055970581607556,0.3311190931178065,0.24122023486830171,0.3904297099945582,0.3817447397411487,0.22989034223780846
60,Pspline-SGD,0.2,23800,5,0.165997505187988,0.605527294009343,0.5052898300005376,0.330550988982163,0.3462415623545015,0.2428380278635856,0.3898515196451837,0.3809228666892215,0.23026154802789708
60,Pspline-SGD,0.2,23900,5,0.168781042098999,0.58891278520295,0.5044935672962219,0.3551531500719598,0.31837463105504654,0.2444929046748867,0.3891867116241913,0.38005594087643496,0.23057801841280579
60,Pspline-SGD,0.2,24000,5,0.168515682220459,0.602606000585495,0.5440184280075046,0.35127655133791424,0.2842379938306834,0.24618254286122898,0.38848262247997734,0.3791413485355626,0.23081265051538258
60,Pspline-SGD,0.2,24100,5,0.165949106216431,0.5888434711879018,0.5262492016605791,0.32189144312798107,0.2874832579394554,0.24781452976782556,0.38786122914244997,0.37818927160927507,0.23099963009905336
60,Pspline-SGD,0.2,24200,5,0.16899561882019,0.6062663589264864,0.5463433297159924,0.3030607604831019,0.2894708735558306,0.24946405036218083,0.387276145956322,0.3773054372147568,0.2311731616351952
60,Pspline-SGD,0.2,24300,5,0.166254281997681,0.5946034125566654,0.5489357047209372,0.29251659820312315,0.2726496405247011,0.2510721852698223,0.3866408672304265,0.3763782124441756,0.23122187462827062
60,Pspline-SGD,0.2,24400,5,0.16583776473999,0.6167530332730904,0.5495490483182286,0.32376152853370604,0.2383710962438207,0.2526224668296743,0.38603872339983114,0.37550469788857416,0.23112112294258066
60,Pspline-SGD,0.2,24500,5,0.167924642562866,0.5872159482675449,0.5245276475334089,0.3065444996341029,0.24437665133013964,0.25419770846238826,0.38542766625807573,0.3745939118561523,0.23114388429853883
60,Pspline-SGD,0.2,24600,5,0.165718078613281,0.5919966316780336,0.5256462573648648,0.30862467893071244,0.21438571783566818,0.2557626668683986,0.38476003690350596,0.37367982926816123,0.2310710175102982
60,Pspline-SGD,0.2,24700,5,0.168644428253174,0.6129291027354312,0.5207356086487115,0.3137846015933052,0.18463671537534976,0.25723179368741367,0.3840454705536375,0.37278040635020804,0.23078920722568277
60,Pspline-SGD,0.2,24800,5,0.166141510009766,0.625877566094527,0.5648184252498303,0.33159076753932487,0.2200979354165524,0.2588061141149699,0.38338960176952813,0.37192225313724275,0.23055958111537708
60,Pspline-SGD,0.2,24900,5,0.168480634689331,0.6086837350174713,0.5258590674881752,0.3289326144663166,0.26435868468928736,0.26043796599072266,0.3827553827898282,0.3710754760248928,0.23045204022126034
60,Pspline-SGD,0.2,25000,5,0.168715238571167,0.6216780112953529,0.5758412005835173,0.32345840879655574,0.25052206486180917,0.26203060946399365,0.3821047477749653,0.370169021620786,0.23042434126908326
60,Pspline-Adam,0.2,0,5,21.6278495788574,0.9362389662441208,1.3319982773621473,1.2549032713981763,1.5903596042115866,0.9362389662441208,1.3319982773621473,1.2549032713981763,1.5903596042115866
60,Pspline-Adam,0.2,100,5,0.976689577102661,0.5620302895071789,1.0297761962230987,0.8821396322989641,1.376722295909891,0.5620302895071789,1.0297761962230987,0.8821396322989641,1.376722295909891
60,Pspline-Adam,0.2,200,5,0.970099449157715,0.5279916971404285,1.1817968065226223,0.7140111068145379,1.3406091326973073,0.5279916971404285,1.1817968065226223,0.7140111068145379,1.3406091326973073
60,Pspline-Adam,0.2,300,5,0.974902153015137,0.5382676968429694,1.2057038078872053,0.7005400982882898,1.4732267079082513,0.5382676968429694,1.2057038078872053,0.7005400982882898,1.4732267079082513
60,Pspline-Adam,0.2,400,5,0.971585750579834,0.5116783671394814,1.2623782712134148,0.6926497738299463,1.215827225697525,0.5116783671394814,1.2623782712134148,0.6926497738299463,1.215827225697525
60,Pspline-Adam,0.2,500,5,0.97504186630249,0.507638435637025,1.2696231101171787,0.7454865348982821,1.2910806295818291,0.507638435637025,1.2696231101171787,0.7454865348982821,1.2910806295818291
60,Pspline-Adam,0.2,600,5,0.960780620574951,0.48500780207453664,1.299026808883023,0.7438764384765569,1.3698358533884505,0.48500780207453664,1.299026808883023,0.7438764384765569,1.3698358533884505
60,Pspline-Adam,0.2,700,5,0.967683076858521,0.48471680382093135,1.3031107226799976,0.7583462775375551,1.4320536648464692,0.48471680382093135,1.3031107226799976,0.7583462775375551,1.4320536648464692
60,Pspline-Adam,0.2,800,5,0.969599962234497,0.45430084421930494,1.2679570619306193,0.7354100293909596,1.5144517626490244,0.45430084421930494,1.2679570619306193,0.7354100293909596,1.5144517626490244
60,Pspline-Adam,0.2,900,5,0.966461420059204,0.4670522678249964,1.3039616986245486,0.7288767785387986,1.4484993594655797,0.4670522678249964,1.3039616986245486,0.7288767785387986,1.4484993594655797
60,Pspline-Adam,0.2,1000,5,0.959286451339722,0.46371491032536244,1.3386216268230804,0.7098693048448941,1.3361480276330817,0.46371491032536244,1.3386216268230804,0.7098693048448941,1.3361480276330817
60,Pspline-Adam,0.2,1100,5,0.965078353881836,0.4477926269649173,1.318737850734893,0.7067224063487437,1.4473401608328211,0.4477926269649173,1.318737850734893,0.7067224063487437,1.4473401608328211
60,Pspline-Adam,0.2,1200,5,0.963719844818115,0.38978953761730306,1.3485225379451253,0.6917337972171593,1.3389559659676278,0.38978953761730306,1.3485225379451253,0.6917337972171593,1.3389559659676278
60,Pspline-Adam,0.2,1300,5,0.977504730224609,0.40081281254692297,1.3445089146525862,0.6872712571636015,1.4277386173246158,0.40081281254692297,1.3445089146525862,0.6872712571636015,1.4277386173246158
60,Pspline-Adam,0.2,1400,5,0.960924625396729,0.36476362982499566,1.3638648721273863,0.6897025925659345,1.3443618092532863,0.36476362982499566,1.3638648721273863,0.6897025925659345,1.3443618092532863
60,Pspline-Adam,0.2,1500,5,0.958377838134766,0.33403175146634806,1.3840013245567042,0.698287110925005,1.3732221508129974,0.33403175146634806,1.3840013245567042,0.698287110925005,1.3732221508129974
60,Pspline-Adam,0.2,1600,5,0.969067096710205,0.29692404188249916,1.4039507530892614,0.6929455414859604,1.3867560998450204,0.29692404188249916,1.4039507530892614,0.6929455414859604,1.3867560998450204
60,Pspline-Adam,0.2,1700,5,0.973525762557983,0.28796030126661176,1.3784932487849257,0.7293923169184762,1.3536310010470056,0.28796030126661176,1.3784932487849257,0.7293923169184762,1.3536310010470056
60,Pspline-Adam,0.2,1800,5,0.96359658241272,0.2824598828129536,1.341516209808006,0.6791207730591351,1.3062981794162796,0.2824598828129536,1.341516209808006,0.6791207730591351,1.3062981794162796
60,Pspline-Adam,0.2,1900,5,0.961583614349365,0.20685426686880878,1.2953063305012238,0.6538177554249175,1.4006140826458549,0.20685426686880878,1.2953063305012238,0.6538177554249175,1.4006140826458549
60,Pspline-Adam,0.2,2000,5,0.979042053222656,0.18175160806710233,1.286316186778521,0.6355313077585788,1.3410323833585742,0.18175160806710233,1.286316186778521,0.6355313077585788,1.3410323833585742
60,Pspline-Adam,0.2,2100,5,0.967213869094849,0.17252326383902356,1.2967540549901286,0.6623624259322379,1.3557390578835407,0.17252326383902356,1.2967540549901286,0.6623624259322379,1.3557390578835407
60,Pspline-Adam,0.2,2200,5,0.969915390014648,0.17418328103901723,1.3164433869464627,0.6766668523099512,1.3211222648643606,0.17418328103901723,1.3164433869464627,0.6766668523099512,1.3211222648643606
60,Pspline-Adam,0.2,2300,5,0.961175203323364,0.13260751771985235,1.3802697781511102,0.7143945295054439,1.3428532546875023,0.13260751771985235,1.3802697781511102,0.7143945295054439,1.3428532546875023
60,Pspline-Adam,0.2,2400,5,0.961328744888306,0.13599761598442034,1.388249556041788,0.6900691752107116,1.4510311829505136,0.13599761598442034,1.388249556041788,0.6900691752107116,1.4510311829505136
60,Pspline-Adam,0.2,2500,5,0.969545602798462,0.13753801757019554,1.3976833631705363,0.6930148828652268,1.4157018438942437,0.13753801757019554,1.3976833631705363,0.6930148828652268,1.4157018438942437
60,Pspline-Adam,0.2,2600,5,0.972023010253906,0.12567625403334265,1.398237432150047,0.6909759376663024,1.3813372058075346,0.12567625403334265,1.398237432150047,0.6909759376663024,1.3813372058075346
60,Pspline-Adam,0.2,2700,5,0.966273784637451,0.16148206120049588,1.3864176091642664,0.6621148553304312,1.4394233689636116,0.16148206120049588,1.3864176091642664,0.6621148553304312,1.4394233689636116
60,Pspline-Adam,0.2,2800,5,1.0810375213623,0.16013675062302088,1.3625710565185092,0.712417813149996,1.3809376589226312,0.16013675062302088,1.3625710565185092,0.712417813149996,1.3809376589226312
60,Pspline-Adam,0.2,2900,5,0.969917297363281,0.11401283330538496,1.259986422154678,0.6790803379318394,1.269138278326275,0.11401283330538496,1.259986422154678,0.6790803379318394,1.269138278326275
60,Pspline-Adam,0.2,3000,5,0.971017122268677,0.14437324422486963,1.256190677044594,0.6681133727180433,1.3995862871615337,0.14437324422486963,1.256190677044594,0.6681133727180433,1.3995862871615337
60,Pspline-Adam,0.2,3100,5,0.968083381652832,0.17232697346197293,1.2661081735520032,0.6777323458399523,1.3900451450093538,0.17232697346197293,1.2661081735520032,0.6777323458399523,1.3900451450093538
60,Pspline-Adam,0.2,3200,5,0.960246324539185,0.1562032443993408,1.2749612646607238,0.6822083380686922,1.32259476772695,0.1562032443993408,1.2749612646607238,0.6822083380686922,1.32259476772695
60,Pspline-Adam,0.2,3300,5,0.966292142868042,0.14571017388792876,1.2290909640823553,0.6782701470001661,1.3118964566609697,0.14571017388792876,1.2290909640823553,0.6782701470001661,1.3118964566609697
60,Pspline-Adam,0.2,3400,5,0.965490818023682,0.13185826581352655,1.1994051995139072,0.6551889291664358,1.3566777130621044,0.13185826581352655,1.1994051995139072,0.6551889291664358,1.3566777130621044
60,Pspline-Adam,0.2,3500,5,0.981325149536133,0.16874746779195468,1.2064973986898455,0.6349748269154838,1.3939713740224444,0.16864622526092918,1.2054828054395546,0.6368460669603341,1.3955701134501999
60,Pspline-Adam,0.2,3600,5,1.00050711631775,0.16671648306969697,1.1930094706014138,0.5891718523501766,1.3033241790486323,0.16014923378787435,1.201332804663751,0.6042348916170958,1.3429657576836225
60,Pspline-Adam,0.2,3700,5,0.995688676834106,0.17569453239541719,1.21884054983349,0.6063794012187813,1.3416134417495709,0.15212666063910016,1.2058352010157072,0.5981248572971112,1.327504367025868
60,Pspline-Adam,0.2,3800,5,0.991466522216797,0.18583179140182532,1.1985804051499178,0.5738990345159423,1.3225328515523895,0.14973785213051927,1.208945519053126,0.5946236871713467,1.3287668010806162
60,Pspline-Adam,0.2,3900,5,0.999239683151245,0.22293311844947936,1.1703361462411666,0.5754721518264835,1.2595659608018273,0.1513421776635288,1.1986101852477746,0.5815254016206594,1.324654776988623
60,Pspline-Adam,0.2,4000,5,0.99315357208252,0.1705678476029337,1.2075076052169489,0.5748777705362148,1.3082416504938856,0.1538109936230132,1.1963799967322184,0.5767965744743628,1.3134698843017454
60,Pspline-Adam,0.2,4100,5,0.999518871307373,0.14117172272315445,1.2224970415931982,0.5875732587125129,1.327620991764699,0.1483039431182729,1.1997806636763935,0.5750379837767732,1.3144897905576651
60,Pspline-Adam,0.2,4200,5,0.994456768035889,0.1805523425150121,1.2207878511471735,0.6359861144082725,1.444886824520608,0.14393299127870107,1.2023102305473492,0.5802483450329233,1.325653135749325
60,Pspline-Adam,0.2,4300,5,0.989166259765625,0.14613619109783502,1.2706901101848593,0.6148280940271099,1.2772574572168287,0.14179364008496337,1.2079346085116327,0.5849556735207088,1.3289013290712686
60,Pspline-Adam,0.2,4400,5,1.00002455711365,0.17676428566242547,1.2626695344199068,0.5815327541582507,1.386947842868225,0.1346438395877367,1.2151728176953527,0.5868994164153143,1.3292300072465695
60,Pspline-Adam,0.2,4500,5,0.997040748596191,0.1901543914162402,1.2721494381892804,0.5775634061162125,1.2792061869295093,0.1295942118852395,1.219748893706801,0.5824660107309388,1.3337516636244704
60,Pspline-Adam,0.2,4600,5,0.992030143737793,0.1845139892825438,1.2185191120719492,0.5268343923386475,1.2797101665505743,0.12777079822701437,1.221615800819243,0.5782093583292592,1.3287856976029184
60,Pspline-Adam,0.2,4700,5,1.00009393692017,0.14109982121255993,1.19786604291441,0.5191765877988149,1.226750818196851,0.12507363274801356,1.2200845667992426,0.5719192342108806,1.3212625440539358
60,Pspline-Adam,0.2,4800,5,0.99686074256897,0.14649891304515922,1.2243947960753727,0.5801254062708321,1.2975155851140232,0.12255078414860092,1.2202038791923278,0.5699021660945869,1.3145856096267015
60,Pspline-Adam,0.2,4900,5,0.996646165847778,0.1208584341850464,1.2310217257380476,0.5694032257941953,1.3820442422319998,0.12042236413101423,1.220662385634314,0.5701598037555486,1.3153677604026903
60,Pspline-Adam,0.2,5000,5,1.11525106430054,0.16805052034011683,1.2248330590146075,0.5214192474105248,1.2803556999366945,0.11876396397525783,1.2205432916091195,0.5679998687183855,1.31809126806432
60,Pspline-Adam,0.2,5100,5,0.166712284088135,0.16059659265540654,1.2411061563910153,0.550107739430012,1.3295704307456355,0.11784956653151474,1.2209557352358649,0.5638485061243496,1.3146218695837324
60,Pspline-Adam,0.2,5200,5,0.163737773895264,0.15842714748895506,1.2477032491894238,0.5272563335803441,1.3258222365568666,0.1183110000428266,1.222024468380571,0.5610237008500447,1.3180935197086656
60,Pspline-Adam,0.2,5300,5,0.169925689697266,0.19895745961815597,1.2674933065177965,0.5435607669839428,1.336539136616654,0.11991971769277424,1.224302386220049,0.5590936825221249,1.3176210501761099
60,Pspline-Adam,0.2,5400,5,0.163471460342407,0.16247447166890644,1.2443952560615317,0.5111925740949504,1.224356700100861,0.12081110347078722,1.225617470516135,0.5559342953092442,1.3170496054456606
60,Pspline-Adam,0.2,5500,5,0.163493394851685,0.21761670351030557,1.2285219098659226,0.531302339573623,1.2251491584146583,0.12175286653476192,1.2258180629800337,0.5533314988443376,1.310979399337027
60,Pspline-Adam,0.2,5600,5,0.170477867126465,0.16434988641243806,1.2699368577440078,0.5433445535153603,1.2955140649141959,0.12279977484568996,1.2273213296019396,0.5522555039907362,1.3084729357967673
60,Pspline-Adam,0.2,5700,5,0.164257049560547,0.18741741975678208,1.26760409382391,0.5621103380851631,1.3974672235698986,0.12248093658754006,1.228687783837182,0.5504205092394745,1.3083699398922017
60,Pspline-Adam,0.2,5800,5,0.16709566116333,0.17399699253598114,1.248175938371146,0.5676509063140257,1.4922830014879525,0.123291488303488,1.2296182513077043,0.5501639778514272,1.3136826282568654
60,Pspline-Adam,0.2,5900,5,0.166912078857422,0.17978864184719123,1.2714883680332554,0.5380379409602366,1.4369141701277115,0.12387220668569342,1.2295240129639273,0.5499902053119337,1.3202871441478579
60,Pspline-Adam,0.2,6000,5,0.163630247116089,0.18485325295855526,1.3020473471808836,0.5004823835898685,1.3228376707666396,0.12462499904813203,1.231889588152976,0.5482407320749576,1.3208824116819995
60,Pspline-Adam,0.2,6100,5,0.170497179031372,0.2027483329618583,1.2667838536094371,0.4711539036475537,1.4144052947612273,0.12470799685361318,1.23330366703184,0.5444955396574817,1.3220426054124856
60,Pspline-Adam,0.2,6200,5,0.166970491409302,0.16158844197464584,1.2892673280569948,0.4676629339903074,1.3266484309190956,0.12472642419918717,1.2345442799624946,0.5416292006224593,1.32494726159286
60,Pspline-Adam,0.2,6300,5,0.163760900497437,0.17646215034134136,1.285701857171909,0.46604272469050645,1.4171881938659583,0.12445238958374506,1.236007519918995,0.5381070986865611,1.3254618509827751
60,Pspline-Adam,0.2,6400,5,0.179349422454834,0.15811089468833156,1.2971139171133388,0.4603732747179007,1.3471593629748733,0.12464845584016697,1.2378392478257092,0.534509793971338,1.3280621759668514
60,Pspline-Adam,0.2,6500,5,0.163645505905151,0.1769227196352517,1.295260466782473,0.4728198646039566,1.3506230289899674,0.12425564369656442,1.2394968309550591,0.5321934742359905,1.32839790166773
60,Pspline-Adam,0.2,6600,5,0.166723012924194,0.11215833517157446,1.2966034785728384,0.46931920917500963,1.3672986383305519,0.12271883156204823,1.2410122790156448,0.5300428169386817,1.329919006988834
60,Pspline-Adam,0.2,6700,5,0.1670982837677,0.16440211935847995,1.2810473566321452,0.5399290127670462,1.3132456812029214,0.12140887339492612,1.2423147281904148,0.527560793350667,1.3318701179810686
60,Pspline-Adam,0.2,6800,5,0.163944244384766,0.22103388340849645,1.245545608371399,0.45622422236235294,1.2772785260125155,0.12271884601396964,1.2430077821254306,0.5250115336322813,1.329891479013521
60,Pspline-Adam,0.2,6900,5,0.1665940284729,0.17755180786200073,1.1936747685508218,0.4169146083245767,1.3705655255516118,0.12285697841254754,1.2419584339664538,0.5217322947899785,1.3302002181991899
60,Pspline-Adam,0.2,7000,5,0.167604207992554,0.191441860102809,1.1656200194259432,0.4062034944593912,1.2860436337064356,0.12254216447067078,1.240021532388935,0.5186728568720733,1.3300758370016366
60,Pspline-Adam,0.2,7100,5,0.163333177566528,0.19002235050064176,1.1669441626708115,0.42983971509266095,1.3168435702307772,0.12342460626882211,1.2379496832268364,0.5151159727702052,1.329239270253923
60,Pspline-Adam,0.2,7200,5,0.169950008392334,0.20320596450208753,1.183494805073057,0.44257386530000276,1.2943634063161062,0.1232998438016236,1.2361715443208912,0.5120093031301547,1.3289714669914503
60,Pspline-Adam,0.2,7300,5,0.166262149810791,0.19924163594110628,1.2392716080713815,0.48559091760467304,1.3418210287680292,0.12278099548213027,1.235402995316711,0.5100499184128813,1.3287261282372251
60,Pspline-Adam,0.2,7400,5,0.16368842124939,0.19113079436657332,1.237459399798968,0.44941367846113134,1.4466762761858736,0.12210321497530709,1.23515001499636,0.5087676865974575,1.330246868236903
60,Pspline-Adam,0.2,7500,5,0.169829845428467,0.1986416717075379,1.2400204858681902,0.4547293661384805,1.3870586372556368,0.12135663138798239,1.2352234473432746,0.5065653775414631,1.3322718342127173
60,Pspline-Adam,0.2,7600,5,0.163553714752197,0.2305142594334582,1.229805504650609,0.4480839046809363,1.3398405233011221,0.12071189258920983,1.2353666992235142,0.5045116749610483,1.3330321926503648
60,Pspline-Adam,0.2,7700,5,0.163322925567627,0.2504555808051417,1.2085503034662477,0.41549397037152347,1.3761770203885668,0.12025090886851739,1.2345281750910613,0.5019134020561571,1.3338202356511295
60,Pspline-Adam,0.2,7800,5,0.170039892196655,0.27056385259752824,1.1576809741252752,0.4753418109288391,1.3074925154277521,0.12005215402437726,1.2332371990040454,0.4995353448491644,1.3349210007196606
60,Pspline-Adam,0.2,7900,5,0.163378715515137,0.2627124422562271,1.0773500710059922,0.46097086731061776,1.2152732674062108,0.12112894707787622,1.2312727217578654,0.49800886409962386,1.331610491946102
60,Pspline-Adam,0.2,8000,5,0.163846969604492,0.2913848791590772,1.0853782538886578,0.4535197495428277,1.31292511235794,0.12317233802479853,1.2279565835986213,0.4949394454321583,1.331115721832149
60,Pspline-Adam,0.2,8100,5,0.170254945755005,0.31677727076181683,1.0970936210755116,0.46507727518266606,1.319229454111539,0.12564185823188742,1.2249257240164813,0.4927029985102488,1.3306065214423308
60,Pspline-Adam,0.2,8200,5,0.163561105728149,0.30759805054052763,1.1110394804550696,0.48262936049404664,1.2664681282973624,0.1284503849083863,1.2224111312191994,0.49050584312991985,1.330141095390842
60,Pspline-Adam,0.2,8300,5,0.166056632995605,0.31318525403830333,1.055246785119582,0.46983328137029357,1.2425944805851634,0.13103175804336858,1.219532292734421,0.48857921214898503,1.3286445803150166
60,Pspline-Adam,0.2,8400,5,0.166668176651001,0.3081691260829538,1.0211092579313632,0.4574273094827465,1.2667235961800993,0.13346658413950813,1.2157011442728165,0.4861890441189151,1.3271581793059477
60,Pspline-Adam,0.2,8500,5,0.163351535797119,0.3349773144820301,1.0402677609727005,0.4419200005559703,1.3177251982318843,0.1362715502093914,1.211971421896837,0.48380125354289016,1.327034535148313
60,Pspline-Adam,0.2,8600,5,0.178784370422363,0.3220276676960771,1.0384037070566432,0.42119588543580017,1.2293908692634863,0.13867911718550335,1.2085060756548744,0.48066878722168277,1.3260407637366736
60,Pspline-Adam,0.2,8700,5,0.163620233535767,0.2860422146813632,1.0442333334442917,0.3943468577767649,1.2280722733809124,0.14062608871348184,1.2052626450195922,0.4777351062562437,1.324611552107021
60,Pspline-Adam,0.2,8800,5,0.163708686828613,0.30792008825677064,1.019293095263479,0.3907265697736375,1.2667630208418963,0.1426659927368239,1.2020283932770046,0.47483626937280726,1.3227857721577276
60,Pspline-Adam,0.2,8900,5,0.169682264328003,0.3009683386575217,1.0125924957649213,0.4195586086587593,1.1725300699648857,0.14483592098438347,1.1985233646745306,0.4717926269542481,1.3208026070938572
60,Pspline-Adam,0.2,9000,5,0.16342306137085,0.32327570411476864,1.009032135207965,0.39382462247121525,1.2030880798608126,0.14690429582303377,1.194980827524017,0.46860411339750424,1.3186553106773735
60,Pspline-Adam,0.2,9100,5,0.166695356369019,0.26700849934130805,0.9913452534695286,0.3723345121472425,1.2074675117900624,0.14845833864981461,1.191411494676565,0.46573681804262806,1.3160874196176193
60,Pspline-Adam,0.2,9200,5,0.167295932769775,0.2646462471637521,0.9946666945783849,0.39287824257433335,1.2710239498464941,0.14951785620064048,1.187969724137338,0.4636347817219025,1.314908457529669
60,Pspline-Adam,0.2,9300,5,0.164230346679688,0.23094917327762035,0.9621944935901688,0.3696351229708505,1.1654118103199649,0.15028309527190803,1.1844435670705558,0.4613931070022097,1.312308034752525
60,Pspline-Adam,0.2,9400,5,0.172365427017212,0.27567356536929505,0.9713772986042294,0.3772661682931401,1.2158375590844834,0.15095343168402198,1.1810109069338912,0.45944783260098215,1.3101320236604619
60,Pspline-Adam,0.2,9500,5,0.16387939453125,0.2421098329889825,0.9584236920907023,0.3735031666750046,1.155552526786327,0.15138737819621373,1.1775392363243464,0.4573936711033244,1.3083855792244656
60,Pspline-Adam,0.2,9600,5,0.170074701309204,0.26435359278694803,0.9537832077032081,0.3636852499572092,1.119640174822966,0.15189020270242296,1.1739510730707134,0.45528240294637823,1.3057566100439464
60,Pspline-Adam,0.2,9700,5,0.163660764694214,0.2795141093497312,0.923655504485471,0.40779251200877376,1.0635167111898884,0.1522692168561692,1.1700594218351887,0.4533972727659868,1.3017529038836388
60,Pspline-Adam,0.2,9800,5,0.163579225540161,0.2708423151943992,0.9253052850529411,0.39178955532648196,1.1266758108376116,0.1529501305935429,1.1662786039088278,0.45198806766982647,1.2978924194865635
60,Pspline-Adam,0.2,9900,5,0.172676563262939,0.2993650984938438,0.9164778878332155,0.3859880208454453,1.1899667854411706,0.15386052548290619,1.1625229376951753,0.45026882775816346,1.2953435818088035
60,Pspline-Adam,0.2,10000,5,0.163796186447144,0.275918617569738,0.9092387388956593,0.34492670800366754,1.1426477733092149,0.1548166747229721,1.1586449111977757,0.4484302071907216,1.2929800027454412
60,Pspline-Adam,0.2,10100,5,0.16730260848999,0.2620880230240109,0.9146549482767504,0.3547712572657073,1.1975923357163067,0.15574783057922717,1.1550592665315307,0.44673853907542094,1.2909966352669409
60,Pspline-Adam,0.2,10200,5,0.169871091842651,0.25766129955833167,0.8958769038977816,0.37985770906913113,1.1684043401920463,0.15687273595976678,1.1514047781960481,0.4450907924581823,1.2891761716378694
60,Pspline-Adam,0.2,10300,5,0.163512229919434,0.2547938708603444,0.8912239882167692,0.37855572045900426,1.1596480931286866,0.15781900402746132,1.147784601364631,0.443731960260657,1.2873697552142613
60,Pspline-Adam,0.2,10400,5,0.17039680480957,0.25361021943303413,0.8825047405607974,0.3820780213605385,1.0641477099065606,0.15873544881933296,1.1440776492011113,0.44225816093369563,1.2852969101994374
60,Pspline-Adam,0.2,10500,5,0.163853645324707,0.26127987947989484,0.854578660466113,0.37459733782473076,1.0973815530463265,0.1596536392235903,1.140245786830206,0.44077072584392796,1.2827419215238345
60,Pspline-Adam,0.2,10600,5,0.163518667221069,0.2522304098136095,0.8393560235865258,0.38960125167129683,1.1537478621516655,0.16048516850916214,1.13642537250871,0.43927770184598885,1.280674645910873
60,Pspline-Adam,0.2,10700,5,0.17041540145874,0.25355034835086715,0.8286872210402627,0.4165020717799961,1.2139088137013556,0.16127321665833116,1.1324173376085973,0.43801842789479645,1.278773083117871
60,Pspline-Adam,0.2,10800,5,0.16419792175293,0.2616709923920141,0.8429198119171889,0.39570850107152605,1.2248189663815234,0.16211798518255816,1.1286195451914258,0.4367101305000499,1.2776115542284754
60,Pspline-Adam,0.2,10900,5,0.170337915420532,0.26954756522853107,0.8056997298916498,0.4096743106978002,1.2052083222092014,0.16283346232595017,1.1246487161039653,0.4356707963590341,1.2763589873739958
60,Pspline-Adam,0.2,11000,5,0.164601564407349,0.24770269266718234,0.7994005433736795,0.41335549195397964,1.2181248080132052,0.16351031484177117,1.1206716069831097,0.4345523024976644,1.2753288231994495
60,Pspline-Adam,0.2,11100,5,0.166545867919922,0.2399263813955895,0.7725695591344317,0.3832948795235395,1.1819261611271186,0.16380818080415352,1.116525453386005,0.4331536486906878,1.2740037667219213
60,Pspline-Adam,0.2,11200,5,0.167282819747925,0.2390626624636314,0.7430329434126031,0.40070424283921613,1.1244889619827219,0.16425586319911,1.112248161498121,0.4320240421901896,1.2729130804406066
60,Pspline-Adam,0.2,11300,5,0.163524389266968,0.22158408186898818,0.7480490338103635,0.39067468688190027,1.259274063324277,0.1646028537160863,1.1078462000751275,0.43094648830724935,1.2723128901553011
60,Pspline-Adam,0.2,11400,5,0.167207717895508,0.20951420850552743,0.7302099602493715,0.4878596285641607,1.2427332343560218,0.16481486127389083,1.1036304940981727,0.42987895902957224,1.2720330461030205
60,Pspline-Adam,0.2,11500,5,0.166637182235718,0.2202642410499286,0.7244199636859191,0.4211664426395267,1.2653946977330595,0.16522019035336366,1.0992482791721885,0.4291946769219139,1.2720090248220048
60,Pspline-Adam,0.2,11600,5,0.163889169692993,0.2070376639262365,0.7098665446244945,0.42848388082473465,1.3093149849442922,0.16536808400184258,1.094927128798718,0.42863637440174446,1.2718353692837878
60,Pspline-Adam,0.2,11700,5,0.169838666915894,0.2279395148191664,0.6908963206099992,0.43703299362993364,1.2399420234665448,0.16564892301959316,1.0905861013270808,0.4281152446046839,1.2718573283060761
60,Pspline-Adam,0.2,11800,5,0.163939476013184,0.27217782278327474,0.6888844588144151,0.3921352855640642,1.1529969115594907,0.1660623801805048,1.0861685792414428,0.42742395240016895,1.27102795171743
60,Pspline-Adam,0.2,11900,5,0.166912317276001,0.22390809197518374,0.6678264080691043,0.4083704479026325,1.0954404109390963,0.16630212689046459,1.0816618694039526,0.42642172006345347,1.2693858968551943
60,Pspline-Adam,0.2,12000,5,0.167121648788452,0.1878516989879577,0.6593269484088049,0.4088759704238488,1.0554780021358465,0.1663758002620933,1.0769582142592091,0.4257012346065972,1.2667104385310122
60,Pspline-Adam,0.2,12100,5,0.163434743881226,0.1977914140032686,0.6386006050189064,0.40065883761139814,1.096657832705982,0.16625521822974562,1.0723995362762995,0.424933615512246,1.2640816721629917
60,Pspline-Adam,0.2,12200,5,0.169637441635132,0.19734936990154509,0.621815066294622,0.3871466483964527,1.0531992598794289,0.16608044549759143,1.067716056567795,0.42423313617729735,1.2615997529245748
60,Pspline-Adam,0.2,12300,5,0.163919925689697,0.20813780945797855,0.6298858516786114,0.42802479948805405,1.2114022821585781,0.16599232116608564,1.0631988564438084,0.42374281902643207,1.2599442649658001
60,Pspline-Adam,0.2,12400,5,0.163882970809937,0.22179491271884602,0.6281893581328291,0.42212868003982507,1.2576259561522491,0.16592594109116754,1.058659086637102,0.42335593374525543,1.2596450730250799
60,Pspline-Adam,0.2,12500,5,0.17017126083374,0.3122854868943862,0.6162503896887911,0.4287942606654051,1.2247690201080137,0.16583898230841704,1.0541687917072522,0.4227574747310426,1.2591060213176548
60,Pspline-Adam,0.2,12600,5,0.163413763046265,0.21508641174350404,0.5982938166494184,0.4235300119566468,1.1845489158665052,0.16595419138551867,1.0497347259389038,0.42226888103844196,1.2580602389767068
60,Pspline-Adam,0.2,12700,5,0.167096138000488,0.21442289504086962,0.5910482055791823,0.40484211822655625,1.104492337159594,0.16596734962600004,1.0452690138136551,0.42172226133036045,1.256789877766661
60,Pspline-Adam,0.2,12800,5,0.166771650314331,0.21587209213993916,0.5939085503260312,0.44135162204577616,1.1572856366661939,0.16614215420962736,1.0407437056867805,0.42128503334355233,1.2552323985073042
60,Pspline-Adam,0.2,12900,5,0.163676738739014,0.24624952612584447,0.5678928392540493,0.4642580678973235,1.1965767702934504,0.16635457197629924,1.0362099293251368,0.42098541432324654,1.2537706215524906
60,Pspline-Adam,0.2,13000,5,0.170196056365967,0.2565130395067584,0.531787882005894,0.49875304501869133,1.1718814491406608,0.1666768776198487,1.0315825967971426,0.4204394872160221,1.2527277785463171
60,Pspline-Adam,0.2,13100,5,0.163702249526978,0.2238595940332821,0.5437620238502231,0.4606479202366831,1.2319376703690637,0.16715581056413314,1.026921168596789,0.4201443715426982,1.252480790648179
60,Pspline-Adam,0.2,13200,5,0.166282176971436,0.21354019809356345,0.5283698477190523,0.4906559576854644,1.2774973466659156,0.1674941167083433,1.0223172625126442,0.4198996158570937,1.252183968322264
60,Pspline-Adam,0.2,13300,5,0.166935682296753,0.2940864243036766,0.49262214198834514,0.473303906468432,1.1516138284935058,0.1677294632023287,1.017591048532045,0.4198858871784989,1.2513967289060715
60,Pspline-Adam,0.2,13400,5,0.163503408432007,0.21220359934370306,0.4834783062725547,0.49846994432955066,1.2110408060032187,0.16793609757501674,1.0128650825468442,0.4198314131332917,1.250386090231444
60,Pspline-Adam,0.2,13500,5,0.170012712478638,0.24425896280720782,0.4811477190913356,0.47805849172231446,1.1415075632533003,0.16830680592141703,1.0081594795973448,0.4198070575709164,1.2493816736885575
60,Pspline-Adam,0.2,13600,5,0.163664102554321,0.23534875552679096,0.49738038800965645,0.4713218369286449,1.0315654474013292,0.1687823995662991,1.003522022385824,0.4195481561889447,1.247472785463568
60,Pspline-Adam,0.2,13700,5,0.166785001754761,0.21302207808346107,0.5079533621083893,0.4486109524246623,1.1056997228661094,0.1689794719211675,0.9990787723476203,0.4192292789029635,1.2457893410232117
60,Pspline-Adam,0.2,13800,5,0.166682481765747,0.2306191674877891,0.4772409195287197,0.4426703445605862,1.0792045665032204,0.16917927184502488,0.9946806698896165,0.4190053569864317,1.2442354974488679
60,Pspline-Adam,0.2,13900,5,0.163972616195679,0.2304546063371159,0.478186387835821,0.4689248391343343,1.0504615417856917,0.1695231385980731,0.9901346626590346,0.4186930440102937,1.2422512089956768
60,Pspline-Adam,0.2,14000,5,0.169382333755493,0.2519129856325873,0.45935155914533793,0.4384935563627053,1.0342408163186136,0.16986865828451725,0.9855912526672036,0.418136790334972,1.2400696171696004
60,Pspline-Adam,0.2,14100,5,0.164163827896118,0.19346715008543242,0.46025663643331016,0.4309378798293966,1.0880819616824509,0.1699078437480237,0.9811219446970805,0.4177569357507556,1.2379897433277958
60,Pspline-Adam,0.2,14200,5,0.163547039031982,0.22827971169718178,0.4703731062451113,0.45690581450442175,1.1627100128605452,0.16985887244726258,0.9767630509494343,0.4176603304158576,1.2368446219034572
60,Pspline-Adam,0.2,14300,5,0.169847726821899,0.16251148543770752,0.4609317948656929,0.4511878199201758,1.118346704742602,0.16961635568944172,0.9725013483217381,0.4176242515785824,1.2354638411672494
60,Pspline-Adam,0.2,14400,5,0.163675546646118,0.19370670314877378,0.4538448877454647,0.4370054264067391,1.1112600297930293,0.16922738972600876,0.9682170253562479,0.4176138829511412,1.2344014328470325
60,Pspline-Adam,0.2,14500,5,0.171648740768433,0.17228969183173212,0.44700686034446574,0.4505573157799181,1.1045944970070962,0.16877723339188339,0.9639555544386488,0.4174458555063698,1.2329778675114569
60,Pspline-Adam,0.2,14600,5,0.169207572937012,0.18267353568130554,0.4526225711168676,0.4151721490231915,0.9777342892150125,0.16838256597213086,0.9597606833421439,0.4172665323651596,1.2310892344962876
60,Pspline-Adam,0.2,14700,5,0.16769003868103,0.1701353014016897,0.42914391058804907,0.4525449785786258,0.932235090126925,0.16791402834777036,0.9555752641672155,0.4171482910043689,1.2282511155042646
60,Pspline-Adam,0.2,14800,5,0.168027639389038,0.1873695922929848,0.42090772390530823,0.42787196665180227,1.0046834772488786,0.16760100015739932,0.9514011607772253,0.4172859651150428,1.2256751034983364
60,Pspline-Adam,0.2,14900,5,0.164166212081909,0.22696982937953428,0.41612345694945985,0.42097716985129685,1.0762687077065172,0.16738619121479106,0.9471733397749705,0.4172307682877899,1.223780433538608
60,Pspline-Adam,0.2,15000,5,0.170701503753662,0.21728076885686473,0.4051039633370991,0.3882314546651246,0.9375976633324902,0.16705626266951368,0.9428019351631566,0.41701112524479483,1.2214176861396933
60,Pspline-Adam,0.2,15100,5,0.165005922317505,0.18666950654862804,0.4113324176993387,0.4254023435227742,1.0456692440653277,0.1667624843792519,0.9386062665857894,0.41695444108497776,1.219434914254784
60,Pspline-Adam,0.2,15200,5,0.164450645446777,0.1526183589988408,0.40234194663373324,0.4376863439794897,1.0278758991497448,0.16655907883998275,0.9344068868768283,0.41699394488671837,1.2176322850356605
60,Pspline-Adam,0.2,15300,5,0.171443939208984,0.14776129300225396,0.38455794283438305,0.44679954143888717,1.056630119486736,0.16625422593235198,0.9302283674034634,0.41717599145959916,1.2160568017178408
60,Pspline-Adam,0.2,15400,5,0.163456916809082,0.13344308961713636,0.421799997191896,0.4303819889781526,1.0543767647358664,0.16587629323473171,0.9259971928831375,0.41729256435454654,1.2145353569798039
60,Pspline-Adam,0.2,15500,5,0.166721820831299,0.15221520175884704,0.3576174008372673,0.4264888436679675,1.03792865180048,0.16552663854094074,0.9217116417595891,0.4174486283030742,1.212928333317494
60,Pspline-Adam,0.2,15600,5,0.166582107543945,0.1649461112501161,0.3392128700506031,0.43634855082934726,1.0807964409759105,0.16522482266544683,0.9173689693300194,0.41753427022350276,1.2113682092032003
60,Pspline-Adam,0.2,15700,5,0.163492202758789,0.15594178584194937,0.3282678756510325,0.4628965770098268,1.1786609660039413,0.16484370813987517,0.9129973150308683,0.41768620195165307,1.2100204221082604
60,Pspline-Adam,0.2,15800,5,0.170336246490479,0.15119038570642204,0.3578508674529018,0.44536248519213395,1.1494496024552752,0.16449867759491466,0.9087230424037543,0.4178015123556183,1.2092457327846875
60,Pspline-Adam,0.2,15900,5,0.164053916931152,0.20102914862447194,0.32502055820546355,0.4580272912829832,1.1604849364463858,0.16415183406109563,0.9044822162580884,0.41795362157606325,1.2085438420472554
60,Pspline-Adam,0.2,16000,5,0.166555881500244,0.20227437899197476,0.3189735957122958,0.455163155099145,1.1481017005551728,0.16378483379148212,0.900246661692355,0.41807712826108184,1.2077197555525234
60,Pspline-Adam,0.2,16100,5,0.166229009628296,0.189860380528553,0.30956380677977363,0.4370874024503843,1.1119676691730664,0.163164027410175,0.8959693109354671,0.4180723121909155,1.2066910086051408
60,Pspline-Adam,0.2,16200,5,0.163388967514038,0.15677024675890588,0.3182910929725684,0.4570341466832243,1.1614699573648481,0.16261313338014602,0.8916619557067005,0.41821435416871583,1.2061062999490995
60,Pspline-Adam,0.2,16300,5,0.172479152679443,0.1548109317569333,0.3090535697534161,0.44011312358830684,1.207464043007756,0.16196052263422586,0.8873586287250222,0.41833464608974663,1.2058462098376803
60,Pspline-Adam,0.2,16400,5,0.163509845733643,0.11760883768327342,0.29741222260434513,0.5426637700069852,1.2180791813388983,0.16122425964967418,0.8832371848121894,0.4183916941383081,1.2057255366719988
60,Pspline-Adam,0.2,16500,5,0.166576147079468,0.13962333165698126,0.3264683457131453,0.48204557843967427,1.2923507745789096,0.16067620313750103,0.8790668809474365,0.4187171668873414,1.2059981543441411
60,Pspline-Adam,0.2,16600,5,0.16685676574707,0.12314378225865065,0.3086240144019797,0.4893325543604055,1.3059230917939446,0.15997638710723297,0.8749999799443935,0.41909064594037626,1.2062018710414693
60,Pspline-Adam,0.2,16700,5,0.163520336151123,0.15200324172897578,0.2704306541986694,0.489461042045596,1.256561054863022,0.15938439253421152,0.870951237288409,0.4194368803686707,1.2064012651838345
60,Pspline-Adam,0.2,16800,5,0.169158935546875,0.21649170612165394,0.27540081251499343,0.45549654406235124,1.139361932440353,0.15888986361434546,0.8668184423619847,0.41968576543773695,1.206165762909777
60,Pspline-Adam,0.2,16900,5,0.163640022277832,0.16914728044917504,0.2685275375907357,0.45524337480981525,1.055299205534395,0.15837384213274572,0.8626331961766,0.4197038479082718,1.2049476450948677
60,Pspline-Adam,0.2,17000,5,0.167332649230957,0.12313658307187784,0.31718766587884506,0.4461130005414346,1.0254464311556335,0.15775625625438688,0.8584404233806464,0.4198677334018828,1.203245617996287
60,Pspline-Adam,0.2,17100,5,0.167025566101074,0.14452371517380097,0.27347150501750367,0.45701424133432383,1.0824472498822346,0.15709053635230996,0.8543585847015781,0.42001820806952567,1.2017994617537002
60,Pspline-Adam,0.2,17200,5,0.163184404373169,0.14883766870192947,0.27925961170677815,0.44818623061964175,1.067983752389229,0.15645977879817854,0.8502671394347926,0.42019832057693846,1.2004161386262102
60,Pspline-Adam,0.2,17300,5,0.178363561630249,0.17545211500835983,0.27483426789485765,0.4880568992222482,1.2478084446111706,0.15594237999895982,0.8462401679184417,0.42054075250265105,1.1998149905428812
60,Pspline-Adam,0.2,17400,5,0.163735866546631,0.14631278474389933,0.28780609187675593,0.47754077575873666,1.2411941161401345,0.15540751042552278,0.842235293110945,0.42093897405524094,1.1999616795828196
60,Pspline-Adam,0.2,17500,5,0.163071155548096,0.27627559035831584,0.2649255414148595,0.4749916960716944,1.2098939513605744,0.1548160432013636,0.8383081616924343,0.42113546224623716,1.1996324714916486
60,Pspline-Adam,0.2,17600,5,0.169789791107178,0.1653276711818928,0.26543138543293554,0.4690376329503863,1.1750966003902805,0.1544047225485923,0.8344362523418785,0.42143231498016404,1.1990826145487419
60,Pspline-Adam,0.2,17700,5,0.163388252258301,0.16945079921838807,0.2705754739584401,0.4488083699996274,1.0819243397068947,0.1539478813054108,0.8305720142667619,0.4216726987396241,1.1983370106432807
60,Pspline-Adam,0.2,17800,5,0.166954755783081,0.16544592718676243,0.3023882623245333,0.48957702249900814,1.1826947113868969,0.15358140773718293,0.8266719954458374,0.4219654843368354,1.1973015248076129
60,Pspline-Adam,0.2,17900,5,0.166599750518799,0.20898249642752018,0.28201459992004385,0.48567769747242434,1.1457966691562875,0.15325518014629186,0.8228006452198746,0.42232938554392496,1.1965972070083635
60,Pspline-Adam,0.2,18000,5,0.163377046585083,0.2100849299531378,0.21345355102786542,0.5222152739264588,1.1620408906762918,0.15301890609805657,0.8189102037677335,0.4224998339501579,1.195922976181792
60,Pspline-Adam,0.2,18100,5,0.172719955444336,0.1560726039912492,0.21783927249079232,0.47523357164833346,1.2049061266596548,0.15285292016712615,0.8150063816972843,0.4227726354498125,1.1958503057584324
60,Pspline-Adam,0.2,18200,5,0.163360834121704,0.15337778734415344,0.22782828466644153,0.5120621467782974,1.290477341341286,0.15260658113975661,0.8111353584887384,0.4230492299713899,1.195812075486332
60,Pspline-Adam,0.2,18300,5,0.166247844696045,0.2683641350561268,0.21019669576172859,0.4930063802217281,1.132566593244751,0.15229830596256502,0.8071923554124394,0.4234487984557399,1.1954848952743058
60,Pspline-Adam,0.2,18400,5,0.163612365722656,0.1706589775145017,0.2094674869948037,0.5205953210291226,1.169692469441368,0.15203067345434393,0.8032645419517672,0.423824592652976,1.1947945873731918
60,Pspline-Adam,0.2,18500,5,0.163419723510742,0.2021133446487327,0.1847183452809221,0.5059369577834232,1.1340277664410783,0.15184521159002037,0.7993643594165553,0.4242402184717911,1.1941465514493492
60,Pspline-Adam,0.2,18600,5,0.169700145721436,0.2138967954633013,0.20427946083104895,0.49016390735957377,1.02377255086865,0.1517618838109456,0.7954919218296,0.4245148385732943,1.192887754609765
60,Pspline-Adam,0.2,18700,5,0.163516759872437,0.19030083203607606,0.22975080969924985,0.48188707054804925,1.0953939634597705,0.1515177725845273,0.7917343086266359,0.42474009455552453,1.1917663266561547
60,Pspline-Adam,0.2,18800,5,0.166916608810425,0.1925933962640571,0.2063012831397499,0.47693405708978487,1.0695818810568136,0.15125530979293514,0.7880102274237873,0.42504208191429355,1.1908941342685762
60,Pspline-Adam,0.2,18900,5,0.169213533401489,0.1931626117192944,0.21614464924345944,0.4949982824560367,1.0721931649928398,0.1510962644341447,0.7842040859562701,0.42528387747932167,1.1897043951922937
60,Pspline-Adam,0.2,19000,5,0.163332939147949,0.24639543893762175,0.19799432571022688,0.47304291639289747,1.0465837291549558,0.15104089060071224,0.7804323453404072,0.4253984541743421,1.188318112888909
60,Pspline-Adam,0.2,19100,5,0.169532537460327,0.18166616070862884,0.2432814912350338,0.4869881027380398,1.1472680385446108,0.15079981151134345,0.7767607660347771,0.42562588728971446,1.1872930032948903
60,Pspline-Adam,0.2,19200,5,0.163678646087646,0.29217370370599005,0.2676168540986007,0.5086411718562223,1.2087378479658888,0.1505567360763893,0.773267233754472,0.4259878038954828,1.1869401852554766
60,Pspline-Adam,0.2,19300,5,0.163499355316162,0.18488958205170872,0.304981034841318,0.5252733591295682,1.1538746635733756,0.15009963607637022,0.7698223539408509,0.4263738350222473,1.1864550985704008
60,Pspline-Adam,0.2,19400,5,0.170012474060059,0.19491433584467802,0.2704763507137823,0.49331932670381784,1.1031582658108157,0.14955740195368794,0.7663570908329078,0.42679474826620595,1.1860596753637505
60,Pspline-Adam,0.2,19500,5,0.163610219955444,0.19511978814702158,0.2572794529831249,0.5099712784763729,1.1346091033021715,0.1490379912999002,0.7629279889139468,0.42708495106001904,1.185284467641055
60,Pspline-Adam,0.2,19600,5,0.16988468170166,0.19714462137707506,0.2728357648557637,0.47979934587343903,0.9845621627379014,0.14860842249316888,0.7595620480019474,0.427392929468595,1.1841992318252814
60,Pspline-Adam,0.2,19700,5,0.163787841796875,0.18274556252598304,0.2905272487577127,0.49922923234448163,0.9606109132602599,0.14811629174711086,0.756313340894212,0.4277149343027209,1.1825127363185155
60,Pspline-Adam,0.2,19800,5,0.163590431213379,0.20202024013878778,0.2781548712820675,0.499636623428144,1.036799546393623,0.1477256219478691,0.7531143830404694,0.4282155376725081,1.1811566524687038
60,Pspline-Adam,0.2,19900,5,0.167232036590576,0.25824803709482796,0.291931692145935,0.4923691145887482,1.106091526786009,0.14742972489718995,0.7498594614101217,0.4285960919348919,1.180156959419858
60,Pspline-Adam,0.2,20000,5,0.163603067398071,0.24236459611622413,0.2951621642049006,0.46523003088115206,0.9564036312883963,0.14706992159596752,0.7465534597647481,0.42886202146492386,1.1788011456316607
60,Pspline-Adam,0.2,20100,5,0.166625738143921,0.1984909058016928,0.27541914621993274,0.46074810591493126,0.9910183971035527,0.1466902029722188,0.74334126979559,0.42919459667069226,1.1774815023517504
60,Pspline-Adam,0.2,20200,5,0.166588544845581,0.1702771188700951,0.28930616952364246,0.49025557155462185,1.011908005864133,0.14635407307553192,0.7401311598307859,0.4295364137177813,1.1761907193960717
60,Pspline-Adam,0.2,20300,5,0.164252042770386,0.18254956895427482,0.28672859344820617,0.516162389886543,1.0564073912190401,0.14596984693780748,0.7369417951377593,0.4299951601656392,1.175216401531322
60,Pspline-Adam,0.2,20400,5,0.169505834579468,0.2023951016812868,0.3936839971501643,0.49455374292506404,1.0677190938282821,0.14560638138050125,0.7337319334686264,0.43044296737681487,1.1742913926386667
60,Pspline-Adam,0.2,20500,5,0.163535118103027,0.2100275139409188,0.30122235061635505,0.4854435720054062,1.0639230127033357,0.14531250155533182,0.7305226261169476,0.43089035622038185,1.1733773954477458
60,Pspline-Adam,0.2,20600,5,0.163680076599121,0.2273775595673654,0.2889636963828723,0.4860633590813176,1.0718902505420767,0.14510525213857972,0.7272544614850603,0.43130112649000796,1.1723720635277646
60,Pspline-Adam,0.2,20700,5,0.169510126113892,0.22249510216818358,0.2842063990417701,0.5086801933618816,1.1381663839683078,0.14485276547232076,0.7239714943226174,0.43171611457579656,1.171402305105585
60,Pspline-Adam,0.2,20800,5,0.163640022277832,0.21566859737251767,0.30515458210947083,0.48206111795640005,1.0774195969278866,0.14462230210776045,0.7207582945899319,0.43207155412142445,1.1706627187505683
60,Pspline-Adam,0.2,20900,5,0.169637203216553,0.26932316070017887,0.2939979890327234,0.49752669712700986,1.1227584713266936,0.14445193705569856,0.7175517885313665,0.43247159118358175,1.1700236023005932
60,Pspline-Adam,0.2,21000,5,0.164124727249146,0.22789312366825604,0.27987574808288523,0.49248227612136536,1.1730190334880888,0.14429051485288477,0.7143650526301486,0.43286980931490454,1.1694440318359478
60,Pspline-Adam,0.2,21100,5,0.163667678833008,0.2626643601545259,0.30508028542057253,0.48509044656649475,1.076075359309013,0.14402566576628828,0.7111650462082034,0.43321581312547824,1.1687591696090067
60,Pspline-Adam,0.2,21200,5,0.169942855834961,0.20757882263999844,0.3171524803053394,0.5046309011558876,1.166059822124544,0.1437962316680603,0.7079701191324812,0.43368119087315954,1.1683816301364838
60,Pspline-Adam,0.2,21300,5,0.164018869400024,0.24279225871444376,0.30523686538088224,0.4850938681753939,1.1745214888998678,0.14349217818962853,0.7048009492034302,0.43410394290635174,1.1682348203749227
60,Pspline-Adam,0.2,21400,5,0.166534423828125,0.2044843857496081,0.2884417762891849,0.575760421237219,1.1937311986293342,0.14311963305608605,0.701760259022494,0.43446300575520536,1.1682108405161546
60,Pspline-Adam,0.2,21500,5,0.167078018188477,0.21059933495961286,0.3251965006800803,0.5327932952144845,1.2947945178407865,0.14284166522399802,0.6986971569394,0.4350096640661436,1.168523130323212
60,Pspline-Adam,0.2,21600,5,0.163458108901978,0.20234383521348615,0.30838923983688493,0.5388314227963737,1.2851707262260168,0.14244731016797224,0.6956982506103019,0.4355865570161355,1.168743974134273
60,Pspline-Adam,0.2,21700,5,0.170347213745117,0.19892228865166367,0.2601068252684782,0.5369552468772089,1.2582794857162802,0.1421190537681017,0.6927021089110037,0.4361497317147159,1.168949938590336
60,Pspline-Adam,0.2,21800,5,0.16361403465271,0.2543680458307418,0.2631279596289346,0.5023065281447922,1.13466250248301,0.14186696312340227,0.6896463264888463,0.4366309902171731,1.1689238527087775
60,Pspline-Adam,0.2,21900,5,0.163473129272461,0.22708377677035804,0.28093578474638525,0.4983893791969686,1.0511538602395305,0.14161959411826888,0.6865702579655706,0.4369410714569605,1.1681435936911517
60,Pspline-Adam,0.2,22000,5,0.169548749923706,0.20935193515879022,0.3350818712223955,0.49156724396936335,0.9961578592286745,0.1413098461653958,0.6835208855758339,0.43736539442276606,1.1669735296980661
60,Pspline-Adam,0.2,22100,5,0.163296461105347,0.22299573284093369,0.3159678280224451,0.5087346865288014,1.0783341952975742,0.14099057421651892,0.6805642535501251,0.437778059162863,1.1660007195517006
60,Pspline-Adam,0.2,22200,5,0.169660568237305,0.2378635932997077,0.3324484422411614,0.49513913224740635,1.0790788025833973,0.14072789474943317,0.6776419264997284,0.4381950163362031,1.1651337357353821
60,Pspline-Adam,0.2,22300,5,0.166881799697876,0.24639811902496503,0.3208950780189589,0.5309169631360369,1.2294620718088654,0.14057785501067874,0.6747635911833539,0.4387098094391559,1.164856335467755
60,Pspline-Adam,0.2,22400,5,0.163543939590454,0.23440587970428195,0.2970557175619145,0.5211017790264287,1.2318481427346817,0.14041703612733522,0.6718755728932888,0.4392429282610637,1.1651482756103093
60,Pspline-Adam,0.2,22500,5,0.172391653060913,0.3151301074658746,0.28423397414602836,0.5181171717405624,1.2178402135550679,0.14022445419106558,0.6690367585649728,0.4396097520494318,1.1651018996426572
60,Pspline-Adam,0.2,22600,5,0.164160966873169,0.23697846444615747,0.2960111524311907,0.5132104563604555,1.1943638122930913,0.14016266186085943,0.6662474525082984,0.44006249719924956,1.164926029930684
60,Pspline-Adam,0.2,22700,5,0.166489124298096,0.24950388241586277,0.3181562518187285,0.488887216473932,1.1041473654862428,0.14011229419459498,0.6634783279753689,0.4404678381255288,1.164627439199433
60,Pspline-Adam,0.2,22800,5,0.16634202003479,0.23021713481372996,0.34018847347382203,0.5493881263717453,1.237682491967612,0.1400786364946679,0.6606901625604017,0.440979487494692,1.1642341903182896
60,Pspline-Adam,0.2,22900,5,0.163661003112793,0.27733115914180306,0.2932376446348644,0.5441306514522173,1.1620025578333961,0.1401088136813967,0.6579004961006635,0.44155810659513256,1.1640609885398792
60,Pspline-Adam,0.2,23000,5,0.166987895965576,0.26071055578324276,0.2703827717640158,0.5506717584262038,1.2625272030586607,0.14024102511005287,0.6550809017303298,0.4420505284403341,1.1640561227769208
60,Pspline-Adam,0.2,23100,5,0.166445970535278,0.23923250248741937,0.24812020037141724,0.5286236277925874,1.2781453257337057,0.14042224683083662,0.652235398456721,0.4426112889817397,1.1645105605034622
60,Pspline-Adam,0.2,23200,5,0.163720846176147,0.22269583263592976,0.2627782060336059,0.5691378777100594,1.3578055969212057,0.14054508645936595,0.6494062399869134,0.44315239241219256,1.164953753240983
60,Pspline-Adam,0.2,23300,5,0.17221474647522,0.2435112673182107,0.2506932323022929,0.5532513089069415,1.2310603251054006,0.14059542547711093,0.6465392420059841,0.44375177423220796,1.1652001163698447
60,Pspline-Adam,0.2,23400,5,0.163331031799316,0.21447811510369397,0.25498083240123304,0.5747591537634005,1.2623221249995178,0.14061697905686812,0.643723182295218,0.4443781892007967,1.1652483966200453
60,Pspline-Adam,0.2,23500,5,0.170015811920166,0.2191714920650358,0.2319996528388054,0.5389144675482693,1.1760404523893457,0.14069099825896847,0.640980985209445,0.4449896289329183,1.1651881074161088
60,Pspline-Adam,0.2,23600,5,0.16685152053833,0.23547287679584472,0.22750192381824805,0.5370714283395867,1.0966214394477196,0.14084186352436595,0.6382745931134757,0.44546391102260613,1.1646839386837156
60,Pspline-Adam,0.2,23700,5,0.163628816604614,0.21184772106460587,0.2593151676188098,0.5333475661346521,1.1516288670172947,0.14090246078414054,0.6356275312494402,0.44593633952270373,1.1642273323269359
60,Pspline-Adam,0.2,23800,5,0.170119285583496,0.237970931058044,0.25195334392592356,0.5304872274907791,1.1470607387146374,0.14096233659375465,0.632979177598556,0.44647991272673043,1.1640416052694913
60,Pspline-Adam,0.2,23900,5,0.164518594741821,0.20787025550782978,0.2707975391846846,0.5492804778592488,1.1841573899507258,0.14110740553644333,0.6302650893616164,0.44698805235881833,1.1636978130924984
60,Pspline-Adam,0.2,24000,5,0.163612365722656,0.25481492802797034,0.2580341093219622,0.5384082844419507,1.1799249349465029,0.1412520622101538,0.6275852817853319,0.44749778056693734,1.16331732483768
60,Pspline-Adam,0.2,24100,5,0.170344829559326,0.20937723360364674,0.2698748707179133,0.5484074352303959,1.2305027380263673,0.14129978240266602,0.6249591296301354,0.44808262995574627,1.1632547477473028
60,Pspline-Adam,0.2,24200,5,0.163410663604736,0.287736054973095,0.30448354421394347,0.5633218469278493,1.2860395225694452,0.1413880710907276,0.6224740515524342,0.4487167799139218,1.1635170429633235
60,Pspline-Adam,0.2,24300,5,0.170241832733154,0.21436014262398465,0.35190623536145893,0.5916028886774791,1.2802802690005468,0.14141814231542366,0.6199368531016589,0.44942148748164973,1.1638418576767304
60,Pspline-Adam,0.2,24400,5,0.167401075363159,0.21417782550957443,0.3012291676158793,0.5487434602569418,1.1386976757769025,0.1413518817517629,0.6173688496417518,0.4501292537241787,1.1640353848865534
60,Pspline-Adam,0.2,24500,5,0.163349628448486,0.21434910899503473,0.2870818024244588,0.5557938126272028,1.1732792236156355,0.14133146388771536,0.6148568513474475,0.45066381915071757,1.1636648349827474
60,Pspline-Adam,0.2,24600,5,0.170248031616211,0.2252987191096175,0.3019574047221845,0.5339446905986572,1.0233456786348019,0.1413862519145202,0.6124186989914588,0.45119906244404473,1.1630676836093032
60,Pspline-Adam,0.2,24700,5,0.163776874542236,0.22638399477607707,0.32932873468044327,0.5521340589474932,1.0272610497976333,0.14138723252980573,0.6100807360426652,0.4517302662970507,1.1620985244584119
60,Pspline-Adam,0.2,24800,5,0.167184829711914,0.23499338723145005,0.3118368264298136,0.5504486052433767,1.1005261318176143,0.14146687058540666,0.6077544776531104,0.45237296193314613,1.1614408967534735
60,Pspline-Adam,0.2,24900,5,0.166715145111084,0.28566252156972183,0.3317992666282629,0.5498879522592799,1.192138482677058,0.14162561122806455,0.6054077048646268,0.45293458559259414,1.1610659842313586
60,Pspline-Adam,0.2,25000,5,0.163851261138916,0.2496933036508115,0.33984275117255686,0.5285774780923146,1.0110423430460183,0.14173588349480504,0.6030317714950442,0.45342175671637913,1.1604999853110907
60,Batch-SOAP,NA,5000,5000,2426.55916261673,0.07420498877610011,0.147024228420353,0.14627926812797906,0.3916993291852932,0.07420498877610011,0.147024228420353,0.14627926812797906,0.3916993291852932
