seed,Method,StepSize,N,nBatch,Time,RMSEphi1,RMSEphi2,RMSEphi3,RMSEphi4,RMSEphi1.avg,RMSEphi2.avg,RMSEphi3.avg,RMSEphi4.avg
84,Pspline-SGD,0.2,0,5,32.0605096817017,0.9295523100050781,1.4664735526564479,1.3813214620402734,1.274621014774095,0.9295523100050781,1.4664735526564479,1.3813214620402734,1.274621014774095
84,Pspline-SGD,0.2,100,5,1.00538444519043,0.9463366002622,1.4714270388271848,1.3450824812608648,1.3323275475813479,0.9463366002622,1.4714270388271848,1.3450824812608648,1.3323275475813479
84,Pspline-SGD,0.2,200,5,0.986325263977051,0.9737833822674635,1.4936483772950824,1.2878914983523468,1.391662384187267,0.9737833822674635,1.4936483772950824,1.2878914983523468,1.391662384187267
84,Pspline-SGD,0.2,300,5,1.00218725204468,0.9944004549366305,1.5088963015959622,1.2571109687276292,1.4286631690803477,0.9944004549366305,1.5088963015959622,1.2571109687276292,1.4286631690803477
84,Pspline-SGD,0.2,400,5,0.989411115646362,1.020222792577399,1.5189499585426371,1.2492238773427258,1.433801078126055,1.020222792577399,1.5189499585426371,1.2492238773427258,1.433801078126055
84,Pspline-SGD,0.2,500,5,1.10304164886475,1.0349284179266593,1.5236025878089077,1.2548669374513288,1.4160621770497817,1.0349284179266593,1.5236025878089077,1.2548669374513288,1.4160621770497817
84,Pspline-SGD,0.2,600,5,0.98308253288269,0.9726499791542716,1.4982348926175768,1.264793904962138,1.392036563451768,0.9726499791542716,1.4982348926175768,1.264793904962138,1.392036563451768
84,Pspline-SGD,0.2,700,5,0.989962577819824,1.0021582412407333,1.4985013737984731,1.2740535735986454,1.3700895797210868,1.0021582412407333,1.4985013737984731,1.2740535735986454,1.3700895797210868
84,Pspline-SGD,0.2,800,5,0.977990627288818,1.027384570784513,1.5142212062238336,1.2846081686125603,1.3504965583031487,1.027384570784513,1.5142212062238336,1.2846081686125603,1.3504965583031487
84,Pspline-SGD,0.2,900,5,0.987862825393677,1.0158747427599133,1.4852710665588036,1.2874222971611116,1.3379625985903374,1.0158747427599133,1.4852710665588036,1.2874222971611116,1.3379625985903374
84,Pspline-SGD,0.2,1000,5,0.98807430267334,1.009173801449592,1.468785642063296,1.290407982116143,1.3270210984442572,1.009173801449592,1.468785642063296,1.290407982116143,1.3270210984442572
84,Pspline-SGD,0.2,1100,5,0.98807168006897,1.014938329992726,1.4665285267103885,1.2922403997875898,1.3221544431350982,1.014938329992726,1.4665285267103885,1.2922403997875898,1.3221544431350982
84,Pspline-SGD,0.2,1200,5,0.985430479049683,1.0306102682891325,1.4669013670325823,1.2941322511044364,1.3160600330746406,1.0306102682891325,1.4669013670325823,1.2941322511044364,1.3160600330746406
84,Pspline-SGD,0.2,1300,5,0.980514287948608,1.0361231043993275,1.4658625732066244,1.2955073956142167,1.3133264116903862,1.0361231043993275,1.4658625732066244,1.2955073956142167,1.3133264116903862
84,Pspline-SGD,0.2,1400,5,0.991613626480103,1.0404569423719445,1.4589584555906903,1.2957330141304486,1.3077059580769657,1.0404569423719445,1.4589584555906903,1.2957330141304486,1.3077059580769657
84,Pspline-SGD,0.2,1500,5,0.991531610488892,1.0442008110453178,1.4564148840014226,1.2963271330000719,1.3044383325144946,1.0442008110453178,1.4564148840014226,1.2963271330000719,1.3044383325144946
84,Pspline-SGD,0.2,1600,5,0.9836585521698,1.047651708046599,1.4588248805866912,1.2974562005215995,1.3046579180093778,1.047651708046599,1.4588248805866912,1.2974562005215995,1.3046579180093778
84,Pspline-SGD,0.2,1700,5,1.10852336883545,1.049331749340734,1.4565103241169828,1.2975658465527682,1.3023154887970363,1.049331749340734,1.4565103241169828,1.2975658465527682,1.3023154887970363
84,Pspline-SGD,0.2,1800,5,0.984824419021606,1.0498865485702344,1.4549643871290212,1.2979099793101885,1.3014109974991865,1.0498865485702344,1.4549643871290212,1.2979099793101885,1.3014109974991865
84,Pspline-SGD,0.2,1900,5,0.983595609664917,1.0497339429399892,1.4534438167148789,1.297993840107575,1.3008391561588668,1.0497339429399892,1.4534438167148789,1.297993840107575,1.3008391561588668
84,Pspline-SGD,0.2,2000,5,0.989473104476929,1.0506744345601349,1.4536755013866824,1.298505894172989,1.3005893225074685,1.0506744345601349,1.4536755013866824,1.298505894172989,1.3005893225074685
84,Pspline-SGD,0.2,2100,5,0.994544506072998,1.0463850114627666,1.4475249217355877,1.298021559273639,1.298830759067773,1.0463850114627666,1.4475249217355877,1.298021559273639,1.298830759067773
84,Pspline-SGD,0.2,2200,5,0.983607769012451,1.0464460180381487,1.447455303039168,1.2984491994286702,1.298628271108336,1.0464460180381487,1.447455303039168,1.2984491994286702,1.298628271108336
84,Pspline-SGD,0.2,2300,5,0.99462890625,1.0448959238895534,1.4434889623744156,1.298320043457299,1.2970474132823795,1.0448959238895534,1.4434889623744156,1.298320043457299,1.2970474132823795
84,Pspline-SGD,0.2,2400,5,0.994320392608643,1.0435356502787367,1.4424167231228096,1.2984737321983033,1.2970729938938792,1.0435356502787367,1.4424167231228096,1.2984737321983033,1.2970729938938792
84,Pspline-SGD,0.2,2500,5,0.989138126373291,1.0441202034830992,1.4388802583267393,1.2978839262948176,1.29534438594445,1.0441202034830992,1.4388802583267393,1.2978839262948176,1.29534438594445
84,Pspline-SGD,0.2,2600,5,0.986626386642456,1.043254843214178,1.4379034480265065,1.2982005975626536,1.2952503812293765,1.043254843214178,1.4379034480265065,1.2982005975626536,1.2952503812293765
84,Pspline-SGD,0.2,2700,5,0.983640909194946,1.0428950938787602,1.4375123289139975,1.298411949462613,1.2953872617249662,1.0428950938787602,1.4375123289139975,1.298411949462613,1.2953872617249662
84,Pspline-SGD,0.2,2800,5,0.999895811080933,1.0421499067486724,1.4371183648765522,1.298592903725122,1.295626232705611,1.0421499067486724,1.4371183648765522,1.298592903725122,1.295626232705611
84,Pspline-SGD,0.2,2900,5,0.992894649505615,1.0418266370617733,1.4367110240294623,1.2987855845311078,1.295728031475657,1.0418266370617733,1.4367110240294623,1.2987855845311078,1.295728031475657
84,Pspline-SGD,0.2,3000,5,1.0950939655304,1.0411157399411912,1.4363537607570531,1.2989305337902195,1.2960116645945738,1.0411157399411912,1.4363537607570531,1.2989305337902195,1.2960116645945738
84,Pspline-SGD,0.2,3100,5,0.987680912017822,1.0403836869217027,1.435900052906256,1.2990408166164027,1.2962237329651654,1.0403836869217027,1.435900052906256,1.2990408166164027,1.2962237329651654
84,Pspline-SGD,0.2,3200,5,0.992545366287231,1.0390538291305433,1.434847323553026,1.2991013485378138,1.296242733924249,1.0390538291305433,1.434847323553026,1.2991013485378138,1.296242733924249
84,Pspline-SGD,0.2,3300,5,0.983766555786133,1.0379754106456247,1.4340059588794227,1.2991615105479557,1.296226572178579,1.0379754106456247,1.4340059588794227,1.2991615105479557,1.296226572178579
84,Pspline-SGD,0.2,3400,5,0.990803480148315,1.0374747414432253,1.4333547290777071,1.2992575934711925,1.296210545902806,1.0374747414432253,1.4333547290777071,1.2992575934711925,1.296210545902806
84,Pspline-SGD,0.2,3500,5,0.997546911239624,1.0363668210319346,1.433287008608985,1.2994744406324112,1.2966823998946,1.0361705616327304,1.43325891910143,1.299474600323731,1.2966718090525582
84,Pspline-SGD,0.2,3600,5,1.02026033401489,1.0350165664747955,1.4326915928208823,1.299619433375718,1.2968876850975775,1.0356518574294091,1.433034341276438,1.299544250382022,1.29676453024863
84,Pspline-SGD,0.2,3700,5,1.02148532867432,1.034288981811914,1.4318655704222554,1.2996794970899146,1.2969192558584157,1.0350188808914822,1.4326318354223073,1.299586866146477,1.2968357842234066
84,Pspline-SGD,0.2,3800,5,1.01949334144592,1.0323298794835227,1.430541849125755,1.2996654710320907,1.2968357189106061,1.034287924376346,1.4320417480836383,1.2995991126825324,1.2968106305690676
84,Pspline-SGD,0.2,3900,5,1.02387976646423,1.0296242929668764,1.4266014800391091,1.299353310927753,1.2956147101267939,1.033231623784199,1.431112760213177,1.2995687013707102,1.2966608080027469
84,Pspline-SGD,0.2,4000,5,1.0265588760376,1.0280144134914522,1.424381037879008,1.2991858385117474,1.2950262485187838,1.0323618235603493,1.4300976699512733,1.2995355916043438,1.2964266028645572
84,Pspline-SGD,0.2,4100,5,1.02018308639526,1.028699695506302,1.4240813855359613,1.299265583067107,1.2943534917658972,1.0317483620210537,1.4291827954397793,1.2994951844771407,1.2961292466195464
84,Pspline-SGD,0.2,4200,5,1.13881969451904,1.0252861380421463,1.416852136943448,1.2984710753451296,1.2915628075183305,1.0311456588597057,1.4279140338249376,1.2993993307261966,1.2955711102373104
84,Pspline-SGD,0.2,4300,5,1.0181405544281,1.0170614075839421,1.4040533225586607,1.2952047408426517,1.2863033711134966,1.029560244643041,1.4254100109583618,1.2990266496491591,1.2946618980636215
84,Pspline-SGD,0.2,4400,5,1.02417612075806,1.0078249596290558,1.3847511273828297,1.290512684654998,1.2792939554549172,1.0268982758314207,1.4217486379889386,1.2984586608292603,1.2934577351367682
84,Pspline-SGD,0.2,4500,5,1.01738953590393,1.009352953853177,1.3413044174100466,1.2789473098040245,1.2556117212067046,1.0244398392460656,1.4160753981687655,1.2974655644302235,1.2911154510697531
84,Pspline-SGD,0.2,4600,5,1.02591037750244,1.067322520525756,1.270331125255082,1.2405466218394936,1.1948545274134632,1.0242832628477272,1.405844050801385,1.2951486064235163,1.2851556307873342
84,Pspline-SGD,0.2,4700,5,1.02197480201721,1.0284950597894942,1.1879194155678183,1.2097646873690646,1.1602720870408634,1.02405126269829,1.390085070302339,1.2912620926709903,1.27557283116975
84,Pspline-SGD,0.2,4800,5,1.02782297134399,1.034623715010583,1.1863766694219433,1.17119934489043,1.1393751515399886,1.0230833507944401,1.372442899596665,1.286252262491116,1.264905363993716
84,Pspline-SGD,0.2,4900,5,1.02178001403809,1.0649677180473887,1.1256632812696383,1.0909273721968928,1.1010277865338185,1.0239169903473877,1.3544544558500027,1.279833345566577,1.252338106923165
84,Pspline-SGD,0.2,5000,5,1.02675747871399,1.083712338470397,1.1458791964233845,0.9893917538381047,1.1011948723381453,1.0254406699094736,1.335824634186069,1.270499894299057,1.23892542772616
84,Pspline-SGD,0.2,5100,5,0.172536849975586,1.0452580741202813,1.143511017338247,0.8891072918348899,1.0989779086643714,1.024985804194268,1.320347578755828,1.2567123369653082,1.22679011780761
84,Pspline-SGD,0.2,5200,5,0.172790050506592,1.0472895632755301,1.184262353169506,0.795114805184667,1.1267347068267946,1.0256394745416308,1.308755237356071,1.2394957313645372,1.2171114587116838
84,Pspline-SGD,0.2,5300,5,0.169838428497314,1.028543737823104,1.1779133051238777,0.7256088130378329,1.069097326666256,1.0240913435057961,1.2979209121865576,1.2169128022479907,1.2060112833014704
84,Pspline-SGD,0.2,5400,5,0.17077898979187,1.0426631526225292,1.170284594511123,0.706333142953421,0.9579639134241016,1.0217654976959902,1.2863516796315868,1.1904218695161206,1.1926995485809309
84,Pspline-SGD,0.2,5500,5,0.168714761734009,1.0229305583965824,1.1571869849499692,0.7049673119802736,0.7613406645150995,1.019407629475942,1.2755327405113728,1.1634493338053187,1.1760089197125174
84,Pspline-SGD,0.2,5600,5,0.168316125869751,1.0219076893669414,1.15166974296069,0.7078848616596493,0.6689179435879566,1.017025004313531,1.2652973913355534,1.1382526470664314,1.156127448738252
84,Pspline-SGD,0.2,5700,5,0.171764850616455,1.0193913921825686,1.1537846117620913,0.6800484617380235,0.6586514642990344,1.0147341290571155,1.2557065029725225,1.1130394534708445,1.1366531491009557
84,Pspline-SGD,0.2,5800,5,0.168817758560181,1.011659975411178,1.1451002716198568,0.6861015962807298,0.5650986057587716,1.0124608963146235,1.2468249143033452,1.0887794104247008,1.1168061313074014
84,Pspline-SGD,0.2,5900,5,0.172114133834839,0.9948632422613103,1.1257174939486911,0.6733688835962728,0.5515629720650282,1.0101121833289413,1.2382979210255163,1.0663201466256673,1.0963980896600152
84,Pspline-SGD,0.2,6000,5,0.171041965484619,0.9907128307898341,1.1264093942444935,0.6655668250080895,0.5464182627563785,1.0077970023082323,1.230944348150212,1.0454395817257247,1.07635483129407
84,Pspline-SGD,0.2,6100,5,0.168979644775391,1.000217561382862,1.1294091532625083,0.6535996835791893,0.553513958071988,1.006075210226547,1.2247311662886033,1.0255787738221334,1.0565822639447775
84,Pspline-SGD,0.2,6200,5,0.171983242034912,0.9972645576342338,1.1387967085407522,0.6678784131111073,0.5090619058984281,1.004449327843364,1.2187733338680662,1.0073784190345159,1.0371048462053565
84,Pspline-SGD,0.2,6300,5,0.168863296508789,0.9922513343895688,1.1381496815948229,0.6754928968994754,0.5123706951228539,1.0028219485732155,1.2137792009774229,0.990921304587421,1.0185319791741552
84,Pspline-SGD,0.2,6400,5,0.16964864730835,0.9938098513783975,1.1390562133700026,0.6443313680342527,0.4643189898789723,1.0012886503647946,1.2090933671527044,0.9740388251078493,1.000381417225193
84,Pspline-SGD,0.2,6500,5,0.168551206588745,0.9865836296839777,1.1427689030391284,0.6580917012672645,0.44814668532402274,0.9999069244350018,1.2047050250028208,0.9586103485867031,0.9816331259423883
84,Pspline-SGD,0.2,6600,5,0.168414115905762,0.9954914618398594,1.1520006788088621,0.6419981460260464,0.43993211238537483,0.998440436840604,1.2007381862043989,0.9446469826758086,0.9632755187163486
84,Pspline-SGD,0.2,6700,5,0.170479297637939,1.0213462607771948,1.167053967498623,0.6395191036772699,0.4086903980879941,0.9976601107171756,1.197665068913432,0.9309376671121877,0.9456507345283162
84,Pspline-SGD,0.2,6800,5,0.169341802597046,0.992670466679098,1.1478905667821897,0.6429694801259472,0.4048709394513525,0.9970962332550972,1.1951274778754322,0.9191550636750747,0.9284370849103992
84,Pspline-SGD,0.2,6900,5,0.172426462173462,0.982484760499612,1.136771143780635,0.6341391563062779,0.4269112115230722,0.9961572263309112,1.1922490289384156,0.9074939980461485,0.9124726538316518
84,Pspline-SGD,0.2,7000,5,0.17112135887146,0.9891389294003979,1.1400955167278362,0.61978781056951,0.4082791882011234,0.9950014804214339,1.1892125161881848,0.8957854875274153,0.8971644347442771
84,Pspline-SGD,0.2,7100,5,0.168895721435547,0.9565774092284891,1.1034466063008468,0.6139261949328358,0.40471780964881415,0.9933220956133537,1.1861326368653506,0.8852506557135758,0.8828154190325042
84,Pspline-SGD,0.2,7200,5,0.171841621398926,0.9449903051979723,1.0865438665192444,0.6190252206659648,0.43929127109863475,0.9912430488075847,1.1831514459770516,0.8751758871911091,0.8696522390641087
84,Pspline-SGD,0.2,7300,5,0.168524265289307,0.8879703870009872,1.057548920230318,0.6251410229752573,0.4134713578421814,0.9884958327955611,1.1798701803249145,0.8659335909158788,0.856758692229444
84,Pspline-SGD,0.2,7400,5,0.168951272964478,0.9173767895142302,1.0611758448484738,0.6045151566214675,0.4267175468343308,0.9857439509833379,1.1760901511505004,0.8569454768560667,0.8435928402873472
84,Pspline-SGD,0.2,7500,5,0.172042369842529,0.9542914455195372,1.0791590539226459,0.5752746383950529,0.40883028927463283,0.9839330980238601,1.1725612915756323,0.8479591163884245,0.8307125374346709
84,Pspline-SGD,0.2,7600,5,0.171909093856812,0.9463021172707167,1.0852958346698987,0.597375137402719,0.37964534298744945,0.9823354754511969,1.1694032562828038,0.8393542908176096,0.8186715312945398
84,Pspline-SGD,0.2,7700,5,0.168909788131714,0.9461821767289166,1.0861432921907077,0.6031204864413652,0.3897809714531486,0.9809869940708399,1.1665954776396312,0.831234745460745,0.8067547938381125
84,Pspline-SGD,0.2,7800,5,0.167771100997925,0.9156287540928735,1.0587279491777855,0.5939539573176591,0.36209538325821267,0.979374320175104,1.163545137931793,0.8238466218803325,0.7951888445212214
84,Pspline-SGD,0.2,7900,5,0.167866706848145,0.9373860709313481,1.073920008564955,0.5779581289153163,0.3891987334622141,0.9778777819069473,1.1607386970415938,0.8165104839567118,0.7845140446107892
84,Pspline-SGD,0.2,8000,5,0.17076563835144,0.9114552165358335,1.0411331528130996,0.5748357805118969,0.3952655397244502,0.9761428491644493,1.1577180045916593,0.8090492928590489,0.7741882210570596
84,Pspline-SGD,0.2,8100,5,0.168433427810669,0.9364509125767381,1.0588856363651966,0.5626899834230848,0.3742962490770643,0.9745342708748381,1.1549856772393134,0.8018033126561233,0.7645850361645149
84,Pspline-SGD,0.2,8200,5,0.168353319168091,0.910727878477444,1.0281529506813527,0.5540506311914875,0.35688907113610985,0.9733962108625173,1.1523715948816402,0.7948450185361171,0.7549345395975696
84,Pspline-SGD,0.2,8300,5,0.172289609909058,0.8967525381339325,1.0177079087457859,0.5804083153125316,0.37772596729996266,0.9715906202436679,1.1495168286315405,0.7889743988170353,0.7455738478841072
84,Pspline-SGD,0.2,8400,5,0.175859689712524,0.892434810546862,1.0207460398084338,0.5746615553838619,0.3650255340529092,0.9695828159367713,1.146503371046748,0.7837285644944342,0.7365230787843655
84,Pspline-SGD,0.2,8500,5,0.168915748596191,0.8641890129898259,1.0246223448233787,0.5829288907369816,0.3530442017804811,0.967574707891709,1.1438997335058598,0.7780703229164025,0.7273091833276445
84,Pspline-SGD,0.2,8600,5,0.169730186462402,0.8683382380456411,1.021870178211564,0.5791655624176958,0.3948120249077828,0.96523762370973,1.1411949381746243,0.7727460990228986,0.7192556247587657
84,Pspline-SGD,0.2,8700,5,0.169281482696533,0.8574550556048719,1.0070752231085711,0.5810387017930341,0.37972087070304855,0.9629154652907106,1.138545762786248,0.7680274952786279,0.7114284055881179
84,Pspline-SGD,0.2,8800,5,0.175138235092163,0.8561930883663186,0.9939577831007991,0.5439168195350962,0.4038204620834367,0.9604772748543017,1.1358820267645224,0.7629847602784127,0.7039578396408659
84,Pspline-SGD,0.2,8900,5,0.170666217803955,0.8597411633058734,0.9995921655264238,0.5574728327461197,0.44045503745997505,0.958190451865971,1.1331740661536833,0.7574864594869081,0.697416375872462
84,Pspline-SGD,0.2,9000,5,0.28598165512085,0.8411048293470323,0.971501086339235,0.548447044389673,0.434462040681073,0.9557940049743333,1.130274469143486,0.7525203535486049,0.6908518235101165
84,Pspline-SGD,0.2,9100,5,0.16986083984375,0.8308489623763318,0.968310216790512,0.5551142981058392,0.3954724241473579,0.9532935979358982,1.1274988149843048,0.7484902017679079,0.6839307811851547
84,Pspline-SGD,0.2,9200,5,0.175388813018799,0.8156294308821368,0.9478967315563817,0.5534299057040104,0.3943912373991592,0.9507699644959395,1.1246874960997977,0.74416524626655145,0.676869563045235
84,Pspline-SGD,0.2,9300,5,0.168620109558105,0.7959655233616205,0.9286137400846374,0.55373376303473,0.3726463360507974,0.9479082920985293,1.1216295873037598,0.7392046300769288,0.6705566549236119
84,Pspline-SGD,0.2,9400,5,0.168512344360352,0.807460716976321,0.9296556140198525,0.5491058038286678,0.35959337359354576,0.9451013852953396,1.1186296142149579,0.7352300611592658,0.6639092496634007
84,Pspline-SGD,0.2,9500,5,0.168443918228149,0.7531494336590715,0.9058309979699545,0.5601707487329719,0.41502989513407496,0.9422333459778146,1.1158310609769408,0.7311457795858259,0.6576705685497729
84,Pspline-SGD,0.2,9600,5,0.171106815338135,0.7713859896543653,0.8964428600564179,0.5578350413169634,0.3919671315526553,0.9390797760455152,1.1128333548028313,0.7271103218542219,0.6522796841105645
84,Pspline-SGD,0.2,9700,5,0.171312093734741,0.7598477961532393,0.8954331417151528,0.5634183017139962,0.3905527940026072,0.9359379951378247,1.1097381664792463,0.7231427324959089,0.6468238368715425
84,Pspline-SGD,0.2,9800,5,0.171677112579346,0.7416879190837009,0.8906618324275946,0.5840239669207015,0.4559689826590221,0.932606543452537,1.1066217223662695,0.720693641108014,0.6417544098014565
84,Pspline-SGD,0.2,9900,5,0.171332597732544,0.7672019659947257,0.8605572880810904,0.556599211918125,0.4322054159965459,0.9292866786878486,1.1035291112356609,0.7175707952848053,0.6367256249653239
84,Pspline-SGD,0.2,10000,5,0.170938491821289,0.7780356665986329,0.8555349578909819,0.5187496543560046,0.512788644337723,0.9266700612024107,1.1004088675355044,0.7133709334219023,0.6322348103345171
84,Pspline-SGD,0.2,10100,5,0.168674468994141,0.7685150275507509,0.8456437956958762,0.5215588770703605,0.4294919878748761,0.9240683608793043,1.097106146225741,0.7092227838512364,0.6276271224984815
84,Pspline-SGD,0.2,10200,5,0.16802453994751,0.7808533980086148,0.8597908459176722,0.5155847151999612,0.3988426315319217,0.9215891407661068,1.093925481386311,0.7053717601369588,0.6225294615759511
84,Pspline-SGD,0.2,10300,5,0.168013572692871,0.7969896003538864,0.8772022745960201,0.5233288757729875,0.3478519503783036,0.9195250523955735,1.0911035272661258,0.7014380766612186,0.616810993841954
84,Pspline-SGD,0.2,10400,5,0.168032646179199,0.789664965642591,0.8466546328668256,0.579628100445421,0.35690188669222267,0.9172310273316988,1.0882419156705687,0.6974915699067523,0.611406579608106
84,Pspline-SGD,0.2,10500,5,0.168227910995483,0.7693289344900617,0.8546882069558241,0.5435598534345677,0.34756026961185293,0.9147949853718768,1.0852757021146942,0.693531269339015,0.6064131978196113
84,Pspline-SGD,0.2,10600,5,0.17123007774353,0.7754910526247382,0.8613096800443824,0.553115169098214,0.32490149730215995,0.9124932491745943,1.0825098580968806,0.6902491159283551,0.6010907248043309
84,Pspline-SGD,0.2,10700,5,0.170941352844238,0.7654988551245463,0.8612742192118403,0.538460252014125,0.3849924583148048,0.9101948501726516,1.079705242291672,0.6869568009096656,0.5962814642710565
84,Pspline-SGD,0.2,10800,5,0.168308258056641,0.7827462451952624,0.8522629696439502,0.548494589160791,0.3399629825248963,0.9079305078227367,1.0769377133665172,0.6838823265369387,0.5917295339808999
84,Pspline-SGD,0.2,10900,5,0.168744325637817,0.7614134324647188,0.8388501656752149,0.5316663049458312,0.35854116834733346,0.9057307182598099,1.074156848627165,0.6809690619100235,0.5870562838692794
84,Pspline-SGD,0.2,11000,5,0.168536424636841,0.763076034086359,0.8429805952834164,0.5377694483505668,0.3547234662578321,0.9036026979626918,1.0715125091411293,0.6781678804791703,0.5826448055589782
84,Pspline-SGD,0.2,11100,5,0.168346643447876,0.7728095590465227,0.8381652462057019,0.5599411042602559,0.3528086110849193,0.9015752857767868,1.0689936567210714,0.6754795662910494,0.5779759415454101
84,Pspline-SGD,0.2,11200,5,0.171436309814453,0.7524608359467639,0.8480574123388572,0.5519981510374783,0.3445146131436823,0.8996350059821794,1.0664988584815336,0.6727773321831587,0.573420083293609
84,Pspline-SGD,0.2,11300,5,0.168727874755859,0.7473821689873578,0.8189184948698673,0.5738064229682065,0.39174150673256014,0.8974932426762732,1.0640130772060359,0.6705101694899165,0.5697004186732382
84,Pspline-SGD,0.2,11400,5,0.170410394668579,0.7527472552908199,0.8222222171806227,0.5656355158858565,0.35438119854785255,0.8953955161104267,1.0615356283679076,0.667873036210524,0.5659376746763205
84,Pspline-SGD,0.2,11500,5,0.167912244796753,0.7399978383013589,0.8216915528405766,0.5821520044634407,0.3374164837738222,0.8932647130332683,1.0591300768359015,0.6655488114825877,0.5616761747007265
84,Pspline-SGD,0.2,11600,5,0.170885324478149,0.7465620917504204,0.8100190491277175,0.5948441487398924,0.3116045877654596,0.8910641790801783,1.0566921329419963,0.6634366291752631,0.5575724102835987
84,Pspline-SGD,0.2,11700,5,0.171503305435181,0.7486573152887287,0.825770845733934,0.5989701131689206,0.3324117832520516,0.8889455976101762,1.0543727897960602,0.6612772985390322,0.5536815871157523
84,Pspline-SGD,0.2,11800,5,0.16933536529541,0.7380873874571485,0.8076685173060378,0.6143022849693693,0.3057110588900457,0.8868367028064229,1.0521942935783053,0.6595605251721801,0.549879685776181
84,Pspline-SGD,0.2,11900,5,0.168367862701416,0.7322363177634246,0.8010669057134258,0.5898950074638485,0.3457633831411341,0.8847046611223539,1.0498818261093195,0.6577233934568714,0.5464373710113268
84,Pspline-SGD,0.2,12000,5,0.17162013053894,0.7351469827349191,0.8093085845511304,0.5887144723719189,0.3272706289959724,0.8824634422343407,1.0474637688867396,0.6558187046145798,0.543053571671905
84,Pspline-SGD,0.2,12100,5,0.168209075927734,0.6956328653582884,0.7580279083685751,0.5783690347620096,0.3392765869919951,0.8800299793320994,1.0449034645015012,0.6541384453173666,0.539998339404445
84,Pspline-SGD,0.2,12200,5,0.168889760971069,0.678246497593896,0.7313026348100397,0.5740050289068928,0.3831396212066708,0.8773332825033847,1.0422158079261556,0.6524939492992466,0.5373496189518971
84,Pspline-SGD,0.2,12300,5,0.171366214752197,0.6165641476833098,0.7008587243914148,0.5939915190796914,0.3556442905838151,0.8743120367729832,1.039330064955652,0.6512414761313393,0.5346467975362434
84,Pspline-SGD,0.2,12400,5,0.168459177017212,0.6264143542464158,0.69423045037576,0.5666389051233283,0.3532972961694727,0.8710863615648838,1.0362504980633485,0.6500052963288091,0.5316222996496991
84,Pspline-SGD,0.2,12500,5,0.171184301376343,0.6770627011940822,0.7185669419935513,0.5519703220690064,0.34091957474824514,0.8683000177841602,1.0333080771013425,0.6484788291902785,0.528468533223642
84,Pspline-SGD,0.2,12600,5,0.16813588142395,0.6650462155016068,0.7408991772828627,0.5756746938006325,0.321999753406345,0.8656854169435932,1.0305325200702813,0.6469321426633493,0.5256462882623236
84,Pspline-SGD,0.2,12700,5,0.166955471038818,0.6777197583676149,0.7379806033761257,0.5757987578116681,0.29018940354611583,0.8633098343193761,1.0279304122983768,0.6454594893520866,0.5226482679944902
84,Pspline-SGD,0.2,12800,5,0.171519041061401,0.6483942615707381,0.7167950135466779,0.5881661031679148,0.3431802365496284,0.8609559321404128,1.025234422971368,0.6441757331705865,0.5200128367416359
84,Pspline-SGD,0.2,12900,5,0.168452739715576,0.6683260107055501,0.7266141739855454,0.5828569293943815,0.3772934273829309,0.858525980171373,1.022599769225959,0.6429163848417865,0.5178617794339186
84,Pspline-SGD,0.2,13000,5,0.168132781982422,0.6431737958634771,0.689267154612152,0.5841676169228902,0.3718494683272738,0.8559953039411916,1.019860526757165,0.6415510367945069,0.5155389365218965
84,Pspline-SGD,0.2,13100,5,0.171236753463745,0.6698198542213413,0.7120972592155725,0.5924843037408233,0.35951732022808314,0.8534697246606585,1.0171742036964477,0.6402214868113577,0.5135408685797278
84,Pspline-SGD,0.2,13200,5,0.171106338500977,0.6343794691347762,0.6740197298478472,0.5818762534888439,0.33847529412524796,0.8511685585498121,1.014583627795786,0.6389504206611799,0.5113363318858668
84,Pspline-SGD,0.2,13300,5,0.168506383895874,0.6110699424714959,0.6590039003599808,0.5972979273388316,0.3770716571371223,0.8485260656483642,1.0118074240568453,0.6380694836797036,0.5092584567018824
84,Pspline-SGD,0.2,13400,5,0.171810388565063,0.6102122728512152,0.6660231198833548,0.5827066039004556,0.34045487732059665,0.8458253916844137,1.0088980467743938,0.6372352590957792,0.5072165255095967
84,Pspline-SGD,0.2,13500,5,0.168123483657837,0.5875188842510856,0.6907546127720365,0.5706430759713249,0.3350222757414427,0.8431734072958584,1.006191889964008,0.6362135648703273,0.5045401235239096
84,Pspline-SGD,0.2,13600,5,0.168614149093628,0.6109122006663475,0.684391242699034,0.5840413350633011,0.3943556407341705,0.8405110089994438,1.0035005448466805,0.6352613698681643,0.5025932102554155
84,Pspline-SGD,0.2,13700,5,0.17195200920105,0.6101570480965769,0.6781924478518809,0.5858712395461803,0.43501405662983644,0.8379475442631366,1.0009133736886602,0.6344861575899484,0.5011089977385974
84,Pspline-SGD,0.2,13800,5,0.170610189437866,0.6184320166621387,0.6569596934672455,0.5785397898680632,0.3909922738786037,0.8353369620255816,0.998288096217771,0.6335635183155052,0.49961317813056744
84,Pspline-SGD,0.2,13900,5,0.167955160140991,0.6211500580096269,0.6725365215231599,0.5791190054219114,0.42037548109619005,0.8328342881574252,0.9956289651144609,0.6323627334976403,0.49803193907585425
84,Pspline-SGD,0.2,14000,5,0.168803691864014,0.6237564698708963,0.6407765526495115,0.5805209652879966,0.4413932177253385,0.8304051911597676,0.9929199893789861,0.6313411499314283,0.4964905052323176
84,Pspline-SGD,0.2,14100,5,0.171757459640503,0.6130194601595644,0.6425420989442296,0.5784008278989682,0.39244792863358907,0.8279888397453026,0.9902729966973579,0.6306008867618185,0.49474884421591936
84,Pspline-SGD,0.2,14200,5,0.171398639678955,0.6010999020964332,0.6224830795082857,0.5779958422991196,0.39330065636836653,0.8255742621584148,0.98762178687376,0.6297131325543612,0.4927804838098674
84,Pspline-SGD,0.2,14300,5,0.168393611907959,0.598459754544873,0.6077069205509941,0.592082437262265,0.3808304611695857,0.823058842553317,0.9848801101393789,0.6286480578218573,0.4911373483536331
84,Pspline-SGD,0.2,14400,5,0.170769214630127,0.6233317438782794,0.6056419230255663,0.5969113193846569,0.3709083713286216,0.8205818653902929,0.9821500947051867,0.6279402724441898,0.4893154242573865
84,Pspline-SGD,0.2,14500,5,0.168178081512451,0.5534913733190187,0.601579532326978,0.596971716922749,0.43464157689551103,0.8180093193316925,0.9795211056864387,0.6272191506822618,0.487647996452153
84,Pspline-SGD,0.2,14600,5,0.167865037918091,0.5958647967604123,0.578718123705301,0.6312609208880764,0.4253682791839205,0.8153102247928316,0.9768273245992015,0.6265105096794078,0.4864268316434518
84,Pspline-SGD,0.2,14700,5,0.171241760253906,0.5757488861863586,0.5868850660591644,0.6097136067647431,0.45646267879027946,0.812635229200356,0.9740629497368843,0.6258132829732473,0.4852686775035604
84,Pspline-SGD,0.2,14800,5,0.171898603439331,0.573848014145208,0.5832915922390189,0.6090986883449404,0.526318709159848,0.809918290547296,0.971273798156706,0.6255538005773665,0.4843011914193328
84,Pspline-SGD,0.2,14900,5,0.168483257293701,0.5932470756200772,0.5505484712820609,0.6121003964848181,0.4910447578688522,0.8072514655919423,0.9685268991873532,0.6251595402340929,0.4832575792397992
84,Pspline-SGD,0.2,15000,5,0.168075799942017,0.6143471054295964,0.5410016439950386,0.6000490039831835,0.5223764761287322,0.8048801196586154,0.9657683594961833,0.624345586357741,0.4821812280516249
84,Pspline-SGD,0.2,15100,5,0.167558670043945,0.6108227675489644,0.5289819325980611,0.6003320028417685,0.44434219216534304,0.8026645323628404,0.9629371149038568,0.6234052153082527,0.48098209391976043
84,Pspline-SGD,0.2,15200,5,0.17400860786438,0.6105986129611516,0.5452220552097203,0.5952163196404306,0.43579758031196864,0.8005367576788256,0.960159928153398,0.6225394028491023,0.4794839508582618
84,Pspline-SGD,0.2,15300,5,0.171371459960938,0.6299241242970676,0.569073889990323,0.605040130550496,0.38602144429939805,0.7986508850767573,0.9576193587224274,0.6216483996725507,0.47770370901063747
84,Pspline-SGD,0.2,15400,5,0.170165777206421,0.6294589547026874,0.555965379248524,0.6449392979810631,0.39946074499967,0.7965739905669639,0.9551048124817656,0.6209947176213026,0.4760536941650443
84,Pspline-SGD,0.2,15500,5,0.170682430267334,0.6312479989210537,0.577124781258031,0.6199205378896954,0.39571251221137427,0.7945706141138182,0.9525864815866849,0.6201577821266646,0.4745955696385051
84,Pspline-SGD,0.2,15600,5,0.174237012863159,0.6229127464206612,0.5620042020960331,0.6144247522403236,0.3851550581424916,0.7925913929731748,0.9500931119663724,0.6196272835963658,0.4729254909744818
84,Pspline-SGD,0.2,15700,5,0.16795825958252,0.6180744026866937,0.5652172704476612,0.6173934536629249,0.4548927569011386,0.7905710252517553,0.9475535704621874,0.6190072869235479,0.4716638292352484
84,Pspline-SGD,0.2,15800,5,0.168516159057617,0.6314135816062402,0.5615958948651772,0.6158856045974901,0.40851296002519627,0.7887104579498451,0.9450789342678615,0.6183820556555117,0.470521630441166
84,Pspline-SGD,0.2,15900,5,0.17374587059021,0.6310776374192681,0.5400258276102005,0.6110158584127259,0.3895331677780091,0.7868638345635599,0.9425463852711353,0.6176922229272513,0.4689996649174901
84,Pspline-SGD,0.2,16000,5,0.17270040512085,0.629694888237305,0.5446175101637474,0.6185201051320519,0.3924369670794543,0.7851095800291622,0.9400920202537068,0.6170861926785688,0.4676095038132183
84,Pspline-SGD,0.2,16100,5,0.174521446228027,0.6333606672851891,0.5282417507494841,0.6331679099230738,0.3740390001430601,0.7833337959861377,0.9376389593277389,0.616628429350431,0.4660578426153123
84,Pspline-SGD,0.2,16200,5,0.165701627731323,0.6145475987125336,0.5361059944309013,0.6233406252792858,0.3968518151796747,0.7815597940674932,0.9351702054565534,0.6161540042401583,0.4646913867573974
84,Pspline-SGD,0.2,16300,5,0.170526027679443,0.6252956566058894,0.5097236721734032,0.6478500495893283,0.45008184675491647,0.7797392277533375,0.932710571078959,0.6157669805458021,0.46381033825027723
84,Pspline-SGD,0.2,16400,5,0.171781301498413,0.6265819369161887,0.5250592673952167,0.6578630530341005,0.39548756753801945,0.7778817653811232,0.9302471909595155,0.6152987720038112,0.46282439919118146
84,Pspline-SGD,0.2,16500,5,0.171552896499634,0.6258185702973347,0.512323800881589,0.659167271740228,0.3884759662452694,0.7760138889556288,0.9278577299732478,0.6150412225399482,0.46163126654679787
84,Pspline-SGD,0.2,16600,5,0.165491819381714,0.6365213104176952,0.49248542204133927,0.6747860857366078,0.37140568197474455,0.774100738192157,0.9253922851461559,0.6149448804931428,0.46041878589054525
84,Pspline-SGD,0.2,16700,5,0.170930862426758,0.6291996970919624,0.505102021840691,0.6823298774767942,0.40293969414406755,0.7722279157787488,0.9229972854228111,0.6148257247980863,0.45924650320049415
84,Pspline-SGD,0.2,16800,5,0.166682004928589,0.6409222121249298,0.4999830445214612,0.7109112269908003,0.33712958593626496,0.7703493060873071,0.9206979932852203,0.6149075060861698,0.4579667811027655
84,Pspline-SGD,0.2,16900,5,0.170942783355713,0.6286807981911493,0.4897801312014801,0.6758397247253632,0.3651524161408948,0.7684752736066901,0.9183625886367964,0.6149933468166264,0.456766924753113
84,Pspline-SGD,0.2,17000,5,0.168145418167114,0.6226644719635572,0.49061916530712085,0.6710069576561376,0.3522093083958028,0.766575562405366,0.9159431525164211,0.6149562728555293,0.45554432247996224
84,Pspline-SGD,0.2,17100,5,0.172009468078613,0.599250935753566,0.4590730935704575,0.6678709737355097,0.35762480214260334,0.7645848834684709,0.9134290392696146,0.6149783777110781,0.4544592881176787
84,Pspline-SGD,0.2,17200,5,0.169171333312988,0.6024258402613517,0.44218724155639394,0.6628983502125574,0.38237737212410633,0.7624442146388184,0.9108847880497888,0.6150937903369732,0.4535818512072347
84,Pspline-SGD,0.2,17300,5,0.174504280090332,0.5856979892294187,0.45309162504224554,0.668924437668685,0.3519474499917394,0.7601469895479678,0.9082905522950951,0.6153804202998137,0.45264736312822657
84,Pspline-SGD,0.2,17400,5,0.167228937149048,0.5844453970110858,0.43006242801002476,0.6638060793089524,0.335821762975879,0.7578130971796245,0.9056819035181949,0.6157056810720443,0.451320386438388
84,Pspline-SGD,0.2,17500,5,0.17273736000061,0.6291173002934684,0.4444766885846175,0.6668566357163566,0.3238538469284523,0.7557712837339887,0.9031575779300649,0.6158642531662758,0.4498673010964894
84,Pspline-SGD,0.2,17600,5,0.167689561843872,0.6101157725808112,0.47668913848037714,0.6673230218805594,0.30684188823549735,0.7539007970987712,0.9007341208823433,0.6159332918215484,0.44870148795113907
84,Pspline-SGD,0.2,17700,5,0.168488502502441,0.6158666853906114,0.47118710509429795,0.6781002702143062,0.3119073426317065,0.7521868936311605,0.8983832202203104,0.6159786554795108,0.4474597805168312
84,Pspline-SGD,0.2,17800,5,0.167952537536621,0.6025351843552345,0.44279376849685864,0.683674099988902,0.34623866297492667,0.7504488478726021,0.8959570408864087,0.616075368392686,0.44632120331690184
84,Pspline-SGD,0.2,17900,5,0.168221712112427,0.6289107051055384,0.45467980834449406,0.6796839605227176,0.38437982183073754,0.7486859146567996,0.8935783528674319,0.6161916060567136,0.44560078667323655
84,Pspline-SGD,0.2,18000,5,0.170855283737183,0.6157347252143248,0.42514466601413586,0.6782258802130886,0.37545488295818086,0.7469055553807132,0.8911709189148292,0.6162855902079112,0.4447502860731782
84,Pspline-SGD,0.2,18100,5,0.171125411987305,0.6363232709676239,0.44747367224228485,0.685293746509139,0.3688750204001093,0.7451182678594167,0.8887999184473749,0.61642265341454,0.44410499737502523
84,Pspline-SGD,0.2,18200,5,0.168106079101562,0.6180752328151813,0.41866938912011403,0.6775112224315696,0.34790499200538827,0.7435126430188342,0.8865034488224314,0.6165511514312312,0.4433248136561968
84,Pspline-SGD,0.2,18300,5,0.169060707092285,0.5956649611477325,0.39333360821562474,0.6910741402626734,0.3854757940138684,0.7416991229134439,0.8840754883311512,0.6168407597132695,0.44262188646740225
84,Pspline-SGD,0.2,18400,5,0.168388605117798,0.5943294222734377,0.39878609155544886,0.6715532739494617,0.34448016116125624,0.7398480476185774,0.8815253127325582,0.6170908618301366,0.44190096940993984
84,Pspline-SGD,0.2,18500,5,0.168284893035889,0.5731868035616544,0.4481315985108578,0.6474254629560315,0.3430622138235793,0.7380158421398957,0.87910373138701,0.6172033112166221,0.4407154940027495
84,Pspline-SGD,0.2,18600,5,0.16966438293457,0.5983705389638755,0.42627722062045975,0.6640835446956129,0.3902457641056555,0.7362124019307776,0.8766991663525907,0.6173330738121199,0.4400235019572939
84,Pspline-SGD,0.2,18700,5,0.170252084732056,0.6036359519039897,0.42246972580956677,0.6668059065501418,0.39151920102031246,0.734475367546802,0.8743364414128126,0.6175387014778078,0.4394423811796908
84,Pspline-SGD,0.2,18800,5,0.167910099029541,0.6391102414638722,0.4189764770755274,0.6835143817491894,0.39847987766713366,0.7328016472738991,0.8719838132776725,0.6177255551777829,0.4388891266156415
84,Pspline-SGD,0.2,18900,5,0.168132781982422,0.6303793135567485,0.40364805604764326,0.6790540203310098,0.45545745986147984,0.7312379522882284,0.8696241278413033,0.6177116011402122,0.4385813093752835
84,Pspline-SGD,0.2,19000,5,0.16819167137146,0.6401805156078422,0.3697836231329269,0.6806837778410793,0.4610873611706519,0.729741715538897,0.8672073639638345,0.6177227601777564,0.43828616864480235
84,Pspline-SGD,0.2,19100,5,0.168172121047974,0.6335861788344841,0.3733017166711688,0.6844075567686725,0.41465295603793273,0.7282242036884699,0.864814792335082,0.6179486010433254,0.43781336854854697
84,Pspline-SGD,0.2,19200,5,0.168283700942993,0.6286565637121638,0.3587018247947569,0.680098038946202,0.4137516224665346,0.7267089109715573,0.8624327125801665,0.6180971799524477,0.43714675761682786
84,Pspline-SGD,0.2,19300,5,0.168255090713501,0.6495132630719308,0.3437371216777719,0.6961647876856418,0.4011299684399342,0.7251833701949836,0.860011629461502,0.6181894342432317,0.43669196838280055
84,Pspline-SGD,0.2,19400,5,0.171473264694214,0.6758935010019526,0.3457930630464531,0.7073741448298085,0.3956638783652983,0.72376985104868,0.8575993026689697,0.6183649291393718,0.4360962155086437
84,Pspline-SGD,0.2,19500,5,0.167869567871094,0.6074931346938685,0.36624315885726916,0.677358744603518,0.4598065527683615,0.7222080189094091,0.8552347218455287,0.6185448754794426,0.43559503646677095
84,Pspline-SGD,0.2,19600,5,0.168686389923096,0.6492879889434893,0.34093399136778696,0.7217498391831108,0.48030426331581966,0.7205629874091433,0.8528469928775047,0.6187686696675381,0.4353788008375093
84,Pspline-SGD,0.2,19700,5,0.170886993408203,0.643758443647099,0.36380365577322427,0.7063701833932179,0.4739426265774868,0.7189761398081987,0.8504446812585938,0.6190338934762415,0.43516337594865084
84,Pspline-SGD,0.2,19800,5,0.167171955108643,0.6434169278366846,0.3756832966260887,0.7022083830305538,0.5474021859465296,0.7173730250275205,0.848036379663706,0.6195386015692631,0.4351049219004966
84,Pspline-SGD,0.2,19900,5,0.167377710342407,0.6749082917375078,0.3218369901201826,0.7191835959990627,0.5061167033835237,0.7158421492070263,0.8456593566288026,0.6199766445534839,0.4349864759313415
84,Pspline-SGD,0.2,20000,5,0.171479463577271,0.6922219361856418,0.31055332049790957,0.7247150988552672,0.5377252440745428,0.7145742868658317,0.8432774086677582,0.6201279678393162,0.43483378725935995
84,Pspline-SGD,0.2,20100,5,0.16753363609314,0.6931196402454343,0.29090473328762123,0.7275615115265117,0.4617595088546362,0.7134706187002829,0.8408733625663808,0.620234595243691,0.43458244845731836
84,Pspline-SGD,0.2,20200,5,0.168550252914429,0.6818002030122396,0.31016984121587826,0.7188221620959915,0.4578236069572003,0.7124363722580366,0.8384932634714084,0.6203411035606802,0.4341273837886038
84,Pspline-SGD,0.2,20300,5,0.171510696411133,0.6936163006656791,0.33477399618316256,0.7198235344302035,0.41685923748982306,0.7115119101922972,0.8362537496916636,0.6204419554353143,0.43348031898437717
84,Pspline-SGD,0.2,20400,5,0.168254852294922,0.694876341498165,0.3229625489084224,0.7545031275888161,0.4268308991084433,0.7104178626650115,0.8340505105577363,0.6207020604292212,0.43289561857008446
84,Pspline-SGD,0.2,20500,5,0.168582916259766,0.6995429927155626,0.37332376144806567,0.7377124757651969,0.4217907220266384,0.7094054549757275,0.8318564964397599,0.620860049872096,0.43236406395561783
84,Pspline-SGD,0.2,20600,5,0.171247959136963,0.6922362288300955,0.32367154134930787,0.7258253707062089,0.40899526013335097,0.7083750047828149,0.8296372629207108,0.6211469556443316,0.43166647792472884
84,Pspline-SGD,0.2,20700,5,0.168588161468506,0.6943882199472953,0.33720671301872934,0.7301580176557309,0.4764224277314397,0.7073399209512548,0.827390685649819,0.6213407258896987,0.431268929722258
84,Pspline-SGD,0.2,20800,5,0.169151782989502,0.6995748009058819,0.32399054392729915,0.7257543477397865,0.4264317869268017,0.7064393283186685,0.825197774807235,0.6215014904466796,0.43094293692962765
84,Pspline-SGD,0.2,20900,5,0.168423175811768,0.7092036125278676,0.3020334991172461,0.7285245287219579,0.40310253165631227,0.7055812259925509,0.8229596544562473,0.6216229792008645,0.43032621888847655
84,Pspline-SGD,0.2,21000,5,0.170382022857666,0.7124251374870143,0.31015247571915144,0.7342024024547493,0.40311704482552907,0.7048136187501934,0.8207675533206616,0.6217819891359436,0.4297851525924088
84,Pspline-SGD,0.2,21100,5,0.16753101348877,0.7179054260698757,0.29481608358620653,0.747519718844311,0.3821395366315324,0.7040199817210006,0.8185762448569683,0.6220150963075199,0.42908145987725727
84,Pspline-SGD,0.2,21200,5,0.167506456375122,0.6891826016549897,0.3293977134836378,0.7333859472967333,0.3973214060271616,0.7031927657352054,0.8163733758790211,0.622283446530223,0.42848193621673986
84,Pspline-SGD,0.2,21300,5,0.170336961746216,0.7133014457300438,0.30501615638875934,0.7501279186675869,0.4326158191079822,0.7022927070485574,0.8141837164863909,0.6226299257032498,0.42813906424377196
84,Pspline-SGD,0.2,21400,5,0.168550968170166,0.7165094818528016,0.3193936536650531,0.7593492412384591,0.3771965924978247,0.701417822922047,0.8120361831878576,0.6229984916606397,0.42766970802202803
84,Pspline-SGD,0.2,21500,5,0.17076849937439,0.7197912965877412,0.3152420056274089,0.757459363372107,0.3697561922676491,0.7005637063016098,0.8099379210168852,0.6234111872656452,0.4270480454561612
84,Pspline-SGD,0.2,21600,5,0.170630693435669,0.7484435317870979,0.2984655702964096,0.7815126570741586,0.36923644285727086,0.6997498575288214,0.8077990223743123,0.6238815627178218,0.4264642408117896
84,Pspline-SGD,0.2,21700,5,0.171108722686768,0.7311940318272312,0.30286729513008415,0.7825878395648863,0.40361178645656487,0.698959167971827,0.8057042623045693,0.6243681256260988,0.42593027444200393
84,Pspline-SGD,0.2,21800,5,0.17098593711853,0.7581572866822314,0.32229082679292326,0.8172396499337848,0.3254300475359314,0.6980851099314028,0.8036653661832379,0.6250187590990268,0.4252656069471287
84,Pspline-SGD,0.2,21900,5,0.168777704238892,0.741608335560829,0.3023123317078286,0.7831308661254606,0.35231125852646267,0.69724064186015,0.8016216496228241,0.6257076436322944,0.42462190542262135
84,Pspline-SGD,0.2,22000,5,0.168881416320801,0.7323587660331664,0.30409321097657893,0.7787416114552883,0.3425349546177654,0.69638969966542,0.7995103547493311,0.6262842972357513,0.4239492399621742
84,Pspline-SGD,0.2,22100,5,0.168625354766846,0.7311437847239168,0.2937146884541253,0.7728870526691726,0.3507322711368941,0.695489832310054,0.7973333866448845,0.6269017384300009,0.4233737474031408
84,Pspline-SGD,0.2,22200,5,0.171109676361084,0.7399165350074531,0.2953542588276206,0.7693100780901412,0.37339474437138787,0.6945144311079451,0.7951460911438216,0.6275846841909148,0.42295090469747987
84,Pspline-SGD,0.2,22300,5,0.167132616043091,0.73562202424992,0.35102394545680937,0.7587030489141058,0.338720416429667,0.6934309188422532,0.7929305902833942,0.6283620491152735,0.42245609144584517
84,Pspline-SGD,0.2,22400,5,0.170522689819336,0.7284634912776683,0.29599221582611007,0.7647874419022161,0.3241875653391104,0.6922913558832395,0.7907103128714563,0.6291675863470875,0.4216358731133748
84,Pspline-SGD,0.2,22500,5,0.167635917663574,0.7552097001774765,0.282747491863427,0.7818583750810176,0.3149297874343484,0.6913378478583081,0.7885371939992947,0.6298728131576488,0.42073486304931074
84,Pspline-SGD,0.2,22600,5,0.168511867523193,0.7300766184378665,0.3036740714836463,0.7731321789000792,0.3168570104678001,0.6905126744418114,0.7864221723156976,0.630517684195014,0.4200532474115279
84,Pspline-SGD,0.2,22700,5,0.171022891998291,0.7385494301223569,0.2992994520437338,0.783239777156231,0.3089982216343637,0.6897769437797434,0.7843543377174476,0.6311036970640403,0.4193921913287583
84,Pspline-SGD,0.2,22800,5,0.174925804138184,0.7396247162976304,0.2900123193455537,0.7889861002193724,0.34243453183286743,0.6890321860939969,0.782244118673433,0.6317345981128092,0.41876771262000906
84,Pspline-SGD,0.2,22900,5,0.171563386917114,0.7582529317256852,0.29473474954781403,0.7888959985793192,0.38023460928252806,0.6882786026380069,0.7801787413958367,0.6323873229917893,0.4184458536934949
84,Pspline-SGD,0.2,23000,5,0.17140531539917,0.7569051102694191,0.28434563497140464,0.786070281684635,0.3715080578253515,0.6875371255726666,0.7781034864535564,0.6330382908605725,0.4180116007241386
84,Pspline-SGD,0.2,23100,5,0.171557426452637,0.7648077659455732,0.2931005268409341,0.7919811093112398,0.368895305003934,0.6867820893440516,0.7760614421135906,0.6337199876170855,0.4177256189039751
84,Pspline-SGD,0.2,23200,5,0.175268650054932,0.7604420429128248,0.28764139305767983,0.7849511122847131,0.344524373652234,0.6861682338826045,0.7740559314152772,0.63438255310785,0.41734248607653585
84,Pspline-SGD,0.2,23300,5,0.168954133987427,0.7392365313461092,0.25323791558940306,0.8016096015370671,0.3854091500337452,0.6854146960365813,0.7719655067963169,0.6351102105966225,0.41702446195707604
84,Pspline-SGD,0.2,23400,5,0.282081127166748,0.7516053127901209,0.27001160694863596,0.7853805262409297,0.34959234412842594,0.6846344885928023,0.7697643513639472,0.6358202347730761,0.41658477853967607
84,Pspline-SGD,0.2,23500,5,0.167442321777344,0.7304484383598776,0.3206367983181121,0.7628566814928259,0.35316563699557935,0.6838098031093043,0.7676319549003436,0.636509713894621,0.41593389585785273
84,Pspline-SGD,0.2,23600,5,0.172330856323242,0.7500034149974617,0.29753955903848306,0.7790819151910349,0.39358947660801646,0.6829952112454508,0.7655283781098677,0.6372030769362106,0.415674969568559
84,Pspline-SGD,0.2,23700,5,0.168380260467529,0.7469036863978917,0.30331291398404947,0.7776199407124617,0.4240372753853489,0.6822148380338098,0.7634496661775053,0.637913475243912,0.4155576585130922
84,Pspline-SGD,0.2,23800,5,0.168440103530884,0.7865715194311104,0.2918852090593764,0.8010289665977766,0.3868915503802513,0.6815005921450747,0.7613806272655678,0.6386400148893371,0.4154243445066631
84,Pspline-SGD,0.2,23900,5,0.168628454208374,0.7668427378205172,0.25915702239637506,0.7877023316110766,0.42444342447654426,0.680850625984632,0.7592752192538107,0.6392052350445186,0.4152722810022346
84,Pspline-SGD,0.2,24000,5,0.172873258590698,0.7863469900826072,0.2425378606428573,0.799279728629831,0.44150213890883167,0.6802722580958607,0.7571456463701967,0.6397759997848913,0.41514293875153846
84,Pspline-SGD,0.2,24100,5,0.168997764587402,0.7818680838964444,0.2624157318299321,0.7999463787885793,0.38988786860862323,0.6796955244105863,0.7550528972386874,0.6404928948424902,0.41490443781956016
84,Pspline-SGD,0.2,24200,5,0.172296285629272,0.778214580763762,0.26453259783817745,0.7928511627328251,0.39231486395938275,0.6791050453318084,0.7529631649819802,0.641171129024935,0.414509680192115
84,Pspline-SGD,0.2,24300,5,0.172058343887329,0.8007382683954994,0.2919757223021695,0.8079615350857532,0.38129794471449524,0.6785277555855067,0.7508663816313738,0.6418605319186653,0.41427528932422325
84,Pspline-SGD,0.2,24400,5,0.175652265548706,0.8243227042825645,0.26835335368772084,0.8212608363156173,0.37254956536959233,0.6779831818422194,0.7487776755243148,0.6426724942026363,0.41392161220385376
84,Pspline-SGD,0.2,24500,5,0.171939373016357,0.773692334558011,0.31694402299550734,0.7845776099487083,0.43184068645819496,0.6773518578221772,0.7467207230953093,0.643447543653886,0.4136253777341099
84,Pspline-SGD,0.2,24600,5,0.170062780380249,0.8118134422041234,0.29583874707057345,0.8363450824674824,0.42802808575371065,0.6766562025803241,0.7446562737430268,0.644211334419137,0.41355001845496364
84,Pspline-SGD,0.2,24700,5,0.168483972549438,0.798883440629491,0.31933944683149984,0.8054491038283249,0.46015962242071823,0.6760285592405428,0.7425970387488071,0.6450305844218306,0.4135183212520738
84,Pspline-SGD,0.2,24800,5,0.169009447097778,0.7972116231472576,0.3444713126884658,0.8039381303104648,0.5289424947738659,0.6753542484865229,0.7405130675658115,0.6459623692255357,0.41363632518525045
84,Pspline-SGD,0.2,24900,5,0.168426513671875,0.8311993616958717,0.3043662199656874,0.8272982749330884,0.4909760914296699,0.6747607384336032,0.7384592988181483,0.6468596636378454,0.4137170825167867
84,Pspline-SGD,0.2,25000,5,0.169072866439819,0.8431514323311023,0.2849600482033076,0.8413246972317872,0.523453514757461,0.6743357718475168,0.7364070880963227,0.6476292707817988,0.41376933488391665
84,Pspline-Adam,0.2,0,5,32.0605096817017,0.9295523100050781,1.3521132454830873,1.438994269942289,1.274621014774095,0.9295523100050781,1.3521132454830873,1.438994269942289,1.274621014774095
84,Pspline-Adam,0.2,100,5,0.991029500961304,0.40000664748683845,0.468904665350261,0.9925752858437532,0.8083503635181238,0.40000664748683845,0.468904665350261,0.9925752858437532,0.8083503635181238
84,Pspline-Adam,0.2,200,5,0.990700721740723,0.27583214648761484,0.29695968845211634,0.33918885885966604,0.33999731255269994,0.27583214648761484,0.29695968845211634,0.33918885885966604,0.33999731255269994
84,Pspline-Adam,0.2,300,5,0.988567352294922,0.24084018624319975,0.23125699885056064,0.23709421510830891,0.27293245202637156,0.24084018624319975,0.23125699885056064,0.23709421510830891,0.27293245202637156
84,Pspline-Adam,0.2,400,5,0.988650798797607,0.23830234480806833,0.21372496542997482,0.23583596855184785,0.27755483378715773,0.23830234480806833,0.21372496542997482,0.23583596855184785,0.27755483378715773
84,Pspline-Adam,0.2,500,5,0.997636556625366,0.2212133520505773,0.24852703678723242,0.21335779166655228,0.30885456321396365,0.2212133520505773,0.24852703678723242,0.21335779166655228,0.30885456321396365
84,Pspline-Adam,0.2,600,5,0.990218639373779,0.21787149041025117,0.19829687134486051,0.20337739567358482,0.23764288085582624,0.21787149041025117,0.19829687134486051,0.20337739567358482,0.23764288085582624
84,Pspline-Adam,0.2,700,5,0.992090225219727,0.1838189332782327,0.15903600176618696,0.2571194294488024,0.25069261121217795,0.1838189332782327,0.15903600176618696,0.2571194294488024,0.25069261121217795
84,Pspline-Adam,0.2,800,5,0.972816944122314,0.177127887053865,0.162744569546721,0.1926819190318435,0.16727752778445762,0.177127887053865,0.162744569546721,0.1926819190318435,0.16727752778445762
84,Pspline-Adam,0.2,900,5,0.984628438949585,0.2236535881674377,0.17149784688331624,0.18335631726290258,0.190547994303219,0.2236535881674377,0.17149784688331624,0.18335631726290258,0.190547994303219
84,Pspline-Adam,0.2,1000,5,0.984514951705933,0.1937934775547347,0.16748212095159778,0.17185554788974408,0.20075021602429405,0.1937934775547347,0.16748212095159778,0.17185554788974408,0.20075021602429405
84,Pspline-Adam,0.2,1100,5,0.990001201629639,0.19639352423125778,0.1490197082009064,0.18352517222037504,0.2572638672411165,0.19639352423125778,0.1490197082009064,0.18352517222037504,0.2572638672411165
84,Pspline-Adam,0.2,1200,5,0.976331233978271,0.1690974244030925,0.20619353850296732,0.16567111468958848,0.2287876901858354,0.1690974244030925,0.20619353850296732,0.16567111468958848,0.2287876901858354
84,Pspline-Adam,0.2,1300,5,0.983114242553711,0.205010384583736,0.19352274853632778,0.18499224904947018,0.26838778751467723,0.205010384583736,0.19352274853632778,0.18499224904947018,0.26838778751467723
84,Pspline-Adam,0.2,1400,5,0.982481241226196,0.20611554424238027,0.18700681155004503,0.19079390570946503,0.28760928751272785,0.20611554424238027,0.18700681155004503,0.19079390570946503,0.28760928751272785
84,Pspline-Adam,0.2,1500,5,0.984569549560547,0.20989656424932643,0.21062041332496476,0.14518597308567582,0.3209685910207853,0.20989656424932643,0.21062041332496476,0.14518597308567582,0.3209685910207853
84,Pspline-Adam,0.2,1600,5,0.977429866790771,0.18475333758736856,0.2096034775551537,0.143083260068328,0.4411694396003373,0.18475333758736856,0.2096034775551537,0.143083260068328,0.4411694396003373
84,Pspline-Adam,0.2,1700,5,0.979708433151245,0.18090413782429393,0.19295152686443867,0.21759530607294933,0.4079090190059456,0.18090413782429393,0.19295152686443867,0.21759530607294933,0.4079090190059456
84,Pspline-Adam,0.2,1800,5,0.983109951019287,0.1806719559368424,0.18357716451810932,0.14603799747597265,0.38797802496541,0.1806719559368424,0.18357716451810932,0.14603799747597265,0.38797802496541
84,Pspline-Adam,0.2,1900,5,0.993316173553467,0.2160356772709841,0.188758448565467,0.1943936586541987,0.3433596829428547,0.2160356772709841,0.188758448565467,0.1943936586541987,0.3433596829428547
84,Pspline-Adam,0.2,2000,5,0.972970008850098,0.22174495553498866,0.21127837248270454,0.16081086129313857,0.34084191011378007,0.22174495553498866,0.21127837248270454,0.16081086129313857,0.34084191011378007
84,Pspline-Adam,0.2,2100,5,0.973334312438965,0.16879658706282075,0.20680711734425777,0.14263332783937271,0.27926678759853657,0.16879658706282075,0.20680711734425777,0.14263332783937271,0.27926678759853657
84,Pspline-Adam,0.2,2200,5,0.985000371932983,0.17596526298160284,0.16686835737960562,0.13457912219491655,0.39545375486403656,0.17596526298160284,0.16686835737960562,0.13457912219491655,0.39545375486403656
84,Pspline-Adam,0.2,2300,5,0.981688022613525,0.17750080157506037,0.14869574133982666,0.12262612622599905,0.39127439678069004,0.17750080157506037,0.14869574133982666,0.12262612622599905,0.39127439678069004
84,Pspline-Adam,0.2,2400,5,0.984286308288574,0.13006908129142986,0.1432946549296222,0.2474974708477089,0.4131136215289804,0.13006908129142986,0.1432946549296222,0.2474974708477089,0.4131136215289804
84,Pspline-Adam,0.2,2500,5,0.975237131118774,0.15026311377278617,0.1458725196459377,0.2164981167523473,0.3584696194417277,0.15026311377278617,0.1458725196459377,0.2164981167523473,0.3584696194417277
84,Pspline-Adam,0.2,2600,5,0.98946213722229,0.20188533528298078,0.12899920457722516,0.1584665532524893,0.3384381094002675,0.20188533528298078,0.12899920457722516,0.1584665532524893,0.3384381094002675
84,Pspline-Adam,0.2,2700,5,0.986169576644897,0.12288700297690719,0.21219400210941664,0.19898491006268773,0.2752059715285306,0.12288700297690719,0.21219400210941664,0.19898491006268773,0.2752059715285306
84,Pspline-Adam,0.2,2800,5,0.985507249832153,0.11341278773207185,0.1794045104195185,0.2905371063301747,0.2913119490531744,0.11341278773207185,0.1794045104195185,0.2905371063301747,0.2913119490531744
84,Pspline-Adam,0.2,2900,5,0.981193542480469,0.1812158564147579,0.11467405386646104,0.19441971633947683,0.35055057751326346,0.1812158564147579,0.11467405386646104,0.19441971633947683,0.35055057751326346
84,Pspline-Adam,0.2,3000,5,1.08689427375793,0.13920646325697522,0.11045927558375804,0.18528096173796776,0.3912051953319985,0.13920646325697522,0.11045927558375804,0.18528096173796776,0.3912051953319985
84,Pspline-Adam,0.2,3100,5,0.97380518913269,0.13969658294246773,0.18539320994460284,0.15235341079632767,0.34419777318240186,0.13969658294246773,0.18539320994460284,0.15235341079632767,0.34419777318240186
84,Pspline-Adam,0.2,3200,5,0.972295045852661,0.18219097102881635,0.12039915648404276,0.14409806168344258,0.35791487141503764,0.18219097102881635,0.12039915648404276,0.14409806168344258,0.35791487141503764
84,Pspline-Adam,0.2,3300,5,0.978281021118164,0.14570449998426926,0.13333623645331794,0.1316756286354491,0.3710892023818584,0.14570449998426926,0.13333623645331794,0.1316756286354491,0.3710892023818584
84,Pspline-Adam,0.2,3400,5,0.971427440643311,0.12252126261855224,0.12743010496258605,0.2522487806858802,0.24919023530038703,0.12252126261855224,0.12743010496258605,0.2522487806858802,0.24919023530038703
84,Pspline-Adam,0.2,3500,5,0.985041618347168,0.1505508383969469,0.2215819217667347,0.12121817937480978,0.23653455828695544,0.15101947246204528,0.2161368540706714,0.1197845411077826,0.2392242695183527
84,Pspline-Adam,0.2,3600,5,1.00545072555542,0.16047154131331792,0.19940035718382743,0.12666301587995538,0.33128871141538146,0.14346876043004517,0.19711030308271582,0.11070422555016424,0.25200468416233834
84,Pspline-Adam,0.2,3700,5,1.00767087936401,0.14394428012218388,0.17482396960965538,0.1915773357319174,0.3995741449084396,0.1374904959986786,0.19009779703617893,0.09743915343955575,0.2958986685608974
84,Pspline-Adam,0.2,3800,5,1.01346278190613,0.15724602071238733,0.18155051538531872,0.19008839237778258,0.3351075202270468,0.12050883065317422,0.16489779120887293,0.11342686610843487,0.3013168297265642
84,Pspline-Adam,0.2,3900,5,1.01068472862244,0.14562733483382026,0.164683407981642,0.1535244308165767,0.3907049390896943,0.11473196286468032,0.15145354948280104,0.0998048531107312,0.3049565795556812
84,Pspline-Adam,0.2,4000,5,1.00665688514709,0.0922399688211084,0.18462947892364903,0.10096426589094026,0.43769243350614334,0.1081560536711165,0.1546698196737107,0.08373329032692872,0.3179169239558972
84,Pspline-Adam,0.2,4100,5,1.02426242828369,0.12405281589357679,0.1585340777583276,0.12464136588032636,0.49814129992884504,0.10233886024829218,0.14873323484765813,0.07610172282580589,0.3361906096475653
84,Pspline-Adam,0.2,4200,5,1.00740242004395,0.1372848026614501,0.16063228285356201,0.12471202787159011,0.47925606508271923,0.10126080707200816,0.1466774831376018,0.07358192821021252,0.3518432989671924
84,Pspline-Adam,0.2,4300,5,1.01000618934631,0.08102795075277444,0.15213507575852203,0.1744238847964674,0.5020019385841747,0.09793887120938523,0.1451788108888009,0.07519824135567615,0.36637103771647217
84,Pspline-Adam,0.2,4400,5,1.00974893569946,0.14172753651958447,0.13437319366885442,0.22593789853973362,0.44537450370720316,0.0954051690855139,0.14250560627321684,0.081625125593781,0.3749583559275027
84,Pspline-Adam,0.2,4500,5,1.00609612464905,0.17257516779541726,0.16633725030240354,0.23642979026355754,0.3847927704769358,0.09447889972153095,0.1386941287267098,0.08218660487151187,0.37381946649952086
84,Pspline-Adam,0.2,4600,5,1.01426815986633,0.12900040334590696,0.17897188502036346,0.1638895916725498,0.5889757047227181,0.09206732522969893,0.13427124876932334,0.08488756059292732,0.38255045945013944
84,Pspline-Adam,0.2,4700,5,1.01193237304688,0.10619309974841686,0.1622964918759066,0.2097940816350668,0.5563714593185097,0.09049166284671323,0.13081875116569103,0.08305888522834305,0.39554638338428116
84,Pspline-Adam,0.2,4800,5,1.01969408988953,0.1264903969226805,0.16071797563177492,0.29698146171687667,0.8140221967766328,0.08800597197511784,0.1273466592330361,0.09046807248142737,0.4146630872004817
84,Pspline-Adam,0.2,4900,5,1.01080727577209,0.1113470319898811,0.21526012339245942,0.20150578671191696,0.8635528160364419,0.08777032693373236,0.12731680474351395,0.10121657456953133,0.44287194658741186
84,Pspline-Adam,0.2,5000,5,1.00595784187317,0.1320450569022027,0.13790384918884327,0.16099226508594372,0.8507791281764208,0.08804405747923538,0.12258252342805459,0.10239288816086399,0.46909549693718566
84,Pspline-Adam,0.2,5100,5,0.165456056594849,0.12902771259697016,0.11898219737061862,0.21738595546275882,0.685801110923839,0.08444950600565458,0.11655730463374854,0.10309081126619497,0.4869145316334792
84,Pspline-Adam,0.2,5200,5,0.294020175933838,0.18041120657565343,0.19351440512346704,0.2044532870313883,0.6559874377102712,0.08216194790437223,0.11099138772476463,0.10644447313282183,0.4970338762351453
84,Pspline-Adam,0.2,5300,5,0.163866996765137,0.13806295327811632,0.13473437075597677,0.1827823559917368,0.5870029813472988,0.08112471639997965,0.10834179988516729,0.10826032890834157,0.5026379059260605
84,Pspline-Adam,0.2,5400,5,0.164462804794312,0.11226377389170138,0.18254763903139207,0.2575389137712782,0.5243861367770599,0.07968489538441277,0.1070194052451055,0.10900589903392532,0.5057906869123111
84,Pspline-Adam,0.2,5500,5,0.169150829315186,0.12680965119107312,0.1898835626222757,0.2254777336880099,0.42403654805596613,0.07834537819116237,0.10602466884724653,0.10635548657537018,0.5021779763200191
84,Pspline-Adam,0.2,5600,5,0.165453195571899,0.12554049771503156,0.1514786336931731,0.174070013257621,0.31186135712484575,0.07759980925852422,0.10538742414249927,0.104390710645068,0.49274768872586383
84,Pspline-Adam,0.2,5700,5,0.165298461914062,0.11058220748215054,0.18070984268828552,0.21174598865132363,0.40899105128667335,0.07651838619386415,0.1045767251190023,0.10429421149317386,0.4839389519185235
84,Pspline-Adam,0.2,5800,5,0.172061204910278,0.10958507867330881,0.18761172288326308,0.21064699446148832,0.4036004813057838,0.07459730112754775,0.10384631209530733,0.10621165368780083,0.4799910835558762
84,Pspline-Adam,0.2,5900,5,0.165811777114868,0.1414004506370258,0.15369885104250033,0.20933754307128993,0.42102028776618655,0.073096963246303,0.10374763523294438,0.10753160986428743,0.47664463535338025
84,Pspline-Adam,0.2,6000,5,0.168405055999756,0.13801537425208343,0.1826592342884248,0.20241618410068615,0.3333598818557412,0.07200591597707273,0.10390445873319172,0.10884968285313433,0.47191937001646933
84,Pspline-Adam,0.2,6100,5,0.168308019638062,0.17372441227720423,0.17560743726675168,0.2313334177368696,0.28712877929772634,0.07154246041995199,0.10412581102278132,0.10951027334878312,0.46066273268567864
84,Pspline-Adam,0.2,6200,5,0.164803743362427,0.15314013415709768,0.2360868291661027,0.2558717103622667,0.3094389151033669,0.07078334591156626,0.10458818979628778,0.11154966375433184,0.44895704037504425
84,Pspline-Adam,0.2,6300,5,0.171648263931274,0.1504968226713566,0.23212189276396403,0.2712005712608754,0.4140474766604978,0.072421322766778,0.10652822390253064,0.11287579616573562,0.44156489823534334
84,Pspline-Adam,0.2,6400,5,0.167551279067993,0.13361845408958128,0.2508915514568018,0.283738937839714,0.3693960982784035,0.07345573656470471,0.10948977889570158,0.11525661453412876,0.43587020279434807
84,Pspline-Adam,0.2,6500,5,0.164370536804199,0.1285295650702173,0.27623171547523245,0.26217461142461723,0.32841660029640946,0.07375647531610556,0.11252161302637104,0.11836297795770273,0.42684671262126317
84,Pspline-Adam,0.2,6600,5,0.171187162399292,0.12687650258290756,0.2886248916533223,0.2736243157448152,0.2692670180665947,0.07400046099391348,0.11489750801045459,0.12108532040642418,0.41528897092570805
84,Pspline-Adam,0.2,6700,5,0.164148330688477,0.13111942219334774,0.2872714289053719,0.3355953104616858,0.2110901620745398,0.07409514902020825,0.11799023601018462,0.12567525875535188,0.4032930417693085
84,Pspline-Adam,0.2,6800,5,0.164736032485962,0.13982989789799763,0.28525438565677447,0.2951381407038814,0.22219713422747514,0.07513824748620536,0.1216608099117878,0.13057300067544955,0.3936144394757281
84,Pspline-Adam,0.2,6900,5,0.171467065811157,0.156779535985889,0.2960707310982293,0.28305266739785806,0.34254968216482523,0.07452716039522807,0.12462352969037481,0.1337463760541428,0.3847773585365442
84,Pspline-Adam,0.2,7000,5,0.164627313613892,0.16149384147269621,0.2663052224453344,0.2834585714130899,0.3582665711650216,0.07492620606908686,0.12757705543660278,0.1363786505291482,0.37698988913964354
84,Pspline-Adam,0.2,7100,5,0.164127111434937,0.18773736289274573,0.2967344163250603,0.30113613185458593,0.30521511105168675,0.07583165938725166,0.13015934022900352,0.13949035014358893,0.36967559352618096
84,Pspline-Adam,0.2,7200,5,0.171540260314941,0.1774898603600478,0.28805189560038313,0.2773680061004371,0.4111159528264114,0.07558256355489185,0.13209910769001157,0.14243901997245878,0.3641812051406759
84,Pspline-Adam,0.2,7300,5,0.164300918579102,0.2178007189230554,0.29743538248775814,0.2916271556544149,0.3968038891846264,0.0748455934638003,0.13339052137687546,0.14532759173030674,0.3584997286685113
84,Pspline-Adam,0.2,7400,5,0.162788867950439,0.21730616424546093,0.2530422438839829,0.40320428348159265,0.39428006408461064,0.07558779489004688,0.1351824723749852,0.14783553140107938,0.35039373190850953
84,Pspline-Adam,0.2,7500,5,0.168511390686035,0.18779512693157815,0.21974366942936335,0.3503809527784015,0.34900928823945,0.07753116855475764,0.13691620192553833,0.15006163811375173,0.3403359789565215
84,Pspline-Adam,0.2,7600,5,0.162186861038208,0.23052600917149135,0.2317697033632489,0.27465587099363337,0.35750479467465746,0.07906059571726776,0.13824925949118408,0.15199655306990514,0.3315579635230249
84,Pspline-Adam,0.2,7700,5,0.179625272750854,0.21126446719892872,0.3136328758471315,0.37470565012787665,0.2938941352505695,0.08053848662962204,0.13970084859084803,0.15425182108443683,0.3267168235815417
84,Pspline-Adam,0.2,7800,5,0.167738676071167,0.22376326992231269,0.29675778719245494,0.374879393660764,0.307281009001258,0.08224332124971594,0.141340479866527,0.15698956931445432,0.32260834888504186
84,Pspline-Adam,0.2,7900,5,0.164306879043579,0.22501258454877304,0.259882427398684,0.31773446480720463,0.3614582628540459,0.08374794803575746,0.14242902995891962,0.1589301568021453,0.3201032258321922
84,Pspline-Adam,0.2,8000,5,0.170393466949463,0.20345907010154296,0.25368497066596296,0.3204322135354714,0.3993519580764239,0.08480252914185876,0.14413176379348144,0.1609798653436654,0.31705603654077186
84,Pspline-Adam,0.2,8100,5,0.164337873458862,0.2113969664069994,0.3067423216083167,0.33101152326052463,0.35649502722190846,0.08654826996694764,0.14577673012744935,0.16330206875242623,0.31453524010552597
84,Pspline-Adam,0.2,8200,5,0.164315938949585,0.2026564640824704,0.25383174583832757,0.2970679382287104,0.36675872248375463,0.0881489433094084,0.1477409768390107,0.16590349466460116,0.31457477168582937
84,Pspline-Adam,0.2,8300,5,0.171092510223389,0.21607180839893791,0.2869748673218744,0.3413763386323477,0.3912841885215531,0.0894916490349222,0.15004761823313206,0.16891043355485996,0.3148421722966297
84,Pspline-Adam,0.2,8400,5,0.164355039596558,0.2230467534350747,0.27871276677471135,0.41153730255460336,0.2584825039581829,0.0912004163114396,0.15216742322013238,0.17206841542230566,0.3149982829459664
84,Pspline-Adam,0.2,8500,5,0.164800405502319,0.23440957806496807,0.3257408922760697,0.3811321156861762,0.22614394509992103,0.09311175569346365,0.1545964816522108,0.17558633763549178,0.3111466708132964
84,Pspline-Adam,0.2,8600,5,0.171346426010132,0.19249698264759,0.29370050063927766,0.346515193592248,0.2890496729841637,0.09487220238294132,0.1569589154663781,0.17878015684448964,0.30899703532143236
84,Pspline-Adam,0.2,8700,5,0.164390802383423,0.23192167548138914,0.3118140343854801,0.4049282992640419,0.35524760046487175,0.09647634494278821,0.15940151628287488,0.18201289652468305,0.30907172569777264
84,Pspline-Adam,0.2,8800,5,0.168125152587891,0.20686905529603,0.3156123965496452,0.3383743286343579,0.32979647777667914,0.09788836513291779,0.16187139484095098,0.18517113912815106,0.3097079910384192
84,Pspline-Adam,0.2,8900,5,0.168321132659912,0.20053708109497678,0.3290546241981063,0.36048931015869307,0.4338001166555681,0.09932575897248146,0.16432570815756561,0.188020694340272,0.3107604213530578
84,Pspline-Adam,0.2,9000,5,0.164602279663086,0.18753033586839404,0.3004280157009052,0.33836162965362915,0.4528722055750495,0.10079023038901472,0.1665355989843976,0.19080522363975047,0.3125427679181663
84,Pspline-Adam,0.2,9100,5,0.171029567718506,0.17684190448120926,0.293809434912354,0.33072417388127673,0.3863161235419291,0.10206173286207687,0.16865401923358803,0.19328274386095873,0.3139505923226387
84,Pspline-Adam,0.2,9200,5,0.165054082870483,0.17061419446875242,0.29034978587034316,0.32198469295893933,0.3397643710937668,0.10301471144634415,0.1705088596700875,0.1954841188038295,0.3139187587146741
84,Pspline-Adam,0.2,9300,5,0.164381504058838,0.15889594818109443,0.3047399772872555,0.3153302881773931,0.3264341333499408,0.10363117354089892,0.17227277108674652,0.1974658845419102,0.31411548152427515
84,Pspline-Adam,0.2,9400,5,0.168758630752563,0.20798804755089745,0.2699497062161395,0.3101969389420001,0.33195111019435153,0.10423127190898548,0.17378073965006158,0.19935406701179434,0.3139773282164682
84,Pspline-Adam,0.2,9500,5,0.164280891418457,0.2035191617435912,0.32040270503709667,0.35411310344726404,0.3756927766173641,0.10511180710989564,0.17529731309290042,0.20115037811399966,0.3138219109947046
84,Pspline-Adam,0.2,9600,5,0.169352531433105,0.19939376919233173,0.2804498983602833,0.3210904804637157,0.3696133034711703,0.10602445726820917,0.1769444490245832,0.203202636281948,0.3146537642411162
84,Pspline-Adam,0.2,9700,5,0.165293455123901,0.19351558023863388,0.28892821997179313,0.3204763567915974,0.3608183915100742,0.1068428343653431,0.17829044440615682,0.20505066233197095,0.31527963842003487
84,Pspline-Adam,0.2,9800,5,0.162760019302368,0.19895362514704462,0.3126835534848924,0.3832881501799275,0.43997254698135235,0.10782115640139839,0.17961411194953147,0.20711946417156918,0.3163936094744234
84,Pspline-Adam,0.2,9900,5,0.179553270339966,0.17273904820973376,0.23572169364365295,0.28884130190781127,0.424665088741061,0.10849662294240134,0.1808064594878353,0.208703349103149,0.3178387798766973
84,Pspline-Adam,0.2,10000,5,0.164902925491333,0.14773887947753964,0.2158718347429275,0.2433200511070995,0.47158663051151506,0.1087337027931198,0.1810282416571088,0.2091233537280607,0.31958694885603883
84,Pspline-Adam,0.2,10100,5,0.165352821350098,0.19229275427703757,0.23290848775365453,0.3026252627118563,0.43154281341340606,0.10882403642420098,0.181384027413863,0.20962838591885377,0.32143709790751307
84,Pspline-Adam,0.2,10200,5,0.171352624893188,0.1755382897662302,0.2167131826230839,0.3118344197418173,0.36657302534858494,0.10917847176256928,0.1815758437794137,0.21032088193006956,0.3226787531344937
84,Pspline-Adam,0.2,10300,5,0.165375709533691,0.17934980187267108,0.23919042619425512,0.29137634067293117,0.30020124360858763,0.1097086598279775,0.18184922840654805,0.21104767168883826,0.3225627879460686
84,Pspline-Adam,0.2,10400,5,0.16916823387146,0.20525050375159656,0.2442708962391827,0.3300202118735389,0.32137082283063056,0.11019186335940089,0.1825666766135958,0.21192917370428843,0.32231359458900416
84,Pspline-Adam,0.2,10500,5,0.168673038482666,0.22763588388343606,0.27531907535144967,0.27622043305759597,0.2914917248032936,0.1105385860969168,0.18306283317487637,0.21247791873392075,0.322200852583417
84,Pspline-Adam,0.2,10600,5,0.169142246246338,0.21236120825990587,0.2283595938533112,0.2799593736200013,0.28467684158956225,0.1109706855399162,0.18337999862072127,0.21309182520659337,0.3214955534510074
84,Pspline-Adam,0.2,10700,5,0.172939777374268,0.16361970935800402,0.25290718941119145,0.26643108658565723,0.35341998205874653,0.1115251431999044,0.1838275865304105,0.21382093947745723,0.32164487019892324
84,Pspline-Adam,0.2,10800,5,0.165935754776001,0.19534388781333284,0.24201047598943798,0.28124118245173835,0.3414636468922655,0.11218067567318822,0.18427518991578562,0.21460051690969476,0.322090025451743
84,Pspline-Adam,0.2,10900,5,0.169923543930054,0.16467848704972624,0.22735484765043795,0.26943528977404146,0.31974259332732913,0.1126225213574275,0.1845200035430639,0.21520718634048494,0.32206907789570144
84,Pspline-Adam,0.2,11000,5,0.16681694984436,0.16363401650793358,0.2240435141927663,0.2958025061387734,0.3023866138742172,0.1130520222858395,0.18473954940463186,0.21568913280201693,0.32190386223384543
84,Pspline-Adam,0.2,11100,5,0.166538715362549,0.14750042837700797,0.21843268895716855,0.2714730841928449,0.265754281671145,0.11345216616786338,0.18490434556285923,0.21618629286286525,0.3209183487270298
84,Pspline-Adam,0.2,11200,5,0.173578977584839,0.19813582846174202,0.2239441130813755,0.28217813579973844,0.2922943694261941,0.11376931406640091,0.1851635491570405,0.2166339621401959,0.32019124112255487
84,Pspline-Adam,0.2,11300,5,0.166317462921143,0.15604924325199054,0.23382983360830784,0.2714545788007552,0.32498393212145116,0.11414878433458331,0.18542001596617433,0.21720324716483455,0.32012809808222625
84,Pspline-Adam,0.2,11400,5,0.169979572296143,0.13349108072234975,0.24931435253743975,0.27721937513599476,0.2670066540794812,0.1144001547298779,0.18581786389322302,0.21766383907849207,0.3193706062298343
84,Pspline-Adam,0.2,11500,5,0.173144817352295,0.16827363211758614,0.2547714675868304,0.28597683994932455,0.25096906943120556,0.11456843687056037,0.1864104080860386,0.21818020477576747,0.3183502513403061
84,Pspline-Adam,0.2,11600,5,0.166136264801025,0.15275711898327204,0.2645068927302597,0.29050331341942576,0.23754093142885216,0.11493188493251232,0.18696495546854736,0.21885245969486958,0.3172781344342573
84,Pspline-Adam,0.2,11700,5,0.291986703872681,0.18277707270611196,0.2755080151003296,0.3127853845278496,0.2588495807658598,0.11520953330621803,0.18772626684708904,0.2195830540078765,0.3163269991394125
84,Pspline-Adam,0.2,11800,5,0.164665222167969,0.13381286559651917,0.29808921561866053,0.3054110911725353,0.2603294027709108,0.11551468248344414,0.1885569988231853,0.22044296883330486,0.3151756430098672
84,Pspline-Adam,0.2,11900,5,0.167829275131226,0.16831922495356771,0.27612935157471685,0.30612554886797444,0.28693760918795186,0.11527720749216068,0.18928295520996166,0.22092255191393664,0.31400550340329186
84,Pspline-Adam,0.2,12000,5,0.16728138923645,0.16580265596628363,0.2723874833406509,0.27366880494422063,0.2563349089341945,0.11517411961482221,0.1898230507682182,0.22131638749095658,0.3123923502801146
84,Pspline-Adam,0.2,12100,5,0.166459798812866,0.1623782419257797,0.2793588511181139,0.2862237964639562,0.23560325838978247,0.11537881364257978,0.1902518474713496,0.2218521455027962,0.31064500245758453
84,Pspline-Adam,0.2,12200,5,0.172854900360107,0.1767086526051297,0.2833557245874238,0.3037379533966601,0.2943060323978379,0.11545537735100786,0.1907178612883162,0.22230515615773197,0.3093666717517302
84,Pspline-Adam,0.2,12300,5,0.166198015213013,0.24592035552247785,0.3339223005327391,0.3096946400758656,0.27801386778095455,0.11560266656866378,0.19135770725421317,0.22294276127795337,0.30839644742527966
84,Pspline-Adam,0.2,12400,5,0.166267395019531,0.18124002980825127,0.23420681260392984,0.27864485454575744,0.24858776939325716,0.11583093744249827,0.1917391471374151,0.22349935776937688,0.3066139850898038
84,Pspline-Adam,0.2,12500,5,0.171522617340088,0.15012510383450953,0.2092018956173905,0.23372797261609396,0.22925728927833305,0.11598980595880516,0.19183310845295362,0.22377622644044307,0.30463741820774615
84,Pspline-Adam,0.2,12600,5,0.166509389877319,0.1493043543151727,0.20716412634120637,0.2379600458376749,0.247926173862542,0.1161324701707315,0.19166295060953192,0.22373801781827743,0.3033017031979138
84,Pspline-Adam,0.2,12700,5,0.169069528579712,0.15707791081378275,0.2305406102219644,0.3232194165371531,0.20440219428388917,0.11631388951703205,0.19135185020936882,0.22370446584437872,0.3021040402408026
84,Pspline-Adam,0.2,12800,5,0.169446468353271,0.17610716264279733,0.19497736137590954,0.3100385809420329,0.29931667896925895,0.1166754429059204,0.19100246386399333,0.22375085796806968,0.30107167095306964
84,Pspline-Adam,0.2,12900,5,0.165849208831787,0.1779387171272293,0.18595163647585686,0.2417301089858067,0.3422688644596575,0.11696390295884615,0.19077029964794767,0.22374082719029853,0.30114500745201966
84,Pspline-Adam,0.2,13000,5,0.171919584274292,0.17309068217653759,0.1960808386043654,0.24271949736060602,0.2996343195983497,0.11729574487693026,0.1905450300460587,0.22370570852106722,0.30081401575670946
84,Pspline-Adam,0.2,13100,5,0.166130781173706,0.16934286089897962,0.2142414065379234,0.23074774282449678,0.3421214249993399,0.11750343368437771,0.1904312130771429,0.2236806503426619,0.3006832442858892
84,Pspline-Adam,0.2,13200,5,0.172085285186768,0.16840748367264807,0.20226105290833687,0.23230313219686022,0.30404477293170246,0.11751227524589927,0.19024702690237205,0.22354456447469495,0.3008242794977486
84,Pspline-Adam,0.2,13300,5,0.16948413848877,0.19367182216224416,0.19522875550356916,0.310143522513636,0.3068381670180164,0.11782466475072496,0.18999932082866922,0.22362018340329962,0.30072164073509466
84,Pspline-Adam,0.2,13400,5,0.166262626647949,0.17491248823928904,0.17856566337391197,0.2729567687576165,0.2578160038007196,0.11814559993522832,0.18960226129800525,0.22364534215473722,0.3002814404169827
84,Pspline-Adam,0.2,13500,5,0.181109666824341,0.19303788631717866,0.2466834708660979,0.25701041518862805,0.2579518365859411,0.1184788744142704,0.1893118142954928,0.22374392715564453,0.2993134150256136
84,Pspline-Adam,0.2,13600,5,0.166256189346313,0.17918979703514776,0.2043399183284203,0.24166490696669307,0.310311150492673,0.11879077263091845,0.18908016004556866,0.22382162220683963,0.2992113485966773
84,Pspline-Adam,0.2,13700,5,0.166164875030518,0.1986564395914884,0.2486252477579077,0.28043426614642974,0.3297748132026609,0.11906884605052052,0.18908332926061766,0.22407467063170458,0.29940284970316833
84,Pspline-Adam,0.2,13800,5,0.172924041748047,0.18652089275146586,0.21837274208668192,0.2339780396740928,0.2874043263584771,0.11914449129713829,0.18916739574593874,0.22422796310871165,0.29934591268784577
84,Pspline-Adam,0.2,13900,5,0.165341377258301,0.17787593278429828,0.21989377644847605,0.2619596276373229,0.3890630928157777,0.1192880605960209,0.18923280683592175,0.2243651521305268,0.29963561644015124
84,Pspline-Adam,0.2,14000,5,0.167272090911865,0.1451805729422693,0.20508742155307774,0.2311876158517892,0.41320527421511494,0.11942924855315225,0.18925410239857676,0.22449112296448287,0.3002541930723193
84,Pspline-Adam,0.2,14100,5,0.166832208633423,0.14176384046826856,0.20656679103468076,0.24636138703893978,0.3018862646246436,0.11952067153601251,0.18928707937791786,0.22462991318597605,0.30046848053666436
84,Pspline-Adam,0.2,14200,5,0.167186260223389,0.15141463142543124,0.21751341584292894,0.23440174818502058,0.2764670083664234,0.11951804701508695,0.1892193072500319,0.22467748607678573,0.29993034050206663
84,Pspline-Adam,0.2,14300,5,0.171923398971558,0.14804596691868183,0.23094598420702242,0.23087691600974714,0.23349497909875297,0.11943577549562996,0.18920695303473656,0.2246802777811584,0.29940219828518577
84,Pspline-Adam,0.2,14400,5,0.165786266326904,0.21333357655030794,0.19857674239839707,0.22317966497125746,0.23147277645121467,0.1193411411098323,0.18915401245824504,0.2246891952548656,0.29861020578828495
84,Pspline-Adam,0.2,14500,5,0.169241189956665,0.19607950159226362,0.2616961937739755,0.27209334442276867,0.25508707415879756,0.1193419139926589,0.189198331132742,0.22468961135148394,0.2975929592665
84,Pspline-Adam,0.2,14600,5,0.168958187103271,0.18529682267134945,0.21396403694252303,0.23973271859293238,0.25133595596289254,0.11949131490895899,0.18928045966909396,0.22483429705520563,0.29716739955306143
84,Pspline-Adam,0.2,14700,5,0.165987730026245,0.17492471456898911,0.22430427823488314,0.2436799892847343,0.21892653937181886,0.11960302298355126,0.18927430354579522,0.2248908899663796,0.2965094507017294
84,Pspline-Adam,0.2,14800,5,0.172379732131958,0.17824670751279928,0.2630076635746042,0.26343403336285093,0.26716225754856027,0.1197896631968406,0.18916790847604642,0.22496290439399097,0.2959204705538391
84,Pspline-Adam,0.2,14900,5,0.165495157241821,0.1708628317345296,0.17368707826962762,0.21482429327179103,0.3035501173382641,0.11979375615605346,0.1890380133830572,0.22480274861617794,0.2956382534942251
84,Pspline-Adam,0.2,15000,5,0.166361093521118,0.14855934366280305,0.18536261736594378,0.16369661834299923,0.3697703034171032,0.11956502298762584,0.1884822768606332,0.22414760839281897,0.2958629416940156
84,Pspline-Adam,0.2,15100,5,0.17225456237793,0.18260672205851294,0.1883643966304633,0.17642869958342294,0.31329750670657597,0.11916603566856884,0.18794171622590924,0.22339306145908847,0.29607460333986274
84,Pspline-Adam,0.2,15200,5,0.165504217147827,0.15800242440959406,0.18550517123112814,0.22226066524538815,0.2546582950929777,0.11902079206805084,0.18720857634932422,0.222716498811252,0.29573705385493526
84,Pspline-Adam,0.2,15300,5,0.169314384460449,0.16253527362282882,0.1907863715510138,0.19733740903214342,0.1988779181410769,0.11897708068104956,0.1865452487013073,0.22214601757328847,0.2948388234861289
84,Pspline-Adam,0.2,15400,5,0.169711351394653,0.20526949683306098,0.1663676528778797,0.2787141799595701,0.2243700806802255,0.11894796334383925,0.18608627516798565,0.22165788706581052,0.2939317043313854
84,Pspline-Adam,0.2,15500,5,0.165607452392578,0.20481068537239422,0.19456753074628122,0.20556924595937637,0.18414259130607397,0.11898377470016253,0.18551663261277102,0.22108000938644146,0.2931548912660821
84,Pspline-Adam,0.2,15600,5,0.172758817672729,0.19169796136594736,0.1580827927693507,0.22448585399878185,0.2117384012321793,0.11916193236177723,0.1850022213371645,0.220733753544657,0.292254957260342
84,Pspline-Adam,0.2,15700,5,0.166535377502441,0.16132692128076612,0.19944965903615028,0.18587369873842371,0.30930195868600313,0.11933642707175621,0.1845610510170795,0.22040643992637562,0.29188469206902734
84,Pspline-Adam,0.2,15800,5,0.169408082962036,0.17621500715714278,0.17304585953028798,0.19301886841705074,0.29941370402173995,0.11946914690782678,0.1840840467900925,0.22004498134627606,0.29186390460495
84,Pspline-Adam,0.2,15900,5,0.17059588432312,0.16427958702671344,0.16773619864120076,0.18629913580282245,0.2503470570282621,0.11955914377446226,0.183608503960686,0.2196889328366602,0.2915978676717938
84,Pspline-Adam,0.2,16000,5,0.165939807891846,0.14829533133863781,0.15544199803746026,0.23315688339640428,0.2634132917748552,0.1195869605495648,0.18314485409271208,0.2193022142447292,0.2912069877749436
84,Pspline-Adam,0.2,16100,5,0.171194791793823,0.14711526146479,0.15929327943302657,0.21868863868765573,0.22285279250987242,0.11964343484085482,0.18266373381666018,0.21896465754879435,0.29043161283184926
84,Pspline-Adam,0.2,16200,5,0.164136648178101,0.16632752492405312,0.1996843648053963,0.2516333629881246,0.25271440800088174,0.11966595266580317,0.1822568033190207,0.21864551272410696,0.2897665582025115
84,Pspline-Adam,0.2,16300,5,0.164556980133057,0.1707079432138105,0.17390502243260567,0.1968109690108058,0.30384920662723336,0.1197000795138762,0.18189049189033984,0.21837205697431536,0.28956718195257336
84,Pspline-Adam,0.2,16400,5,0.170114278793335,0.10901487208194799,0.17589465556834677,0.2010426860544269,0.2565339485143181,0.1196365788926077,0.18158691719112083,0.21802473544424422,0.2892567983937429
84,Pspline-Adam,0.2,16500,5,0.166516065597534,0.15995380101138743,0.2021370547039695,0.2207319995848929,0.23618357430017042,0.11951136456035574,0.1814384295918665,0.21775434156263979,0.2887583664375644
84,Pspline-Adam,0.2,16600,5,0.168615818023682,0.13317153557164288,0.1995894202519399,0.21588830864688588,0.2197967266918709,0.11954563724061076,0.18128649769044497,0.21759917126775816,0.2881997225065544
84,Pspline-Adam,0.2,16700,5,0.172021865844727,0.15552992510969785,0.2082076167802604,0.2431287473330793,0.24036091030224171,0.11948468094132032,0.18122892793128645,0.21745323448932763,0.2876486850228535
84,Pspline-Adam,0.2,16800,5,0.165279388427734,0.13453765682887234,0.2603950132458453,0.24832551399504368,0.2599566070359574,0.11941969149845226,0.181249857547029,0.21739353793374955,0.28708085140794654
84,Pspline-Adam,0.2,16900,5,0.170985460281372,0.2574627189559555,0.2151283973521961,0.25872683339952063,0.303370629367863,0.11917236916056456,0.18132120795802814,0.21722512882068526,0.28658586962444765
84,Pspline-Adam,0.2,17000,5,0.169020891189575,0.15064898849324723,0.20477513851361734,0.22568236026797867,0.2749955140655852,0.11909529919606625,0.18120547357806271,0.21704661273868733,0.2858004864874914
84,Pspline-Adam,0.2,17100,5,0.169000148773193,0.17314588726643837,0.21775654401417396,0.21962103832593077,0.25309282789857274,0.11913532733598753,0.1810211441695284,0.2169026030696925,0.2849351616897971
84,Pspline-Adam,0.2,17200,5,0.178332328796387,0.17746657487531703,0.23412557986150306,0.245586090811373,0.3100174409346273,0.1191505772564369,0.18090295597542272,0.21671180722443337,0.284361064658256
84,Pspline-Adam,0.2,17300,5,0.166412115097046,0.2553265301900792,0.2909565312262464,0.2391986767480287,0.29440675955059353,0.11927017652169539,0.18093966413815055,0.21664198536571244,0.28396999856908617
84,Pspline-Adam,0.2,17400,5,0.17262864112854,0.18111880312316697,0.17719153557925,0.2123802968506729,0.27185098802483804,0.11940435828891051,0.18081236688763186,0.21652862839395898,0.2830610998907948
84,Pspline-Adam,0.2,17500,5,0.165323257446289,0.1439445957737273,0.15593250236901934,0.18271282053286356,0.2520502638521705,0.11944743492982944,0.18048435572902044,0.21626223681403783,0.28188553037627473
84,Pspline-Adam,0.2,17600,5,0.165522575378418,0.13410496345976705,0.13550400409150817,0.16114980028545656,0.2557404419092784,0.11938498288911988,0.1799616995157421,0.21574707831030912,0.28111785977931536
84,Pspline-Adam,0.2,17700,5,0.173537015914917,0.1425257175316986,0.13606397690069635,0.2437821979297707,0.19973416318668105,0.11921554534519048,0.17935335108313502,0.2152139324552815,0.28042869364482526
84,Pspline-Adam,0.2,17800,5,0.166035413742065,0.153178033650366,0.19001649228487738,0.2547042967879359,0.27122398832781497,0.11915110933708756,0.17872777622897518,0.21468127618949873,0.2799458542288551
84,Pspline-Adam,0.2,17900,5,0.169686555862427,0.17018759333283134,0.12834621508852884,0.17912669267879594,0.3269283918484475,0.11913172988403399,0.17817970668813707,0.21417570147380305,0.2800437712973435
84,Pspline-Adam,0.2,18000,5,0.169619798660278,0.15554743993080283,0.14159699920676935,0.1720607266437942,0.28258347108510423,0.11916412810054423,0.1776684922000584,0.21368328943392131,0.2799153062864521
84,Pspline-Adam,0.2,18100,5,0.16522216796875,0.159450645117209,0.164922304893969,0.15704472301328073,0.3272044886106434,0.11913181271042328,0.17723475105195796,0.2131997640232239,0.27991125980975273
84,Pspline-Adam,0.2,18200,5,0.172192335128784,0.15561357877112827,0.15158005785677034,0.1592403022758842,0.28821690305758646,0.11895397273241527,0.1767500352448725,0.21264569764545194,0.28005880404748806
84,Pspline-Adam,0.2,18300,5,0.164824485778809,0.17166975520829952,0.15982751296165335,0.25432124175964327,0.2931750573359746,0.11899300452392235,0.17623082131810194,0.21222819899573692,0.2800491913932707
84,Pspline-Adam,0.2,18400,5,0.164294719696045,0.16542664242890545,0.1397744244258889,0.2202916971961201,0.24754999224316482,0.11905635261309544,0.17562776345621003,0.2117841023556129,0.27984204642655974
84,Pspline-Adam,0.2,18500,5,0.170379161834717,0.17514553867835408,0.22327730417412675,0.18774159491153072,0.24549898287357938,0.11912810366725243,0.17507773959346165,0.21138964504611488,0.2792808068198063
84,Pspline-Adam,0.2,18600,5,0.164881706237793,0.16046561084721803,0.15603938009364432,0.16673960696825726,0.30187581446859096,0.1191504745269275,0.17454791530997382,0.21097554439152968,0.27927530473758516
84,Pspline-Adam,0.2,18700,5,0.171561479568481,0.18574907429954288,0.21526190338697707,0.21305300390041151,0.32123410828536925,0.11917480386877345,0.17419703389621663,0.21068296468847336,0.27946474487303996
84,Pspline-Adam,0.2,18800,5,0.169525384902954,0.18717079669875888,0.16161479743655233,0.1618453749119849,0.2626038771566719,0.11912827257497371,0.1738811952618371,0.21031758790070787,0.2793825591171173
84,Pspline-Adam,0.2,18900,5,0.165687322616577,0.15161935047801092,0.17304000487559293,0.18868530861222424,0.35239375675491985,0.11907594722142924,0.17356051830118588,0.20995118317266667,0.2794713765844449
84,Pspline-Adam,0.2,19000,5,0.17277193069458,0.15303195526942043,0.14357195459142802,0.16282464985013395,0.3901516720816313,0.11905553310179966,0.1731496918567558,0.20960188134770136,0.27980613242944624
84,Pspline-Adam,0.2,19100,5,0.165661573410034,0.12485482972857007,0.13685516328572067,0.15801076541805661,0.3124333345989648,0.11897610183372104,0.17274308192545082,0.20919653562547766,0.28008061561466335
84,Pspline-Adam,0.2,19200,5,0.165460348129272,0.14319745361578826,0.1698809462269029,0.14887820298095011,0.27497017366157156,0.11883961372665783,0.1723218957895475,0.20874300298234721,0.279875048422316
84,Pspline-Adam,0.2,19300,5,0.172201633453369,0.147451820515861,0.19110682098553616,0.14466974422851017,0.2423582292336146,0.11867015734151865,0.17194232286017136,0.2082685610838355,0.27966340832343917
84,Pspline-Adam,0.2,19400,5,0.166474103927612,0.2119151845694159,0.13903412169263532,0.1401241889223821,0.23820438372272495,0.11851293980799407,0.17155377706843633,0.20780753630260923,0.2792966049735557
84,Pspline-Adam,0.2,19500,5,0.169251203536987,0.19699819776813723,0.21479802436976456,0.20893089741124157,0.2659039722698928,0.11844371420571637,0.17124311251939536,0.20736984081666113,0.27880919405366283
84,Pspline-Adam,0.2,19600,5,0.169531583786011,0.18230394759472207,0.15776815085808835,0.1553021742588389,0.26379302954891665,0.11847945912599078,0.1709608644641985,0.20703958449002421,0.27873538722624996
84,Pspline-Adam,0.2,19700,5,0.170052766799927,0.16294065278449044,0.16872893757171142,0.1626916344386323,0.23012314515158452,0.11847562607051428,0.1706096800464917,0.20663565752766097,0.2784882168224511
84,Pspline-Adam,0.2,19800,5,0.1698157787323,0.1828600779587568,0.22026203955213616,0.20911587201504883,0.28408937565811426,0.11853891680021457,0.1702210157844585,0.20627873952681525,0.27820242993574723
84,Pspline-Adam,0.2,19900,5,0.166596174240112,0.18276101357437002,0.14463643566606565,0.16058798310632413,0.312485055998601,0.11849748971834247,0.16982641647279506,0.20576419507719787,0.2781322368823477
84,Pspline-Adam,0.2,20000,5,0.173105716705322,0.1637653270672889,0.16131678772650013,0.10730321813500748,0.37357927320608525,0.1182423833772407,0.16914061997191218,0.20489284042981085,0.2783942804156057
84,Pspline-Adam,0.2,20100,5,0.166222333908081,0.18186321769113764,0.16652471891389697,0.1194025785496622,0.31844461866613993,0.11790300180697379,0.16848725099518763,0.2039641249689408,0.27865733305266904
84,Pspline-Adam,0.2,20200,5,0.165446043014526,0.15169355388013778,0.17947387850063035,0.18229810785345157,0.2606408539483205,0.11771336038689643,0.16769173561117567,0.20309188872237469,0.278551709143198
84,Pspline-Adam,0.2,20300,5,0.172374963760376,0.15108538495116644,0.1638394788808125,0.14362029431872755,0.20036176798251992,0.11756624952514419,0.16692691968970452,0.2022942600079316,0.2780517815749746
84,Pspline-Adam,0.2,20400,5,0.166326761245728,0.20505369937178855,0.1331431177124883,0.2316909993834233,0.22963093491137335,0.11744626307582028,0.1663204068546986,0.20155950558424965,0.2775530674374397
84,Pspline-Adam,0.2,20500,5,0.16748046875,0.1916642786473139,0.18492024694262918,0.13606148440302673,0.19318466901692233,0.117346503881168,0.165691348729774,0.20079090726402807,0.277181169662996
84,Pspline-Adam,0.2,20600,5,0.166570425033569,0.19658770766853126,0.12463110127213604,0.15724722437495883,0.22324040310403712,0.11730854105716448,0.1650203785959876,0.20014608955463178,0.276771164636394
84,Pspline-Adam,0.2,20700,5,0.16369104385376,0.15383914824311928,0.1709554191678107,0.12371390861639524,0.30303304113686363,0.11734500872067134,0.16442834278609755,0.19957396042872821,0.2766982255484451
84,Pspline-Adam,0.2,20800,5,0.180067777633667,0.17213382815523,0.12574493613469628,0.13031667400000807,0.3027939850880895,0.11737270614849829,0.16381164095623119,0.19900638844195184,0.2768050655113674
84,Pspline-Adam,0.2,20900,5,0.166274547576904,0.16154975179804212,0.13129535684012972,0.12729699724387844,0.2561614863179975,0.1173975767215217,0.16320388014054882,0.19844219425466278,0.2767324750836268
84,Pspline-Adam,0.2,21000,5,0.165671586990356,0.14267759149956158,0.12245403284444639,0.19599365828374835,0.26788157467266704,0.11735758876891653,0.1625953398974232,0.1978538162253186,0.27658249731067586
84,Pspline-Adam,0.2,21100,5,0.17328405380249,0.14090419327258177,0.12331714032852219,0.17187375189108495,0.22768802410919342,0.11733153993589014,0.1619736670728901,0.19730548059072034,0.2761701256167214
84,Pspline-Adam,0.2,21200,5,0.166051864624023,0.16160527455366042,0.15280412940820937,0.213731776817749,0.26042798392765554,0.11729130943612423,0.1614188134020302,0.19677749813709208,0.27583544009869365
84,Pspline-Adam,0.2,21300,5,0.169060707092285,0.17141927009669664,0.13364987812174137,0.13474317220456847,0.3113742311085441,0.11726008377725815,0.16089078526478487,0.19627965755776317,0.27584614064213747
84,Pspline-Adam,0.2,21400,5,0.169703483581543,0.10589475721227339,0.1330296552522234,0.14335771606758324,0.26395597123385345,0.11716213968667183,0.1604103138852199,0.19573274505663235,0.27577398700588474
84,Pspline-Adam,0.2,21500,5,0.16571044921875,0.14142533152444775,0.14056330288823288,0.16521133935266413,0.2574752676920718,0.117049168306805,0.1600040865934252,0.19524756232829832,0.2756251096135115
84,Pspline-Adam,0.2,21600,5,0.175611257553101,0.11888867619060653,0.1449202289470701,0.13620491037930132,0.2094027000408372,0.11701796781304302,0.159615391072674,0.1948621410651908,0.27527786117661945
84,Pspline-Adam,0.2,21700,5,0.165794134140015,0.14609090904677757,0.14871266600532787,0.15993366260272796,0.23571161097140678,0.1168901898831319,0.15927994853048102,0.19443660990649328,0.2749454452696711
84,Pspline-Adam,0.2,21800,5,0.168585300445557,0.13388459408995293,0.2037958777514474,0.14311772771506817,0.23402828963249867,0.11676815521508936,0.15896769654406673,0.19405258884684728,0.2745625847664592
84,Pspline-Adam,0.2,21900,5,0.169090270996094,0.16966318550934706,0.19192029387870327,0.16506760149380942,0.26274074766708444,0.11652685315918679,0.1587005563109895,0.19354889997519223,0.27423140351252917
84,Pspline-Adam,0.2,22000,5,0.165817022323608,0.14588317256858224,0.15937309319324425,0.13641925618947814,0.2341230849823513,0.11630917465859975,0.15833667028827356,0.19302700260502437,0.2737109888694683
84,Pspline-Adam,0.2,22100,5,0.172272682189941,0.16802310669832551,0.20083120405506488,0.130418341100637,0.21538892871267284,0.11623114608023745,0.15793002100369247,0.19255476753280043,0.27310474132891094
84,Pspline-Adam,0.2,22200,5,0.166126728057861,0.1882187546269818,0.2208927755082904,0.17187381648410532,0.27945252127725106,0.11619597591216856,0.15759907755125785,0.19205392201113938,0.2727120926103657
84,Pspline-Adam,0.2,22300,5,0.169041872024536,0.2732954263640192,0.27458321967344373,0.15329046209875993,0.26434289221752943,0.11629592479879512,0.1573947168286162,0.19164672032155342,0.2724831981732499
84,Pspline-Adam,0.2,22400,5,0.169272899627686,0.18404031122207082,0.14852275040157883,0.13972362418458567,0.23099548622789712,0.11638855497688355,0.15705628780707742,0.19122122306148742,0.2718759291784098
84,Pspline-Adam,0.2,22500,5,0.165384531021118,0.16359741438260797,0.15269578629019234,0.11618343495705194,0.22410124153076338,0.11633321512452016,0.15652221912415262,0.19064561022969104,0.27116377881824905
84,Pspline-Adam,0.2,22600,5,0.168004989624023,0.1303568994696278,0.1297915528458236,0.1026408977568934,0.24959435070792715,0.11618158046709262,0.15581526292999523,0.18985036082002718,0.2707320660431051
84,Pspline-Adam,0.2,22700,5,0.16395115852356,0.13848318871970186,0.13519275168836833,0.20727669299168755,0.18863892537477123,0.11596121350402548,0.15503792824999033,0.1890879797743993,0.2703194189884919
84,Pspline-Adam,0.2,22800,5,0.163877725601196,0.18686368899306607,0.16191789775060608,0.2526744415071992,0.2728279660953575,0.11584973254357184,0.1543055170334481,0.18838020220240043,0.27001147345283477
84,Pspline-Adam,0.2,22900,5,0.169714689254761,0.16715652526648797,0.11690583856697047,0.1311022218060053,0.3262531285870483,0.11579074271169447,0.1537069023633484,0.18774231812841197,0.27015815281743505
84,Pspline-Adam,0.2,23000,5,0.164895534515381,0.16268079795382126,0.13325326577481805,0.12181433193438021,0.28743271941143644,0.11578347858021847,0.15312680258289066,0.1871102121143099,0.27016039310059514
84,Pspline-Adam,0.2,23100,5,0.168996810913086,0.1719197258164106,0.16045268108651614,0.09585856567967291,0.33694584003305933,0.11574421083545064,0.15261064830985813,0.18648017924621518,0.27024821248262404
84,Pspline-Adam,0.2,23200,5,0.168532609939575,0.16485998680257294,0.14325840208819118,0.10623875103675785,0.2988834729920245,0.1155958968790939,0.15206366236001223,0.1858089222117273,0.27046478235389476
84,Pspline-Adam,0.2,23300,5,0.168366432189941,0.17671412620323654,0.17754003230024754,0.24093308704127703,0.30234722887251747,0.11562254892784822,0.151489044088671,0.18525887745246675,0.270565293706331
84,Pspline-Adam,0.2,23400,5,0.171852827072144,0.17889504038669116,0.1497882873545531,0.19681519654056412,0.25402561846361427,0.11567786960225454,0.15086590109799353,0.18469910190103142,0.2705050113465555
84,Pspline-Adam,0.2,23500,5,0.164801120758057,0.18153487533438317,0.22329142670902283,0.14692061290730926,0.2544561345775026,0.11573180593884813,0.15026527038423457,0.18415940347989918,0.27017338392030177
84,Pspline-Adam,0.2,23600,5,0.168232440948486,0.16655279600216738,0.14805454294841067,0.11907214478667605,0.30717370358892704,0.11573236523421244,0.14966977920461846,0.18360216015519643,0.2702488291928005
84,Pspline-Adam,0.2,23700,5,0.169327735900879,0.19473570806974375,0.21512010586187688,0.16793607632638283,0.3275612436561824,0.11575495151442135,0.1492189500370695,0.18313237480128977,0.27046521366759524
84,Pspline-Adam,0.2,23800,5,0.165744543075562,0.2057947858802435,0.15728729380753037,0.10857863998413454,0.2745381834156801,0.11575130350057762,0.14882966742868536,0.18261106355989407,0.2705052919883432
84,Pspline-Adam,0.2,23900,5,0.172187328338623,0.1670830745521718,0.1556769310929773,0.13629199951063503,0.36247548870825075,0.11571229073621023,0.14842552683307192,0.18207486656046423,0.27068220340839827
84,Pspline-Adam,0.2,24000,5,0.165812969207764,0.16860196972016506,0.15104079912037882,0.12771943270420116,0.40275170881964195,0.11571427844352529,0.14794981070525526,0.18158329175773635,0.27102325976440444
84,Pspline-Adam,0.2,24100,5,0.165816307067871,0.14857646918278666,0.1393208109294385,0.12904060500478845,0.3015541149205882,0.11570424375874379,0.14749888563369629,0.18111259826418286,0.27126126209648144
84,Pspline-Adam,0.2,24200,5,0.172078132629395,0.1731541764569799,0.18163927369489347,0.11009131656985516,0.2727864451758551,0.11565768114649491,0.14704423668789557,0.18057951892390794,0.2711024757016657
84,Pspline-Adam,0.2,24300,5,0.165067911148071,0.1811726076252032,0.1944183279664238,0.0930998440758724,0.2304352808301101,0.11559021789505425,0.14663376311062779,0.18001491872914402,0.27092641153233427
84,Pspline-Adam,0.2,24400,5,0.169416666030884,0.23176346418700877,0.1542485166432187,0.09827715113036604,0.22716061419604314,0.11553542409172711,0.1462407294879642,0.17946937196651883,0.2706291641323155
84,Pspline-Adam,0.2,24500,5,0.177540063858032,0.223571860521274,0.22161425606876192,0.1723337751882179,0.24872294740145262,0.11553923804031932,0.1459058694452886,0.1789253699988363,0.27021810329987594
84,Pspline-Adam,0.2,24600,5,0.164912700653076,0.2062256451255636,0.16799953210598972,0.10525290173509608,0.24597246610244478,0.11561803149827721,0.14557973666779028,0.1784588050862865,0.27010765320833763
84,Pspline-Adam,0.2,24700,5,0.171432256698608,0.19333287798948046,0.19011033545106598,0.12922103372121932,0.21733419332453488,0.11567643758462828,0.1452161559051753,0.17794569218706668,0.2698718281581215
84,Pspline-Adam,0.2,24800,5,0.164199113845825,0.19777371345397532,0.23695448026063828,0.17427464011176377,0.2708117859674179,0.11575561195942391,0.14479777967744423,0.1774492464768521,0.26965936873824625
84,Pspline-Adam,0.2,24900,5,0.165585041046143,0.20802186468818049,0.18030941421171245,0.15856362840621246,0.30210597162773883,0.11577223487877865,0.14440243190581467,0.17683775991974157,0.26960551996186877
84,Pspline-Adam,0.2,25000,5,0.168638229370117,0.19404079272859498,0.20429342461511585,0.10963843369795002,0.36444383346445797,0.115619166204893,0.14378621282645232,0.17595938129223956,0.26981793736739007
84,Batch-SOAP,NA,5000,5000,1873.81456112862,0.07708822959853702,0.24322026214826517,0.2316017665182438,0.26242569147711736,0.07708822959853702,0.24322026214826517,0.2316017665182438,0.26242569147711736
