seed,Method,StepSize,N,nBatch,Time,RMSEphi1,RMSEphi2,RMSEphi3,RMSEphi4,RMSEphi1.avg,RMSEphi2.avg,RMSEphi3.avg,RMSEphi4.avg
12,Pspline-SGD,0.3,0,5,33.6158049106598,0.9400697829880166,1.400390069649912,1.187302837015777,1.0830210742980126,0.9400697829880166,1.355929621951737,1.0237116103522612,1.0830210742980126
12,Pspline-SGD,0.3,100,5,1.04077744483948,0.9620626257926395,1.4256487265308937,1.139246886628894,1.067490117825976,0.9620626257926395,1.3756767206466693,0.9417895256722301,1.067490117825976
12,Pspline-SGD,0.3,200,5,1.02827286720276,0.787136802907496,1.5287080457773439,1.0729549937266478,1.1347987502138517,0.787136802907496,1.33722321239642,0.7634828633765536,1.1347987502138517
12,Pspline-SGD,0.3,300,5,1.03715443611145,0.5853939009195739,1.6257995682896054,1.1586658193291495,1.0631124518872765,0.5853939009195739,1.1275898236438464,0.8128688242142704,1.0631124518872765
12,Pspline-SGD,0.3,400,5,1.01984763145447,0.6143850421646466,1.5993465526046065,1.211905750701408,1.0644539526244259,0.6143850421646466,1.0140591803367056,0.7770764950623482,1.0644539526244259
12,Pspline-SGD,0.3,500,5,1.02346992492676,0.571757382794593,1.5851721298686734,1.298681793164238,1.0733775299733168,0.571757382794593,0.8930012773325638,0.7331221126864371,1.0733775299733168
12,Pspline-SGD,0.3,600,5,1.02201128005981,0.601446898689148,1.569054549714872,1.4261251839379288,1.068345964888687,0.601446898689148,0.7378442605600481,0.7109825848209088,1.068345964888687
12,Pspline-SGD,0.3,700,5,1.01904034614563,0.5697053795498671,1.4765319500632965,1.405898563370278,1.0688637652440667,0.5697053795498671,0.6313252085295212,0.5367888999103981,1.0688637652440667
12,Pspline-SGD,0.3,800,5,1.0068998336792,0.5757590795079524,1.498484254801991,1.481543126198759,1.054944668496827,0.5757590795079524,0.619874645322978,0.40468801699828244,1.054944668496827
12,Pspline-SGD,0.3,900,5,1.01089096069336,0.5726691798326187,1.4906939409660607,1.4788070126227393,1.0094118125798484,0.5726691798326187,0.6045916681352711,0.39787763502904905,1.0094118125798484
12,Pspline-SGD,0.3,1000,5,1.01173949241638,0.596548943326331,1.4735136810574558,1.462278695671731,0.8932091262593167,0.596548943326331,0.5699501261359686,0.2813714890259012,0.8932091262593167
12,Pspline-SGD,0.3,1100,5,1.01413249969482,0.5846510783673224,1.4507563474971432,1.485209142785661,0.7930345525225776,0.5846510783673224,0.609085480709898,0.3414219256754976,0.7930345525225776
12,Pspline-SGD,0.3,1200,5,1.01803302764893,0.5517979631572845,1.437091293830191,1.4438950088198907,0.7360221236083972,0.5517979631572845,0.5583623795983387,0.2969716129972882,0.7360221236083972
12,Pspline-SGD,0.3,1300,5,1.0073766708374,0.531817340548323,1.444358911340795,1.4759804153033722,0.6066186375335103,0.531817340548323,0.5549500459153732,0.3554914009175925,0.6066186375335103
12,Pspline-SGD,0.3,1400,5,1.00101447105408,0.5665869772290391,1.4598368034141813,1.4862349518566365,0.4306921074062222,0.5665869772290391,0.5786109144523414,0.279169384596804,0.4306921074062222
12,Pspline-SGD,0.3,1500,5,0.99505090713501,0.5365713178224554,1.4665584716496272,1.488392636643931,0.3996264697080724,0.5365713178224554,0.5521502573293462,0.26728209300545924,0.3996264697080724
12,Pspline-SGD,0.3,1600,5,1.00227499008179,0.5428763441308933,1.4671778771997563,1.4897121557997655,0.33547664353692047,0.5428763441308933,0.5540155193253181,0.24725868928750458,0.33547664353692047
12,Pspline-SGD,0.3,1700,5,1.02286148071289,0.5288670167403559,1.473886190662937,1.498139381253592,0.3552925600875092,0.5288670167403559,0.5507847293809327,0.23356673612830212,0.3552925600875092
12,Pspline-SGD,0.3,1800,5,1.02400922775269,0.5284010771531646,1.4693423149662568,1.4863912132223451,0.35028579930481263,0.5284010771531646,0.5389970258599429,0.22538235787721572,0.35028579930481263
12,Pspline-SGD,0.3,1900,5,1.00126886367798,0.5303603500335807,1.459627174455586,1.469875978131268,0.3854643449564586,0.5303603500335807,0.5278778292993922,0.20866204065799998,0.3854643449564586
12,Pspline-SGD,0.3,2000,5,1.00971555709839,0.5039975988667592,1.4591602622049655,1.4634985767611077,0.375181410821818,0.5039975988667592,0.4927838655528719,0.1975272329755662,0.375181410821818
12,Pspline-SGD,0.3,2100,5,1.12017178535461,0.4864513660787306,1.448910106397629,1.456972700020733,0.3503612410332598,0.4864513660787306,0.4927266194691955,0.19281425734038568,0.3503612410332598
12,Pspline-SGD,0.3,2200,5,0.990155458450317,0.46178413279740405,1.4564155226084974,1.444489292515697,0.41304045938710193,0.46178413279740405,0.49370992309001827,0.2524479908918792,0.41304045938710193
12,Pspline-SGD,0.3,2300,5,1.0099196434021,0.43612192669600985,1.4446458536272548,1.4451809520993895,0.41551925175200993,0.43612192669600985,0.4853510839504439,0.1877773679381397,0.41551925175200993
12,Pspline-SGD,0.3,2400,5,1.01016187667847,0.5086596343798464,1.4612292752207803,1.467334275075819,0.43761373480962884,0.5086596343798464,0.5117276536045468,0.21156771369031804,0.43761373480962884
12,Pspline-SGD,0.3,2500,5,1.013258934021,0.5177380597012289,1.4568812859931302,1.4620904174089753,0.49161299231499167,0.5177380597012289,0.5327844361059195,0.19938751322649514,0.49161299231499167
12,Pspline-SGD,0.3,2600,5,1.01408863067627,0.5064940966316716,1.455606547300526,1.4667913923069384,0.49172683611021234,0.5064940966316716,0.5184311894806922,0.2218227837991895,0.49172683611021234
12,Pspline-SGD,0.3,2700,5,1.01740217208862,0.47590645659417874,1.441784238870089,1.4411993734514088,0.3651812318569841,0.47590645659417874,0.4737308640820014,0.1814317066900597,0.3651812318569841
12,Pspline-SGD,0.3,2800,5,1.01869440078735,0.4766775278943839,1.4337190585194035,1.4224866133079888,0.30169807321065356,0.4766775278943839,0.50410984396408,0.19940354258352938,0.30169807321065356
12,Pspline-SGD,0.3,2900,5,1.01336050033569,0.45040240070128823,1.414615153230704,1.418281347925579,0.40329785187426453,0.45040240070128823,0.45159494020949853,0.1722532809612685,0.40329785187426453
12,Pspline-SGD,0.3,3000,5,1.00802969932556,0.43192795167780657,1.4323150834206781,1.4408357904962024,0.4557759395359977,0.43192795167780657,0.3922199641489007,0.18533823570517338,0.4557759395359977
12,Pspline-SGD,0.3,3100,5,1.01427316665649,0.3119365325744334,1.4362072259352374,1.4330286000934347,0.4055788001933451,0.3119365325744334,0.3260367960576171,0.16404254273762042,0.4055788001933451
12,Pspline-SGD,0.3,3200,5,1.02292680740356,0.31200729349054396,1.426340266956885,1.4208530930699805,0.3711152997995718,0.31200729349054396,0.30284451594329087,0.13661252509127644,0.3711152997995718
12,Pspline-SGD,0.3,3300,5,1.13615298271179,0.3043221170377056,1.4252066211074845,1.4248434598745219,0.3292650899236149,0.3043221170377056,0.3192953427457131,0.15334896591623873,0.3292650899236149
12,Pspline-SGD,0.3,3400,5,1.01402068138123,0.3435352190463629,1.4078994719859237,1.4040631169808837,0.3440675689638515,0.3435352190463629,0.33413811468627364,0.13778325891777268,0.3440675689638515
12,Pspline-SGD,0.3,3500,5,1.01164627075195,0.3207737266039613,1.4241483234113343,1.4266224741264635,0.3291673719524696,0.32819855243198287,0.33557248587136895,0.1660489156689787,0.32046867064682494
12,Pspline-SGD,0.3,3600,5,1.04383730888367,0.33473512420195783,1.3892945326897912,1.3901182104123684,0.2753939538693189,0.31701714038803325,0.33344123932043074,0.17053447991244697,0.2904315008774674
12,Pspline-SGD,0.3,3700,5,1.04341077804565,0.3174327141918086,1.3976818559622985,1.394997477350975,0.24413346545746634,0.31687845322863223,0.3255952279023606,0.15855536447915805,0.27291969236404
12,Pspline-SGD,0.3,3800,5,1.05320382118225,0.29741281710069606,1.3916718757988609,1.3837075628057411,0.23812050847964755,0.3103787612502496,0.32010403891536793,0.14729954077092114,0.26109300400934465
12,Pspline-SGD,0.3,3900,5,1.0488703250885,0.30502151938976035,1.3908732481324673,1.3832180830311966,0.18353145258061898,0.30451336633268433,0.31413084801304775,0.1439235065801723,0.2448135690357594
12,Pspline-SGD,0.3,4000,5,1.04105424880981,0.2856433391481287,1.396335497479644,1.391969649299853,0.19632307551560804,0.30004696459034585,0.3123352800751319,0.14399312209202353,0.2276739572008755
12,Pspline-SGD,0.3,4100,5,1.04567360877991,0.33887598003854646,1.3945946924366917,1.3828460669088158,0.20043864148949098,0.29452098886042477,0.30969667417042374,0.14578238153915546,0.21784699288993098
12,Pspline-SGD,0.3,4200,5,1.05803656578064,0.2620705492251179,1.3956582157690722,1.3945323503298988,0.20516078036948826,0.2897347435462913,0.30417085958800194,0.14306339520545816,0.2123075490100708
12,Pspline-SGD,0.3,4300,5,1.05019950866699,0.2818552666476409,1.3961281965582035,1.4022628628381322,0.19507187299388232,0.2846629322520093,0.2995544517890586,0.133716397949203,0.2074978293436422
12,Pspline-SGD,0.3,4400,5,1.05543112754822,0.22952282796990697,1.4032156478972997,1.407605180924448,0.20077620136333496,0.27944504555758565,0.2963807510262322,0.12761274098973183,0.2057035994519585
12,Pspline-SGD,0.3,4500,5,1.17228245735168,0.24051742540929558,1.3714718469266494,1.382647613743309,0.24577037441105692,0.2727798172776853,0.29262834609243327,0.12444034351492804,0.20611577436027642
12,Pspline-SGD,0.3,4600,5,1.04187273979187,0.23321761800705174,1.3462963361011027,1.3626297869587198,0.2134573261001876,0.26829087799420465,0.2901890028090044,0.1257602722479284,0.2076939475772248
12,Pspline-SGD,0.3,4700,5,1.05224990844727,0.29019203979216707,1.3528734339543746,1.3512852993775422,0.2071618545803241,0.26354820793170064,0.2876531281663746,0.12511824158487944,0.20671381365210442
12,Pspline-SGD,0.3,4800,5,1.05333471298218,0.2332511272956207,1.3598983944026015,1.3568877393356515,0.19463016266466854,0.26116492513167033,0.2857000851809884,0.12497860418501372,0.20490882680799513
12,Pspline-SGD,0.3,4900,5,1.04703712463379,0.2585207974491228,1.3410795235247068,1.3478497960089424,0.25136742068771384,0.2590453801009437,0.28425732561410205,0.12400474135310154,0.20025362873289113
12,Pspline-SGD,0.3,5000,5,1.04397892951965,0.2250247309504522,1.363683411009307,1.3665653376684326,0.20151099848599546,0.2561773022795609,0.2822967402083717,0.12326051505248789,0.19787124509312065
12,Pspline-SGD,0.3,5100,5,0.173002004623413,0.31052392969641157,1.3399484258247671,1.3449709096783036,0.2616421022984182,0.25487742382839085,0.28201392539405534,0.12352610426421129,0.19773347151429543
12,Pspline-SGD,0.3,5200,5,0.174962759017944,0.2684901988926912,1.3508983172366855,1.3546644466206892,0.21665677469411448,0.25426188449293574,0.2816408005295553,0.12428708769894296,0.19755073393419376
12,Pspline-SGD,0.3,5300,5,0.175409555435181,0.23719768502557947,1.350308731223664,1.3403585593823242,0.18754000484192315,0.25102031242835227,0.27931388950219127,0.12500649776655914,0.19602733210770193
12,Pspline-SGD,0.3,5400,5,0.177224397659302,0.23016413122903942,1.342585298293531,1.346119151215536,0.24888791099042898,0.2488098143643963,0.27796625697251137,0.12512288410833247,0.19273149188242528
12,Pspline-SGD,0.3,5500,5,0.173243761062622,0.1878930419168862,1.3531122535804028,1.3558968397136577,0.30972558322573496,0.2458356496067047,0.2759900793703932,0.12532532358245632,0.1921402149502478
12,Pspline-SGD,0.3,5600,5,0.174924850463867,0.1852377192616895,1.3502823765314063,1.355098786913182,0.2688287103791599,0.24217157827221272,0.27321184795473247,0.1261648095729234,0.19282852465074202
12,Pspline-SGD,0.3,5700,5,0.177603244781494,0.22078319727001042,1.348180831792386,1.3577012976747798,0.3569556867937701,0.23842385250502754,0.2706772485955939,0.1279990846031912,0.19412200323418705
12,Pspline-SGD,0.3,5800,5,0.175349712371826,0.17782093866605206,1.3826495318241998,1.3862804599808958,0.29917318200947257,0.2350759884210751,0.2684579421796038,0.12968297664253903,0.1955073644146514
12,Pspline-SGD,0.3,5900,5,0.172605514526367,0.1740169435927391,1.3593567798085429,1.3750259827909421,0.3081041775026214,0.23159344250243102,0.26565065342394006,0.13100493458255708,0.19638658707460172
12,Pspline-SGD,0.3,6000,5,0.176051616668701,0.2271299721163729,1.3704789531866444,1.3676825146750586,0.2598501787629839,0.22840820894504044,0.2626453402046838,0.13083146491093348,0.19620364372480198
12,Pspline-SGD,0.3,6100,5,0.17188286781311,0.20013099820772653,1.3492648748891656,1.3560638805928915,0.30458289684541046,0.22589864259250755,0.2602333346959071,0.13134659989826444,0.19692504299844774
12,Pspline-SGD,0.3,6200,5,0.173444032669067,0.23613440107906294,1.3403652490860396,1.339143901672961,0.2385184502570838,0.22346225550465254,0.2583839407755742,0.13295308886944104,0.1978244309697481
12,Pspline-SGD,0.3,6300,5,0.172003746032715,0.16996192721456865,1.344255004649774,1.3500460342747926,0.2780086439713818,0.2208596668915303,0.256620220564495,0.13475135008887618,0.19798513623920763
12,Pspline-SGD,0.3,6400,5,0.173352479934692,0.24074673369797545,1.3340000470419489,1.328539948760292,0.25036402444869205,0.21879443426872677,0.2551247360423443,0.13609126927395732,0.19872675271926166
12,Pspline-SGD,0.3,6500,5,0.176638841629028,0.1808527411900859,1.331152777043771,1.3296601119304308,0.2697236194431729,0.2168885608686414,0.2538097091144872,0.13707221389060745,0.199688067355137
12,Pspline-SGD,0.3,6600,5,0.175845623016357,0.1611788777565058,1.3445696362982613,1.341748604308196,0.2538648780652895,0.21490222591486788,0.25228158575679277,0.13815135533113843,0.20012277412982823
12,Pspline-SGD,0.3,6700,5,0.172482490539551,0.14177440807592617,1.349380736186806,1.346272839572398,0.1813641125188197,0.21227958228189703,0.2497248644340963,0.13747778735507515,0.19918629440400906
12,Pspline-SGD,0.3,6800,5,0.176288366317749,0.15716365287775677,1.357416080561891,1.351367380570716,0.16856621140525888,0.20938114621340423,0.24668868724471768,0.13707051990031516,0.19692419723877833
12,Pspline-SGD,0.3,6900,5,0.287418365478516,0.14224312592532334,1.3423239046480377,1.33869302281768,0.19940235459922304,0.20586602992741135,0.24303628286360868,0.1362987082505314,0.1944391358521688
12,Pspline-SGD,0.3,7000,5,0.17548656463623,0.22065698680924914,1.3272630937936534,1.3235966590766306,0.2741149331110272,0.20198147730713048,0.23914211843370317,0.13688994084394387,0.19226613247637922
12,Pspline-SGD,0.3,7100,5,0.176282644271851,0.0974555562794491,1.3138658322331882,1.3115762323860987,0.2029812341967891,0.19869236297634854,0.23592434348611044,0.13678058260449927,0.19040236635769112
12,Pspline-SGD,0.3,7200,5,0.172351360321045,0.12388294778992559,1.3247512138267947,1.294558049163288,0.18496348446793315,0.1945436877859323,0.23169474934445808,0.13822453071874108,0.18870155098056646
12,Pspline-SGD,0.3,7300,5,0.172654628753662,0.12340084431233427,1.3162440626002647,1.306069086291706,0.24077521799171658,0.19063716969057148,0.22756871536361278,0.13980951046254717,0.18713006993918704
12,Pspline-SGD,0.3,7400,5,0.17585277557373,0.14932923139277937,1.3216664890902088,1.3126694289830616,0.23101526471203776,0.1878001376619927,0.22462999993682176,0.14044766024235422,0.184846730644979
12,Pspline-SGD,0.3,7500,5,0.173108577728271,0.15874443109660175,1.3210461938085063,1.306025104021283,0.2541945245722562,0.18579436386766449,0.22264506896101788,0.1407514680904974,0.1823549074729357
12,Pspline-SGD,0.3,7600,5,0.172177791595459,0.13329549449628858,1.3201898516598427,1.3075274384736941,0.20072661911933273,0.18349407766797407,0.21987226662661816,0.14082060720466222,0.17954733200560874
12,Pspline-SGD,0.3,7700,5,0.172043800354004,0.12523008933821161,1.2915613896153841,1.2825549027094871,0.13938720458705062,0.1814062665447244,0.2173846662596126,0.1414534674027818,0.176997855629162
12,Pspline-SGD,0.3,7800,5,0.173043012619019,0.1620442360032115,1.2906493231281222,1.2770132390647408,0.1467717615359759,0.17923402037367636,0.21494657901507191,0.14187229807575957,0.17500588126838226
12,Pspline-SGD,0.3,7900,5,0.173271417617798,0.11472909154465588,1.2653236502132157,1.2578658132689347,0.23076539667489013,0.17721589831632215,0.21298652856423145,0.14292602411280536,0.17306348675811242
12,Pspline-SGD,0.3,8000,5,0.17509913444519,0.16411918198289688,1.2882548898547233,1.2885167922857814,0.24617043358153146,0.17443574998405356,0.21043446677818178,0.1430605324652194,0.17126060815991198
12,Pspline-SGD,0.3,8100,5,0.175730228424072,0.1366088259943343,1.2743505493496308,1.2797356885101647,0.2654494559521841,0.17073052915949613,0.2075231544164521,0.14477679328610057,0.1702759958993464
12,Pspline-SGD,0.3,8200,5,0.169575452804565,0.15108878346518728,1.2689540290894448,1.2694343869310718,0.22315012651346242,0.1669075347893921,0.20443245046523975,0.14612462931120015,0.1691381062494312
12,Pspline-SGD,0.3,8300,5,0.17258620262146,0.14784687682521486,1.2782635145745689,1.2751092929015857,0.18427705197433084,0.1633361995940004,0.20139060232125902,0.14719033547367935,0.1683318090085707
12,Pspline-SGD,0.3,8400,5,0.174876928329468,0.14768146765600318,1.2590768867564632,1.2539321466929838,0.1867921888757355,0.16064111713442303,0.1990444988284324,0.14850380605908092,0.16760505422055472
12,Pspline-SGD,0.3,8500,5,0.172243595123291,0.12089485142872483,1.2705545203962514,1.2599424708240867,0.18496057367594482,0.15783205432335098,0.19696093796619274,0.15016417745459526,0.1671906900785698
12,Pspline-SGD,0.3,8600,5,0.172099590301514,0.16673621225120844,1.2499965041043881,1.2469085746380781,0.18531818597301558,0.15542587520186116,0.19522384188566472,0.1518123512901494,0.16690811094298497
12,Pspline-SGD,0.3,8700,5,0.173481702804565,0.1471897983379524,1.243982755954399,1.2411929756300883,0.1745957944422141,0.1536390074437474,0.1938777498595629,0.15325171054521586,0.16663390456281976
12,Pspline-SGD,0.3,8800,5,0.171665668487549,0.15551693170428113,1.2291370251654303,1.2254510471623612,0.1470663642991924,0.15187811891307004,0.19260498374975463,0.15439062115097335,0.16599379955776916
12,Pspline-SGD,0.3,8900,5,0.169137716293335,0.15225154905153626,1.2337369423105298,1.2335515856800972,0.11148951932593229,0.15010529454957847,0.19148164336956916,0.15626297848312448,0.16441779840572057
12,Pspline-SGD,0.3,9000,5,0.170375347137451,0.17417654462147347,1.246196878606563,1.2475953482004523,0.12586405978343818,0.14849260124089528,0.19061137042296858,0.15731719099002633,0.1630955521957248
12,Pspline-SGD,0.3,9100,5,0.169277906417847,0.27958600297934116,1.2532787125697373,1.2486480347862918,0.12583292427197776,0.14671747486398515,0.1896657475806593,0.15775283012975977,0.16191250023541373
12,Pspline-SGD,0.3,9200,5,0.1698317527771,0.1393823610245482,1.2335567238899794,1.2317742164387664,0.15156761567557145,0.14510005711057272,0.18885413992148367,0.1589616288208035,0.1609762520801835
12,Pspline-SGD,0.3,9300,5,0.169185400009155,0.15077957541538972,1.2381754384240569,1.2365022373694177,0.1317919433255386,0.14321763208561109,0.18802592563533688,0.16053427180255314,0.15990560397523554
12,Pspline-SGD,0.3,9400,5,0.171602010726929,0.10987337703334282,1.253372521386268,1.2466046793205965,0.15238860962423298,0.1410698421639597,0.18720369820283014,0.16137211903982662,0.1589103095068058
12,Pspline-SGD,0.3,9500,5,0.16819429397583,0.1394245321522205,1.2354562046251412,1.2363437166267905,0.15899115293738833,0.13857088098673742,0.18638710031217487,0.16213114875222961,0.1584477901505235
12,Pspline-SGD,0.3,9600,5,0.169794797897339,0.14727179021303788,1.2004460103085675,1.2082891780830771,0.154930528767357,0.13669336514306096,0.1861399383433378,0.16367134928141586,0.1579351092361788
12,Pspline-SGD,0.3,9700,5,0.176505327224731,0.18840618068290063,1.2046375121125863,1.20285457267232,0.14353076784062,0.13485912328418512,0.18599712623980313,0.1651645688734758,0.15726486919144245
12,Pspline-SGD,0.3,9800,5,0.172807693481445,0.13503415175539082,1.2111695005304348,1.204554485754788,0.1507199616085184,0.13360036653118798,0.18624175915686103,0.16699198479640412,0.15637565819428087
12,Pspline-SGD,0.3,9900,5,0.172001123428345,0.11773516828273942,1.1951630792927666,1.1901261731825319,0.23090747911999682,0.13246994112638,0.18656540361794224,0.1684398237554908,0.15506855664127556
12,Pspline-SGD,0.3,10000,5,0.175792694091797,0.14306708111560112,1.2117029629733462,1.2123420539803331,0.15634222571257766,0.13124426200998882,0.186754245749458,0.1697522120440451,0.1543586159110762
12,Pspline-SGD,0.3,10100,5,0.173162460327148,0.22000886066969444,1.187632619397432,1.1876817193316447,0.22228371994394833,0.13052571038706035,0.18742041374317106,0.17120491523345394,0.1540905747025297
12,Pspline-SGD,0.3,10200,5,0.172951936721802,0.19486298088334317,1.1933058020298797,1.192627890124731,0.17596356907558447,0.13006213620628354,0.18815376115915824,0.17312532452607748,0.15385739497030088
12,Pspline-SGD,0.3,10300,5,0.173141717910767,0.1808857604231959,1.1878847001044281,1.1792417564555553,0.1412253170333257,0.12930321067561218,0.18866174495047933,0.17521642422582237,0.15312185503850542
12,Pspline-SGD,0.3,10400,5,0.175768852233887,0.16921503259519888,1.174644868934493,1.1812841345264224,0.20661051636701275,0.12894134946756555,0.18954856576214224,0.17748093335424175,0.1518433718224815
12,Pspline-SGD,0.3,10500,5,0.174599885940552,0.16904677867149337,1.1808659892666666,1.1864584844267767,0.28215721287378387,0.12830035621040808,0.19025364819459686,0.1793442826208074,0.15151441746074432
12,Pspline-SGD,0.3,10600,5,0.174387454986572,0.18314147342255468,1.1811594053782977,1.1908391502434532,0.23709001874002197,0.12758153854579488,0.19084096983266136,0.18138285446876745,0.15171736609075856
12,Pspline-SGD,0.3,10700,5,0.178797721862793,0.1933591538906507,1.169841494420444,1.1818729264755035,0.3014816933541647,0.12693891264598203,0.19156118759726587,0.1835801775288671,0.15200158480501644
12,Pspline-SGD,0.3,10800,5,0.172585248947144,0.1935611794398063,1.2123131005001144,1.2216579592940746,0.2206167597050967,0.1263012221368983,0.19224896127030852,0.18574533572354288,0.1521320867238482
12,Pspline-SGD,0.3,10900,5,0.174376487731934,0.19913386203386102,1.1931975771676033,1.2112004872345423,0.2165261266837846,0.12564119226995046,0.19253368077415128,0.18757823022189718,0.15201932685846747
12,Pspline-SGD,0.3,11000,5,0.175579786300659,0.22341496359868693,1.195417045936979,1.2004199281816212,0.20883236121457957,0.1250029181410711,0.1927002336833036,0.1890952817108677,0.15174159032059747
12,Pspline-SGD,0.3,11100,5,0.171595573425293,0.19553041708340593,1.1713327230560202,1.1804907677819874,0.2674129725680964,0.12473635522136682,0.19331828482076602,0.19106795802182325,0.15183065598064152
12,Pspline-SGD,0.3,11200,5,0.172222137451172,0.22719132689769606,1.1642326541083954,1.164248039201961,0.19018246223691218,0.12458764699520197,0.19425720285429035,0.19334688544135772,0.15194561379031288
12,Pspline-SGD,0.3,11300,5,0.172974348068237,0.16844024499147928,1.1657840409649405,1.1769340816489027,0.23758903843398574,0.12417139176396101,0.19527280146496684,0.19573962359738642,0.15160775962292314
12,Pspline-SGD,0.3,11400,5,0.175164699554443,0.23523193498784092,1.154843097036418,1.1561362473405057,0.20461249657605945,0.1241340907160446,0.1963529689526606,0.19808902786373953,0.1515661720850324
12,Pspline-SGD,0.3,11500,5,0.172981739044189,0.2096730895241195,1.1522660864674343,1.1592320779501186,0.21993097846365658,0.12424398500859365,0.19749718616883596,0.20032462691089722,0.15177344079027902
12,Pspline-SGD,0.3,11600,5,0.175951480865479,0.1749786169173079,1.164563996205448,1.1689181323619646,0.22194451163495937,0.12419678007575961,0.198619358036442,0.20251306733040736,0.15204794463327476
12,Pspline-SGD,0.3,11700,5,0.171394109725952,0.16698829193500916,1.1620048875842408,1.1667067097924462,0.1508986518682759,0.12370688164745187,0.1992305335960046,0.20402733707623802,0.1518597544790338
12,Pspline-SGD,0.3,11800,5,0.174483060836792,0.19881749251676614,1.1705483962531045,1.1759704753285674,0.15500960368373548,0.1231060407674304,0.19981071610844037,0.20568137774672876,0.15112098592846707
12,Pspline-SGD,0.3,11900,5,0.17056131362915,0.2007796641332803,1.153346773181917,1.1616929730257022,0.1952207425640056,0.12231676559799205,0.20024494559401326,0.20722707927032338,0.1504064871505969
12,Pspline-SGD,0.3,12000,5,0.175494909286499,0.2815320478330138,1.1417733496214804,1.1507437226759103,0.27948603232000524,0.12143478013974615,0.20077769704188853,0.20914613869310797,0.14993353120039454
12,Pspline-SGD,0.3,12100,5,0.175077438354492,0.19341281127777674,1.1331287771335126,1.1408310588571955,0.15948269872759266,0.12113602087399947,0.2015307793543921,0.21080284285156528,0.14927790816818357
12,Pspline-SGD,0.3,12200,5,0.170141696929932,0.20498056329505324,1.1434692653288485,1.1204530855874268,0.15206595644311102,0.12058829449104566,0.20224714022322107,0.2129769587685998,0.14863447389501566
12,Pspline-SGD,0.3,12300,5,0.170017719268799,0.2321080912625362,1.1265988545990306,1.1320322526697781,0.23288215221735836,0.1203002952076063,0.20307050499541993,0.21533738375978131,0.1480330151340602
12,Pspline-SGD,0.3,12400,5,0.171793460845947,0.17531975901843674,1.1339459860157608,1.1377273893803852,0.21218974697421908,0.12004208884542879,0.20400245441207926,0.21746257807609154,0.1470989548420089
12,Pspline-SGD,0.3,12500,5,0.177602529525757,0.21323926074008465,1.1383984796146338,1.1311298519691764,0.2694791094698314,0.11988000990514971,0.2050332261333069,0.21948380397408557,0.146103586319808
12,Pspline-SGD,0.3,12600,5,0.171358108520508,0.17537323060577745,1.1363872965355675,1.1331553102350664,0.20840087653455794,0.11971756368814263,0.2059468897548552,0.22135995170956976,0.14506395142109937
12,Pspline-SGD,0.3,12700,5,0.17511773109436,0.19098163425883463,1.1068708633431183,1.1091002385618278,0.14224815944667774,0.11960142518485509,0.20703225262985583,0.2234301651540524,0.14405294994895307
12,Pspline-SGD,0.3,12800,5,0.170154809951782,0.2129383281064431,1.1079043655087342,1.1018228886085073,0.12808759612698994,0.1196153412050576,0.20821735867259,0.22544721085089128,0.14323088176400928
12,Pspline-SGD,0.3,12900,5,0.291131496429443,0.16133430736631682,1.0779308725949517,1.0789965709401206,0.2121397875342858,0.11951942755755453,0.2096943915252552,0.2277329767203348,0.14237021535130406
12,Pspline-SGD,0.3,13000,5,0.170950174331665,0.22816050740075056,1.1018714827350309,1.1203589113174925,0.25573125331208635,0.11917365170465252,0.21095946895335488,0.22954074723702678,0.14148580121461332
12,Pspline-SGD,0.3,13100,5,0.174165725708008,0.2682462481898495,1.085455965155563,1.110536896671049,0.25864844339614634,0.11870160604991173,0.21224152809002897,0.23175298430752977,0.1408095697715242
12,Pspline-SGD,0.3,13200,5,0.176659822463989,0.2784237355201093,1.0767025683766718,1.0993459498041327,0.22223017154994845,0.11842154737941546,0.21356884338059404,0.2339344566746114,0.14010691004903827
12,Pspline-SGD,0.3,13300,5,0.174609899520874,0.26961905221960014,1.0855211274067476,1.1038673640762267,0.1779260514540385,0.11825001721000382,0.2148331340422596,0.23604553368406078,0.13966330616338052
12,Pspline-SGD,0.3,13400,5,0.171196699142456,0.25892731098750016,1.0642496615024981,1.0796240351130038,0.18231693250292386,0.11842310987682811,0.21633223157045206,0.23834800034931622,0.13935467909686913
12,Pspline-SGD,0.3,13500,5,0.172096729278564,0.24401354779990025,1.071439871533932,1.079049922791786,0.16753710604484345,0.11836571917964192,0.21792006436241704,0.2406965036359968,0.13923809404753004
12,Pspline-SGD,0.3,13600,5,0.174551725387573,0.2860914507849389,1.049164588757157,1.0726153956883597,0.1647736224475886,0.11858970590706573,0.21961084462021752,0.2430646980348839,0.13918843207289577
12,Pspline-SGD,0.3,13700,5,0.172807455062866,0.2569931594687762,1.0426712267649465,1.065714816445624,0.16301012018034913,0.11919061448999739,0.22147906771935957,0.24550364128430785,0.1391940456851967
12,Pspline-SGD,0.3,13800,5,0.175457000732422,0.27501970623272837,1.0230935947836202,1.049064788891235,0.1373988619197334,0.1197088375816074,0.22334160075774476,0.24779827232719906,0.13901003693023464
12,Pspline-SGD,0.3,13900,5,0.172354936599731,0.2647018800797015,1.0267765547572214,1.0535018186790437,0.10736067360846142,0.12022704968634972,0.22531126004269936,0.2503861722533672,0.1382780040759924
12,Pspline-SGD,0.3,14000,5,0.17463231086731,0.28877207664597404,1.0419016325524646,1.072472918323224,0.11605680756223324,0.12082380315755643,0.22722271363810537,0.2525950739610685,0.1376383871665527
12,Pspline-SGD,0.3,14100,5,0.172671556472778,0.3430855928023197,1.051370766902022,1.0736756310749414,0.11778552394578035,0.1212078902980258,0.2290338767118058,0.254521304380273,0.1370370191749536
12,Pspline-SGD,0.3,14200,5,0.171826601028442,0.24993576114752256,1.0325133344864283,1.0515886138338417,0.14185573627421133,0.12163001054684972,0.23091322266917125,0.25671412765377066,0.13659032185246375
12,Pspline-SGD,0.3,14300,5,0.171548843383789,0.24300468125064476,1.037646180247488,1.052359907237788,0.12735546277422802,0.12175300199162059,0.23274029806845095,0.2589539790395879,0.13604903859325668
12,Pspline-SGD,0.3,14400,5,0.17414379119873,0.23986176625150293,1.0527818962855007,1.0606167675024314,0.15156302128494908,0.12170696052857553,0.2344690807189682,0.26083461932652063,0.13550657441008404
12,Pspline-SGD,0.3,14500,5,0.169927835464478,0.25041860555928225,1.0352906570754958,1.0543808331994529,0.15094887751833583,0.12153747832172171,0.23623319884669147,0.26263172443399985,0.13533458928382852
12,Pspline-SGD,0.3,14600,5,0.172817230224609,0.2551148737526214,0.9985753692892966,1.0258730288821412,0.13492954361227155,0.12170934367118462,0.23829642309904323,0.2647994575093027,0.13512472895492939
12,Pspline-SGD,0.3,14700,5,0.173017501831055,0.30067163259498775,1.0023316293586986,1.0242769376801495,0.13473636747919376,0.1220588101323498,0.24040804320924147,0.26698941814926663,0.1346967549058189
12,Pspline-SGD,0.3,14800,5,0.172547578811646,0.23711098676854353,1.0144053217476159,1.0283347162744156,0.14588706240951899,0.12259659137672585,0.2424926930093277,0.26931070943033025,0.13418560848671998
12,Pspline-SGD,0.3,14900,5,0.172303199768066,0.20936684535573472,0.9956440316426327,1.0024225547531629,0.24153853198197614,0.12282667344456245,0.24455519181856178,0.2714249985453582,0.13348613491782804
12,Pspline-SGD,0.3,15000,5,0.173305749893188,0.2468586285234039,1.0094187431650836,1.0332556946572005,0.16921445009139283,0.12308931985628833,0.2465673210197811,0.2734517061990189,0.13314135549193826
12,Pspline-SGD,0.3,15100,5,0.173469543457031,0.27541154464218615,0.9908238490427911,1.017571278233033,0.21087689379099542,0.12346622336892467,0.24863768012743348,0.2755404650560227,0.13298355666512576
12,Pspline-SGD,0.3,15200,5,0.175014019012451,0.2596110181248334,0.9895440723145532,1.006359898379736,0.1952859425115905,0.12378163327236315,0.2507898349798809,0.2776995613321866,0.13307355058924145
12,Pspline-SGD,0.3,15300,5,0.172559261322021,0.268378248771821,0.9767652147185176,0.9924502508555254,0.16077573465332207,0.12414833106397545,0.25302253948986175,0.280013448033045,0.13287614029148412
12,Pspline-SGD,0.3,15400,5,0.172202348709106,0.2659040410766076,0.9719034015725633,0.9925490411313869,0.20090678537847226,0.12464766533909231,0.25530854210706166,0.282394498040315,0.13245171849364235
12,Pspline-SGD,0.3,15500,5,0.171556234359741,0.2720558755973521,0.9675042934881507,0.9953027335729031,0.28110935073193516,0.12516904253085634,0.25754671256520656,0.2846320404041018,0.1325124639858901
12,Pspline-SGD,0.3,15600,5,0.173933029174805,0.28650415930157747,0.9672824057776152,0.9999621703366373,0.23674936942630484,0.12573249014850363,0.2597755000093616,0.2869451922710103,0.13282918661725862
12,Pspline-SGD,0.3,15700,5,0.171878337860107,0.27866486688259495,0.9571256864065729,0.9887474255660712,0.2806525505551877,0.1263907547599236,0.2620401386728775,0.28929477677148585,0.13303896569067872
12,Pspline-SGD,0.3,15800,5,0.173226833343506,0.2868164167615278,1.0019598439428843,1.0285992720755301,0.1749620038846324,0.12694181073731922,0.2642295152807448,0.2915476866354028,0.13309328835177034
12,Pspline-SGD,0.3,15900,5,0.175820112228394,0.2988314590773644,0.9764039622528822,1.0131014507138931,0.17153419000150055,0.12759553900085974,0.266246713624221,0.2936653449133558,0.13292927790185666
12,Pspline-SGD,0.3,16000,5,0.174675464630127,0.295730608341719,0.9701351588429329,1.00167451201406,0.17210527958141006,0.128178650912544,0.2682069555077584,0.29572562084649706,0.13268514091408848
12,Pspline-SGD,0.3,16100,5,0.172436714172363,0.28746907949483325,0.941832703661428,0.9803476946783091,0.21394507951888106,0.12889013514135556,0.27035821895215967,0.29805095237604246,0.1326892079454129
12,Pspline-SGD,0.3,16200,5,0.171873807907104,0.29272003179826556,0.938437329876534,0.9691863960731706,0.1535169573398623,0.1296674801384307,0.2726783016234083,0.30051296709218883,0.13274715817829727
12,Pspline-SGD,0.3,16300,5,0.171499967575073,0.25419763690621583,0.9513592472395664,0.9872086090039719,0.21700773587763236,0.13016164316292464,0.2748916487017368,0.30290989203773383,0.13241562003688329
12,Pspline-SGD,0.3,16400,5,0.171868324279785,0.2950816589048616,0.9477894122343551,0.9783572629826015,0.19396655889077977,0.13084992616345398,0.27709038345515025,0.3052871725787851,0.13226645875518664
12,Pspline-SGD,0.3,16500,5,0.175360679626465,0.27562961116432744,0.9466239415314629,0.9773946354393086,0.21225719263923,0.13153447989623396,0.27922819229504786,0.3075197489243175,0.13234411757873055
12,Pspline-SGD,0.3,16600,5,0.173192024230957,0.2545334704616148,0.9559279148601795,0.9833047130333467,0.218183619345142,0.13209537773156482,0.2813598678055376,0.30970826793112477,0.13255968826687767
12,Pspline-SGD,0.3,16700,5,0.170488357543945,0.2483671747162082,0.9528852828718052,0.9784300274712556,0.13385122278012473,0.13251749519125525,0.2832903123209707,0.3115815787896339,0.1325028796432239
12,Pspline-SGD,0.3,16800,5,0.171822786331177,0.27791409287636165,0.9496973233176691,0.9818642809079285,0.1572143271903931,0.13291253352882526,0.2852895855942481,0.31358809622226896,0.13215499133985478
12,Pspline-SGD,0.3,16900,5,0.175184488296509,0.27418459959868335,0.9481561298310794,0.9770809558512982,0.19752022035012362,0.13325435989171516,0.28720837824457796,0.31543210728640986,0.1320783648502929
12,Pspline-SGD,0.3,17000,5,0.175559282302856,0.3219931570375552,0.9305597460782419,0.9631101864761029,0.22143689819774248,0.13359520028605273,0.2891942665228078,0.31742487804530906,0.13213908379101744
12,Pspline-SGD,0.3,17100,5,0.172973394393921,0.26748084490679275,0.9226502167045978,0.9506069072343016,0.1937967954586637,0.13408760866961533,0.2912692438291554,0.3194483284726422,0.1323063336597204
12,Pspline-SGD,0.3,17200,5,0.176550149917603,0.2888022153361205,0.9530759887843147,0.9472865536134631,0.15320859666402506,0.13443285641567046,0.2932649584765827,0.3214993830201524,0.13228699981232783
12,Pspline-SGD,0.3,17300,5,0.175010681152344,0.31310703380368493,0.9524875925559986,0.9589163055816253,0.20343668605576726,0.1349189822192218,0.2952016912682256,0.3235312327713118,0.13219918605586115
12,Pspline-SGD,0.3,17400,5,0.17444920539856,0.2628209146961567,0.9274608926212475,0.9499741769117699,0.18830928295761004,0.13531820199511746,0.297189872297131,0.32553689382457424,0.13183248388149457
12,Pspline-SGD,0.3,17500,5,0.171326398849487,0.2804386115730628,0.9385117266767694,0.9487620825021086,0.2077366854248034,0.13570751127534095,0.29922627949745884,0.32754977038628574,0.1314253602966112
12,Pspline-SGD,0.3,17600,5,0.175413608551025,0.2395259771090898,0.9229719911199432,0.9384616442710002,0.16374563422153698,0.13605547421168337,0.30118716765309417,0.3294487294694986,0.13103442314620664
12,Pspline-SGD,0.3,17700,5,0.288000106811523,0.2535287419805,0.8919661454988117,0.910312635291725,0.1498299362675402,0.13646738535529446,0.30330408415167215,0.3315630464253867,0.13075949385785832
12,Pspline-SGD,0.3,17800,5,0.172584772109985,0.25700666548650175,0.8932426922365326,0.9032738043312832,0.1403663845077504,0.1369594348657378,0.30547298634121206,0.3336627830589005,0.13047316427264743
12,Pspline-SGD,0.3,17900,5,0.174438238143921,0.22223580811714494,0.8579084729517928,0.8734910856375616,0.21794270283177958,0.1373427764852608,0.3078420226094574,0.33594911232022395,0.13004645735097028
12,Pspline-SGD,0.3,18000,5,0.171195983886719,0.27458496029979207,0.8821873545858383,0.9251575831149361,0.25480722263602046,0.13765398571656015,0.3101177073210518,0.33797088454579666,0.12957635724098288
12,Pspline-SGD,0.3,18100,5,0.17518162727356,0.3339847010319822,0.8801752252357176,0.9116898218331227,0.22145452168573398,0.13807682004893726,0.3124218747652216,0.3401161352077651,0.1291189530023573
12,Pspline-SGD,0.3,18200,5,0.174183368682861,0.34381513255987345,0.8680343119012918,0.9026282056071909,0.20059530858946728,0.138723708682311,0.314752772192312,0.34221098045458576,0.12868163493198964
12,Pspline-SGD,0.3,18300,5,0.178223371505737,0.33883003419660007,0.8703076989410736,0.9033423429017956,0.15382992630548015,0.13942514415222163,0.31705697616772105,0.34432655325557543,0.1284586896076803
12,Pspline-SGD,0.3,18400,5,0.170793294906616,0.3132631864446992,0.8689301762324845,0.895878023519335,0.19303915673857006,0.14015439249727155,0.3193844166865733,0.34652134195395085,0.12831107225613034
12,Pspline-SGD,0.3,18500,5,0.171497583389282,0.3059931711669087,0.8739253667241164,0.8855191034435312,0.16959627059010746,0.14067106058074222,0.32168389079773724,0.34866136626782157,0.1282337011965837
12,Pspline-SGD,0.3,18600,5,0.174044609069824,0.3368146928831637,0.8561097154983672,0.8781651171424674,0.21024840156781255,0.14139135800247044,0.32404185694112003,0.35087575589264375,0.12819919103199565
12,Pspline-SGD,0.3,18700,5,0.174831867218018,0.3001980478293804,0.8374112717034995,0.8685921876759541,0.211670217456062,0.14225602045525707,0.32647570102754747,0.3531700806899369,0.12828512159840036
12,Pspline-SGD,0.3,18800,5,0.172691345214844,0.3074716787347939,0.825141593186353,0.8615961769522978,0.20717839017992834,0.14296876280860857,0.3288692005223735,0.3554058545321515,0.12835630508193493
12,Pspline-SGD,0.3,18900,5,0.171512603759766,0.2990044859013558,0.8158078185531998,0.8606879798701256,0.19463843593146068,0.14375383137720976,0.3312961228094314,0.35776098133944284,0.12808272967958786
12,Pspline-SGD,0.3,19000,5,0.172610521316528,0.32296116184995705,0.8213789010027133,0.8795621181326071,0.1791621826357151,0.1446472131033912,0.33372712571874086,0.36002351684512723,0.12785129079264465
12,Pspline-SGD,0.3,19100,5,0.174185037612915,0.38728766709180973,0.8281082606144565,0.880297549274789,0.1795277678712517,0.14539301838113353,0.3361091499128922,0.3621702751873341,0.12761220629669504
12,Pspline-SGD,0.3,19200,5,0.170970678329468,0.28984860575223714,0.8296422477661146,0.8629196824456379,0.17234914724957429,0.1461814671861579,0.3384712659234352,0.3643791103766449,0.1273870114855641
12,Pspline-SGD,0.3,19300,5,0.170631885528564,0.2768492048605175,0.8359896372890935,0.859359269208513,0.20702956352555538,0.14672213777977927,0.3407415279707001,0.36651776852133516,0.12699096330201828
12,Pspline-SGD,0.3,19400,5,0.173263072967529,0.28779728775207375,0.8458070627503274,0.866337405705819,0.2146078308839887,0.14718019742387325,0.3429496146670062,0.36850414505008755,0.12659798810446243
12,Pspline-SGD,0.3,19500,5,0.172558069229126,0.3029726612417339,0.8235450214705373,0.8646135649916259,0.16762574456775023,0.1476200314940853,0.3451921862841067,0.3704383178243527,0.12654620205286818
12,Pspline-SGD,0.3,19600,5,0.169535875320435,0.2960221058633334,0.7885596704648423,0.8310335201598469,0.17481832514223164,0.1481985237064407,0.3475984556262271,0.37260151150445314,0.12637832064678436
12,Pspline-SGD,0.3,19700,5,0.170246124267578,0.32532683857703404,0.7926826275702474,0.8330667769221441,0.1440964562600778,0.14888414602747999,0.35001730785270213,0.3747766710927813,0.12606135656784884
12,Pspline-SGD,0.3,19800,5,0.174002885818481,0.28123651608296935,0.8052843719124835,0.8332233375983725,0.18787924742132694,0.14957088631659618,0.352401952176974,0.37703542166242987,0.12567240099491242
12,Pspline-SGD,0.3,19900,5,0.17246675491333,0.2422121068532628,0.7695054765946528,0.7914591570648057,0.2829799579236808,0.15004555479112172,0.3547830516493578,0.37930038558584783,0.125208684814556
12,Pspline-SGD,0.3,20000,5,0.1705162525177,0.2858802051135956,0.7915205967572037,0.8380924554635465,0.2587850154935463,0.15059565106632763,0.35712957122461775,0.38145936948302117,0.1250345463732938
12,Pspline-SGD,0.3,20100,5,0.171777486801147,0.29974747619315356,0.7744138888290075,0.8213524359953617,0.24090093772012797,0.1511180409639587,0.35944047698656717,0.38360552216346455,0.12497968695756681
12,Pspline-SGD,0.3,20200,5,0.172644376754761,0.29126972673762597,0.7710528202910681,0.8015239808492177,0.25442642829908074,0.15153718658997797,0.361817767282154,0.3858177425128009,0.1251537114863494
12,Pspline-SGD,0.3,20300,5,0.173306226730347,0.2894530360784098,0.7483835210996655,0.7876254331258573,0.18449463566151028,0.15205223494306483,0.36426272188343095,0.3881286957091391,0.12517301207709508
12,Pspline-SGD,0.3,20400,5,0.169022083282471,0.27943080221046224,0.749401383341634,0.7907088927720102,0.217875008562233,0.1526085550637673,0.3667190834180779,0.39050421483277864,0.12498966030833028
12,Pspline-SGD,0.3,20500,5,0.169643640518188,0.28505061512035756,0.7528809109469198,0.7959805579755637,0.3027899845816097,0.1532251537282095,0.3691097138381292,0.3927607214578185,0.1251751882738268
12,Pspline-SGD,0.3,20600,5,0.168892383575439,0.2951224973678564,0.7490588544502834,0.798322135217753,0.2519336715388988,0.1538911286647948,0.3715074982571693,0.39504566170312955,0.12554439664467934
12,Pspline-SGD,0.3,20700,5,0.172522068023682,0.2963878836291101,0.7471595373033961,0.7922515913861597,0.28552361259911224,0.15460225714327736,0.3738900417701379,0.39732070721989454,0.125815968667057
12,Pspline-SGD,0.3,20800,5,0.171576023101807,0.2989350499826364,0.7983175693561997,0.8340387659745317,0.18328569432317923,0.15520161873807142,0.37618913628385764,0.39948836037576896,0.12595978913310218
12,Pspline-SGD,0.3,20900,5,0.168576955795288,0.31281565970922737,0.7735455636751847,0.8202720105548991,0.1917452470235413,0.15591618161726367,0.3784037188981754,0.40156873943863736,0.1259088650914094
12,Pspline-SGD,0.3,21000,5,0.169679641723633,0.3106166577810997,0.764331386381051,0.8100050592618508,0.1847622734104693,0.15654756950251486,0.38056509967621127,0.4035922273271608,0.12582587772971573
12,Pspline-SGD,0.3,21100,5,0.170028209686279,0.29451958647664467,0.7395225976258097,0.787863106457637,0.23196271687116143,0.1571900787007597,0.38281952745749354,0.4057867577535656,0.12591808900779772
12,Pspline-SGD,0.3,21200,5,0.16903281211853,0.30640497511334774,0.7392374870609061,0.7764689604485127,0.16581002377913337,0.15785203035906714,0.3851389887166915,0.4080252203343969,0.12607834963872783
12,Pspline-SGD,0.3,21300,5,0.175794124603271,0.2689381844183227,0.7433551180842781,0.7962772128136136,0.21685701716364936,0.1583157029267564,0.38741050679254996,0.4102147576174354,0.12591523905088045
12,Pspline-SGD,0.3,21400,5,0.171204805374146,0.3139642886581661,0.7335161881569859,0.7832759592824993,0.19098870242776525,0.15895301353800223,0.38968586851030773,0.41246744038592964,0.1258978059429018
12,Pspline-SGD,0.3,21500,5,0.172812938690186,0.2929502373453126,0.7323263426412069,0.7799312563162774,0.2081373065255633,0.1595761070087866,0.391920863063949,0.4146445803550844,0.12603918669314307
12,Pspline-SGD,0.3,21600,5,0.169062376022339,0.2766008150526539,0.7401056893739296,0.7826182474994108,0.22141897339864394,0.16009900257286205,0.394155461334346,0.4167928893914183,0.12625495031938722
12,Pspline-SGD,0.3,21700,5,0.177145957946777,0.2665418988421203,0.739814676240924,0.780969537763706,0.13444676006825926,0.1606003095529095,0.3962863599708114,0.41875756028292405,0.1262613113659706
12,Pspline-SGD,0.3,21800,5,0.171590805053711,0.2894035845045635,0.7367582066011356,0.7806200800607872,0.15297796650005702,0.16106432698975298,0.3984549072120793,0.42078165206893076,0.1260303171465072
12,Pspline-SGD,0.3,21900,5,0.171809196472168,0.3009638639122545,0.7351245091655912,0.778929062282524,0.18348247202899262,0.16157504774553974,0.4006114413578024,0.42273421773188025,0.1259323118985697
12,Pspline-SGD,0.3,22000,5,0.17199444770813,0.3600582321226102,0.7160560493893614,0.768162238599486,0.24048231041585394,0.16209433735447795,0.40281134253082673,0.4247596507371109,0.12587898657323382
12,Pspline-SGD,0.3,22100,5,0.175220727920532,0.3136392581962147,0.7310083700224266,0.7674807652491724,0.20492349402402907,0.16270899858180052,0.40503603853388503,0.4268177151839681,0.12579028795891045
12,Pspline-SGD,0.3,22200,5,0.173187255859375,0.3124841756488117,0.7611910114431434,0.7517724385551389,0.1576094226747045,0.16325790953656727,0.4071548425135651,0.4288391821949476,0.12546672958437274
12,Pspline-SGD,0.3,22300,5,0.177244424819946,0.32821729061030885,0.7449534011872295,0.7666989677273538,0.23548265243359426,0.16390626972807062,0.40926093105409117,0.4308718711373756,0.12524018800084957
12,Pspline-SGD,0.3,22400,5,0.170825719833374,0.2751081352373084,0.7242079327238753,0.7686502575984556,0.22577408179306716,0.1643993755188394,0.41137363156992296,0.4329037493498615,0.12483078045759115
12,Pspline-SGD,0.3,22500,5,0.288672208786011,0.2970379916513648,0.7425886743039171,0.7649456062948781,0.2672713691196917,0.16483408798185256,0.4134611921989905,0.4349032234241393,0.12435947859517123
12,Pspline-SGD,0.3,22600,5,0.176113128662109,0.2529154562887566,0.723018177952767,0.7500750585516648,0.20674092949753667,0.16524498861905912,0.415506384238189,0.43682733751556546,0.12388330438589192
12,Pspline-SGD,0.3,22700,5,0.177661657333374,0.2774985212074331,0.6978931839650796,0.7298746811647252,0.17963614013149262,0.16563264230535166,0.4176321454668029,0.4388637882000286,0.1234060981668555
12,Pspline-SGD,0.3,22800,5,0.170751571655273,0.27751546993848397,0.7029544577820293,0.7214629977213155,0.14793937125546294,0.16608896420891828,0.41978963084590715,0.4408905245129133,0.12298778902654922
12,Pspline-SGD,0.3,22900,5,0.171029090881348,0.23216166258114945,0.6636601760435523,0.6893408143164234,0.2572749838270617,0.16643820917741395,0.4220598176693603,0.44303265501737027,0.12251835406472288
12,Pspline-SGD,0.3,23000,5,0.173365592956543,0.298387654052922,0.6866260044505711,0.7376655403700463,0.3000727038915804,0.16678279088389944,0.42429784639528767,0.44501659117160663,0.12201959580738864
12,Pspline-SGD,0.3,23100,5,0.173526048660278,0.34516398698131767,0.6762338350767176,0.7272406153766374,0.2668225980467562,0.16728413807570283,0.42661727942160077,0.44710792644514974,0.12163475084167656
12,Pspline-SGD,0.3,23200,5,0.171311616897583,0.35039761867107055,0.6687854189958026,0.7178400371487611,0.23572150941987052,0.1679606404549584,0.4289318033386447,0.4491656157575746,0.12117467195685494
12,Pspline-SGD,0.3,23300,5,0.174740314483643,0.34041097932227915,0.6754128882206697,0.7190998822262202,0.19507476257459844,0.16863524701737412,0.431198165027267,0.4512013840599756,0.12091139056747784
12,Pspline-SGD,0.3,23400,5,0.170907497406006,0.32501099646347137,0.6565087750294024,0.6925420779115186,0.2005812445964638,0.1693352966359652,0.43351157786204086,0.45334161973031845,0.12082040064052085
12,Pspline-SGD,0.3,23500,5,0.171074151992798,0.3092572172034994,0.6630567830559321,0.6889469481695945,0.17182601187375782,0.1698689840043364,0.43584793487541384,0.4554938158591693,0.12085889140476357
12,Pspline-SGD,0.3,23600,5,0.172824382781982,0.3429832126431899,0.645295346568137,0.6925342467409558,0.17076276796838163,0.17049752499861565,0.43818593357806157,0.45765443032686537,0.12091768051209312
12,Pspline-SGD,0.3,23700,5,0.172069549560547,0.3140634191300044,0.6167895972356578,0.6816288075041563,0.174429477288158,0.17124497705073477,0.4405755050809847,0.4598882726760481,0.12105040817876292
12,Pspline-SGD,0.3,23800,5,0.168790102005005,0.3301997457258196,0.5993854127923669,0.6702440105643396,0.1535849853999296,0.17191069986755778,0.44295852671236935,0.4620803085681371,0.12111415408243079
12,Pspline-SGD,0.3,23900,5,0.172208309173584,0.32026513704168263,0.5908211360740051,0.6622901220806607,0.13466546227393916,0.17260314251917522,0.4453929293858693,0.46438080794817527,0.1208684769850004
12,Pspline-SGD,0.3,24000,5,0.172179460525513,0.34399262263306757,0.6114850600114436,0.6931503368685502,0.12809232939654394,0.1733281063010338,0.4477749969169614,0.4665736023370058,0.12066000441531292
12,Pspline-SGD,0.3,24100,5,0.169891357421875,0.38683236709455177,0.6175684597996689,0.6886869229820634,0.13830217346479734,0.17393941616654537,0.4501258596877991,0.4686899879411652,0.1204631310856308
12,Pspline-SGD,0.3,24200,5,0.171425819396973,0.3047252533500393,0.605130199397109,0.6551304955141743,0.15794480657571547,0.1745580453257682,0.4524829966290639,0.47087543783501334,0.1203553837175338
12,Pspline-SGD,0.3,24300,5,0.171310663223267,0.29347410391100237,0.6042925400546199,0.6459910058486809,0.1466543933993666,0.1750069949338088,0.45481124546143537,0.47305391892229,0.12020029103233168
12,Pspline-SGD,0.3,24400,5,0.17195200920105,0.29668750907617414,0.6262154269746318,0.6515665267662416,0.16656552128906946,0.17539314545094947,0.45708240797232425,0.4750990136846425,0.12001110888251464
12,Pspline-SGD,0.3,24500,5,0.170109510421753,0.3051868214726421,0.6067845741221983,0.6486509724725948,0.15405404022057512,0.1757642494464552,0.45936335407673917,0.47709048666642234,0.12003114818631773
12,Pspline-SGD,0.3,24600,5,0.173616647720337,0.2986988909407168,0.5743477621605301,0.6219928125159753,0.14222015791207673,0.1761948733775594,0.4617274230925825,0.4792149888912511,0.11997635697571125
12,Pspline-SGD,0.3,24700,5,0.173905611038208,0.3199184356770084,0.5801636489921411,0.630330405348721,0.13404613294566178,0.1766853027939313,0.4640843545517722,0.4813311938500979,0.11981057458458007
12,Pspline-SGD,0.3,24800,5,0.171991586685181,0.27857105774454893,0.5963332860406879,0.6338176240461713,0.15655798140110574,0.17714830796251163,0.46637433978631776,0.4834836746027611,0.119559645495345
12,Pspline-SGD,0.3,24900,5,0.174282073974609,0.24460113524521337,0.5717091924053238,0.596312195985117,0.24438622656631806,0.1774038109374524,0.4686516076672899,0.48561945776500587,0.11928713370662547
12,Pspline-SGD,0.3,25000,5,0.170340061187744,0.2783259203491972,0.5793855172358853,0.6283798633343343,0.16323502918134075,0.17774804036500177,0.4709119783226385,0.4877167620765203,0.11923044867591948
12,Pspline-Adam,0.3,0,5,33.6158049106598,0.9400697829880166,1.355929621951737,1.0237116103522612,1.0830210742980126,0.9400697829880166,1.355929621951737,1.0237116103522612,1.0830210742980126
12,Pspline-Adam,0.3,100,5,1.00245118141174,0.6060136397494353,0.6755338020922101,0.41488044169745936,0.6454028995613997,0.6060136397494353,0.6755338020922101,0.41488044169745936,0.6454028995613997
12,Pspline-Adam,0.3,200,5,0.998212337493896,0.5163846703061554,0.4453756691300409,0.3213057359872914,0.442260437398186,0.5163846703061554,0.4453756691300409,0.3213057359872914,0.442260437398186
12,Pspline-Adam,0.3,300,5,1.01511597633362,0.45148131062782276,0.44300897522485505,0.3924309275826905,0.24486674745374237,0.45148131062782276,0.44300897522485505,0.3924309275826905,0.24486674745374237
12,Pspline-Adam,0.3,400,5,1.01077604293823,0.4673374259963794,0.5199210244193379,0.3933093089331098,0.2854613806691488,0.4673374259963794,0.5199210244193379,0.3933093089331098,0.2854613806691488
12,Pspline-Adam,0.3,500,5,1.01148271560669,0.4391115133347073,0.4344293327290571,0.3610938955260755,0.3711217888536769,0.4391115133347073,0.4344293327290571,0.3610938955260755,0.3711217888536769
12,Pspline-Adam,0.3,600,5,1.01322913169861,0.4497257105852479,0.4268481771756313,0.3840242340947746,0.35686390484722835,0.4497257105852479,0.4268481771756313,0.3840242340947746,0.35686390484722835
12,Pspline-Adam,0.3,700,5,0.994667291641235,0.45989307253352896,0.41788994639463695,0.361907730899268,0.3613406252298193,0.45989307253352896,0.41788994639463695,0.361907730899268,0.3613406252298193
12,Pspline-Adam,0.3,800,5,1.00343680381775,0.500160564244575,0.4395639705219326,0.3533157503392465,0.282958111303373,0.500160564244575,0.4395639705219326,0.3533157503392465,0.282958111303373
12,Pspline-Adam,0.3,900,5,1.01485300064087,0.47482581860251205,0.3937284042608169,0.34278568232046863,0.18075777020398104,0.47482581860251205,0.3937284042608169,0.34278568232046863,0.18075777020398104
12,Pspline-Adam,0.3,1000,5,1.00548243522644,0.4577738343442856,0.378201619187146,0.33169612534163995,0.16671920442673213,0.4577738343442856,0.378201619187146,0.33169612534163995,0.16671920442673213
12,Pspline-Adam,0.3,1100,5,1.00921392440796,0.4918016424965654,0.3769893715372961,0.3634048483729894,0.22361636887833405,0.4918016424965654,0.3769893715372961,0.3634048483729894,0.22361636887833405
12,Pspline-Adam,0.3,1200,5,1.00325059890747,0.4733163838508368,0.3864889590246097,0.3998782580975636,0.24662661204017988,0.4733163838508368,0.3864889590246097,0.3998782580975636,0.24662661204017988
12,Pspline-Adam,0.3,1300,5,0.997311592102051,0.4587395628808868,0.35138001572835115,0.42260407654487914,0.22230043152098564,0.4587395628808868,0.35138001572835115,0.42260407654487914,0.22230043152098564
12,Pspline-Adam,0.3,1400,5,1.00861620903015,0.4557173665604942,0.3915598628147579,0.37642043480391474,0.25702395134720274,0.4557173665604942,0.3915598628147579,0.37642043480391474,0.25702395134720274
12,Pspline-Adam,0.3,1500,5,0.986773490905762,0.4267607625815681,0.34034605781954375,0.3888142950411366,0.23001947892315128,0.4267607625815681,0.34034605781954375,0.3888142950411366,0.23001947892315128
12,Pspline-Adam,0.3,1600,5,0.993014097213745,0.46850134450599595,0.39220824010044353,0.40248257575846685,0.3988690593810616,0.46850134450599595,0.39220824010044353,0.40248257575846685,0.3988690593810616
12,Pspline-Adam,0.3,1700,5,1.00035190582275,0.4801781624302828,0.3655068674772274,0.3669583226630225,0.3032150176761771,0.4801781624302828,0.3655068674772274,0.3669583226630225,0.3032150176761771
12,Pspline-Adam,0.3,1800,5,0.993712663650513,0.46793979945334974,0.3566424441632708,0.3893197824984699,0.3085915337342848,0.46793979945334974,0.3566424441632708,0.3893197824984699,0.3085915337342848
12,Pspline-Adam,0.3,1900,5,0.985633850097656,0.42815676127691654,0.34278143857262,0.34078663394324915,0.450380129504124,0.42815676127691654,0.34278143857262,0.34078663394324915,0.450380129504124
12,Pspline-Adam,0.3,2000,5,0.983154773712158,0.4376911170814235,0.33235302634844055,0.30664607378975145,0.5492166146031693,0.4376911170814235,0.33235302634844055,0.30664607378975145,0.5492166146031693
12,Pspline-Adam,0.3,2100,5,0.996391534805298,0.42931900929864514,0.3300492328429964,0.3226779047695561,0.47727068723347454,0.42931900929864514,0.3300492328429964,0.3226779047695561,0.47727068723347454
12,Pspline-Adam,0.3,2200,5,1.01363515853882,0.44365700969873245,0.37633893129452006,0.47492900609566036,0.523320100248171,0.44365700969873245,0.37633893129452006,0.47492900609566036,0.523320100248171
12,Pspline-Adam,0.3,2300,5,1.0038731098175,0.4088851729325652,0.3510676599970889,0.35605335007834815,0.34229486071462883,0.4088851729325652,0.3510676599970889,0.35605335007834815,0.34229486071462883
12,Pspline-Adam,0.3,2400,5,0.988884687423706,0.4691619844903093,0.3851153763515493,0.34606576571219366,0.3120275211919992,0.4691619844903093,0.3851153763515493,0.34606576571219366,0.3120275211919992
12,Pspline-Adam,0.3,2500,5,1.00104308128357,0.5049452164251647,0.40651885468001414,0.3555374595152686,0.34267469894470914,0.5049452164251647,0.40651885468001414,0.3555374595152686,0.34267469894470914
12,Pspline-Adam,0.3,2600,5,1.00635552406311,0.5255338419771223,0.4222716470838361,0.3520863523438094,0.35817767811583345,0.5255338419771223,0.4222716470838361,0.3520863523438094,0.35817767811583345
12,Pspline-Adam,0.3,2700,5,1.01316380500793,0.4763402129366117,0.40969892702088473,0.32858631163165725,0.20235431313245095,0.4763402129366117,0.40969892702088473,0.32858631163165725,0.20235431313245095
12,Pspline-Adam,0.3,2800,5,0.991371393203735,0.46728897928362934,0.3583753433020737,0.3184230858481513,0.17139475371068333,0.46728897928362934,0.3583753433020737,0.3184230858481513,0.17139475371068333
12,Pspline-Adam,0.3,2900,5,1.00636887550354,0.446185957700152,0.36777475934711434,0.36622807011171843,0.1439184663513013,0.446185957700152,0.36777475934711434,0.36622807011171843,0.1439184663513013
12,Pspline-Adam,0.3,3000,5,1.01836323738098,0.3922422752040397,0.3061458386217263,0.32588132007733317,0.3553568460203879,0.3922422752040397,0.3061458386217263,0.32588132007733317,0.3553568460203879
12,Pspline-Adam,0.3,3100,5,1.00805020332336,0.372516723926693,0.27393095957375885,0.28418108875391995,0.2958374624735655,0.372516723926693,0.27393095957375885,0.28418108875391995,0.2958374624735655
12,Pspline-Adam,0.3,3200,5,1.00749850273132,0.3320203465142645,0.22270272196993712,0.2744521868552556,0.3487517008003221,0.3320203465142645,0.22270272196993712,0.2744521868552556,0.3487517008003221
12,Pspline-Adam,0.3,3300,5,1.12185120582581,0.3300665994958015,0.23645239254952183,0.2793808001725222,0.21213181371894427,0.3300665994958015,0.23645239254952183,0.2793808001725222,0.21213181371894427
12,Pspline-Adam,0.3,3400,5,0.994389057159424,0.3550272655111308,0.2539935422105887,0.31678277517729303,0.20160193131627077,0.3550272655111308,0.2539935422105887,0.31678277517729303,0.20160193131627077
12,Pspline-Adam,0.3,3500,5,0.991929054260254,0.3826543126437862,0.24341964023869767,0.38269944731050015,0.26890458479304646,0.3828526218107737,0.24419147421213286,0.3838998320697105,0.2701632590853601
12,Pspline-Adam,0.3,3600,5,1.01874399185181,0.35898248546987777,0.23955650541918197,0.3205335052394159,0.353569819061827,0.3691274466554954,0.23881198228401737,0.33459428104157907,0.299343314098657
12,Pspline-Adam,0.3,3700,5,1.03240919113159,0.35489160462624764,0.254126895571494,0.3066251013593365,0.3148950221674405,0.35432339216570696,0.23223676586158037,0.30970580117610697,0.3193011186502637
12,Pspline-Adam,0.3,3800,5,1.03660106658936,0.32933412651943406,0.21801785690407183,0.2963759959211428,0.25700270182601065,0.34528437225310576,0.2283604233820586,0.2940816026983701,0.3081297704660173
12,Pspline-Adam,0.3,3900,5,1.0160026550293,0.3724424566491295,0.29669430222144805,0.3061150743478737,0.25164139562755394,0.33934170405228914,0.22779383641837572,0.28869913975774514,0.28560196185905024
12,Pspline-Adam,0.3,4000,5,1.01588153839111,0.3125250324017949,0.25766591504522923,0.25203303120648,0.331817951964365,0.3341955370389429,0.23308670186959743,0.27959573906423935,0.2805506036761591
12,Pspline-Adam,0.3,4100,5,1.03574824333191,0.3833024557347388,0.3046498462620178,0.291455504052838,0.30475192902353476,0.3340850883658633,0.2371755520194517,0.27077062992454926,0.2795740467825059
12,Pspline-Adam,0.3,4200,5,1.01798820495605,0.3543539460179196,0.2794320838731977,0.2849856360938954,0.3120201314807237,0.33722909234432524,0.24282772229127803,0.26717675141232633,0.2800904339536548
12,Pspline-Adam,0.3,4300,5,1.02777218818665,0.3354646061015599,0.25009817905339143,0.2675557397284075,0.38034778010776643,0.33651157549440347,0.2405066810172808,0.26475341716860673,0.28391648348115134
12,Pspline-Adam,0.3,4400,5,1.03881025314331,0.31211521733941905,0.23059757515020615,0.2578117702386279,0.3593139579368389,0.3343598665486748,0.2377782343433291,0.26176329085791517,0.29288925948637556
12,Pspline-Adam,0.3,4500,5,1.01559615135193,0.3910493937021549,0.3078405016988735,0.29519505032875654,0.31118601574083615,0.3324286116407823,0.23534517063535038,0.26161894956313947,0.29582346304235985
12,Pspline-Adam,0.3,4600,5,1.02512335777283,0.3436333637418935,0.337819724268519,0.33989227043638803,0.3375501745822625,0.330707395456179,0.23888746633805907,0.25972189062244505,0.28116059700283974
12,Pspline-Adam,0.3,4700,5,1.02514362335205,0.3319230960364391,0.34149252460805235,0.2541642242965191,0.3455661191826077,0.32742114594460503,0.24461251917220284,0.25653174766736353,0.27168624164477284
12,Pspline-Adam,0.3,4800,5,1.02124762535095,0.2786406085456884,0.30583970922162035,0.2554559971627744,0.3091691856425533,0.3225972346726285,0.24882687568873574,0.2517435762313996,0.26782545174753186
12,Pspline-Adam,0.3,4900,5,1.02634024620056,0.34156152507429055,0.3665126243876446,0.3253473442944701,0.43796561386809624,0.3203419986143609,0.25229178146851955,0.24892189608190063,0.27051020932554914
12,Pspline-Adam,0.3,5000,5,1.01515293121338,0.2913203490836124,0.29667921819789556,0.24012873353373795,0.3915175475130592,0.31935138057518947,0.25566901337265785,0.24837478563053728,0.280076182768769
12,Pspline-Adam,0.3,5100,5,0.16612696647644,0.2806788692026806,0.29869439190250857,0.26294883057449325,0.3553872766394829,0.3161102624940757,0.2555149942054696,0.24570214599377144,0.2844201230656771
12,Pspline-Adam,0.3,5200,5,0.186272621154785,0.3479275159880154,0.3143155514529392,0.27232108676149147,0.395659981659275,0.31446259150303507,0.25702469039144743,0.24428047614770376,0.28864992039569354
12,Pspline-Adam,0.3,5300,5,0.168092966079712,0.34194677017633335,0.3439187743530854,0.37052202293141107,0.29151501363545823,0.3142159603179374,0.2594461422476302,0.24516393905852787,0.28816819809356015
12,Pspline-Adam,0.3,5400,5,0.167725563049316,0.35365294463258706,0.4011123780318781,0.34097211813129785,0.28568324578223914,0.3157851677012592,0.26525039324467686,0.24768262226354987,0.2835759308596078
12,Pspline-Adam,0.3,5500,5,0.173306703567505,0.28920626539989847,0.26815149525477905,0.24359178200097062,0.38316868203363413,0.3148778504065526,0.26731453356758444,0.2468968725692834,0.28564470605526154
12,Pspline-Adam,0.3,5600,5,0.164639234542847,0.2951528701818682,0.28260261781107004,0.2817268687986232,0.3651716816833114,0.31334388847618966,0.26662428571089575,0.2466337301117887,0.28708576264427516
12,Pspline-Adam,0.3,5700,5,0.166459560394287,0.3066406798633886,0.3026445664631491,0.26967718418645087,0.3589904657828405,0.3119306234155428,0.2664606356190092,0.2467120292339223,0.2867962900922481
12,Pspline-Adam,0.3,5800,5,0.171001434326172,0.33425663686836526,0.32247834114496704,0.24004820580876196,0.2907770117705776,0.31222849275516357,0.26816698191173294,0.24628091644523095,0.2880766894415172
12,Pspline-Adam,0.3,5900,5,0.167111396789551,0.31850634531024796,0.2914581217197409,0.22940497489074574,0.2347819701140162,0.3120137331030098,0.2678006747729781,0.24425131068176473,0.28475310168773643
12,Pspline-Adam,0.3,6000,5,0.170893907546997,0.3177215711059969,0.2863990775504673,0.22706148960694325,0.21063550611764895,0.3113506197639266,0.2669827872664368,0.2425764779129058,0.280828097887155
12,Pspline-Adam,0.3,6100,5,0.170783281326294,0.3473193796150327,0.29756696188070425,0.25046449789005604,0.23821355564043672,0.3109258446693653,0.2666612177142178,0.24117851844738078,0.2766832170487234
12,Pspline-Adam,0.3,6200,5,0.166549921035767,0.32784149344061947,0.3097043689823827,0.3006252733102668,0.27158618201488394,0.31081894001647725,0.26669068837081444,0.24133896669615135,0.2751683059039927
12,Pspline-Adam,0.3,6300,5,0.177802324295044,0.31820986435823556,0.27561671247590325,0.3245028623119534,0.2394725930671325,0.3104322867684336,0.26621622405987855,0.24249733567244533,0.2719297370903689
12,Pspline-Adam,0.3,6400,5,0.167419672012329,0.3271050588694156,0.30851924224774196,0.2679309715549419,0.27781486552761037,0.3097054152950454,0.2663343848066213,0.24302556111402954,0.2705108857011291
12,Pspline-Adam,0.3,6500,5,0.166555404663086,0.2981481955830952,0.2650831737597774,0.283967513789031,0.25575127235886996,0.30914338332245456,0.2669828360767522,0.24307576426330174,0.26879638828152447
12,Pspline-Adam,0.3,6600,5,0.1737060546875,0.3377658783949947,0.32615392162924894,0.2972583801864805,0.40876649422138817,0.30897507843196226,0.26719960063045795,0.24390354119660484,0.26555174205623505
12,Pspline-Adam,0.3,6700,5,0.167792081832886,0.3474098320549832,0.3170447448238517,0.24805251123146466,0.33877639228003714,0.3093958029237367,0.2674866317377702,0.24243119597439905,0.2590966220149
12,Pspline-Adam,0.3,6800,5,0.166774034500122,0.34761527238376017,0.30962014385088477,0.28218462072048683,0.3499150196262839,0.3103470784347843,0.26813691151407093,0.24305528508569202,0.2512250444794119
12,Pspline-Adam,0.3,6900,5,0.173121213912964,0.30628269228559557,0.29378156228045205,0.22464107882985068,0.4872401971064981,0.310019441699606,0.2681892983569639,0.24224917504416227,0.24334110238158602
12,Pspline-Adam,0.3,7000,5,0.166399478912354,0.32280655818651455,0.28503849819808197,0.18445978949175879,0.5859311503675929,0.309630601588685,0.2678491183667525,0.24069711476775812,0.2345147131854114
12,Pspline-Adam,0.3,7100,5,0.169217586517334,0.3096746979064892,0.2858246167730617,0.2194296468682115,0.5006196755502551,0.3086938768500411,0.2669774064310133,0.236984944101116,0.22654238743966074
12,Pspline-Adam,0.3,7200,5,0.173299789428711,0.3203872302258507,0.3468916152049045,0.3934334851277136,0.5678472430910031,0.30848742804388585,0.26663437766672604,0.23643750956425447,0.21841731676728035
12,Pspline-Adam,0.3,7300,5,0.166293621063232,0.2935678261883997,0.31678536401706026,0.2599853524524353,0.3823802193539568,0.30757191228266995,0.265878685938061,0.2367612643638267,0.21327381250390914
12,Pspline-Adam,0.3,7400,5,0.172834396362305,0.36227396900490516,0.3494190920658896,0.24424592035188147,0.34352952514850166,0.30752203609689727,0.26642614313671514,0.2356642086619552,0.2087880737907488
12,Pspline-Adam,0.3,7500,5,0.170208930969238,0.4016177823412433,0.3728979116988151,0.24131946117921266,0.381225247371755,0.3090357553245171,0.2684389362752455,0.2348969725814006,0.20367182872240513
12,Pspline-Adam,0.3,7600,5,0.166939973831177,0.4172808562338144,0.385848126651327,0.23814783819583607,0.39354409844701305,0.31072159229596297,0.27022175011438987,0.23393945212918377,0.19788925044797676
12,Pspline-Adam,0.3,7700,5,0.170447826385498,0.36738225905765315,0.37852394775973564,0.21617672812586247,0.24565393087945536,0.31212788258563684,0.2718987343752936,0.23303245043303575,0.1953684685382994
12,Pspline-Adam,0.3,7800,5,0.165464878082275,0.3701254146624182,0.32614227540164725,0.2223236401366142,0.21677449799097398,0.31235082216144006,0.27242736689432345,0.23138190226322028,0.19452713364123567
12,Pspline-Adam,0.3,7900,5,0.170375108718872,0.3343171550685459,0.3324157345719754,0.26924889114323763,0.1841956991449564,0.31255756950687374,0.27305256294997854,0.2303951168257735,0.1921852648630296
12,Pspline-Adam,0.3,8000,5,0.170361518859863,0.27789837477539475,0.2795068369860908,0.22987929449293787,0.3708304509858925,0.31218487971980186,0.2733724633421679,0.22930166500963906,0.18973545233655673
12,Pspline-Adam,0.3,8100,5,0.167647361755371,0.2582935805698052,0.24336370530278106,0.16847750820583252,0.3134285736627928,0.3110491546438359,0.27252141305953015,0.22770843224594522,0.1878044042922403
12,Pspline-Adam,0.3,8200,5,0.171571016311646,0.2238091220718288,0.19912970073553793,0.17003807142665367,0.35531231814142095,0.30888278484524917,0.27074357571089586,0.225826561849138,0.1856779227408552
12,Pspline-Adam,0.3,8300,5,0.171906471252441,0.21410891574169988,0.21592619474682925,0.1667423971771485,0.2383157464915489,0.3064428112992691,0.2686063533912257,0.224067141512769,0.18389937411458598
12,Pspline-Adam,0.3,8400,5,0.167830467224121,0.23864581259875045,0.23971994798444665,0.20717398119114994,0.2240172660063726,0.3043392004988812,0.266897813372052,0.22249567332286155,0.1829725883271208
12,Pspline-Adam,0.3,8500,5,0.175935029983521,0.26781241687346513,0.2204779398169321,0.29636966772050843,0.2817442649828785,0.3030409955926125,0.2654644839189608,0.2220555737909767,0.1829290137985977
12,Pspline-Adam,0.3,8600,5,0.168807744979858,0.24698525362910134,0.23774680760061118,0.21675003841969243,0.3065936136394614,0.301791360777556,0.26446606369821285,0.2214436365762665,0.1835355046686551
12,Pspline-Adam,0.3,8700,5,0.168340682983398,0.24057185842125525,0.23924114505632627,0.18034708221394105,0.286452513452663,0.30010010461042935,0.2634336233767856,0.21987726060165394,0.1844184478592252
12,Pspline-Adam,0.3,8800,5,0.18002724647522,0.22180508839022042,0.23397716876421387,0.21236619437305077,0.2620705025617162,0.2985680719222803,0.26258463539513555,0.2184852920566464,0.18531127292710636
12,Pspline-Adam,0.3,8900,5,0.170290470123291,0.2272625538825689,0.2372705335608608,0.17114989166021788,0.2572396298867535,0.2970007539447078,0.2618155464209909,0.2172478334363976,0.18512690889748776
12,Pspline-Adam,0.3,9000,5,0.171677112579346,0.20531108387939978,0.20849454681707702,0.1642228567715444,0.2322529716803792,0.2952727552951438,0.26093756153593506,0.21529384725223233,0.18501403416083206
12,Pspline-Adam,0.3,9100,5,0.172731637954712,0.3105581475840708,0.2108796594939397,0.1451310975968148,0.21996571235424617,0.29362863912941484,0.25986131687561326,0.21315531145270608,0.1846370255616675
12,Pspline-Adam,0.3,9200,5,0.168727397918701,0.21378228262475923,0.21205023923886257,0.1451665802259639,0.20675646472426215,0.29185717975744585,0.25851291710515334,0.21134046754137356,0.18416162125339708
12,Pspline-Adam,0.3,9300,5,0.176388025283813,0.25765016040232414,0.210467384886771,0.19355218392144702,0.224612260341783,0.29036985628410766,0.25692375907992687,0.210378617781818,0.18288665828542294
12,Pspline-Adam,0.3,9400,5,0.169845581054688,0.2008945379339114,0.19399271772763282,0.16374335662389564,0.21821021388982523,0.28904455527388373,0.25540580993431095,0.20909275835727686,0.18128166630596396
12,Pspline-Adam,0.3,9500,5,0.179621934890747,0.2123804027919809,0.1787141518599891,0.16159769173882463,0.17218700022209463,0.28742040841551536,0.253602771530222,0.20797274316254755,0.1805470056374516
12,Pspline-Adam,0.3,9600,5,0.173272371292114,0.20310733283778357,0.17727234143130496,0.2210191763739833,0.20659302937653973,0.28583312035355757,0.25223939899225406,0.20710993831798255,0.17952922442720354
12,Pspline-Adam,0.3,9700,5,0.169732809066772,0.23053391569798998,0.20662881788840518,0.18720678137580826,0.15974441540537507,0.2840050296300638,0.25067448784410057,0.20606177075582596,0.17847911751368575
12,Pspline-Adam,0.3,9800,5,0.174459457397461,0.18943336373817107,0.22584371253746555,0.15746360392625927,0.19329242910119093,0.2823360014961098,0.24950829598439814,0.20483842047991646,0.17719851251768637
12,Pspline-Adam,0.3,9900,5,0.168002605438232,0.23996055172413816,0.2713180207280693,0.1980879400491708,0.3022960027125724,0.2812991780502056,0.24916711576283496,0.203831519786699,0.1764486259359271
12,Pspline-Adam,0.3,10000,5,0.165197610855103,0.19255519133203627,0.20385938551687469,0.15990974821262405,0.27636631155288616,0.2798592571532693,0.24805722636185243,0.2024389321971599,0.17621616425692296
12,Pspline-Adam,0.3,10100,5,0.17129373550415,0.2513884157513035,0.24664995425742617,0.19109194185112155,0.260904066197224,0.278553868513986,0.2471429577354196,0.20101331086300353,0.17604635245245648
12,Pspline-Adam,0.3,10200,5,0.164678573608398,0.2695990192095827,0.22288572912959287,0.16079654345316693,0.2615896643021024,0.2776458157269196,0.24673855263827368,0.20011345004775807,0.17658690868851334
12,Pspline-Adam,0.3,10300,5,0.174908399581909,0.22956411545407196,0.19978277449117704,0.22902109326961959,0.19405180931335125,0.27621303630031274,0.24571966917716023,0.1995404472403702,0.17643534102776792
12,Pspline-Adam,0.3,10400,5,0.170489311218262,0.20421474300541295,0.21640134165866004,0.15895440540686132,0.24057392632865435,0.2749539598143853,0.24502455413867297,0.19883457494632323,0.1761218146623413
12,Pspline-Adam,0.3,10500,5,0.167903900146484,0.150554919040509,0.16294867162017707,0.13455348933697953,0.3146560637338829,0.27333873077512394,0.24386890600587832,0.19768522980775766,0.17679100990607066
12,Pspline-Adam,0.3,10600,5,0.173231601715088,0.1513127189515524,0.14278951900230513,0.14949761445052054,0.2688373030969617,0.27145605700018377,0.24242547145222262,0.19667172453624412,0.17779179391745614
12,Pspline-Adam,0.3,10700,5,0.167732000350952,0.1639112818159525,0.16327189183218432,0.1695520970608056,0.29709149042186106,0.2694887173976523,0.24094788189082322,0.19566568190588865,0.1785781374806629
12,Pspline-Adam,0.3,10800,5,0.17238974571228,0.1452956158914924,0.1740213260474907,0.12833314399993423,0.2247517284199406,0.267708185663305,0.23967593116456418,0.19478421669804197,0.1793662072147365
12,Pspline-Adam,0.3,10900,5,0.172410011291504,0.15080898579321836,0.23805650054986383,0.1579995456838567,0.22727989185204306,0.26565829116617073,0.2381313001972172,0.1935994154971352,0.17963637327133783
12,Pspline-Adam,0.3,11000,5,0.169442415237427,0.16564420266231303,0.16725328080432178,0.10033475631805885,0.21413011871389817,0.2636671486637488,0.23666514935545754,0.19232729186568462,0.17984991778904189
12,Pspline-Adam,0.3,11100,5,0.176472902297974,0.15715457006719166,0.2536745634616929,0.1499217311000632,0.25612942203778105,0.26187208120663596,0.2356423529685459,0.19112961092729716,0.18023934124153115
12,Pspline-Adam,0.3,11200,5,0.168927907943726,0.2016065389540312,0.29180198915826994,0.1514287142989573,0.1986000297169768,0.2600207285278086,0.23479700566465087,0.19024573688776394,0.1809335463260328
12,Pspline-Adam,0.3,11300,5,0.171690702438354,0.1584689587419683,0.1837887443128873,0.20607935067471925,0.21960087686678845,0.25843544577239314,0.23382070508538993,0.18967909247009335,0.18073433976240313
12,Pspline-Adam,0.3,11400,5,0.173415899276733,0.19338105760148513,0.19839685204397967,0.17016807516082116,0.18559594157399725,0.2568771441177664,0.23295874495517227,0.18888205396829377,0.18065661426309698
12,Pspline-Adam,0.3,11500,5,0.168936252593994,0.1524391839004141,0.1569522766362873,0.17257157124178807,0.20101481558932227,0.2553151607245937,0.23201386171416238,0.1880173995745712,0.1805577062671966
12,Pspline-Adam,0.3,11600,5,0.171947956085205,0.15258354927541312,0.19703098167467087,0.1301072258845446,0.22432132974778454,0.25397101848610776,0.23117962704592135,0.1873865797463802,0.18053957716239846
12,Pspline-Adam,0.3,11700,5,0.170859098434448,0.145561164351042,0.15891686386003093,0.13870903368864093,0.15131913166390829,0.2524434581825671,0.23001419962679087,0.18622137489555354,0.1802034043750394
12,Pspline-Adam,0.3,11800,5,0.174102306365967,0.16249651561805403,0.16491546298332765,0.16037200180695874,0.1809076459573034,0.25092295665071757,0.2288600699573344,0.1854186009071487,0.17935437485814246
12,Pspline-Adam,0.3,11900,5,0.177350044250488,0.1335359015287929,0.142853551736307,0.15782603557547456,0.21505123302440882,0.2490404891933547,0.2272836506486894,0.18451627810800336,0.17897167028988717
12,Pspline-Adam,0.3,12000,5,0.169259309768677,0.17532367011588865,0.12878671486800983,0.122381092117792,0.24407118891953955,0.24709606855022123,0.22558050207537964,0.18395085636458144,0.1784040516932489
12,Pspline-Adam,0.3,12100,5,0.172386169433594,0.11719077013918033,0.13668634139824226,0.21030946317361252,0.19273859938975393,0.24519845991971498,0.22410140419727234,0.18283712748906833,0.17829808196226044
12,Pspline-Adam,0.3,12200,5,0.167985916137695,0.14361363282119102,0.24433476187632985,0.24085518663997743,0.18900245094014198,0.24326250218247603,0.22238105331226546,0.1825200294692496,0.17794761523767907
12,Pspline-Adam,0.3,12300,5,0.168370485305786,0.11676780207357511,0.2156503236802213,0.14772653664479243,0.2299727283027854,0.24115632696041622,0.22068774954512152,0.18201679387557643,0.17750727799346552
12,Pspline-Adam,0.3,12400,5,0.172335624694824,0.12914215126678333,0.1297477223894561,0.24006950156994852,0.19982452426972822,0.23923139040133024,0.21923215049265107,0.1814064697946096,0.17654729537830274
12,Pspline-Adam,0.3,12500,5,0.170987844467163,0.14664440438178553,0.17384466445843347,0.17972992811287275,0.2396150851351556,0.23764033666934434,0.21795325547176927,0.18100629314043207,0.17533618707237295
12,Pspline-Adam,0.3,12600,5,0.170552015304565,0.13123516292156742,0.15971342286932502,0.1697147856307612,0.19688719052390508,0.23598333009669606,0.21667858616368413,0.18030017557841502,0.17421545625428203
12,Pspline-Adam,0.3,12700,5,0.176246881484985,0.12243442063117958,0.1794075269680602,0.18221785277776265,0.17764544111143293,0.23440405612767043,0.2156980359357461,0.1796718152884836,0.17342392702497494
12,Pspline-Adam,0.3,12800,5,0.16780686378479,0.1429168748584709,0.2576230847462577,0.15254042551516597,0.1750554173514059,0.23268445404661245,0.21460856807129383,0.17874596017788957,0.1726440778185328
12,Pspline-Adam,0.3,12900,5,0.17302393913269,0.11850236821002853,0.22632010068173353,0.17857885742711863,0.2505860638551986,0.2310356899954116,0.21376959867851228,0.17803955529590332,0.17194422215860528
12,Pspline-Adam,0.3,13000,5,0.172969102859497,0.17803712519630854,0.14361233942588314,0.17408047665156182,0.31184708601762817,0.22903402207272297,0.2123886428935029,0.17694441851465198,0.17068042964408442
12,Pspline-Adam,0.3,13100,5,0.172651767730713,0.10426619977152794,0.17816361464906574,0.09594117684916133,0.2855187959819735,0.2266084383900503,0.210493667813861,0.17636596674883506,0.16927108169403277
12,Pspline-Adam,0.3,13200,5,0.182284355163574,0.11892496818335226,0.16307311357922175,0.10843860532313741,0.2546071151842717,0.22393186013070918,0.20834680418140236,0.17551974405870985,0.16754189401045858
12,Pspline-Adam,0.3,13300,5,0.16869044303894,0.11657057059599495,0.1798448672521452,0.10288803260200717,0.2183185656318801,0.2213495812793413,0.2063544375666487,0.17451742189439381,0.16644312936844613
12,Pspline-Adam,0.3,13400,5,0.17299222946167,0.10490498214985139,0.2103115718656715,0.13158933495706185,0.21981061817226605,0.21892972991417017,0.20482421513052076,0.17343801760432465,0.16594244045355247
12,Pspline-Adam,0.3,13500,5,0.16988730430603,0.08237381233243621,0.1887074028357131,0.17250568032477062,0.17973515301934703,0.21672157033225303,0.20324270500474326,0.17291770822411262,0.16569803937396616
12,Pspline-Adam,0.3,13600,5,0.168980121612549,0.12165162033622148,0.17420734059203666,0.18499020730061672,0.16485159778171643,0.21448682046331816,0.20169725793764057,0.1721472011547915,0.16548046592641205
12,Pspline-Adam,0.3,13700,5,0.174291133880615,0.07514774023281191,0.15976920810023312,0.15877809826305905,0.17957337417650496,0.21216846332811617,0.20037630546278395,0.17084876961518974,0.1654335083847475
12,Pspline-Adam,0.3,13800,5,0.169358968734741,0.0793016465561823,0.18746322939386914,0.18563450588650554,0.16298591146739885,0.20991906446787814,0.19910252845582027,0.16951924943468227,0.16525900954035577
12,Pspline-Adam,0.3,13900,5,0.172167778015137,0.07200321699366546,0.15649456815289237,0.15283415390426439,0.12185161667352752,0.20767384283330775,0.19790445332909778,0.16856810365586983,0.16456743921595288
12,Pspline-Adam,0.3,14000,5,0.173754692077637,0.08529451746860574,0.14034257239391673,0.17443043524467722,0.10871309700264194,0.20544811505948382,0.1965182290940156,0.16715665530659923,0.16370589741077388
12,Pspline-Adam,0.3,14100,5,0.169766187667847,0.2423981118875462,0.127988214197437,0.15598021523146444,0.12676981182832114,0.20328536828597862,0.19513989164649811,0.1656209342969591,0.16296371344780647
12,Pspline-Adam,0.3,14200,5,0.175698757171631,0.07708325205712276,0.1654320185037286,0.12319800328970558,0.11853884852489831,0.20117384093485743,0.19379157972578345,0.1644229205990334,0.16230598088230888
12,Pspline-Adam,0.3,14300,5,0.169399738311768,0.13418854748176576,0.1402111095414952,0.16460865985579423,0.1514691612485616,0.19925043994697775,0.19242325170204486,0.16386518048587922,0.1615888186800789
12,Pspline-Adam,0.3,14400,5,0.171857833862305,0.08205754583257324,0.15322354985837178,0.13924298720298753,0.14251483381108795,0.1973926895787546,0.19084720385337325,0.16320612211922353,0.1606228511368542
12,Pspline-Adam,0.3,14500,5,0.172232627868652,0.10491896594679481,0.15127711643884137,0.134815626523591,0.1168003615579458,0.19544203598286733,0.18916870068722502,0.16256428783272492,0.16002003872058335
12,Pspline-Adam,0.3,14600,5,0.170870065689087,0.10967407028817686,0.1716353770247295,0.213434725954432,0.1347530686045525,0.1935663715101086,0.18787243656787891,0.16205689549047023,0.15934357700010857
12,Pspline-Adam,0.3,14700,5,0.175749778747559,0.14929777781222064,0.1897201000451727,0.20646250882217743,0.12725906002786797,0.1916132513888869,0.18645651802418448,0.1614421988858483,0.15865218919813354
12,Pspline-Adam,0.3,14800,5,0.170490503311157,0.0671326269846267,0.19197375831617722,0.1776186877010944,0.1506763086423283,0.1897641941796615,0.18534777060104635,0.16092797777589715,0.15791343848104566
12,Pspline-Adam,0.3,14900,5,0.171891212463379,0.09294005731404656,0.2144697849050468,0.19492962751301815,0.23899395333195714,0.18825837823318908,0.18470234767202817,0.16042769242671262,0.15747900612041177
12,Pspline-Adam,0.3,15000,5,0.172012090682983,0.08873124305893436,0.16402390470034428,0.16187450265049436,0.1623474750169931,0.18649968855122434,0.18359060462015583,0.15970337670076357,0.1571365619596186
12,Pspline-Adam,0.3,15100,5,0.169420480728149,0.14068658912491594,0.19540997112796615,0.2133088501021809,0.2046672458252903,0.18482667380659942,0.18264334826241196,0.15894802124277008,0.15687820077627987
12,Pspline-Adam,0.3,15200,5,0.175159692764282,0.15939060459846532,0.19112472547690146,0.1716346149222507,0.19009026205764853,0.18334807708834755,0.18194279810548827,0.15850644801537828,0.1569853227285948
12,Pspline-Adam,0.3,15300,5,0.168323755264282,0.13216035557017913,0.18553443347300116,0.25804102754559954,0.15738159583751635,0.18166901945181788,0.1809881498720968,0.15836304946353852,0.15669702450150325
12,Pspline-Adam,0.3,15400,5,0.17284107208252,0.11055300641737309,0.20769748687779807,0.2013472742031009,0.19904810933854603,0.18017328997025323,0.18028673635025821,0.15823796763481263,0.15636497707611127
12,Pspline-Adam,0.3,15500,5,0.170591115951538,0.09929127576508918,0.2001898222305273,0.18413247981348432,0.2712670369756197,0.17846122249799667,0.17935652914981215,0.15780728711233946,0.1565170203263603
12,Pspline-Adam,0.3,15600,5,0.169437885284424,0.11459057689537482,0.19127467655041563,0.2014575535420613,0.2218095185416007,0.1766134856502858,0.17832118799242935,0.1575094661787875,0.15683722101004105
12,Pspline-Adam,0.3,15700,5,0.177109241485596,0.1056177613173441,0.19938713158056884,0.22282507974443433,0.26226952060475245,0.17473999940125357,0.17731046265290792,0.15724048310407762,0.15695542098423726
12,Pspline-Adam,0.3,15800,5,0.169906377792358,0.10915782442746008,0.20411155900216219,0.15246808957713526,0.1592729368711557,0.17295115799961963,0.17643784430665432,0.15699873141681114,0.15704914144127463
12,Pspline-Adam,0.3,15900,5,0.169176816940308,0.1323765374436006,0.264185305700572,0.18542194975127865,0.16284983316896057,0.17101464507006284,0.1754117337386338,0.15652724380960517,0.15686464304606174
12,Pspline-Adam,0.3,16000,5,0.175816297531128,0.13802388747956132,0.19586881422196403,0.17170624524056874,0.16493786289996268,0.16912561626309716,0.1744977179164085,0.15605317335453844,0.15675473232992776
12,Pspline-Adam,0.3,16100,5,0.16951060295105,0.12514885425389746,0.27959834580489595,0.23309862622569016,0.20402299507800797,0.16732457060098158,0.17388157382429298,0.1556922556963335,0.15677295360740887
12,Pspline-Adam,0.3,16200,5,0.17238187789917,0.1432352876582502,0.3055497221522811,0.23138689927188996,0.15079497486986204,0.16545705913929584,0.17339831291185423,0.15557078433426955,0.15692521263536055
12,Pspline-Adam,0.3,16300,5,0.172454833984375,0.0905346413841336,0.20291625991044948,0.23256469457149304,0.2054500722387424,0.16371035567144848,0.1727903926203228,0.15564608600959487,0.15663597134126792
12,Pspline-Adam,0.3,16400,5,0.169281005859375,0.15571383054258175,0.20936858324304214,0.23086773852533068,0.18845017508132272,0.1620301216437389,0.17223726422349137,0.1555498142837153,0.1565980429888034
12,Pspline-Adam,0.3,16500,5,0.294632434844971,0.12668532271349875,0.20257976033362562,0.21233960099631993,0.2020490633773974,0.16047899139682423,0.17169219665317675,0.1553936606620277,0.15672135239764892
12,Pspline-Adam,0.3,16600,5,0.166413307189941,0.08684598865491272,0.21974615662036096,0.18753770733007769,0.21734275526928118,0.15904257887059287,0.17119817057239492,0.15538976030529242,0.15690658513877392
12,Pspline-Adam,0.3,16700,5,0.170329093933105,0.09972942866491508,0.19203553888424527,0.19001829465724607,0.13390913309947014,0.15747586370226685,0.1704479727665898,0.15499853399207378,0.15683663792105726
12,Pspline-Adam,0.3,16800,5,0.16799259185791,0.14697708710228866,0.18422860029001895,0.1800735595821421,0.16499803071464358,0.15593916966268268,0.1697784427739149,0.15486904776701202,0.15645979768799548
12,Pspline-Adam,0.3,16900,5,0.168560028076172,0.13849748097951844,0.2142922259628639,0.17701933441006706,0.17852724882806084,0.1542058638621065,0.1688906639695017,0.15453218052316914,0.15637789084429965
12,Pspline-Adam,0.3,17000,5,0.177899360656738,0.18771343570273932,0.22978608839914322,0.1884704584103643,0.2118177818245549,0.15244654005355376,0.1679561431816151,0.15454425022589452,0.15620406695110028
12,Pspline-Adam,0.3,17100,5,0.169391632080078,0.13150280908519513,0.23750945368526788,0.2380839652567969,0.1727773578950887,0.1506916720434371,0.16719051695835407,0.15424581871194132,0.15628685640908394
12,Pspline-Adam,0.3,17200,5,0.172258853912354,0.17356232829553056,0.2960336645295128,0.2707903944908739,0.15809130214358733,0.14894218462910452,0.16635982885327621,0.15434135620459918,0.15612214359117157
12,Pspline-Adam,0.3,17300,5,0.172430992126465,0.18637306810076465,0.2997021063728068,0.2079769854242758,0.2032334741880873,0.14707515499552237,0.1654356524807703,0.1544062803134754,0.15578695190294384
12,Pspline-Adam,0.3,17400,5,0.169740200042725,0.1308237518973626,0.20170916394807628,0.2580885840877648,0.17409277829609676,0.14540374147932117,0.16473014151991355,0.1543788287852518,0.15523624502196123
12,Pspline-Adam,0.3,17500,5,0.174470186233521,0.14587237402425798,0.24924398575421064,0.23001137341574324,0.23174142084166022,0.1439743496538278,0.16410085322193257,0.15447770090736335,0.15454064502819112
12,Pspline-Adam,0.3,17600,5,0.166878223419189,0.1144729996385064,0.2273699096451295,0.22062006691110225,0.19218906686260329,0.14251946866434284,0.16357394059390132,0.15440698455274268,0.15393962566896788
12,Pspline-Adam,0.3,17700,5,0.167028427124023,0.13558434627307192,0.2612610748481672,0.24426871240571085,0.17406902972601196,0.14106529834199993,0.1632625409710613,0.1544518778317523,0.1535807077292699
12,Pspline-Adam,0.3,17800,5,0.173166036605835,0.1533223198911,0.3269240590409996,0.23658428118943592,0.16091593141267568,0.13957547289276845,0.16296770080453918,0.1543306939361901,0.15321905251272877
12,Pspline-Adam,0.3,17900,5,0.166587352752686,0.1197779859436526,0.3072407364660158,0.25601355661203296,0.22499462896476077,0.138091999577198,0.16286363204043605,0.15441792812323857,0.15291710258149835
12,Pspline-Adam,0.3,18000,5,0.169942140579224,0.18938796967283106,0.278249656445468,0.25967977944063847,0.26057470350066025,0.13646878777552837,0.162525531193312,0.15426595961764883,0.15236140967715983
12,Pspline-Adam,0.3,18100,5,0.169698476791382,0.22894700755640543,0.31410073395992,0.20910637999529214,0.2242128992137169,0.13453863966134275,0.16186390060165456,0.1544431264326212,0.15168801559393114
12,Pspline-Adam,0.3,18200,5,0.166735649108887,0.239756350920689,0.31847219531896015,0.21765626198234275,0.2058955869072135,0.1324493682515397,0.1610396484195311,0.1544281861038936,0.15084945437377617
12,Pspline-Adam,0.3,18300,5,0.183104276657104,0.23203314570588235,0.33293315510042326,0.22210140831696795,0.16739334619145485,0.13040852067267017,0.16032616359549684,0.15436102999651424,0.15037522317340388
12,Pspline-Adam,0.3,18400,5,0.167701959609985,0.20724754946562884,0.34888772622146297,0.228917955731109,0.1974991438189048,0.12847910283877936,0.15992820277555528,0.15430310605245334,0.1503326562746412
12,Pspline-Adam,0.3,18500,5,0.169091701507568,0.1984240309671026,0.32567808371419793,0.25520644508834356,0.17002566999134516,0.1266729476407441,0.1594641108836019,0.15451790738554622,0.15043023495062902
12,Pspline-Adam,0.3,18600,5,0.171579360961914,0.22767160433928132,0.35017131740631136,0.28823550972780904,0.20303177482565338,0.1248338666237692,0.1590314349926227,0.15459947718109304,0.15050546205970075
12,Pspline-Adam,0.3,18700,5,0.166635751724243,0.18167007736594856,0.3148913419385031,0.24593871511682744,0.21221029892042093,0.1229779611104926,0.1587718452992193,0.15450740450507056,0.15080775576330574
12,Pspline-Adam,0.3,18800,5,0.171624660491943,0.18995022198982123,0.31267556631493304,0.3030808478400328,0.21884782972301953,0.12125267609625998,0.15854790293161233,0.15450804445955832,0.151136843339099
12,Pspline-Adam,0.3,18900,5,0.171040058135986,0.1806765311484019,0.30527797674773716,0.2741107260967295,0.21379684836969332,0.11952231325617022,0.1584604695993433,0.15464607228428587,0.15119926715981122
12,Pspline-Adam,0.3,19000,5,0.170017719268799,0.19837769979525585,0.29235950732120625,0.27356087395431583,0.18478394144715568,0.11771449009512441,0.15828144660024523,0.1543984562761404,0.15121945364404857
12,Pspline-Adam,0.3,19100,5,0.176424264907837,0.3093961134342519,0.26716197502704586,0.2577449692741995,0.1788454576536591,0.11596472774100573,0.15804981678555094,0.15403623761974342,0.15112244217594414
12,Pspline-Adam,0.3,19200,5,0.168588876724243,0.18037721671391538,0.2979623633993806,0.24201348379939977,0.1695447180695931,0.11424820080509966,0.157852469237527,0.15391044282010316,0.15102344442756455
12,Pspline-Adam,0.3,19300,5,0.170314073562622,0.18819751691026426,0.28476820549439685,0.25337171804979713,0.2038331759660276,0.11265545315484557,0.15763634645311478,0.15412939825353658,0.15082038551252946
12,Pspline-Adam,0.3,19400,5,0.171787261962891,0.1903371168141219,0.30021857343172836,0.2352076238387154,0.20542778341108575,0.11111042118022944,0.15729172150610418,0.15425009582046054,0.1505367020105772
12,Pspline-Adam,0.3,19500,5,0.169892549514771,0.20469687940233844,0.29585125327831735,0.2468092190470603,0.15582354232297724,0.10950182713646361,0.15689776371155037,0.1543362024334232,0.1504792027652219
12,Pspline-Adam,0.3,19600,5,0.178396940231323,0.20723482429008497,0.320781125755163,0.30592592600292334,0.1705692197473866,0.10793426201869259,0.1567663542862453,0.15453507879163655,0.1502438531705221
12,Pspline-Adam,0.3,19700,5,0.1707763671875,0.23159179459849133,0.32547149407588954,0.30457694953154013,0.14028716356657206,0.10633672397771804,0.1565989818122922,0.15472115035872755,0.14987145892241244
12,Pspline-Adam,0.3,19800,5,0.168518543243408,0.17516288065594385,0.3182730862253092,0.29644303638168135,0.177451899865317,0.10478787265430117,0.15657635975178452,0.1549756830603195,0.14936852972799217
12,Pspline-Adam,0.3,19900,5,0.175457239151001,0.12440802900918287,0.34575330299144236,0.31201222074641627,0.2713528740071494,0.1034933613448532,0.15692350257305968,0.15528237885688698,0.14917883396144704
12,Pspline-Adam,0.3,20000,5,0.167884588241577,0.17634865267151825,0.29386721467311383,0.2761701388193611,0.25662828247272457,0.10205642483135163,0.15701677333694541,0.15538543379015002,0.14914964753319596
12,Pspline-Adam,0.3,20100,5,0.174614906311035,0.19322855816713538,0.3113923607194809,0.3099734381591747,0.23242628280036057,0.10061313280000987,0.1571394249684845,0.15549207712919255,0.14910960214616
12,Pspline-Adam,0.3,20200,5,0.172055244445801,0.2142383962553431,0.33295709046582445,0.29240714139946683,0.2486178733577587,0.09927714725022542,0.15746689592087887,0.15580611590983606,0.14936937624673965
12,Pspline-Adam,0.3,20300,5,0.1681969165802,0.20823996530725186,0.32995140971088666,0.3571345680602161,0.18415604612928776,0.09789226665543928,0.15771643695214044,0.15636264063809543,0.14937691101702674
12,Pspline-Adam,0.3,20400,5,0.175261259078979,0.18775351230656873,0.33478887682773517,0.3218962869669306,0.22543968935192582,0.09666566756470378,0.15809513155904548,0.15690051641094946,0.14930966983994765
12,Pspline-Adam,0.3,20500,5,0.167706966400146,0.19826396725108678,0.341489838704281,0.306127427845527,0.3031172031055796,0.09527944311287932,0.15835265339226842,0.15721674068654262,0.14958575135369537
12,Pspline-Adam,0.3,20600,5,0.172440052032471,0.20977312269642104,0.34051873115497505,0.31521310660435026,0.25304652460693905,0.09379757369609255,0.15856536157520473,0.15763053627814017,0.14999076865441968
12,Pspline-Adam,0.3,20700,5,0.170453310012817,0.2012818345324712,0.33991538209913497,0.33020368056011734,0.2886658884377747,0.09227885333756462,0.1587747278639208,0.15805741307497276,0.1503002140431792
12,Pspline-Adam,0.3,20800,5,0.167242288589478,0.21220014091759312,0.32567804270975165,0.2713749242452453,0.2055120786249117,0.0908119479193335,0.15904538118799985,0.15850347871510415,0.15063392705955883
12,Pspline-Adam,0.3,20900,5,0.172231912612915,0.2278071100654207,0.38144344547261316,0.29716475691579886,0.21670442447168745,0.0892925667487832,0.15923129920929135,0.15879876757526495,0.15081592264510538
12,Pspline-Adam,0.3,21000,5,0.168107032775879,0.2273474204389567,0.328375131769855,0.29678706146610206,0.20581423326874573,0.08784860684873576,0.15947153235628272,0.15908332149300147,0.15103620889718092
12,Pspline-Adam,0.3,21100,5,0.167582273483276,0.19495638331310136,0.37916350439315516,0.3369621066916701,0.24714973837599188,0.08644107334578546,0.1599005068945575,0.15949827037473285,0.15130324538264164
12,Pspline-Adam,0.3,21200,5,0.172660827636719,0.21784923503460113,0.40015238338078163,0.345424865993867,0.18584830218223275,0.08502604029207517,0.16045617014154903,0.16006821571702828,0.15168762417503773
12,Pspline-Adam,0.3,21300,5,0.168516874313354,0.17033829416275453,0.32591842820016753,0.3314285308296501,0.24577891285173614,0.08367572317786957,0.1608737095852829,0.16074114892991065,0.15176166740984157
12,Pspline-Adam,0.3,21400,5,0.172120094299316,0.2218579075033806,0.3286124664393449,0.3346284917004811,0.22251015407008115,0.08242960584422634,0.1613156484316375,0.16135200597696595,0.15196921860172213
12,Pspline-Adam,0.3,21500,5,0.171870470046997,0.1978403948327308,0.3325660382795104,0.320785924195951,0.230938874186324,0.08130130060111182,0.16173863420885606,0.16186857758699785,0.152258223518378
12,Pspline-Adam,0.3,21600,5,0.169020175933838,0.17074828391898633,0.33716814194104566,0.29868240650513994,0.23524963519789294,0.08026621730248155,0.1621919901371785,0.1624790473522708,0.1525474887611135
12,Pspline-Adam,0.3,21700,5,0.174768924713135,0.18120769362248534,0.3351520408224613,0.3002131382632018,0.1633160448511665,0.07912104018755907,0.16249002485360328,0.16279008470948061,0.15258054011075395
12,Pspline-Adam,0.3,21800,5,0.168180465698242,0.2090620374444328,0.3184579572973826,0.2881491500700246,0.18910031675500497,0.0780032090726423,0.16287350974575712,0.16327381290266324,0.15237431241508936
12,Pspline-Adam,0.3,21900,5,0.171609878540039,0.21522417373575184,0.340267490753137,0.3117905599827246,0.22667977700647496,0.07685289087390179,0.16319269901462594,0.16365961343541582,0.1522082262822824
12,Pspline-Adam,0.3,22000,5,0.172680616378784,0.29096970192206856,0.36051900176110596,0.3200201688657237,0.2992542774699787,0.07565775070355933,0.16352932365193903,0.16427169660665436,0.15196672853372947
12,Pspline-Adam,0.3,22100,5,0.168720960617065,0.21365905140801553,0.3590438418090184,0.32038936227629483,0.2171235728046486,0.07440264957818468,0.16393680859491522,0.16452131015782262,0.151685194445644
12,Pspline-Adam,0.3,22200,5,0.175593137741089,0.22775857520656187,0.41207695685418916,0.3604915921907327,0.19693462437211479,0.07316606370459229,0.1643609217172704,0.16512945134751003,0.15127851368898382
12,Pspline-Adam,0.3,22300,5,0.170132160186768,0.2351341777695328,0.40971572391539673,0.33940575967075526,0.2652311431862414,0.07184264619888475,0.16481325315545803,0.16576174989686437,0.15103443752243068
12,Pspline-Adam,0.3,22400,5,0.167661905288696,0.18363134419342134,0.3322727148727187,0.38146708355940007,0.2658267275399813,0.07068528589619374,0.1653651702149136,0.1663935325104168,0.15060684905517221
12,Pspline-Adam,0.3,22500,5,0.177199125289917,0.2082186752903573,0.3601597591283844,0.3402137209907209,0.31049006873236557,0.06975247253910884,0.16590814007508006,0.16706277074059628,0.15001684360508905
12,Pspline-Adam,0.3,22600,5,0.171046018600464,0.16310444142148242,0.3384135509497718,0.34313131757880866,0.23664120428698052,0.06875674918034243,0.16652874496647688,0.167608924216024,0.1495132824567708
12,Pspline-Adam,0.3,22700,5,0.176003217697144,0.19916865393103858,0.3781535702372186,0.3658708811066271,0.2024996445374213,0.0678075659606655,0.1672783753019397,0.16827588710836194,0.14920117177775627
12,Pspline-Adam,0.3,22800,5,0.171950101852417,0.19532462085408547,0.42635875237241366,0.3654928236967421,0.16885223422861362,0.06680880781146376,0.1680450687948652,0.1688143839195475,0.14887231234250553
12,Pspline-Adam,0.3,22900,5,0.169706106185913,0.14390929315639497,0.40976165217834964,0.3745797237068788,0.24163324043806875,0.06583362453921715,0.1689511247706363,0.16956988800192102,0.14855845402613743
12,Pspline-Adam,0.3,23000,5,0.174992084503174,0.2401793922955069,0.39578376022677597,0.36867291058109525,0.32271314390281536,0.06477391572490837,0.16972727827813983,0.17017236405525568,0.14808772718633675
12,Pspline-Adam,0.3,23100,5,0.170188665390015,0.27234606488095053,0.4323520005171219,0.36171221567141687,0.2902190656665551,0.06343460738790717,0.17043422048282447,0.17101263877662748,0.1475320231337972
12,Pspline-Adam,0.3,23200,5,0.175548315048218,0.2809793959842979,0.43730924926621384,0.36945001830475765,0.2565480899840016,0.06209942313435775,0.17108998552081411,0.17175873649248674,0.14684181827892
12,Pspline-Adam,0.3,23300,5,0.167078495025635,0.27487166102443766,0.43049984844565653,0.36586422957170706,0.2136400166308675,0.060775892004811816,0.17174738212632312,0.17241888366463068,0.1464246749972971
12,Pspline-Adam,0.3,23400,5,0.169532537460327,0.25191525189058644,0.4523236465411298,0.3939554901103356,0.218457169024142,0.0594919490429768,0.17258931595685667,0.17313633892284014,0.14630800225548377
12,Pspline-Adam,0.3,23500,5,0.179410934448242,0.23924434493264388,0.4409699200235392,0.405031224023344,0.1755620456433083,0.058273473686903374,0.1733842830377113,0.1740338278682117,0.14628533817808415
12,Pspline-Adam,0.3,23600,5,0.168260097503662,0.2829183713835998,0.4520980917419531,0.4342455576686909,0.15771818654755057,0.05708119423730404,0.17417284370896968,0.17485936894695986,0.14623728745194847
12,Pspline-Adam,0.3,23700,5,0.174633026123047,0.24514606937198047,0.4355265444642033,0.42736795754402024,0.17682689390256445,0.05585436355797687,0.17507954181103608,0.17557726136345556,0.1462850405425991
12,Pspline-Adam,0.3,23800,5,0.172019720077515,0.26703450749047036,0.46704467854003584,0.4542697530679486,0.15451411771147816,0.05463430786451071,0.17601211768499128,0.17625582582114296,0.14628955229371646
12,Pspline-Adam,0.3,23900,5,0.169941425323486,0.2545168399138735,0.45012298349082086,0.4369079695010913,0.12589280230315633,0.05342555800229393,0.17700892436965865,0.1771442363560817,0.14604134402945806
12,Pspline-Adam,0.3,24000,5,0.175625085830688,0.2744674633615553,0.43915945650885646,0.4383245895564692,0.1199711887489569,0.05218713632114546,0.177851545487389,0.1777617094678623,0.1457434891701986
12,Pspline-Adam,0.3,24100,5,0.169881820678711,0.32914418290653363,0.41968782307435876,0.42794063984718606,0.1256789729051414,0.05094172530557487,0.1786639896149036,0.17827282837764336,0.145449228511728
12,Pspline-Adam,0.3,24200,5,0.170087099075317,0.24191546847698822,0.45060094053080363,0.41558387814230674,0.15027655833478293,0.04976779223389747,0.17956633856604115,0.17903031286135654,0.1452699165349311
12,Pspline-Adam,0.3,24300,5,0.176226139068604,0.23881629064055393,0.4385645261817252,0.41624470325485824,0.1347860606318006,0.04869982323364827,0.1804768321700907,0.1800382002154893,0.14510177122315795
12,Pspline-Adam,0.3,24400,5,0.170403003692627,0.24182694833488955,0.4465753184227783,0.4041939283215297,0.15165742969520837,0.04763963696440246,0.18123159829442054,0.18089900641196907,0.14480654744651522
12,Pspline-Adam,0.3,24500,5,0.178434610366821,0.24782934243819268,0.4532378275934823,0.41132544188065806,0.13967343634138876,0.04656656084824494,0.18195085132085267,0.18174103065619354,0.1446603090579635
12,Pspline-Adam,0.3,24600,5,0.170260429382324,0.2481437747920107,0.478580213336641,0.46030369038234287,0.12823949648116495,0.04559271408027553,0.1828640234783876,0.18271532057151346,0.14443793579449085
12,Pspline-Adam,0.3,24700,5,0.173876285552979,0.2712511343978126,0.4895325760946027,0.4841829720287683,0.13083654209887596,0.04468542656260314,0.18377972567714912,0.18371179304212806,0.14411766103272877
12,Pspline-Adam,0.3,24800,5,0.17239236831665,0.2173109035239473,0.47294333683574175,0.46279041149253497,0.16047132889142776,0.043755642814359695,0.1847676112966194,0.1848122584604673,0.14373399136280837
12,Pspline-Adam,0.3,24900,5,0.168736934661865,0.18709644420213004,0.4995835784108682,0.4785622376823582,0.2365359996182886,0.04285705767509524,0.18587728428511133,0.18585267712334905,0.14352740174823103
12,Pspline-Adam,0.3,25000,5,0.176040410995483,0.23961388015583063,0.46378298786772476,0.44558293479732586,0.20100486363118358,0.04193196339002187,0.1868401995263324,0.18676834154568978,0.1434118116102004
12,Batch-SOAP,NA,5000,5000,2139.79136800766,0.04886866792878729,0.2413509005270053,0.2240987417613511,0.21241249352638467,0.04886866792878729,0.2413509005270053,0.2240987417613511,0.21241249352638467
