seed,Method,StepSize,N,nBatch,Time,RMSEphi1,RMSEphi2,RMSEphi3,RMSEphi4,RMSEphi1.avg,RMSEphi2.avg,RMSEphi3.avg,RMSEphi4.avg
85,Pspline-SGD,0.3,0,5,35.1266839504242,0.9495272671373046,1.351193295417343,0.9684855058499215,1.3107727972815404,0.9495272671373046,1.351193295417343,0.9684855058499215,1.3107727972815404
85,Pspline-SGD,0.3,100,5,0.99324893951416,0.9759536601999318,1.3110272663648914,0.8958283369817351,1.2242196578970324,0.9759536601999318,1.3110272663648914,0.8958283369817351,1.2242196578970324
85,Pspline-SGD,0.3,200,5,0.977964639663696,0.9989043185557758,1.2689513354831,0.7960753788540575,1.1925616397340015,0.9989043185557758,1.2689513354831,0.7960753788540575,1.1925616397340015
85,Pspline-SGD,0.3,300,5,0.976697206497192,0.7376182230966715,1.25854891775897,0.6729680812795457,1.1738525309405003,0.7376182230966715,1.25854891775897,0.6729680812795457,1.1738525309405003
85,Pspline-SGD,0.3,400,5,0.976490497589111,0.4661896420808554,1.2464537133210554,0.6272706289148859,1.2105610876946136,0.4661896420808554,1.2464537133210554,0.6272706289148859,1.2105610876946136
85,Pspline-SGD,0.3,500,5,0.970252513885498,0.5323805125796522,1.2905936527484836,0.6935728380706856,1.240099187302811,0.5323805125796522,1.2905936527484836,0.6935728380706856,1.240099187302811
85,Pspline-SGD,0.3,600,5,0.982390165328979,0.5013458894657897,1.2890036227731125,0.7324702996168373,1.2491076490497384,0.5013458894657897,1.2890036227731125,0.7324702996168373,1.2491076490497384
85,Pspline-SGD,0.3,700,5,0.984956502914429,0.5292556006734058,1.301351600763494,0.7761445775857152,1.254976764364339,0.5292556006734058,1.301351600763494,0.7761445775857152,1.254976764364339
85,Pspline-SGD,0.3,800,5,0.975257635116577,0.552453796727114,1.3082613682658917,0.8093215637564104,1.2581312838367744,0.552453796727114,1.3082613682658917,0.8093215637564104,1.2581312838367744
85,Pspline-SGD,0.3,900,5,1.09215712547302,0.5699959385645619,1.3117746049302355,0.8340978140596693,1.2601166766599978,0.5699959385645619,1.3117746049302355,0.8340978140596693,1.2601166766599978
85,Pspline-SGD,0.3,1000,5,0.972306489944458,0.5810903142051913,1.3135197112493568,0.8518458017233916,1.2610587545363092,0.5810903142051913,1.3135197112493568,0.8518458017233916,1.2610587545363092
85,Pspline-SGD,0.3,1100,5,0.969622373580933,0.5917081232697307,1.3146084942214256,0.8657729100889309,1.2620539232623875,0.5917081232697307,1.3146084942214256,0.8657729100889309,1.2620539232623875
85,Pspline-SGD,0.3,1200,5,0.972944259643555,0.5982805184053912,1.315156842185157,0.8759540653212278,1.2625746490354766,0.5982805184053912,1.315156842185157,0.8759540653212278,1.2625746490354766
85,Pspline-SGD,0.3,1300,5,0.969300746917725,0.6037675995649714,1.3155544332938456,0.8836708965069721,1.262995012682305,0.6037675995649714,1.3155544332938456,0.8836708965069721,1.262995012682305
85,Pspline-SGD,0.3,1400,5,0.97737193107605,0.6068201875492196,1.315629933385643,0.8893550946899393,1.263196985148815,0.6068201875492196,1.315629933385643,0.8893550946899393,1.263196985148815
85,Pspline-SGD,0.3,1500,5,0.979270696640015,0.6088464285156128,1.315676314858434,0.8936827516884108,1.2632765421988332,0.6088464285156128,1.315676314858434,0.8936827516884108,1.2632765421988332
85,Pspline-SGD,0.3,1600,5,0.968616724014282,0.6099956725439113,1.3156429074561737,0.8970099231339275,1.2632564242084487,0.6099956725439113,1.3156429074561737,0.8970099231339275,1.2632564242084487
85,Pspline-SGD,0.3,1700,5,0.977762699127197,0.6105504740605887,1.3154777946926748,0.8995006926057234,1.2632389480797224,0.6105504740605887,1.3154777946926748,0.8995006926057234,1.2632389480797224
85,Pspline-SGD,0.3,1800,5,0.972670555114746,0.6109656991954157,1.3153078589763567,0.9013727478500424,1.2632246605551585,0.6109656991954157,1.3153078589763567,0.9013727478500424,1.2632246605551585
85,Pspline-SGD,0.3,1900,5,0.975407838821411,0.6108523468048339,1.3151594081678009,0.9028806610895648,1.2632017885239863,0.6108523468048339,1.3151594081678009,0.9028806610895648,1.2632017885239863
85,Pspline-SGD,0.3,2000,5,0.977459192276001,0.6051450028123166,1.3145975078195504,0.9034068707852384,1.2624872227201953,0.6051450028123166,1.3145975078195504,0.9034068707852384,1.2624872227201953
85,Pspline-SGD,0.3,2100,5,1.09293818473816,0.5998641090517323,1.3139122072483185,0.9037740201091029,1.2612682990911577,0.5998641090517323,1.3139122072483185,0.9037740201091029,1.2612682990911577
85,Pspline-SGD,0.3,2200,5,0.965286493301392,0.5918104256478067,1.312452269982971,0.902521188887162,1.2611168087243636,0.5918104256478067,1.312452269982971,0.902521188887162,1.2611168087243636
85,Pspline-SGD,0.3,2300,5,0.96886134147644,0.5920284462118839,1.3114631313580052,0.9026566257233881,1.260268673522495,0.5920284462118839,1.3114631313580052,0.9026566257233881,1.260268673522495
85,Pspline-SGD,0.3,2400,5,0.976558685302734,0.5933282932800623,1.3110154597807597,0.9039334673851582,1.2599976206750947,0.5933282932800623,1.3110154597807597,0.9039334673851582,1.2599976206750947
85,Pspline-SGD,0.3,2500,5,0.966510534286499,0.5867474652728824,1.30775039577117,0.9025527376987832,1.258344770143301,0.5867474652728824,1.30775039577117,0.9025527376987832,1.258344770143301
85,Pspline-SGD,0.3,2600,5,0.976858139038086,0.5821229181096027,1.307239715689609,0.9021274657010817,1.256206715007783,0.5821229181096027,1.307239715689609,0.9021274657010817,1.256206715007783
85,Pspline-SGD,0.3,2700,5,0.973666667938232,0.5813934896673795,1.3067758321633494,0.902430955424808,1.255531491004502,0.5813934896673795,1.3067758321633494,0.902430955424808,1.255531491004502
85,Pspline-SGD,0.3,2800,5,0.976612329483032,0.5835452548205148,1.3066531451615686,0.9045203995573008,1.2554271006242173,0.5835452548205148,1.3066531451615686,0.9045203995573008,1.2554271006242173
85,Pspline-SGD,0.3,2900,5,0.971053838729858,0.5839579595316281,1.3061923943931122,0.9057914884065926,1.2548199582992317,0.5839579595316281,1.3061923943931122,0.9057914884065926,1.2548199582992317
85,Pspline-SGD,0.3,3000,5,0.972081899642944,0.5841943679605602,1.306099625895531,0.9072192977963728,1.2545149902462116,0.5841943679605602,1.306099625895531,0.9072192977963728,1.2545149902462116
85,Pspline-SGD,0.3,3100,5,0.981745481491089,0.5832274936240538,1.3055837367852858,0.9075224870477142,1.2543678795987312,0.5832274936240538,1.3055837367852858,0.9075224870477142,1.2543678795987312
85,Pspline-SGD,0.3,3200,5,0.974935531616211,0.5829437797957701,1.3053257845673136,0.9074469492197936,1.2537814151013023,0.5829437797957701,1.3053257845673136,0.9074469492197936,1.2537814151013023
85,Pspline-SGD,0.3,3300,5,1.0840117931366,0.5839368285546854,1.3049492512967373,0.9096431965251203,1.2538104347941872,0.5839368285546854,1.3049492512967373,0.9096431965251203,1.2538104347941872
85,Pspline-SGD,0.3,3400,5,0.971172332763672,0.5834647632223685,1.3045125316432447,0.9107898808187357,1.2534814791811628,0.5834647632223685,1.3045125316432447,0.9107898808187357,1.2534814791811628
85,Pspline-SGD,0.3,3500,5,0.979131698608398,0.5827811771774382,1.3041299856563997,0.9113859489329507,1.2528065517989204,0.5828414347926709,1.3042296664347832,0.9115048087084943,1.2528795454553516
85,Pspline-SGD,0.3,3600,5,1.00216484069824,0.5798450419285209,1.3033898543276243,0.9117462994236596,1.2519727913896708,0.580615011105288,1.3039025754531062,0.9116787222668878,1.2522729316595107
85,Pspline-SGD,0.3,3700,5,1.00268197059631,0.5763412866712522,1.3018972621079066,0.9118824540618634,1.2511717893638525,0.5780057324867481,1.3030354407179534,0.9115494899656245,1.2516765309432607
85,Pspline-SGD,0.3,3800,5,1.00202965736389,0.5708641001472007,1.2993417755202235,0.9108561529699535,1.2495496807860402,0.5754368765479886,1.301958719394265,0.9112477100502827,1.2511475230379026
85,Pspline-SGD,0.3,3900,5,1.00288367271423,0.559224546944297,1.2966486733826663,0.9086235430668128,1.2468184473193302,0.5725322907888186,1.301075196045432,0.9110528775740524,1.2505682627854826
85,Pspline-SGD,0.3,4000,5,1.00397634506226,0.5277806891367408,1.2915593279531363,0.8998928061621929,1.2373342748439444,0.5647810734844905,1.2993638373750032,0.9094037815060797,1.2484873606525888
85,Pspline-SGD,0.3,4100,5,1.00196075439453,0.4741584719178964,1.27780840918214,0.8729190729904277,1.2275425586826267,0.5513889899342397,1.2970999884880599,0.9054899005312033,1.2458139934905574
85,Pspline-SGD,0.3,4200,5,1.00857782363892,0.44029257793858023,1.2501186168643454,0.8050126490480441,1.2114322517936076,0.5383293823626379,1.2933997291473127,0.8942207597387807,1.2415103808350691
85,Pspline-SGD,0.3,4300,5,1.00242400169373,0.37012480291150934,1.2175812431920467,0.7806619355147435,1.1908278639341274,0.517643974415984,1.2858305767457847,0.881209152381384,1.235794993866451
85,Pspline-SGD,0.3,4400,5,1.00676608085632,0.34817865309394075,1.152049080599594,0.8015397289749051,1.1711055401243482,0.49727927211085876,1.2733824694190448,0.8682669108231723,1.229512435109581
85,Pspline-SGD,0.3,4500,5,1.0021607875824,0.3295626996826168,1.0544450458330594,0.7775200024988127,1.1646706055729201,0.47690754815009656,1.2553903351454192,0.8543522931726952,1.22279057436562
85,Pspline-SGD,0.3,4600,5,0.999434947967529,0.27333128233308746,0.9667252516473933,0.7931551201959602,1.1746876627667588,0.45552979937092086,1.2308670937145416,0.8385170839415718,1.2175186344723814
85,Pspline-SGD,0.3,4700,5,0.99683690071106,0.2939985469540302,0.7743002926462451,0.8524468091709173,1.187774371039893,0.4326069657757539,1.197325258466902,0.8288078086228051,1.2137080196464054
85,Pspline-SGD,0.3,4800,5,1.00287318229675,0.22089120721573471,0.7343970811288842,0.7738579682307376,1.183999032881516,0.4092005430777465,1.1613084027666685,0.8211488090979379,1.2104180986036974
85,Pspline-SGD,0.3,4900,5,0.998637914657593,0.25654246332108577,0.6540943817732667,0.6625462072200152,1.1752771935019564,0.38747927747569555,1.124152316056427,0.806717188192718,1.2065546936624192
85,Pspline-SGD,0.3,5000,5,1.00726556777954,0.2044807229564532,0.6469293909963154,0.654006601408886,1.1704025649328944,0.3670765761036539,1.088122424194563,0.7904369565267292,1.2015682911705752
85,Pspline-SGD,0.3,5100,5,0.169211626052856,0.21190123611567357,0.6021984637273609,0.5969737879193208,1.1696022275792564,0.3489847297128447,1.0549991197734676,0.7740818326468676,1.1969129471464235
85,Pspline-SGD,0.3,5200,5,0.166319608688354,0.20539907089803575,0.6146501747378256,0.61461928977869,1.1627379233756667,0.3332527668743372,1.0254672821841087,0.7578998235478109,1.1925083042038314
85,Pspline-SGD,0.3,5300,5,0.169256210327148,0.1505508443283655,0.5980741466318703,0.6046751030528239,1.1578549702322702,0.31861679269927956,0.9977546088788167,0.744279249876638,1.1879958113908462
85,Pspline-SGD,0.3,5400,5,0.166370153427124,0.1820820001083211,0.6171181030722883,0.6128599615231662,1.156762807281379,0.30475017189313314,0.9716284667666791,0.734724113985503,1.1839917255030703
85,Pspline-SGD,0.3,5500,5,0.166061401367188,0.1738079731575551,0.610190471429258,0.5608318688450613,1.1487630384693677,0.293324545777682,0.9475027142280614,0.7242209203879961,1.1802999226843294
85,Pspline-SGD,0.3,5600,5,0.167194604873657,0.18671582929401787,0.5859452375730547,0.5795324435730838,1.1481016391736387,0.28353732968782697,0.9244103006978965,0.7149843087534942,1.1769890804043732
85,Pspline-SGD,0.3,5700,5,0.170139312744141,0.14477650332781147,0.5789137657143054,0.5748586370364583,1.1402279662416004,0.2739538017653239,0.9045185251547152,0.7064098818354378,1.173876696082777
85,Pspline-SGD,0.3,5800,5,0.165419578552246,0.19187932760532816,0.5853389436148948,0.5883428812126564,1.1380318385070867,0.26425222063105164,0.8860547461545443,0.697177608351484,1.170640625794739
85,Pspline-SGD,0.3,5900,5,0.165497779846191,0.14172901242803562,0.5884816973987391,0.592599985263965,1.1293409076619405,0.2558031717245862,0.8680044036934459,0.6891182674826,1.1674826076210738
85,Pspline-SGD,0.3,6000,5,0.168843984603882,0.1133186054560879,0.5887771830145585,0.5910249667537585,1.115282769336829,0.24807281468657955,0.8514931270024374,0.6832868547361898,1.163911941409618
85,Pspline-SGD,0.3,6100,5,0.165564060211182,0.0916232261964938,0.6279240145822919,0.6125369205760893,1.1014370117522234,0.24122752149355095,0.8370306882397208,0.6773685357764564,1.1602684419138791
85,Pspline-SGD,0.3,6200,5,0.166411876678467,0.14176613981750194,0.6351433506294604,0.618486520135335,1.0811572304080852,0.2338495545839762,0.8243311708049296,0.6721318224854381,1.1560351772049402
85,Pspline-SGD,0.3,6300,5,0.168495416641235,0.14235649120431354,0.6321118791564232,0.6253117183660154,1.0348025821585811,0.22661433283772153,0.8126000858391081,0.667524856369918,1.1509397361497702
85,Pspline-SGD,0.3,6400,5,0.167019367218018,0.13312223798429168,0.6440382134975118,0.6310838000644011,0.9479929602625857,0.22124271985438393,0.8022186193922144,0.6636223863855458,1.1443222331661977
85,Pspline-SGD,0.3,6500,5,0.165865659713745,0.11344960285256066,0.6119712651473459,0.6319650883344943,0.7352911758182736,0.2153408649205115,0.7916629098621488,0.6598289104646201,1.1347060095662813
85,Pspline-SGD,0.3,6600,5,0.166981220245361,0.11818057812767258,0.6346457998784799,0.6285294858359859,0.5752398354938797,0.2089755250794604,0.7807118146819941,0.6562123049820114,1.1203463996261542
85,Pspline-SGD,0.3,6700,5,0.169342041015625,0.11619132613893718,0.6262800631529765,0.638485172888187,0.46867679428431325,0.20299350142106165,0.7714408589692519,0.65352437973739,1.103011450888179
85,Pspline-SGD,0.3,6800,5,0.166703224182129,0.15825725434878304,0.6220158550124466,0.6329247893046362,0.4207848445407526,0.19734114874446168,0.7634237877006779,0.6507368336050299,1.084496271525134
85,Pspline-SGD,0.3,6900,5,0.165869235992432,0.1357976990301589,0.5995893192229766,0.6044932187266184,0.38713465618422,0.19286155859972576,0.7554621101604094,0.6478641642512495,1.0654050252923737
85,Pspline-SGD,0.3,7000,5,0.165435791015625,0.1235454010024752,0.5830633943716164,0.591164543252703,0.36121334459565535,0.18855115883217993,0.7469084931727294,0.6447736496664851,1.0467806084563376
85,Pspline-SGD,0.3,7100,5,0.168092727661133,0.09130026978223182,0.5960549348824005,0.6098953782367881,0.32969297815889315,0.18415156567716748,0.740237618852093,0.642206608853533,1.028600189880156
85,Pspline-SGD,0.3,7200,5,0.165989637374878,0.10542603689830364,0.5896192039471134,0.5997503219542645,0.3259366762461142,0.18054843681348784,0.7343855644894978,0.6397430350481647,1.0109723845337117
85,Pspline-SGD,0.3,7300,5,0.16630482673645,0.10357482319044083,0.5893964242916175,0.5958723704113302,0.33203891946962805,0.17652828957935343,0.7286371324218963,0.6371611690572051,0.9935984702201758
85,Pspline-SGD,0.3,7400,5,0.169501304626465,0.10068612544213103,0.5791954166820563,0.5882330811950875,0.3537570420253326,0.1730373313395193,0.7228881688834911,0.6348755461181737,0.9767651680200586
85,Pspline-SGD,0.3,7500,5,0.166171550750732,0.14838615928841425,0.5842521825024172,0.588815565902428,0.32557366099470997,0.16905773523694842,0.7179632634020966,0.6329649631996738,0.9604278673253825
85,Pspline-SGD,0.3,7600,5,0.16900110244751,0.13940369841572323,0.5673737228516287,0.5733058959451446,0.2844347814955657,0.16569548556758415,0.7121307831616484,0.6305337676747158,0.9446616767372011
85,Pspline-SGD,0.3,7700,5,0.169073581695557,0.14687442138752432,0.58705619432043,0.5905507892851819,0.2757811017470425,0.16303541359850093,0.7068189870330085,0.6284608689547431,0.9289602408445184
85,Pspline-SGD,0.3,7800,5,0.168939113616943,0.20869490956478348,0.5715878548812993,0.5782488129884121,0.28599160652196004,0.16110883628074854,0.7019877358037375,0.626552308266123,0.9141577641814307
85,Pspline-SGD,0.3,7900,5,0.166524410247803,0.14898462118775388,0.5759143409478946,0.5987337109670849,0.30175064401303375,0.15879228982515003,0.697438263927048,0.6247960421117051,0.8997931193238723
85,Pspline-SGD,0.3,8000,5,0.169557332992554,0.14522835859853864,0.571811443513599,0.5772694039916993,0.2550864638625395,0.15647865274322628,0.6926493271690413,0.6230587235926991,0.8857061818298758
85,Pspline-SGD,0.3,8100,5,0.166049957275391,0.12506619400318847,0.5692226218047468,0.5862626954082995,0.3086727453671242,0.15354583984984066,0.6876980280450803,0.6212498380446999,0.8721452250902669
85,Pspline-SGD,0.3,8200,5,0.165120124816895,0.15239788339127774,0.6145630726728124,0.591341878284314,0.2938537462678087,0.1509190195376615,0.6832537278709722,0.6200186590867477,0.8588673721770484
85,Pspline-SGD,0.3,8300,5,0.167890548706055,0.18147771359440584,0.6034013588810127,0.6262257325134162,0.25933539647995757,0.14835185924032898,0.67956191856678,0.6188362662314169,0.8462094204310487
85,Pspline-SGD,0.3,8400,5,0.169240951538086,0.18724876511969132,0.6008394561336131,0.6170923540145707,0.28674156722923005,0.14591367479690318,0.6766684791850635,0.6180068099489958,0.834031373936054
85,Pspline-SGD,0.3,8500,5,0.165510654449463,0.24143056839675636,0.6204998716352411,0.6295209262622795,0.3283157581395785,0.14358400718537065,0.6733912243138469,0.616846428199004,0.8222998288681226
85,Pspline-SGD,0.3,8600,5,0.169090032577515,0.1825445814402969,0.6152397520772064,0.6416549423152546,0.3052837508001823,0.14186889065417918,0.6705964038928081,0.6165768573344357,0.8111802983843697
85,Pspline-SGD,0.3,8700,5,0.172299146652222,0.1744505619345608,0.6034012368279233,0.6274301372694193,0.3095511663781549,0.14015842819201496,0.6685458490830135,0.616386308901112,0.7999050759892294
85,Pspline-SGD,0.3,8800,5,0.170371532440186,0.1871149779974828,0.6165320805458053,0.632938155898335,0.3129275605466443,0.13842388770558467,0.6665902123964946,0.6158487452551963,0.7887700946840805
85,Pspline-SGD,0.3,8900,5,0.168750524520874,0.1585143823833948,0.6051801157508092,0.6243519252304663,0.25211459757512966,0.13646114784101174,0.6647165575496741,0.6153363768628592,0.7781338339805322
85,Pspline-SGD,0.3,9000,5,0.168856620788574,0.24197592775750618,0.6058015328060576,0.6079400662343643,0.2167557829284727,0.1350100026877834,0.6627438099287143,0.6146654001133168,0.7677439921165398
85,Pspline-SGD,0.3,9100,5,0.169795274734497,0.17314056139619793,0.5820080555881209,0.6120398325006624,0.20320152631429117,0.1334814165210762,0.6603407047325629,0.6137755121918876,0.7573724570454076
85,Pspline-SGD,0.3,9200,5,0.168631792068481,0.171962135497446,0.5713785677081415,0.5978555741792573,0.25643835527972475,0.13184796120199313,0.6585346653766568,0.6129887311751193,0.7470692153996376
85,Pspline-SGD,0.3,9300,5,0.279003143310547,0.18940832376791228,0.5847003435469036,0.6163466194980586,0.22193686736389376,0.13066940994588055,0.6563218334242287,0.6124822324066129,0.7369536685830911
85,Pspline-SGD,0.3,9400,5,0.167870998382568,0.20314913058041842,0.5785452533492794,0.5973321074696555,0.25314299488617675,0.12940274499229656,0.6542993525897068,0.6116817321127064,0.7272852935939174
85,Pspline-SGD,0.3,9500,5,0.166128635406494,0.19206290032082404,0.5902017632785684,0.609414376690933,0.2761764076382664,0.1281574646264551,0.6524791428514229,0.6110214442564881,0.717760271627698
85,Pspline-SGD,0.3,9600,5,0.165578603744507,0.27823537767800677,0.582266399738668,0.604280494399073,0.1836067034911649,0.12698257285759204,0.6507521882958343,0.6103217976684036,0.7085900438653344
85,Pspline-SGD,0.3,9700,5,0.165764570236206,0.2558900353702096,0.5955272605470774,0.6118817438992614,0.20509172336515596,0.12594230499623132,0.6489580201820757,0.6096593916606983,0.699671603284467
85,Pspline-SGD,0.3,9800,5,0.168530941009521,0.17657194904863133,0.615229630310042,0.6384701605040096,0.2627745237907714,0.12500441742787335,0.6476034922446826,0.6092812928643127,0.690930229176076
85,Pspline-SGD,0.3,9900,5,0.165833234786987,0.22494492621307402,0.6046184503429659,0.6187688185363739,0.2609888125224433,0.1241276202545325,0.6464576975136732,0.6091065012951856,0.6824952184890444
85,Pspline-SGD,0.3,10000,5,0.16880464553833,0.22049002271027815,0.5823387504590667,0.6047328850539182,0.30738070495867215,0.1235155074263811,0.645119025208837,0.6087893344031471,0.674240991194873
85,Pspline-SGD,0.3,10100,5,0.166166067123413,0.21601624095478375,0.5881857971181076,0.6209909020941865,0.3488552129408399,0.12289425671548512,0.6437855965829815,0.6083205266309387,0.6659360739027392
85,Pspline-SGD,0.3,10200,5,0.165955066680908,0.19318124918102864,0.573714283560386,0.5998904013637019,0.4364873117944931,0.12215647246432298,0.642386665713778,0.6076142507836917,0.6579287561471617
85,Pspline-SGD,0.3,10300,5,0.166315793991089,0.24241608280948318,0.5671075113951655,0.600715117662518,0.4200539618568331,0.12137613867171562,0.640623446576142,0.6070328282434753,0.6504974403421048
85,Pspline-SGD,0.3,10400,5,0.166223526000977,0.22268369960229517,0.6055520478334587,0.6170430419665989,0.28277728721949436,0.12080045992022301,0.6395192911445321,0.6067879612718347,0.6431610501340457
85,Pspline-SGD,0.3,10500,5,0.165901899337769,0.2115887813057235,0.5798354264848453,0.6154646768298427,0.300981685843168,0.12035248528288173,0.6384082378520408,0.6064473222910799,0.6359825377594053
85,Pspline-SGD,0.3,10600,5,0.167883157730103,0.2181826244337821,0.5662782715161335,0.5895792076591325,0.2184602050889581,0.1203469330522488,0.6371943374257013,0.6061368222784852,0.6289910930927421
85,Pspline-SGD,0.3,10700,5,0.164975166320801,0.25049822913188297,0.6201927701816559,0.6316587008671669,0.17975023611004004,0.12049518368025595,0.6360526410576653,0.6057433055162983,0.6224852910513887
85,Pspline-SGD,0.3,10800,5,0.167998790740967,0.2178285858794023,0.6435516677230343,0.6435428240109985,0.15213357467006092,0.12095177312929684,0.6349317598959273,0.6056778009277616,0.6157905254456258
85,Pspline-SGD,0.3,10900,5,0.16545844078064,0.18478588534267956,0.6122292703865038,0.6340342959796753,0.16845963189318075,0.12103961206502997,0.6338138536063785,0.6056408426964414,0.609228548116556
85,Pspline-SGD,0.3,11000,5,0.168822288513184,0.23110654123403418,0.6161125788400921,0.63427266361028,0.16937814829928569,0.12110971552638743,0.6328528598846027,0.6057403359867273,0.6029914443369593
85,Pspline-SGD,0.3,11100,5,0.168603897094727,0.22724201991235143,0.587428108311861,0.6268539929361652,0.19490723928656645,0.12152964269658263,0.6319568085594475,0.6056621637718095,0.5968409199742748
85,Pspline-SGD,0.3,11200,5,0.166162490844727,0.25851971961368203,0.6145238091500222,0.6436812038403865,0.16771610864797223,0.12183496035617065,0.6310054379187015,0.6053771558485653,0.590815558669807
85,Pspline-SGD,0.3,11300,5,0.165954828262329,0.2525496386073372,0.6205866615238668,0.6463145674743207,0.21453755862237026,0.12197217852350847,0.6302499184865463,0.6054559536922552,0.5849432594654589
85,Pspline-SGD,0.3,11400,5,0.168775320053101,0.20502432184907898,0.6259463360748535,0.652363678116663,0.1700054034906939,0.12215258331681064,0.629961944329863,0.6057458313010611,0.5791396869611267
85,Pspline-SGD,0.3,11500,5,0.16611123085022,0.19944189679371682,0.6371298887246298,0.6634436034372276,0.187014897618837,0.12216517839908386,0.6294345750959606,0.606039396151545,0.573315816570987
85,Pspline-SGD,0.3,11600,5,0.16915225982666,0.20828027440577898,0.6427274742141719,0.6546607739102164,0.1541688485340473,0.12189022454927191,0.6287031901140071,0.6063097608572108,0.5674181588832855
85,Pspline-SGD,0.3,11700,5,0.166737079620361,0.23315468425602567,0.6522981763670501,0.6697372741986105,0.18708387114529387,0.12179978415213653,0.6283082310271115,0.6068041059152496,0.5616752627561264
85,Pspline-SGD,0.3,11800,5,0.167852878570557,0.2617921311335882,0.6466284143198902,0.6601230141367789,0.16665767348966323,0.12192288583744702,0.6278184634262998,0.6070791848840185,0.5561788846907001
85,Pspline-SGD,0.3,11900,5,0.167375564575195,0.21864578166969062,0.6142632877568074,0.6233313651113559,0.16357907836043722,0.12187491443444719,0.6271623881331071,0.607174465717014,0.550554206099094
85,Pspline-SGD,0.3,12000,5,0.165604829788208,0.21856016908953907,0.5991542560839759,0.610992572645566,0.19342270817814414,0.12188904766116859,0.6261819556497553,0.6070510537568673,0.5453410378884883
85,Pspline-SGD,0.3,12100,5,0.165877819061279,0.20650329385633695,0.6053503662805023,0.6271513301320393,0.15856546637022223,0.12196900496675055,0.6254938421450521,0.6070140315110882,0.5401732963345155
85,Pspline-SGD,0.3,12200,5,0.169018507003784,0.19460273457953017,0.5906641449034336,0.602070124675191,0.13806461914876259,0.12207049665997614,0.6249124335132862,0.6069000568381642,0.5349974441478516
85,Pspline-SGD,0.3,12300,5,0.168793916702271,0.1968742008455451,0.5937123316179773,0.6115587456408456,0.1685426211728056,0.12211649345351515,0.6243046379270356,0.6066792914759973,0.529655693074083
85,Pspline-SGD,0.3,12400,5,0.16595721244812,0.18840395679606642,0.6067605286789622,0.6214865088532139,0.20526585585783266,0.12206954161410491,0.6236027721341042,0.6065713342755722,0.5244599346572952
85,Pspline-SGD,0.3,12500,5,0.168931722640991,0.21711916626295816,0.6239444064126878,0.6345001969805287,0.18599575514428188,0.12173123727075807,0.6232801283305351,0.6066841413698901,0.5192526436343035
85,Pspline-SGD,0.3,12600,5,0.165583848953247,0.2214749109071097,0.568795803432751,0.607725101095328,0.1637580028441179,0.12194902835966238,0.6225452323169711,0.6065728228412834,0.5143536289175935
85,Pspline-SGD,0.3,12700,5,0.165593385696411,0.2514326302132903,0.5923551909983986,0.617614732561314,0.13929565148092532,0.1224138328774931,0.6217428527866511,0.6063260297438772,0.5094876188149933
85,Pspline-SGD,0.3,12800,5,0.168724060058594,0.28286351171798635,0.5901410714060539,0.6149132627136963,0.16276088081647333,0.12324419700194923,0.6211071951913142,0.606165596818099,0.5050104296943895
85,Pspline-SGD,0.3,12900,5,0.16968035697937,0.23033289824931932,0.5743582072538385,0.6167185225336029,0.20706160096580192,0.12387552736265851,0.6204382845169858,0.6059699325461405,0.5007616890591422
85,Pspline-SGD,0.3,13000,5,0.167614698410034,0.23377968363639126,0.5631493771240028,0.6003472004216329,0.18935661262638986,0.12439453210168876,0.6195075304049347,0.6057310811305422,0.4966548928638578
85,Pspline-SGD,0.3,13100,5,0.165219068527222,0.2173456393892205,0.5784378945613512,0.61146768631208,0.22383474908286083,0.12470105212239495,0.6186208450304925,0.6054435196390716,0.49262164609759235
85,Pspline-SGD,0.3,13200,5,0.165753126144409,0.24248127536407352,0.6074602773550768,0.6208605574016903,0.22095774424041248,0.12491392961535984,0.6178672612587172,0.6053638953670469,0.48847719028342584
85,Pspline-SGD,0.3,13300,5,0.168835163116455,0.27995291826133084,0.6041041339701232,0.6572974820138328,0.18455482997561595,0.12528510328964867,0.6172802907528098,0.6053974399136538,0.4845989873659753
85,Pspline-SGD,0.3,13400,5,0.168704748153687,0.28311321238346865,0.6110912954649149,0.6498490838718485,0.24495084225516223,0.1258573420983892,0.6169887608200765,0.6055514093064436,0.48108425589398573
85,Pspline-SGD,0.3,13500,5,0.166238069534302,0.3099426596596201,0.625342653841135,0.6519808235705321,0.2842047852794553,0.12648102557668103,0.6164635665121492,0.605541117596034,0.4778457987755921
85,Pspline-SGD,0.3,13600,5,0.166388988494873,0.27349416363736856,0.617314905991056,0.6716505459996157,0.24631748254006938,0.12722930269371374,0.6161654542766439,0.6058694485401985,0.4747400928561243
85,Pspline-SGD,0.3,13700,5,0.166314363479614,0.27340668349409847,0.6048667697134003,0.6553762388606945,0.2581085346938054,0.1278814435150173,0.6160285027329038,0.6061737363612743,0.47128704613258293
85,Pspline-SGD,0.3,13800,5,0.165655136108398,0.2802612690002904,0.6236440309343236,0.6671861360592047,0.2593971047342493,0.1285518315879985,0.615889897589962,0.6063735629725849,0.46775579078084106
85,Pspline-SGD,0.3,13900,5,0.169354200363159,0.26012628099322277,0.6182268225221219,0.6617919957347833,0.21758881380870812,0.12896103318554536,0.6157773147235761,0.6066043552775644,0.4644980206453627
85,Pspline-SGD,0.3,14000,5,0.168291330337524,0.3119628993694271,0.60773296834897506,0.6528367676400225,0.20243667211955765,0.129680563132723,0.615610352963919,0.6067807635204867,0.4614761859377506
85,Pspline-SGD,0.3,14100,5,0.166299819946289,0.2600640968922189,0.5923986334373138,0.6496320859033471,0.1758831771550569,0.13031914622392807,0.6152093176568466,0.6068443947439576,0.4582804764798659
85,Pspline-SGD,0.3,14200,5,0.168017148971558,0.2647663091042367,0.584287127073468,0.6357522206846652,0.21634144086023252,0.1308736951046609,0.6149560624977788,0.6069220293530556,0.4549310065538077
85,Pspline-SGD,0.3,14300,5,0.165262699127197,0.28670376016566385,0.5977439915144752,0.6576801830011554,0.1898256983726516,0.13161867013319656,0.6146446198928635,0.6071171871488634,0.4515213354116141
85,Pspline-SGD,0.3,14400,5,0.165456056594849,0.2997952839973778,0.5915794774193132,0.6417902818980895,0.2297420688075265,0.13242479011444142,0.6143242937732301,0.6072105825020074,0.4482382586156707
85,Pspline-SGD,0.3,14500,5,0.171477556228638,0.2956902958311431,0.6063259728326618,0.6597941827496122,0.26019512810225504,0.13311002461534874,0.6140895118895076,0.6073590122414523,0.4449166368349965
85,Pspline-SGD,0.3,14600,5,0.165781736373901,0.3502563333610034,0.5922342564235611,0.6458922374123482,0.16033239948185476,0.1338551892073978,0.6138516499244798,0.6074637966969066,0.4417111389193447
85,Pspline-SGD,0.3,14700,5,0.169695615768433,0.3279671662606707,0.6110740175442866,0.6591592147217724,0.18182452909607283,0.13474741488105374,0.6135733597360363,0.6075959435505447,0.43854928762786277
85,Pspline-SGD,0.3,14800,5,0.16557502746582,0.2716486930430177,0.6246360012226204,0.6735885555622977,0.21104674864099965,0.13549915874643922,0.6134651589055028,0.6078806238183248,0.43538324769663433
85,Pspline-SGD,0.3,14900,5,0.168956518173218,0.3017943613844694,0.6144829557200735,0.6616416035766731,0.20831170659957135,0.1361914469736914,0.6134421224811443,0.6082322299010231,0.43232700195174695
85,Pspline-SGD,0.3,15000,5,0.165972709655762,0.300442874459337,0.5869306027856415,0.6423935427560776,0.2644782979309384,0.13702409587056505,0.6132687600017142,0.6084769211733078,0.4292772227851854
85,Pspline-SGD,0.3,15100,5,0.175509691238403,0.30732546087667506,0.5967637983900589,0.6620435332714245,0.3447617440566475,0.137896008873212,0.6130529031896234,0.6086175723960788,0.4260847292707684
85,Pspline-SGD,0.3,15200,5,0.165903806686401,0.288140311967531,0.5770341770078948,0.6388643290298642,0.34965120485412887,0.1386579367126136,0.6127922446376703,0.608630703195845,0.42288805179594313
85,Pspline-SGD,0.3,15300,5,0.285027742385864,0.33326977320300843,0.5628659630382559,0.634090389616326,0.3208010673590495,0.13952893200950303,0.612273979685717,0.6085796944875704,0.4200074267209372
85,Pspline-SGD,0.3,15400,5,0.16572093963623,0.3042402415215678,0.5958122329410939,0.6427146736066123,0.2223337907719368,0.14040933403159392,0.6119716603147967,0.6086145596264685,0.41721705096041634
85,Pspline-SGD,0.3,15500,5,0.169217586517334,0.31340852746219516,0.5533023395592763,0.6351303380245018,0.21194631984280837,0.14121599184975522,0.6115624538828492,0.6085424637499347,0.41435645492202805
85,Pspline-SGD,0.3,15600,5,0.168780088424683,0.31957516749266945,0.5435198203659479,0.6120206826463772,0.13562928684629488,0.14231346191365898,0.6110165729917607,0.6084545061757596,0.4116109367844953
85,Pspline-SGD,0.3,15700,5,0.1690993309021,0.3496968975050004,0.5865538485540908,0.6401746636978853,0.13937474910406425,0.1435251247336885,0.6104937764439858,0.6083168635913424,0.4090394011714074
85,Pspline-SGD,0.3,15800,5,0.16633939743042,0.31626294094940477,0.6118997747869378,0.6358201603940513,0.11662352880346653,0.14482374822615943,0.6099720778830464,0.6083005631039043,0.406333303919486
85,Pspline-SGD,0.3,15900,5,0.166013479232788,0.2943384066095046,0.5755613017822429,0.6327487938136674,0.12393416438038377,0.1457630454205264,0.6094168409320804,0.6082771929643304,0.4036681316533429
85,Pspline-SGD,0.3,16000,5,0.168801069259644,0.3312706622118573,0.5810750652566853,0.6391502306718424,0.14146862918351974,0.14677947857342175,0.6089666694050228,0.6083421838411913,0.4011771637087801
85,Pspline-SGD,0.3,16100,5,0.169233083724976,0.3130991884675961,0.551955757586601,0.6362759698661506,0.1982732779149529,0.14794689371178507,0.6084957760484448,0.6082993176116671,0.3987543091534551
85,Pspline-SGD,0.3,16200,5,0.166777849197388,0.34665459001523613,0.5838954519480614,0.6522582018641742,0.18753524928207221,0.14896877220190785,0.6078753339655686,0.6080642808788302,0.3964580197665887
85,Pspline-SGD,0.3,16300,5,0.169658660888672,0.3443780637741809,0.5754671541351171,0.644726269922682,0.2326112207554095,0.1500530118560126,0.6074252516779753,0.6080311948197321,0.3942428122826856
85,Pspline-SGD,0.3,16400,5,0.166417360305786,0.31536374422612795,0.5855264959947208,0.6547196682057396,0.1815800230912355,0.15105004794540297,0.6072442328776947,0.6081374997236878,0.39204054816175765
85,Pspline-SGD,0.3,16500,5,0.166155576705933,0.3026105305586764,0.5917702014821491,0.65392110325203745,0.19602456688516248,0.151927295750258,0.6069286814169599,0.6082153185010156,0.38973599551872895
85,Pspline-SGD,0.3,16600,5,0.16806960105896,0.3035495638220213,0.6012866190668503,0.641257457869158,0.16215629913260185,0.1526405374260456,0.6064986291654269,0.6082426982707275,0.387314271414762
85,Pspline-SGD,0.3,16700,5,0.165333271026611,0.34117039116108755,0.6192333599247298,0.6610626431827699,0.16437495343183692,0.1534903060901329,0.6062472726360866,0.6083965124441187,0.3848879056702115
85,Pspline-SGD,0.3,16800,5,0.168370485305786,0.3469404942991577,0.6110975463544243,0.6521355721181453,0.15271834511892543,0.15442688201080057,0.6060143762556871,0.6085156605917199,0.382583114939247
85,Pspline-SGD,0.3,16900,5,0.165529727935791,0.3160857435230586,0.5820131066440132,0.6192722194489618,0.15843534478449456,0.1551495776511584,0.60563558599202,0.608498070507552,0.3801362945929595
85,Pspline-SGD,0.3,17000,5,0.168941736221313,0.3109593807020833,0.5641569292211035,0.605297015231792,0.19120380997358769,0.1559302723169542,0.6050670990430336,0.6083513638164904,0.377949032176079
85,Pspline-SGD,0.3,17100,5,0.166092872619629,0.30560027204429546,0.568042148357195,0.6195590127748976,0.1559679126387704,0.15671321941423286,0.6046100401409888,0.6082346841060291,0.3757610806761042
85,Pspline-SGD,0.3,17200,5,0.168771505355835,0.28639150440602934,0.5526563586863324,0.5931799293570672,0.13290842370019001,0.15746607938471494,0.6041776702110819,0.6080719966491608,0.3735086381268655
85,Pspline-SGD,0.3,17300,5,0.169742107391357,0.2972152259112157,0.5551393949188587,0.6047894640533835,0.16662102701072426,0.15816174949388512,0.6037158798910458,0.6078351546413416,0.37109970044028046
85,Pspline-SGD,0.3,17400,5,0.166397571563721,0.2845498220752788,0.5696594849163629,0.6093427463392317,0.20893659883548718,0.15881100972125425,0.603233270274416,0.6076572985017482,0.36878918253005766
85,Pspline-SGD,0.3,17500,5,0.1658935546875,0.3098894145627309,0.5897755909385662,0.62583981002095,0.19296038720857486,0.15930774656960633,0.6029694068920147,0.6076170757306827,0.3664386585857243
85,Pspline-SGD,0.3,17600,5,0.168951988220215,0.314737347508866,0.56523745361159206,0.6177591125418578,0.1648937374111997,0.16005706945812886,0.6026355408010604,0.6076008156340764,0.3642894771621687
85,Pspline-SGD,0.3,17700,5,0.16679310798645,0.36199406032874404,0.5757107769479269,0.6430732066994617,0.1327370387186019,0.1609876803979337,0.602175281395947,0.6074935694272647,0.36216119572726
85,Pspline-SGD,0.3,17800,5,0.167747974395752,0.37643901461420215,0.572611228115566,0.6248545552550296,0.1383437753188122,0.1621701102906208,0.6017845376529523,0.6074099410630197,0.3601866257825206
85,Pspline-SGD,0.3,17900,5,0.168023347854614,0.3329342841208274,0.5629058282822854,0.6315402262281379,0.19588338000957012,0.16322806419949534,0.6013637796290272,0.6073134413405517,0.3583868154219175
85,Pspline-SGD,0.3,18000,5,0.166198968887329,0.34018667531353847,0.5503986791280339,0.6147079940654615,0.20179197432023024,0.16420851856116875,0.6008552707818119,0.6071887905949632,0.35675640563654293
85,Pspline-SGD,0.3,18100,5,0.165669918060303,0.3276368998280938,0.5632784025915678,0.6252694512338477,0.24068844491944857,0.16511238329222852,0.6002973977655329,0.6070246866182926,0.3551482262508928
85,Pspline-SGD,0.3,18200,5,0.16901159286499,0.34675124455925727,0.6021494010468653,0.6389741952131406,0.23863898873894565,0.16597692898183503,0.599867034134981,0.6070008184570002,0.35344202044756756
85,Pspline-SGD,0.3,18300,5,0.168595552444458,0.38451387358376227,0.6042587846455051,0.6787956276784932,0.19086853464605222,0.16700432453047484,0.5995453165957448,0.6070686867720583,0.35190430917513643
85,Pspline-SGD,0.3,18400,5,0.168953418731689,0.4030122469861652,0.6045277285895633,0.667664288055792,0.2515380572585264,0.1681408748052117,0.5993987553032628,0.6072448070924811,0.35043857284260077
85,Pspline-SGD,0.3,18500,5,0.166419267654419,0.39061243153559405,0.609404794059812,0.665515201723763,0.2814452770810089,0.16935008122739598,0.5990625860051118,0.6072941166245462,0.34915537222008636
85,Pspline-SGD,0.3,18600,5,0.166850566864014,0.3841666683078515,0.6002158887217581,0.6836783990161485,0.25450002306775277,0.1705685497486952,0.5988908803760621,0.6075559732237639,0.3478757023991307
85,Pspline-SGD,0.3,18700,5,0.169245004653931,0.3859239598992978,0.5892840570161507,0.6699167219554639,0.28933167233088664,0.1717086177103302,0.5987753198118351,0.6077768665132942,0.34643008653143825
85,Pspline-SGD,0.3,18800,5,0.166159152984619,0.39475374034023175,0.6048064559061592,0.6824863243312074,0.2861851080658237,0.1728780760395063,0.5986504663431336,0.6079503729089355,0.3449540168509036
85,Pspline-SGD,0.3,18900,5,0.166359186172485,0.37453078484492414,0.5936101083101532,0.6717763449418337,0.2404177930939062,0.1738668898304747,0.5985397219349956,0.608149579304837,0.343597366751157
85,Pspline-SGD,0.3,19000,5,0.167755842208862,0.41217188071125926,0.5814778860316017,0.6737787400836796,0.20006123816300478,0.1750458178070345,0.5983907468907921,0.6083259594443218,0.3423195910650667
85,Pspline-SGD,0.3,19100,5,0.165900468826294,0.37492684510462115,0.5689376936882817,0.6670433668259658,0.19618370351010347,0.1761912085217573,0.598106796070555,0.608433201430393,0.34092709869598586
85,Pspline-SGD,0.3,19200,5,0.166210174560547,0.3933794982726819,0.5644259107702956,0.6525407181629237,0.248751583081216,0.1773004160585011,0.597895773621607,0.608520025087558,0.339457880644061
85,Pspline-SGD,0.3,19300,5,0.16684103012085,0.4096978905863502,0.5782794123281939,0.6798481213656046,0.21809474776355117,0.1785104121215356,0.5976655666802811,0.6086833703786475,0.33794571202830054
85,Pspline-SGD,0.3,19400,5,0.169442415237427,0.4207708134152094,0.5732359857127797,0.6671458101732574,0.2631984815326859,0.17977605860623225,0.5974247134435128,0.6088119312111958,0.33650666721068545
85,Pspline-SGD,0.3,19500,5,0.166416883468628,0.4150826649213239,0.5850640858955054,0.6828713466014381,0.2858308331721367,0.18094285989471232,0.5972450433368929,0.6089850624813915,0.33502983920740875
85,Pspline-SGD,0.3,19600,5,0.166731834411621,0.4488711436889074,0.5696962446326329,0.672374335659367,0.1765580633194048,0.18214560197538907,0.5970319484213561,0.6091079727552939,0.3336050935935382
85,Pspline-SGD,0.3,19700,5,0.168400526046753,0.4460548677645365,0.5756021908869403,0.6719595208172235,0.16486741715730366,0.18348885953726948,0.5966988411983104,0.6092035952788265,0.3322127852200147
85,Pspline-SGD,0.3,19800,5,0.168842554092407,0.40391651960283903,0.5907361059856512,0.6858754369513602,0.21002266653834806,0.18472749151330456,0.5965106349588173,0.6093768464373347,0.33072477353596863
85,Pspline-SGD,0.3,19900,5,0.166753768920898,0.4161622801338554,0.5816243764949797,0.6743269060169538,0.20552862839102948,0.18586981488788348,0.5963868040314723,0.609585177353313,0.3293183234317522
85,Pspline-SGD,0.3,20000,5,0.166300296783447,0.41125848967001005,0.5558416870710887,0.6581686333252115,0.2684494885009795,0.18705931708510573,0.5961847952702455,0.6097482273693705,0.3278799914639795
85,Pspline-SGD,0.3,20100,5,0.165712594985962,0.4267092049706674,0.5678726426921166,0.6785317691558427,0.3094078149296344,0.1882780742763769,0.5959442232146948,0.6098489314196262,0.32633342180099567
85,Pspline-SGD,0.3,20200,5,0.16787314414978,0.41245332383695743,0.5483540512765348,0.6603340076431807,0.32799197759073173,0.18941977793620443,0.5956641232933866,0.6098667060130968,0.3247599411875733
85,Pspline-SGD,0.3,20300,5,0.168664932250977,0.4545692827100442,0.5383270443532775,0.6542077719261197,0.299920699054629,0.19068197469254,0.5952163023268777,0.6098408820501934,0.3233847489413331
85,Pspline-SGD,0.3,20400,5,0.168811082839966,0.42962635361608226,0.5731715079751093,0.6556926207035393,0.21681654011208945,0.19191041220174343,0.5948900756485097,0.6098431057294432,0.3220360797994952
85,Pspline-SGD,0.3,20500,5,0.165477991104126,0.41949354529923916,0.5421931260405461,0.6545850987392715,0.25586416373749843,0.19306247846559293,0.5944939991656524,0.6097926227191252,0.3205604375291641
85,Pspline-SGD,0.3,20600,5,0.168488502502441,0.430928956455728,0.5257068814401009,0.6338832032576119,0.1534947993480385,0.19430080733112085,0.5940552356831723,0.6097621587335568,0.3191629269124142
85,Pspline-SGD,0.3,20700,5,0.172243118286133,0.45485685003853016,0.5645830793944914,0.6549392616911841,0.14010591228592018,0.19562096303228554,0.5936181945252963,0.6096855347691409,0.31786824354946724
85,Pspline-SGD,0.3,20800,5,0.169026136398315,0.4288272549067913,0.5782518058623556,0.6528477292771516,0.11935984893985144,0.19697322170299125,0.5932178441145064,0.6096783393225202,0.3165327778523538
85,Pspline-SGD,0.3,20900,5,0.16865873336792,0.4089618587612399,0.5562029575282107,0.6521773773212328,0.13396798095868848,0.19806774608627295,0.5928190221805039,0.6096785430811325,0.31520147066271376
85,Pspline-SGD,0.3,21000,5,0.165917873382568,0.44701943275770534,0.5869747834803095,0.6620480126102871,0.19094412848093129,0.19926687040110158,0.5924628438237686,0.6097198433554172,0.3140193656548339
85,Pspline-SGD,0.3,21100,5,0.170188665390015,0.43507011414842595,0.5576589000599125,0.6560776208911747,0.18048302566799226,0.200533540718228,0.5921525654331309,0.6097565240001976,0.31284788989145795
85,Pspline-SGD,0.3,21200,5,0.168562412261963,0.4695326982628731,0.572481619409463,0.6904724867272013,0.16959336651475662,0.20180083523816186,0.5917764347218255,0.6097157408304732,0.31161970056805016
85,Pspline-SGD,0.3,21300,5,0.280792713165283,0.4450227370577228,0.5841054961309432,0.6697391187188168,0.2180356703687598,0.20296077240235638,0.5914982186027189,0.6097568718570602,0.3104508141128199
85,Pspline-SGD,0.3,21400,5,0.165511608123779,0.4217639184647001,0.586298180352913,0.6673305137467694,0.17180555071139794,0.20405913997107783,0.5913524268166508,0.6098563354241495,0.30924529105225856
85,Pspline-SGD,0.3,21500,5,0.172052621841431,0.41354651676705934,0.5966128881089732,0.6718863008630475,0.19067472733725016,0.20509498583056826,0.5911462664546926,0.609953271245947,0.3080096489164265
85,Pspline-SGD,0.3,21600,5,0.165535926818848,0.42541335786001655,0.6061301923670421,0.6578270688632646,0.15750102167546,0.20605239511847784,0.590877896935907,0.6100189654900828,0.30672391724963377
85,Pspline-SGD,0.3,21700,5,0.165744543075562,0.45792897922647974,0.6144997170861597,0.6757574075813696,0.1941800156878421,0.20710319695992674,0.5907075500852332,0.610142016166401,0.3054463192715163
85,Pspline-SGD,0.3,21800,5,0.165767908096313,0.4693539995464305,0.6091521192104732,0.6613591464327068,0.17868775803878167,0.208246246511263,0.5904881974878649,0.6102181801820085,0.3042807054006501
85,Pspline-SGD,0.3,21900,5,0.166317224502563,0.4357763959627739,0.5737756384713499,0.6292595597609016,0.17326559372873573,0.20921458345222246,0.5901822735311864,0.6101963611452416,0.30303206856543324
85,Pspline-SGD,0.3,22000,5,0.165887832641602,0.4330249769439126,0.5611116033668793,0.6176373826732138,0.20197665491148994,0.2102371291509579,0.5897341812142471,0.6100765421844802,0.30195816356766403
85,Pspline-SGD,0.3,22100,5,0.16585111618042,0.4305543811159134,0.5637910463790469,0.6302677025140097,0.1644470223956789,0.21124341690214954,0.5893570799507297,0.6099756144380533,0.30086370550797154
85,Pspline-SGD,0.3,22200,5,0.169132471084595,0.41259908975468385,0.5487335258885937,0.605414966767141,0.1402881026058377,0.21223058821820562,0.5889909934459695,0.6098469691604536,0.2996996195724239
85,Pspline-SGD,0.3,22300,5,0.168996810913086,0.42228468214277465,0.5491794067966038,0.6212993413918474,0.17234706521908383,0.21316682729792,0.5885975629315501,0.6096709980316596,0.29842093050316737
85,Pspline-SGD,0.3,22400,5,0.166127920150757,0.40728493932299853,0.5592214559592116,0.6176392946628949,0.21246121201406806,0.21408025908821843,0.588202155485092,0.6095333475140723,0.2972099963056535
85,Pspline-SGD,0.3,22500,5,0.166200876235962,0.4292886821651202,0.5794962590104622,0.6355700928868997,0.2081068965925714,0.21488274908652574,0.5879430012216199,0.6094720472123984,0.29603211473445745
85,Pspline-SGD,0.3,22600,5,0.167927265167236,0.4323020406275134,0.5637730565327473,0.6355370595295781,0.17575324640408876,0.21582510307031894,0.5876764019812106,0.6094491836995186,0.29496717783163484
85,Pspline-SGD,0.3,22700,5,0.165340900421143,0.47440293856030913,0.5853920759911406,0.6573212940042195,0.1445933474927539,0.21687368163642018,0.5873702981672636,0.609430301018418,0.2938033308152681
85,Pspline-SGD,0.3,22800,5,0.166587829589844,0.4851758869021783,0.5792959483258364,0.6518660924793452,0.15565967355580065,0.21806476355691656,0.5871035143363472,0.6094413142215419,0.292767701303472
85,Pspline-SGD,0.3,22900,5,0.165819644927979,0.45296315807657017,0.5672073866829979,0.6554756774555219,0.22691066222177997,0.21919323701947516,0.5867971395688574,0.6094289188999938,0.29189618686988994
85,Pspline-SGD,0.3,23000,5,0.165932655334473,0.4667277779391106,0.555628873585569,0.6399220803612747,0.19823099492132473,0.22028916281866723,0.5864378382980168,0.6093849698854789,0.2911211139632059
85,Pspline-SGD,0.3,23100,5,0.166342973709106,0.46115453573302817,0.5696013472687718,0.6482962963673116,0.23530394765228024,0.221395726846793,0.5860470912581992,0.6093132659215774,0.2902844511449101
85,Pspline-SGD,0.3,23200,5,0.168324947357178,0.46710361530565253,0.597166206867437,0.6579843588376371,0.23578891137553196,0.22244222903607339,0.5857276786423706,0.6093199623885545,0.2893760462492463
85,Pspline-SGD,0.3,23300,5,0.165975093841553,0.5152722266370736,0.6088924679689821,0.6994177027574489,0.19693808065669055,0.22361104950366342,0.5854436331386504,0.6093620086407034,0.28860688593881634
85,Pspline-SGD,0.3,23400,5,0.169081687927246,0.524175566792475,0.6102037200013626,0.6860935541657291,0.25484045794210863,0.22483908428844807,0.5853001104944823,0.6094867233804224,0.28790571473887083
85,Pspline-SGD,0.3,23500,5,0.169245004653931,0.5046130951901985,0.6116104773321204,0.6777879171642693,0.2838041503121504,0.22610151926085528,0.5850523513281265,0.6095494230153503,0.28734252010706973
85,Pspline-SGD,0.3,23600,5,0.166635990142822,0.4978162748203614,0.6019167866278317,0.6985202935170939,0.2518930158509136,0.22735237612720377,0.5849140696905033,0.6097534098485949,0.2867676945637832
85,Pspline-SGD,0.3,23700,5,0.169133901596069,0.5030876079490421,0.5930461817438651,0.6908624560760838,0.2730693019698917,0.22856075225714434,0.5848057271231832,0.6099262593543747,0.28605171225774206
85,Pspline-SGD,0.3,23800,5,0.16489315032959,0.5119576232252518,0.6107024082655589,0.7045528822763696,0.27551648447674026,0.22979052536548672,0.5846937861338509,0.6100923404265468,0.2853072583108133
85,Pspline-SGD,0.3,23900,5,0.165316820144653,0.48831509025221764,0.5976934960211041,0.6920520367154378,0.23001963774839956,0.23090374437566893,0.5846085057606715,0.6102743806899836,0.2846509936791643
85,Pspline-SGD,0.3,24000,5,0.168431282043457,0.5135559299868914,0.5799562245913857,0.7031628585022358,0.20878732453905002,0.23211807390679554,0.584495009904251,0.610466565085694,0.2840620933649324
85,Pspline-SGD,0.3,24100,5,0.168373584747314,0.49445141789273656,0.5744914856735698,0.6892841707653081,0.19500886400977283,0.2333248810658571,0.5842797354935335,0.610604467786237,0.28335279691227355
85,Pspline-SGD,0.3,24200,5,0.166010856628418,0.5097420680769922,0.5726140667806114,0.6745124383447348,0.24281703190463555,0.23452199404764137,0.5841050032018908,0.6107105914836861,0.28258526113837745
85,Pspline-SGD,0.3,24300,5,0.166289806365967,0.5277431569394697,0.5869512933397669,0.7052109871415784,0.21547318650331856,0.23578074219639386,0.5839278046672411,0.6108712128773404,0.28176863717100514
85,Pspline-SGD,0.3,24400,5,0.169081449508667,0.5387494654604008,0.5823687403539186,0.6944995850866058,0.2581571311492757,0.237092275663045,0.5837446875464025,0.6110258798344216,0.28099826288733376
85,Pspline-SGD,0.3,24500,5,0.166124582290649,0.5315447888820432,0.59428470287053,0.7107634036059322,0.28181393348510003,0.23833519389372157,0.583611733328168,0.6112161993557558,0.28020692058793983
85,Pspline-SGD,0.3,24600,5,0.169192314147949,0.5611686939762196,0.5751014455778063,0.7010265677185158,0.17420138575872085,0.23958743015148554,0.5834537454859376,0.6113727227363387,0.2794087239457501
85,Pspline-SGD,0.3,24700,5,0.168992757797241,0.5434257988246392,0.580105292194559,0.7043638623394419,0.18022334488097447,0.240887521074034,0.5832310920410427,0.611537942849696,0.2786014100912462
85,Pspline-SGD,0.3,24800,5,0.166000604629517,0.5110824351809546,0.5985709853287183,0.7113865807563003,0.21623327944449994,0.2421067162202148,0.5831147769570764,0.6117580703050561,0.27773963369610055
85,Pspline-SGD,0.3,24900,5,0.165779113769531,0.5179189458586806,0.5843104819429055,0.7035471416695286,0.21195267617935362,0.24325922072378686,0.5830449094987192,0.6119937866870278,0.27695971255996626
85,Pspline-SGD,0.3,25000,5,0.165285348892212,0.5129050319611476,0.5611826689494535,0.690642257237327,0.26541008702470253,0.24443791767384357,0.5829198732736839,0.612210582579959,0.2761543934353275
85,Pspline-Adam,0.3,0,5,35.1266839504242,0.9495272671373046,1.351193295417343,0.9684855058499215,1.4981370809343735,0.9495272671373046,1.351193295417343,0.9684855058499215,1.4981370809343735
85,Pspline-Adam,0.3,100,5,0.969844341278076,0.7231958055775592,0.7272303677455297,0.3516641117319301,0.8760187951701195,0.7231958055775592,0.7272303677455297,0.3516641117319301,0.8760187951701195
85,Pspline-Adam,0.3,200,5,0.972594022750854,0.6814741779493376,0.7021034691551039,0.24211901936360872,0.7236200041271588,0.6814741779493376,0.7021034691551039,0.24211901936360872,0.7236200041271588
85,Pspline-Adam,0.3,300,5,0.968693017959595,0.5914698161040306,0.6155163451729914,0.1508143470092541,0.7258620322605958,0.5914698161040306,0.6155163451729914,0.1508143470092541,0.7258620322605958
85,Pspline-Adam,0.3,400,5,0.973065376281738,0.5106628024872871,0.5490553767016292,0.19417078788832043,0.5679550717515062,0.5106628024872871,0.5490553767016292,0.19417078788832043,0.5679550717515062
85,Pspline-Adam,0.3,500,5,0.968679904937744,0.516254196894984,0.562650430033526,0.2681741296274025,0.4400844280406468,0.516254196894984,0.562650430033526,0.2681741296274025,0.4400844280406468
85,Pspline-Adam,0.3,600,5,0.977086067199707,0.5069463599448796,0.5599062773028541,0.20209464274439792,0.3579607300660357,0.5069463599448796,0.5599062773028541,0.20209464274439792,0.3579607300660357
85,Pspline-Adam,0.3,700,5,0.97303318977356,0.41353319455631654,0.45205346861796797,0.11272975252559667,0.4051504010235568,0.41353319455631654,0.45205346861796797,0.11272975252559667,0.4051504010235568
85,Pspline-Adam,0.3,800,5,0.969217777252197,0.4322497452169122,0.4599239701283528,0.18125956010455352,0.4193702326500596,0.4322497452169122,0.4599239701283528,0.18125956010455352,0.4193702326500596
85,Pspline-Adam,0.3,900,5,0.978499889373779,0.4453236760702651,0.47714254952966184,0.21503543101595135,0.3710658988978682,0.4453236760702651,0.47714254952966184,0.21503543101595135,0.3710658988978682
85,Pspline-Adam,0.3,1000,5,0.971330881118774,0.4131944201368534,0.4261494163668195,0.163645537053126,0.5307834891047325,0.4131944201368534,0.4261494163668195,0.163645537053126,0.5307834891047325
85,Pspline-Adam,0.3,1100,5,0.977092027664185,0.45097276558409044,0.42967447514990514,0.17550783797635516,0.5697172755580754,0.45097276558409044,0.42967447514990514,0.17550783797635516,0.5697172755580754
85,Pspline-Adam,0.3,1200,5,0.957482576370239,0.42854133680075396,0.42497164905975693,0.22999470659704568,0.5324176215437569,0.42854133680075396,0.42497164905975693,0.22999470659704568,0.5324176215437569
85,Pspline-Adam,0.3,1300,5,0.966818809509277,0.4565200004474361,0.4502840523527462,0.18935165056356723,0.6634282504229417,0.4565200004474361,0.4502840523527462,0.18935165056356723,0.6634282504229417
85,Pspline-Adam,0.3,1400,5,0.969089269638062,0.4521495604833458,0.4462227991169349,0.2315532319437653,0.6935546304399267,0.4521495604833458,0.4462227991169349,0.2315532319437653,0.6935546304399267
85,Pspline-Adam,0.3,1500,5,0.976680994033813,0.3998549582205962,0.42563785250284036,0.1838180685206108,0.6233120482714086,0.3998549582205962,0.42563785250284036,0.1838180685206108,0.6233120482714086
85,Pspline-Adam,0.3,1600,5,0.959484815597534,0.40305524479262367,0.42101931684834226,0.22177128131034884,0.6025385752631193,0.40305524479262367,0.42101931684834226,0.22177128131034884,0.6025385752631193
85,Pspline-Adam,0.3,1700,5,0.966570854187012,0.3853297320912588,0.40874277551418026,0.18365097405827518,0.4460133583872916,0.3853297320912588,0.40874277551418026,0.18365097405827518,0.4460133583872916
85,Pspline-Adam,0.3,1800,5,0.967506408691406,0.3923044857430536,0.38232279402486136,0.14935298661437185,0.41093486021183107,0.3923044857430536,0.38232279402486136,0.14935298661437185,0.41093486021183107
85,Pspline-Adam,0.3,1900,5,0.97086238861084,0.4255380907241508,0.37144272384170474,0.17005416181729968,0.35245902264894985,0.4255380907241508,0.37144272384170474,0.17005416181729968,0.35245902264894985
85,Pspline-Adam,0.3,2000,5,0.965169191360474,0.34257511709201804,0.36012705822915114,0.13614949724863107,0.38485051699202166,0.34257511709201804,0.36012705822915114,0.13614949724863107,0.38485051699202166
85,Pspline-Adam,0.3,2100,5,0.961037874221802,0.29590223434490454,0.3378046412848142,0.13442081022838165,0.3123184799760632,0.29590223434490454,0.3378046412848142,0.13442081022838165,0.3123184799760632
85,Pspline-Adam,0.3,2200,5,0.965257883071899,0.26410589915293076,0.2814654098545769,0.15899842495222455,0.2735490348316218,0.26410589915293076,0.2814654098545769,0.15899842495222455,0.2735490348316218
85,Pspline-Adam,0.3,2300,5,0.970816612243652,0.281350928255257,0.27547898691099576,0.1418421734745925,0.3921459796945873,0.281350928255257,0.27547898691099576,0.1418421734745925,0.3921459796945873
85,Pspline-Adam,0.3,2400,5,0.971510171890259,0.259632539759185,0.2974371504203828,0.18914985065421974,0.38005177414603947,0.259632539759185,0.2974371504203828,0.18914985065421974,0.38005177414603947
85,Pspline-Adam,0.3,2500,5,0.960982322692871,0.2570955762026554,0.26892454313657405,0.12406485574320543,0.3612198035796829,0.2570955762026554,0.26892454313657405,0.12406485574320543,0.3612198035796829
85,Pspline-Adam,0.3,2600,5,0.962364435195923,0.2625321257901972,0.2807514579417797,0.12191704098524687,0.3917828107406373,0.2625321257901972,0.2807514579417797,0.12191704098524687,0.3917828107406373
85,Pspline-Adam,0.3,2700,5,0.973026990890503,0.238815453025688,0.2580566884063238,0.13845276060029396,0.2672222181389923,0.238815453025688,0.2580566884063238,0.13845276060029396,0.2672222181389923
85,Pspline-Adam,0.3,2800,5,0.967429399490356,0.33631021544532697,0.29493360711909483,0.1599511954092793,0.29679782981956954,0.33631021544532697,0.29493360711909483,0.1599511954092793,0.29679782981956954
85,Pspline-Adam,0.3,2900,5,0.967698812484741,0.26756398242352625,0.24470127263564273,0.20831295298344468,0.29004279713920483,0.26756398242352625,0.24470127263564273,0.20831295298344468,0.29004279713920483
85,Pspline-Adam,0.3,3000,5,0.970629930496216,0.23260603205440794,0.24288676544464718,0.14940119553544104,0.32388695098345704,0.23260603205440794,0.24288676544464718,0.14940119553544104,0.32388695098345704
85,Pspline-Adam,0.3,3100,5,0.963652849197388,0.19894297072230044,0.23042135851528903,0.16297379480923968,0.3328192220091117,0.19894297072230044,0.23042135851528903,0.16297379480923968,0.3328192220091117
85,Pspline-Adam,0.3,3200,5,0.969904661178589,0.22175498419130626,0.28896019088510577,0.1210026793351114,0.324479170102837,0.22175498419130626,0.28896019088510577,0.1210026793351114,0.324479170102837
85,Pspline-Adam,0.3,3300,5,1.08837056159973,0.17960145534826463,0.23303022416006322,0.15654164393944855,0.3677092392209135,0.17960145534826463,0.23303022416006322,0.15654164393944855,0.3677092392209135
85,Pspline-Adam,0.3,3400,5,0.94839334487915,0.19124015965796934,0.25817370882697654,0.1466741853209312,0.43238094003486205,0.19124015965796934,0.25817370882697654,0.1466741853209312,0.43238094003486205
85,Pspline-Adam,0.3,3500,5,0.953662395477295,0.20626789603256832,0.21215930313509718,0.13208740006906716,0.4400985853597493,0.20739924475118862,0.21305007199491457,0.12965720120931168,0.4404576125670119
85,Pspline-Adam,0.3,3600,5,0.981269359588623,0.21363340805941153,0.2111433030211282,0.2277737287454684,0.40073613932578683,0.20922041830801855,0.21186059284435826,0.20141712014576174,0.4297898365511866
85,Pspline-Adam,0.3,3700,5,1.00438046455383,0.1633695293251984,0.20021046815811822,0.16013052940429487,0.3236348709458235,0.18612032106359408,0.21231982900261964,0.1903427248050983,0.3709399779461166
85,Pspline-Adam,0.3,3800,5,0.993441581726074,0.2089281263992927,0.2614829309767508,0.13478576227611333,0.4607835195560933,0.18066937174990963,0.20841239347158594,0.16322761720003218,0.34368249250402844
85,Pspline-Adam,0.3,3900,5,0.993165731430054,0.2031964362067952,0.22071585862423698,0.14908160981569718,0.3851327206300835,0.17991567281543597,0.20987628644141562,0.1514393292497089,0.3404715221750586
85,Pspline-Adam,0.3,4000,5,0.999428272247314,0.260461264052967,0.2617675015255148,0.19635127704005875,0.2474308796171152,0.1851975445784801,0.2105426024507193,0.1495621271260733,0.32721724115019013
85,Pspline-Adam,0.3,4100,5,0.997067928314209,0.20349131689306635,0.24708244466499873,0.2312472222191005,0.14989742909327064,0.19019114234375575,0.2087651410763721,0.14334855535206076,0.29510604341224306
85,Pspline-Adam,0.3,4200,5,0.990556955337524,0.20760220224439843,0.232569495676799,0.1824958835888506,0.20796048323276428,0.18836499774225718,0.20931285850794606,0.13796910188659886,0.2715383576097151
85,Pspline-Adam,0.3,4300,5,0.999699115753174,0.20816956507557974,0.2299452279505828,0.17370176551571045,0.17480591312713414,0.18553229747668273,0.20957254632150005,0.13412006721487515,0.25315207914673593
85,Pspline-Adam,0.3,4400,5,1.00145483016968,0.16648367500975503,0.1969055602765154,0.15523884987906192,0.24293113804690838,0.18499104000895406,0.20751123051064801,0.1285249317087768,0.23824643186340935
85,Pspline-Adam,0.3,4500,5,0.999953746795654,0.1987508764153375,0.23030342402576526,0.20385003180749275,0.43308072745389675,0.17947345593503483,0.20545113811115082,0.12916220005236673,0.2376280673992287
85,Pspline-Adam,0.3,4600,5,0.996606349945068,0.1942807431333663,0.23232680147433138,0.16557713574420418,0.22645264893351527,0.17660635266767755,0.20514840589839634,0.12872363485529797,0.2403204492798481
85,Pspline-Adam,0.3,4700,5,0.991852521896362,0.22456570481418753,0.21821937347788403,0.1586105770176303,0.2149774135491044,0.17893835378019757,0.20509673511812376,0.1274700878832687,0.23491729028052974
85,Pspline-Adam,0.3,4800,5,1.00136089324951,0.15420855022452631,0.23347896545681496,0.17481417464615964,0.17814672534004247,0.17753107531873302,0.20487270115589765,0.12443533068966899,0.22788707940583539
85,Pspline-Adam,0.3,4900,5,0.997332096099854,0.20899337814968338,0.2454341951898164,0.21025303252287567,0.19733656877200964,0.17494747667670704,0.20602519970600217,0.12297087794318723,0.22081058664478453
85,Pspline-Adam,0.3,5000,5,0.993223905563354,0.20099240614595995,0.2469406895589783,0.18860110386013754,0.1815753412974368,0.1743589526489905,0.20744382702915065,0.12473067646512041,0.21462302566906372
85,Pspline-Adam,0.3,5100,5,0.167136192321777,0.14805187256935534,0.21926953841737348,0.20385542523580966,0.1524609688220781,0.17353197698483958,0.2083132480498983,0.12591073379759715,0.2090927507266428
85,Pspline-Adam,0.3,5200,5,0.176735401153564,0.18691456870687062,0.26953364075473535,0.18353145324961284,0.35161232943394594,0.17169941074958173,0.2088622663403643,0.125500089405825,0.20719355084425772
85,Pspline-Adam,0.3,5300,5,0.163439273834229,0.21716454305987548,0.20544212124737854,0.1326226932800221,0.3745005270699903,0.1710425341253801,0.20921477549788367,0.12430439880206978,0.21358611577723374
85,Pspline-Adam,0.3,5400,5,0.17035984992981,0.11557748353679881,0.21708108068595275,0.16813626972640716,0.24419564610089686,0.16800890642030586,0.20669341231535904,0.12263998369273664,0.21724008863334435
85,Pspline-Adam,0.3,5500,5,0.163524389266968,0.18651476451517432,0.2151604693003966,0.24520265774368946,0.260122195732239,0.16510257556599822,0.20494002863320213,0.12106908746434121,0.21578865812284792
85,Pspline-Adam,0.3,5600,5,0.162553310394287,0.19549662972634896,0.2327859268151548,0.21012603729801815,0.20215842543086093,0.1648816885902534,0.20488447042701802,0.12160857088616334,0.21656362232706872
85,Pspline-Adam,0.3,5700,5,0.168429613113403,0.1824721299260405,0.17406613925744974,0.17417706567217917,0.24507280187436736,0.16363970488749824,0.20198093405996917,0.12236416265835438,0.2115561660985412
85,Pspline-Adam,0.3,5800,5,0.162123680114746,0.17287646123713954,0.23055518438364567,0.2308968759604405,0.24516868549584062,0.1613955690831377,0.19841829187023372,0.12345093248845654,0.20487115104351084
85,Pspline-Adam,0.3,5900,5,0.163392066955566,0.17485869761967798,0.18058184734212698,0.22332222345022695,0.23719110702244306,0.16006391488955132,0.19595874638726438,0.12264022385346422,0.19709685863170917
85,Pspline-Adam,0.3,6000,5,0.170249938964844,0.18873031819256594,0.15885547662582444,0.18106446265436227,0.44989739822897185,0.15916421838174058,0.19348914019354546,0.12187641749501421,0.1895288375860768
85,Pspline-Adam,0.3,6100,5,0.163973808288574,0.22859022426404954,0.16599834520125284,0.2003289231482817,0.4807052890389,0.15882945109729427,0.19006752110517477,0.12317509729721775,0.18264632569785577
85,Pspline-Adam,0.3,6200,5,0.17048168182373,0.20674418305547604,0.15358785301086425,0.2397365304213613,0.4718098518727181,0.15817797942737333,0.18596905672152803,0.124012684759939,0.17812378512857635
85,Pspline-Adam,0.3,6300,5,0.163334608078003,0.22700381883878407,0.15235398952291132,0.18131476942965008,0.6074454217846867,0.15860410882718654,0.18297637846667425,0.12455443091815079,0.17445366336432802
85,Pspline-Adam,0.3,6400,5,0.163301944732666,0.2680436933578708,0.26044063742167994,0.2449022330441584,0.6955393090618001,0.15957288249177295,0.179522552463656,0.12481697981803669,0.17288426995603415
85,Pspline-Adam,0.3,6500,5,0.170534610748291,0.1749167972696045,0.15488778041617593,0.1515787212370419,0.5849602780153871,0.15999100843460196,0.1764705165306489,0.12410613643564244,0.17421989391915083
85,Pspline-Adam,0.3,6600,5,0.164364099502563,0.1846283502265393,0.17468373855143401,0.20042801398577306,0.5357343585049746,0.15915367632281735,0.17423914396995335,0.12280739576564671,0.17601245965886772
85,Pspline-Adam,0.3,6700,5,0.16410231590271,0.2062561148208154,0.23993263712042998,0.2200817945412787,0.39251559069326997,0.15853431954926123,0.17239690693873752,0.1229258102942206,0.1776601503686228
85,Pspline-Adam,0.3,6800,5,0.173080205917358,0.19046514105486292,0.16786467982195497,0.19686563747432312,0.36738930271737114,0.15805349856090914,0.17037122926970286,0.12472520746435459,0.18047207286849304
85,Pspline-Adam,0.3,6900,5,0.163477420806885,0.28421413016974234,0.16304119956132637,0.1948308761744936,0.3166146309793567,0.15709467585178571,0.16884202232629827,0.12561362983698843,0.18369912535876395
85,Pspline-Adam,0.3,7000,5,0.163846492767334,0.19507823620061537,0.14027172277157637,0.14158066506248862,0.33609454433884434,0.1558283756799424,0.16654267094999461,0.12541223577877877,0.18650313042907346
85,Pspline-Adam,0.3,7100,5,0.170261859893799,0.14592484215223436,0.1402328220813748,0.15263977558678252,0.25552143253064674,0.15477674890794807,0.16404807384045048,0.12471239239730493,0.18864542286850214
85,Pspline-Adam,0.3,7200,5,0.163328886032104,0.12415206476697559,0.11606516406931755,0.18239729965017737,0.22271116228268817,0.1523569729994483,0.16150439457990154,0.12449592011436593,0.1887016639065041
85,Pspline-Adam,0.3,7300,5,0.167205333709717,0.16704193740803497,0.11431474821902766,0.16670438948440292,0.3607688212012464,0.1505379234518603,0.15851532555875725,0.12441711724913564,0.18958163383044235
85,Pspline-Adam,0.3,7400,5,0.176835775375366,0.10042701645519485,0.1432638310414204,0.19088860897969426,0.36747435006838025,0.1483811984708266,0.15523609909469002,0.12349044073593721,0.1917882182925419
85,Pspline-Adam,0.3,7500,5,0.163886070251465,0.09812495113769913,0.10936125596298081,0.14058440917571252,0.34906587849074044,0.14547554491541456,0.15287965573450502,0.12165628342944221,0.19436482164416544
85,Pspline-Adam,0.3,7600,5,0.167125463485718,0.12320153769363079,0.12167661165434498,0.16272299364596315,0.37686573467485956,0.14332939717649293,0.15084810431314122,0.12147375525196377,0.19759986099824664
85,Pspline-Adam,0.3,7700,5,0.166561603546143,0.14282496392785046,0.12143952372726166,0.1646891328747447,0.2428292925462611,0.1416114814335804,0.14850336706490821,0.12147788361142696,0.19916603300155936
85,Pspline-Adam,0.3,7800,5,0.162298917770386,0.24323637752327268,0.11495005647834394,0.18986475923664348,0.2736164990612519,0.14070615478247886,0.14640812798012204,0.12170601586388544,0.19923092726641609
85,Pspline-Adam,0.3,7900,5,0.171134948730469,0.21099750652649607,0.10881691378198359,0.23145006480632824,0.26791386432606423,0.1405935539640546,0.14451101917651085,0.12191025643391763,0.20013476718078105
85,Pspline-Adam,0.3,8000,5,0.161564111709595,0.15082654683279734,0.11058165924531807,0.16570359140434418,0.3094950034045456,0.1387822718592903,0.1416638148291128,0.12139947645293617,0.2019012249445867
85,Pspline-Adam,0.3,8100,5,0.163456201553345,0.15781205465134576,0.14845186071480362,0.19947622360002537,0.32221102898055154,0.13617188455290966,0.13868026387452942,0.12105734993531074,0.203622393049363
85,Pspline-Adam,0.3,8200,5,0.169431209564209,0.12611838428458907,0.17422155234673092,0.1472082547699721,0.3171489393211792,0.13385980865653488,0.13646492132920152,0.12104318984305446,0.2051184357807287
85,Pspline-Adam,0.3,8300,5,0.163310050964355,0.16456298572436423,0.18984867989454385,0.19735932411273457,0.3678974276133049,0.13173993769041828,0.13427616451499455,0.12117788640926508,0.20720850837131408
85,Pspline-Adam,0.3,8400,5,0.166514873504639,0.1480673434029783,0.21176723168632186,0.1928032528469183,0.42844721838146166,0.12987252093667395,0.13207557129057015,0.1220165388773193,0.2106059562568461
85,Pspline-Adam,0.3,8500,5,0.166364192962646,0.154675534328184,0.15198153751703156,0.1774263788281273,0.44810698389828246,0.12813170648489064,0.1307106346563923,0.12266272153383406,0.2147766545909286
85,Pspline-Adam,0.3,8600,5,0.164201498031616,0.1532666874793317,0.15449167243275735,0.21920351534632704,0.4072432386947053,0.12696321259757537,0.12957715050488575,0.12347225586816454,0.218460220929489
85,Pspline-Adam,0.3,8700,5,0.17054009437561,0.15063128056960576,0.17033880867375786,0.2379593908543957,0.37954346989635496,0.1252728494766836,0.1282745772207898,0.12415523184681121,0.22089589837553614
85,Pspline-Adam,0.3,8800,5,0.163735628128052,0.16654746170405213,0.2039945047296656,0.18574611017692916,0.369763532044551,0.12378885671312749,0.1270691849898338,0.12485340255102215,0.22300714683737907
85,Pspline-Adam,0.3,8900,5,0.163589000701904,0.12335322689668063,0.15792881880039142,0.17907833612157442,0.3319081583771276,0.12207396488620494,0.12610557968561958,0.125347546824883,0.22444618670424799
85,Pspline-Adam,0.3,9000,5,0.170585155487061,0.23002433199975497,0.15572443740112715,0.17730881436805968,0.31961056137597965,0.12116600858357249,0.12514732763839645,0.12596438455757,0.22583860527750654
85,Pspline-Adam,0.3,9100,5,0.163952589035034,0.1432498482490938,0.1325960692286625,0.22013010126004098,0.26290738486357323,0.12031989522663171,0.1240770876710805,0.12638511441246494,0.22643315628103672
85,Pspline-Adam,0.3,9200,5,0.174001216888428,0.12159742044458617,0.14364979899874364,0.1874562337141371,0.2896997240685304,0.11905933727499776,0.12307080343527742,0.12683416108819365,0.2268995716214418
85,Pspline-Adam,0.3,9300,5,0.163940191268921,0.13699534689061665,0.15103489216252036,0.17079894361651635,0.2518396939933724,0.11777881052707752,0.12196119800702904,0.1271503630928492,0.22700718302275735
85,Pspline-Adam,0.3,9400,5,0.163854360580444,0.1728420513218385,0.15367281212378697,0.167065112712168,0.25265904171067277,0.11661665974495555,0.12054864682459433,0.12738191909387228,0.22696462833430064
85,Pspline-Adam,0.3,9500,5,0.16762638092041,0.13233678121919054,0.15451084774066554,0.17613448658258127,0.25774267402460643,0.11505187699777067,0.11937485087120978,0.12752957359092745,0.2268160791453935
85,Pspline-Adam,0.3,9600,5,0.164081573486328,0.18953047430488268,0.15594929505190877,0.20762929188007276,0.2513513305364273,0.113933415682416,0.11815961280567627,0.12765961566315726,0.22646084440197223
85,Pspline-Adam,0.3,9700,5,0.166950941085815,0.21350352385616464,0.11899444638007388,0.14318090152100282,0.17684628305928696,0.11343485084036362,0.11691930320210753,0.12773470886333388,0.22576041333486485
85,Pspline-Adam,0.3,9800,5,0.167569875717163,0.11234570202198318,0.1166776003648494,0.21290252214616756,0.18192210259792854,0.11259523858890731,0.11608676457989707,0.12776180985892535,0.22408512893671237
85,Pspline-Adam,0.3,9900,5,0.163047790527344,0.19773097271179246,0.11849997846666419,0.18353584436996392,0.19611962497281357,0.11163160898629419,0.11546447794618005,0.12772422436951505,0.22315380340973223
85,Pspline-Adam,0.3,10000,5,0.168164491653442,0.1534619211493019,0.11757041826084232,0.16380125847201088,0.21477956024728387,0.11120043612255935,0.11490178177363027,0.12756334393630137,0.22217099843168198
85,Pspline-Adam,0.3,10100,5,0.161842107772827,0.12970644718779256,0.09973948592414966,0.15065735078480727,0.25358778438252405,0.11057265966006526,0.11397859593985027,0.12731085506835452,0.220863003803502
85,Pspline-Adam,0.3,10200,5,0.165183067321777,0.12161598926396405,0.09878253544469201,0.15935867942540213,0.25177780919692244,0.10970423953603645,0.11310570850534102,0.12692655324004773,0.21920497088021088
85,Pspline-Adam,0.3,10300,5,0.16670560836792,0.16281530853624143,0.11289595067420177,0.1540934001769544,0.2223022247807878,0.10935892162013611,0.11197895283585425,0.1265232765816382,0.21838783937590903
85,Pspline-Adam,0.3,10400,5,0.163399219512939,0.1785848268934715,0.15083485534422153,0.17232453468394363,0.18467792110977108,0.10868787749014472,0.11075569754878523,0.12605230240958257,0.21752775729174953
85,Pspline-Adam,0.3,10500,5,0.170038938522339,0.13039314718347017,0.14931437956234409,0.12093721382104512,0.226905622578385,0.10762874016248594,0.10946369862078005,0.12545254183843987,0.21651542444804242
85,Pspline-Adam,0.3,10600,5,0.163787841796875,0.14448283678583915,0.11274496343838782,0.11989535203011935,0.1548571948345251,0.10698785039474185,0.10814445080819107,0.12481532223978416,0.21516121407574793
85,Pspline-Adam,0.3,10700,5,0.166987180709839,0.18197681860811205,0.1695655697255458,0.16522659202998696,0.207211372165126,0.10648236756061841,0.1065890176339075,0.12431250001971994,0.2145624611434676
85,Pspline-Adam,0.3,10800,5,0.166890621185303,0.13824249904559213,0.2326994314335314,0.1758904035002158,0.21070014130387046,0.10586717211721179,0.10498337852820082,0.12388456626228504,0.21429939827731026
85,Pspline-Adam,0.3,10900,5,0.163621187210083,0.1398795367905165,0.10505601407411495,0.13014532269366297,0.24715804675492598,0.10508091869313058,0.1034794499571279,0.12326884458151083,0.21362278623839967
85,Pspline-Adam,0.3,11000,5,0.18001914024353,0.163272544275271,0.1485306308965804,0.12250552138671915,0.28953470345166527,0.10413327212764985,0.1019975382706445,0.12271308251893652,0.21325497715557828
85,Pspline-Adam,0.3,11100,5,0.163753032684326,0.17991003290679905,0.1620622169179427,0.15649918096216117,0.3054235976442632,0.1034737012961229,0.10012143520695138,0.12225748980460736,0.2131426056963008
85,Pspline-Adam,0.3,11200,5,0.16375732421875,0.22530145668177073,0.16569936572556201,0.16886119395178503,0.2674379167588982,0.10288756747165237,0.09803830259927161,0.1218079227584657,0.21320313411570815
85,Pspline-Adam,0.3,11300,5,0.170281648635864,0.24609681304819594,0.14946233383484175,0.10078132536802224,0.38254410276441736,0.10243610592682927,0.09624205212907358,0.12124823513086186,0.21295918376838333
85,Pspline-Adam,0.3,11400,5,0.164501428604126,0.18801272818829162,0.18850350948469635,0.1167690881291954,0.3064480555289567,0.10189435047562281,0.09479822088201714,0.12069113773995178,0.21314953172151208
85,Pspline-Adam,0.3,11500,5,0.167020797729492,0.20344177687259182,0.16569873462327694,0.13573414779406237,0.3099764114706011,0.10108112751856627,0.0933612908837205,0.12018761804045526,0.21329569100198448
85,Pspline-Adam,0.3,11600,5,0.167088270187378,0.17757254293495997,0.18028870029029817,0.0940681438982507,0.2635480345384652,0.10005409492460607,0.09207087011106506,0.11960817625497289,0.21327793496646225
85,Pspline-Adam,0.3,11700,5,0.166710138320923,0.21164629792397985,0.23101993049032554,0.11248366773724533,0.21818202141797471,0.09884638397465911,0.09106239476838063,0.11917505463050472,0.21291986977315286
85,Pspline-Adam,0.3,11800,5,0.170744180679321,0.2287859279252901,0.20838532204477897,0.14669664130737983,0.19336901041859814,0.09760896625655215,0.09018636428501298,0.11879091988698778,0.21267126064275735
85,Pspline-Adam,0.3,11900,5,0.163936614990234,0.19400899459325957,0.2078468942092769,0.09197343485653214,0.19449771132648547,0.09613241497017432,0.08939377200051703,0.11832513229682273,0.21208489084799334
85,Pspline-Adam,0.3,12000,5,0.16705584526062,0.20253434425092962,0.21643705241095737,0.12596564152361447,0.2324395355261483,0.09485842429868854,0.08847721502669968,0.11779593683457201,0.2118850520441997
85,Pspline-Adam,0.3,12100,5,0.162907600402832,0.18905286625349818,0.2164687324066321,0.10622600731784858,0.21564948362758904,0.09369832204670647,0.08773153246564026,0.11720599226335125,0.2117270363284665
85,Pspline-Adam,0.3,12200,5,0.16187858581543,0.19186304250833625,0.1884838511377975,0.15468379956311407,0.1837339833874048,0.09234192286410124,0.08698187398377473,0.11654793238511392,0.21142027014764395
85,Pspline-Adam,0.3,12300,5,0.168196678161621,0.18002547047001657,0.21114326704352412,0.08375856681296046,0.22020632066510026,0.09120977442722465,0.08613868064184561,0.11580416428162402,0.2111945719450258
85,Pspline-Adam,0.3,12400,5,0.162041902542114,0.1920967001557942,0.17853606907046476,0.14959132603734124,0.2647838342528881,0.08971676803432632,0.08547815999753042,0.11505521683432583,0.21115292010885175
85,Pspline-Adam,0.3,12500,5,0.163598775863647,0.19924990450468777,0.1724581834112869,0.08697893216427986,0.22170815845243352,0.08819118095289244,0.08499806856898362,0.1142356253087876,0.21092174158692573
85,Pspline-Adam,0.3,12600,5,0.16990327835083,0.17567166135327048,0.16490712961287973,0.1580767908161163,0.24291205141552352,0.0872665482141357,0.08423173806667619,0.11361648004538781,0.2110095513008986
85,Pspline-Adam,0.3,12700,5,0.163610696792603,0.20749765910346415,0.23225035056918392,0.10278085822511235,0.19697505258914288,0.0864554570262065,0.08355124195503053,0.11312077013980891,0.21050946050397285
85,Pspline-Adam,0.3,12800,5,0.169630527496338,0.24651923371542409,0.19985681112593434,0.1502891207573452,0.2689739601799641,0.08611525617261745,0.08302339893115157,0.11272759462347118,0.2101988179032888
85,Pspline-Adam,0.3,12900,5,0.163886070251465,0.19470596914463123,0.18785875842219,0.16421697814052963,0.2731326729887922,0.08577378626670998,0.08242423716246744,0.11230692323215034,0.21018057366539702
85,Pspline-Adam,0.3,13000,5,0.166282415390015,0.21015562058309292,0.1998708928480423,0.16911922131624946,0.23750194549635334,0.08517531384187116,0.08177132338146943,0.11176239471022437,0.2103749914545273
85,Pspline-Adam,0.3,13100,5,0.167722940444946,0.19397107995216328,0.19942636535943653,0.1394411221815202,0.25619563457366334,0.08456311290559064,0.08118917379614292,0.11123397925422993,0.21050960463726456
85,Pspline-Adam,0.3,13200,5,0.164247035980225,0.20357541546237568,0.2759390269211544,0.10301491746590223,0.26571797161154675,0.08384920264415853,0.08076669747694011,0.11062614308474603,0.21046941984822962
85,Pspline-Adam,0.3,13300,5,0.170106887817383,0.22559493744597175,0.23376955144447173,0.11149816720500602,0.24656163558869587,0.08342861498962072,0.08027000890190797,0.1100558917837701,0.2108260559964235
85,Pspline-Adam,0.3,13400,5,0.167016744613647,0.2507065283320071,0.28632770908337846,0.13434001660585318,0.29758462756982595,0.08324026874194611,0.0800675572979604,0.10960257257626353,0.2113210548292945
85,Pspline-Adam,0.3,13500,5,0.163731098175049,0.25014747602987336,0.24870889523561662,0.12072844565363944,0.3466730610293412,0.08307078920884353,0.079761032822717,0.10920152922744207,0.21242517825296894
85,Pspline-Adam,0.3,13600,5,0.171041488647461,0.23930640772579484,0.2285499439912602,0.16574778929353468,0.2892212157946692,0.08302799045259121,0.07977151279667208,0.10880286378118721,0.21319530739762757
85,Pspline-Adam,0.3,13700,5,0.163759708404541,0.23286166252103896,0.23692465718504363,0.16438463788500354,0.28227508300103393,0.08283239970764879,0.07992444264467158,0.10827409037480078,0.2133266539440175
85,Pspline-Adam,0.3,13800,5,0.166783332824707,0.24175515226792357,0.26461016052603503,0.11327332309045023,0.27933644413151515,0.08285437023323912,0.08008827913589107,0.10780415277400554,0.21329174170259418
85,Pspline-Adam,0.3,13900,5,0.168172836303711,0.21760662646088264,0.21700991181060383,0.11880501513912109,0.24703649610421174,0.08260252914952823,0.08035347012571319,0.10732152376609132,0.21299229101463002
85,Pspline-Adam,0.3,14000,5,0.163893222808838,0.29611088972639743,0.22081934248536933,0.14339286459395872,0.22952961759452134,0.08284785494880191,0.08055461608776521,0.10701775009672616,0.2128405118420574
85,Pspline-Adam,0.3,14100,5,0.169922590255737,0.22329597004549984,0.2338317444782731,0.19039379204052298,0.19291791867174427,0.08325492648131749,0.08050004174256942,0.10666649225370432,0.21234483143558328
85,Pspline-Adam,0.3,14200,5,0.164828300476074,0.23711827209858866,0.239365321135288,0.099515850698678,0.2451978032787977,0.0833637765697467,0.08083672085219532,0.10639770408166287,0.2119357795855383
85,Pspline-Adam,0.3,14300,5,0.165823698043823,0.25033462501332393,0.2573024565714674,0.1044028209187556,0.19695592059817255,0.0834946888539496,0.08124065825287896,0.10605668198671388,0.21133477640372814
85,Pspline-Adam,0.3,14400,5,0.165181875228882,0.2817425398488542,0.2662997353407307,0.11093563820642828,0.22142072720497558,0.08382129671767101,0.08153988389782325,0.10575604701105977,0.2106932432724564
85,Pspline-Adam,0.3,14500,5,0.162500619888306,0.2476191543484303,0.2623002018085483,0.1410386853434455,0.2363817216172509,0.08384013378791273,0.0820251891188103,0.10541757559606653,0.20996415101654645
85,Pspline-Adam,0.3,14600,5,0.17787504196167,0.28187796069565213,0.26217070416849325,0.20202798089587604,0.18191194960808435,0.08419038679366746,0.08251535137375811,0.1050893693151014,0.2091932543268402
85,Pspline-Adam,0.3,14700,5,0.163977861404419,0.28145049758629576,0.22110544487031003,0.09514391449714285,0.14121989762644788,0.08488292085137296,0.08275894353491732,0.10470654656442285,0.20823117823888437
85,Pspline-Adam,0.3,14800,5,0.163792848587036,0.23181558351501072,0.22950896675717025,0.12710095781416822,0.1652980120387831,0.08524075574984652,0.08304843965897808,0.10433040303483426,0.20684200640640538
85,Pspline-Adam,0.3,14900,5,0.169735431671143,0.22423696704998228,0.20543964055982483,0.13133568771584225,0.178066349255964,0.08532171782722832,0.08343514137875939,0.10396304943558383,0.20592518464137238
85,Pspline-Adam,0.3,15000,5,0.163558959960938,0.21223703206284336,0.19422723320201243,0.10450799634437395,0.22159245717760295,0.08572380707878323,0.0837125284643618,0.10359294605747706,0.20518972451504405
85,Pspline-Adam,0.3,15100,5,0.166844367980957,0.21925002591701773,0.20481834709637492,0.14996543376512056,0.20292036338896074,0.0861929340383019,0.08389307613137242,0.10321841020401273,0.2044254130797772
85,Pspline-Adam,0.3,15200,5,0.167503833770752,0.20889605842376555,0.19888723418181503,0.14403675335382415,0.22472158718618893,0.0865573236952285,0.08401353805340449,0.10281333499876018,0.20361080065249573
85,Pspline-Adam,0.3,15300,5,0.166837692260742,0.2718618846793003,0.24072979748151627,0.11535508399573377,0.22100534993298054,0.08726500230422946,0.08416656152263531,0.10238022007657326,0.2031529624364105
85,Pspline-Adam,0.3,15400,5,0.17086935043335,0.2936802750842261,0.27401285012968496,0.11111226787286724,0.16006516100567122,0.08793689556349046,0.08454367463602586,0.10190869523838489,0.2025511501192361
85,Pspline-Adam,0.3,15500,5,0.166527986526489,0.254657540548173,0.26975541325790803,0.14330601445084626,0.21231109251551009,0.0885101483927367,0.08487338472308452,0.1014243053301031,0.20163909094585095
85,Pspline-Adam,0.3,15600,5,0.166648626327515,0.2588190259941277,0.251845690129676,0.10759991916149093,0.12303649622960543,0.0894032180468452,0.08511135472923258,0.10092265273162015,0.2005868481006026
85,Pspline-Adam,0.3,15700,5,0.164549112319946,0.2940535479520138,0.2826859827493104,0.18708269530749425,0.1525630917366314,0.09041559515141098,0.08548930643843866,0.10049230951290976,0.1998772087313526
85,Pspline-Adam,0.3,15800,5,0.164345264434814,0.27055197366104916,0.3833456237458714,0.1388403178298379,0.14469301239437704,0.09141615427656351,0.08584794509163295,0.1000677564368051,0.1992078878054704
85,Pspline-Adam,0.3,15900,5,0.17031455039978,0.2599895063645807,0.25045980455515426,0.10545997702791624,0.15582233099771403,0.0920934147399082,0.08601044385864468,0.09948401743181184,0.198392804707672
85,Pspline-Adam,0.3,16000,5,0.164172887802124,0.29795818436099264,0.3035341268750356,0.09609259311806145,0.22128523879425674,0.09289456293384415,0.0865158015110035,0.09891276558728675,0.19780925920320958
85,Pspline-Adam,0.3,16100,5,0.167556524276733,0.31360485375764813,0.3270756255044038,0.15325993021293371,0.2749330076373992,0.09388010179416825,0.08697198209431102,0.09846403623006725,0.19742632270546817
85,Pspline-Adam,0.3,16200,5,0.167999267578125,0.33958826345681775,0.33001415592285943,0.14771935730994998,0.25192568111111974,0.09504620747550521,0.08748282407466529,0.09805661216534124,0.19728640804783265
85,Pspline-Adam,0.3,16300,5,0.163657903671265,0.34075195775885697,0.30069340090329216,0.06717207772702162,0.3446742510217549,0.09628331197013038,0.08812795366494772,0.09758032211875572,0.19697158426619124
85,Pspline-Adam,0.3,16400,5,0.170580387115479,0.31024043126242823,0.3278940533859065,0.08803049324813829,0.27165356696885073,0.09739974019134962,0.0890119618788775,0.09712547596856239,0.1967805535954823
85,Pspline-Adam,0.3,16500,5,0.162914276123047,0.32155375415598936,0.313644165183089,0.11661727589102598,0.28284371842261025,0.09832670821727364,0.08992092537526748,0.09671246924622964,0.1966415343061218
85,Pspline-Adam,0.3,16600,5,0.165043830871582,0.3093734380013489,0.3502022905092361,0.0850321177465353,0.20741810245512024,0.09917319417421934,0.09072354513519264,0.0962357599346294,0.1964166670280728
85,Pspline-Adam,0.3,16700,5,0.165562868118286,0.3560177713022411,0.37166548933823,0.08534576828442382,0.18291286999158943,0.10021663040062138,0.09183686378503099,0.09584013730750213,0.1958514043999421
85,Pspline-Adam,0.3,16800,5,0.162866830825806,0.37034165267624897,0.3551301399690564,0.12278435828676605,0.1706038682285474,0.10118800090552643,0.09305087387007892,0.09546066896225937,0.19547340638045207
85,Pspline-Adam,0.3,16900,5,0.169831991195679,0.33165525694817816,0.3475308988845007,0.06984633322614893,0.18073974440342705,0.10190717599355617,0.09417578288661792,0.09505308875586191,0.1949925364814884
85,Pspline-Adam,0.3,17000,5,0.164096593856812,0.345125387927567,0.3608580715366831,0.10398638460546786,0.2137590388768134,0.102786959064277,0.09537231853059516,0.0945864684069971,0.194773804452132
85,Pspline-Adam,0.3,17100,5,0.16337513923645,0.3343078272641891,0.33980036634908106,0.09587448199617656,0.17553071585330418,0.10368664670593761,0.09654612277614531,0.0940577391078358,0.1945700066348495
85,Pspline-Adam,0.3,17200,5,0.169713973999023,0.33323306721377605,0.3323317769211547,0.14634863897979317,0.14810355207438525,0.10453462891696608,0.09772670384610968,0.09354524507921035,0.19416275697492694
85,Pspline-Adam,0.3,17300,5,0.163640260696411,0.31263673155373456,0.3238682831967007,0.09755260365153695,0.18901556900816785,0.10541170969712552,0.09873637794534466,0.09300178421045381,0.19369084694850225
85,Pspline-Adam,0.3,17400,5,0.166860103607178,0.3274416765258504,0.3219500327845974,0.12724212639206575,0.2573723030675439,0.1062257206075725,0.09971250174097027,0.09241103008962968,0.19354263475439762
85,Pspline-Adam,0.3,17500,5,0.166789770126343,0.3344190847183178,0.32180929269022585,0.08381827004854407,0.2292649913896909,0.10688602371196695,0.1007613903377901,0.09176888306674108,0.1936168961341285
85,Pspline-Adam,0.3,17600,5,0.163620233535767,0.3211355037955531,0.3183195768904072,0.11343779399405944,0.2547065814356118,0.10785325034051711,0.10175175875396272,0.09132656990581348,0.19385522726535362
85,Pspline-Adam,0.3,17700,5,0.169947385787964,0.35210264899128324,0.37393620006405026,0.08803033444229472,0.21593201726575903,0.10897751420427651,0.10283130865334193,0.09098698443326977,0.19378728974633225
85,Pspline-Adam,0.3,17800,5,0.163748502731323,0.3421860784057944,0.33349192253457666,0.10247157492871091,0.21513714506790593,0.11008994649616843,0.1039033747654023,0.0906954721630739,0.19366947881784982
85,Pspline-Adam,0.3,17900,5,0.169950246810913,0.3174287746483588,0.32120467050765256,0.16242363471617066,0.24397955667653692,0.11121215350829537,0.10489153707389703,0.09038849081648985,0.19364423957351862
85,Pspline-Adam,0.3,18000,5,0.167083263397217,0.3304995649555775,0.32455637469143556,0.13345972508249698,0.22748699108047746,0.11217564248653915,0.10583735297748338,0.08997050249606446,0.19373054705519738
85,Pspline-Adam,0.3,18100,5,0.163838148117065,0.32812272151217337,0.32782746579908334,0.13954339211106268,0.28454177415036624,0.11314001449166644,0.10676483739875647,0.08956188758325573,0.19400747865326812
85,Pspline-Adam,0.3,18200,5,0.167357683181763,0.33762863730586934,0.36634693325153445,0.09968658565023647,0.2739552599013404,0.11405706883416301,0.10774867848591935,0.0891516985236773,0.19415674116962034
85,Pspline-Adam,0.3,18300,5,0.164177894592285,0.3737071679526413,0.3863419254994688,0.10543755798578124,0.24543653975336888,0.11522703233548791,0.10895697686936658,0.08877717216110341,0.19449551966139378
85,Pspline-Adam,0.3,18400,5,0.163961410522461,0.3896878860158737,0.4265466979950568,0.1235683950337745,0.2989344937198282,0.11654407381612394,0.11039979045848351,0.0884621840483026,0.1949014923442677
85,Pspline-Adam,0.3,18500,5,0.170156717300415,0.41061429379967773,0.39296272815552397,0.1323919842514129,0.35781239388806463,0.11790931614522218,0.1117789654702795,0.08815665601941551,0.19575723399114703
85,Pspline-Adam,0.3,18600,5,0.16404914855957,0.3708739457790883,0.37068476083489854,0.1726092116639416,0.3111052150377148,0.11921699693803256,0.1131721141024634,0.08783537522937977,0.196506957548948
85,Pspline-Adam,0.3,18700,5,0.168342113494873,0.3685097427095895,0.37298692317347715,0.17612540492044595,0.2945523725705023,0.12050156351548383,0.11463275634836556,0.08746129912405871,0.19687349156373293
85,Pspline-Adam,0.3,18800,5,0.162094593048096,0.37321025749389786,0.3903757568169544,0.10372866184119452,0.2902630490670808,0.12178014420549307,0.11600580037047374,0.08714797051047209,0.19712429029914783
85,Pspline-Adam,0.3,18900,5,0.161987066268921,0.345391296564336,0.3496131879543659,0.1117409591962812,0.26737825438447815,0.12291948608568208,0.11733753342315224,0.08684177540823804,0.1971991431789208
85,Pspline-Adam,0.3,19000,5,0.16930103302002,0.38864934899620657,0.33308910781290174,0.1516496703353612,0.2696345089538049,0.12420341274016525,0.11850309977302648,0.08666122048449533,0.19736015306632002
85,Pspline-Adam,0.3,19100,5,0.16376256942749,0.3625713599359414,0.362038226465898,0.1910770819469835,0.21863079327734644,0.12551256274613293,0.11955931183208073,0.08645680834765455,0.19731746529723151
85,Pspline-Adam,0.3,19200,5,0.166820049285889,0.3651752404790266,0.37142354779301323,0.11713222159780853,0.25237290623564784,0.12680961567810484,0.120789883472146,0.0862469561978919,0.19729362179740695
85,Pspline-Adam,0.3,19300,5,0.166852235794067,0.38420869428598736,0.3903902136193369,0.09512241009175317,0.224660509189503,0.12813165791586328,0.12208987882843739,0.08597416550815697,0.19715318340129975
85,Pspline-Adam,0.3,19400,5,0.16319727897644,0.409345673511439,0.398734127135358,0.1202249610591849,0.23691009533787197,0.12952618866499077,0.12340640313170181,0.08576965250918331,0.19700419639766006
85,Pspline-Adam,0.3,19500,5,0.170298099517822,0.3813793155800514,0.39703751157515543,0.13943226559931454,0.24631224039821287,0.13076411118407955,0.12475271512538792,0.08553823657415137,0.19677391534119476
85,Pspline-Adam,0.3,19600,5,0.163910865783691,0.38751173078577955,0.3890757550869298,0.21108093086211785,0.2210731267271106,0.13210828264524224,0.12611429349062922,0.08531299109769559,0.196505348458578
85,Pspline-Adam,0.3,19700,5,0.175610303878784,0.3992950931542467,0.3635011448692384,0.10607701206046462,0.16054296939703736,0.13349679882840124,0.12729501055503403,0.08508042838330493,0.19611650415778026
85,Pspline-Adam,0.3,19800,5,0.166903734207153,0.3721373975213879,0.37177584920223955,0.17912077635695786,0.17462216918132015,0.13474490664447797,0.12844675599571911,0.08485050137876952,0.19536339915504777
85,Pspline-Adam,0.3,19900,5,0.163347721099854,0.36859930583664385,0.3454986792045988,0.15526949948478103,0.17568613571451402,0.13591143325718646,0.1295824275945007,0.08459293357977489,0.19490059506052404
85,Pspline-Adam,0.3,20000,5,0.169392108917236,0.3463609820394566,0.3345811178085321,0.12922354399824607,0.2120049648859734,0.13705392262191177,0.13059527659365153,0.08430790849062195,0.19449337717757612
85,Pspline-Adam,0.3,20100,5,0.163876295089722,0.3623034738318315,0.36415468725746514,0.13823117062246454,0.2658797806271374,0.1381885689465761,0.13161620648545377,0.08402327714015494,0.1940218049303053
85,Pspline-Adam,0.3,20200,5,0.163743019104004,0.34658261063791374,0.352496351157863,0.16501002477271431,0.2595314917051116,0.13921642854061994,0.1325841174974118,0.08371215190553223,0.1933370467092608
85,Pspline-Adam,0.3,20300,5,0.17044472694397,0.396954319830712,0.3824754550091604,0.12328784943837948,0.24757291151333755,0.14043206628701355,0.13360361265597864,0.08341247670808892,0.19290430427779148
85,Pspline-Adam,0.3,20400,5,0.163484573364258,0.420601892319444,0.4024620935848421,0.15685314561626354,0.19674912758323176,0.14171069807001352,0.13480689386422906,0.08304746960769877,0.19246097939448348
85,Pspline-Adam,0.3,20500,5,0.170273780822754,0.38114868565453996,0.3872239357938343,0.10847799894766136,0.21137279625941502,0.14295799056770178,0.13598905412666018,0.08272023146908529,0.19195133543221576
85,Pspline-Adam,0.3,20600,5,0.16422700881958,0.39018159305088723,0.39848651521571915,0.12396336659026343,0.13608956060134159,0.14427252875858887,0.13717526336580899,0.08240216648050029,0.1913377079760411
85,Pspline-Adam,0.3,20700,5,0.163528919219971,0.4218293870095851,0.428073954593632,0.1945324725235141,0.1544159979144114,0.14568508448024747,0.13847547838140004,0.08214005967208529,0.19086707938486527
85,Pspline-Adam,0.3,20800,5,0.169721126556396,0.4002379781821691,0.4888257958184821,0.1465580845287126,0.13884354475298624,0.14711085394715934,0.13979103997283074,0.08184253379572486,0.1904023520207913
85,Pspline-Adam,0.3,20900,5,0.161886930465698,0.3828798134960288,0.38654746749356206,0.12884078798313323,0.16066555201186344,0.1483057255970061,0.14094282455135979,0.08144885903712157,0.18987820635123842
85,Pspline-Adam,0.3,21000,5,0.165457487106323,0.4277570734923761,0.44164793010867726,0.11118993794369213,0.22059570124514855,0.14961121190176385,0.14219612716234475,0.08098701410402373,0.18951270105836573
85,Pspline-Adam,0.3,21100,5,0.164686918258667,0.43506163322421765,0.4529369269907573,0.16198797061067288,0.2531208654020224,0.15104912991202976,0.14357837950712257,0.08066294474884007,0.18933894010464955
85,Pspline-Adam,0.3,21200,5,0.163101434707642,0.45656892174055397,0.4626082098414982,0.15484394489203726,0.24215369624387048,0.15255692896598932,0.14500031544160538,0.08038541622332843,0.18937664056500064
85,Pspline-Adam,0.3,21300,5,0.169903755187988,0.44755704396386753,0.44163257869790834,0.09171060307130212,0.27671591727752226,0.15410306130067625,0.1464506598856046,0.08005767053025707,0.18931469759858424
85,Pspline-Adam,0.3,21400,5,0.163372039794922,0.43653360931320306,0.46013264332076803,0.10753752942463078,0.23866163866984055,0.1555242358468252,0.14790700140924484,0.07971215199256902,0.1893421539750137
85,Pspline-Adam,0.3,21500,5,0.166513919830322,0.437904647067743,0.44760090649429607,0.13769414923906334,0.2522062671386146,0.15689483330816184,0.14936440870977177,0.0793752200132923,0.18936987113760922
85,Pspline-Adam,0.3,21600,5,0.167070388793945,0.44246256255919264,0.48451982702074253,0.08159129655919992,0.1735314954697551,0.15821507160215323,0.15073692996333857,0.07897093869184393,0.18931559575206594
85,Pspline-Adam,0.3,21700,5,0.16309666633606,0.48998657850575117,0.5066187915152989,0.07545501607419129,0.18192992440407016,0.15976052261549473,0.15238713503108317,0.07858332729043176,0.18893377998494762
85,Pspline-Adam,0.3,21800,5,0.16974925994873,0.5266988445872803,0.5181035635592375,0.10558923006327231,0.16481159143071872,0.16133967327422058,0.1540874274419278,0.07823478908315905,0.18867719819223325
85,Pspline-Adam,0.3,21900,5,0.163746118545532,0.47535681633510857,0.4938130092642581,0.08682029877202084,0.17449790837278376,0.16274435478916,0.15567031836763162,0.07786961256618063,0.1883653971619631
85,Pspline-Adam,0.3,22000,5,0.166367292404175,0.4845702199977829,0.5079674886612092,0.119046251295396,0.20617305241583314,0.1641998033052827,0.15729096219655328,0.07742864458199855,0.18823501527278505
85,Pspline-Adam,0.3,22100,5,0.166753768920898,0.4750750448600356,0.48606504530446165,0.11374115877212763,0.16672133614139137,0.16562376139067325,0.15884664564471956,0.07694991846861758,0.18809289144441194
85,Pspline-Adam,0.3,22200,5,0.163373231887817,0.47196961989481107,0.4813218236156046,0.17495062752611285,0.14014937086896442,0.16701969494004593,0.16039630316055273,0.07651857522917467,0.18779188358075302
85,Pspline-Adam,0.3,22300,5,0.170140743255615,0.4559418937558902,0.47157437581136263,0.11705060467911069,0.17353922270372996,0.16836564995195796,0.1618357684879022,0.07607578778413483,0.18741366200144205
85,Pspline-Adam,0.3,22400,5,0.163621664047241,0.4653397345426195,0.4704705533964387,0.14909419982559613,0.22454314862358374,0.1697029805197627,0.16327563507721046,0.0755871889403692,0.18724704690858313
85,Pspline-Adam,0.3,22500,5,0.163161277770996,0.4808522826420233,0.47488957299162005,0.13887926082317817,0.2068008507356661,0.17096303000222082,0.16473067191347804,0.07503203301198473,0.1870326262942012
85,Pspline-Adam,0.3,22600,5,0.17015814781189,0.4785615934111688,0.48269170091812635,0.12452317157390906,0.180498509102253,0.1723202893271061,0.16620946692020228,0.07461057567447665,0.18678049206452302
85,Pspline-Adam,0.3,22700,5,0.163926839828491,0.5098995261092194,0.5255564748882302,0.10206059980740231,0.15084625253269152,0.1737668394679629,0.16774604361518525,0.07430550208215635,0.1863349688254995
85,Pspline-Adam,0.3,22800,5,0.166593074798584,0.4916599499283554,0.5014091027782439,0.14229487382316264,0.21860542138528352,0.17524705139518398,0.1692612433697427,0.07405337018532145,0.18601451516043718
85,Pspline-Adam,0.3,22900,5,0.16740894317627,0.47872508844061085,0.49100586798887147,0.17687397069273195,0.24402420830110044,0.1767193587159403,0.1707232265942403,0.07378908923563876,0.18594700522321223
85,Pspline-Adam,0.3,23000,5,0.166309356689453,0.49739898248222664,0.5078429409760512,0.187549789348945,0.22572791588295418,0.1781356930678974,0.17217647611717196,0.07346433285785554,0.18604622639020757
85,Pspline-Adam,0.3,23100,5,0.165228128433228,0.490724710339998,0.5001276578422038,0.18171463099542298,0.26871757656417705,0.179560389632735,0.1736052477321281,0.07315881164658532,0.18623585146045177
85,Pspline-Adam,0.3,23200,5,0.161937952041626,0.49078282205856844,0.519531783820329,0.11807615875191387,0.2638113040980677,0.18093126306271878,0.17502096341432488,0.07279444726719414,0.18635515769905847
85,Pspline-Adam,0.3,23300,5,0.168134689331055,0.5362733972318021,0.5501773757405679,0.10873155797910163,0.23316211300355233,0.1824794285634582,0.17660521105469176,0.07247468064070886,0.18663909113796273
85,Pspline-Adam,0.3,23400,5,0.163903474807739,0.5474039751725901,0.5815216529266655,0.13366426933757367,0.2829073853144883,0.18410134744162013,0.17831553069450318,0.07218012557540543,0.1869372948426275
85,Pspline-Adam,0.3,23500,5,0.163360595703125,0.5523384386788588,0.550448805076473,0.14971293377128012,0.34233451807835,0.18573077732199403,0.17998982164352742,0.07191175910169506,0.18756889486468817
85,Pspline-Adam,0.3,23600,5,0.170276880264282,0.5220493654873355,0.5264687946267881,0.17758863318405202,0.3031793153212946,0.187280650247586,0.18160779971767668,0.07157829144139767,0.18814969971103113
85,Pspline-Adam,0.3,23700,5,0.16343355178833,0.5194870332759227,0.5280994702641649,0.17856592810628402,0.29528867781029094,0.18883740414393893,0.18324191903811918,0.07122910039047124,0.18845747451235131
85,Pspline-Adam,0.3,23800,5,0.166656732559204,0.5289005276071754,0.5462597067676174,0.10851741089745326,0.2907536617054233,0.19037328834376469,0.18481816253688418,0.07096819190369599,0.1886727523143437
85,Pspline-Adam,0.3,23900,5,0.166646480560303,0.5030354564234014,0.5051866864785718,0.11539238571737866,0.2548436437751154,0.19181824930127112,0.1863563549806472,0.07069943807403999,0.1887225617287626
85,Pspline-Adam,0.3,24000,5,0.166281461715698,0.5390123535531874,0.5144839937304555,0.18121640711984113,0.23528881948985328,0.1933005311515771,0.18782849065625196,0.0705913705167017,0.18885610290905874
85,Pspline-Adam,0.3,24100,5,0.16706371307373,0.535488433903645,0.5467793104878939,0.20363019960733367,0.21398087150155154,0.19487138654630043,0.1893020315316588,0.07050074677291014,0.1888060929069267
85,Pspline-Adam,0.3,24200,5,0.164006233215332,0.5525112397826277,0.5607168072159687,0.12526655932625963,0.2705527502800256,0.19650264229106182,0.19090835183038954,0.07039920596958225,0.18877963408064266
85,Pspline-Adam,0.3,24300,5,0.166776418685913,0.5683003226291722,0.5778808648924852,0.11894621107375795,0.2225741676907704,0.19817670464197917,0.19259237273348864,0.0702109597026695,0.1886781789255254
85,Pspline-Adam,0.3,24400,5,0.166659116744995,0.5911401608794338,0.5881731469578032,0.14184092388612207,0.24655597500204962,0.19990556342939042,0.1943061027804965,0.07012303056222707,0.18857598499070194
85,Pspline-Adam,0.3,24500,5,0.163151502609253,0.5662951081078477,0.5805307554475422,0.15627578265944558,0.2596807499681916,0.20155501348218355,0.1960000470193708,0.07000022779972218,0.18843438903329857
85,Pspline-Adam,0.3,24600,5,0.169870376586914,0.5652164365741759,0.5804183888446043,0.25987224793717273,0.1927047766624665,0.2032350576755537,0.19769713627352972,0.06989223432434377,0.1882343422074169
85,Pspline-Adam,0.3,24700,5,0.163415908813477,0.5859414782610411,0.5692426234366427,0.1457246982350473,0.1510014329333833,0.20492766153957784,0.19929963519340296,0.06977031266927076,0.1879138259317971
85,Pspline-Adam,0.3,24800,5,0.175813674926758,0.565230898547389,0.5721502304415524,0.14809485201109854,0.17026528913920802,0.2065379391143289,0.20086587111336004,0.06962741860844956,0.1873637147436101
85,Pspline-Adam,0.3,24900,5,0.166961908340454,0.5373047206243209,0.5465060450725806,0.16919917232708379,0.18195933673131928,0.20804385023692656,0.20237891120473384,0.06949005406982932,0.1870640482159466
85,Pspline-Adam,0.3,25000,5,0.163516759872437,0.52671197184602625,0.5306831550127025,0.1652249506449054,0.22367188545499178,0.20951081964461166,0.20378671956106498,0.06941215450476483,0.1868317203992773
85,Batch-SOAP,NA,5000,5000,1672.12463927269,0.06709198092067911,0.278821208980805,0.2643671899227608,0.2948819816273941,0.06709198092067911,0.278821208980805,0.2643671899227608,0.2948819816273941
