noise,seed,Method,StepSize,N,Ninit,initMethod,npc,nBatch,Time,RMSEphi1,RMSEphi2,RMSEphi3,RMSEphi1.avg,RMSEphi2.avg,RMSEphi3.avg,tau
0.1,74,OnlineFPCA-sgd,0.1,0,100,face,3,5,1.03249049186707,0.012297657638345288,1.4409939162989116,1.433691464556899,0.012297657638345288,1.4409939162989116,1.433691464556899,1.0000000000000004e-6
0.1,74,OnlineFPCA-sgd,0.1,100,100,face,3,5,0.602776765823364,0.7316509654429244,1.4531671081119633,1.4477612230734678,NA,NA,NA,1.0000000000000004e-6
0.1,74,OnlineFPCA-sgd,0.1,200,100,face,3,5,0.441161155700684,1.0120146117220201,1.4653511862257134,1.1914387803304614,NA,NA,NA,1.0000000000000004e-6
0.1,74,OnlineFPCA-sgd,0.1,300,100,face,3,5,0.43615460395813,0.369813853123294,1.4608869771711877,1.313209812004817,NA,NA,NA,3.7960228760861557e-6
0.1,74,OnlineFPCA-sgd,0.1,400,100,face,3,5,0.463499784469604,0.6754640741206868,0.6237494204081371,1.2698002306698835,NA,NA,NA,1.1297705456038206e-5
0.1,74,OnlineFPCA-sgd,0.1,500,100,face,3,5,0.437505483627319,0.5667904571544029,0.5471737543280529,1.3462056767395059,NA,NA,NA,1.1297705456038206e-5
0.1,74,OnlineFPCA-sgd,0.1,600,100,face,3,5,0.405489921569824,0.5225913503205281,0.5426694883593022,1.346028743913447,NA,NA,NA,2.5680824841497555e-5
0.1,74,OnlineFPCA-sgd,0.1,700,100,face,3,5,0.399099588394165,0.5072499826427332,0.5106486156745094,1.3757493545909247,NA,NA,NA,5.3672278631260605e-5
0.1,74,OnlineFPCA-sgd,0.1,800,100,face,3,5,0.406086683273315,0.45419790107708163,0.5100922454079648,1.3769885489933054,NA,NA,NA,1.0503229214495282e-4
0.1,74,OnlineFPCA-sgd,0.1,900,100,face,3,5,0.405188798904419,0.39602368509093183,0.5097902271458896,1.3778972825923355,NA,NA,NA,1.949038192929726e-4
0.1,74,OnlineFPCA-sgd,0.1,1000,100,face,3,5,0.40767502784729,0.34397700351048993,0.5081158733209921,1.379009051757377,NA,NA,NA,1.0975202958719587e-4
0.1,74,OnlineFPCA-sgd,0.1,1100,100,face,3,5,0.588469505310059,0.18200349168341626,0.37405874064791317,1.3489800596255361,0.08991998571525392,0.4366831784812182,1.368386840782354,6.41359606412213e-5
0.1,74,OnlineFPCA-sgd,0.1,1200,100,face,3,5,0.574656963348389,0.25993331550386656,0.35272944994510336,1.4057659633140447,0.10107235921991452,0.42779519040407243,1.3979153795276034,3.868806699392643e-5
0.1,74,OnlineFPCA-sgd,0.1,1300,100,face,3,5,0.579032182693481,0.24019982954707056,0.39616565035952106,1.2468795448146892,0.12046710712285791,0.37904321194559404,1.4294002328697237,2.3989111419579238e-5
0.1,74,OnlineFPCA-sgd,0.1,1400,100,face,3,5,0.585811853408813,0.0983082017519136,0.3317316013290768,1.1312276513198953,0.11530682026470651,0.336173824559075,1.3694141801074007,3.776453166932171e-5
0.1,74,OnlineFPCA-sgd,0.1,1500,100,face,3,5,0.596367835998535,0.2264357482926612,0.3322844445879983,1.154266057001525,0.088101447623111,0.31566598112990496,1.3177625961687278,5.819192424015106e-5
0.1,74,OnlineFPCA-sgd,0.1,1600,100,face,3,5,0.5749831199646,0.22393795019404678,0.4278237800343042,1.0950062873805002,0.08070922583472416,0.30945494986888034,1.285335257019543,5.819192424015106e-5
0.1,74,OnlineFPCA-sgd,0.1,1700,100,face,3,5,0.571984529495239,0.1968611835096678,0.45096808325787985,1.0356573590691516,0.07820167300941193,0.3087352171246429,1.2575969979373707,5.819192424015106e-5
0.1,74,OnlineFPCA-sgd,0.1,1800,100,face,3,5,0.567172288894653,0.15850757844023677,0.31737769750677447,1.0571018671616126,0.07455987074708831,0.30585827711781916,1.2310564309189413,5.819192424015106e-5
0.1,74,OnlineFPCA-sgd,0.1,1900,100,face,3,5,0.577392578125,0.3205203694653505,0.2831254686696273,1.0148414535565524,0.08087293487170301,0.30177892112246574,1.2094938315164319,4.033866936371595e-5
0.1,74,OnlineFPCA-sgd,0.1,2000,100,face,3,5,0.582501411437988,0.13013805320157215,0.2210567098381299,0.9658100816661416,0.07979361062475306,0.29758163201289123,1.1897656246096686,2.8326509665614565e-5
0.1,74,OnlineFPCA-sgd,0.1,2100,100,face,3,5,0.572563171386719,0.3898922838816869,0.29315468082748397,0.9727010604496619,0.07638288988725082,0.283797808563424,1.1722746075488317,2.0128875258267967e-5
0.1,74,OnlineFPCA-sgd,0.1,2200,100,face,3,5,0.567887306213379,0.2696373468892589,0.2733851046600837,0.8510106414206846,0.07391119614924273,0.26705772155591423,1.1477261094429665,1.4461048024633459e-5
0.1,74,OnlineFPCA-sgd,0.1,2300,100,face,3,5,0.558742523193359,0.2497675240637645,0.15756191632744124,0.7067043996142329,0.06538131794534455,0.25664674879226107,1.118019723979671,1.4461048024633459e-5
0.1,74,OnlineFPCA-sgd,0.1,2400,100,face,3,5,0.562439441680908,0.18870029187865517,0.29628226795578505,0.548634472009795,0.06088375262611169,0.25155780041897374,1.0804454639057302,1.0594160366334992e-5
0.1,74,OnlineFPCA-sgd,0.1,2500,100,face,3,5,0.574672222137451,0.1759210758959183,0.21155286385743066,0.45969279141811425,0.06468921130857347,0.24447434409830773,1.0387255042802963,1.0594160366334992e-5
0.1,74,OnlineFPCA-sgd,0.1,2600,100,face,3,5,0.56074047088623,0.11112134765929045,0.19121193747812779,0.32112939833370924,0.06084645342114759,0.24181914533195167,0.9926757910020118,5.882022416433502e-6
0.1,74,OnlineFPCA-sgd,0.1,2700,100,face,3,5,0.593756198883057,0.25285627787798814,0.13758176707514802,0.30064009503173894,0.056508196765255134,0.23246926065496426,0.9398083997013922,4.416599310305184e-6
0.1,74,OnlineFPCA-sgd,0.1,2800,100,face,3,5,0.755349397659302,0.14036897867814524,0.10713825840262568,0.3001275198243101,0.05406838258747986,0.22151255983892484,0.894814148939609,4.416599310305184e-6
0.1,74,OnlineFPCA-sgd,0.1,2900,100,face,3,5,0.563696384429932,0.25314520829895815,0.19587408401396605,0.26626588261625667,0.05444904451683545,0.210802091885095,0.8450450259072367,4.416599310305184e-6
0.1,74,OnlineFPCA-sgd,0.1,3000,100,face,3,5,0.567608118057251,0.13051671418138344,0.18427183321272195,0.1736801052569168,0.05550533668368065,0.20095375175130584,0.7881404912009288,2.5936143919390193e-6
0.1,74,OnlineFPCA-sgd,0.1,3100,100,face,3,5,0.566322088241577,0.2533693814923261,0.19735120282391802,0.11422547941817744,0.05352862571481473,0.19463703831016266,0.7490336357376017,2.5936143919390193e-6
0.1,74,OnlineFPCA-sgd,0.1,3200,100,face,3,5,0.572261571884155,0.17598399983174784,0.11381328694710628,0.33846131617272773,0.051914321092038605,0.18906318587205073,0.705205571120517,1.5593174473734805e-6
0.1,74,OnlineFPCA-sgd,0.1,3300,100,face,3,5,0.568387031555176,0.12527238408501812,0.14333366050853416,0.43454086446146684,0.049279708971003075,0.18056779732903983,0.6601304458174072,9.477035784833495e-7
0.1,74,OnlineFPCA-sgd,0.1,3400,100,face,3,5,0.571286678314209,0.11655960683973561,0.15257947078475143,0.23925368102783698,0.047003825550707715,0.17050567357797955,0.6231691664576535,5.819462230530982e-7
0.1,74,OnlineFPCA-sgd,0.1,3500,100,face,3,5,0.575032711029053,0.14254799250234151,0.12550343185107726,0.2635815665575033,0.044439612853208944,0.16331706704528398,0.6008106379220357,5.819462230530982e-7
0.1,74,OnlineFPCA-sgd,0.1,3600,100,face,3,5,0.575879573822021,0.3186192949291218,0.14320190486281317,0.35235604883887683,0.04511025177574841,0.1585439923726419,0.581496143774677,5.819462230530982e-7
0.1,74,OnlineFPCA-sgd,0.1,3700,100,face,3,5,0.570077419281006,0.22866910497799153,0.15086189014044346,0.21670485189035948,0.04354551720979893,0.1527724162318669,0.5635626607771242,3.675067047567216e-7
0.1,74,OnlineFPCA-sgd,0.1,3800,100,face,3,5,0.568690776824951,0.23076337027271582,0.12158521910408805,0.17184581613484778,0.04143337300719199,0.14774247491543926,0.5433349062198966,2.3406664426378512e-7
0.1,74,OnlineFPCA-sgd,0.1,3900,100,face,3,5,0.575006008148193,0.18034491453580878,0.13018638967101973,0.2357431938973643,0.04119033991010308,0.14430232567027348,0.5229864719420164,1.8756068354057215e-7
0.1,74,OnlineFPCA-sgd,0.1,4000,100,face,3,5,0.57022762298584,0.04017593701298265,0.13945522363394838,0.5031370554939537,0.04017593701298265,0.13945522363394838,0.5031370554939537,1.8756068354057215e-7
0.1,74,OnlineFPCA-sgd,0.1,4100,100,face,3,5,0.558549642562866,0.20754794869467524,0.18579616080491201,0.4426222333314815,0.0846614847922322,0.15177600044788994,0.43694232482837186,1.8756068354057215e-7
0.1,74,OnlineFPCA-sgd,0.1,4200,100,face,3,5,0.569277048110962,0.24475879288765406,0.1790578689263062,0.4051563262650161,0.08795540636005876,0.10245087515783508,0.39770776987841866,1.8756068354057215e-7
0.1,74,OnlineFPCA-sgd,0.1,4300,100,face,3,5,0.57520055770874,0.18330523765194887,0.13895999861352645,0.3480566625857104,0.06809620154584578,0.08326659365903993,0.3960126508115495,1.8756068354057215e-7
0.1,74,OnlineFPCA-sgd,0.1,4400,100,face,3,5,0.59364914894104,0.1772359594492049,0.08991667010392478,0.20564662064542016,0.06519777734219077,0.10041581224640707,0.3523570555555379,1.8756068354057215e-7
0.1,74,OnlineFPCA-sgd,0.1,4500,100,face,3,5,0.577518939971924,0.1962612748636064,0.15103606989444301,0.16885984465835183,0.05925636614250557,0.0867769934801632,0.3023149520423313,1.8756068354057215e-7
0.1,74,OnlineFPCA-sgd,0.1,4600,100,face,3,5,0.579160451889038,0.364186117609594,0.14913501829596099,0.3602324360880999,0.05273343936561992,0.07354972110909598,0.2758035814922463,1.53972110099865e-7
0.1,74,OnlineFPCA-sgd,0.1,4700,100,face,3,5,0.579917430877686,0.23733181485291563,0.10573131485229213,0.3428295673203304,0.046479968107917276,0.0672411923792952,0.2580209187376254,1.53972110099865e-7
0.1,74,OnlineFPCA-sgd,0.1,4800,100,face,3,5,0.57416820526123,0.18047820180001578,0.08747374741016709,0.23867463388546586,0.04567216622933565,0.06417635903191697,0.24838149375582771,1.53972110099865e-7
0.1,74,OnlineFPCA-sgd,0.1,4900,100,face,3,5,0.571318864822388,0.1363657299456686,0.17094833310209728,0.30814537037090084,0.046352994140172445,0.06578333090260417,0.24382505374007882,1.2748227951577203e-7
0.1,74,OnlineFPCA-sgd,0.1,5000,100,face,3,5,0.573193788528442,0.22360630380164845,0.22543922029853158,0.16001947287797566,0.045078286529702125,0.06680220731802954,0.22845004462674076,1.2748227951577203e-7
0.1,74,OnlineFPCA-sgd,0.1,5100,100,face,3,5,0.119076490402222,0.18396095183603858,0.11725582528221445,0.2948707293224387,0.04254925271759462,0.06671237632520928,0.21907013607383888,NA
0.1,74,OnlineFPCA-sgd,0.1,5200,100,face,3,5,0.125720500946045,0.1011381117757335,0.20436683712986023,0.3279338317632203,0.05379706627601985,0.069058680564339,0.22776389044480544,NA
0.1,74,OnlineFPCA-sgd,0.1,5300,100,face,3,5,0.118280410766602,0.10043441910198507,0.2506459652104201,0.24911207421902862,0.05338160126578188,0.06858656309005622,0.22814553486620667,NA
0.1,74,OnlineFPCA-sgd,0.1,5400,100,face,3,5,0.119512319564819,0.07704350473367241,0.08894825490774448,0.418584938371305,0.04809226116715933,0.0689991491438057,0.2318765968716938,NA
0.1,74,OnlineFPCA-sgd,0.1,5500,100,face,3,5,0.119170665740967,0.10342681731709161,0.10606864232275286,0.32235563450385735,0.0447793152045476,0.06798203557022188,0.23597967462134173,NA
0.1,74,OnlineFPCA-sgd,0.1,5600,100,face,3,5,0.118062496185303,0.21753044487439208,0.18771625202412007,0.2771523137607171,0.04625965369031479,0.06896999631043889,0.23791886067285675,NA
0.1,74,OnlineFPCA-sgd,0.1,5700,100,face,3,5,0.119580745697021,0.10890233971508385,0.08637639533873116,0.2625343545296996,0.04482242916484093,0.07012042431749747,0.23887367181666966,NA
0.1,74,OnlineFPCA-sgd,0.1,5800,100,face,3,5,0.11554217338562,0.14627651045694479,0.1848515018228329,0.2453796479193491,0.04056737426175997,0.07061850126338423,0.2386865210426547,NA
0.1,74,OnlineFPCA-sgd,0.1,5900,100,face,3,5,0.127496004104614,0.1519529471511038,0.1465813574016039,0.243218340866132,0.035867556627687654,0.06950554562935093,0.23450064239774338,NA
0.1,74,OnlineFPCA-sgd,0.1,6000,100,face,3,5,0.116193771362305,0.15969939866124763,0.1982551167735537,0.19150802737439346,0.03336351208371238,0.06681003588856617,0.22635531316959903,NA
0.1,74,OnlineFPCA-sgd,0.1,6100,100,face,3,5,0.118080377578735,0.06990736388150401,0.3124843799565839,0.22675175913127718,0.031951228665922,0.0635479179315102,0.2201407130959456,NA
0.1,74,OnlineFPCA-sgd,0.1,6200,100,face,3,5,0.117801427841187,0.1238558322171116,0.1764161680787825,0.29334894904451414,0.028595548453280363,0.06532977379242919,0.22156926136596464,NA
0.1,74,OnlineFPCA-sgd,0.1,6300,100,face,3,5,0.118449687957764,0.1415178176371076,0.21097987416674124,0.26368052948417,0.027451291300169323,0.0691120362941865,0.2225121454739119,NA
0.1,74,OnlineFPCA-sgd,0.1,6400,100,face,3,5,0.121541738510132,0.19573346656079557,0.1625546464833363,0.28053855411859474,0.03246285935010103,0.069713023598857,0.2218495313976098,NA
0.1,74,OnlineFPCA-sgd,0.1,6500,100,face,3,5,0.120047569274902,0.16825309458758922,0.20849971266940168,0.21809901593692127,0.034132331676282886,0.07089556331869078,0.22009884518517506,NA
0.1,74,OnlineFPCA-sgd,0.1,6600,100,face,3,5,0.119099855422974,0.07523559949386487,0.3014242923880812,0.2496566076495886,0.032646374054280405,0.07521027472347516,0.2193061165927757,NA
0.1,74,OnlineFPCA-sgd,0.1,6700,100,face,3,5,0.117467164993286,0.23075469754878764,0.31844292178877,0.36245321887836074,0.03415200432120783,0.07864486301271387,0.2173297289551479,NA
0.1,74,OnlineFPCA-sgd,0.1,6800,100,face,3,5,0.117767095565796,0.20340212904819407,0.23913440774258934,0.3110880446723518,0.03139297051227913,0.07953100031493168,0.2183474902360453,NA
0.1,74,OnlineFPCA-sgd,0.1,6900,100,face,3,5,0.113280534744263,0.2992439198902354,0.21892869394750772,0.24658939770651117,0.03232376597556807,0.08047916517508083,0.2178596217661055,NA
0.1,74,OnlineFPCA-sgd,0.1,7000,100,face,3,5,0.117126941680908,0.12717585605536572,0.1585882167425418,0.17606797738813068,0.034178033779939235,0.08189717257912903,0.21694428606847424,NA
0.1,74,OnlineFPCA-sgd,0.1,7100,100,face,3,5,0.11864972114563,0.26229140578375715,0.15641103865542902,0.2738846650669627,0.03352162249317118,0.07961542204193289,0.2153558679664964,NA
0.1,74,OnlineFPCA-sgd,0.1,7200,100,face,3,5,0.119999885559082,0.15430906690700713,0.29288621011976684,0.24201018517540754,0.033683669999384054,0.0721465690459259,0.21536788260422463,NA
0.1,74,OnlineFPCA-sgd,0.1,7300,100,face,3,5,0.130527019500732,0.18363059876422094,0.08445122217252299,0.27632190298950426,0.029768072084158284,0.06771975019372237,0.216185081875007,NA
0.1,74,OnlineFPCA-sgd,0.1,7400,100,face,3,5,0.118545770645142,0.18576544253462454,0.17298125522011124,0.26209888760929523,0.029606634332615466,0.06610792266879335,0.21650257808672063,NA
0.1,74,OnlineFPCA-sgd,0.1,7500,100,face,3,5,0.117508411407471,0.1267726785310073,0.16789693603633957,0.2862085683204494,0.03113721799840151,0.06423209131325132,0.21699622222243187,NA
0.1,74,OnlineFPCA-sgd,0.1,7600,100,face,3,5,0.118776321411133,0.1011652103614024,0.14314664340049216,0.2431899977736231,0.03118143707796036,0.06527966727870636,0.21678478452806194,NA
0.1,74,OnlineFPCA-sgd,0.1,7700,100,face,3,5,0.118805646896362,0.17612329390256137,0.19070420513014125,0.3223227243041013,0.030474394361499953,0.06325122405992567,0.2165817908544602,NA
0.1,74,OnlineFPCA-sgd,0.1,7800,100,face,3,5,0.115066289901733,0.13432487839036805,0.09415107936761656,0.2439291402822981,0.03098559673506976,0.06071657741934878,0.21804478625370724,NA
0.1,74,OnlineFPCA-sgd,0.1,7900,100,face,3,5,0.118155956268311,0.11013046406992953,0.2031982479742378,0.24284401773481676,0.03184082720159247,0.05911788832506788,0.21674831461708502,NA
0.1,74,OnlineFPCA-sgd,0.1,8000,100,face,3,5,0.119248151779175,0.13706405950728576,0.1946193299287247,0.20232168805458917,0.031034541347535718,0.05768540627952404,0.21597731628298258,NA
0.1,74,OnlineFPCA-sgd,0.1,8100,100,face,3,5,0.118861198425293,0.20551057146034518,0.1812886006829184,0.1288363880648266,0.029090455641872095,0.055447315845303935,0.21409032428835478,NA
0.1,74,OnlineFPCA-sgd,0.1,8200,100,face,3,5,0.118897199630737,0.13640530788642902,0.14909843182734617,0.35098306869227375,0.028521326633349997,0.05160019487909096,0.21241144423322056,NA
0.1,74,OnlineFPCA-sgd,0.1,8300,100,face,3,5,0.118436098098755,0.08757474740608988,0.1017227072470459,0.42288023349810233,0.02805734015505089,0.049975514845600255,0.21330446723160845,NA
0.1,74,OnlineFPCA-sgd,0.1,8400,100,face,3,5,0.119376659393311,0.08036136844297649,0.1272422191787462,0.24794746686950633,0.026685803658182523,0.048384411178564776,0.21387784419779332,NA
0.1,74,OnlineFPCA-sgd,0.1,8500,100,face,3,5,0.119701623916626,0.13147868841607785,0.10206662999623371,0.2359124344340167,0.025612597151946845,0.04635695951354624,0.21273853749941707,NA
0.1,74,OnlineFPCA-sgd,0.1,8600,100,face,3,5,0.119298458099365,0.20386955916302704,0.13074208527938336,0.27263400084140427,0.025520289695809894,0.04545958349136176,0.21276233142128023,NA
0.1,74,OnlineFPCA-sgd,0.1,8700,100,face,3,5,0.115544080734253,0.14939379437790004,0.11944410564571029,0.17819316701797966,0.024354524579457606,0.044136949422947706,0.21229554546375431,NA
0.1,74,OnlineFPCA-sgd,0.1,8800,100,face,3,5,0.11755633354187,0.21012343311432205,0.10604350985279165,0.13274293482235835,0.02434916908302814,0.043064182473279033,0.2106770859457848,NA
0.1,74,OnlineFPCA-sgd,0.1,8900,100,face,3,5,0.117518663406372,0.14832120978748348,0.11873309940586875,0.1904584066530462,0.025354937474443565,0.043634843314525974,0.20906335610533297,NA
0.1,74,OnlineFPCA-sgd,0.1,9000,100,face,3,5,0.117705583572388,0.1258962386010819,0.1564347300195583,0.26398147203331906,0.025105696076517053,0.04416328817317254,0.2089620339814054,NA
0.1,74,OnlineFPCA-sgd,0.1,9100,100,face,3,5,0.118001699447632,0.21511859398288494,0.15162324043191364,0.3198995180930829,0.025166351211240955,0.04330869081239112,0.21018202612394887,NA
0.1,74,OnlineFPCA-sgd,0.1,9200,100,face,3,5,0.121962547302246,0.18428355210090733,0.15263438557183856,0.2907199467156692,0.025476663102546107,0.041515470195507845,0.210917169214047,NA
0.1,74,OnlineFPCA-sgd,0.1,9300,100,face,3,5,0.119204521179199,0.14355993539809553,0.0841887392545632,0.28595861517118865,0.024936044459039373,0.041661199154672535,0.21222262622684832,NA
0.1,74,OnlineFPCA-sgd,0.1,9400,100,face,3,5,0.119744062423706,0.139536751358295,0.08473912290518411,0.20156469468598143,0.02581681330039568,0.04237050156024822,0.21191185279828756,NA
0.1,74,OnlineFPCA-sgd,0.1,9500,100,face,3,5,0.120552062988281,0.14997668993947502,0.09400846180588356,0.1964163949379702,0.026128992341867645,0.041552830625788975,0.2111491975694016,NA
0.1,74,OnlineFPCA-sgd,0.1,9600,100,face,3,5,0.117295026779175,0.27213412517026797,0.12195176276507516,0.3091136733000862,0.025928169591114693,0.03947463908725473,0.2107375015863942,NA
0.1,74,OnlineFPCA-sgd,0.1,9700,100,face,3,5,0.121627330780029,0.18954392442201226,0.07551448428987703,0.30769064200116425,0.025442181154539372,0.039200338097109495,0.21195112465882823,NA
0.1,74,OnlineFPCA-sgd,0.1,9800,100,face,3,5,0.118599414825439,0.14183862605065886,0.06620438977309706,0.21932812357794892,0.024841431048958855,0.038388114969505054,0.21230860289348802,NA
0.1,74,OnlineFPCA-sgd,0.1,9900,100,face,3,5,0.119160175323486,0.13005256757455647,0.13463585900059333,0.26499489670834536,0.02480200197722391,0.03842147592924303,0.21236105143503536,NA
0.1,74,OnlineFPCA-sgd,0.1,10000,100,face,3,5,0.119813919067383,0.11642890082576803,0.16579586687164646,0.1399547674234795,0.024576815567779374,0.03744638684412118,0.21049551450268264,NA
0.1,74,OnlineFPCA-sgd,0.1,10100,100,face,3,5,0.11815881729126,0.15298515403688587,0.07852485113660058,0.23200551329161467,0.024141684209099484,0.036604860249654675,0.20866525684068973,NA
0.1,74,OnlineFPCA-sgd,0.1,10200,100,face,3,5,0.116277456283569,0.0908155905266874,0.1453314898779695,0.2291269837831102,0.026182848268712113,0.036687988531975246,0.20847345932926806,NA
0.1,74,OnlineFPCA-sgd,0.1,10300,100,face,3,5,0.117729187011719,0.09039874061079829,0.20684581943975683,0.20725821661639512,0.02606572667622893,0.036453353533087145,0.2076689085800879,NA
0.1,74,OnlineFPCA-sgd,0.1,10400,100,face,3,5,0.117576360702515,0.08475081370410789,0.06122008651681111,0.3360313319606719,0.025144691704716275,0.0365124739104155,0.208295280193241,NA
0.1,74,OnlineFPCA-sgd,0.1,10500,100,face,3,5,0.117929220199585,0.1124552241706155,0.08378822701745908,0.2750846852125626,0.024446472073744202,0.03607805749774563,0.2091516185850863,NA
0.1,74,OnlineFPCA-sgd,0.1,10600,100,face,3,5,0.11482048034668,0.19456959487226802,0.14929409800481722,0.2408080994008697,0.02444098857346589,0.0365565535929546,0.20966957493762878,NA
0.1,74,OnlineFPCA-sgd,0.1,10700,100,face,3,5,0.118732690811157,0.10271954711556615,0.07440007489853337,0.23600703138254545,0.023737662409568174,0.0363022364403482,0.20997608284875113,NA
0.1,74,OnlineFPCA-sgd,0.1,10800,100,face,3,5,0.118442296981812,0.12999171360353312,0.15479174515903327,0.22265226915896305,0.02241903542103872,0.03674219277564007,0.21006021050991375,NA
0.1,74,OnlineFPCA-sgd,0.1,10900,100,face,3,5,0.119735479354858,0.12303673173103732,0.10108012505289676,0.1962257507008233,0.02204396937138877,0.03727829128137203,0.20928016326812213,NA
0.1,74,OnlineFPCA-sgd,0.1,11000,100,face,3,5,0.123507499694824,0.11657602059074373,0.16293185296613386,0.14252956275216383,0.022316600125067268,0.03693486993784703,0.2073335671860079,NA
0.1,74,OnlineFPCA-sgd,0.1,11100,100,face,3,5,0.121511220932007,0.07426515190987157,0.23995832436561276,0.19651557819698554,0.022333795725425397,0.036698578481156006,0.20553040830135091,NA
0.1,74,OnlineFPCA-sgd,0.1,11200,100,face,3,5,0.121065139770508,0.1167862932116885,0.14978157776582343,0.2555290843076629,0.021449862003633257,0.03774913357111295,0.20549412341477413,NA
0.1,74,OnlineFPCA-sgd,0.1,11300,100,face,3,5,0.120211124420166,0.13822923986421254,0.17367476919864025,0.24282762947914124,0.021463086802765135,0.03944399241152566,0.20539441820594573,NA
0.1,74,OnlineFPCA-sgd,0.1,11400,100,face,3,5,0.121186017990112,0.17867697434465113,0.1377877622528931,0.2576015632840368,0.02275133121202649,0.03902659464981111,0.2051541861147874,NA
0.1,74,OnlineFPCA-sgd,0.1,11500,100,face,3,5,0.11908221244812,0.15162275060570188,0.18907202981375235,0.22601245016762034,0.023177618374728346,0.03942650850495195,0.20470287551517727,NA
0.1,74,OnlineFPCA-sgd,0.1,11600,100,face,3,5,0.12111234664917,0.0720846781312564,0.27797546100930276,0.23820291667770468,0.022931915236850235,0.04155193077880379,0.20477663869455912,NA
0.1,74,OnlineFPCA-sgd,0.1,11700,100,face,3,5,0.120835065841675,0.16514063172052132,0.23334585916898545,0.3008961140422498,0.023407829277416588,0.043135258141172035,0.20457388112947292,NA
0.1,74,OnlineFPCA-sgd,0.1,11800,100,face,3,5,0.117053508758545,0.14515468706143833,0.19332541290129332,0.285331974806951,0.023059209442916333,0.04409392766758256,0.20479802028595528,NA
0.1,74,OnlineFPCA-sgd,0.1,11900,100,face,3,5,0.11799955368042,0.25145009760814313,0.17349485486282984,0.23708781479279256,0.023673444651783542,0.044861498787346174,0.20463708417492818,NA
0.1,74,OnlineFPCA-sgd,0.1,12000,100,face,3,5,0.117701292037964,0.11604698788047027,0.14804282092512652,0.1781479414366552,0.02469358319432928,0.0457494234097579,0.20429050442886312,NA
0.1,74,OnlineFPCA-sgd,0.1,12100,100,face,3,5,0.115763425827026,0.21570467417382083,0.13204784829640132,0.22960860796182234,0.02471950544794843,0.04561723937907223,0.20378259848792726,NA
0.1,74,OnlineFPCA-sgd,0.1,12200,100,face,3,5,0.13164210319519,0.13569636159231033,0.24430147851171594,0.20102033589484725,0.02502908944936438,0.04365824747260661,0.20353629842542056,NA
0.1,74,OnlineFPCA-sgd,0.1,12300,100,face,3,5,0.119458198547363,0.1715770988628502,0.09509516695317445,0.2378626997715026,0.023799972123180385,0.04242246918296796,0.20356238391731948,NA
0.1,74,OnlineFPCA-sgd,0.1,12400,100,face,3,5,0.117039442062378,0.16082036692791954,0.14121625288973597,0.23570087929554656,0.023874553472420717,0.04212255210620779,0.20356720387979868,NA
0.1,74,OnlineFPCA-sgd,0.1,12500,100,face,3,5,0.116416692733765,0.12051345105949773,0.14953763259370978,0.2528955897212455,0.024301720264047682,0.04183898192762675,0.203608612294541,NA
0.1,74,OnlineFPCA-sgd,0.1,12600,100,face,3,5,0.117856502532959,0.09055347380401858,0.14301813555922716,0.22014001665477861,0.024385847986890172,0.042647917446832564,0.2034372618975009,NA
0.1,74,OnlineFPCA-sgd,0.1,12700,100,face,3,5,0.116109371185303,0.15020910791516592,0.15870107632634536,0.29343299091121106,0.024254422301433508,0.0427085089272415,0.20340146259982606,NA
0.1,74,OnlineFPCA-sgd,0.1,12800,100,face,3,5,0.117425441741943,0.12473927640101531,0.08477546065014835,0.22153738101304224,0.024496742316339096,0.04231209833721936,0.2039964819212941,NA
0.1,74,OnlineFPCA-sgd,0.1,12900,100,face,3,5,0.117033004760742,0.07920608403263144,0.17108317988618474,0.22675571576760525,0.024938374720651697,0.042181421082921895,0.20366144161998662,NA
0.1,74,OnlineFPCA-sgd,0.1,13000,100,face,3,5,0.118563652038574,0.1253939508444374,0.17662372664360668,0.1950202248472348,0.024588386271432706,0.041972171894004866,0.20348825705910875,NA
0.1,74,OnlineFPCA-sgd,0.1,13100,100,face,3,5,0.118985414505005,0.16551733147667616,0.1659021148578187,0.1294136355774187,0.02388124321203763,0.04121517024670861,0.20281057503549307,NA
0.1,74,OnlineFPCA-sgd,0.1,13200,100,face,3,5,0.118829011917114,0.10701326164758232,0.1494528876499143,0.3052376746357945,0.02357590191088572,0.03951917745092894,0.2022885843744312,NA
0.1,74,OnlineFPCA-sgd,0.1,13300,100,face,3,5,0.114740610122681,0.0856966241786515,0.08124614324003304,0.3842710811493939,0.023492730149175474,0.0389326377365068,0.2028100089118827,NA
0.1,74,OnlineFPCA-sgd,0.1,13400,100,face,3,5,0.122591018676758,0.07216751895423373,0.11605405892054069,0.2445336538121721,0.02302065282389775,0.03838374790452525,0.20316931131043928,NA
0.1,74,OnlineFPCA-sgd,0.1,13500,100,face,3,5,0.116631507873535,0.12978015280517163,0.09052341773916824,0.22261801661950276,0.02265280681945465,0.037591185504906394,0.20275819735965633,NA
0.1,74,OnlineFPCA-sgd,0.1,13600,100,face,3,5,0.116482973098755,0.16141408930333426,0.1187550955936801,0.24364758804740175,0.02263572730081328,0.03724501682836988,0.20267270146300995,NA
0.1,74,OnlineFPCA-sgd,0.1,13700,100,face,3,5,0.119593143463135,0.13220435847488896,0.10709229463923794,0.16321813063991703,0.022082944366017838,0.03661878468665589,0.20233817231218146,NA
0.1,74,OnlineFPCA-sgd,0.1,13800,100,face,3,5,0.117162466049194,0.19859780039342442,0.09554520629278908,0.13615890280066512,0.022122558077337432,0.0361219759339193,0.20161918577204344,NA
0.1,74,OnlineFPCA-sgd,0.1,13900,100,face,3,5,0.11755633354187,0.12459260267840183,0.10819490456816287,0.17977767146767273,0.022673790436998933,0.03645937295822877,0.20087428671138294,NA
0.1,74,OnlineFPCA-sgd,0.1,14000,100,face,3,5,0.11757230758667,0.09692319947978245,0.14584863417610425,0.22097103112360936,0.022693943560667392,0.03689242862371149,0.20072391248561322,NA
0.1,74,OnlineFPCA-sgd,0.1,14100,100,face,3,5,0.275505065917969,0.17901715304611882,0.1432763130973584,0.28163857036864226,0.022811209451398834,0.03663892671421442,0.2010940054268179,NA
0.1,74,OnlineFPCA-sgd,0.1,14200,100,face,3,5,0.113493680953979,0.15502081308243426,0.1397556389019298,0.2640623696612887,0.022968399139813498,0.035878700621393214,0.20135320936678866,NA
0.1,74,OnlineFPCA-sgd,0.1,14300,100,face,3,5,0.119008779525757,0.12179683411854472,0.07382888897750595,0.2700099453877089,0.02279087628459373,0.03609813729656585,0.20189184767806637,NA
0.1,74,OnlineFPCA-sgd,0.1,14400,100,face,3,5,0.114155054092407,0.12124293122634694,0.08660385230021528,0.20514892128519727,0.023260678564613807,0.03656288762867324,0.20183442332870807,NA
0.1,74,OnlineFPCA-sgd,0.1,14500,100,face,3,5,0.115780591964722,0.1287872594133418,0.0741135582428469,0.20309587596404166,0.023439174342548188,0.03635300670613571,0.20156944523961742,NA
0.1,74,OnlineFPCA-sgd,0.1,14600,100,face,3,5,0.116804122924805,0.2143190934788195,0.10282292520615666,0.2801406619747576,0.023448588875634724,0.03542142052112416,0.20144830814295966,NA
0.1,74,OnlineFPCA-sgd,0.1,14700,100,face,3,5,0.117137432098389,0.1633450460115912,0.06591575780315666,0.28316050559754785,0.023235125845945885,0.0354297059057877,0.20203806290327986,NA
0.1,74,OnlineFPCA-sgd,0.1,14800,100,face,3,5,0.116855382919312,0.11923139332904423,0.05781947546211723,0.21340298403328048,0.022951265766396535,0.035087322517003916,0.2022689090184225,NA
0.1,74,OnlineFPCA-sgd,0.1,14900,100,face,3,5,0.11876106262207,0.1200174609906306,0.11590085153518645,0.2511416227517805,0.022929605710191155,0.03509403015459606,0.20237163262950186,NA
0.1,74,OnlineFPCA-sgd,0.1,15000,100,face,3,5,0.120218753814697,0.07517173992784162,0.1454262158957721,0.13902305073435436,0.022817414104679135,0.03455020749526353,0.2015956886923781,NA
0.1,74,OnlineFPCA-adagrad,0.1,0,100,face,3,5,1.03249049186707,0.012297657638345288,1.4409939162989116,1.433691464556899,0.012297657638345288,1.4409939162989116,1.433691464556899,1.0000000000000004e-6
0.1,74,OnlineFPCA-adagrad,0.1,100,100,face,3,5,0.42860221862793,0.7316509654429244,1.4531671081119633,1.4477612230734678,NA,NA,NA,1.0000000000000004e-6
0.1,74,OnlineFPCA-adagrad,0.1,200,100,face,3,5,0.428480863571167,1.0120146117220201,1.4653511862257134,1.1914387803304614,NA,NA,NA,1.0000000000000004e-6
0.1,74,OnlineFPCA-adagrad,0.1,300,100,face,3,5,0.422276973724365,0.369813853123294,1.4608869771711877,1.313209812004817,NA,NA,NA,3.7960228760861557e-6
0.1,74,OnlineFPCA-adagrad,0.1,400,100,face,3,5,0.421444177627563,0.6754640741206868,0.6237494204081371,1.2698002306698835,NA,NA,NA,1.1297705456038206e-5
0.1,74,OnlineFPCA-adagrad,0.1,500,100,face,3,5,0.417385816574097,0.5667904571544029,0.5471737543280529,1.3462056767395059,NA,NA,NA,1.1297705456038206e-5
0.1,74,OnlineFPCA-adagrad,0.1,600,100,face,3,5,0.418355226516724,0.5225913503205281,0.5426694883593022,1.346028743913447,NA,NA,NA,2.5680824841497555e-5
0.1,74,OnlineFPCA-adagrad,0.1,700,100,face,3,5,0.416881799697876,0.5072499826427332,0.5106486156745094,1.3757493545909247,NA,NA,NA,5.3672278631260605e-5
0.1,74,OnlineFPCA-adagrad,0.1,800,100,face,3,5,0.431499481201172,0.45419790107708163,0.5100922454079648,1.3769885489933054,NA,NA,NA,1.0503229214495282e-4
0.1,74,OnlineFPCA-adagrad,0.1,900,100,face,3,5,0.4213547706604,0.39602368509093183,0.5097902271458896,1.3778972825923355,NA,NA,NA,1.949038192929726e-4
0.1,74,OnlineFPCA-adagrad,0.1,1000,100,face,3,5,0.42594313621521,0.34397700351048993,0.5081158733209921,1.379009051757377,NA,NA,NA,1.0975202958719587e-4
0.1,74,OnlineFPCA-adagrad,0.1,1100,100,face,3,5,0.620269060134888,0.18200349168341626,0.37405874064791317,1.3489800596255361,0.08991998571525392,0.4366831784812182,1.368386840782354,6.41359606412213e-5
0.1,74,OnlineFPCA-adagrad,0.1,1200,100,face,3,5,0.594207048416138,0.25993331550386656,0.35272944994510336,1.4057659633140447,0.10107235921991452,0.42779519040407243,1.3979153795276034,3.868806699392643e-5
0.1,74,OnlineFPCA-adagrad,0.1,1300,100,face,3,5,0.593820810317993,0.24019982954707056,0.39616565035952106,1.2468795448146892,0.12046710712285791,0.37904321194559404,1.4294002328697237,2.3989111419579238e-5
0.1,74,OnlineFPCA-adagrad,0.1,1400,100,face,3,5,0.603963136672974,0.0983082017519136,0.3317316013290768,1.1312276513198953,0.11530682026470651,0.336173824559075,1.3694141801074007,3.776453166932171e-5
0.1,74,OnlineFPCA-adagrad,0.1,1500,100,face,3,5,0.762137174606323,0.2264357482926612,0.3322844445879983,1.154266057001525,0.088101447623111,0.31566598112990496,1.3177625961687278,5.819192424015106e-5
0.1,74,OnlineFPCA-adagrad,0.1,1600,100,face,3,5,0.588229656219482,0.22393795019404678,0.4278237800343042,1.0950062873805002,0.08070922583472416,0.30945494986888034,1.285335257019543,5.819192424015106e-5
0.1,74,OnlineFPCA-adagrad,0.1,1700,100,face,3,5,0.59285306930542,0.1968611835096678,0.45096808325787985,1.0356573590691516,0.07820167300941193,0.3087352171246429,1.2575969979373707,5.819192424015106e-5
0.1,74,OnlineFPCA-adagrad,0.1,1800,100,face,3,5,0.591300487518311,0.15850757844023677,0.31737769750677447,1.0571018671616126,0.07455987074708831,0.30585827711781916,1.2310564309189413,5.819192424015106e-5
0.1,74,OnlineFPCA-adagrad,0.1,1900,100,face,3,5,0.598700761795044,0.3205203694653505,0.2831254686696273,1.0148414535565524,0.08087293487170301,0.30177892112246574,1.2094938315164319,4.033866936371595e-5
0.1,74,OnlineFPCA-adagrad,0.1,2000,100,face,3,5,0.593237161636353,0.13013805320157215,0.2210567098381299,0.9658100816661416,0.07979361062475306,0.29758163201289123,1.1897656246096686,2.8326509665614565e-5
0.1,74,OnlineFPCA-adagrad,0.1,2100,100,face,3,5,0.590214729309082,0.3898922838816869,0.29315468082748397,0.9727010604496619,0.07638288988725082,0.283797808563424,1.1722746075488317,2.0128875258267967e-5
0.1,74,OnlineFPCA-adagrad,0.1,2200,100,face,3,5,0.599255084991455,0.2696373468892589,0.2733851046600837,0.8510106414206846,0.07391119614924273,0.26705772155591423,1.1477261094429665,1.4461048024633459e-5
0.1,74,OnlineFPCA-adagrad,0.1,2300,100,face,3,5,0.608640432357788,0.2497675240637645,0.15756191632744124,0.7067043996142329,0.06538131794534455,0.25664674879226107,1.118019723979671,1.4461048024633459e-5
0.1,74,OnlineFPCA-adagrad,0.1,2400,100,face,3,5,0.594194173812866,0.18870029187865517,0.29628226795578505,0.548634472009795,0.06088375262611169,0.25155780041897374,1.0804454639057302,1.0594160366334992e-5
0.1,74,OnlineFPCA-adagrad,0.1,2500,100,face,3,5,0.577943563461304,0.1759210758959183,0.21155286385743066,0.45969279141811425,0.06468921130857347,0.24447434409830773,1.0387255042802963,1.0594160366334992e-5
0.1,74,OnlineFPCA-adagrad,0.1,2600,100,face,3,5,0.638776779174805,0.06879254109518035,0.20762232513267187,0.22073860284968225,0.06103046624524724,0.24228323958461956,0.9865514661700605,5.882022416433502e-6
0.1,74,OnlineFPCA-adagrad,0.1,2700,100,face,3,5,0.645392179489136,0.12333422034416783,0.1511113474025505,0.43472555894166554,0.05676347829274632,0.2323380849485337,0.9150732616331383,4.416599310305184e-6
0.1,74,OnlineFPCA-adagrad,0.1,2800,100,face,3,5,0.641590356826782,0.10990600651030033,0.1263703480642567,0.21914681026118646,0.05418158208474958,0.22279008022329516,0.8626831668779235,4.416599310305184e-6
0.1,74,OnlineFPCA-adagrad,0.1,2900,100,face,3,5,0.644596338272095,0.06008483294248846,0.22196768235468453,0.39809034945001626,0.052836364778041586,0.21208796500995158,0.7997648898255431,4.416599310305184e-6
0.1,74,OnlineFPCA-adagrad,0.1,3000,100,face,3,5,0.642183065414429,0.11932710766171309,0.3041444829702734,0.17864495602406358,0.051344370951353614,0.19991966169228514,0.7239145473515195,4.416599310305184e-6
0.1,74,OnlineFPCA-adagrad,0.1,3100,100,face,3,5,0.652365446090698,0.08934722638820736,0.19481871522751232,0.11263965365270379,0.05006334254621363,0.19406604728641544,0.6841093433582165,4.416599310305184e-6
0.1,74,OnlineFPCA-adagrad,0.1,3200,100,face,3,5,0.643938541412354,0.09052078906406721,0.15884821239724123,0.40295319838402277,0.04717417386623144,0.18736986105931594,0.6415646122248765,2.6553216175932125e-6
0.1,74,OnlineFPCA-adagrad,0.1,3300,100,face,3,5,0.646706342697144,0.08094777127493881,0.12368339052129743,0.4040116859237951,0.0448719846970646,0.17650237750502837,0.598231713124507,1.6138200744537385e-6
0.1,74,OnlineFPCA-adagrad,0.1,3400,100,face,3,5,0.643225908279419,0.08843768353093016,0.18685536762312993,0.2834324991123495,0.04282336027351987,0.16249573301776668,0.5659792277159426,1.2646206818736155e-6
0.1,74,OnlineFPCA-adagrad,0.1,3500,100,face,3,5,0.647329092025757,0.12766287726528558,0.1371375003969954,0.2760010655946842,0.040536738045179696,0.15174525184115203,0.5478968490572256,1.2646206818736155e-6
0.1,74,OnlineFPCA-adagrad,0.1,3600,100,face,3,5,0.643781661987305,0.09468218023030343,0.1502648186015782,0.32025320860254586,0.04102764336477873,0.14508850390054723,0.5310958139330055,1.2646206818736155e-6
0.1,74,OnlineFPCA-adagrad,0.1,3700,100,face,3,5,0.790038824081421,0.11708467607067954,0.1532633606770533,0.13268710036638065,0.039144123450090426,0.13701428682020336,0.5114867888850626,7.986246171068718e-7
0.1,74,OnlineFPCA-adagrad,0.1,3800,100,face,3,5,0.635426044464111,0.16707890523307484,0.15802513846446942,0.1582190583298517,0.03778507300507101,0.13123624865090447,0.4905394162122911,6.373526912601167e-7
0.1,74,OnlineFPCA-adagrad,0.1,3900,100,face,3,5,0.646678686141968,0.10921016524830264,0.15509318677160122,0.26070390055579756,0.03787289967706194,0.12672115626260425,0.4698418042954815,6.373526912601167e-7
0.1,74,OnlineFPCA-adagrad,0.1,4000,100,face,3,5,0.646260976791382,0.03799713016783774,0.12028437831149576,0.4529081975757052,0.03799713016783774,0.12028437831149576,0.4529081975757052,6.373526912601167e-7
0.1,74,OnlineFPCA-adagrad,0.1,4100,100,face,3,5,0.648792028427124,0.12004433614411196,0.20894016943728894,0.40194693427906153,0.10086634628477112,0.1026182986004271,0.33671422641819504,6.373526912601167e-7
0.1,74,OnlineFPCA-adagrad,0.1,4200,100,face,3,5,0.649324178695679,0.12089394966131296,0.20075727196402138,0.3789749596945627,0.07936333771148842,0.06106977942587238,0.30459029393634746,6.373526912601167e-7
0.1,74,OnlineFPCA-adagrad,0.1,4300,100,face,3,5,0.646678924560547,0.08992527879573858,0.11862314696827644,0.3359703581177011,0.053329152055952705,0.03181395808698157,0.3206347239506046,6.373526912601167e-7
0.1,74,OnlineFPCA-adagrad,0.1,4400,100,face,3,5,0.648512601852417,0.09874602997849113,0.10676962525482876,0.2198590416539603,0.05532352552600503,0.06010163931975599,0.2955706526496578,6.373526912601167e-7
0.1,74,OnlineFPCA-adagrad,0.1,4500,100,face,3,5,0.63191819190979,0.13027934948023243,0.11158783881080998,0.2619785673019457,0.05707919382178686,0.056997385230123813,0.2660900916162149,6.373526912601167e-7
0.1,74,OnlineFPCA-adagrad,0.1,4600,100,face,3,5,0.62587308883667,0.09641619651251211,0.1096942474756107,0.35642761573314596,0.05629466787908592,0.04453133392533592,0.2589520734652768,5.232148705084026e-7
0.1,74,OnlineFPCA-adagrad,0.1,4700,100,face,3,5,0.627976894378662,0.13694364839688433,0.1037961357880254,0.316320381600169,0.0485812205570717,0.033292159361872735,0.255456442430689,5.232148705084026e-7
0.1,74,OnlineFPCA-adagrad,0.1,4800,100,face,3,5,0.636309623718262,0.09334509659706068,0.06240452956297383,0.23504298440272933,0.04698923286007395,0.03061242787439492,0.2491982161843136,4.320120103631859e-7
0.1,74,OnlineFPCA-adagrad,0.1,4900,100,face,3,5,0.632043838500977,0.10731914235440264,0.15618739352925576,0.3392138955198573,0.04830707160880846,0.03248768209840999,0.24670426724099542,2.961497283921273e-7
0.1,74,OnlineFPCA-adagrad,0.1,5000,100,face,3,5,0.632353544235229,0.0822123648628154,0.19398526502610355,0.1305191953645923,0.04465059244754506,0.03736969181052873,0.22973000691796647,2.961497283921273e-7
0.1,74,OnlineFPCA-adagrad,0.1,5100,100,face,3,5,0.128566980361938,0.11235778526340463,0.08447653703776861,0.2749949768899965,0.04107243514685079,0.0394920481510446,0.21824122133547205,NA
0.1,74,OnlineFPCA-adagrad,0.1,5200,100,face,3,5,0.128899335861206,0.10326357784072025,0.19122457677151788,0.2193881308841411,0.04609391781845065,0.03855762682558229,0.21701362011201628,NA
0.1,74,OnlineFPCA-adagrad,0.1,5300,100,face,3,5,0.135381698608398,0.0844179420639468,0.24509446229873552,0.26873212936060764,0.04719580728909739,0.03704268639573244,0.2083549400899905,NA
0.1,74,OnlineFPCA-adagrad,0.1,5400,100,face,3,5,0.135459184646606,0.0876671488087284,0.10004084081080816,0.3773305088131508,0.043692733658624076,0.03718170677257987,0.20588618916942972,NA
0.1,74,OnlineFPCA-adagrad,0.1,5500,100,face,3,5,0.135026216506958,0.08774617853990455,0.11292377791467803,0.2659592314903744,0.041604905923346244,0.03794202850308529,0.2056495928009591,NA
0.1,74,OnlineFPCA-adagrad,0.1,5600,100,face,3,5,0.127284526824951,0.13895471605508822,0.13372437246431954,0.18126951830465318,0.04173801963709637,0.04157951375846764,0.2048167573903014,NA
0.1,74,OnlineFPCA-adagrad,0.1,5700,100,face,3,5,0.134808301925659,0.10318487042465073,0.07683618819295224,0.26701144440901,0.04054238592448639,0.04347782995319219,0.20363431328668,NA
0.1,74,OnlineFPCA-adagrad,0.1,5800,100,face,3,5,0.128772020339966,0.11599892579125362,0.18766853779447001,0.25998729744906224,0.037843000250904965,0.04685065377335207,0.20264874410873865,NA
0.1,74,OnlineFPCA-adagrad,0.1,5900,100,face,3,5,0.126855134963989,0.1130066585490743,0.13343276695274398,0.20200277765978653,0.03475434671755715,0.0488666764085996,0.1971322643782123,NA
0.1,74,OnlineFPCA-adagrad,0.1,6000,100,face,3,5,0.128766775131226,0.06841700852202849,0.22668021030658886,0.16827805496594225,0.03294428546805177,0.04709889138723633,0.18612914944596282,NA
0.1,74,OnlineFPCA-adagrad,0.1,6100,100,face,3,5,0.131758451461792,0.05962153086112504,0.18941444935179416,0.2498430692788008,0.031204319183641496,0.04480676331552573,0.1799389232259509,NA
0.1,74,OnlineFPCA-adagrad,0.1,6200,100,face,3,5,0.125278234481812,0.0960044141739943,0.1536331763030247,0.3039644648854354,0.028597964785516832,0.04714099750449733,0.1832290796076193,NA
0.1,74,OnlineFPCA-adagrad,0.1,6300,100,face,3,5,0.130834341049194,0.1190790527049635,0.17377590527165948,0.294545786354744,0.02799842614585765,0.050849908652721446,0.18505228201423465,NA
0.1,74,OnlineFPCA-adagrad,0.1,6400,100,face,3,5,0.129575967788696,0.13009609034249112,0.17003805142446898,0.31711612230817793,0.028786490054762158,0.05118184065103822,0.18558141956345228,NA
0.1,74,OnlineFPCA-adagrad,0.1,6500,100,face,3,5,0.129326581954956,0.09066105144998542,0.2259051526227158,0.2773913864373482,0.029385941725907402,0.053258605419878105,0.18602526075972942,NA
0.1,74,OnlineFPCA-adagrad,0.1,6600,100,face,3,5,0.128883600234985,0.06266840224387364,0.2884676240124671,0.24811178341681436,0.028310086322514454,0.05891119660499604,0.18772452228583225,NA
0.1,74,OnlineFPCA-adagrad,0.1,6700,100,face,3,5,0.130156755447388,0.12098493497438793,0.18591136399688427,0.31473614184146637,0.028837285655961126,0.06275308998597864,0.18674038605339724,NA
0.1,74,OnlineFPCA-adagrad,0.1,6800,100,face,3,5,0.129273176193237,0.093778710093533793,0.1568354109195951,0.34358659188664215,0.02640394514807718,0.06193257274895751,0.18768286270935558,NA
0.1,74,OnlineFPCA-adagrad,0.1,6900,100,face,3,5,0.126532316207886,0.17405720229387098,0.13244237716036517,0.23792979298591935,0.02482138206470589,0.061742761972424384,0.18800882123278026,NA
0.1,74,OnlineFPCA-adagrad,0.1,7000,100,face,3,5,0.132103204727173,0.09517306666453894,0.13682841729068765,0.1200638846880169,0.025144631025106605,0.06097028627165138,0.1870701005033224,NA
0.1,74,OnlineFPCA-adagrad,0.1,7100,100,face,3,5,0.127454996109009,0.14275655132019793,0.17246581170276665,0.26712866480579195,0.02363219929477661,0.05735485442250911,0.18473430755930148,NA
0.1,74,OnlineFPCA-adagrad,0.1,7200,100,face,3,5,0.134009838104248,0.1085381944138297,0.26007048597592086,0.18055208482498844,0.023677826469027666,0.05024390532721844,0.1835116103071066,NA
0.1,74,OnlineFPCA-adagrad,0.1,7300,100,face,3,5,0.130565166473389,0.14611285177808137,0.09815914571615353,0.25201602737827045,0.020417281777417057,0.04635601901258111,0.1837566243720865,NA
0.1,74,OnlineFPCA-adagrad,0.1,7400,100,face,3,5,0.130042314529419,0.1254051448171971,0.14757818634695946,0.22602083594433156,0.01974663306436718,0.045014997987710664,0.1842449967856802,NA
0.1,74,OnlineFPCA-adagrad,0.1,7500,100,face,3,5,0.131522417068481,0.108750484721607,0.164027181214485,0.221933314012382,0.019661085941543293,0.04376473790246863,0.18406392419440104,NA
0.1,74,OnlineFPCA-adagrad,0.1,7600,100,face,3,5,0.129737854003906,0.06557049364832684,0.14599364289083475,0.2017609680285542,0.01967840103361366,0.04554294335047221,0.18273733574000367,NA
0.1,74,OnlineFPCA-adagrad,0.1,7700,100,face,3,5,0.126507759094238,0.10557816853075087,0.18617323674065409,0.3797081970135191,0.019467307159605745,0.04457430306263872,0.18270335454361616,NA
0.1,74,OnlineFPCA-adagrad,0.1,7800,100,face,3,5,0.132846117019653,0.09626354827802834,0.10147403795195037,0.21271952353248474,0.019848001350825473,0.04297158664385733,0.18475555210128167,NA
0.1,74,OnlineFPCA-adagrad,0.1,7900,100,face,3,5,0.127564668655396,0.055181716881540596,0.1803920528615642,0.31300624839419516,0.020880107754182663,0.04265222698441005,0.18377971922151534,NA
0.1,74,OnlineFPCA-adagrad,0.1,8000,100,face,3,5,0.125924348831177,0.09203115083754876,0.21929275844106294,0.20678715526554797,0.020181306889279646,0.04148103068410497,0.18337459102404494,NA
0.1,74,OnlineFPCA-adagrad,0.1,8100,100,face,3,5,0.127006053924561,0.06668259126505349,0.17492575632243745,0.10776599167800084,0.018985683851744498,0.03949120015781326,0.18097535425344652,NA
0.1,74,OnlineFPCA-adagrad,0.1,8200,100,face,3,5,0.126777172088623,0.06527601838309226,0.1384353552328881,0.32618772812363056,0.01784377550209641,0.03703547792621054,0.1786030405090016,NA
0.1,74,OnlineFPCA-adagrad,0.1,8300,100,face,3,5,0.128238677978516,0.07024340879539746,0.09801262703640391,0.3938467388354645,0.017581104635351296,0.03654711767442394,0.18024818190782776,NA
0.1,74,OnlineFPCA-adagrad,0.1,8400,100,face,3,5,0.127776384353638,0.061605226327729454,0.13757459941862746,0.2383882744622843,0.017198469134663802,0.0352819128510833,0.18126659464027614,NA
0.1,74,OnlineFPCA-adagrad,0.1,8500,100,face,3,5,0.140682220458984,0.11584752444707344,0.10902490192303513,0.21268985214211616,0.016716382003215836,0.0333151096755534,0.1810204559523108,NA
0.1,74,OnlineFPCA-adagrad,0.1,8600,100,face,3,5,0.124987125396729,0.08484370672437291,0.13164901563380144,0.258169546591404,0.016766402450576715,0.03261222750121755,0.18116371012321564,NA
0.1,74,OnlineFPCA-adagrad,0.1,8700,100,face,3,5,0.129837274551392,0.0879689615931764,0.1180668433465722,0.11240387527478846,0.01581845452036235,0.031000189482380362,0.18026103708989216,NA
0.1,74,OnlineFPCA-adagrad,0.1,8800,100,face,3,5,0.127185821533203,0.13987027626982423,0.12300125258825663,0.1551212412334424,0.016018388471411595,0.030135807965890393,0.17895653480505028,NA
0.1,74,OnlineFPCA-adagrad,0.1,8900,100,face,3,5,0.127375364303589,0.08213648671989378,0.1189975775597144,0.2263670242746424,0.01733077875408083,0.03055691188828168,0.17794484177004735,NA
0.1,74,OnlineFPCA-adagrad,0.1,9000,100,face,3,5,0.130346298217773,0.06437975116597025,0.17108413357537994,0.22287406172416824,0.017793543639414516,0.03140443253835546,0.17843496393541294,NA
0.1,74,OnlineFPCA-adagrad,0.1,9100,100,face,3,5,0.129763126373291,0.11825279294755472,0.18727060675453525,0.3143242421619041,0.01824647214310452,0.030795255068424978,0.17986159842855548,NA
0.1,74,OnlineFPCA-adagrad,0.1,9200,100,face,3,5,0.127803802490234,0.07054523607805284,0.17379162265789128,0.2853716002654795,0.018188603401418355,0.02973803351883696,0.1805345146408271,NA
0.1,74,OnlineFPCA-adagrad,0.1,9300,100,face,3,5,0.131692171096802,0.06007771946018668,0.10645936438883098,0.3013327917335934,0.01818818370493842,0.030894925547704375,0.18203103708675036,NA
0.1,74,OnlineFPCA-adagrad,0.1,9400,100,face,3,5,0.127907514572144,0.08435736220128179,0.09885979540688504,0.2054486231216471,0.01866719260851854,0.03181354056023737,0.18171612704090537,NA
0.1,74,OnlineFPCA-adagrad,0.1,9500,100,face,3,5,0.129119157791138,0.1048228221193736,0.083271868968427,0.23400889649533488,0.019118513977038423,0.03178665948297264,0.18153151166288078,NA
0.1,74,OnlineFPCA-adagrad,0.1,9600,100,face,3,5,0.128487348556519,0.0715431465289333,0.09067987618164812,0.3064134792905004,0.019593329355955553,0.03012442841488577,0.18197832634834446,NA
0.1,74,OnlineFPCA-adagrad,0.1,9700,100,face,3,5,0.129292488098145,0.09903082354619784,0.08689624739282781,0.30309853256069075,0.01944433268972873,0.030535807181449645,0.18362944712949605,NA
0.1,74,OnlineFPCA-adagrad,0.1,9800,100,face,3,5,0.12887716293335,0.06838665969092389,0.053059218806561496,0.21695595198406184,0.019318327910612,0.03019633255672668,0.18428029975750626,NA
0.1,74,OnlineFPCA-adagrad,0.1,9900,100,face,3,5,0.131501436233521,0.08297591822111168,0.12129730331578183,0.29865133711528696,0.019412870428335026,0.030329262773062884,0.18516146376629009,NA
0.1,74,OnlineFPCA-adagrad,0.1,10000,100,face,3,5,0.129098892211914,0.056992423072576216,0.15487917489883604,0.13184492180868154,0.019333657332585415,0.029441549781502728,0.1837593201933759,NA
0.1,74,OnlineFPCA-adagrad,0.1,10100,100,face,3,5,0.129227876663208,0.08619020027559897,0.05799226684144148,0.2301893733762432,0.01907762561890731,0.028718110382674848,0.18240735979048325,NA
0.1,74,OnlineFPCA-adagrad,0.1,10200,100,face,3,5,0.13081955909729,0.09343262279391437,0.1189648894816655,0.18013137113130645,0.020013663899746535,0.02825120884447194,0.1818457348125574,NA
0.1,74,OnlineFPCA-adagrad,0.1,10300,100,face,3,5,0.130565643310547,0.08198377209829949,0.19164476277315975,0.22819916141891358,0.0203773039732813,0.0279031427201926,0.1806619467972199,NA
0.1,74,OnlineFPCA-adagrad,0.1,10400,100,face,3,5,0.128969430923462,0.07884285512193852,0.06269217741419238,0.32415944364061594,0.01966266360764453,0.027658106462855905,0.1807546418830156,NA
0.1,74,OnlineFPCA-adagrad,0.1,10500,100,face,3,5,0.127639293670654,0.07254548942059483,0.08103943494078567,0.23490545927909498,0.018957379541898474,0.027194677899692835,0.1811371035064569,NA
0.1,74,OnlineFPCA-adagrad,0.1,10600,100,face,3,5,0.129296779632568,0.10323597221085581,0.10905644073740944,0.17870475272451924,0.018566076124343838,0.027913198490483498,0.18125216155830323,NA
0.1,74,OnlineFPCA-adagrad,0.1,10700,100,face,3,5,0.127248764038086,0.09798601197984798,0.07052163284299288,0.22984309707643502,0.017958556457157784,0.027782687124659693,0.18128268603593575,NA
0.1,74,OnlineFPCA-adagrad,0.1,10800,100,face,3,5,0.130737066268921,0.1003437882243975,0.15997399924462455,0.2306168988869371,0.017066871189506234,0.028891761654347484,0.1812903086770603,NA
0.1,74,OnlineFPCA-adagrad,0.1,10900,100,face,3,5,0.126599311828613,0.09954531105020895,0.09300077102524838,0.1670945479090616,0.01663077088592193,0.029857824879488692,0.1803887824079538,NA
0.1,74,OnlineFPCA-adagrad,0.1,11000,100,face,3,5,0.1332688331604,0.05739204425917462,0.16983333394599312,0.12517067182110841,0.016691000012008725,0.029840552586236694,0.1779416966946825,NA
0.1,74,OnlineFPCA-adagrad,0.1,11100,100,face,3,5,0.130045413970947,0.04803093207771368,0.1409091679339609,0.21627287254656818,0.016554370472528782,0.029549008600812957,0.17615376302209698,NA
0.1,74,OnlineFPCA-adagrad,0.1,11200,100,face,3,5,0.12871527671814,0.08695829572738213,0.11343097093670572,0.27236942381281454,0.015941184932431466,0.02976517878027237,0.17641392847386006,NA
0.1,74,OnlineFPCA-adagrad,0.1,11300,100,face,3,5,0.128271579742432,0.10802224858894889,0.13564543984219632,0.2782938290431635,0.015981292903750013,0.030496835289771134,0.17654994653439446,NA
0.1,74,OnlineFPCA-adagrad,0.1,11400,100,face,3,5,0.129992485046387,0.10750739741652998,0.15648912094244008,0.2840714194092471,0.016450698367215248,0.02942595041178741,0.17656005812279885,NA
0.1,74,OnlineFPCA-adagrad,0.1,11500,100,face,3,5,0.130770683288574,0.08216656672705154,0.19913572983502756,0.2675136412977939,0.016553566513364315,0.029867299199536547,0.17659607137233543,NA
0.1,74,OnlineFPCA-adagrad,0.1,11600,100,face,3,5,0.133923530578613,0.05452314154062526,0.26715462426319186,0.23212410406484246,0.016337676629068838,0.03240809345841835,0.1771604696437984,NA
0.1,74,OnlineFPCA-adagrad,0.1,11700,100,face,3,5,0.131545782089233,0.0963143613989022,0.1740578502320753,0.26798868659064223,0.0167173170189618,0.034308587856665344,0.17720892058616933,NA
0.1,74,OnlineFPCA-adagrad,0.1,11800,100,face,3,5,0.130856275558472,0.06775865107333755,0.14713029243689285,0.30440687390596954,0.016522616777939703,0.03515398213835942,0.17737602906074745,NA
0.1,74,OnlineFPCA-adagrad,0.1,11900,100,face,3,5,0.280255794525146,0.14824095499087248,0.10985000507707199,0.2298831220274288,0.01654597768451682,0.03583191509866498,0.17740921368060872,NA
0.1,74,OnlineFPCA-adagrad,0.1,12000,100,face,3,5,0.132160902023315,0.08412407568691058,0.12343939303312282,0.1375934721790108,0.017221494471509377,0.036208170852646424,0.17717749131467503,NA
0.1,74,OnlineFPCA-adagrad,0.1,12100,100,face,3,5,0.13216757774353,0.11987558615987434,0.13562835385043276,0.22540649028540044,0.017093245064384942,0.035969581510619346,0.17662947927228814,NA
0.1,74,OnlineFPCA-adagrad,0.1,12200,100,face,3,5,0.13361120223999,0.09463145976114892,0.22185639743136354,0.1669973709437189,0.0175015531721049,0.03455890209623431,0.17628236279990747,NA
0.1,74,OnlineFPCA-adagrad,0.1,12300,100,face,3,5,0.13162088394165,0.128257454190979,0.1073948409447656,0.2276086879817545,0.016750943677542512,0.03375337302011055,0.17633466104291867,NA
0.1,74,OnlineFPCA-adagrad,0.1,12400,100,face,3,5,0.128009557723999,0.11735853609058598,0.1281514581978254,0.21424460355423314,0.01672743126563435,0.033760935766440105,0.17651516919501417,NA
0.1,74,OnlineFPCA-adagrad,0.1,12500,100,face,3,5,0.134893178939819,0.09977639212885916,0.1483446596434558,0.2023997052264315,0.01681988585601868,0.03384889487679457,0.1764349719725069,NA
0.1,74,OnlineFPCA-adagrad,0.1,12600,100,face,3,5,0.129279136657715,0.05704472062926274,0.14531872125853976,0.18828701989721572,0.016929807398666057,0.03487149926881217,0.17595408914829208,NA
0.1,74,OnlineFPCA-adagrad,0.1,12700,100,face,3,5,0.127354860305786,0.09284925712643027,0.15981904583637863,0.3354510789165955,0.017007282661729437,0.03549625444577858,0.17602872776276438,NA
0.1,74,OnlineFPCA-adagrad,0.1,12800,100,face,3,5,0.127336978912354,0.08828605017398622,0.0932526442514943,0.19956065111008459,0.017253783674910796,0.03562882824464168,0.17689146246265186,NA
0.1,74,OnlineFPCA-adagrad,0.1,12900,100,face,3,5,0.131540775299072,0.048594341669281754,0.148910181029528,0.27698054996669946,0.017710308984598955,0.03614609513298124,0.1767256871603931,NA
0.1,74,OnlineFPCA-adagrad,0.1,13000,100,face,3,5,0.125238180160522,0.07439434930580305,0.18426411389828606,0.20036826287675313,0.01756365212563331,0.03632106395969872,0.1767430623910882,NA
0.1,74,OnlineFPCA-adagrad,0.1,13100,100,face,3,5,0.132403373718262,0.059220054684652385,0.15949448830653074,0.11149242773917849,0.017176182767210765,0.03594979223048414,0.17596441965446052,NA
0.1,74,OnlineFPCA-adagrad,0.1,13200,100,face,3,5,0.131028413772583,0.05579219140718482,0.13567455438288908,0.2702990159143359,0.0166992674597516,0.03515465307676892,0.1750697777725301,NA
0.1,74,OnlineFPCA-adagrad,0.1,13300,100,face,3,5,0.131126880645752,0.05975345093332775,0.08742667485319695,0.3626551673985277,0.016590271688963983,0.03519884376592844,0.17565079659293775,NA
0.1,74,OnlineFPCA-adagrad,0.1,13400,100,face,3,5,0.128341674804688,0.05160781207372853,0.12213579993660217,0.22880684528285505,0.016487623517846054,0.03511137929612406,0.17607119343118852,NA
0.1,74,OnlineFPCA-adagrad,0.1,13500,100,face,3,5,0.128772735595703,0.10682351394275927,0.09917031506000089,0.19484752136943057,0.016391029513385773,0.03479997148250013,0.17594658492912021,NA
0.1,74,OnlineFPCA-adagrad,0.1,13600,100,face,3,5,0.125778198242188,0.07862652782120952,0.12051873078844293,0.2365340049029308,0.016452481818756127,0.03481351028167992,0.1759068875750796,NA
0.1,74,OnlineFPCA-adagrad,0.1,13700,100,face,3,5,0.129215955734253,0.073660088772356,0.10405246020037573,0.11850525640201487,0.01609480825882336,0.034468687406756,0.17549516322002529,NA
0.1,74,OnlineFPCA-adagrad,0.1,13800,100,face,3,5,0.132412910461426,0.12625238998577343,0.10915755596962008,0.15521222653658856,0.016184980974080495,0.034278520187750516,0.1749987765832291,NA
0.1,74,OnlineFPCA-adagrad,0.1,13900,100,face,3,5,0.125394582748413,0.07481534451333172,0.10660602943431417,0.21229395565795328,0.016811808989984297,0.03459907710333775,0.17462308712658436,NA
0.1,74,OnlineFPCA-adagrad,0.1,14000,100,face,3,5,0.129502296447754,0.054472765534217996,0.15393302559952604,0.21042842374621515,0.017068330061564285,0.03516444302033189,0.17485577289074505,NA
0.1,74,OnlineFPCA-adagrad,0.1,14100,100,face,3,5,0.128083229064941,0.10193359240852852,0.15913223206833907,0.2855409344482867,0.01732164124973664,0.03522684335993202,0.17548541233816467,NA
0.1,74,OnlineFPCA-adagrad,0.1,14200,100,face,3,5,0.128490447998047,0.05179076738113299,0.15657730017109656,0.2637165665659623,0.017282427706696277,0.03503985009611716,0.17582158839971304,NA
0.1,74,OnlineFPCA-adagrad,0.1,14300,100,face,3,5,0.128361701965332,0.04776720881568581,0.09489701618401006,0.28260447081919643,0.017298528094426995,0.035621591640105706,0.17650028253629882,NA
0.1,74,OnlineFPCA-adagrad,0.1,14400,100,face,3,5,0.129210233688354,0.07658899262378081,0.09262795231692071,0.2057497461746214,0.017463886084364656,0.036138729945835994,0.1764643398119635,NA
0.1,74,OnlineFPCA-adagrad,0.1,14500,100,face,3,5,0.128727912902832,0.09107555454462458,0.0755605222588982,0.2144362926577951,0.017656959815396743,0.03627650839159369,0.17641600470254554,NA
0.1,74,OnlineFPCA-adagrad,0.1,14600,100,face,3,5,0.131670475006104,0.062142798825714045,0.07989325037965038,0.2812201180647715,0.0179227407528906,0.03574244349428693,0.17662336559210204,NA
0.1,74,OnlineFPCA-adagrad,0.1,14700,100,face,3,5,0.129725694656372,0.08375643416753112,0.0778403948417036,0.28658175162970306,0.017889975726221335,0.03598395689603455,0.17743402370565386,NA
0.1,74,OnlineFPCA-adagrad,0.1,14800,100,face,3,5,0.128465175628662,0.05934271320024902,0.050568233027176106,0.21130802800263634,0.017839449743966458,0.03589788673094346,0.177833945221293,NA
0.1,74,OnlineFPCA-adagrad,0.1,14900,100,face,3,5,0.129148244857788,0.07023387623550677,0.10686181325195394,0.27985017507639187,0.017843649713146288,0.03594168555046792,0.17831114663208084,NA
0.1,74,OnlineFPCA-adagrad,0.1,15000,100,face,3,5,0.130109071731567,0.04700349097152103,0.13648409265175018,0.13719436849531882,0.017840811593126418,0.03553970159093752,0.1777477969083927,NA
0.1,74,OnlineCov,NA,100,NA,NA,3,NA,4.79302215576172,0.09420909715763232,0.05117175087613619,0.3981816462140982,0.09420909715763232,0.05117175087613619,0.3981816462140982,NA
0.1,74,OnlineCov,NA,200,NA,NA,3,NA,4.44994616508484,0.07421454059953295,0.1855838646696012,0.2960170929162769,0.07421454059953295,0.1855838646696012,0.2960170929162769,NA
0.1,74,OnlineCov,NA,300,NA,NA,3,NA,5.00105834007263,0.07195848261684619,0.2780931534586988,0.4525501306305606,0.07195848261684619,0.2780931534586988,0.4525501306305606,NA
0.1,74,OnlineCov,NA,400,NA,NA,3,NA,5.2433705329895,0.06245857971705961,0.4299521066750434,0.6536977852822572,0.06245857971705961,0.4299521066750434,0.6536977852822572,NA
0.1,74,OnlineCov,NA,500,NA,NA,3,NA,5.29014587402344,0.0753518326414603,0.3973156074925294,0.6443341061679516,0.0753518326414603,0.3973156074925294,0.6443341061679516,NA
0.1,74,OnlineCov,NA,600,NA,NA,3,NA,5.42898106575012,0.0803904570489542,0.39697816235494954,0.5272485898445561,0.0803904570489542,0.39697816235494954,0.5272485898445561,NA
0.1,74,OnlineCov,NA,700,NA,NA,3,NA,4.85852074623108,0.058018372431385086,0.3786447402303755,0.5186027278791983,0.058018372431385086,0.3786447402303755,0.5186027278791983,NA
0.1,74,OnlineCov,NA,800,NA,NA,3,NA,4.55434060096741,0.04756590901267134,0.2969130508684318,0.40639314860357895,0.04756590901267134,0.2969130508684318,0.40639314860357895,NA
0.1,74,OnlineCov,NA,900,NA,NA,3,NA,4.39370703697205,0.056274366630757654,0.20332008390202944,0.34238687727360084,0.056274366630757654,0.20332008390202944,0.34238687727360084,NA
0.1,74,OnlineCov,NA,1000,NA,NA,3,NA,5.71969652175903,0.041537124059296326,0.13467891601261214,0.32016285960560364,0.041537124059296326,0.13467891601261214,0.32016285960560364,NA
0.1,74,OnlineCov,NA,1100,NA,NA,3,NA,4.86099457740784,0.025024286152784278,0.04873778153584199,0.2920378239133633,0.025024286152784278,0.04873778153584199,0.2920378239133633,NA
0.1,74,OnlineCov,NA,1200,NA,NA,3,NA,4.65071272850037,0.015718250432804583,0.05419319198275669,0.247495441690713,0.015718250432804583,0.05419319198275669,0.247495441690713,NA
0.1,74,OnlineCov,NA,1300,NA,NA,3,NA,4.98661637306213,0.025159341015798267,0.1268820208190712,0.2711135643736224,0.025159341015798267,0.1268820208190712,0.2711135643736224,NA
0.1,74,OnlineCov,NA,1400,NA,NA,3,NA,4.86949110031128,0.020687699754168898,0.14174893592594046,0.2810207525064507,0.020687699754168898,0.14174893592594046,0.2810207525064507,NA
0.1,74,OnlineCov,NA,1500,NA,NA,3,NA,4.62494921684265,0.021522757715058197,0.17972592730975612,0.2864611878080209,0.021522757715058197,0.17972592730975612,0.2864611878080209,NA
0.1,74,OnlineCov,NA,1600,NA,NA,3,NA,4.88983678817749,0.02535963263609489,0.18417681021624924,0.3208046509356322,0.02535963263609489,0.18417681021624924,0.3208046509356322,NA
0.1,74,OnlineCov,NA,1700,NA,NA,3,NA,4.50474858283997,0.044183320673365785,0.25793580166055013,0.3705071918105754,0.044183320673365785,0.25793580166055013,0.3705071918105754,NA
0.1,74,OnlineCov,NA,1800,NA,NA,3,NA,4.8318202495575,0.05124935817747743,0.24010158013091568,0.3457219554460599,0.05124935817747743,0.24010158013091568,0.3457219554460599,NA
0.1,74,OnlineCov,NA,1900,NA,NA,3,NA,4.34246730804443,0.04755373342544447,0.2179263434789442,0.33033756571505296,0.04755373342544447,0.2179263434789442,0.33033756571505296,NA
0.1,74,OnlineCov,NA,2000,NA,NA,3,NA,4.81786513328552,0.04301512127617342,0.18763313070745413,0.29490919892328843,0.04301512127617342,0.18763313070745413,0.29490919892328843,NA
0.1,74,OnlineCov,NA,2100,NA,NA,3,NA,4.78713583946228,0.03081437018974557,0.17902005039635116,0.30263544553007543,0.03081437018974557,0.17902005039635116,0.30263544553007543,NA
0.1,74,OnlineCov,NA,2200,NA,NA,3,NA,5.25865602493286,0.03407048528623591,0.15781306947350987,0.300865004104844,0.03407048528623591,0.15781306947350987,0.300865004104844,NA
0.1,74,OnlineCov,NA,2300,NA,NA,3,NA,5.30809569358826,0.03077090550185073,0.14989767728599218,0.2902100408966034,0.03077090550185073,0.14989767728599218,0.2902100408966034,NA
0.1,74,OnlineCov,NA,2400,NA,NA,3,NA,4.93620204925537,0.02765113771892184,0.1505690544108076,0.2893650343093433,0.02765113771892184,0.1505690544108076,0.2893650343093433,NA
0.1,74,OnlineCov,NA,2500,NA,NA,3,NA,4.4826340675354,0.031341118909361934,0.1357455502758126,0.26687482848540445,0.031341118909361934,0.1357455502758126,0.26687482848540445,NA
0.1,74,OnlineCov,NA,2600,NA,NA,3,NA,4.8897008895874,0.025416201415836826,0.1362245608002134,0.26261193200280686,0.025416201415836826,0.1362245608002134,0.26261193200280686,NA
0.1,74,OnlineCov,NA,2700,NA,NA,3,NA,4.90910744667053,0.018921244212369515,0.12839204555105344,0.26791718779811907,0.018921244212369515,0.12839204555105344,0.26791718779811907,NA
0.1,74,OnlineCov,NA,2800,NA,NA,3,NA,5.15859293937683,0.01816347574538372,0.13398588046736407,0.24539315105012505,0.01816347574538372,0.13398588046736407,0.24539315105012505,NA
0.1,74,OnlineCov,NA,2900,NA,NA,3,NA,4.50280737876892,0.02347747187779509,0.13473144339264112,0.213146336728826,0.02347747187779509,0.13473144339264112,0.213146336728826,NA
0.1,74,OnlineCov,NA,3000,NA,NA,3,NA,4.54942655563354,0.022938806883962104,0.11949191489551278,0.2103838399750538,0.022938806883962104,0.11949191489551278,0.2103838399750538,NA
0.1,74,OnlineCov,NA,3100,NA,NA,3,NA,4.98304915428162,0.01870042719946145,0.13774174371273604,0.21754448195544576,0.01870042719946145,0.13774174371273604,0.21754448195544576,NA
0.1,74,OnlineCov,NA,3200,NA,NA,3,NA,4.77344369888306,0.02140946951819488,0.13912445227363493,0.21950038097632413,0.02140946951819488,0.13912445227363493,0.21950038097632413,NA
0.1,74,OnlineCov,NA,3300,NA,NA,3,NA,4.99306750297546,0.030653107798664616,0.16514219447192155,0.2879290126265818,0.030653107798664616,0.16514219447192155,0.2879290126265818,NA
0.1,74,OnlineCov,NA,3400,NA,NA,3,NA,5.25831460952759,0.029859784931313842,0.16813135661947018,0.2940898910888848,0.029859784931313842,0.16813135661947018,0.2940898910888848,NA
0.1,74,OnlineCov,NA,3500,NA,NA,3,NA,4.76162958145142,0.03072682632729956,0.1635236378357714,0.28012051435874075,0.03072682632729956,0.1635236378357714,0.28012051435874075,NA
0.1,74,OnlineCov,NA,3600,NA,NA,3,NA,5.17531776428223,0.028666593655333254,0.15741505897584565,0.27478572244707594,0.028666593655333254,0.15741505897584565,0.27478572244707594,NA
0.1,74,OnlineCov,NA,3700,NA,NA,3,NA,5.05796980857849,0.02846074155628477,0.1433084796055398,0.26943380562239316,0.02846074155628477,0.1433084796055398,0.26943380562239316,NA
0.1,74,OnlineCov,NA,3800,NA,NA,3,NA,5.46283221244812,0.024566705191714056,0.14233202115264795,0.2725380528937096,0.024566705191714056,0.14233202115264795,0.2725380528937096,NA
0.1,74,OnlineCov,NA,3900,NA,NA,3,NA,4.78170919418335,0.028955182949320386,0.13577703995450754,0.2600899604437484,0.028955182949320386,0.13577703995450754,0.2600899604437484,NA
0.1,74,OnlineCov,NA,4000,NA,NA,3,NA,4.4296407699585,0.030627883396563325,0.13197878747696848,0.2562429553924226,0.030627883396563325,0.13197878747696848,0.2562429553924226,NA
0.1,74,OnlineCov,NA,4100,NA,NA,3,NA,4.32573890686035,0.03381760637346235,0.1172044604404304,0.2576771902502056,0.03381760637346235,0.1172044604404304,0.2576771902502056,NA
0.1,74,OnlineCov,NA,4200,NA,NA,3,NA,5.3831045627594,0.03369040969097225,0.1127079268006189,0.2629913490928054,0.03369040969097225,0.1127079268006189,0.2629913490928054,NA
0.1,74,OnlineCov,NA,4300,NA,NA,3,NA,5.11603474617004,0.034415131164875705,0.11024938570762852,0.2586525078280081,0.034415131164875705,0.11024938570762852,0.2586525078280081,NA
0.1,74,OnlineCov,NA,4400,NA,NA,3,NA,4.8818244934082,0.029614436495218492,0.09687784304172445,0.22809138811693333,0.029614436495218492,0.09687784304172445,0.22809138811693333,NA
0.1,74,OnlineCov,NA,4500,NA,NA,3,NA,5.30737638473511,0.022919551681579768,0.09167542731264536,0.22190667623458907,0.022919551681579768,0.09167542731264536,0.22190667623458907,NA
0.1,74,OnlineCov,NA,4600,NA,NA,3,NA,4.92173004150391,0.01887622659745277,0.07602363362501695,0.20767323149197978,0.01887622659745277,0.07602363362501695,0.20767323149197978,NA
0.1,74,OnlineCov,NA,4700,NA,NA,3,NA,5.04733109474182,0.01806241095326631,0.07728500834160765,0.21142667941889484,0.01806241095326631,0.07728500834160765,0.21142667941889484,NA
0.1,74,OnlineCov,NA,4800,NA,NA,3,NA,5.03667235374451,0.01687847098631997,0.07293526346823452,0.19963589462430428,0.01687847098631997,0.07293526346823452,0.19963589462430428,NA
0.1,74,OnlineCov,NA,4900,NA,NA,3,NA,5.65428376197815,0.017418816953648775,0.07815859037947011,0.2144987770134788,0.017418816953648775,0.07815859037947011,0.2144987770134788,NA
0.1,74,OnlineCov,NA,5000,NA,NA,3,NA,5.30580043792725,0.018529608675866716,0.07580067273921796,0.20002341417864147,0.018529608675866716,0.07580067273921796,0.20002341417864147,NA
0.1,74,Batch-PACE,NA,5000,NA,NA,3,5000,8.37868213653564,0.018195432393421012,0.08407214551445534,0.24238089762138854,0.018195432393421012,0.08407214551445534,0.24238089762138854,NA
0.1,74,Batch-FACE,NA,5000,NA,NA,3,5000,66.1538140773773,0.015198490383672941,0.06212015890464231,0.11666607505572663,0.015198490383672941,0.06212015890464231,0.11666607505572663,NA
0.1,74,Batch-REML,NA,5000,NA,NA,3,5000,213.280810117722,0.01528915483246389,0.02968482279264099,0.16184753460893192,0.01528915483246389,0.02968482279264099,0.16184753460893192,NA
0.1,74,Batch-SOAP,NA,5000,NA,NA,3,5000,112.742253065109,0.04331732768340564,0.0421017949401197,0.0688224964982478,0.04331732768340564,0.0421017949401197,0.0688224964982478,NA
0.5,74,OnlineFPCA-sgd,0.1,0,100,face,3,5,0.982130527496338,0.07965087252473135,0.1388017218167267,0.2176291382687582,0.07965087252473135,0.1388017218167267,0.2176291382687582,1.0000000000000016e-5
0.5,74,OnlineFPCA-sgd,0.1,100,100,face,3,5,0.422444581985474,0.41334487081710175,0.836776375452495,1.4430879472918021,NA,NA,NA,1.7782794100389257e-4
0.5,74,OnlineFPCA-sgd,0.1,200,100,face,3,5,0.412686824798584,1.0803287500076664,1.0837324834940258,0.2859174922326403,NA,NA,NA,3.0236724414100097e-5
0.5,74,OnlineFPCA-sgd,0.1,300,100,face,3,5,0.413699865341187,1.4954463783456422,0.7402916571743439,0.35957923268876224,NA,NA,NA,3.0236724414100097e-5
0.5,74,OnlineFPCA-sgd,0.1,400,100,face,3,5,0.417089939117432,1.2472107361655282,1.229736003527272,0.8823190324045832,NA,NA,NA,1.0159522924408641e-5
0.5,74,OnlineFPCA-sgd,0.1,500,100,face,3,5,0.41929817199707,0.5394589290222166,0.6302442360860443,1.3923361117301145,NA,NA,NA,1.0159522924408641e-5
0.5,74,OnlineFPCA-sgd,0.1,600,100,face,3,5,0.430336236953735,0.5190858878626906,0.6282583918437196,1.3914693386203008,NA,NA,NA,1.0159522924408641e-5
0.5,74,OnlineFPCA-sgd,0.1,700,100,face,3,5,0.432185649871826,0.4113223390876303,0.585899290762664,1.3739195251275411,NA,NA,NA,1.0159522924408641e-5
0.5,74,OnlineFPCA-sgd,0.1,800,100,face,3,5,0.435029745101929,0.40513778610227913,0.5853096994969019,1.3729313929421836,NA,NA,NA,1.9881361609051017e-5
0.5,74,OnlineFPCA-sgd,0.1,900,100,face,3,5,0.441520929336548,0.39720256262745174,0.5805077653234634,1.3722430873962324,NA,NA,NA,3.689297102076933e-5
0.5,74,OnlineFPCA-sgd,0.1,1000,100,face,3,5,0.437880754470825,0.38976196247779515,0.5694890351100459,1.3686697396308973,NA,NA,NA,6.55166103447784e-5
0.5,74,OnlineFPCA-sgd,0.1,1100,100,face,3,5,0.615211963653564,0.257747929736138,0.5153323777117141,1.2389930221321523,0.14359672032409132,0.29105732357656366,1.309868125530142,6.55166103447784e-5
0.5,74,OnlineFPCA-sgd,0.1,1200,100,face,3,5,0.616496324539185,0.24801237020885286,0.42065339308024857,1.162945323045514,0.1106053572140683,0.3782736698149747,1.2665922196125576,1.0861154533977102e-4
0.5,74,OnlineFPCA-sgd,0.1,1300,100,face,3,5,0.619940757751465,0.6756453098803814,0.4241519113964286,0.8320691177871169,0.11562284747812814,0.3759950135585435,1.1718844462884583,1.0861154533977102e-4
0.5,74,OnlineFPCA-sgd,0.1,1400,100,face,3,5,0.61428689956665,0.2683603342060348,0.40804975272611554,0.4796245414494877,0.10485480971147207,0.3701697167601644,0.9911225911621284,6.899316229903206e-5
0.5,74,OnlineFPCA-sgd,0.1,1500,100,face,3,5,0.626273155212402,0.3256111250160285,0.3766117925812437,0.4324110281865218,0.10630416843858598,0.352030187336466,0.8702126400993565,6.899316229903206e-5
0.5,74,OnlineFPCA-sgd,0.1,1600,100,face,3,5,0.619287490844727,0.17154279908269127,0.28665066989951815,0.427034110278483,0.09087131681169586,0.3339551866634847,0.7923959731335738,6.899316229903206e-5
0.5,74,OnlineFPCA-sgd,0.1,1700,100,face,3,5,0.620088338851929,0.12257730803787674,0.2637637009869366,0.3914715961547645,0.0851930495945554,0.32088159696902185,0.7305125359384443,6.899316229903206e-5
0.5,74,OnlineFPCA-sgd,0.1,1800,100,face,3,5,0.606560468673706,0.13440399453695348,0.2630855518217768,0.38624140089519704,0.07553958159485055,0.31083313502220017,0.6813010897736402,4.7154858813776716e-5
0.5,74,OnlineFPCA-sgd,0.1,1900,100,face,3,5,0.582566261291504,0.1417826476461191,0.248672190298399,0.3685256330423343,0.06973494365778125,0.30274040143291925,0.642997283374892,2.2659177876325076e-5
0.5,74,OnlineFPCA-sgd,0.1,2000,100,face,3,5,0.590861082077026,0.11796092509790114,0.26044580875194284,0.356590334183766,0.07044488477182652,0.2972023969658448,0.6105320232653313,2.2659177876325076e-5
0.5,74,OnlineFPCA-sgd,0.1,2100,100,face,3,5,0.581587076187134,0.34683710496285797,0.26946545568465347,0.3249419454315549,0.059305488693805065,0.2908357368025961,0.5800017173579298,2.2659177876325076e-5
0.5,74,OnlineFPCA-sgd,0.1,2200,100,face,3,5,0.600448369979858,0.27125063282937806,0.26393893114889877,0.23469143988173818,0.05706409272800599,0.2812705042651244,0.5454512386335044,2.2659177876325076e-5
0.5,74,OnlineFPCA-sgd,0.1,2300,100,face,3,5,0.600678443908691,0.1642955860276898,0.1925785632042524,0.38565913741388563,0.04852355857382585,0.2729874503904209,0.5182316775061372,1.1934517206958335e-5
0.5,74,OnlineFPCA-sgd,0.1,2400,100,face,3,5,0.602425336837769,0.16496246745865398,0.22832339724882592,0.3181634061700675,0.04753838228129981,0.2622335143062689,0.4924489145284983,8.743224486214632e-6
0.5,74,OnlineFPCA-sgd,0.1,2500,100,face,3,5,0.609358787536621,0.17329385975943015,0.14867742826515276,0.2680150397354284,0.049047164611786695,0.24879704681978757,0.4645373543222128,4.775499993358696e-6
0.5,74,OnlineFPCA-sgd,0.1,2600,100,face,3,5,0.590004920959473,0.09031338159471564,0.20940321534128162,0.23303764267918664,0.04771151567585774,0.23469626169343424,0.4380243301301392,3.5583520644172296e-6
0.5,74,OnlineFPCA-sgd,0.1,2700,100,face,3,5,0.592093706130981,0.20636806161667035,0.2360112713710012,0.4840119329328331,0.04289447060653081,0.22071371100413592,0.41728510559246573,2.006187708006734e-6
0.5,74,OnlineFPCA-sgd,0.1,2800,100,face,3,5,0.610319852828979,0.1344714192754978,0.2481299423468242,0.4293996080240061,0.0395237462208179,0.2098467287460024,0.4048227689167918,1.5172627171708133e-6
0.5,74,OnlineFPCA-sgd,0.1,2900,100,face,3,5,0.605450868606567,0.15235718740923576,0.2011308574001378,0.2665534793328727,0.03743509625032215,0.20133928241561877,0.3911369608769727,1.5172627171708133e-6
0.5,74,OnlineFPCA-sgd,0.1,3000,100,face,3,5,0.608305215835571,0.3024011264929322,0.19144898607143815,0.2051308683282365,0.03744204636257285,0.19470615047744133,0.3779400178721166,1.16270486551083e-6
0.5,74,OnlineFPCA-sgd,0.1,3100,100,face,3,5,0.605571031570435,0.2456222874370842,0.22138001078364755,0.16893602228801777,0.037170628058352535,0.1853958089771934,0.3631501711687418,8.963985161888803e-7
0.5,74,OnlineFPCA-sgd,0.1,3200,100,face,3,5,0.581202983856201,0.2967578683408865,0.24449128624962288,0.18102685819022865,0.033365213551119294,0.17782396678376858,0.3509125321562685,5.389273943101579e-7
0.5,74,OnlineFPCA-sgd,0.1,3300,100,face,3,5,0.609456539154053,0.11803609280250861,0.16528577861727328,0.3745211912855666,0.03298441856926096,0.1709537255177844,0.3455158103152745,4.201450497646228e-7
0.5,74,OnlineFPCA-sgd,0.1,3400,100,face,3,5,0.624292373657227,0.18103128834644422,0.21444953516873105,0.30408360143500246,0.03187713256666473,0.1615411368731787,0.3416773216369543,3.2923380228679405e-7
0.5,74,OnlineFPCA-sgd,0.1,3500,100,face,3,5,0.615269184112549,0.2268351023608344,0.15203935392081167,0.3054827455399947,0.029379355350088277,0.15381951680683464,0.33665180777717485,3.2923380228679405e-7
0.5,74,OnlineFPCA-sgd,0.1,3600,100,face,3,5,0.608927011489868,0.2516455958534289,0.1800406403848184,0.2512714192312195,0.031111158299556723,0.14880698975074635,0.33088858150411343,3.2923380228679405e-7
0.5,74,OnlineFPCA-sgd,0.1,3700,100,face,3,5,0.613608360290527,0.37538971917936603,0.1541009537613939,0.1900755713964435,0.029362203422868834,0.1428570438366272,0.3223612368321864,3.2923380228679405e-7
0.5,74,OnlineFPCA-sgd,0.1,3800,100,face,3,5,0.588685989379883,0.2470792632562409,0.061785742096802806,0.14036080147496366,0.027561168477553678,0.13778180308895538,0.31517818452594837,2.0969046355355488e-7
0.5,74,OnlineFPCA-sgd,0.1,3900,100,face,3,5,0.607065677642822,0.21648525068732652,0.08672339349213323,0.16337280326047116,0.028723795594987493,0.1333690754832156,0.30422893429592013,2.0969046355355488e-7
0.5,74,OnlineFPCA-sgd,0.1,4000,100,face,3,5,0.607172012329102,0.030072261318270347,0.1289165257263595,0.29608248291049016,0.030072261318270347,0.1289165257263595,0.29608248291049016,2.0969046355355488e-7
0.5,74,OnlineFPCA-sgd,0.1,4100,100,face,3,5,0.785081386566162,0.4579317372249939,0.24202734071812002,0.38587130126204394,0.11560064089530817,0.17077145463315038,0.35192178209428254,2.0969046355355488e-7
0.5,74,OnlineFPCA-sgd,0.1,4200,100,face,3,5,0.593607902526855,0.15554016512348756,0.16142325753226208,0.4205609630232906,0.146829791605392,0.155437839369471,0.3765371731618535,1.6991982112169808e-7
0.5,74,OnlineFPCA-sgd,0.1,4300,100,face,3,5,0.582486391067505,0.15657461282397153,0.21405614306704157,0.4029248719250861,0.09503767721742885,0.1459700771777304,0.3918244970613747,1.6991982112169808e-7
0.5,74,OnlineFPCA-sgd,0.1,4400,100,face,3,5,0.592586755752563,0.21849165889560562,0.14060538582100623,0.2990375244899504,0.07292219213451381,0.146738488935983,0.3722717492278276,1.130908326269197e-7
0.5,74,OnlineFPCA-sgd,0.1,4500,100,face,3,5,0.605689287185669,0.24990194710112806,0.17900682277045984,0.276436717115304,0.057126534772469484,0.11146689122271264,0.35497965127416903,1.130908326269197e-7
0.5,74,OnlineFPCA-sgd,0.1,4600,100,face,3,5,0.593179702758789,0.19575635960918453,0.10429904770033814,0.3853952870118987,0.05459238552156559,0.10319604480405374,0.3389034817599244,1.130908326269197e-7
0.5,74,OnlineFPCA-sgd,0.1,4700,100,face,3,5,0.593358755111694,0.22480719538958055,0.18429715783649575,0.356798177941053,0.05047673539043887,0.09827270880513282,0.3368509220969234,1.130908326269197e-7
0.5,74,OnlineFPCA-sgd,0.1,4800,100,face,3,5,0.576868534088135,0.2047449925549913,0.16321884126774977,0.3103666661553347,0.05456925076086556,0.0952770476312251,0.33056699370685816,7.710080023446158e-8
0.5,74,OnlineFPCA-sgd,0.1,4900,100,face,3,5,0.565068960189819,0.1521858368018443,0.10845271930657895,0.34632880413012124,0.05359196619389719,0.09468317361869065,0.3284340341954373,6.383614383153115e-8
0.5,74,OnlineFPCA-sgd,0.1,5000,100,face,3,5,0.591719388961792,0.1496844029331194,0.17298930399523754,0.24966050455512612,0.046413953567747565,0.09048850325568736,0.31862527085292863,6.383614383153115e-8
0.5,74,OnlineFPCA-sgd,0.1,5100,100,face,3,5,0.115161895751953,0.22494927247013513,0.18522472265981837,0.3009795735691467,0.03973897208760501,0.08775305384300003,0.3076208220237089,NA
0.5,74,OnlineFPCA-sgd,0.1,5200,100,face,3,5,0.116252183914185,0.16953439858233987,0.18760039240676504,0.29860269541531875,0.05252550516935792,0.08419380968806395,0.3017190247668363,NA
0.5,74,OnlineFPCA-sgd,0.1,5300,100,face,3,5,0.117241621017456,0.20267532224257298,0.29148529662309547,0.2347983306671613,0.051540171866368105,0.0792171491463388,0.29120139050100896,NA
0.5,74,OnlineFPCA-sgd,0.1,5400,100,face,3,5,0.118416786193848,0.1076948417079476,0.12497832469380817,0.31334064777525017,0.04975521350835328,0.07698123845605637,0.28688560590907936,NA
0.5,74,OnlineFPCA-sgd,0.1,5500,100,face,3,5,0.1469886302948,0.15016986881688338,0.14029356695719336,0.29600732996840884,0.04721518281409617,0.07554293422630944,0.2828203012960268,NA
0.5,74,OnlineFPCA-sgd,0.1,5600,100,face,3,5,0.121236324310303,0.1742217511631845,0.18385666085232444,0.18276877281960222,0.04594046953446942,0.07249596394858973,0.27565682536949704,NA
0.5,74,OnlineFPCA-sgd,0.1,5700,100,face,3,5,0.116329431533813,0.12213233446642013,0.10142005377876886,0.31414210361015915,0.04468408583111608,0.07129147087466603,0.26567017032078954,NA
0.5,74,OnlineFPCA-sgd,0.1,5800,100,face,3,5,0.117496728897095,0.15514262936503992,0.18807820531849814,0.3124821919786975,0.043400955664063365,0.07072311100516807,0.2594806487630186,NA
0.5,74,OnlineFPCA-sgd,0.1,5900,100,face,3,5,0.117937803268433,0.16978654416318203,0.16037303135888145,0.3214062027558904,0.03788281084491539,0.06812008874233837,0.25341702170298636,NA
0.5,74,OnlineFPCA-sgd,0.1,6000,100,face,3,5,0.127983331680298,0.18761643564982622,0.24055777509803744,0.22851121945294814,0.035998215596898274,0.06366170282274242,0.2465905723317951,NA
0.5,74,OnlineFPCA-sgd,0.1,6100,100,face,3,5,0.132237434387207,0.22484932448544726,0.3903280828552929,0.18403705926189298,0.035289107114974676,0.059651926147577534,0.23836470242215274,NA
0.5,74,OnlineFPCA-sgd,0.1,6200,100,face,3,5,0.114973068237305,0.20588486628300176,0.23701497459344958,0.22235072378678952,0.03338335050399304,0.06380593072131127,0.2305358056541075,NA
0.5,74,OnlineFPCA-sgd,0.1,6300,100,face,3,5,0.11465311050415,0.18098378784255673,0.27046660160252695,0.2574367142810798,0.03385299488090091,0.0693156833638916,0.22561472226853305,NA
0.5,74,OnlineFPCA-sgd,0.1,6400,100,face,3,5,0.113434791564941,0.2255212530562932,0.16120667362937308,0.2577194757656245,0.036357756713241395,0.06933965078216099,0.2204719336392062,NA
0.5,74,OnlineFPCA-sgd,0.1,6500,100,face,3,5,0.116085052490234,0.19053803591922097,0.17802550676390258,0.32135732711931364,0.036151074208774364,0.06895958838227086,0.21550790290825156,NA
0.5,74,OnlineFPCA-sgd,0.1,6600,100,face,3,5,0.140050649642944,0.10931070882569803,0.4108449615312202,0.2854071108518026,0.033139943980524916,0.07317520739071388,0.21120312720490206,NA
0.5,74,OnlineFPCA-sgd,0.1,6700,100,face,3,5,0.124270915985107,0.21731934564086786,0.30745271412333713,0.26038066804825555,0.033073602843593126,0.0765528419777044,0.205596073943475,NA
0.5,74,OnlineFPCA-sgd,0.1,6800,100,face,3,5,0.11695408821106,0.16574986488651028,0.3153513569667882,0.3161798345410937,0.02693640260421994,0.07807773376656958,0.20192928228607376,NA
0.5,74,OnlineFPCA-sgd,0.1,6900,100,face,3,5,0.117802858352661,0.2703106807646752,0.22311290327994313,0.3069319441226567,0.02550008150488705,0.0793271681304668,0.19855365991533808,NA
0.5,74,OnlineFPCA-sgd,0.1,7000,100,face,3,5,0.120309114456177,0.16253619198252817,0.18148862289947998,0.323456764448435,0.02738500765603006,0.07984556456965504,0.19597593706055755,NA
0.5,74,OnlineFPCA-sgd,0.1,7100,100,face,3,5,0.125189304351807,0.2993051112646342,0.18219601257850154,0.32900035719218995,0.02558326103275178,0.07704512707764634,0.194868586802732,NA
0.5,74,OnlineFPCA-sgd,0.1,7200,100,face,3,5,0.147964715957642,0.22506945727563527,0.27309095993697957,0.27620145763039894,0.026268324004306294,0.06932983964674096,0.19482376991375858,NA
0.5,74,OnlineFPCA-sgd,0.1,7300,100,face,3,5,0.126443386077881,0.1932503461588512,0.11267971634239156,0.33510484726654266,0.023975890787717523,0.06441079360648409,0.19584426228122376,NA
0.5,74,OnlineFPCA-sgd,0.1,7400,100,face,3,5,0.118536710739136,0.18850510569919884,0.2197631666718102,0.3135566078288987,0.026482219939256396,0.06633159250002173,0.1982708313652525,NA
0.5,74,OnlineFPCA-sgd,0.1,7500,100,face,3,5,0.119789123535156,0.15591355453407507,0.15681705490526265,0.31330396731611354,0.029632086403278652,0.06536566791872235,0.1994032225472302,NA
0.5,74,OnlineFPCA-sgd,0.1,7600,100,face,3,5,0.119770526885986,0.055813546775561634,0.23733079630439502,0.3011894199760712,0.028323458862445167,0.06650135106804476,0.20065961949762876,NA
0.5,74,OnlineFPCA-sgd,0.1,7700,100,face,3,5,0.145939350128174,0.1669743473956804,0.25358455068753055,0.43536706244367257,0.026987179790734967,0.06854645272399376,0.2019147042775841,NA
0.5,74,OnlineFPCA-sgd,0.1,7800,100,face,3,5,0.12748122215271,0.10974679207108272,0.2266415819574882,0.4164453369671896,0.02593158026303706,0.07032708023698882,0.20725514338066703,NA
0.5,74,OnlineFPCA-sgd,0.1,7900,100,face,3,5,0.118612051010132,0.14234353962090351,0.20566714343638245,0.3221005040358414,0.02649118288077814,0.07232111344085501,0.21058366519701965,NA
0.5,74,OnlineFPCA-sgd,0.1,8000,100,face,3,5,0.120460510253906,0.24319260621400263,0.20907728038843726,0.2552936355859283,0.024405948192799395,0.0747236633647543,0.2118803229083319,NA
0.5,74,OnlineFPCA-sgd,0.1,8100,100,face,3,5,0.119201183319092,0.18726823632650608,0.19121631509127054,0.18502789592165905,0.022328283558268804,0.0744332545446844,0.2111767410019585,NA
0.5,74,OnlineFPCA-sgd,0.1,8200,100,face,3,5,0.123172044754028,0.22810554003310635,0.23884307238567895,0.24014529542946556,0.02253585542737081,0.07356120886224736,0.21061911181287576,NA
0.5,74,OnlineFPCA-sgd,0.1,8300,100,face,3,5,0.135021209716797,0.12783481719003617,0.20692104953159324,0.3442278320479,0.02380139151886548,0.07501237737402838,0.211358770274927,NA
0.5,74,OnlineFPCA-sgd,0.1,8400,100,face,3,5,0.117158889770508,0.1049552944828828,0.2057017227516136,0.3154070030828276,0.02360423837285416,0.07403646362584242,0.21144629550321892,NA
0.5,74,OnlineFPCA-sgd,0.1,8500,100,face,3,5,0.12027382850647,0.19223590336442134,0.14726731178469893,0.306617994003116,0.020233845832501787,0.07275782047391864,0.2113260164589847,NA
0.5,74,OnlineFPCA-sgd,0.1,8600,100,face,3,5,0.118299007415771,0.183997433923589,0.14648504355977687,0.2507475948647594,0.02084105625771488,0.07215502830224839,0.21169146429553384,NA
0.5,74,OnlineFPCA-sgd,0.1,8700,100,face,3,5,0.118564128875732,0.27630739305853347,0.12044232632901691,0.17844082982526657,0.020561001998577428,0.06926328609562135,0.210306368206837,NA
0.5,74,OnlineFPCA-sgd,0.1,8800,100,face,3,5,0.149292230606079,0.22669310245993554,0.07443326327769768,0.138398964423973,0.02034109662147071,0.06792598720267687,0.20871884585528153,NA
0.5,74,OnlineFPCA-sgd,0.1,8900,100,face,3,5,0.115154027938843,0.1641948433317336,0.0904900417135144,0.1402233206474423,0.02203737844634867,0.06751504840463927,0.2060999134480981,NA
0.5,74,OnlineFPCA-sgd,0.1,9000,100,face,3,5,0.116517543792725,0.16926326549151371,0.16458299961739478,0.21819459169434266,0.022272841830740634,0.06721211103965165,0.2042983065722612,NA
0.5,74,OnlineFPCA-sgd,0.1,9100,100,face,3,5,0.115561723709106,0.3510991429602431,0.18669602883760125,0.33426871855766654,0.023199941694162833,0.067778266129718,0.20500920384350085,NA
0.5,74,OnlineFPCA-sgd,0.1,9200,100,face,3,5,0.11786413192749,0.12397366694625161,0.1350329524943993,0.36172938688994033,0.02344274608774438,0.06765452661036347,0.20742097347057434,NA
0.5,74,OnlineFPCA-sgd,0.1,9300,100,face,3,5,0.137568235397339,0.14222939613018717,0.16556134017544397,0.3722361904665338,0.02388691595752054,0.06718016485798878,0.21040742128368334,NA
0.5,74,OnlineFPCA-sgd,0.1,9400,100,face,3,5,0.125652551651001,0.16381964950873684,0.12060841898900697,0.3084364156406595,0.023823351036120353,0.0675673676208532,0.21170418616840625,NA
0.5,74,OnlineFPCA-sgd,0.1,9500,100,face,3,5,0.11499810218811,0.21440920493142077,0.15911445892639794,0.29840677950725614,0.023565989281199975,0.0665511493567254,0.2124341483691419,NA
0.5,74,OnlineFPCA-sgd,0.1,9600,100,face,3,5,0.115654230117798,0.1536417339401193,0.09716536248602689,0.2986968366227026,0.022816158540391346,0.0650099833442446,0.21231010664305947,NA
0.5,74,OnlineFPCA-sgd,0.1,9700,100,face,3,5,0.117472648620605,0.1637315597371431,0.14105387449867934,0.29414462643976075,0.023056055858655177,0.06577296839748917,0.21223600087765035,NA
0.5,74,OnlineFPCA-sgd,0.1,9800,100,face,3,5,0.123543500900269,0.1454307146096146,0.1298944606418228,0.2660259467765714,0.022999070199633355,0.06565903363986235,0.2117233259944395,NA
0.5,74,OnlineFPCA-sgd,0.1,9900,100,face,3,5,0.134647607803345,0.1419698880104672,0.1074356745783991,0.3014203980558297,0.023016827286186144,0.06578868026158491,0.21210700808634644,NA
0.5,74,OnlineFPCA-sgd,0.1,10000,100,face,3,5,0.117940187454224,0.09915940012728293,0.14075675751568434,0.25625058631003017,0.02240020233321606,0.06532672076502119,0.2118020853264976,NA
0.5,74,OnlineFPCA-sgd,0.1,10100,100,face,3,5,0.118103504180908,0.17894587242141577,0.15510980193420726,0.29069160030734376,0.021675141589454994,0.06525446988069525,0.21164248291074153,NA
0.5,74,OnlineFPCA-sgd,0.1,10200,100,face,3,5,0.118233442306519,0.10681654944362913,0.16749991101725759,0.28082717958634856,0.023512640948220236,0.06522087978161711,0.21247745992855815,NA
0.5,74,OnlineFPCA-sgd,0.1,10300,100,face,3,5,0.119813203811646,0.16168819732951117,0.2336683176594551,0.22975033894176478,0.02265995055744239,0.06510449526756626,0.21243342756420722,NA
0.5,74,OnlineFPCA-sgd,0.1,10400,100,face,3,5,0.139295816421509,0.09501820053263796,0.14135816506980275,0.26711762258302985,0.022432744174734388,0.06600718095189037,0.2128179969976497,NA
0.5,74,OnlineFPCA-sgd,0.1,10500,100,face,3,5,0.126076221466064,0.14265945137502056,0.14438906845883734,0.23881214200714632,0.022017806470254576,0.06659229702420945,0.21280229858666083,NA
0.5,74,OnlineFPCA-sgd,0.1,10600,100,face,3,5,0.116018772125244,0.11553930739818702,0.1655215645299737,0.1785592111672911,0.021917057554873783,0.06697643999096724,0.2122374469147408,NA
0.5,74,OnlineFPCA-sgd,0.1,10700,100,face,3,5,0.11570930480957,0.11098972470702502,0.12668170062671932,0.2658678199174626,0.020809851969597108,0.06680085777879338,0.21146673511428937,NA
0.5,74,OnlineFPCA-sgd,0.1,10800,100,face,3,5,0.117453813552856,0.1352088569959482,0.17705456657752836,0.2590391759052277,0.019715560615202778,0.06705938813446434,0.21126307159009436,NA
0.5,74,OnlineFPCA-sgd,0.1,10900,100,face,3,5,0.125470399856567,0.13867799830767458,0.15120960050286558,0.27169922147974057,0.018944570466190924,0.06767768429527303,0.21100314250247063,NA
0.5,74,OnlineFPCA-sgd,0.1,11000,100,face,3,5,0.147029161453247,0.14001171247390068,0.19777436714454463,0.21052541019428372,0.019466865939972423,0.0673205033526078,0.21017902482327516,NA
0.5,74,OnlineFPCA-sgd,0.1,11100,100,face,3,5,0.114744901657104,0.1759383405859362,0.3203711596189493,0.17564104020009155,0.020323372674835895,0.06547046923148132,0.20885678993753132,NA
0.5,74,OnlineFPCA-sgd,0.1,11200,100,face,3,5,0.115742444992065,0.18668564917681604,0.21132726832824722,0.19476227340460486,0.019818085159211005,0.06501463337212228,0.20759775615557127,NA
0.5,74,OnlineFPCA-sgd,0.1,11300,100,face,3,5,0.11561131477356,0.1659129949948232,0.24693728619663077,0.22987590285905826,0.020066385332771698,0.06627171868947071,0.2067285738286512,NA
0.5,74,OnlineFPCA-sgd,0.1,11400,100,face,3,5,0.117953062057495,0.1924019019694563,0.15165140871655217,0.23282023203252628,0.021473351234731795,0.06707672509605142,0.20595637257781477,NA
0.5,74,OnlineFPCA-sgd,0.1,11500,100,face,3,5,0.144179344177246,0.15621549426601833,0.16621538965402072,0.2721194450709795,0.021526669464387745,0.06774001264554524,0.20539945922473557,NA
0.5,74,OnlineFPCA-sgd,0.1,11600,100,face,3,5,0.121732473373413,0.105176491959101,0.33978804194521145,0.24388221893420103,0.021291701709359852,0.06986472301628248,0.20502006210755505,NA
0.5,74,OnlineFPCA-sgd,0.1,11700,100,face,3,5,0.116490602493286,0.16694013099226684,0.2511049395221516,0.22996589279485644,0.02155925562038879,0.07194383721636657,0.20425753640885963,NA
0.5,74,OnlineFPCA-sgd,0.1,11800,100,face,3,5,0.116411685943604,0.15004538293361905,0.26512235901363107,0.27742040860436723,0.02063718723139965,0.07327242858957243,0.20409158725730234,NA
0.5,74,OnlineFPCA-sgd,0.1,11900,100,face,3,5,0.116770267486572,0.2385921383962195,0.19856411850679084,0.26636045875370934,0.020713227377307027,0.07452783017820344,0.20390053404507427,NA
0.5,74,OnlineFPCA-sgd,0.1,12000,100,face,3,5,0.124876499176025,0.15182044247162102,0.15498504874280414,0.2798128040941736,0.021952951450231063,0.0753110330414592,0.20370519337563955,NA
0.5,74,OnlineFPCA-sgd,0.1,12100,100,face,3,5,0.133154392242432,0.2608958642338745,0.1472638239494567,0.2819669701361224,0.022390294621643544,0.07484184631195752,0.20363205448362232,NA
0.5,74,OnlineFPCA-sgd,0.1,12200,100,face,3,5,0.114289045333862,0.19674939620989082,0.22283911965169614,0.24950462900823242,0.022715907568013387,0.07272662311645478,0.20370205982902728,NA
0.5,74,OnlineFPCA-sgd,0.1,12300,100,face,3,5,0.116889238357544,0.16632155766537327,0.0971014112015431,0.3025346143143809,0.022472973781623756,0.07113234164054023,0.20396800471401594,NA
0.5,74,OnlineFPCA-sgd,0.1,12400,100,face,3,5,0.118381500244141,0.17108905217122675,0.1814768432315807,0.29275955895939204,0.023466460956061357,0.0717919718183344,0.204716441588204,NA
0.5,74,OnlineFPCA-sgd,0.1,12500,100,face,3,5,0.120152711868286,0.14781265635928387,0.14577706847587465,0.2892352776913836,0.024775467436598756,0.07189655289744888,0.20512295846614886,NA
0.5,74,OnlineFPCA-sgd,0.1,12600,100,face,3,5,0.146559953689575,0.04866245386324522,0.200421719348328,0.27619321727825397,0.024464727400388773,0.07264203627086728,0.20564649582087927,NA
0.5,74,OnlineFPCA-sgd,0.1,12700,100,face,3,5,0.117103338241577,0.14302875475129906,0.2167949995772566,0.3840033242363409,0.024005581407010805,0.07370787370506213,0.2062158335320262,NA
0.5,74,OnlineFPCA-sgd,0.1,12800,100,face,3,5,0.115990877151489,0.10578264253635775,0.20554257029126016,0.3715854278070043,0.02362373047631746,0.07477586192040936,0.2081523189840409,NA
0.5,74,OnlineFPCA-sgd,0.1,12900,100,face,3,5,0.115674018859863,0.13607326410106507,0.1984780105633918,0.3059806451176965,0.02382898691623058,0.07595403876145075,0.2094541546249818,NA
0.5,74,OnlineFPCA-sgd,0.1,13000,100,face,3,5,0.116672992706299,0.1996769001424958,0.20644737992081535,0.2483434003194506,0.02307570701052832,0.07721198597030698,0.21011199282256682,NA
0.5,74,OnlineFPCA-sgd,0.1,13100,100,face,3,5,0.134263277053833,0.154259622001569,0.17209222625688017,0.18214479073563233,0.02223397529968279,0.0776750899979544,0.21003308407301252,NA
0.5,74,OnlineFPCA-sgd,0.1,13200,100,face,3,5,0.122147083282471,0.1900359832359083,0.22290500102371977,0.2285256393628223,0.02213551485680388,0.07773684112921535,0.20989577432485615,NA
0.5,74,OnlineFPCA-sgd,0.1,13300,100,face,3,5,0.113145589828491,0.1205632666481372,0.19778712567867598,0.30800684145067386,0.022626375141441248,0.0786053960403304,0.21023468751703955,NA
0.5,74,OnlineFPCA-sgd,0.1,13400,100,face,3,5,0.11341667175293,0.07459150683038084,0.18997536357747197,0.29286083662167306,0.022634737696333236,0.07878804398063811,0.21034995368487672,NA
0.5,74,OnlineFPCA-sgd,0.1,13500,100,face,3,5,0.115931987762451,0.17100605015564876,0.1379701272771581,0.2852920513093357,0.021293873489999317,0.07870385448115368,0.2103067151769275,NA
0.5,74,OnlineFPCA-sgd,0.1,13600,100,face,3,5,0.121877431869507,0.15522735069947682,0.12996094299788347,0.24125384930036392,0.02149592545238988,0.07867010731918662,0.2103416281738534,NA
0.5,74,OnlineFPCA-sgd,0.1,13700,100,face,3,5,0.12799334526062,0.21583321176026968,0.10321527330229394,0.17614613088116093,0.021376483618311733,0.07780414598207895,0.20969137448564085,NA
0.5,74,OnlineFPCA-sgd,0.1,13800,100,face,3,5,0.114266395568848,0.20799549972212059,0.07767929339794595,0.14523422511430406,0.021225608476042556,0.07740165928317477,0.20894297872894393,NA
0.5,74,OnlineFPCA-sgd,0.1,13900,100,face,3,5,0.116988897323608,0.13811373731185123,0.08718136640409471,0.13751991735691818,0.022061592007346257,0.0772570430400734,0.20783883746124962,NA
0.5,74,OnlineFPCA-sgd,0.1,14000,100,face,3,5,0.116131544113159,0.1435039175486196,0.14491168062002918,0.19068891965352205,0.02224875103438877,0.07717030503729448,0.20699075702976108,NA
0.5,74,OnlineFPCA-sgd,0.1,14100,100,face,3,5,0.116132497787476,0.2775007879530248,0.16566517267474704,0.2924760731205228,0.022706043004387933,0.07742293989147478,0.2071436411890703,NA
0.5,74,OnlineFPCA-sgd,0.1,14200,100,face,3,5,0.146195650100708,0.11282118688686553,0.1273590996235228,0.3158220091514815,0.02272529972664123,0.07737392963279927,0.20799359821244762,NA
0.5,74,OnlineFPCA-sgd,0.1,14300,100,face,3,5,0.119306087493896,0.12724799956039123,0.14509405070630335,0.3307989488006155,0.022942596848332705,0.07718430574944658,0.20911118722463726,NA
0.5,74,OnlineFPCA-sgd,0.1,14400,100,face,3,5,0.116004228591919,0.13472599844977015,0.11325823601078626,0.28761407928397087,0.022970427148202452,0.07732672164393904,0.20965766589420526,NA
0.5,74,OnlineFPCA-sgd,0.1,14500,100,face,3,5,0.117748975753784,0.19874050524909498,0.14253920046191546,0.28262137141432003,0.022918198188348178,0.07699235778909079,0.20998384235314252,NA
0.5,74,OnlineFPCA-sgd,0.1,14600,100,face,3,5,0.11693000793457,0.13169448549922835,0.09712871992761492,0.275894093077359,0.022556511237779804,0.0763547028278623,0.2099720422312995,NA
0.5,74,OnlineFPCA-sgd,0.1,14700,100,face,3,5,0.133265018463135,0.13367596983222416,0.12580067545145124,0.27392901212073323,0.022683940098492898,0.0766342812441367,0.209933122134665,NA
0.5,74,OnlineFPCA-sgd,0.1,14800,100,face,3,5,0.135873794555664,0.12187735947599714,0.11632141356808434,0.2506813408897654,0.02263337547642544,0.07658937654553384,0.20968040984428066,NA
0.5,74,OnlineFPCA-sgd,0.1,14900,100,face,3,5,0.117444276809692,0.12798376952121687,0.09998592733433617,0.27991517991440634,0.022589411993969154,0.07661446596261846,0.20979462188307166,NA
0.5,74,OnlineFPCA-sgd,0.1,15000,100,face,3,5,0.118178606033325,0.07905754215629918,0.12132737492251314,0.24369221167350716,0.022303754640164423,0.07641156808412876,0.20964885008705947,NA
0.5,74,OnlineFPCA-adagrad,0.1,0,100,face,3,5,0.982130527496338,0.07965087252473135,0.1388017218167267,0.2176291382687582,0.07965087252473135,0.1388017218167267,0.2176291382687582,1.0000000000000016e-5
0.5,74,OnlineFPCA-adagrad,0.1,100,100,face,3,5,0.445560693740845,0.41334487081710175,0.836776375452495,1.4430879472918021,NA,NA,NA,1.7782794100389257e-4
0.5,74,OnlineFPCA-adagrad,0.1,200,100,face,3,5,0.442245244979858,1.0803287500076664,1.0837324834940258,0.2859174922326403,NA,NA,NA,3.0236724414100097e-5
0.5,74,OnlineFPCA-adagrad,0.1,300,100,face,3,5,0.449526309967041,1.4954463783456422,0.7402916571743439,0.35957923268876224,NA,NA,NA,3.0236724414100097e-5
0.5,74,OnlineFPCA-adagrad,0.1,400,100,face,3,5,0.453141927719116,1.2472107361655282,1.229736003527272,0.8823190324045832,NA,NA,NA,1.0159522924408641e-5
0.5,74,OnlineFPCA-adagrad,0.1,500,100,face,3,5,0.450464248657227,0.5394589290222166,0.6302442360860443,1.3923361117301145,NA,NA,NA,1.0159522924408641e-5
0.5,74,OnlineFPCA-adagrad,0.1,600,100,face,3,5,0.626404285430908,0.5190858878626906,0.6282583918437196,1.3914693386203008,NA,NA,NA,1.0159522924408641e-5
0.5,74,OnlineFPCA-adagrad,0.1,700,100,face,3,5,0.436097145080566,0.4113223390876303,0.585899290762664,1.3739195251275411,NA,NA,NA,1.0159522924408641e-5
0.5,74,OnlineFPCA-adagrad,0.1,800,100,face,3,5,0.439005374908447,0.40513778610227913,0.5853096994969019,1.3729313929421836,NA,NA,NA,1.9881361609051017e-5
0.5,74,OnlineFPCA-adagrad,0.1,900,100,face,3,5,0.437825202941895,0.39720256262745174,0.5805077653234634,1.3722430873962324,NA,NA,NA,3.689297102076933e-5
0.5,74,OnlineFPCA-adagrad,0.1,1000,100,face,3,5,0.437371969223022,0.38976196247779515,0.5694890351100459,1.3686697396308973,NA,NA,NA,6.55166103447784e-5
0.5,74,OnlineFPCA-adagrad,0.1,1100,100,face,3,5,0.597105503082275,0.257747929736138,0.5153323777117141,1.2389930221321523,0.14359672032409132,0.29105732357656366,1.309868125530142,6.55166103447784e-5
0.5,74,OnlineFPCA-adagrad,0.1,1200,100,face,3,5,0.60219144821167,0.24801237020885286,0.42065339308024857,1.162945323045514,0.1106053572140683,0.3782736698149747,1.2665922196125576,1.0861154533977102e-4
0.5,74,OnlineFPCA-adagrad,0.1,1300,100,face,3,5,0.610827445983887,0.6756453098803814,0.4241519113964286,0.8320691177871169,0.11562284747812814,0.3759950135585435,1.1718844462884583,1.0861154533977102e-4
0.5,74,OnlineFPCA-adagrad,0.1,1400,100,face,3,5,0.607141017913818,0.2683603342060348,0.40804975272611554,0.4796245414494877,0.10485480971147207,0.3701697167601644,0.9911225911621284,6.899316229903206e-5
0.5,74,OnlineFPCA-adagrad,0.1,1500,100,face,3,5,0.612022876739502,0.3256111250160285,0.3766117925812437,0.4324110281865218,0.10630416843858598,0.352030187336466,0.8702126400993565,6.899316229903206e-5
0.5,74,OnlineFPCA-adagrad,0.1,1600,100,face,3,5,0.603897333145142,0.17154279908269127,0.28665066989951815,0.427034110278483,0.09087131681169586,0.3339551866634847,0.7923959731335738,6.899316229903206e-5
0.5,74,OnlineFPCA-adagrad,0.1,1700,100,face,3,5,0.610552787780762,0.12257730803787674,0.2637637009869366,0.3914715961547645,0.0851930495945554,0.32088159696902185,0.7305125359384443,6.899316229903206e-5
0.5,74,OnlineFPCA-adagrad,0.1,1800,100,face,3,5,0.623645305633545,0.13440399453695348,0.2630855518217768,0.38624140089519704,0.07553958159485055,0.31083313502220017,0.6813010897736402,4.7154858813776716e-5
0.5,74,OnlineFPCA-adagrad,0.1,1900,100,face,3,5,0.61692476272583,0.1417826476461191,0.248672190298399,0.3685256330423343,0.06973494365778125,0.30274040143291925,0.642997283374892,2.2659177876325076e-5
0.5,74,OnlineFPCA-adagrad,0.1,2000,100,face,3,5,0.631949186325073,0.11796092509790114,0.26044580875194284,0.356590334183766,0.07044488477182652,0.2972023969658448,0.6105320232653313,2.2659177876325076e-5
0.5,74,OnlineFPCA-adagrad,0.1,2100,100,face,3,5,0.61066460609436,0.34683710496285797,0.26946545568465347,0.3249419454315549,0.059305488693805065,0.2908357368025961,0.5800017173579298,2.2659177876325076e-5
0.5,74,OnlineFPCA-adagrad,0.1,2200,100,face,3,5,0.614755868911743,0.27125063282937806,0.26393893114889877,0.23469143988173818,0.05706409272800599,0.2812705042651244,0.5454512386335044,2.2659177876325076e-5
0.5,74,OnlineFPCA-adagrad,0.1,2300,100,face,3,5,0.619885921478271,0.1642955860276898,0.1925785632042524,0.38565913741388563,0.04852355857382585,0.2729874503904209,0.5182316775061372,1.1934517206958335e-5
0.5,74,OnlineFPCA-adagrad,0.1,2400,100,face,3,5,0.612902164459229,0.16496246745865398,0.22832339724882592,0.3181634061700675,0.04753838228129981,0.2622335143062689,0.4924489145284983,8.743224486214632e-6
0.5,74,OnlineFPCA-adagrad,0.1,2500,100,face,3,5,0.612210273742676,0.17329385975943015,0.14867742826515276,0.2680150397354284,0.049047164611786695,0.24879704681978757,0.4645373543222128,4.775499993358696e-6
0.5,74,OnlineFPCA-adagrad,0.1,2600,100,face,3,5,0.828465461730957,0.08237189925282047,0.1891899349200064,0.21741025334038405,0.046639897664835714,0.23441871343563897,0.438595585165046,2.6514227687051123e-6
0.5,74,OnlineFPCA-adagrad,0.1,2700,100,face,3,5,0.644249439239502,0.1488769721100289,0.21071188780068892,0.5729673936471684,0.04233453892871145,0.21888578331811803,0.41898383229824837,1.990858099906877e-6
0.5,74,OnlineFPCA-adagrad,0.1,2800,100,face,3,5,0.650497198104858,0.09769636718288022,0.24738514250668533,0.46467848937399503,0.0388342357664006,0.2071676788264195,0.40718931034089556,1.990858099906877e-6
0.5,74,OnlineFPCA-adagrad,0.1,2900,100,face,3,5,0.67982029914856,0.1236975185502544,0.19334340905864011,0.25664950314205726,0.03689984518247882,0.19783688028700877,0.3929368138982886,1.990858099906877e-6
0.5,74,OnlineFPCA-adagrad,0.1,3000,100,face,3,5,0.649833917617798,0.15310615033401317,0.18065526901306034,0.159384922811494,0.03556376190747559,0.19039649821813254,0.37861955364144395,1.5256292618984682e-6
0.5,74,OnlineFPCA-adagrad,0.1,3100,100,face,3,5,0.644559621810913,0.1107231726559895,0.2009569568144411,0.2512847859764103,0.034671917413648064,0.18091679137493216,0.3606575722306302,1.17619857556826e-6
0.5,74,OnlineFPCA-adagrad,0.1,3200,100,face,3,5,0.646880865097046,0.16522411014402563,0.2735564089500114,0.09069231143605264,0.03132616421027202,0.17581949737167435,0.34575159345682493,9.120007900600413e-7
0.5,74,OnlineFPCA-adagrad,0.1,3300,100,face,3,5,0.642374753952026,0.0944301397012492,0.16120201850642943,0.3795562931632554,0.030833419484826312,0.1703829362753164,0.34085648489064885,7.109911675869121e-7
0.5,74,OnlineFPCA-adagrad,0.1,3400,100,face,3,5,0.62978720664978,0.08052864951708774,0.1676501283527214,0.3361424406053525,0.03039546454966165,0.16148040875073033,0.3383608716518844,5.571464560349e-7
0.5,74,OnlineFPCA-adagrad,0.1,3500,100,face,3,5,0.641932725906372,0.17008098995092077,0.1298069829258371,0.3156143547179455,0.02809452910404338,0.15410254863834685,0.334660026974548,5.571464560349e-7
0.5,74,OnlineFPCA-adagrad,0.1,3600,100,face,3,5,0.646512508392334,0.15337966412567233,0.20260891203332423,0.2732454531673803,0.0293115732024358,0.14955853393589752,0.32941745220962076,5.571464560349e-7
0.5,74,OnlineFPCA-adagrad,0.1,3700,100,face,3,5,0.656343221664429,0.18169433249124167,0.15867152259975226,0.19275296916162246,0.028615242776409762,0.14407387774557473,0.3206984899743773,5.571464560349e-7
0.5,74,OnlineFPCA-adagrad,0.1,3800,100,face,3,5,0.652931213378906,0.18358877855742778,0.08599491186078309,0.15862963702702024,0.02709870847705162,0.1404326124150184,0.31435156235703027,3.548490398668417e-7
0.5,74,OnlineFPCA-adagrad,0.1,3900,100,face,3,5,0.660918235778809,0.11746410564131331,0.1035315743054639,0.18137783709239852,0.027955414733443356,0.13750152695003384,0.30348402490254345,3.548490398668417e-7
0.5,74,OnlineFPCA-adagrad,0.1,4000,100,face,3,5,0.658779144287109,0.028416012476882004,0.13370186968748243,0.2952001296318114,0.028416012476882004,0.13370186968748243,0.2952001296318114,3.548490398668417e-7
0.5,74,OnlineFPCA-adagrad,0.1,4100,100,face,3,5,0.667783737182617,0.17289422920920622,0.22762319435092518,0.5137618434963956,0.15557491557729497,0.1802291853535294,0.4099270559883331,3.548490398668417e-7
0.5,74,OnlineFPCA-adagrad,0.1,4200,100,face,3,5,0.666566848754883,0.081256357718408,0.1913562702116108,0.4601524973156202,0.11181859251349353,0.13149377914383603,0.4371991942551662,3.548490398668417e-7
0.5,74,OnlineFPCA-adagrad,0.1,4300,100,face,3,5,0.844599962234497,0.15485382369080453,0.23470407526357384,0.45101088007819506,0.08410548496606289,0.12659571083613474,0.44157925842357,3.548490398668417e-7
0.5,74,OnlineFPCA-adagrad,0.1,4400,100,face,3,5,0.660660266876221,0.1347766537625542,0.14190336490908728,0.2778647167321164,0.07758433364346949,0.1290166785513491,0.4053634847551331,2.894911650957663e-7
0.5,74,OnlineFPCA-adagrad,0.1,4500,100,face,3,5,0.659196853637695,0.22075330015451472,0.14667757761870362,0.2856071771481913,0.06816083481848476,0.08642278954697466,0.3710914359875813,2.894911650957663e-7
0.5,74,OnlineFPCA-adagrad,0.1,4600,100,face,3,5,0.662102222442627,0.12594656064082363,0.042389984731352845,0.41090106621506406,0.06591390284708207,0.07369431089754554,0.3478566466190546,2.894911650957663e-7
0.5,74,OnlineFPCA-adagrad,0.1,4700,100,face,3,5,0.659433364868164,0.1162077921033501,0.1663249063377678,0.36982900599434737,0.05648816025756549,0.06823932338506956,0.3380717945674515,1.9624418878562752e-7
0.5,74,OnlineFPCA-adagrad,0.1,4800,100,face,3,5,0.656216621398926,0.09919034426296905,0.15732534473432178,0.33299989081122444,0.057688852821232255,0.06485458833216358,0.32736178251521597,1.3379142805190565e-7
0.5,74,OnlineFPCA-adagrad,0.1,4900,100,face,3,5,0.665923595428467,0.10307593313821779,0.07440837595934231,0.4180205768345473,0.055945114342991514,0.06295590611774528,0.32626098812984144,1.1077354344669914e-7
0.5,74,OnlineFPCA-adagrad,0.1,5000,100,face,3,5,0.651748418807983,0.08512922125882798,0.17812320009532678,0.27852896807536515,0.047883911926883044,0.058178093652205595,0.3164374979651847,1.1077354344669914e-7
0.5,74,OnlineFPCA-adagrad,0.1,5100,100,face,3,5,0.130497217178345,0.15591444955426625,0.17809012207058414,0.3506442949991946,0.03874472656548326,0.0590750449289954,0.30898578437514856,NA
0.5,74,OnlineFPCA-adagrad,0.1,5200,100,face,3,5,0.133005380630493,0.10032557783692624,0.20716782253483057,0.34948150422244084,0.045971408357240846,0.057633954521605454,0.30558148918029604,NA
0.5,74,OnlineFPCA-adagrad,0.1,5300,100,face,3,5,0.137932062149048,0.14509878239819363,0.34849801114702317,0.21043772661405763,0.046488799172535025,0.05465348996200838,0.29218871213046527,NA
0.5,74,OnlineFPCA-adagrad,0.1,5400,100,face,3,5,0.132960557937622,0.0825273051126437,0.1383968644874157,0.3639356637487927,0.044081277745169005,0.057342561238397864,0.28410079805052896,NA
0.5,74,OnlineFPCA-adagrad,0.1,5500,100,face,3,5,0.138912200927734,0.13488264726448515,0.16853253963869974,0.3323381952681525,0.040890517965634705,0.05883117071687086,0.2755174668611598,NA
0.5,74,OnlineFPCA-adagrad,0.1,5600,100,face,3,5,0.137259244918823,0.0831823506220539,0.14988784976987146,0.16543776667943585,0.03976962560158944,0.05817217392898289,0.2650313742705618,NA
0.5,74,OnlineFPCA-adagrad,0.1,5700,100,face,3,5,0.128839015960693,0.10645261976340542,0.09961081647113587,0.39796132130157347,0.03819810658800216,0.05695166297400713,0.25341842654772395,NA
0.5,74,OnlineFPCA-adagrad,0.1,5800,100,face,3,5,0.134032964706421,0.11944802349222837,0.20644666901222583,0.3946784977405509,0.03660367686487479,0.057796094773167626,0.2488823685979155,NA
0.5,74,OnlineFPCA-adagrad,0.1,5900,100,face,3,5,0.133116483688354,0.11646820157575302,0.1750420680792171,0.32702433918798135,0.03244116928027357,0.05986614880249905,0.24362038001086372,NA
0.5,74,OnlineFPCA-adagrad,0.1,6000,100,face,3,5,0.135010719299316,0.10675001050978285,0.26513421839796725,0.24559922335253617,0.030922311424015764,0.05651882266576399,0.23520190100515706,NA
0.5,74,OnlineFPCA-adagrad,0.1,6100,100,face,3,5,0.312873363494873,0.1200013906729207,0.3523902608661809,0.19070115124112483,0.029724934590874857,0.0508221591292203,0.22504612285409256,NA
0.5,74,OnlineFPCA-adagrad,0.1,6200,100,face,3,5,0.133938312530518,0.13743935005149718,0.25166174166767397,0.23213653104568346,0.026555663839032444,0.0551721878660878,0.21531366888025227,NA
0.5,74,OnlineFPCA-adagrad,0.1,6300,100,face,3,5,0.13750147819519,0.14893590551698646,0.28615703873620213,0.2636487155870249,0.02625777544463904,0.06183659039416715,0.20909869573442588,NA
0.5,74,OnlineFPCA-adagrad,0.1,6400,100,face,3,5,0.136876821517944,0.16044592107386593,0.2150704117975828,0.3180218538960291,0.028056165580181418,0.06372183590948166,0.20481786181859066,NA
0.5,74,OnlineFPCA-adagrad,0.1,6500,100,face,3,5,0.133261919021606,0.12343531591561457,0.21733841040171825,0.40004383540172656,0.02783573620646568,0.06539789058845,0.2028849941261555,NA
0.5,74,OnlineFPCA-adagrad,0.1,6600,100,face,3,5,0.13280463218689,0.10384221046585979,0.43923482353221693,0.30605277800156505,0.02470493485183702,0.0730790224532882,0.20057534175286787,NA
0.5,74,OnlineFPCA-adagrad,0.1,6700,100,face,3,5,0.134330749511719,0.13472603730523805,0.28868858114722223,0.3194661050820345,0.024875922848873074,0.07909921037460906,0.19479475839923535,NA
0.5,74,OnlineFPCA-adagrad,0.1,6800,100,face,3,5,0.134738206863403,0.1477173845224105,0.3026864991949449,0.38042650928937116,0.021987118678930974,0.08083944391630837,0.1936625869298251,NA
0.5,74,OnlineFPCA-adagrad,0.1,6900,100,face,3,5,0.140151739120483,0.16804773431258443,0.1986062179710212,0.3666840680076062,0.020802740401089967,0.08218061739134613,0.19317979776474575,NA
0.5,74,OnlineFPCA-adagrad,0.1,7000,100,face,3,5,0.136361360549927,0.13223026435365975,0.1555101943219727,0.3615753076152995,0.02305930348234232,0.08203589197415084,0.1926107092946751,NA
0.5,74,OnlineFPCA-adagrad,0.1,7100,100,face,3,5,0.13967752456665,0.19713274157927188,0.20769640252843372,0.3405528373712729,0.022486866123849564,0.07836498883425445,0.19294021201960654,NA
0.5,74,OnlineFPCA-adagrad,0.1,7200,100,face,3,5,0.133508920669556,0.14444537886961756,0.2804491549470049,0.26878276227257963,0.023001160012343216,0.06981977539795603,0.1935751081685038,NA
0.5,74,OnlineFPCA-adagrad,0.1,7300,100,face,3,5,0.129841804504395,0.15813007151787378,0.12222701043152515,0.3514087172005234,0.0223847243903813,0.06563590323745182,0.19529748383513754,NA
0.5,74,OnlineFPCA-adagrad,0.1,7400,100,face,3,5,0.133249282836914,0.16454676772330828,0.22308287274397734,0.3222574457169977,0.02403582308492054,0.06839358649579241,0.19875397756087818,NA
0.5,74,OnlineFPCA-adagrad,0.1,7500,100,face,3,5,0.13034200668335,0.145278954564075,0.17509769685638132,0.3447509989750465,0.026394629616964576,0.06808612389921516,0.2002699298868721,NA
0.5,74,OnlineFPCA-adagrad,0.1,7600,100,face,3,5,0.137136697769165,0.056610314666580286,0.21391812342453254,0.32195365785423397,0.02623293816756737,0.06959815960407476,0.2021957288220116,NA
0.5,74,OnlineFPCA-adagrad,0.1,7700,100,face,3,5,0.137314558029175,0.11969287696600861,0.24124938328813236,0.5188484367858545,0.025222209717967868,0.07098151183486051,0.20355243175139517,NA
0.5,74,OnlineFPCA-adagrad,0.1,7800,100,face,3,5,0.131054401397705,0.10399082129010945,0.24060782863251026,0.4665089051828218,0.024538877149242036,0.07300676979447862,0.21061041346860013,NA
0.5,74,OnlineFPCA-adagrad,0.1,7900,100,face,3,5,0.127390146255493,0.10937486342520188,0.21997987108828979,0.31762252277448844,0.02474862223299777,0.07585659699197098,0.21391898018140376,NA
0.5,74,OnlineFPCA-adagrad,0.1,8000,100,face,3,5,0.125272989273071,0.10205174220000067,0.20981374699238572,0.20282437531269573,0.023694497619580434,0.07841320063078522,0.21418147054229514,NA
0.5,74,OnlineFPCA-adagrad,0.1,8100,100,face,3,5,0.132220268249512,0.10085196146499441,0.19431149998734545,0.20431139988362162,0.02180688315196035,0.07841155784907614,0.2107417930064333,NA
0.5,74,OnlineFPCA-adagrad,0.1,8200,100,face,3,5,0.127626419067383,0.1346168697616588,0.25457578341863285,0.14537939290850568,0.021000509889136543,0.07799473913424786,0.2065369558201419,NA
0.5,74,OnlineFPCA-adagrad,0.1,8300,100,face,3,5,0.128787517547607,0.07991316979575293,0.20663944166048984,0.3645907445715258,0.021581136029747247,0.07993495496522157,0.2053356988931095,NA
0.5,74,OnlineFPCA-adagrad,0.1,8400,100,face,3,5,0.133235454559326,0.060176522084085325,0.2006663661748729,0.34302420987709487,0.021939794975440383,0.07903246260767835,0.20390200184710666,NA
0.5,74,OnlineFPCA-adagrad,0.1,8500,100,face,3,5,0.128159284591675,0.1284143242976389,0.14121141512906502,0.30901913386363716,0.02010174628098159,0.07798619490705744,0.20271701685998383,NA
0.5,74,OnlineFPCA-adagrad,0.1,8600,100,face,3,5,0.132978439331055,0.11671340323316816,0.15885380145503175,0.2621653868758022,0.019938180260360115,0.07738377987954102,0.20167190975017388,NA
0.5,74,OnlineFPCA-adagrad,0.1,8700,100,face,3,5,0.130835771560669,0.12610995496786556,0.1308688232632151,0.1892857681547524,0.019651530758098782,0.07461594068655254,0.19880264818468266,NA
0.5,74,OnlineFPCA-adagrad,0.1,8800,100,face,3,5,0.125604629516602,0.15261593748262584,0.09783208926066203,0.15729902454259287,0.019121192347374548,0.07354556413515026,0.19706677876010234,NA
0.5,74,OnlineFPCA-adagrad,0.1,8900,100,face,3,5,0.130337238311768,0.09669047489185244,0.1046012800107863,0.18398021860505434,0.02065456842573383,0.07292503870698028,0.19450234229286834,NA
0.5,74,OnlineFPCA-adagrad,0.1,9000,100,face,3,5,0.135351896286011,0.11512066360184235,0.15613940231152085,0.2890849515579076,0.02157802202584028,0.07241663506895649,0.1931285953766979,NA
0.5,74,OnlineFPCA-adagrad,0.1,9100,100,face,3,5,0.128631830215454,0.15267681186974288,0.172774316647585,0.47537291440889545,0.022343852601590258,0.07309799193766646,0.19537426942967223,NA
0.5,74,OnlineFPCA-adagrad,0.1,9200,100,face,3,5,0.134639263153076,0.10114674082955463,0.16995573756517818,0.4336119925197831,0.021909221047254658,0.07266720684492002,0.19976606515002102,NA
0.5,74,OnlineFPCA-adagrad,0.1,9300,100,face,3,5,0.130275011062622,0.11410123219424297,0.1778616772655013,0.4455882324517663,0.022131226959356702,0.07176541046877188,0.20448343245454584,NA
0.5,74,OnlineFPCA-adagrad,0.1,9400,100,face,3,5,0.132895708084106,0.0887883772116018,0.13671201944362546,0.3320029571700111,0.022397064138442804,0.07212707060677187,0.20667775703882224,NA
0.5,74,OnlineFPCA-adagrad,0.1,9500,100,face,3,5,0.135335683822632,0.17285496559031316,0.16422640493279167,0.3177729789877675,0.022608779937245273,0.07146085606964324,0.20768435471263236,NA
0.5,74,OnlineFPCA-adagrad,0.1,9600,100,face,3,5,0.132657289505005,0.08867525703032177,0.11162915539701299,0.33714059494366344,0.02249998449499227,0.07039250745619019,0.2077062499440169,NA
0.5,74,OnlineFPCA-adagrad,0.1,9700,100,face,3,5,0.135726928710938,0.07802842671405993,0.151761008232534,0.3333353340280359,0.022511042595435956,0.07149740964360231,0.2075525884530045,NA
0.5,74,OnlineFPCA-adagrad,0.1,9800,100,face,3,5,0.135885238647461,0.07846917555074849,0.13517233899783967,0.29838818514343407,0.022651145721719907,0.07174738408287014,0.20674976735276587,NA
0.5,74,OnlineFPCA-adagrad,0.1,9900,100,face,3,5,0.130579471588135,0.07856631913174063,0.1110392787797949,0.3726044246896127,0.022652492629092767,0.0719715793974338,0.2073709540979993,NA
0.5,74,OnlineFPCA-adagrad,0.1,10000,100,face,3,5,0.140816450119019,0.05685334263385021,0.14112251185649297,0.30447816798672916,0.022210825633856655,0.0715775098582265,0.20712061537503892,NA
0.5,74,OnlineFPCA-adagrad,0.1,10100,100,face,3,5,0.135806083679199,0.11358614124115476,0.13975011057062167,0.333045787727686,0.021644793915834994,0.07155746870697403,0.20766945896553524,NA
0.5,74,OnlineFPCA-adagrad,0.1,10200,100,face,3,5,0.136536359786987,0.0992710840757086,0.16518354364508483,0.3085508214781328,0.0226951390814447,0.07146704528763057,0.20907543843270907,NA
0.5,74,OnlineFPCA-adagrad,0.1,10300,100,face,3,5,0.137033939361572,0.11860226275064342,0.25173505594531204,0.20631934302060426,0.02254860141456359,0.0715665250458935,0.20882963156633172,NA
0.5,74,OnlineFPCA-adagrad,0.1,10400,100,face,3,5,0.137634754180908,0.07055716858030717,0.14199690895205647,0.2900615050140061,0.02206167111047924,0.07256562749729835,0.20885407568953449,NA
0.5,74,OnlineFPCA-adagrad,0.1,10500,100,face,3,5,0.143328905105591,0.1142233678340452,0.15230197350109606,0.2548705405811181,0.02128901476094863,0.07309730934372506,0.2079644095156339,NA
0.5,74,OnlineFPCA-adagrad,0.1,10600,100,face,3,5,0.140505790710449,0.07873974404113823,0.14140345560990752,0.14633167317704726,0.020824587215363306,0.07349701862149645,0.20666363221798623,NA
0.5,74,OnlineFPCA-adagrad,0.1,10700,100,face,3,5,0.132439136505127,0.10446685487142655,0.11493118443638824,0.32766424401755556,0.019698148495001178,0.0730800656240228,0.20547523782554203,NA
0.5,74,OnlineFPCA-adagrad,0.1,10800,100,face,3,5,0.138838529586792,0.1143229735437923,0.18902099357094165,0.32996873792366765,0.018524227147379814,0.07312305102854062,0.20519206013620425,NA
0.5,74,OnlineFPCA-adagrad,0.1,10900,100,face,3,5,0.139371395111084,0.08459433948839354,0.14548560508472597,0.3017231883111885,0.017604758054416123,0.07372741136694938,0.20487917482659554,NA
0.5,74,OnlineFPCA-adagrad,0.1,11000,100,face,3,5,0.14012598991394,0.08283804762465717,0.20141455435282046,0.23151945747768246,0.017730997995836214,0.07314483635778866,0.20351288660509892,NA
0.5,74,OnlineFPCA-adagrad,0.1,11100,100,face,3,5,0.143637895584106,0.08794231659626531,0.2962473412088591,0.18716585051262358,0.018258136071719534,0.07076050248404125,0.20147122752465363,NA
0.5,74,OnlineFPCA-adagrad,0.1,11200,100,face,3,5,0.139686584472656,0.12129534932213407,0.20733576459010533,0.22208374805573608,0.017863935891707438,0.0696398555877435,0.19960358985712973,NA
0.5,74,OnlineFPCA-adagrad,0.1,11300,100,face,3,5,0.137941122055054,0.12359778802209442,0.2363366408329698,0.25724502141948935,0.017770224428545037,0.07040238410810101,0.19836487773946895,NA
0.5,74,OnlineFPCA-adagrad,0.1,11400,100,face,3,5,0.129091262817383,0.13207245579730675,0.17730325097933206,0.28841100713327417,0.01863177190630064,0.07107929794972004,0.19768870653977194,NA
0.5,74,OnlineFPCA-adagrad,0.1,11500,100,face,3,5,0.136152505874634,0.10358927824385043,0.1864734853262703,0.3537742704641305,0.018801542796648238,0.07169705122128316,0.19775105792241768,NA
0.5,74,OnlineFPCA-adagrad,0.1,11600,100,face,3,5,0.142753124237061,0.10242847885712285,0.35871663200166604,0.2821938656699489,0.01854658694420926,0.07396112461484708,0.1978593951342767,NA
0.5,74,OnlineFPCA-adagrad,0.1,11700,100,face,3,5,0.133721113204956,0.11171690752031888,0.2461046242687507,0.2838466148791741,0.01876729408445042,0.07626216884833978,0.19716511382147248,NA
0.5,74,OnlineFPCA-adagrad,0.1,11800,100,face,3,5,0.141228675842285,0.12678855705797532,0.2627385087110252,0.3367885344363466,0.01862010912532763,0.07738853053046427,0.1975444455891726,NA
0.5,74,OnlineFPCA-adagrad,0.1,11900,100,face,3,5,0.137970924377441,0.13859934915832478,0.18649938134652344,0.3238538011040572,0.018667791464470437,0.0784511584831812,0.1978861068333499,NA
0.5,74,OnlineFPCA-adagrad,0.1,12000,100,face,3,5,0.135097026824951,0.12247827145938155,0.13784285469659044,0.3219967672306597,0.01965353486670939,0.07897516890690388,0.1980258813091662,NA
0.5,74,OnlineFPCA-adagrad,0.1,12100,100,face,3,5,0.134851694107056,0.17433351012703027,0.16184573588911905,0.30668354525532393,0.020270356378004496,0.07823970817783091,0.19818160403292817,NA
0.5,74,OnlineFPCA-adagrad,0.1,12200,100,face,3,5,0.135793685913086,0.12712932071926256,0.23112347560746552,0.2596599534818003,0.0206989145285829,0.07592178192357833,0.19837575574402486,NA
0.5,74,OnlineFPCA-adagrad,0.1,12300,100,face,3,5,0.142942190170288,0.13682119968335385,0.09880402378637437,0.32358071788923765,0.020845560008490305,0.07442766364255349,0.19884141110353687,NA
0.5,74,OnlineFPCA-adagrad,0.1,12400,100,face,3,5,0.142070770263672,0.15227183000701447,0.18917869802591963,0.3068836749200917,0.021626535151108694,0.07508748977006385,0.19989405095216997,NA
0.5,74,OnlineFPCA-adagrad,0.1,12500,100,face,3,5,0.134411811828613,0.13767300909360333,0.16045113437767405,0.3200275249904374,0.022690979804866878,0.07529196227803338,0.20042940935224668,NA
0.5,74,OnlineFPCA-adagrad,0.1,12600,100,face,3,5,0.136724472045898,0.04801310883238865,0.187152305045247,0.2987652934587861,0.02286108305792946,0.07610503200518315,0.20115679327534042,NA
0.5,74,OnlineFPCA-adagrad,0.1,12700,100,face,3,5,0.141040802001953,0.09685293472594235,0.20733695257787071,0.44402251955634775,0.022539538303254163,0.07705666624868152,0.20180190480800111,NA
0.5,74,OnlineFPCA-adagrad,0.1,12800,100,face,3,5,0.137468099594116,0.0985272498683117,0.21562434515161502,0.4135471700969595,0.022231309669582495,0.07815894613454548,0.20431870750880834,NA
0.5,74,OnlineFPCA-adagrad,0.1,12900,100,face,3,5,0.137043952941895,0.09936059787489163,0.2101795552422324,0.3105891333754319,0.02227835590188598,0.0794782426074758,0.2057339127100408,NA
0.5,74,OnlineFPCA-adagrad,0.1,13000,100,face,3,5,0.136013746261597,0.07635480468999958,0.2078546720099226,0.21362722599083675,0.021902046870756746,0.08072930445352208,0.206151552495058,NA
0.5,74,OnlineFPCA-adagrad,0.1,13100,100,face,3,5,0.347350120544434,0.09030060016933934,0.17583684958358578,0.15732392249838464,0.021204476225687968,0.08121719582153175,0.20522027195369727,NA
0.5,74,OnlineFPCA-adagrad,0.1,13200,100,face,3,5,0.137416362762451,0.1149946701987816,0.23075207639777165,0.15570170076116902,0.020751895646991966,0.08135936797512608,0.20391290005088114,NA
0.5,74,OnlineFPCA-adagrad,0.1,13300,100,face,3,5,0.130195140838623,0.06800526893551764,0.19585152124360178,0.3171253745930235,0.020943502736332078,0.08231183557938976,0.20353649134376883,NA
0.5,74,OnlineFPCA-adagrad,0.1,13400,100,face,3,5,0.135087728500366,0.05272745794511356,0.18974445527628997,0.31497453051838237,0.02114225997684714,0.08243398382795332,0.20298572980668717,NA
0.5,74,OnlineFPCA-adagrad,0.1,13500,100,face,3,5,0.136994123458862,0.10511979499275298,0.13619809994452653,0.28913498591403547,0.020490256968364966,0.08234817970184763,0.20239507690811356,NA
0.5,74,OnlineFPCA-adagrad,0.1,13600,100,face,3,5,0.138493776321411,0.0974520745964965,0.13969480950940452,0.2496614264823997,0.020432074757744625,0.08228835840983728,0.20175204448519343,NA
0.5,74,OnlineFPCA-adagrad,0.1,13700,100,face,3,5,0.141588449478149,0.10120710784805537,0.11594585258521191,0.18042473766632547,0.020323356881945743,0.08142570587424759,0.2004159995944016,NA
0.5,74,OnlineFPCA-adagrad,0.1,13800,100,face,3,5,0.138246774673462,0.13336201443024773,0.0991913499102438,0.15509751791602222,0.020063819811053877,0.08100101067428163,0.19950048434268453,NA
0.5,74,OnlineFPCA-adagrad,0.1,13900,100,face,3,5,0.142966032028198,0.08810632274045643,0.10291511887039675,0.1673693644819749,0.020717448089939455,0.08071605871705391,0.19837847036364853,NA
0.5,74,OnlineFPCA-adagrad,0.1,14000,100,face,3,5,0.136956453323364,0.10091617615729717,0.14202807021287836,0.2537786491124855,0.02115248592662637,0.08049703989765211,0.1976775494273592,NA
0.5,74,OnlineFPCA-adagrad,0.1,14100,100,face,3,5,0.131721496582031,0.12443216143917026,0.16074460467144372,0.41628413256122476,0.021540006165669142,0.0807799242533179,0.19852963082402925,NA
0.5,74,OnlineFPCA-adagrad,0.1,14200,100,face,3,5,0.148165702819824,0.09675667813653646,0.15715822557790204,0.3904681111971295,0.021428740998260913,0.08064973502226731,0.20029847815892926,NA
0.5,74,OnlineFPCA-adagrad,0.1,14300,100,face,3,5,0.134923696517944,0.10215448303993807,0.15812453744370286,0.40506352134797596,0.02153685848172954,0.08030344585985455,0.2022587203454155,NA
0.5,74,OnlineFPCA-adagrad,0.1,14400,100,face,3,5,0.139857053756714,0.07384279435689499,0.13117555850698334,0.32420083224423457,0.02167652548799264,0.08042495312793531,0.20330942832795487,NA
0.5,74,OnlineFPCA-adagrad,0.1,14500,100,face,3,5,0.13904333114624,0.15261086678486216,0.14998958002325222,0.30896065626733427,0.02178892968445146,0.08016323966913179,0.2038765031767481,NA
0.5,74,OnlineFPCA-adagrad,0.1,14600,100,face,3,5,0.141753673553467,0.07499934990754614,0.10897384701417624,0.3123358530923347,0.02172878714817051,0.07966988043780572,0.20398590936329766,NA
0.5,74,OnlineFPCA-adagrad,0.1,14700,100,face,3,5,0.142111539840698,0.06528404807248289,0.13700484921401995,0.3130399277903551,0.021742014182054976,0.08008691611494034,0.20393508913041533,NA
0.5,74,OnlineFPCA-adagrad,0.1,14800,100,face,3,5,0.142950296401978,0.06957696187898359,0.1230918033290302,0.2840796060476161,0.02177527583457007,0.08017150705985863,0.20357364506727685,NA
0.5,74,OnlineFPCA-adagrad,0.1,14900,100,face,3,5,0.144545078277588,0.06609584247828797,0.10540168397947623,0.34561544685234,0.02173824272998171,0.080240966360461,0.20380018260515742,NA
0.5,74,OnlineFPCA-adagrad,0.1,15000,100,face,3,5,0.146785259246826,0.045459071717160536,0.12537554730306988,0.29327020579748286,0.021544479815177663,0.08004802067116654,0.20366774233392776,NA
0.5,74,OnlineCov,NA,100,NA,NA,3,NA,4.35645794868469,0.1734542737009397,0.27576869374909585,0.47161224585425593,0.1734542737009397,0.27576869374909585,0.47161224585425593,NA
0.5,74,OnlineCov,NA,200,NA,NA,3,NA,3.97372341156006,0.09509058690971078,0.12358799114235988,0.21357253997369172,0.09509058690971078,0.12358799114235988,0.21357253997369172,NA
0.5,74,OnlineCov,NA,300,NA,NA,3,NA,4.58601546287537,0.11073667187719963,0.2217797875812478,0.2771892307999573,0.11073667187719963,0.2217797875812478,0.2771892307999573,NA
0.5,74,OnlineCov,NA,400,NA,NA,3,NA,4.88725876808167,0.07152013529989139,0.4240220543912692,0.6269757317533047,0.07152013529989139,0.4240220543912692,0.6269757317533047,NA
0.5,74,OnlineCov,NA,500,NA,NA,3,NA,4.66862797737122,0.07460776051426125,0.34339876786923246,0.5557999866346636,0.07460776051426125,0.34339876786923246,0.5557999866346636,NA
0.5,74,OnlineCov,NA,600,NA,NA,3,NA,4.90859889984131,0.07919318913266289,0.36544888165812295,0.418412044427401,0.07919318913266289,0.36544888165812295,0.418412044427401,NA
0.5,74,OnlineCov,NA,700,NA,NA,3,NA,4.20763683319092,0.07481252880859914,0.3429645735968353,0.4756494237436723,0.07481252880859914,0.3429645735968353,0.4756494237436723,NA
0.5,74,OnlineCov,NA,800,NA,NA,3,NA,4.30427265167236,0.060507575887474525,0.25263912771541003,0.3793055618890699,0.060507575887474525,0.25263912771541003,0.3793055618890699,NA
0.5,74,OnlineCov,NA,900,NA,NA,3,NA,4.02864074707031,0.05645479819784431,0.1342338194337584,0.28905654236820394,0.05645479819784431,0.1342338194337584,0.28905654236820394,NA
0.5,74,OnlineCov,NA,1000,NA,NA,3,NA,5.18933749198914,0.045385591691005034,0.08503005037554788,0.2847633454065866,0.045385591691005034,0.08503005037554788,0.2847633454065866,NA
0.5,74,OnlineCov,NA,1100,NA,NA,3,NA,4.28717184066772,0.03956990506738817,0.08470661284487874,0.22725084693363554,0.03956990506738817,0.08470661284487874,0.22725084693363554,NA
0.5,74,OnlineCov,NA,1200,NA,NA,3,NA,4.38822388648987,0.03588066366473673,0.0888000033657728,0.2141908931306967,0.03588066366473673,0.0888000033657728,0.2141908931306967,NA
0.5,74,OnlineCov,NA,1300,NA,NA,3,NA,4.36386466026306,0.02485017262054734,0.0631699463154617,0.23147793084113089,0.02485017262054734,0.0631699463154617,0.23147793084113089,NA
0.5,74,OnlineCov,NA,1400,NA,NA,3,NA,4.43533134460449,0.029678336638068792,0.0695235688540142,0.2553433778084616,0.029678336638068792,0.0695235688540142,0.2553433778084616,NA
0.5,74,OnlineCov,NA,1500,NA,NA,3,NA,4.11556100845337,0.025616077757158365,0.1205560079807914,0.2654380569221579,0.025616077757158365,0.1205560079807914,0.2654380569221579,NA
0.5,74,OnlineCov,NA,1600,NA,NA,3,NA,4.43243956565857,0.02901727843762342,0.1410482935996452,0.26314542427497556,0.02901727843762342,0.1410482935996452,0.26314542427497556,NA
0.5,74,OnlineCov,NA,1700,NA,NA,3,NA,4.02091383934021,0.04441111405540171,0.19732086547074515,0.3187179242384107,0.04441111405540171,0.19732086547074515,0.3187179242384107,NA
0.5,74,OnlineCov,NA,1800,NA,NA,3,NA,4.26416730880737,0.05178466070524709,0.18446593438534314,0.3190670522980669,0.05178466070524709,0.18446593438534314,0.3190670522980669,NA
0.5,74,OnlineCov,NA,1900,NA,NA,3,NA,4.13499355316162,0.046116477856326235,0.1682622649689687,0.2973040971006902,0.046116477856326235,0.1682622649689687,0.2973040971006902,NA
0.5,74,OnlineCov,NA,2000,NA,NA,3,NA,4.2291407585144,0.041413009281448074,0.12016751228184484,0.2800608430085449,0.041413009281448074,0.12016751228184484,0.2800608430085449,NA
0.5,74,OnlineCov,NA,2100,NA,NA,3,NA,4.48086285591125,0.033855572560718715,0.11134124725871766,0.29297703519677115,0.033855572560718715,0.11134124725871766,0.29297703519677115,NA
0.5,74,OnlineCov,NA,2200,NA,NA,3,NA,4.72914862632751,0.03392340644192078,0.10076436244555861,0.29716509025963134,0.03392340644192078,0.10076436244555861,0.29716509025963134,NA
0.5,74,OnlineCov,NA,2300,NA,NA,3,NA,4.93893313407898,0.03192169355202106,0.087591416434975,0.29939485584334724,0.03192169355202106,0.087591416434975,0.29939485584334724,NA
0.5,74,OnlineCov,NA,2400,NA,NA,3,NA,4.34324240684509,0.03404615998112778,0.09386422726341288,0.30464231644588563,0.03404615998112778,0.09386422726341288,0.30464231644588563,NA
0.5,74,OnlineCov,NA,2500,NA,NA,3,NA,4.27308249473572,0.03979095669495765,0.09023751244306849,0.24282093996450843,0.03979095669495765,0.09023751244306849,0.24282093996450843,NA
0.5,74,OnlineCov,NA,2600,NA,NA,3,NA,4.25365781784058,0.03396673340718303,0.09120570076787565,0.22986497555879953,0.03396673340718303,0.09120570076787565,0.22986497555879953,NA
0.5,74,OnlineCov,NA,2700,NA,NA,3,NA,4.49948763847351,0.026513090054673855,0.09278153995231299,0.24609514080990927,0.026513090054673855,0.09278153995231299,0.24609514080990927,NA
0.5,74,OnlineCov,NA,2800,NA,NA,3,NA,4.48765993118286,0.026598992428816647,0.08713932094237756,0.23571816622071246,0.026598992428816647,0.08713932094237756,0.23571816622071246,NA
0.5,74,OnlineCov,NA,2900,NA,NA,3,NA,4.30388879776001,0.029507087870053492,0.10459780306572762,0.23139131320248874,0.029507087870053492,0.10459780306572762,0.23139131320248874,NA
0.5,74,OnlineCov,NA,3000,NA,NA,3,NA,4.02017188072205,0.027646506817254834,0.09482300890968878,0.2155268432383505,0.027646506817254834,0.09482300890968878,0.2155268432383505,NA
0.5,74,OnlineCov,NA,3100,NA,NA,3,NA,4.7188515663147,0.024065292603176087,0.1192217910782428,0.21941680800427094,0.024065292603176087,0.1192217910782428,0.21941680800427094,NA
0.5,74,OnlineCov,NA,3200,NA,NA,3,NA,4.41076445579529,0.026422565560279575,0.12375221587162075,0.20753978744054957,0.026422565560279575,0.12375221587162075,0.20753978744054957,NA
0.5,74,OnlineCov,NA,3300,NA,NA,3,NA,4.67883133888245,0.03276982857527551,0.15168484506297453,0.2775797154878168,0.03276982857527551,0.15168484506297453,0.2775797154878168,NA
0.5,74,OnlineCov,NA,3400,NA,NA,3,NA,4.65775918960571,0.03290709285581256,0.15632214854892648,0.2845282783912525,0.03290709285581256,0.15632214854892648,0.2845282783912525,NA
0.5,74,OnlineCov,NA,3500,NA,NA,3,NA,4.40876650810242,0.031909089471943826,0.14241005374875618,0.26451483878773036,0.031909089471943826,0.14241005374875618,0.26451483878773036,NA
0.5,74,OnlineCov,NA,3600,NA,NA,3,NA,4.5389289855957,0.03242629887197332,0.14488594699835292,0.2642122071578808,0.03242629887197332,0.14488594699835292,0.2642122071578808,NA
0.5,74,OnlineCov,NA,3700,NA,NA,3,NA,4.72145748138428,0.0294489673562639,0.12824014214294369,0.2427896507044722,0.0294489673562639,0.12824014214294369,0.2427896507044722,NA
0.5,74,OnlineCov,NA,3800,NA,NA,3,NA,5.18901824951172,0.027289361843837692,0.13576738087904414,0.24388971126238052,0.027289361843837692,0.13576738087904414,0.24388971126238052,NA
0.5,74,OnlineCov,NA,3900,NA,NA,3,NA,4.18498039245605,0.03083377407321487,0.12327483925859786,0.22824181064295976,0.03083377407321487,0.12327483925859786,0.22824181064295976,NA
0.5,74,OnlineCov,NA,4000,NA,NA,3,NA,4.07619500160217,0.03365315606380572,0.12400831142731458,0.21892590469250664,0.03365315606380572,0.12400831142731458,0.21892590469250664,NA
0.5,74,OnlineCov,NA,4100,NA,NA,3,NA,3.68448901176453,0.03734249198844893,0.1086171814599329,0.22306255390590907,0.03734249198844893,0.1086171814599329,0.22306255390590907,NA
0.5,74,OnlineCov,NA,4200,NA,NA,3,NA,4.80196833610535,0.03942081194848758,0.1043777100774948,0.2376060547130907,0.03942081194848758,0.1043777100774948,0.2376060547130907,NA
0.5,74,OnlineCov,NA,4300,NA,NA,3,NA,4.49399542808533,0.039426158722245926,0.10352061243812923,0.2288994614322534,0.039426158722245926,0.10352061243812923,0.2288994614322534,NA
0.5,74,OnlineCov,NA,4400,NA,NA,3,NA,4.33302807807922,0.033154703937357186,0.08113546159363012,0.20941760311348445,0.033154703937357186,0.08113546159363012,0.20941760311348445,NA
0.5,74,OnlineCov,NA,4500,NA,NA,3,NA,4.52582311630249,0.02642461349427004,0.08328482070598041,0.22928453189284517,0.02642461349427004,0.08328482070598041,0.22928453189284517,NA
0.5,74,OnlineCov,NA,4600,NA,NA,3,NA,4.45589637756348,0.02292616747539901,0.07135027905338283,0.22274342639851216,0.02292616747539901,0.07135027905338283,0.22274342639851216,NA
0.5,74,OnlineCov,NA,4700,NA,NA,3,NA,4.31952667236328,0.02255567352273839,0.0843919295043744,0.22571407685002856,0.02255567352273839,0.0843919295043744,0.22571407685002856,NA
0.5,74,OnlineCov,NA,4800,NA,NA,3,NA,4.46100044250488,0.021476619097977833,0.07497729708263641,0.21882923139176594,0.021476619097977833,0.07497729708263641,0.21882923139176594,NA
0.5,74,OnlineCov,NA,4900,NA,NA,3,NA,4.85805583000183,0.021090390512255367,0.08976182737868152,0.2188978162709703,0.021090390512255367,0.08976182737868152,0.2188978162709703,NA
0.5,74,OnlineCov,NA,5000,NA,NA,3,NA,4.31325006484985,0.022566634883143314,0.09144946034800301,0.21679875344881802,0.022566634883143314,0.09144946034800301,0.21679875344881802,NA
0.5,74,Batch-PACE,NA,5000,NA,NA,3,5000,7.36554718017578,0.02418433657470324,0.09686987980334916,0.21774701866534737,0.02418433657470324,0.09686987980334916,0.21774701866534737,NA
0.5,74,Batch-FACE,NA,5000,NA,NA,3,5000,65.7331149578094,0.01925462589088166,0.07842541581355461,0.15253745343137914,0.01925462589088166,0.07842541581355461,0.15253745343137914,NA
0.5,74,Batch-REML,NA,5000,NA,NA,3,5000,186.44072675705,0.012605760138613,0.04822347101800001,0.17899267754337828,0.012605760138613,0.04822347101800001,0.17899267754337828,NA
0.5,74,Batch-SOAP,NA,5000,NA,NA,3,5000,151.321329832077,0.05077787003549467,0.036895990782447506,0.0558934394309126,0.05077787003549467,0.036895990782447506,0.0558934394309126,NA
1,74,OnlineFPCA-sgd,0.1,0,100,face,3,5,0.929930210113525,0.17994622749809858,0.2785767635899037,0.3633354606239889,0.17994622749809858,0.2785767635899037,0.3633354606239889,1.0000000000000009e-4
1,74,OnlineFPCA-sgd,0.1,100,100,face,3,5,0.414993286132812,1.3643271356475322,0.7787863982406606,1.2808596412435553,NA,NA,NA,5.6234132519034954e-6
1,74,OnlineFPCA-sgd,0.1,200,100,face,3,5,0.423424243927002,0.6430484477917359,0.5788509868781814,0.6180167660482744,NA,NA,NA,3.307236545548826e-5
1,74,OnlineFPCA-sgd,0.1,300,100,face,3,5,0.414345502853394,0.626658633800145,1.06081204074176,1.3311693361173427,NA,NA,NA,8.712372537013564e-6
1,74,OnlineFPCA-sgd,0.1,400,100,face,3,5,0.435928583145142,1.2408829033859097,1.3069850247171582,1.1268342505777897,NA,NA,NA,8.712372537013564e-6
1,74,OnlineFPCA-sgd,0.1,500,100,face,3,5,0.41642427444458,1.3771446408298649,1.3762885836720027,1.117869344171528,NA,NA,NA,8.712372537013564e-6
1,74,OnlineFPCA-sgd,0.1,600,100,face,3,5,0.425763130187988,0.8772514132654788,1.2747576860530816,1.252292314833348,NA,NA,NA,3.832813757111226e-6
1,74,OnlineFPCA-sgd,0.1,700,100,face,3,5,0.426318645477295,0.8355823398348162,1.204078889747814,1.2481243688785226,NA,NA,NA,3.832813757111226e-6
1,74,OnlineFPCA-sgd,0.1,800,100,face,3,5,0.425542593002319,0.8311623076692898,1.2024839022396252,1.2476329782946955,NA,NA,NA,7.500505373357303e-6
1,74,OnlineFPCA-sgd,0.1,900,100,face,3,5,0.427639007568359,0.8278948935864319,1.201272492808897,1.2475717327553675,NA,NA,NA,1.3918358954570814e-5
1,74,OnlineFPCA-sgd,0.1,1000,100,face,3,5,0.426804542541504,0.824336884014545,1.1974182943398641,1.2464844753854967,NA,NA,NA,2.471700367400656e-5
1,74,OnlineFPCA-sgd,0.1,1100,100,face,3,5,0.596104383468628,0.6137456577221525,0.8417241815186708,1.203933061847199,0.5915338543600498,0.901005255128851,1.2100277337303151,4.2296728565610216e-5
1,74,OnlineFPCA-sgd,0.1,1200,100,face,3,5,0.586230039596558,0.5631821644161678,0.5949381331861773,1.0697171923497903,0.5509952093325542,0.7777190685248901,1.1689988957035555,7.01182956223237e-5
1,74,OnlineFPCA-sgd,0.1,1300,100,face,3,5,0.582717180252075,0.6622777514705737,0.44373814974210873,0.6943566130285059,0.38749126444889687,0.6061212455603596,1.0701247015147188,7.01182956223237e-5
1,74,OnlineFPCA-sgd,0.1,1400,100,face,3,5,0.759802341461182,0.4377707743179812,0.467950329495366,0.5355119898043726,0.2663887351871392,0.5329235755745406,0.9198205291591742,1.1038277113786275e-4
1,74,OnlineFPCA-sgd,0.1,1500,100,face,3,5,0.561322689056396,0.8066970227173645,0.9073697070830125,0.694210845951002,0.22109276735041003,0.30406699612953825,0.7636180799630605,1.1038277113786275e-4
1,74,OnlineFPCA-sgd,0.1,1600,100,face,3,5,0.566604614257812,0.2376184117423129,0.6886793663831027,0.7118733759380349,0.2258758833289328,0.2146860552060905,0.6670657385934905,1.1038277113786275e-4
1,74,OnlineFPCA-sgd,0.1,1700,100,face,3,5,0.57291316986084,0.1799326851737037,0.6707750019753452,0.7033442299468351,0.217124170665189,0.2174482653231389,0.6154488517419747,1.1038277113786275e-4
1,74,OnlineFPCA-sgd,0.1,1800,100,face,3,5,0.561355590820312,0.18350720626092942,0.6702614806361259,0.6974140668810006,0.21137492664553292,0.2523111632924686,0.5894164705768872,5.1563464315410163e-5
1,74,OnlineFPCA-sgd,0.1,1900,100,face,3,5,0.572169780731201,0.1786986767057838,0.6650259162215556,0.694577385495493,0.20615923608804007,0.2900810281193386,0.5768767049772074,3.57438178136743e-5
1,74,OnlineFPCA-sgd,0.1,2000,100,face,3,5,0.558501720428467,0.17049399535158355,0.6625209821324713,0.6954749702027762,0.2021375356789949,0.323671692665852,0.5710626976594856,1.7625600868807192e-5
1,74,OnlineFPCA-sgd,0.1,2100,100,face,3,5,0.554125785827637,0.2989050549763402,0.6367803544899007,0.6846268791037887,0.1865419566824302,0.34603615601070775,0.5709254164310715,1.7625600868807192e-5
1,74,OnlineFPCA-sgd,0.1,2200,100,face,3,5,0.563765525817871,0.3450146904744501,0.5994388768901562,0.6421947673846738,0.17554543986436175,0.3613917219468097,0.575046578821861,1.266263799424897e-5
1,74,OnlineFPCA-sgd,0.1,2300,100,face,3,5,0.557177782058716,0.21868021321061662,0.5706634192696288,0.6396601919973293,0.16424495874784212,0.37586432463317127,0.574814040382195,6.669371318442474e-6
1,74,OnlineFPCA-sgd,0.1,2400,100,face,3,5,0.560894012451172,0.1870327710831187,0.5979869363179173,0.64963175096608194,0.1623814183475872,0.3883751893308603,0.5777555575592878,4.8859798522109905e-6
1,74,OnlineFPCA-sgd,0.1,2500,100,face,3,5,0.557491779327393,0.2203177442516032,0.5125407082352034,0.6479261019602189,0.1562454986557192,0.3950550329424741,0.5808189567944245,2.6686946890787542e-6
1,74,OnlineFPCA-sgd,0.1,2600,100,face,3,5,0.535255670547485,0.08593497124047339,0.48845981716051196,0.6634621813372414,0.14670442888449606,0.3998257187533441,0.5856562586958557,1.4816957116922228e-6
1,74,OnlineFPCA-sgd,0.1,2700,100,face,3,5,0.569972991943359,0.4141532859043829,0.5876866026936104,0.8343026244257541,0.13506101754468788,0.4060495664102201,0.5888083139606651,1.1125520773363414e-6
1,74,OnlineFPCA-sgd,0.1,2800,100,face,3,5,0.563565492630005,0.14649771973427883,0.5735323250808058,0.8027824178576871,0.1261408472829911,0.4126891188615359,0.596896689993337,8.414136828355564e-7
1,74,OnlineFPCA-sgd,0.1,2900,100,face,3,5,0.562329769134521,0.28006124100331514,0.5722361451501474,0.6637859837135424,0.11874446139586645,0.4178422880649198,0.600296832275538,8.414136828355564e-7
1,74,OnlineFPCA-sgd,0.1,3000,100,face,3,5,0.571078300476074,0.3072269732988498,0.6595667198265743,0.5500109119598948,0.11428314762114018,0.42408514958666477,0.5987202266572714,6.447899706944088e-7
1,74,OnlineFPCA-sgd,0.1,3100,100,face,3,5,0.550597429275513,0.20562542060462333,0.55385198044108,0.4735462185670191,0.10697417762197126,0.4292538083374802,0.5932026143137344,4.971070390507074e-7
1,74,OnlineFPCA-sgd,0.1,3200,100,face,3,5,0.546457052230835,0.436401743377875,0.5673909626887167,0.5469383856186433,0.10096670356835555,0.4327592511878962,0.5883691785362056,2.9886774287384635e-7
1,74,OnlineFPCA-sgd,0.1,3300,100,face,3,5,0.769787311553955,0.1977403825215731,0.5773592420682695,0.5794759817626269,0.09612905505590344,0.4386550641135803,0.5864144550534997,2.3299576905624356e-7
1,74,OnlineFPCA-sgd,0.1,3400,100,face,3,5,0.555056810379028,0.15310113436062747,0.5633736976922307,0.5646548266670383,0.09227763198309845,0.44296735205715115,0.5826808194982513,2.3299576905624356e-7
1,74,OnlineFPCA-sgd,0.1,3500,100,face,3,5,0.556133508682251,0.3411179966027384,0.5633038401846354,0.545144360555541,0.08879308356282911,0.44612663025883315,0.576793493184922,2.3299576905624356e-7
1,74,OnlineFPCA-sgd,0.1,3600,100,face,3,5,0.566635608673096,0.24627501249790315,0.4867065577299693,0.4716141308232605,0.08919283037700947,0.4479466067693122,0.5716281001414732,2.3299576905624356e-7
1,74,OnlineFPCA-sgd,0.1,3700,100,face,3,5,0.539426803588867,0.43075914993625886,0.5118473593492991,0.4647276883568125,0.0860191392085014,0.4474143049024373,0.5645580454944947,2.3299576905624356e-7
1,74,OnlineFPCA-sgd,0.1,3800,100,face,3,5,0.566144943237305,0.4510528246692683,0.45239859861182935,0.4615178640890259,0.07955438230427907,0.4480163042091803,0.5586124755629838,1.4839603491521697e-7
1,74,OnlineFPCA-sgd,0.1,3900,100,face,3,5,0.568389415740967,0.36882493667741273,0.44207871190783166,0.45156209873831327,0.07695615927988973,0.44746804837144666,0.553221500280789,1.1891169641429801e-7
1,74,OnlineFPCA-sgd,0.1,4000,100,face,3,5,0.567702054977417,0.07709441718402545,0.446138731740253,0.5478798416606611,0.07709441718402545,0.446138731740253,0.5478798416606611,1.1891169641429801e-7
1,74,OnlineFPCA-sgd,0.1,4100,100,face,3,5,0.561220407485962,0.4810885861602045,0.5348673145489581,0.6421755944408032,0.15747808636892857,0.49835800484938875,0.5882189318712526,1.1891169641429801e-7
1,74,OnlineFPCA-sgd,0.1,4200,100,face,3,5,0.555336713790894,0.25224151601284045,0.4513401322119585,0.645804943144873,0.20073257877730916,0.4860091175124122,0.626346044903579,1.1891169641429801e-7
1,74,OnlineFPCA-sgd,0.1,4300,100,face,3,5,0.549260854721069,0.250643513492589,0.4539412327483552,0.6810048693106481,0.1639797676838786,0.4550264502130901,0.6396958865140683,9.669010233660393e-8
1,74,OnlineFPCA-sgd,0.1,4400,100,face,3,5,0.556966304779053,0.3178878006403642,0.45266785681529736,0.594895489794842,0.12110808890671627,0.44576711223361565,0.6382725767458451,6.435249347512576e-8
1,74,OnlineFPCA-sgd,0.1,4500,100,face,3,5,0.567462205886841,0.29623867841405804,0.48328259773369264,0.6299942040980344,0.09560387212285737,0.43973198246688394,0.6227955818418145,6.435249347512576e-8
1,74,OnlineFPCA-sgd,0.1,4600,100,face,3,5,0.573187112808228,0.3409151665864226,0.4512653328185499,0.5608897585334012,0.08393559537924176,0.43779581209470847,0.6086251222941812,5.2828178184846265e-8
1,74,OnlineFPCA-sgd,0.1,4700,100,face,3,5,0.560525178909302,0.2514187610038272,0.4894356506392847,0.5478683511001593,0.06911149186513722,0.4413255897151186,0.5918147429535583,4.3495705505029945e-8
1,74,OnlineFPCA-sgd,0.1,4800,100,face,3,5,0.549506425857544,0.26828310349461176,0.47062693007510664,0.5394805140338534,0.07181918677244013,0.43935153045176645,0.5753627150151627,2.965362994773829e-8
1,74,OnlineFPCA-sgd,0.1,4900,100,face,3,5,0.553063631057739,0.20101569022228366,0.5130795605590605,0.5685989424528675,0.06424050167898326,0.438415367258056,0.5693976127312649,2.4551929172127098e-8
1,74,OnlineFPCA-sgd,0.1,5000,100,face,3,5,0.566549777984619,0.23841421064180665,0.48513556751895015,0.575526530134472,0.05664145310652336,0.43844934884730913,0.563432150717604,2.4551929172127098e-8
1,74,OnlineFPCA-sgd,0.1,5100,100,face,3,5,0.109178781509399,0.30021772898005095,0.4513382579443701,0.5458480227713879,0.05617057835308089,0.438687121528131,0.5605778494759746,NA
1,74,OnlineFPCA-sgd,0.1,5200,100,face,3,5,0.1106276512146,0.24690493200760563,0.46570458084208055,0.5231099748422442,0.06726179754440847,0.43840654769094245,0.5579397299416955,NA
1,74,OnlineFPCA-sgd,0.1,5300,100,face,3,5,0.111131191253662,0.2904117550378455,0.5289446114798529,0.5099496662935703,0.05614066056528975,0.4394654380619461,0.5520506422686665,NA
1,74,OnlineFPCA-sgd,0.1,5400,100,face,3,5,0.116219997406006,0.1420093082014283,0.46761947220248834,0.4987844813472397,0.05469824303052107,0.4414551435962272,0.5460799867489249,NA
1,74,OnlineFPCA-sgd,0.1,5500,100,face,3,5,0.134037733078003,0.3348248447134049,0.4298882759629042,0.47918547800290606,0.04950553766330658,0.44125348792821983,0.5376433726370423,NA
1,74,OnlineFPCA-sgd,0.1,5600,100,face,3,5,0.110450506210327,0.18068131093031845,0.4483497445848409,0.4433503440848289,0.04388203639993192,0.4394247153037918,0.5295208189626203,NA
1,74,OnlineFPCA-sgd,0.1,5700,100,face,3,5,0.109905004501343,0.1313707303170949,0.4297097442254643,0.5018465615953625,0.036722219494751095,0.43672584914618096,0.5227528503010951,NA
1,74,OnlineFPCA-sgd,0.1,5800,100,face,3,5,0.111190319061279,0.20511620360704697,0.42091729980835335,0.5015384201191684,0.03513546982143,0.433305921695941,0.5174278375750294,NA
1,74,OnlineFPCA-sgd,0.1,5900,100,face,3,5,0.111876010894775,0.298055699488268,0.4306734940525656,0.5215184532598485,0.03394009331498376,0.4305330757029034,0.5130806017531773,NA
1,74,OnlineFPCA-sgd,0.1,6000,100,face,3,5,0.132488965988159,0.2115533875948692,0.4351718471498834,0.5194065664620618,0.035270577637942,0.42822435411616455,0.5100534741015949,NA
1,74,OnlineFPCA-sgd,0.1,6100,100,face,3,5,0.12042760848999,0.266688026708459,0.49540093142464975,0.4519149990596013,0.0347303540109283,0.4241844863119392,0.5072277907256356,NA
1,74,OnlineFPCA-sgd,0.1,6200,100,face,3,5,0.110766887664795,0.3259325306603397,0.48737207057247045,0.4418090961412802,0.034110370861437284,0.4200901512123565,0.5048724069266008,NA
1,74,OnlineFPCA-sgd,0.1,6300,100,face,3,5,0.112147331237793,0.3357632030443407,0.5941963441620858,0.48854584382974664,0.036108942882153036,0.41900546805951405,0.5023267062161323,NA
1,74,OnlineFPCA-sgd,0.1,6400,100,face,3,5,0.111158847808838,0.31246697655874156,0.5057873649737108,0.497495308692646,0.03971748737581437,0.4188323339295225,0.5000148696659484,NA
1,74,OnlineFPCA-sgd,0.1,6500,100,face,3,5,0.120285987854004,0.24530404104388562,0.4351722935150735,0.554380439078317,0.03937272520402438,0.4174650079013887,0.4991981630795656,NA
1,74,OnlineFPCA-sgd,0.1,6600,100,face,3,5,0.136658191680908,0.3175702887341344,0.5456353904370029,0.5272300106855515,0.04108308334914154,0.416461260214283,0.4981996713478617,NA
1,74,OnlineFPCA-sgd,0.1,6700,100,face,3,5,0.109254837036133,0.23159807328658286,0.4634950696849553,0.5876667984021694,0.041864175445047155,0.415525317854367,0.49733708420045764,NA
1,74,OnlineFPCA-sgd,0.1,6800,100,face,3,5,0.110610961914062,0.3195041581114646,0.4109716105497802,0.6307134005546339,0.041911568599957205,0.41245320527864054,0.4981850160382305,NA
1,74,OnlineFPCA-sgd,0.1,6900,100,face,3,5,0.111738204956055,0.30959873844313224,0.34827756687839007,0.6632286288979047,0.04186485701440556,0.4082618032572359,0.4988737249596883,NA
1,74,OnlineFPCA-sgd,0.1,7000,100,face,3,5,0.113275527954102,0.19716848012310242,0.2945302920564802,0.6911589896371158,0.04529220651224643,0.40329357798996535,0.4997534169915874,NA
1,74,OnlineFPCA-sgd,0.1,7100,100,face,3,5,0.316247940063477,0.2913226638613647,0.35707310681841675,0.7266019291713012,0.044710371612465216,0.3969286897019709,0.5015704260619968,NA
1,74,OnlineFPCA-sgd,0.1,7200,100,face,3,5,0.121299743652344,0.28443818387971215,0.3655378162762929,0.7157416696433648,0.045213079011596345,0.39136846765946376,0.504497934912874,NA
1,74,OnlineFPCA-sgd,0.1,7300,100,face,3,5,0.110185384750366,0.22686024439628286,0.23491976870980089,0.6914137962065318,0.04307553676234804,0.38493883023608677,0.5064062343344511,NA
1,74,OnlineFPCA-sgd,0.1,7400,100,face,3,5,0.110133171081543,0.3049646154347881,0.3398176057940359,0.7073165816901471,0.04562470878998808,0.37996555746017197,0.5089202507356159,NA
1,74,OnlineFPCA-sgd,0.1,7500,100,face,3,5,0.113016366958618,0.18976085512313456,0.24728918639769762,0.6756527427298785,0.04965896580367918,0.37554812558546513,0.5109243278530994,NA
1,74,OnlineFPCA-sgd,0.1,7600,100,face,3,5,0.114626884460449,0.10117216330981595,0.2535348269192004,0.6468724550774249,0.04843411229797236,0.37152260779472873,0.5128644916589169,NA
1,74,OnlineFPCA-sgd,0.1,7700,100,face,3,5,0.135504961013794,0.3155617836932302,0.33666195997657067,0.7066586431803941,0.04556264686911531,0.3688434592500855,0.5149445772586617,NA
1,74,OnlineFPCA-sgd,0.1,7800,100,face,3,5,0.130724430084229,0.12679979728281726,0.36505577484313806,0.7477278329280254,0.0428019831667143,0.3664903392201134,0.5188043770636245,NA
1,74,OnlineFPCA-sgd,0.1,7900,100,face,3,5,0.110777854919434,0.2553064863243693,0.40661110867261063,0.6764586152384233,0.04255808470255616,0.36443586961762814,0.5223427414792805,NA
1,74,OnlineFPCA-sgd,0.1,8000,100,face,3,5,0.112439632415771,0.2338647933253563,0.5192449628953413,0.5916876236013858,0.04140604380274206,0.36351074488977836,0.5240807422751256,NA
1,74,OnlineFPCA-sgd,0.1,8100,100,face,3,5,0.112623453140259,0.13877216013751933,0.4323194149248835,0.5278298172656596,0.03952361303454996,0.36272091029234294,0.5245133895114391,NA
1,74,OnlineFPCA-sgd,0.1,8200,100,face,3,5,0.116642475128174,0.31977761510389807,0.44218155603921666,0.5621981735289632,0.038995218737493495,0.361162628085209,0.5246263967309396,NA
1,74,OnlineFPCA-sgd,0.1,8300,100,face,3,5,0.146228790283203,0.12433423626639285,0.48337618086174267,0.5717563166850048,0.0399019406963336,0.3615951682080657,0.5254478117135036,NA
1,74,OnlineFPCA-sgd,0.1,8400,100,face,3,5,0.11545467376709,0.0900631064077812,0.49201241674551893,0.5269510298472072,0.040068169120781004,0.3616834971970728,0.5251599755988227,NA
1,74,OnlineFPCA-sgd,0.1,8500,100,face,3,5,0.11178994178772,0.2807965391649085,0.47263965692272664,0.4996639671901741,0.03717399851802657,0.361880467783532,0.5235866700733064,NA
1,74,OnlineFPCA-sgd,0.1,8600,100,face,3,5,0.113343715667725,0.20848745570138452,0.3533829207483374,0.4243489503752415,0.03806800114484285,0.36155863563790946,0.5215689315493767,NA
1,74,OnlineFPCA-sgd,0.1,8700,100,face,3,5,0.111562490463257,0.29722309619234033,0.3344233188439315,0.378858336266727,0.038228489685633756,0.3601749959774616,0.5183933070340169,NA
1,74,OnlineFPCA-sgd,0.1,8800,100,face,3,5,0.125867366790771,0.35284704584875437,0.3202111738111519,0.37062795456342396,0.03642836376636605,0.3593720343547282,0.5152171047641316,NA
1,74,OnlineFPCA-sgd,0.1,8900,100,face,3,5,0.130481004714966,0.2630388342691381,0.2953104810468379,0.3621280863755406,0.03718098746021803,0.3579459703973457,0.5119607872083335,NA
1,74,OnlineFPCA-sgd,0.1,9000,100,face,3,5,0.11116623878479,0.21312363904019138,0.33196061828373713,0.4180922380344555,0.03746968820894801,0.3559178178215226,0.5083947375937011,NA
1,74,OnlineFPCA-sgd,0.1,9100,100,face,3,5,0.112816333770752,0.3628552134487161,0.38861225456266635,0.4831540408591701,0.039373835800389015,0.3543670848989536,0.5057108797200849,NA
1,74,OnlineFPCA-sgd,0.1,9200,100,face,3,5,0.111788034439087,0.20457327501488648,0.33947113755898295,0.4711771336615773,0.04115071937358171,0.3525606553489682,0.5042229345828425,NA
1,74,OnlineFPCA-sgd,0.1,9300,100,face,3,5,0.112680673599243,0.24407932910966376,0.2989507059382927,0.498868173028549,0.04192440518635286,0.34976838243722413,0.5030459096993539,NA
1,74,OnlineFPCA-sgd,0.1,9400,100,face,3,5,0.132785797119141,0.2422032526191245,0.2881771174521546,0.4782146712750328,0.041667516634188,0.34746784071315295,0.5016722977208189,NA
1,74,OnlineFPCA-sgd,0.1,9500,100,face,3,5,0.120374917984009,0.28349133935624116,0.3243035807872442,0.5075867574571477,0.03983436890651341,0.3453384339431446,0.5002281234748986,NA
1,74,OnlineFPCA-sgd,0.1,9600,100,face,3,5,0.110840797424316,0.2530913715330823,0.29788704391300125,0.43004010148965655,0.03826914306017985,0.3436824184355371,0.49839890700210704,NA
1,74,OnlineFPCA-sgd,0.1,9700,100,face,3,5,0.11281943321228,0.1656061154335362,0.34534097972263794,0.4183118704997403,0.03782829174096745,0.3433323190998786,0.4961199024333962,NA
1,74,OnlineFPCA-sgd,0.1,9800,100,face,3,5,0.112720251083374,0.2084681281523171,0.3181326996765415,0.40721138281661967,0.037477086623712914,0.3425513030718231,0.49357628569710627,NA
1,74,OnlineFPCA-sgd,0.1,9900,100,face,3,5,0.114194869995117,0.15034319821796327,0.33903519418017314,0.4000947236147421,0.036823971818622986,0.3420739912397047,0.4919221001056833,NA
1,74,OnlineFPCA-sgd,0.1,10000,100,face,3,5,0.135250568389893,0.19763470011247106,0.3076127888672038,0.40188382220306806,0.03667173220267305,0.34134675124117575,0.4900725285389716,NA
1,74,OnlineFPCA-sgd,0.1,10100,100,face,3,5,0.11609959602356,0.22785607825091272,0.2866740608621222,0.4003039241581274,0.036171833156443,0.34022653567064914,0.4884463847273728,NA
1,74,OnlineFPCA-sgd,0.1,10200,100,face,3,5,0.112194061279297,0.1766955885314889,0.29342801952420156,0.3882419135709197,0.036736568404086255,0.33892292016115433,0.4869451972988319,NA
1,74,OnlineFPCA-sgd,0.1,10300,100,face,3,5,0.112176418304443,0.24464121317821597,0.3570906731047769,0.37399053290864753,0.03523333889046307,0.3376953844196728,0.4847699713242268,NA
1,74,OnlineFPCA-sgd,0.1,10400,100,face,3,5,0.112095832824707,0.12010884791064982,0.30584157654538796,0.3547303203087031,0.03441078057709188,0.33711710944625495,0.4824186513731028,NA
1,74,OnlineFPCA-sgd,0.1,10500,100,face,3,5,0.12586784362793,0.29774998840458633,0.26588550970655217,0.32472043093121505,0.03413449509087444,0.3361533856960204,0.479327189260143,NA
1,74,OnlineFPCA-sgd,0.1,10600,100,face,3,5,0.141099452972412,0.1229975823614158,0.27917580043638207,0.31515916060959676,0.03398928715977259,0.33481503910974825,0.47631906098043253,NA
1,74,OnlineFPCA-sgd,0.1,10700,100,face,3,5,0.110025405883789,0.1280936912105875,0.2652542209505392,0.3494158883507806,0.03170726574522168,0.333164872511709,0.473744541217825,NA
1,74,OnlineFPCA-sgd,0.1,10800,100,face,3,5,0.110700368881226,0.1811307077056376,0.26077802072359113,0.3497434235843238,0.030372881558307432,0.331629037786329,0.4714828295620958,NA
1,74,OnlineFPCA-sgd,0.1,10900,100,face,3,5,0.111626625061035,0.24232512597142636,0.26295706146819875,0.3653039756598476,0.030190771599258908,0.3302602095493582,0.46945072725892373,NA
1,74,OnlineFPCA-sgd,0.1,11000,100,face,3,5,0.114439249038696,0.14902331875600758,0.25929333002770655,0.3584600678663252,0.030444156976886957,0.3287379236450486,0.46720218252831186,NA
1,74,OnlineFPCA-sgd,0.1,11100,100,face,3,5,0.134418964385986,0.22203479010822627,0.36958460580790636,0.32117997407334264,0.030964992061905644,0.32627190592724103,0.46483466332326795,NA
1,74,OnlineFPCA-sgd,0.1,11200,100,face,3,5,0.115792512893677,0.2786844060450816,0.3363536071246053,0.3114752696227132,0.03029357527940403,0.32350820901807603,0.4625966827023819,NA
1,74,OnlineFPCA-sgd,0.1,11300,100,face,3,5,0.11122989654541,0.3023973738013904,0.4195184710239841,0.3497441886645795,0.029920659617372943,0.3217980468621129,0.46016225138058287,NA
1,74,OnlineFPCA-sgd,0.1,11400,100,face,3,5,0.112630844116211,0.25465565271126234,0.35213866868076876,0.3604380719009893,0.031483144239105185,0.3203439205006682,0.45780563237915506,NA
1,74,OnlineFPCA-sgd,0.1,11500,100,face,3,5,0.114470481872559,0.20776583465988482,0.29271568910290496,0.4080044547113844,0.03206788219035263,0.3188453541540358,0.456334425271751,NA
1,74,OnlineFPCA-sgd,0.1,11600,100,face,3,5,0.121575832366943,0.28731022705083803,0.40335155259156663,0.3910346775901287,0.033543509423151915,0.3176350924440605,0.45499789851535677,NA
1,74,OnlineFPCA-sgd,0.1,11700,100,face,3,5,0.134300708770752,0.19657439930203693,0.34681736335679886,0.4322096622679178,0.03401876115469068,0.3165127068316111,0.4537899164757423,NA
1,74,OnlineFPCA-sgd,0.1,11800,100,face,3,5,0.112328052520752,0.27680070183573396,0.2952556727477472,0.4776614470841604,0.03451332047122988,0.3150337581739585,0.4533972825777732,NA
1,74,OnlineFPCA-sgd,0.1,11900,100,face,3,5,0.112720727920532,0.26402065433547417,0.2532613898530044,0.49651525105539196,0.035155458908458226,0.31341823445996825,0.4530631044482601,NA
1,74,OnlineFPCA-sgd,0.1,12000,100,face,3,5,0.112077951431274,0.1798142303029017,0.202115896731127,0.5199291924672936,0.03675893741187115,0.31163035594368604,0.45281008307186194,NA
1,74,OnlineFPCA-sgd,0.1,12100,100,face,3,5,0.116191148757935,0.26803556965149034,0.25627940570475516,0.5483708429735932,0.03777533504680776,0.3093288272242969,0.45277037102211926,NA
1,74,OnlineFPCA-sgd,0.1,12200,100,face,3,5,0.128899335861206,0.24997129339910493,0.26627314942152375,0.5530057915554416,0.03823099029530115,0.30701757865965756,0.4530442379911939,NA
1,74,OnlineFPCA-sgd,0.1,12300,100,face,3,5,0.120948791503906,0.20398382005466936,0.15074868924616908,0.5482027908715129,0.038081670755698856,0.30442788704873164,0.4531217285591161,NA
1,74,OnlineFPCA-sgd,0.1,12400,100,face,3,5,0.11187219619751,0.2803553523111944,0.2563504414581125,0.5664785374395425,0.0393148665700844,0.30266688327462793,0.4534384825972463,NA
1,74,OnlineFPCA-sgd,0.1,12500,100,face,3,5,0.113333940505981,0.18935347441481817,0.17221159973930636,0.5491412079766235,0.04126926568546085,0.30098915257415193,0.4535967373780273,NA
1,74,OnlineFPCA-sgd,0.1,12600,100,face,3,5,0.112893581390381,0.11315780415811778,0.1795545367145394,0.525633878601284,0.04140679100064994,0.2994759123558404,0.4538435743944795,NA
1,74,OnlineFPCA-sgd,0.1,12700,100,face,3,5,0.122415542602539,0.21685069342726376,0.23393017938422353,0.5687514457641816,0.04053139736792884,0.2982697683206982,0.4540955994701847,NA
1,74,OnlineFPCA-sgd,0.1,12800,100,face,3,5,0.325983762741089,0.13484276032190462,0.29219175690997573,0.600566615645955,0.03965394494515284,0.29740986657724017,0.4551320029923336,NA
1,74,OnlineFPCA-sgd,0.1,12900,100,face,3,5,0.111822843551636,0.237114224105153,0.3401608525747513,0.5539020594841879,0.03952406760384091,0.2968081242857373,0.4560791133669449,NA
1,74,OnlineFPCA-sgd,0.1,13000,100,face,3,5,0.114273309707642,0.174805702449418,0.4475264970056992,0.48835665065577744,0.03896967032700771,0.2967195338420869,0.4564679873756541,NA
1,74,OnlineFPCA-sgd,0.1,13100,100,face,3,5,0.111406087875366,0.11857105317398427,0.38035589946893933,0.43712829879271703,0.038322098098824114,0.29669826275390504,0.4564049910597299,NA
1,74,OnlineFPCA-sgd,0.1,13200,100,face,3,5,0.114866256713867,0.27255503080767257,0.39590628938378297,0.4724486613700712,0.03808656933308392,0.2963330028108104,0.4562637856584969,NA
1,74,OnlineFPCA-sgd,0.1,13300,100,face,3,5,0.132140159606934,0.10508414228850711,0.4352340937571808,0.48346032016728213,0.03856068908778137,0.2966398574352666,0.4564182168036875,NA
1,74,OnlineFPCA-sgd,0.1,13400,100,face,3,5,0.120172739028931,0.08387518563570706,0.4429457979007853,0.44827531836459644,0.038725150841521894,0.29680929119238225,0.45626165932455426,NA
1,74,OnlineFPCA-sgd,0.1,13500,100,face,3,5,0.112815856933594,0.24122019661848634,0.41973925965439535,0.43101688096676927,0.037443128916660365,0.2969932962204039,0.45563723111113585,NA
1,74,OnlineFPCA-sgd,0.1,13600,100,face,3,5,0.111546277999878,0.1868789938515497,0.311261755881534,0.37244072490946567,0.03765710134162802,0.2969512212340299,0.45481146667866257,NA
1,74,OnlineFPCA-sgd,0.1,13700,100,face,3,5,0.111060380935669,0.22837699715003432,0.28643894712405366,0.332433822159519,0.03772813479047951,0.2964000960864173,0.45352546938962734,NA
1,74,OnlineFPCA-sgd,0.1,13800,100,face,3,5,0.114094495773315,0.3046594272624868,0.28338695240099954,0.33023706297181715,0.036940262448490246,0.29608848072078875,0.4521995966949833,NA
1,74,OnlineFPCA-sgd,0.1,13900,100,face,3,5,0.139539957046509,0.21443456058148697,0.2563975811771869,0.32659490777342737,0.037433230614853735,0.29553372515990606,0.45089476184237437,NA
1,74,OnlineFPCA-sgd,0.1,14000,100,face,3,5,0.111405372619629,0.1887768658937049,0.27689060350213607,0.37468730465027533,0.037594558741581234,0.2947205405497076,0.44950440942819214,NA
1,74,OnlineFPCA-sgd,0.1,14100,100,face,3,5,0.111515522003174,0.2784933358182459,0.31969297224623716,0.42568355196248286,0.03840976996461523,0.29410796126505434,0.44846746677707594,NA
1,74,OnlineFPCA-sgd,0.1,14200,100,face,3,5,0.112360000610352,0.1917215371611746,0.2650091870750069,0.42273056620868316,0.039185289822275565,0.2933303006254242,0.4478783260426679,NA
1,74,OnlineFPCA-sgd,0.1,14300,100,face,3,5,0.113989353179932,0.21180286704797002,0.23817727439652928,0.4420378263660324,0.039548972714600054,0.2920621951282974,0.44739930656201665,NA
1,74,OnlineFPCA-sgd,0.1,14400,100,face,3,5,0.123302936553955,0.2048420780497177,0.21448799504094115,0.430110748554501,0.03957366416832899,0.2909387003130246,0.44680457309177873,NA
1,74,OnlineFPCA-sgd,0.1,14500,100,face,3,5,0.12458872795105,0.26912260248623265,0.25535003165424414,0.4534452649530297,0.038806696989991965,0.28981443930071277,0.44621690797845015,NA
1,74,OnlineFPCA-sgd,0.1,14600,100,face,3,5,0.110963582992554,0.2094622056500358,0.23595067113519902,0.38522443160900083,0.038072890008688964,0.28888262892193883,0.44544228523598883,NA
1,74,OnlineFPCA-sgd,0.1,14700,100,face,3,5,0.112231016159058,0.12348504794560246,0.2864532296201615,0.3710624470496987,0.037833511666733384,0.2886209269139056,0.444418158286788,NA
1,74,OnlineFPCA-sgd,0.1,14800,100,face,3,5,0.112318992614746,0.18478216186407223,0.2565582252417889,0.3638019436237751,0.03762484980838939,0.28818283750694695,0.4432523208466792,NA
1,74,OnlineFPCA-sgd,0.1,14900,100,face,3,5,0.115025281906128,0.11927471198385584,0.2657036928440434,0.35168658316599827,0.03724897022146016,0.2878475632199979,0.44243220545730916,NA
1,74,OnlineFPCA-sgd,0.1,15000,100,face,3,5,0.139245748519897,0.17510633701729852,0.23857752049982892,0.3504495738379722,0.037100679683262264,0.28736350481437556,0.4415070750112774,NA
1,74,OnlineFPCA-adagrad,0.1,0,100,face,3,5,0.929930210113525,0.17994622749809858,0.2785767635899037,0.3633354606239889,0.17994622749809858,0.2785767635899037,0.3633354606239889,1.0000000000000009e-4
1,74,OnlineFPCA-adagrad,0.1,100,100,face,3,5,0.430639982223511,1.3643271356475322,0.7787863982406606,1.2808596412435553,NA,NA,NA,5.6234132519034954e-6
1,74,OnlineFPCA-adagrad,0.1,200,100,face,3,5,0.425282716751099,0.6430484477917359,0.5788509868781814,0.6180167660482744,NA,NA,NA,3.307236545548826e-5
1,74,OnlineFPCA-adagrad,0.1,300,100,face,3,5,0.421228170394897,0.626658633800145,1.06081204074176,1.3311693361173427,NA,NA,NA,8.712372537013564e-6
1,74,OnlineFPCA-adagrad,0.1,400,100,face,3,5,0.421408176422119,1.2408829033859097,1.3069850247171582,1.1268342505777897,NA,NA,NA,8.712372537013564e-6
1,74,OnlineFPCA-adagrad,0.1,500,100,face,3,5,0.439944744110107,1.3771446408298649,1.3762885836720027,1.117869344171528,NA,NA,NA,8.712372537013564e-6
1,74,OnlineFPCA-adagrad,0.1,600,100,face,3,5,0.423879146575928,0.8772514132654788,1.2747576860530816,1.252292314833348,NA,NA,NA,3.832813757111226e-6
1,74,OnlineFPCA-adagrad,0.1,700,100,face,3,5,0.428094863891602,0.8355823398348162,1.204078889747814,1.2481243688785226,NA,NA,NA,3.832813757111226e-6
1,74,OnlineFPCA-adagrad,0.1,800,100,face,3,5,0.426166534423828,0.8311623076692898,1.2024839022396252,1.2476329782946955,NA,NA,NA,7.500505373357303e-6
1,74,OnlineFPCA-adagrad,0.1,900,100,face,3,5,0.426918745040894,0.8278948935864319,1.201272492808897,1.2475717327553675,NA,NA,NA,1.3918358954570814e-5
1,74,OnlineFPCA-adagrad,0.1,1000,100,face,3,5,0.418838739395142,0.824336884014545,1.1974182943398641,1.2464844753854967,NA,NA,NA,2.471700367400656e-5
1,74,OnlineFPCA-adagrad,0.1,1100,100,face,3,5,0.592919826507568,0.6137456577221525,0.8417241815186708,1.203933061847199,0.5915338543600498,0.901005255128851,1.2100277337303151,4.2296728565610216e-5
1,74,OnlineFPCA-adagrad,0.1,1200,100,face,3,5,0.575963258743286,0.5631821644161678,0.5949381331861773,1.0697171923497903,0.5509952093325542,0.7777190685248901,1.1689988957035555,7.01182956223237e-5
1,74,OnlineFPCA-adagrad,0.1,1300,100,face,3,5,0.58696174621582,0.6622777514705737,0.44373814974210873,0.6943566130285059,0.38749126444889687,0.6061212455603596,1.0701247015147188,7.01182956223237e-5
1,74,OnlineFPCA-adagrad,0.1,1400,100,face,3,5,0.579072713851929,0.4377707743179812,0.467950329495366,0.5355119898043726,0.2663887351871392,0.5329235755745406,0.9198205291591742,1.1038277113786275e-4
1,74,OnlineFPCA-adagrad,0.1,1500,100,face,3,5,0.576310157775879,0.8066970227173645,0.9073697070830125,0.694210845951002,0.22109276735041003,0.30406699612953825,0.7636180799630605,1.1038277113786275e-4
1,74,OnlineFPCA-adagrad,0.1,1600,100,face,3,5,0.587234497070312,0.2376184117423129,0.6886793663831027,0.7118733759380349,0.2258758833289328,0.2146860552060905,0.6670657385934905,1.1038277113786275e-4
1,74,OnlineFPCA-adagrad,0.1,1700,100,face,3,5,0.588013410568237,0.1799326851737037,0.6707750019753452,0.7033442299468351,0.217124170665189,0.2174482653231389,0.6154488517419747,1.1038277113786275e-4
1,74,OnlineFPCA-adagrad,0.1,1800,100,face,3,5,0.764872074127197,0.18350720626092942,0.6702614806361259,0.6974140668810006,0.21137492664553292,0.2523111632924686,0.5894164705768872,5.1563464315410163e-5
1,74,OnlineFPCA-adagrad,0.1,1900,100,face,3,5,0.574666023254395,0.1786986767057838,0.6650259162215556,0.694577385495493,0.20615923608804007,0.2900810281193386,0.5768767049772074,3.57438178136743e-5
1,74,OnlineFPCA-adagrad,0.1,2000,100,face,3,5,0.575936317443848,0.17049399535158355,0.6625209821324713,0.6954749702027762,0.2021375356789949,0.323671692665852,0.5710626976594856,1.7625600868807192e-5
1,74,OnlineFPCA-adagrad,0.1,2100,100,face,3,5,0.550193786621094,0.2989050549763402,0.6367803544899007,0.6846268791037887,0.1865419566824302,0.34603615601070775,0.5709254164310715,1.7625600868807192e-5
1,74,OnlineFPCA-adagrad,0.1,2200,100,face,3,5,0.574317932128906,0.3450146904744501,0.5994388768901562,0.6421947673846738,0.17554543986436175,0.3613917219468097,0.575046578821861,1.266263799424897e-5
1,74,OnlineFPCA-adagrad,0.1,2300,100,face,3,5,0.570436716079712,0.21868021321061662,0.5706634192696288,0.6396601919973293,0.16424495874784212,0.37586432463317127,0.574814040382195,6.669371318442474e-6
1,74,OnlineFPCA-adagrad,0.1,2400,100,face,3,5,0.576833009719849,0.1870327710831187,0.5979869363179173,0.64963175096608194,0.1623814183475872,0.3883751893308603,0.5777555575592878,4.8859798522109905e-6
1,74,OnlineFPCA-adagrad,0.1,2500,100,face,3,5,0.580235242843628,0.2203177442516032,0.5125407082352034,0.6479261019602189,0.1562454986557192,0.3950550329424741,0.5808189567944245,2.6686946890787542e-6
1,74,OnlineFPCA-adagrad,0.1,2600,100,face,3,5,0.614923238754272,0.12714069569392902,0.49171534502394765,0.6558670462362904,0.14592568708417988,0.39976021528845374,0.5858275036264337,1.4816957116922228e-6
1,74,OnlineFPCA-adagrad,0.1,2700,100,face,3,5,0.623219966888428,0.18031545623003803,0.5980924675061509,0.8489873256902016,0.13427881571841793,0.4059089779109366,0.5878837892596087,1.1125520773363414e-6
1,74,OnlineFPCA-adagrad,0.1,2800,100,face,3,5,0.627686262130737,0.15244673464724046,0.547257756990439,0.8046693152708471,0.12386389633363255,0.4130712527485398,0.5970327407692326,1.1125520773363414e-6
1,74,OnlineFPCA-adagrad,0.1,2900,100,face,3,5,0.619822978973389,0.1979581674721165,0.5529573651085261,0.6491138860864292,0.11655751002888931,0.41751684325409316,0.5994815610747988,1.1125520773363414e-6
1,74,OnlineFPCA-adagrad,0.1,3000,100,face,3,5,0.636034965515137,0.11420302513954013,0.6290155195272714,0.49095618092424065,0.11183137889577759,0.42260701767575143,0.5955607226389122,8.52568048244947e-7
1,74,OnlineFPCA-adagrad,0.1,3100,100,face,3,5,0.615201950073242,0.13037181149046517,0.538729135958925,0.4456819759838284,0.1053134761515385,0.4270013110094487,0.5856207994277712,6.572955494265124e-7
1,74,OnlineFPCA-adagrad,0.1,3200,100,face,3,5,0.621326684951782,0.28760736631815126,0.5473295541686243,0.5094027171065317,0.09899411789993542,0.4299017289851926,0.5760808678067377,3.951753281008925e-7
1,74,OnlineFPCA-adagrad,0.1,3300,100,face,3,5,0.62720251083374,0.1010361419374296,0.5853209143330714,0.5499360930826135,0.09558801626100964,0.4356872492535933,0.5724134843790926,3.0807667163259505e-7
1,74,OnlineFPCA-adagrad,0.1,3400,100,face,3,5,0.629125595092773,0.09023017441695344,0.6055929675204917,0.543548665696343,0.09275537021118889,0.4410660589468804,0.5669186632650999,2.414148495960691e-7
1,74,OnlineFPCA-adagrad,0.1,3500,100,face,3,5,0.625322341918945,0.2134235421511596,0.5989701171643071,0.5481310790694173,0.08944135816892235,0.44538960332969973,0.5587439178472545,2.414148495960691e-7
1,74,OnlineFPCA-adagrad,0.1,3600,100,face,3,5,0.812671184539795,0.1787539694454994,0.512878194726891,0.4940321730099723,0.08912866499542946,0.44800258857148545,0.5500543845847196,2.414148495960691e-7
1,74,OnlineFPCA-adagrad,0.1,3700,100,face,3,5,0.621409893035889,0.1670566783183012,0.5354711148297197,0.5121201874683536,0.08649636496435995,0.44847775527035183,0.5398661509575879,2.414148495960691e-7
1,74,OnlineFPCA-adagrad,0.1,3800,100,face,3,5,0.613245725631714,0.266410018390137,0.4872698219166167,0.4969653690256964,0.08070928543458918,0.4501900070953781,0.5340947416522596,1.9266423899830845e-7
1,74,OnlineFPCA-adagrad,0.1,3900,100,face,3,5,0.612710952758789,0.1710784515986043,0.4682217071281464,0.47721780491948046,0.0771553900947277,0.4505165943934267,0.530584924434864,1.5438439113786152e-7
1,74,OnlineFPCA-adagrad,0.1,4000,100,face,3,5,0.61846137046814,0.07617572434843907,0.4498283113679581,0.5273261123833416,0.07617572434843907,0.4498283113679581,0.5273261123833416,1.5438439113786152e-7
1,74,OnlineFPCA-adagrad,0.1,4100,100,face,3,5,0.615226268768311,0.22498024240040573,0.543623937238478,0.7664768499737533,0.1779390713869385,0.5156964424971445,0.6162707378226575,1.5438439113786152e-7
1,74,OnlineFPCA-adagrad,0.1,4200,100,face,3,5,0.629485368728638,0.1730138408409742,0.47833460752747214,0.6901826369930851,0.15122083233681224,0.4928669219431029,0.6823597187101185,1.5438439113786152e-7
1,74,OnlineFPCA-adagrad,0.1,4300,100,face,3,5,0.619177103042603,0.24099729385337015,0.49665765797796474,0.7562100189723191,0.13294919790205412,0.4619629152317586,0.6974316441322443,1.2553384594132522e-7
1,74,OnlineFPCA-adagrad,0.1,4400,100,face,3,5,0.621506214141846,0.21900660851178383,0.5177646159689503,0.6551234571126651,0.12825235288284365,0.4621668781364622,0.6987328777990417,8.354956512222381e-8
1,74,OnlineFPCA-adagrad,0.1,4500,100,face,3,5,0.623350143432617,0.2932762781593421,0.540120718660132,0.6898356149736813,0.10805925085628418,0.4623320802184809,0.6807250342760517,8.354956512222381e-8
1,74,OnlineFPCA-adagrad,0.1,4600,100,face,3,5,0.61670446395874,0.2001851720981176,0.5141785795168335,0.6434301291236129,0.09741177076969788,0.4672352397826007,0.6675032106360824,6.858741713325088e-8
1,74,OnlineFPCA-adagrad,0.1,4700,100,face,3,5,0.619603157043457,0.09100198376509001,0.5775063650759467,0.6197600412786016,0.0785020432131246,0.4764100389294867,0.651872701579595,5.647096302545355e-8
1,74,OnlineFPCA-adagrad,0.1,4800,100,face,3,5,0.635491609573364,0.1615875122289439,0.5366304362177875,0.6021600734126283,0.07196256507029503,0.47864745001369413,0.631980701445577,3.849964084742941e-8
1,74,OnlineFPCA-adagrad,0.1,4900,100,face,3,5,0.627742528915405,0.0782705184703132,0.5578563056950867,0.6393262462467262,0.06702940436083765,0.47996023920551006,0.6223986589773194,3.187604542527558e-8
1,74,OnlineFPCA-adagrad,0.1,5000,100,face,3,5,0.614450693130493,0.17585692121542226,0.5296992028558375,0.6461959389469908,0.05766670051745833,0.48091425797315107,0.6152683132069445,3.187604542527558e-8
1,74,OnlineFPCA-adagrad,0.1,5100,100,face,3,5,0.12578272819519,0.19047620605941873,0.48134106491083956,0.5959959110080432,0.04962769096466365,0.48016021326926817,0.6117287897828136,NA
1,74,OnlineFPCA-adagrad,0.1,5200,100,face,3,5,0.126724720001221,0.14852341140818737,0.494852525281089,0.5625406190923251,0.05557341141208406,0.4787581685403233,0.6069594157433295,NA
1,74,OnlineFPCA-adagrad,0.1,5300,100,face,3,5,0.120635271072388,0.20122998036859652,0.5968265288682435,0.5312587597243819,0.05119344189990789,0.48030381691890567,0.5975961160292115,NA
1,74,OnlineFPCA-adagrad,0.1,5400,100,face,3,5,0.130334138870239,0.09820813154056156,0.49086458901813645,0.5295133828915969,0.048454634520175115,0.4813186014492503,0.5855460224779361,NA
1,74,OnlineFPCA-adagrad,0.1,5500,100,face,3,5,0.128394842147827,0.23394137573920482,0.4465782665413678,0.5128471282355113,0.04267659874639421,0.4787185006502432,0.5689456398275348,NA
1,74,OnlineFPCA-adagrad,0.1,5600,100,face,3,5,0.12483286857605,0.11747465934710982,0.44330527966713357,0.43671249496660847,0.03992937028086626,0.4744331535214739,0.5542120486445477,NA
1,74,OnlineFPCA-adagrad,0.1,5700,100,face,3,5,0.125187158584595,0.13537315023068036,0.41420835479010404,0.4997338770067378,0.03554511351715555,0.46858901863417535,0.5413357650915517,NA
1,74,OnlineFPCA-adagrad,0.1,5800,100,face,3,5,0.1242835521698,0.167445310664234,0.4117611835723005,0.49203258368197045,0.033083727128783214,0.46164071407002283,0.5318988624449645,NA
1,74,OnlineFPCA-adagrad,0.1,5900,100,face,3,5,0.126659631729126,0.1694475289226765,0.4028070047024614,0.5121613663479995,0.0292227628087958,0.45555187008467607,0.5246856107626423,NA
1,74,OnlineFPCA-adagrad,0.1,6000,100,face,3,5,0.13104772567749,0.1325917038504612,0.4073241409592764,0.4957835031133237,0.030481019939736693,0.44977532680352206,0.5189378395743746,NA
1,74,OnlineFPCA-adagrad,0.1,6100,100,face,3,5,0.125312805175781,0.13773272820691398,0.52034249078798,0.3354267558058094,0.0297072191081384,0.440890605425935,0.5110413078633737,NA
1,74,OnlineFPCA-adagrad,0.1,6200,100,face,3,5,0.129982948303223,0.18673370689226124,0.4722681755499084,0.31620296921451846,0.027167518786750847,0.43069253495020793,0.50049056413916,NA
1,74,OnlineFPCA-adagrad,0.1,6300,100,face,3,5,0.132656097412109,0.2324409629391878,0.5681121223445605,0.38725727601599136,0.027624605577332078,0.42565791339782355,0.491850236242988,NA
1,74,OnlineFPCA-adagrad,0.1,6400,100,face,3,5,0.121203422546387,0.18184950567790129,0.48560057744995083,0.4218178029911777,0.031449414429056105,0.42218487484800427,0.4846332133089131,NA
1,74,OnlineFPCA-adagrad,0.1,6500,100,face,3,5,0.131961584091187,0.18968281179658555,0.3973218014039057,0.5314338221017796,0.03208724286462185,0.4179922644650376,0.4803844697714013,NA
1,74,OnlineFPCA-adagrad,0.1,6600,100,face,3,5,0.129236221313477,0.25768435350324165,0.5339207585763313,0.5255810396597971,0.03230672876601957,0.41465247464459354,0.4768478072985366,NA
1,74,OnlineFPCA-adagrad,0.1,6700,100,face,3,5,0.126167774200439,0.16028173796864406,0.40233327382819517,0.6033715318409105,0.03343996023073726,0.411845189994003,0.4742635422858071,NA
1,74,OnlineFPCA-adagrad,0.1,6800,100,face,3,5,0.126164674758911,0.23285638976770187,0.3449961022596318,0.6575950267646546,0.03385897629507277,0.4059127712622807,0.47388964396650496,NA
1,74,OnlineFPCA-adagrad,0.1,6900,100,face,3,5,0.125325441360474,0.20783605803549726,0.2793702468741592,0.6937503647711918,0.033730700521164426,0.39805988895269345,0.47312008987509646,NA
1,74,OnlineFPCA-adagrad,0.1,7000,100,face,3,5,0.127857208251953,0.1683168901005287,0.2417527678664518,0.7095698177126765,0.03620433961252675,0.39034903800727283,0.47277629107200814,NA
1,74,OnlineFPCA-adagrad,0.1,7100,100,face,3,5,0.130141496658325,0.22716354909308942,0.3192927580574485,0.7198460766803357,0.036440327970000984,0.38064030885200145,0.47302768448820615,NA
1,74,OnlineFPCA-adagrad,0.1,7200,100,face,3,5,0.125858068466187,0.18656062094184878,0.3163049692290125,0.714693259758434,0.03734211543605119,0.3720776908531198,0.47489409956570666,NA
1,74,OnlineFPCA-adagrad,0.1,7300,100,face,3,5,0.127776384353638,0.1770618548603445,0.16613771387877121,0.692464500122045,0.03717380464892491,0.36260751175325545,0.4759060496122767,NA
1,74,OnlineFPCA-adagrad,0.1,7400,100,face,3,5,0.125275850296021,0.23240056002038584,0.3236309010452584,0.7006364756824486,0.03965951978155173,0.3548096010087843,0.4775732810337456,NA
1,74,OnlineFPCA-adagrad,0.1,7500,100,face,3,5,0.12629508972168,0.19617105577519137,0.17498059866020735,0.6724407044893508,0.043239375318480794,0.34837450459366853,0.4790824510655799,NA
1,74,OnlineFPCA-adagrad,0.1,7600,100,face,3,5,0.126094818115234,0.1316142906564187,0.1818948429124794,0.6458433645470611,0.04381630549048881,0.34319616357129756,0.48103333938556425,NA
1,74,OnlineFPCA-adagrad,0.1,7700,100,face,3,5,0.133795738220215,0.16089380422934071,0.2694145142794812,0.6674192732638262,0.042199616652534494,0.3395118491147032,0.48299154851430376,NA
1,74,OnlineFPCA-adagrad,0.1,7800,100,face,3,5,0.131368637084961,0.15195466973231808,0.32215552507309503,0.7008770461771774,0.04085157044951953,0.33611208085480965,0.4864115104999776,NA
1,74,OnlineFPCA-adagrad,0.1,7900,100,face,3,5,0.130947589874268,0.15981850713540494,0.3622233907497184,0.6486278597521553,0.04040895929379808,0.33335084829517303,0.4893551283105672,NA
1,74,OnlineFPCA-adagrad,0.1,8000,100,face,3,5,0.127071619033813,0.07897572173132346,0.48500201093887974,0.5545533523552174,0.039471981974720835,0.33187953449944374,0.49073177676308144,NA
1,74,OnlineFPCA-adagrad,0.1,8100,100,face,3,5,0.128178119659424,0.09569501887551252,0.39765969599717227,0.48710817545787166,0.03782584622214764,0.33064784971188266,0.4908890535213279,NA
1,74,OnlineFPCA-adagrad,0.1,8200,100,face,3,5,0.12175464630127,0.1995908530179634,0.42099932126420736,0.544055691468208,0.036387951233938905,0.32854413484906553,0.4907229901542647,NA
1,74,OnlineFPCA-adagrad,0.1,8300,100,face,3,5,0.133002042770386,0.08100549932658649,0.48438992439143147,0.5562651627502424,0.036876059303939675,0.3294476628378484,0.49162719848439046,NA
1,74,OnlineFPCA-adagrad,0.1,8400,100,face,3,5,0.134588003158569,0.07805086452074751,0.5196149484881674,0.5210704231791673,0.03754142322170273,0.3299230467317257,0.4916951349278249,NA
1,74,OnlineFPCA-adagrad,0.1,8500,100,face,3,5,0.129432916641235,0.1540844702607862,0.48362487957559014,0.4775609447595119,0.03568217979790633,0.3306977302527643,0.4901952184609523,NA
1,74,OnlineFPCA-adagrad,0.1,8600,100,face,3,5,0.127715110778809,0.14375584865644533,0.33633927062573815,0.358071826240075,0.035825748652107754,0.33049777551425563,0.487725341040477,NA
1,74,OnlineFPCA-adagrad,0.1,8700,100,face,3,5,0.130698919296265,0.12168401189130118,0.3109923607676906,0.29876930143535113,0.035983457801306754,0.32883590403453417,0.48380198397125945,NA
1,74,OnlineFPCA-adagrad,0.1,8800,100,face,3,5,0.12975287437439,0.20027915172223013,0.2904090434254511,0.34666969996720215,0.03448131812621734,0.32789031892036996,0.48027798218790496,NA
1,74,OnlineFPCA-adagrad,0.1,8900,100,face,3,5,0.329682111740112,0.12795293665124796,0.2587367358031926,0.35578325071899847,0.0348965632218444,0.3261804101319041,0.47749020951726434,NA
1,74,OnlineFPCA-adagrad,0.1,9000,100,face,3,5,0.124863624572754,0.16774045746462446,0.2907444104690711,0.44251926327486857,0.03560909284592321,0.32356306768583215,0.4743835238054011,NA
1,74,OnlineFPCA-adagrad,0.1,9100,100,face,3,5,0.134274482727051,0.1845523559542633,0.33221021017730595,0.6360310267466269,0.037212278951770435,0.3214544851283533,0.4728814583656023,NA
1,74,OnlineFPCA-adagrad,0.1,9200,100,face,3,5,0.134519338607788,0.18221114038602823,0.3051554145333607,0.5678731973982655,0.038867403471171506,0.31897195342295426,0.47341541576530405,NA
1,74,OnlineFPCA-adagrad,0.1,9300,100,face,3,5,0.127951860427856,0.20219893927922025,0.26994254043399313,0.5954347555420479,0.039868333266991976,0.31535071917434637,0.47426242070007585,NA
1,74,OnlineFPCA-adagrad,0.1,9400,100,face,3,5,0.127373456954956,0.15269414754908758,0.2677197221761046,0.5367443412149521,0.0406568459337678,0.3127810533057924,0.47446421378320996,NA
1,74,OnlineFPCA-adagrad,0.1,9500,100,face,3,5,0.125825643539429,0.2333750714552883,0.29422518704376466,0.5460696164410926,0.03996358994762816,0.31035601274684604,0.4743131080886876,NA
1,74,OnlineFPCA-adagrad,0.1,9600,100,face,3,5,0.130887508392334,0.1267612742451851,0.27889777914030467,0.4541751961804528,0.03907685418155724,0.30889605990623503,0.4732618102248571,NA
1,74,OnlineFPCA-adagrad,0.1,9700,100,face,3,5,0.137907743453979,0.06194247674948125,0.366872538072829,0.42118577166431964,0.03849045717707034,0.3094873113549836,0.4713821067286195,NA
1,74,OnlineFPCA-adagrad,0.1,9800,100,face,3,5,0.132699251174927,0.13792830449884802,0.3186692683347422,0.3981052140449373,0.03814468984220412,0.3094996864624656,0.46879495934095516,NA
1,74,OnlineFPCA-adagrad,0.1,9900,100,face,3,5,0.138221263885498,0.04203135805454212,0.3245478284688698,0.39882926647835026,0.03763644865660561,0.3095419993624091,0.46701702902130626,NA
1,74,OnlineFPCA-adagrad,0.1,10000,100,face,3,5,0.134796142578125,0.1336311833440421,0.29601003872340165,0.41655170943833725,0.03707447701218038,0.30912498673648686,0.46501246987582157,NA
1,74,OnlineFPCA-adagrad,0.1,10100,100,face,3,5,0.12734580039978,0.14387719673199179,0.2599581431796103,0.41984049361942855,0.03622490188685405,0.30813883495367256,0.46382768266753155,NA
1,74,OnlineFPCA-adagrad,0.1,10200,100,face,3,5,0.132414817810059,0.13432176933681125,0.27456858321035105,0.41079138922579506,0.036417747714359405,0.30690565965039224,0.4628569208629448,NA
1,74,OnlineFPCA-adagrad,0.1,10300,100,face,3,5,0.140485763549805,0.1527080114584893,0.35640038430862647,0.36712649522374424,0.035648269318031486,0.3058721050642623,0.4609162640385413,NA
1,74,OnlineFPCA-adagrad,0.1,10400,100,face,3,5,0.133924722671509,0.07318297994078216,0.28219240397993056,0.3555600296093483,0.034726079862269776,0.30544659815147557,0.45805077443856407,NA
1,74,OnlineFPCA-adagrad,0.1,10500,100,face,3,5,0.13530445098877,0.19040737608027966,0.24340519059939195,0.3338972601310564,0.03383736515958855,0.30453362444424187,0.4536969464527304,NA
1,74,OnlineFPCA-adagrad,0.1,10600,100,face,3,5,0.131463289260864,0.1212491703281988,0.2544510176050478,0.2644427878886178,0.0334614440386432,0.3031400055878367,0.4495546149421842,NA
1,74,OnlineFPCA-adagrad,0.1,10700,100,face,3,5,0.133255481719971,0.12587771985711252,0.23331844255149267,0.35175262125160783,0.031605407392703795,0.3013636770372074,0.4461578294745776,NA
1,74,OnlineFPCA-adagrad,0.1,10800,100,face,3,5,0.134343385696411,0.153819184362189,0.2288368437277476,0.35706874865215205,0.029975439362136456,0.2995466402323825,0.443410340109616,NA
1,74,OnlineFPCA-adagrad,0.1,10900,100,face,3,5,0.130380868911743,0.105168809248547,0.2110633192664698,0.3862286849824078,0.029195835971275532,0.297872981342279,0.44113605933102856,NA
1,74,OnlineFPCA-adagrad,0.1,11000,100,face,3,5,0.136144399642944,0.09624719974339874,0.21646507316805647,0.35964562161808683,0.02918570520564213,0.2958743742890329,0.4383312353502447,NA
1,74,OnlineFPCA-adagrad,0.1,11100,100,face,3,5,0.126001119613647,0.11238002828143737,0.4073005478607792,0.23258128922608393,0.029509520049831418,0.2926517404986341,0.43500308702521273,NA
1,74,OnlineFPCA-adagrad,0.1,11200,100,face,3,5,0.13316011428833,0.15602020374979164,0.3427212553306861,0.22696354646053488,0.028981822900094743,0.2890370424301341,0.4315152402970937,NA
1,74,OnlineFPCA-adagrad,0.1,11300,100,face,3,5,0.134727239608765,0.19722051628482218,0.4032840307944772,0.30374972052030147,0.028574744588471406,0.2869665391084487,0.42794966861469935,NA
1,74,OnlineFPCA-adagrad,0.1,11400,100,face,3,5,0.130655527114868,0.15205326494025959,0.34785753975352585,0.32280156134877486,0.02962746906890442,0.2852386146282826,0.4246213692275932,NA
1,74,OnlineFPCA-adagrad,0.1,11500,100,face,3,5,0.140048027038574,0.1611595833080221,0.27882835437825554,0.41550275368921513,0.030320851978531328,0.28348999956508525,0.4229153056798158,NA
1,74,OnlineFPCA-adagrad,0.1,11600,100,face,3,5,0.131446838378906,0.22375705950855365,0.40512541547077846,0.401957142170719,0.03131193064817356,0.2821665861919885,0.42164221865654716,NA
1,74,OnlineFPCA-adagrad,0.1,11700,100,face,3,5,0.136138439178467,0.13179552844438397,0.31629370758007636,0.458166960810932,0.03184418762722951,0.28100823744435777,0.4205658526686519,NA
1,74,OnlineFPCA-adagrad,0.1,11800,100,face,3,5,0.136346340179443,0.19415530274960047,0.256664491700419,0.5267832099557151,0.03242265055947068,0.2793380288061466,0.420747858795545,NA
1,74,OnlineFPCA-adagrad,0.1,11900,100,face,3,5,0.125896215438843,0.179081424600823,0.21774020892886065,0.5574725902256662,0.032775586391283626,0.2773516457557608,0.42095891217756065,NA
1,74,OnlineFPCA-adagrad,0.1,12000,100,face,3,5,0.138838529586792,0.15322436155092714,0.18772436731095307,0.5757912752932354,0.033762651434993456,0.2753482888388526,0.42126058079842166,NA
1,74,OnlineFPCA-adagrad,0.1,12100,100,face,3,5,0.134384870529175,0.20536784425491592,0.2471169127108246,0.5950568090250009,0.03456668980675866,0.2726627615180028,0.4217817018517153,NA
1,74,OnlineFPCA-adagrad,0.1,12200,100,face,3,5,0.127803325653076,0.16782779481487436,0.24967039017151582,0.6002722365256327,0.035140861030660386,0.2699523515408711,0.4227020228308937,NA
1,74,OnlineFPCA-adagrad,0.1,12300,100,face,3,5,0.132899522781372,0.1616916806680107,0.12450219685191666,0.5929185557508553,0.035405090347813646,0.26695106882028913,0.42340099749249305,NA
1,74,OnlineFPCA-adagrad,0.1,12400,100,face,3,5,0.129618406295776,0.2155497927874635,0.257674352853729,0.6081803268545438,0.03649807302587385,0.264900183514871,0.42435099748531707,NA
1,74,OnlineFPCA-adagrad,0.1,12500,100,face,3,5,0.128742694854736,0.1954094588016614,0.14392092419259464,0.5899267362172423,0.03814821797440072,0.2630895438336291,0.4251424346838577,NA
1,74,OnlineFPCA-adagrad,0.1,12600,100,face,3,5,0.135921478271484,0.12602430006204313,0.14795438969065247,0.5675890485104234,0.03884326082152423,0.261656035534332,0.4260998071818086,NA
1,74,OnlineFPCA-adagrad,0.1,12700,100,face,3,5,0.130220174789429,0.1332890096677369,0.2072631347657695,0.5766214795323595,0.03848511595616382,0.2605720072124136,0.42692508265518303,NA
1,74,OnlineFPCA-adagrad,0.1,12800,100,face,3,5,0.136362552642822,0.13772485837454276,0.2798048126375169,0.6082840900200716,0.03807789201425953,0.2598658438158716,0.4284130115394428,NA
1,74,OnlineFPCA-adagrad,0.1,12900,100,face,3,5,0.136476755142212,0.14187913605021307,0.32561064819134233,0.5678597124131687,0.03795023247362452,0.2595512128540672,0.4297669738678042,NA
1,74,OnlineFPCA-adagrad,0.1,13000,100,face,3,5,0.129554271697998,0.0717601346800928,0.4393334571591189,0.48975687537085155,0.037604222670937985,0.25989439227281214,0.43056285148241813,NA
1,74,OnlineFPCA-adagrad,0.1,13100,100,face,3,5,0.132374048233032,0.08026407622252345,0.3711719539924002,0.43026375141578643,0.03712239402590563,0.26029608108124014,0.4308262868048746,NA
1,74,OnlineFPCA-adagrad,0.1,13200,100,face,3,5,0.136241674423218,0.16505210365031625,0.3903822337036041,0.48167987117386946,0.03658328557383665,0.26025616120665074,0.43094310400419167,NA
1,74,OnlineFPCA-adagrad,0.1,13300,100,face,3,5,0.130572080612183,0.07860294130720133,0.4473114234223258,0.49477974875791336,0.03677981279618824,0.261258867251147,0.43145991194830147,NA
1,74,OnlineFPCA-adagrad,0.1,13400,100,face,3,5,0.135039567947388,0.07178035093884189,0.4723724110086386,0.464380896134061,0.03710136500306844,0.26206008928808894,0.43169569108157885,NA
1,74,OnlineFPCA-adagrad,0.1,13500,100,face,3,5,0.130680561065674,0.12321171502594487,0.4416621627956389,0.4269125563584542,0.03642565776353703,0.2629411020901353,0.4312971908338011,NA
1,74,OnlineFPCA-adagrad,0.1,13600,100,face,3,5,0.137555122375488,0.1262916528126499,0.3170948548327237,0.33331605257771896,0.03637386720195468,0.2633904649925466,0.430479661637001,NA
1,74,OnlineFPCA-adagrad,0.1,13700,100,face,3,5,0.129786729812622,0.10392265758959444,0.2878103326607353,0.2820977918604579,0.036369578458986716,0.2631135844546947,0.4290115892770389,NA
1,74,OnlineFPCA-adagrad,0.1,13800,100,face,3,5,0.133759498596191,0.16814577891624338,0.2745802962829535,0.323625319321205,0.03576014489985284,0.2630996720689695,0.4276479578367783,NA
1,74,OnlineFPCA-adagrad,0.1,13900,100,face,3,5,0.135510921478271,0.11273506150094824,0.2459823197789998,0.3353768623649894,0.0360035339487321,0.26277846122973175,0.42664226155730833,NA
1,74,OnlineFPCA-adagrad,0.1,14000,100,face,3,5,0.133530378341675,0.14805025765847327,0.2569598543363096,0.40824756500375925,0.03630617588466003,0.2620266959695643,0.42553004455645516,NA
1,74,OnlineFPCA-adagrad,0.1,14100,100,face,3,5,0.13212776184082,0.15873848096368073,0.2867087733887605,0.5636666222645065,0.036984644528792625,0.2614384861142676,0.4251029378463048,NA
1,74,OnlineFPCA-adagrad,0.1,14200,100,face,3,5,0.130088329315186,0.1630717339807637,0.24970519037540445,0.5180732710955896,0.03780968442353575,0.26061763071474064,0.42550792127873843,NA
1,74,OnlineFPCA-adagrad,0.1,14300,100,face,3,5,0.129619121551514,0.17806702287583956,0.22520513219094943,0.5362310277630878,0.03833874362770525,0.2592189253845396,0.42602668170818825,NA
1,74,OnlineFPCA-adagrad,0.1,14400,100,face,3,5,0.132236242294312,0.13149479018176208,0.21632171294367616,0.4989535594078418,0.03873389041244024,0.2581668703984348,0.426236130138122,NA
1,74,OnlineFPCA-adagrad,0.1,14500,100,face,3,5,0.12981128692627,0.20800279740318864,0.24538849142771701,0.504040005460771,0.03851605863795145,0.257078700379047,0.4263293449518787,NA
1,74,OnlineFPCA-adagrad,0.1,14600,100,face,3,5,0.137784004211426,0.10559389601416069,0.2330140455094099,0.4174728570966993,0.03811033193316528,0.2563678122276929,0.42594739769186324,NA
1,74,OnlineFPCA-adagrad,0.1,14700,100,face,3,5,0.131672143936157,0.05512715609053499,0.3125323002372542,0.38242286525586144,0.03783423682347383,0.2566794655674861,0.42509429964980705,NA
1,74,OnlineFPCA-adagrad,0.1,14800,100,face,3,5,0.128255367279053,0.1259217577679694,0.2721664904052613,0.3628599468302171,0.037681098921062875,0.25677560666695953,0.4239189442997784,NA
1,74,OnlineFPCA-adagrad,0.1,14900,100,face,3,5,0.136267900466919,0.03215559792968106,0.2723440164145957,0.35269018948963393,0.037422613938532565,0.2568665507505529,0.42306818307746513,NA
1,74,OnlineFPCA-adagrad,0.1,15000,100,face,3,5,0.135464191436768,0.11428380795468725,0.24522335209039992,0.3690768211154219,0.037124543694034284,0.2566947295742926,0.4220660470004512,NA
1,74,OnlineCov,NA,100,NA,NA,3,NA,4.34096050262451,0.3778043587359028,0.8832737058297869,1.0711328276069432,0.3778043587359028,0.8832737058297869,1.0711328276069432,NA
1,74,OnlineCov,NA,200,NA,NA,3,NA,4.13544321060181,0.14684212085623932,0.5279904241288293,0.6303449057910966,0.14684212085623932,0.5279904241288293,0.6303449057910966,NA
1,74,OnlineCov,NA,300,NA,NA,3,NA,4.27516746520996,0.16564229054343185,0.6408274238622531,0.6655039991410003,0.16564229054343185,0.6408274238622531,0.6655039991410003,NA
1,74,OnlineCov,NA,400,NA,NA,3,NA,4.73745203018188,0.09526257809035112,0.4924347047683689,0.6554173151042435,0.09526257809035112,0.4924347047683689,0.6554173151042435,NA
1,74,OnlineCov,NA,500,NA,NA,3,NA,4.5334894657135,0.09675076377094811,0.25859031637873736,0.48294308001911385,0.09675076377094811,0.25859031637873736,0.48294308001911385,NA
1,74,OnlineCov,NA,600,NA,NA,3,NA,4.76552605628967,0.09754858599224597,0.3126997778754424,0.45916160597491745,0.09754858599224597,0.3126997778754424,0.45916160597491745,NA
1,74,OnlineCov,NA,700,NA,NA,3,NA,4.07954216003418,0.10941269440489887,0.24589284712419282,0.4742292169283847,0.10941269440489887,0.24589284712419282,0.4742292169283847,NA
1,74,OnlineCov,NA,800,NA,NA,3,NA,3.93592429161072,0.09392528870172498,0.17472476734106673,0.42653972728405704,0.09392528870172498,0.17472476734106673,0.42653972728405704,NA
1,74,OnlineCov,NA,900,NA,NA,3,NA,4.13383507728577,0.0784044915657846,0.10005724266889708,0.3707876068075884,0.0784044915657846,0.10005724266889708,0.3707876068075884,NA
1,74,OnlineCov,NA,1000,NA,NA,3,NA,4.82636165618896,0.07446424828341891,0.14205315666177837,0.3468654162690648,0.07446424828341891,0.14205315666177837,0.3468654162690648,NA
1,74,OnlineCov,NA,1100,NA,NA,3,NA,4.39376020431519,0.07722019355854431,0.25572721630331036,0.3053661295310073,0.07722019355854431,0.25572721630331036,0.3053661295310073,NA
1,74,OnlineCov,NA,1200,NA,NA,3,NA,4.07368850708008,0.08402321061923189,0.2531544418936028,0.3538792566782286,0.08402321061923189,0.2531544418936028,0.3538792566782286,NA
1,74,OnlineCov,NA,1300,NA,NA,3,NA,4.25136303901672,0.06245997593515912,0.25344581126148885,0.3532003085043042,0.06245997593515912,0.25344581126148885,0.3532003085043042,NA
1,74,OnlineCov,NA,1400,NA,NA,3,NA,4.40962982177734,0.06679331290611709,0.28828771195482794,0.41015245001456707,0.06679331290611709,0.28828771195482794,0.41015245001456707,NA
1,74,OnlineCov,NA,1500,NA,NA,3,NA,4.10251569747925,0.05022115630249839,0.12247224996383607,0.3632143840687833,0.05022115630249839,0.12247224996383607,0.3632143840687833,NA
1,74,OnlineCov,NA,1600,NA,NA,3,NA,4.38922381401062,0.04614849489930233,0.15613335271440335,0.34000580044585144,0.04614849489930233,0.15613335271440335,0.34000580044585144,NA
1,74,OnlineCov,NA,1700,NA,NA,3,NA,4.02024912834167,0.049393827220118446,0.16965479949606477,0.38115220716231324,0.049393827220118446,0.16965479949606477,0.38115220716231324,NA
1,74,OnlineCov,NA,1800,NA,NA,3,NA,4.16250896453857,0.05442271304026642,0.13554224679908708,0.4575804802294048,0.05442271304026642,0.13554224679908708,0.4575804802294048,NA
1,74,OnlineCov,NA,1900,NA,NA,3,NA,4.12579917907715,0.04572626870950031,0.11512776367279216,0.4866875310346192,0.04572626870950031,0.11512776367279216,0.4866875310346192,NA
1,74,OnlineCov,NA,2000,NA,NA,3,NA,4.1713650226593,0.04388045499683264,0.05882922254696199,0.469757974509885,0.04388045499683264,0.05882922254696199,0.469757974509885,NA
1,74,OnlineCov,NA,2100,NA,NA,3,NA,4.23351764678955,0.04154781089168482,0.06483967372036564,0.5196850851697953,0.04154781089168482,0.06483967372036564,0.5196850851697953,NA
1,74,OnlineCov,NA,2200,NA,NA,3,NA,4.8412504196167,0.03888779054786061,0.07233591749129939,0.548820189456526,0.03888779054786061,0.07233591749129939,0.548820189456526,NA
1,74,OnlineCov,NA,2300,NA,NA,3,NA,4.81931829452515,0.039117340267506066,0.06329568490152584,0.5323296142115568,0.039117340267506066,0.06329568490152584,0.5323296142115568,NA
1,74,OnlineCov,NA,2400,NA,NA,3,NA,4.20792841911316,0.04633105905655598,0.05864816107322774,0.5533741842986373,0.04633105905655598,0.05864816107322774,0.5533741842986373,NA
1,74,OnlineCov,NA,2500,NA,NA,3,NA,3.95045828819275,0.05333310585595769,0.06585645429888351,0.5082158375700477,0.05333310585595769,0.06585645429888351,0.5082158375700477,NA
1,74,OnlineCov,NA,2600,NA,NA,3,NA,4.39170598983765,0.049710727676976166,0.06175773400403404,0.4732162290738588,0.049710727676976166,0.06175773400403404,0.4732162290738588,NA
1,74,OnlineCov,NA,2700,NA,NA,3,NA,4.15922093391418,0.0412512197791648,0.079587015867881,0.439825562441178,0.0412512197791648,0.079587015867881,0.439825562441178,NA
1,74,OnlineCov,NA,2800,NA,NA,3,NA,4.64731073379517,0.04162132484425859,0.061502921055011484,0.482884427356769,0.04162132484425859,0.061502921055011484,0.482884427356769,NA
1,74,OnlineCov,NA,2900,NA,NA,3,NA,4.04573512077332,0.04235088285571258,0.085582246472923,0.46371966551075927,0.04235088285571258,0.085582246472923,0.46371966551075927,NA
1,74,OnlineCov,NA,3000,NA,NA,3,NA,3.95599102973938,0.03995179995368799,0.08220661435948227,0.40005022298227694,0.03995179995368799,0.08220661435948227,0.40005022298227694,NA
1,74,OnlineCov,NA,3100,NA,NA,3,NA,4.63316226005554,0.03747958945899193,0.10475519547516143,0.37871217180440897,0.03747958945899193,0.10475519547516143,0.37871217180440897,NA
1,74,OnlineCov,NA,3200,NA,NA,3,NA,4.31968259811401,0.040479262785151245,0.11786661830651596,0.3388466840711106,0.040479262785151245,0.11786661830651596,0.3388466840711106,NA
1,74,OnlineCov,NA,3300,NA,NA,3,NA,4.59726238250732,0.042010905665011276,0.13709311538771035,0.366511156568587,0.042010905665011276,0.13709311538771035,0.366511156568587,NA
1,74,OnlineCov,NA,3400,NA,NA,3,NA,4.59964919090271,0.04329989905394649,0.14293230562814216,0.33335245574076283,0.04329989905394649,0.14293230562814216,0.33335245574076283,NA
1,74,OnlineCov,NA,3500,NA,NA,3,NA,4.16934657096863,0.03885420262230215,0.12243442006151563,0.32912730779188354,0.03885420262230215,0.12243442006151563,0.32912730779188354,NA
1,74,OnlineCov,NA,3600,NA,NA,3,NA,4.75906658172607,0.0418994867352545,0.136938408049052,0.32652126409161303,0.0418994867352545,0.136938408049052,0.32652126409161303,NA
1,74,OnlineCov,NA,3700,NA,NA,3,NA,4.45218443870544,0.036023236997534375,0.11933799993157895,0.29774831838907406,0.036023236997534375,0.11933799993157895,0.29774831838907406,NA
1,74,OnlineCov,NA,3800,NA,NA,3,NA,5.10088682174683,0.036246298413099655,0.1352962699709621,0.2996431446166199,0.036246298413099655,0.1352962699709621,0.2996431446166199,NA
1,74,OnlineCov,NA,3900,NA,NA,3,NA,4.09499549865723,0.03883878391084085,0.12103866029486954,0.3152761644282284,0.03883878391084085,0.12103866029486954,0.3152761644282284,NA
1,74,OnlineCov,NA,4000,NA,NA,3,NA,4.01350045204163,0.043566325998844996,0.12792733072768783,0.3154935826570741,0.043566325998844996,0.12792733072768783,0.3154935826570741,NA
1,74,OnlineCov,NA,4100,NA,NA,3,NA,3.79043197631836,0.04732721912360922,0.1104664509062379,0.3259562354347476,0.04732721912360922,0.1104664509062379,0.3259562354347476,NA
1,74,OnlineCov,NA,4200,NA,NA,3,NA,4.69754433631897,0.05123846991644286,0.10662238327427617,0.3326091391217139,0.05123846991644286,0.10662238327427617,0.3326091391217139,NA
1,74,OnlineCov,NA,4300,NA,NA,3,NA,4.30602264404297,0.05018774536608348,0.10504063499896736,0.3426735065786757,0.05018774536608348,0.10504063499896736,0.3426735065786757,NA
1,74,OnlineCov,NA,4400,NA,NA,3,NA,4.19706559181213,0.04213950377866743,0.07057837237716492,0.33285734951364576,0.04213950377866743,0.07057837237716492,0.33285734951364576,NA
1,74,OnlineCov,NA,4500,NA,NA,3,NA,4.71492195129395,0.03719813851993963,0.08637014674029923,0.37500253896657865,0.03719813851993963,0.08637014674029923,0.37500253896657865,NA
1,74,OnlineCov,NA,4600,NA,NA,3,NA,4.22404742240906,0.03291789259063163,0.07664026774377344,0.3796674808749455,0.03291789259063163,0.07664026774377344,0.3796674808749455,NA
1,74,OnlineCov,NA,4700,NA,NA,3,NA,4.49142241477966,0.03300449221339354,0.10644062925436833,0.370298093859992,0.03300449221339354,0.10644062925436833,0.370298093859992,NA
1,74,OnlineCov,NA,4800,NA,NA,3,NA,4.19657754898071,0.031888222473272124,0.0910961962161685,0.38896757893748285,0.031888222473272124,0.0910961962161685,0.38896757893748285,NA
1,74,OnlineCov,NA,4900,NA,NA,3,NA,4.83899736404419,0.031350640227729466,0.12278443329632388,0.3638182405299926,0.031350640227729466,0.12278443329632388,0.3638182405299926,NA
1,74,OnlineCov,NA,5000,NA,NA,3,NA,4.58485507965088,0.03224014488494346,0.12561063671391376,0.3791034346754835,0.03224014488494346,0.12561063671391376,0.3791034346754835,NA
1,74,Batch-PACE,NA,5000,NA,NA,3,5000,6.91186141967773,0.035790106677805626,0.12267080813631794,0.4033127576703015,0.035790106677805626,0.12267080813631794,0.4033127576703015,NA
1,74,Batch-FACE,NA,5000,NA,NA,3,5000,65.2015361785889,0.02419557939467961,0.11585844627143684,0.20231101306602395,0.02419557939467961,0.11585844627143684,0.20231101306602395,NA
1,74,Batch-REML,NA,5000,NA,NA,3,5000,202.7647960186,0.026591935312262137,0.11248277869404656,0.2656316039662686,0.026591935312262137,0.11248277869404656,0.2656316039662686,NA
1,74,Batch-SOAP,NA,5000,NA,NA,3,5000,199.623476982117,0.06082072143048596,0.10550346206511764,0.12017027458066051,0.06082072143048596,0.10550346206511764,0.12017027458066051,NA
