noise,seed,Method,StepSize,N,Ninit,initMethod,npc,nBatch,Time,RMSEphi1,RMSEphi2,RMSEphi3,RMSEphi1.avg,RMSEphi2.avg,RMSEphi3.avg,tau
0.1,14,OnlineFPCA-sgd,0.1,0,100,face,3,5,1.81340432167053,0.020191754606376625,0.12910833173966105,0.4476613447985705,0.020191754606376625,0.12910833173966105,0.4476613447985705,1.0000000000000004e-6
0.1,14,OnlineFPCA-sgd,0.1,100,100,face,3,5,0.613806962966919,0.7924272093230208,0.5757267352169326,1.1474390174024818,NA,NA,NA,1.7782794100389236e-5
0.1,14,OnlineFPCA-sgd,0.1,200,100,face,3,5,0.450144290924072,0.9199097324958434,1.3328515540265313,1.4312526819485494,NA,NA,NA,3.023672441410006e-6
0.1,14,OnlineFPCA-sgd,0.1,300,100,face,3,5,0.43559741973877,0.517002433749486,1.3429978802385685,1.355540559299943,NA,NA,NA,3.023672441410006e-6
0.1,14,OnlineFPCA-sgd,0.1,400,100,face,3,5,0.449747085571289,0.45973337895231853,0.8527287256258895,1.1333328728295213,NA,NA,NA,3.023672441410006e-6
0.1,14,OnlineFPCA-sgd,0.1,500,100,face,3,5,0.600120544433594,0.5148653668750631,0.8171439372320923,0.5620668446828484,NA,NA,NA,7.685973642982605e-6
0.1,14,OnlineFPCA-sgd,0.1,600,100,face,3,5,0.416057586669922,0.47424346953841745,0.8182635546048722,0.5602732911370539,NA,NA,NA,7.685973642982605e-6
0.1,14,OnlineFPCA-sgd,0.1,700,100,face,3,5,0.41038990020752,0.45787969763143577,0.8190003545102481,0.5538912559239084,NA,NA,NA,1.60634917867627e-5
0.1,14,OnlineFPCA-sgd,0.1,800,100,face,3,5,0.39891505241394,0.43502270501699375,0.8082764401338814,0.5494436543370519,NA,NA,NA,3.143494938619271e-5
0.1,14,OnlineFPCA-sgd,0.1,900,100,face,3,5,0.406528234481812,0.4213818455246922,0.7926003580026018,0.5422069668012659,NA,NA,NA,5.833245728080265e-5
0.1,14,OnlineFPCA-sgd,0.1,1000,100,face,3,5,0.419525384902954,0.41449085958522464,0.7595813537083806,0.5275261472796068,NA,NA,NA,1.03590054375623e-4
0.1,14,OnlineFPCA-sgd,0.1,1100,100,face,3,5,0.635454416275024,0.3145371647083184,0.3487723673378085,0.28094694843231915,0.33856969551200694,0.4796361114907298,0.360035812796092,1.7726745805480944e-4
0.1,14,OnlineFPCA-sgd,0.1,1200,100,face,3,5,0.628579139709473,0.22105960482302464,0.2959141044019229,0.33082257696723827,0.24690665487789001,0.37795312145234444,0.29154847365590697,1.7726745805480944e-4
0.1,14,OnlineFPCA-sgd,0.1,1300,100,face,3,5,0.602973222732544,0.17638344260941874,0.265271454988472,0.3197973274276702,0.20058263380548538,0.3334086910147732,0.28131691847294976,1.7726745805480944e-4
0.1,14,OnlineFPCA-sgd,0.1,1400,100,face,3,5,0.611893177032471,0.43256454791391374,0.25360613918949465,0.28544319151690817,0.11800538097947105,0.28089068472738715,0.27940367637434427,1.7726745805480944e-4
0.1,14,OnlineFPCA-sgd,0.1,1500,100,face,3,5,0.551100730895996,0.12600872165862856,0.1950901964843885,0.2693024324730558,0.10630725865168411,0.25947087037248157,0.2668252946409274,1.150404050229364e-4
0.1,14,OnlineFPCA-sgd,0.1,1600,100,face,3,5,0.538976430892944,0.08794986539860647,0.186094805451723,0.26928909635585485,0.07869242469843772,0.23868124072618085,0.2606805894376276,7.609678068422526e-5
0.1,14,OnlineFPCA-sgd,0.1,1700,100,face,3,5,0.540529489517212,0.08185667103245317,0.17949986901014137,0.26261625726301663,0.06289007821023514,0.22565606722063353,0.2567299175709131,5.120821290786153e-5
0.1,14,OnlineFPCA-sgd,0.1,1800,100,face,3,5,0.554737329483032,0.07559140775369107,0.17296289730938103,0.24641640054014907,0.05214362705045675,0.21661403874874774,0.2541238439420041,2.392105970625272e-5
0.1,14,OnlineFPCA-sgd,0.1,1900,100,face,3,5,0.562399625778198,0.08736549391491798,0.1737062670398763,0.241726856852938,0.04487261000597698,0.20979126275257215,0.25150005942067055,2.392105970625272e-5
0.1,14,OnlineFPCA-sgd,0.1,2000,100,face,3,5,0.563500881195068,0.07382927379351366,0.16853288887811324,0.23688373837029922,0.041306185575414364,0.20438134076189565,0.24926791153708666,2.392105970625272e-5
0.1,14,OnlineFPCA-sgd,0.1,2100,100,face,3,5,0.561354637145996,0.31209034668762176,0.30775289120157123,0.19977491264989475,0.041988623101707236,0.20010282103653199,0.24442083802017356,2.392105970625272e-5
0.1,14,OnlineFPCA-sgd,0.1,2200,100,face,3,5,0.558965682983398,0.16190622021352866,0.13142562301514624,0.2646623976910254,0.041376416519576104,0.19141307012253014,0.23858346447264692,2.392105970625272e-5
0.1,14,OnlineFPCA-sgd,0.1,2300,100,face,3,5,0.561448574066162,0.05445684880662978,0.109995683528401,0.2841846342155967,0.041034454603819624,0.18526357883868783,0.2385394711655716,2.392105970625272e-5
0.1,14,OnlineFPCA-sgd,0.1,2400,100,face,3,5,0.591392755508423,0.11541608688903425,0.10442945503103956,0.213025791034276,0.035526252703625395,0.17900417372659486,0.23362770991472812,2.392105970625272e-5
0.1,14,OnlineFPCA-sgd,0.1,2500,100,face,3,5,0.579102754592896,0.15638771108539562,0.3135660003349641,0.14278938727038298,0.03815477631515398,0.1742981473325354,0.22805734623651538,2.392105970625272e-5
0.1,14,OnlineFPCA-sgd,0.1,2600,100,face,3,5,0.570815563201904,0.12017899774320646,0.22038816993156396,0.18504056518597228,0.0372985794709347,0.1713991173325371,0.22232555878790417,2.392105970625272e-5
0.1,14,OnlineFPCA-sgd,0.1,2700,100,face,3,5,0.638593673706055,0.10650890138430621,0.1096249605475992,0.29340252774356085,0.03405777100339111,0.1690722931410098,0.22111230258428227,2.392105970625272e-5
0.1,14,OnlineFPCA-sgd,0.1,2800,100,face,3,5,0.806612014770508,0.22117462139069372,0.20350949301442436,0.2505097467685061,0.03239015811827443,0.16440303794549566,0.21972089513307366,1.809129420076799e-5
0.1,14,OnlineFPCA-sgd,0.1,2900,100,face,3,5,0.604317426681519,0.2398108873629494,0.218756277494597,0.34296407048321603,0.027535953717345622,0.15980856350962083,0.21999921222896685,1.809129420076799e-5
0.1,14,OnlineFPCA-sgd,0.1,3000,100,face,3,5,0.61061429977417,0.17860368576243504,0.1483495810806,0.23267240204379402,0.029509831133560493,0.15348260355441243,0.218169205626389,1.3863674070792252e-5
0.1,14,OnlineFPCA-sgd,0.1,3100,100,face,3,5,0.601691007614136,0.15170179969431824,0.11654610611912823,0.31517535984880973,0.0289659679753488,0.14876371289459595,0.21847411393238167,8.240273339932786e-6
0.1,14,OnlineFPCA-sgd,0.1,3200,100,face,3,5,0.570270299911499,0.1842043593623772,0.22015794364931085,0.20249078252953306,0.02886523216323224,0.1441024032051453,0.21674440620765253,8.240273339932786e-6
0.1,14,OnlineFPCA-sgd,0.1,3300,100,face,3,5,0.59834623336792,0.19357872661712106,0.2673560872035156,0.22959636946308948,0.026775336816436235,0.1394670034976546,0.2156608808656281,6.424075096259956e-6
0.1,14,OnlineFPCA-sgd,0.1,3400,100,face,3,5,0.591842412948608,0.17836734278339975,0.2140833274647278,0.17395843727581112,0.027886597837281927,0.13588363804293335,0.21321963293997506,6.424075096259956e-6
0.1,14,OnlineFPCA-sgd,0.1,3500,100,face,3,5,0.599298477172852,0.1856738168730522,0.21168733233778453,0.1918398959943917,0.02513122598131099,0.1335875050695292,0.21023094306197293,6.424075096259956e-6
0.1,14,OnlineFPCA-sgd,0.1,3600,100,face,3,5,0.618980646133423,0.18940449822230462,0.19338863786159308,0.23281896479579292,0.023561954156548204,0.1302609634869553,0.21111460752828745,5.082402776188277e-6
0.1,14,OnlineFPCA-sgd,0.1,3700,100,face,3,5,0.584495306015015,0.1743340197028979,0.1501165063216969,0.27910460194276987,0.02358145434506412,0.12681799291106816,0.2103111961100947,3.2096042942320865e-6
0.1,14,OnlineFPCA-sgd,0.1,3800,100,face,3,5,0.592284679412842,0.10325009368241089,0.18910032541650545,0.29702772436015745,0.022733999915242793,0.12411491776791499,0.2104855736949182,2.5614661644409328e-6
0.1,14,OnlineFPCA-sgd,0.1,3900,100,face,3,5,0.587334394454956,0.169760362618352,0.18668863507703132,0.16445682891053393,0.02306554896851323,0.12066241501477545,0.20937613199325486,2.0525365593192353e-6
0.1,14,OnlineFPCA-sgd,0.1,4000,100,face,3,5,0.580822706222534,0.021264385944564767,0.11674124548445683,0.20637627948474785,0.021264385944564767,0.11674124548445683,0.20637627948474785,2.0525365593192353e-6
0.1,14,OnlineFPCA-sgd,0.1,4100,100,face,3,5,0.605350732803345,0.1734193480228434,0.21725383269756274,0.274788997040951,0.07736558209832904,0.15646894455056018,0.23576918915744935,2.0525365593192353e-6
0.1,14,OnlineFPCA-sgd,0.1,4200,100,face,3,5,0.577171325683594,0.11764537081401248,0.19373120144978087,0.22652323208620437,0.039193667501588175,0.15257368471626837,0.24705622647060274,2.0525365593192353e-6
0.1,14,OnlineFPCA-sgd,0.1,4300,100,face,3,5,0.568491458892822,0.1383088962024378,0.09848167645709859,0.23291480886956856,0.0421451089469186,0.15007847413507516,0.250542164715265,2.0525365593192353e-6
0.1,14,OnlineFPCA-sgd,0.1,4400,100,face,3,5,0.554048538208008,0.1370904353843359,0.12388953036212538,0.32843955692793453,0.030560553860004953,0.12264606391967331,0.2648939073619074,2.0525365593192353e-6
0.1,14,OnlineFPCA-sgd,0.1,4500,100,face,3,5,0.538217782974243,0.16659279853422768,0.1523874893686967,0.26227182634949836,0.030902901365794027,0.11610653016106355,0.26104289341335096,2.0525365593192353e-6
0.1,14,OnlineFPCA-sgd,0.1,4600,100,face,3,5,0.536391496658325,0.1324325049535181,0.13316950293279198,0.19872334476240733,0.031561783289245346,0.10948998761493565,0.252738283796879,2.0525365593192353e-6
0.1,14,OnlineFPCA-sgd,0.1,4700,100,face,3,5,0.549772500991821,0.22370628098237128,0.11853125103225992,0.1455999563271783,0.02666358714578581,0.10241024375253628,0.23542117125360817,1.689941406082139e-6
0.1,14,OnlineFPCA-sgd,0.1,4800,100,face,3,5,0.547890663146973,0.12028814089450277,0.21227820659417387,0.1672347906429925,0.025964736649209248,0.10526893721355512,0.21126015975973358,1.689941406082139e-6
0.1,14,OnlineFPCA-sgd,0.1,4900,100,face,3,5,0.548641920089722,0.1220424163369808,0.16585406581083553,0.23451889321458555,0.019320725748036564,0.1107956739400114,0.19935292988006986,1.689941406082139e-6
0.1,14,OnlineFPCA-sgd,0.1,5000,100,face,3,5,0.562031269073486,0.24451686084615146,0.23344568924998702,0.19910689690439,0.022972937504864423,0.1143943676805192,0.19359715277995992,1.689941406082139e-6
0.1,14,OnlineFPCA-sgd,0.1,5100,100,face,3,5,0.119695663452148,0.06415787503725087,0.13308544955141777,0.07669043943547907,0.0254508610867203,0.1126900146272052,0.17838147654974154,NA
0.1,14,OnlineFPCA-sgd,0.1,5200,100,face,3,5,0.115795135498047,0.24260096326786612,0.10890356809232492,0.09538312025822185,0.02606329590327595,0.10670618298868736,0.16533514299640462,NA
0.1,14,OnlineFPCA-sgd,0.1,5300,100,face,3,5,0.125831604003906,0.13323749174805852,0.1375504080120988,0.19371678075828305,0.02867949362335826,0.10607356780539076,0.16342858361444396,NA
0.1,14,OnlineFPCA-sgd,0.1,5400,100,face,3,5,0.120436429977417,0.21410662279454462,0.13872855729227268,0.223336091793609,0.028512438487741987,0.10711578277200084,0.1641563181955749,NA
0.1,14,OnlineFPCA-sgd,0.1,5500,100,face,3,5,0.121735572814941,0.09906207486760642,0.1844827553819183,0.148169269138825,0.03172859293769005,0.10577739828180818,0.1629786335497263,NA
0.1,14,OnlineFPCA-sgd,0.1,5600,100,face,3,5,0.122338771820068,0.13212881107386001,0.27600402351736136,0.1641720562463178,0.02609406374976459,0.10704753962197264,0.1637352463393726,NA
0.1,14,OnlineFPCA-sgd,0.1,5700,100,face,3,5,0.117145299911499,0.2296031342002174,0.28974958927634387,0.30925054138886604,0.027679609956480094,0.11151379147149831,0.16284874529766138,NA
0.1,14,OnlineFPCA-sgd,0.1,5800,100,face,3,5,0.117143154144287,0.16552132243155243,0.15158673728378871,0.2504044896000244,0.029938440622790788,0.11341074059463284,0.16580612859680718,NA
0.1,14,OnlineFPCA-sgd,0.1,5900,100,face,3,5,0.119612455368042,0.12898192767214817,0.2328806705646878,0.27271298037556835,0.028037260001657058,0.11324492161222918,0.1699869702179316,NA
0.1,14,OnlineFPCA-sgd,0.1,6000,100,face,3,5,0.130127429962158,0.11688268162387608,0.20161991197852844,0.2669947754505328,0.028172514761196712,0.1139103531234766,0.17267857079033908,NA
0.1,14,OnlineFPCA-sgd,0.1,6100,100,face,3,5,0.126638174057007,0.3215606671085835,0.12317135742643925,0.19233864349042673,0.030220032493283103,0.11393595532461896,0.17455461589047563,NA
0.1,14,OnlineFPCA-sgd,0.1,6200,100,face,3,5,0.122552871704102,0.13431951383399487,0.15964881702979897,0.23786724919771057,0.03288928059651868,0.11217660550210859,0.17646813604111908,NA
0.1,14,OnlineFPCA-sgd,0.1,6300,100,face,3,5,0.127013206481934,0.11806354219239265,0.12226734279147652,0.21024364736888476,0.03267814992723459,0.10761649842669245,0.1771314073007362,NA
0.1,14,OnlineFPCA-sgd,0.1,6400,100,face,3,5,0.124814748764038,0.09690595664635634,0.08889134160298383,0.15753131454173375,0.03177350580769856,0.10185316848722961,0.1766023877498246,NA
0.1,14,OnlineFPCA-sgd,0.1,6500,100,face,3,5,0.127394676208496,0.12914447448234626,0.19414764289995015,0.1895403933422311,0.031786723107144796,0.09994575913949834,0.1741979740714219,NA
0.1,14,OnlineFPCA-sgd,0.1,6600,100,face,3,5,0.125292778015137,0.12435036108045582,0.1583191917771158,0.13760284412665882,0.030763930982627162,0.09936996743156905,0.17126424799203524,NA
0.1,14,OnlineFPCA-sgd,0.1,6700,100,face,3,5,0.12197208404541,0.14373116584812176,0.07507386663388348,0.08066671966591854,0.03177278838929908,0.0950427719959366,0.16884947802567143,NA
0.1,14,OnlineFPCA-sgd,0.1,6800,100,face,3,5,0.123124837875366,0.190946934020062,0.08451620187186537,0.16970647810160303,0.030225105262366655,0.09240946086761341,0.16531236425867715,NA
0.1,14,OnlineFPCA-sgd,0.1,6900,100,face,3,5,0.120724678039551,0.14327017604677764,0.10665884669165604,0.046040661642510444,0.03176762795401962,0.08814026663579201,0.16073539709180001,NA
0.1,14,OnlineFPCA-sgd,0.1,7000,100,face,3,5,0.119951963424683,0.12552829284037503,0.16842737562043966,0.17101028762103787,0.03196792480943762,0.08703698136669398,0.15791989283708838,NA
0.1,14,OnlineFPCA-sgd,0.1,7100,100,face,3,5,0.116471290588379,0.43645947388586026,0.2906479263391047,0.16905056636415722,0.035037012138068514,0.08228155296869338,0.15629746513987652,NA
0.1,14,OnlineFPCA-sgd,0.1,7200,100,face,3,5,0.118561744689941,0.11967452289570388,0.07684563956899151,0.21219980353890838,0.03643970000087334,0.07959829813709861,0.15524707228624063,NA
0.1,14,OnlineFPCA-sgd,0.1,7300,100,face,3,5,0.118248701095581,0.06680286599409123,0.06067140335563536,0.25353035087109826,0.03741894405795974,0.07660719923091117,0.15680865751520526,NA
0.1,14,OnlineFPCA-sgd,0.1,7400,100,face,3,5,0.115203857421875,0.09069903229890461,0.06577677657642048,0.20085010833415545,0.035976145680669404,0.0742822253778777,0.15710125871173025,NA
0.1,14,OnlineFPCA-sgd,0.1,7500,100,face,3,5,0.110323429107666,0.11506115211033427,0.25468046337552913,0.1364742870448607,0.03580810573056977,0.07189532108073271,0.15578594121371964,NA
0.1,14,OnlineFPCA-sgd,0.1,7600,100,face,3,5,0.113463878631592,0.11323104770224392,0.20388583960472317,0.09586639008327011,0.03479961986611844,0.06908247697392571,0.15327883288880909,NA
0.1,14,OnlineFPCA-sgd,0.1,7700,100,face,3,5,0.114282131195068,0.09176311400915853,0.09344343501094943,0.2786534662345874,0.03335534929052827,0.06760526206384053,0.15287660381314408,NA
0.1,14,OnlineFPCA-sgd,0.1,7800,100,face,3,5,0.11797833442688,0.13136091800148375,0.15859886905811413,0.22880562586952302,0.03227934216378701,0.06502674148963807,0.15406906003029627,NA
0.1,14,OnlineFPCA-sgd,0.1,7900,100,face,3,5,0.117530584335327,0.16884932453725718,0.22716264776294087,0.26222382003582506,0.03034746238412909,0.06600187868020867,0.15564305711000662,NA
0.1,14,OnlineFPCA-sgd,0.1,8000,100,face,3,5,0.116020917892456,0.14659871065023203,0.11811915181731404,0.18502465193393514,0.029431014063430315,0.0657640444676156,0.15579717610104318,NA
0.1,14,OnlineFPCA-sgd,0.1,8100,100,face,3,5,0.115748643875122,0.15705700954690913,0.15778990175833205,0.2515484653046575,0.028318436075932495,0.06564700236702177,0.15588941347816204,NA
0.1,14,OnlineFPCA-sgd,0.1,8200,100,face,3,5,0.12414288520813,0.125446915282596,0.17790530808988625,0.18009927097526415,0.028035698173548673,0.0670555742468587,0.1557510997364714,NA
0.1,14,OnlineFPCA-sgd,0.1,8300,100,face,3,5,0.131437301635742,0.15582749715817687,0.20607787447421183,0.22805738459220562,0.02753643926569899,0.06621381256025895,0.15609112665109065,NA
0.1,14,OnlineFPCA-sgd,0.1,8400,100,face,3,5,0.125030279159546,0.1866232720536188,0.17720738871057967,0.19224172437056625,0.026680086358141935,0.06586403401639716,0.15633103570365228,NA
0.1,14,OnlineFPCA-sgd,0.1,8500,100,face,3,5,0.122444868087769,0.08243746650104775,0.1681458585522282,0.18914741838761426,0.025073133939013257,0.06542053423227588,0.15600415372901466,NA
0.1,14,OnlineFPCA-sgd,0.1,8600,100,face,3,5,0.124558210372925,0.11466922654507687,0.1175718735801309,0.2664004619746037,0.024988975589127143,0.06303071111650896,0.1576830186909389,NA
0.1,14,OnlineFPCA-sgd,0.1,8700,100,face,3,5,0.119635581970215,0.13753388069167818,0.10695566964037324,0.28472391285941756,0.02396216971420071,0.062269824391924786,0.15906908322885072,NA
0.1,14,OnlineFPCA-sgd,0.1,8800,100,face,3,5,0.121957302093506,0.08270627394379457,0.17540593259018317,0.2879231062908485,0.022253307179785013,0.061903593947721096,0.16119869665017908,NA
0.1,14,OnlineFPCA-sgd,0.1,8900,100,face,3,5,0.124635219573975,0.14553884986658083,0.14351450021995135,0.18069507046496086,0.02099312342986501,0.06143531373410045,0.1624750941602152,NA
0.1,14,OnlineFPCA-sgd,0.1,9000,100,face,3,5,0.121327877044678,0.1999401401063999,0.09293116015393714,0.16526290920176845,0.02016215949819737,0.05938560843194935,0.16224421260851715,NA
0.1,14,OnlineFPCA-sgd,0.1,9100,100,face,3,5,0.123746871948242,0.16468085727495252,0.1536274094048367,0.22274692292106227,0.02026787942691038,0.059093942196069615,0.1625169875230903,NA
0.1,14,OnlineFPCA-sgd,0.1,9200,100,face,3,5,0.123439788818359,0.11530642726102859,0.1511167297109905,0.19635951237457802,0.019021719469028094,0.05916805552472839,0.1632252913898917,NA
0.1,14,OnlineFPCA-sgd,0.1,9300,100,face,3,5,0.123864889144897,0.11131326977712054,0.11228742521998775,0.2084240749112412,0.019546990904541588,0.05945513330750759,0.16416342074827092,NA
0.1,14,OnlineFPCA-sgd,0.1,9400,100,face,3,5,0.12624454498291,0.10861967682746816,0.11330543556376063,0.2934811674553101,0.019698680692719406,0.059051850580899144,0.16595908373121565,NA
0.1,14,OnlineFPCA-sgd,0.1,9500,100,face,3,5,0.121333360671997,0.14061126308594363,0.11364299511593982,0.23926566082856948,0.020498082604981795,0.0586829521423906,0.16706642961268195,NA
0.1,14,OnlineFPCA-sgd,0.1,9600,100,face,3,5,0.124043226242065,0.10154650028799479,0.09282931053138671,0.19607580911530506,0.021085132758764263,0.058459492280094665,0.1678640465762326,NA
0.1,14,OnlineFPCA-sgd,0.1,9700,100,face,3,5,0.124316453933716,0.1772501971739768,0.07798274410119374,0.13030102739737012,0.020590772412278645,0.05809644417462283,0.16738069369155703,NA
0.1,14,OnlineFPCA-sgd,0.1,9800,100,face,3,5,0.124568700790405,0.10479979103187273,0.12849219862511918,0.1208078848391604,0.020481286467523195,0.05870924033519297,0.16577540346940495,NA
0.1,14,OnlineFPCA-sgd,0.1,9900,100,face,3,5,0.124294996261597,0.09823208602565263,0.12714950218417476,0.20503456527099098,0.019731188660236796,0.05957073447024472,0.16478096036789544,NA
0.1,14,OnlineFPCA-sgd,0.1,10000,100,face,3,5,0.118887424468994,0.21200827553551738,0.18734408390593543,0.17228723649938338,0.020136751756490167,0.060043763889692764,0.16405428760181948,NA
0.1,14,OnlineFPCA-sgd,0.1,10100,100,face,3,5,0.120048999786377,0.06012676114038278,0.10964721407007454,0.054685410469357244,0.0205034292207056,0.059371146358988346,0.16221577809443655,NA
0.1,14,OnlineFPCA-sgd,0.1,10200,100,face,3,5,0.114501476287842,0.1639906031361208,0.08768677196909298,0.0667978059470637,0.020525868319178332,0.0579761835718883,0.16004581558335126,NA
0.1,14,OnlineFPCA-sgd,0.1,10300,100,face,3,5,0.111544609069824,0.10450416684647729,0.09197300992177367,0.14600038926749898,0.021241357978498063,0.05740300721876018,0.1591009375656585,NA
0.1,14,OnlineFPCA-sgd,0.1,10400,100,face,3,5,0.111919164657593,0.19763101096979332,0.10741382194720546,0.17732056682299224,0.02121754914522213,0.05738271212783844,0.1585820777537336,NA
0.1,14,OnlineFPCA-sgd,0.1,10500,100,face,3,5,0.113046646118164,0.09958306858180511,0.1427672986991863,0.11181304507308687,0.0218518626918863,0.057519002159092426,0.1579009703740421,NA
0.1,14,OnlineFPCA-sgd,0.1,10600,100,face,3,5,0.116488218307495,0.10853400038536797,0.22579864997548219,0.13503522015807334,0.020468243209169987,0.058826962093303535,0.15755257745343512,NA
0.1,14,OnlineFPCA-sgd,0.1,10700,100,face,3,5,0.116852283477783,0.20184650053633194,0.2385995116738113,0.25299288846256257,0.020906051834065152,0.060508285393333895,0.15725915277130523,NA
0.1,14,OnlineFPCA-sgd,0.1,10800,100,face,3,5,0.114886283874512,0.14244916456648268,0.14240321695495686,0.21211997180658002,0.021434073372769348,0.06203029443287619,0.1579150920349055,NA
0.1,14,OnlineFPCA-sgd,0.1,10900,100,face,3,5,0.114739179611206,0.11029208639991808,0.19896313443102737,0.2443937339241742,0.02117825651242361,0.06286731281139747,0.15885188357521343,NA
0.1,14,OnlineFPCA-sgd,0.1,11000,100,face,3,5,0.11181902885437,0.12031301459030191,0.17904915312902028,0.23955755703369006,0.021362830202935886,0.06401879032246495,0.15953421568791476,NA
0.1,14,OnlineFPCA-sgd,0.1,11100,100,face,3,5,0.13655161857605,0.24491674175305117,0.11422131551938718,0.1797899678118001,0.021962158729906343,0.06484265020879922,0.15999958246881962,NA
0.1,14,OnlineFPCA-sgd,0.1,11200,100,face,3,5,0.127124309539795,0.11022645042668733,0.1424848862588275,0.2248629398990199,0.022829731726211076,0.06494212554570199,0.160657246366976,NA
0.1,14,OnlineFPCA-sgd,0.1,11300,100,face,3,5,0.12642240524292,0.10387535584575563,0.10144274411883238,0.19691329539903984,0.022700227077030066,0.06418005544413256,0.16105640175458455,NA
0.1,14,OnlineFPCA-sgd,0.1,11400,100,face,3,5,0.120976448059082,0.093874795309736,0.07176303939938822,0.1571840751299606,0.022559104734433722,0.06297700908484594,0.16108877504715824,NA
0.1,14,OnlineFPCA-sgd,0.1,11500,100,face,3,5,0.126993656158447,0.09467372258327776,0.15427798390071956,0.18604091381623103,0.022669233473112727,0.06287840872785387,0.1605445290390322,NA
0.1,14,OnlineFPCA-sgd,0.1,11600,100,face,3,5,0.126656532287598,0.10932260593514653,0.14014255995277047,0.14899175549824464,0.022619377722514756,0.0630711195463164,0.15980873077203914,NA
0.1,14,OnlineFPCA-sgd,0.1,11700,100,face,3,5,0.121935844421387,0.11563298084878412,0.06633951060038738,0.07649523301492504,0.023159716553960433,0.0621904674904585,0.1590766720708891,NA
0.1,14,OnlineFPCA-sgd,0.1,11800,100,face,3,5,0.278357267379761,0.15974525575626425,0.07446556907556515,0.14290904035512964,0.022665776629241026,0.06191878484846811,0.15799270203926988,NA
0.1,14,OnlineFPCA-sgd,0.1,11900,100,face,3,5,0.131669282913208,0.1459836928642669,0.11013773377150267,0.06354306930745388,0.023108934628069965,0.06087685171749127,0.15654056225453397,NA
0.1,14,OnlineFPCA-sgd,0.1,12000,100,face,3,5,0.122532606124878,0.114632010116335,0.1494748233784384,0.1460165798563989,0.02317847439095321,0.06100466044168514,0.15559806023163844,NA
0.1,14,OnlineFPCA-sgd,0.1,12100,100,face,3,5,0.126558542251587,0.3690519393459648,0.26460812281005425,0.15299961784911612,0.024125053778990765,0.059816641548518255,0.15496629531856596,NA
0.1,14,OnlineFPCA-sgd,0.1,12200,100,face,3,5,0.123529434204102,0.10225462861554932,0.07675371699346302,0.18785924151007394,0.024612675194154564,0.05927764126892505,0.15449746726274735,NA
0.1,14,OnlineFPCA-sgd,0.1,12300,100,face,3,5,0.125302791595459,0.06039366518652226,0.06491288886357566,0.20119647964331522,0.025014602043992303,0.05873744517874696,0.1547338266856533,NA
0.1,14,OnlineFPCA-sgd,0.1,12400,100,face,3,5,0.120928287506104,0.08065775643694964,0.06517017045041819,0.17153411519781983,0.0245749046655898,0.05818547362236663,0.1545570235040406,NA
0.1,14,OnlineFPCA-sgd,0.1,12500,100,face,3,5,0.1222825050354,0.0976793348216903,0.21832595884243086,0.12493245584670944,0.02474213130773403,0.057860475695924195,0.15396070396211314,NA
0.1,14,OnlineFPCA-sgd,0.1,12600,100,face,3,5,0.139082193374634,0.10561289115330523,0.1848765414203297,0.08502266836415577,0.024448004356689836,0.05729017098812892,0.15301543010093435,NA
0.1,14,OnlineFPCA-sgd,0.1,12700,100,face,3,5,0.123583793640137,0.09696389171956307,0.10234632423947539,0.24056145108591423,0.02404958622384621,0.05698049313510707,0.15269068240068362,NA
0.1,14,OnlineFPCA-sgd,0.1,12800,100,face,3,5,0.121448278427124,0.10905909755418482,0.12416186364753393,0.20377225168265337,0.023716247702911544,0.05623432730267762,0.153093362180235,NA
0.1,14,OnlineFPCA-sgd,0.1,12900,100,face,3,5,0.116227388381958,0.13584501538421762,0.19667307751216823,0.23275636802318145,0.02300361264216883,0.056846131463043674,0.15366036121034324,NA
0.1,14,OnlineFPCA-sgd,0.1,13000,100,face,3,5,0.125102043151855,0.13197688903792312,0.10919390486740252,0.1742491489597904,0.02271297666706509,0.05708033878176236,0.15379210258642934,NA
0.1,14,OnlineFPCA-sgd,0.1,13100,100,face,3,5,0.122880458831787,0.1563865537618392,0.1367750905919981,0.23056926062764332,0.02242248417301884,0.0572233064360105,0.15390407465778017,NA
0.1,14,OnlineFPCA-sgd,0.1,13200,100,face,3,5,0.120728731155396,0.10181383307253264,0.16095380568193016,0.1731315261547705,0.022333348725890365,0.058013708518008605,0.15388221128434496,NA
0.1,14,OnlineFPCA-sgd,0.1,13300,100,face,3,5,0.134365797042847,0.13845067508144837,0.1700607461149031,0.223532541781967,0.022067228311512317,0.057801750424032954,0.15407082086963433,NA
0.1,14,OnlineFPCA-sgd,0.1,13400,100,face,3,5,0.117014646530151,0.17192020113717402,0.15158498186449731,0.1968257560065927,0.021610715566031113,0.05758075892418174,0.15429930027856542,NA
0.1,14,OnlineFPCA-sgd,0.1,13500,100,face,3,5,0.11516809463501,0.06330252152880499,0.14216979687820125,0.1926145546585344,0.02084890054558231,0.05742813625105461,0.1542955124325065,NA
0.1,14,OnlineFPCA-sgd,0.1,13600,100,face,3,5,0.138401031494141,0.08571045679546829,0.08603558560683079,0.25425191912554496,0.020813928836758137,0.05650863815447867,0.15504587532118835,NA
0.1,14,OnlineFPCA-sgd,0.1,13700,100,face,3,5,0.139888763427734,0.12073471354367739,0.08758190129560771,0.26913156793989435,0.020560271200050228,0.05624675322700303,0.15570120886061767,NA
0.1,14,OnlineFPCA-sgd,0.1,13800,100,face,3,5,0.13829493522644,0.06625101805735949,0.15900443891771943,0.2724512391617636,0.019878856088241966,0.056226993782830366,0.1567095672934565,NA
0.1,14,OnlineFPCA-sgd,0.1,13900,100,face,3,5,0.131853818893433,0.1363474247861627,0.11885597798392955,0.18647257915666204,0.019373105794803648,0.05620684066103747,0.15738748595161403,NA
0.1,14,OnlineFPCA-sgd,0.1,14000,100,face,3,5,0.13603949546814,0.17016817010227575,0.08588588302943188,0.16365862184058147,0.018963805994719862,0.05535635680889567,0.15741874725827523,NA
0.1,14,OnlineFPCA-sgd,0.1,14100,100,face,3,5,0.318365097045898,0.1483093666924499,0.129831916022449,0.196476218944357,0.019032553333714845,0.05523402203715797,0.15753915763096554,NA
0.1,14,OnlineFPCA-sgd,0.1,14200,100,face,3,5,0.13250470161438,0.11282841690638973,0.14037411703443167,0.18274626324292564,0.018459244049438082,0.0552662362803854,0.15780924584870723,NA
0.1,14,OnlineFPCA-sgd,0.1,14300,100,face,3,5,0.128386974334717,0.09779984183310193,0.12008232083614713,0.19297397349738804,0.01864344219020855,0.05540060181373198,0.15816854309168352,NA
0.1,14,OnlineFPCA-sgd,0.1,14400,100,face,3,5,0.122750520706177,0.09451401719878565,0.11178065619682198,0.26625872281425417,0.01872482762893686,0.055322984385837354,0.15889359192771838,NA
0.1,14,OnlineFPCA-sgd,0.1,14500,100,face,3,5,0.129863023757935,0.12801127452886024,0.11200225612945836,0.2281599728545565,0.019170170424446763,0.055255499649027796,0.15940737513667372,NA
0.1,14,OnlineFPCA-sgd,0.1,14600,100,face,3,5,0.133682012557983,0.08673656176877662,0.08438332819047537,0.19299533426379942,0.019476293040164572,0.05523945600233555,0.1598606446235308,NA
0.1,14,OnlineFPCA-sgd,0.1,14700,100,face,3,5,0.1309974193573,0.15300124623627354,0.07206571806716831,0.13785820242493999,0.019249368007138258,0.05507119673516903,0.15976154979373577,NA
0.1,14,OnlineFPCA-sgd,0.1,14800,100,face,3,5,0.130511999130249,0.09718825135614607,0.10688293179100564,0.12374713776938025,0.01919236110752385,0.055315508899449015,0.1591901521966527,NA
0.1,14,OnlineFPCA-sgd,0.1,14900,100,face,3,5,0.136845827102661,0.08999997820842111,0.11588853996570041,0.1969395305515379,0.018838492991716266,0.055673358814302035,0.1588492137057471,NA
0.1,14,OnlineFPCA-sgd,0.1,15000,100,face,3,5,0.131671190261841,0.18988004586848,0.17184540288200076,0.1718387411408958,0.019007524657039296,0.055804249557583285,0.15859541689600354,NA
0.1,14,OnlineFPCA-adagrad,0.1,0,100,face,3,5,1.81340432167053,0.020191754606376625,0.12910833173966105,0.4476613447985705,0.020191754606376625,0.12910833173966105,0.4476613447985705,1.0000000000000004e-6
0.1,14,OnlineFPCA-adagrad,0.1,100,100,face,3,5,0.44417142868042,0.7924272093230208,0.5757267352169326,1.1474390174024818,NA,NA,NA,1.7782794100389236e-5
0.1,14,OnlineFPCA-adagrad,0.1,200,100,face,3,5,0.459799528121948,0.9199097324958434,1.3328515540265313,1.4312526819485494,NA,NA,NA,3.023672441410006e-6
0.1,14,OnlineFPCA-adagrad,0.1,300,100,face,3,5,0.456416130065918,0.517002433749486,1.3429978802385685,1.355540559299943,NA,NA,NA,3.023672441410006e-6
0.1,14,OnlineFPCA-adagrad,0.1,400,100,face,3,5,0.441480398178101,0.45973337895231853,0.8527287256258895,1.1333328728295213,NA,NA,NA,3.023672441410006e-6
0.1,14,OnlineFPCA-adagrad,0.1,500,100,face,3,5,0.447003841400146,0.5148653668750631,0.8171439372320923,0.5620668446828484,NA,NA,NA,7.685973642982605e-6
0.1,14,OnlineFPCA-adagrad,0.1,600,100,face,3,5,0.451667785644531,0.47424346953841745,0.8182635546048722,0.5602732911370539,NA,NA,NA,7.685973642982605e-6
0.1,14,OnlineFPCA-adagrad,0.1,700,100,face,3,5,0.449469804763794,0.45787969763143577,0.8190003545102481,0.5538912559239084,NA,NA,NA,1.60634917867627e-5
0.1,14,OnlineFPCA-adagrad,0.1,800,100,face,3,5,0.441558361053467,0.43502270501699375,0.8082764401338814,0.5494436543370519,NA,NA,NA,3.143494938619271e-5
0.1,14,OnlineFPCA-adagrad,0.1,900,100,face,3,5,0.444190740585327,0.4213818455246922,0.7926003580026018,0.5422069668012659,NA,NA,NA,5.833245728080265e-5
0.1,14,OnlineFPCA-adagrad,0.1,1000,100,face,3,5,0.425021886825562,0.41449085958522464,0.7595813537083806,0.5275261472796068,NA,NA,NA,1.03590054375623e-4
0.1,14,OnlineFPCA-adagrad,0.1,1100,100,face,3,5,0.622976064682007,0.3145371647083184,0.3487723673378085,0.28094694843231915,0.33856969551200694,0.4796361114907298,0.360035812796092,1.7726745805480944e-4
0.1,14,OnlineFPCA-adagrad,0.1,1200,100,face,3,5,0.622292518615723,0.22105960482302464,0.2959141044019229,0.33082257696723827,0.24690665487789001,0.37795312145234444,0.29154847365590697,1.7726745805480944e-4
0.1,14,OnlineFPCA-adagrad,0.1,1300,100,face,3,5,0.598783493041992,0.17638344260941874,0.265271454988472,0.3197973274276702,0.20058263380548538,0.3334086910147732,0.28131691847294976,1.7726745805480944e-4
0.1,14,OnlineFPCA-adagrad,0.1,1400,100,face,3,5,0.610921859741211,0.43256454791391374,0.25360613918949465,0.28544319151690817,0.11800538097947105,0.28089068472738715,0.27940367637434427,1.7726745805480944e-4
0.1,14,OnlineFPCA-adagrad,0.1,1500,100,face,3,5,0.74004602432251,0.12600872165862856,0.1950901964843885,0.2693024324730558,0.10630725865168411,0.25947087037248157,0.2668252946409274,1.150404050229364e-4
0.1,14,OnlineFPCA-adagrad,0.1,1600,100,face,3,5,0.546469211578369,0.08794986539860647,0.186094805451723,0.26928909635585485,0.07869242469843772,0.23868124072618085,0.2606805894376276,7.609678068422526e-5
0.1,14,OnlineFPCA-adagrad,0.1,1700,100,face,3,5,0.566524744033813,0.08185667103245317,0.17949986901014137,0.26261625726301663,0.06289007821023514,0.22565606722063353,0.2567299175709131,5.120821290786153e-5
0.1,14,OnlineFPCA-adagrad,0.1,1800,100,face,3,5,0.546355962753296,0.07559140775369107,0.17296289730938103,0.24641640054014907,0.05214362705045675,0.21661403874874774,0.2541238439420041,2.392105970625272e-5
0.1,14,OnlineFPCA-adagrad,0.1,1900,100,face,3,5,0.557994365692139,0.08736549391491798,0.1737062670398763,0.241726856852938,0.04487261000597698,0.20979126275257215,0.25150005942067055,2.392105970625272e-5
0.1,14,OnlineFPCA-adagrad,0.1,2000,100,face,3,5,0.559779644012451,0.07382927379351366,0.16853288887811324,0.23688373837029922,0.041306185575414364,0.20438134076189565,0.24926791153708666,2.392105970625272e-5
0.1,14,OnlineFPCA-adagrad,0.1,2100,100,face,3,5,0.550480842590332,0.31209034668762176,0.30775289120157123,0.19977491264989475,0.041988623101707236,0.20010282103653199,0.24442083802017356,2.392105970625272e-5
0.1,14,OnlineFPCA-adagrad,0.1,2200,100,face,3,5,0.566732406616211,0.16190622021352866,0.13142562301514624,0.2646623976910254,0.041376416519576104,0.19141307012253014,0.23858346447264692,2.392105970625272e-5
0.1,14,OnlineFPCA-adagrad,0.1,2300,100,face,3,5,0.583860397338867,0.05445684880662978,0.109995683528401,0.2841846342155967,0.041034454603819624,0.18526357883868783,0.2385394711655716,2.392105970625272e-5
0.1,14,OnlineFPCA-adagrad,0.1,2400,100,face,3,5,0.584928035736084,0.11541608688903425,0.10442945503103956,0.213025791034276,0.035526252703625395,0.17900417372659486,0.23362770991472812,2.392105970625272e-5
0.1,14,OnlineFPCA-adagrad,0.1,2500,100,face,3,5,0.562634468078613,0.15638771108539562,0.3135660003349641,0.14278938727038298,0.03815477631515398,0.1742981473325354,0.22805734623651538,2.392105970625272e-5
0.1,14,OnlineFPCA-adagrad,0.1,2600,100,face,3,5,0.623649835586548,0.1000964410204632,0.20951636707597907,0.1384724383911991,0.03608088807864313,0.17163161427261317,0.22178574150553265,2.392105970625272e-5
0.1,14,OnlineFPCA-adagrad,0.1,2700,100,face,3,5,0.640851259231567,0.08953128293535782,0.13398918201732454,0.29567831980336345,0.03345234294877252,0.17028586911844582,0.22066706650248433,2.392105970625272e-5
0.1,14,OnlineFPCA-adagrad,0.1,2800,100,face,3,5,0.659735441207886,0.11258773229067685,0.18270011759909002,0.2949084827633892,0.031679366078168986,0.16652903191890792,0.21980042101849276,1.809129420076799e-5
0.1,14,OnlineFPCA-adagrad,0.1,2900,100,face,3,5,0.649601459503174,0.12812150044621762,0.2202641127094478,0.28598515280165954,0.02803476277621414,0.16226436149591317,0.22074518316691036,1.809129420076799e-5
0.1,14,OnlineFPCA-adagrad,0.1,3000,100,face,3,5,0.652977466583252,0.13514526728095894,0.14284580255254917,0.20422872527393762,0.02866977559055315,0.1558699901272067,0.2172037791323594,1.3863674070792252e-5
0.1,14,OnlineFPCA-adagrad,0.1,3100,100,face,3,5,0.719072818756104,0.1404905979598978,0.09642215680608486,0.33036848162067894,0.02964726385526175,0.15051093519743386,0.2163431115215606,1.0688333071113887e-5
0.1,14,OnlineFPCA-adagrad,0.1,3200,100,face,3,5,0.700950860977173,0.07946161957335028,0.15053679671793202,0.19102147804263356,0.029648099577395986,0.14559507966147428,0.21310454473501744,1.0688333071113887e-5
0.1,14,OnlineFPCA-adagrad,0.1,3300,100,face,3,5,0.692105293273926,0.11094751888265086,0.2775038787514723,0.24358050206147208,0.028659083848827475,0.14109737843635026,0.21225481026946516,1.0688333071113887e-5
0.1,14,OnlineFPCA-adagrad,0.1,3400,100,face,3,5,0.666358709335327,0.1272572195275002,0.1930095105256851,0.19169040737402762,0.02829555460774116,0.13688240112374217,0.21004380667212727,1.0688333071113887e-5
0.1,14,OnlineFPCA-adagrad,0.1,3500,100,face,3,5,0.636557579040527,0.05343876531429386,0.21039191297008505,0.19751245380401483,0.026154376516555215,0.1341520426652109,0.20717803178122293,8.416707470707142e-6
0.1,14,OnlineFPCA-adagrad,0.1,3600,100,face,3,5,0.837381601333618,0.06183514743903284,0.12004626236237169,0.22752040676938112,0.02520964154830396,0.13011962644144673,0.2085576321335304,6.65887256523372e-6
0.1,14,OnlineFPCA-adagrad,0.1,3700,100,face,3,5,0.681499242782593,0.11422570620574134,0.11883505278454323,0.28729318031698853,0.025171756294167395,0.12640822408984462,0.20779794220650422,4.2051657299281e-6
0.1,14,OnlineFPCA-adagrad,0.1,3800,100,face,3,5,0.686879396438599,0.07217850581596429,0.16534460789582744,0.3261323660183544,0.024394696910780916,0.12334440295750125,0.20772031416034642,4.2051657299281e-6
0.1,14,OnlineFPCA-adagrad,0.1,3900,100,face,3,5,0.676745653152466,0.14143468553875901,0.1749982588480935,0.1586081890123416,0.02396632208744004,0.11916980817270917,0.2062885732025792,2.700148641013989e-6
0.1,14,OnlineFPCA-adagrad,0.1,4000,100,face,3,5,0.680709362030029,0.022566417083423027,0.11524748861779326,0.20224090410973514,0.022566417083423027,0.11524748861779326,0.20224090410973514,2.700148641013989e-6
0.1,14,OnlineFPCA-adagrad,0.1,4100,100,face,3,5,0.658712387084961,0.11653695044324408,0.15139328607392855,0.22763340882596414,0.068152898829572775,0.1195019843906099,0.2095192459067827,2.700148641013989e-6
0.1,14,OnlineFPCA-adagrad,0.1,4200,100,face,3,5,0.696910381317139,0.11178924669132906,0.18074090799979367,0.18902726387292404,0.038481858867322624,0.11598293895024615,0.20995404184887473,2.700148641013989e-6
0.1,14,OnlineFPCA-adagrad,0.1,4300,100,face,3,5,0.685222625732422,0.07897102396981316,0.12447453229156484,0.22005132660581875,0.04122760475190368,0.1163443021957513,0.21053045522663152,2.700148641013989e-6
0.1,14,OnlineFPCA-adagrad,0.1,4400,100,face,3,5,0.673351764678955,0.06545894399768358,0.1027463912758289,0.35094210789433367,0.037240909194532205,0.10008659373272012,0.23778336147484316,2.700148641013989e-6
0.1,14,OnlineFPCA-adagrad,0.1,4500,100,face,3,5,0.641172409057617,0.12897968134563642,0.12921826312299045,0.3020463751576316,0.033835541307271746,0.09839104013794443,0.2362265874871629,2.700148641013989e-6
0.1,14,OnlineFPCA-adagrad,0.1,4600,100,face,3,5,0.615072727203369,0.08297349670437623,0.14533357912004424,0.243943013869951,0.031759001135485854,0.0959854200093566,0.23105968871189494,2.2166030534340337e-6
0.1,14,OnlineFPCA-adagrad,0.1,4700,100,face,3,5,0.692432403564453,0.13144153025559166,0.12061227873160706,0.13473772038841475,0.028724592265959976,0.08838805855408974,0.2151511991080432,1.8250243893773497e-6
0.1,14,OnlineFPCA-adagrad,0.1,4800,100,face,3,5,0.708830833435059,0.07891660431972418,0.146570716479541,0.15555306697659774,0.02759101697506269,0.08886332038695949,0.19250674711083127,1.8250243893773497e-6
0.1,14,OnlineFPCA-adagrad,0.1,4900,100,face,3,5,0.689452648162842,0.08397333650559327,0.13531913841820484,0.27771263422481635,0.022245847576522156,0.08951439369597361,0.18474724191137387,1.8250243893773497e-6
0.1,14,OnlineFPCA-adagrad,0.1,5000,100,face,3,5,0.694021224975586,0.1754758739346354,0.19651721227164415,0.2009225301141505,0.022025881172003874,0.0898873820060904,0.18532970973307628,1.8250243893773497e-6
0.1,14,OnlineFPCA-adagrad,0.1,5100,100,face,3,5,0.138633966445923,0.05464728315065582,0.1323286207256446,0.09250656066553453,0.024553714281554104,0.08802499048290749,0.17375653818952483,NA
0.1,14,OnlineFPCA-adagrad,0.1,5200,100,face,3,5,0.143457651138306,0.09670256634514938,0.1027063209688177,0.09690453017084111,0.024251250139673042,0.08425208694754882,0.1636352118189838,NA
0.1,14,OnlineFPCA-adagrad,0.1,5300,100,face,3,5,0.145702362060547,0.09426363979870918,0.10619389506145707,0.17070700232524666,0.02629367273039971,0.08393810114539112,0.16006309729919324,NA
0.1,14,OnlineFPCA-adagrad,0.1,5400,100,face,3,5,0.138805627822876,0.17025761009520823,0.12949795445918555,0.21887374479682553,0.026373882528389566,0.08506298665425785,0.16002733539801173,NA
0.1,14,OnlineFPCA-adagrad,0.1,5500,100,face,3,5,0.144745349884033,0.1064363866406105,0.16450239898464664,0.15152390824251588,0.02882226201680868,0.0843328311238877,0.15779026759523856,NA
0.1,14,OnlineFPCA-adagrad,0.1,5600,100,face,3,5,0.144177436828613,0.09091516140585443,0.22545538892142525,0.1593509124229377,0.025139932260850182,0.08552287761451925,0.15907036802974314,NA
0.1,14,OnlineFPCA-adagrad,0.1,5700,100,face,3,5,0.144562721252441,0.1334944405525655,0.2259637483723761,0.32981148445649167,0.024343825141839654,0.08755713554534089,0.15857323041107305,NA
0.1,14,OnlineFPCA-adagrad,0.1,5800,100,face,3,5,0.137576103210449,0.1271848102544077,0.12981510679320388,0.2156804349683028,0.024667262327415396,0.08842457367414397,0.16141800719711943,NA
0.1,14,OnlineFPCA-adagrad,0.1,5900,100,face,3,5,0.140724420547485,0.08045614430135929,0.21650642511526752,0.2807057364353847,0.02374448478209597,0.08902806655335957,0.1658942160645692,NA
0.1,14,OnlineFPCA-adagrad,0.1,6000,100,face,3,5,0.140787124633789,0.11087506484900893,0.20319250169583056,0.27147035262456903,0.023478588020238618,0.0912549964125175,0.168371986955534,NA
0.1,14,OnlineFPCA-adagrad,0.1,6100,100,face,3,5,0.138805150985718,0.14893242898553655,0.12499031550154856,0.12119450449012843,0.024677295784682158,0.09278040887828112,0.1691227996148425,NA
0.1,14,OnlineFPCA-adagrad,0.1,6200,100,face,3,5,0.1387619972229,0.05435080514364929,0.15491806405609418,0.2583450257884014,0.026978148886914122,0.09222089528644163,0.1691639001307446,NA
0.1,14,OnlineFPCA-adagrad,0.1,6300,100,face,3,5,0.150449752807617,0.07547959797898561,0.141997927522998,0.22647302720587695,0.026022909784057923,0.08950228077925979,0.1698955809112617,NA
0.1,14,OnlineFPCA-adagrad,0.1,6400,100,face,3,5,0.144913196563721,0.09033102249198753,0.07871844228270214,0.1486896268463213,0.025454878895775534,0.08530347438760626,0.16904663359873467,NA
0.1,14,OnlineFPCA-adagrad,0.1,6500,100,face,3,5,0.144740104675293,0.09261580496069818,0.16947474372940244,0.3123280819035881,0.024840018231442863,0.08377619970423068,0.16413397266372587,NA
0.1,14,OnlineFPCA-adagrad,0.1,6600,100,face,3,5,0.153035879135132,0.08145927660505303,0.15993830682285062,0.1796557417975458,0.024756250821699664,0.08247518110650709,0.1600582663364444,NA
0.1,14,OnlineFPCA-adagrad,0.1,6700,100,face,3,5,0.146979093551636,0.08786220924604013,0.06146091439839939,0.0751409563520205,0.02576739063147074,0.07831850566583295,0.15729644632857107,NA
0.1,14,OnlineFPCA-adagrad,0.1,6800,100,face,3,5,0.138981580734253,0.12312528030846408,0.07161283837241096,0.1997954337315218,0.024664481141177863,0.07635534383191432,0.15391251284480476,NA
0.1,14,OnlineFPCA-adagrad,0.1,6900,100,face,3,5,0.12534236907959,0.1438743236703247,0.14217327737305296,0.06934088829060188,0.0252778953878509,0.07253265629625917,0.14924420780327388,NA
0.1,14,OnlineFPCA-adagrad,0.1,7000,100,face,3,5,0.12649941444397,0.080929107757346,0.15862844133548762,0.18745796522642225,0.024997684327360752,0.07127073804196297,0.14767099388127503,NA
0.1,14,OnlineFPCA-adagrad,0.1,7100,100,face,3,5,0.121821880340576,0.17946843303829918,0.30166580302458784,0.15991091358294152,0.02528195338746838,0.06745513352833302,0.14748767747932195,NA
0.1,14,OnlineFPCA-adagrad,0.1,7200,100,face,3,5,0.126134157180786,0.09992065165148094,0.08314484242991695,0.26539271266962017,0.026310155743899135,0.06615001067208372,0.1483317174324548,NA
0.1,14,OnlineFPCA-adagrad,0.1,7300,100,face,3,5,0.1315598487854,0.041296264469516036,0.06306088994745325,0.2803039789309512,0.026661552971093516,0.06541664319592135,0.15060662672122632,NA
0.1,14,OnlineFPCA-adagrad,0.1,7400,100,face,3,5,0.124791622161865,0.06260005195597601,0.05078604642656996,0.17657983295294322,0.02551713340089081,0.06403575106486263,0.15047942485873603,NA
0.1,14,OnlineFPCA-adagrad,0.1,7500,100,face,3,5,0.128409624099731,0.08364316653741723,0.246189555863785,0.11618947086424927,0.025661355633442767,0.06251880318201444,0.1483950099978948,NA
0.1,14,OnlineFPCA-adagrad,0.1,7600,100,face,3,5,0.133401393890381,0.09239745946053603,0.16764498387004007,0.04670516835495451,0.024724715965535392,0.06153143069486726,0.14558667994714383,NA
0.1,14,OnlineFPCA-adagrad,0.1,7700,100,face,3,5,0.132379293441772,0.0832947402825705,0.06800119208624601,0.31348267773568245,0.02373119490114737,0.061475745208455584,0.14548809744220728,NA
0.1,14,OnlineFPCA-adagrad,0.1,7800,100,face,3,5,0.13051176071167,0.08445714897598289,0.135204901920546,0.24229578715822755,0.02295632874022614,0.05993045906266919,0.1467831347777927,NA
0.1,14,OnlineFPCA-adagrad,0.1,7900,100,face,3,5,0.134443998336792,0.10738273045860523,0.22761176869658545,0.24900828060722854,0.021483371096304233,0.061320064558947895,0.14861504966896533,NA
0.1,14,OnlineFPCA-adagrad,0.1,8000,100,face,3,5,0.140602111816406,0.11678005957672875,0.1194029782041999,0.17188655364656116,0.020630093956113555,0.06124018709515641,0.14839905079906338,NA
0.1,14,OnlineFPCA-adagrad,0.1,8100,100,face,3,5,0.136048316955566,0.1336416485756761,0.13527556783618194,0.2660113900319159,0.02030817207006481,0.06116519448715018,0.14804395099615542,NA
0.1,14,OnlineFPCA-adagrad,0.1,8200,100,face,3,5,0.135533571243286,0.06440676932655462,0.1479821085309424,0.16992083821938178,0.020238833088857797,0.062126879560798313,0.1473976716328331,NA
0.1,14,OnlineFPCA-adagrad,0.1,8300,100,face,3,5,0.133957147598267,0.09470696446238107,0.20275990700117047,0.2722516117258724,0.0198492415995122,0.06123216923325267,0.1480705395331875,NA
0.1,14,OnlineFPCA-adagrad,0.1,8400,100,face,3,5,0.13327693939209,0.10718480794358345,0.17052558346181254,0.21812270099964787,0.019218985617845085,0.06056062683273325,0.14886277436753628,NA
0.1,14,OnlineFPCA-adagrad,0.1,8500,100,face,3,5,0.139634609222412,0.03474153736461543,0.1676938366111882,0.19899282892991796,0.018063856480558596,0.060390676049664103,0.14859715652806846,NA
0.1,14,OnlineFPCA-adagrad,0.1,8600,100,face,3,5,0.134793043136597,0.046265518520806834,0.08084007757660087,0.2754973144600857,0.0178584096776542,0.05846598116761244,0.150908195531746,NA
0.1,14,OnlineFPCA-adagrad,0.1,8700,100,face,3,5,0.126765489578247,0.1015296750647048,0.09774302840510382,0.2966564992260274,0.01741474370395015,0.057916820113750725,0.15270331334695494,NA
0.1,14,OnlineFPCA-adagrad,0.1,8800,100,face,3,5,0.130410432815552,0.058522852476687454,0.15968147610544392,0.2998354735727064,0.016289651441636903,0.05777276309403764,0.15509335674441324,NA
0.1,14,OnlineFPCA-adagrad,0.1,8900,100,face,3,5,0.129326343536377,0.12657941830334327,0.13221153402157987,0.16386403354072504,0.015642145451014635,0.05747471258104396,0.15622820040217208,NA
0.1,14,OnlineFPCA-adagrad,0.1,9000,100,face,3,5,0.126736879348755,0.11217046532313975,0.09682260574213183,0.1540461945635828,0.015019794716139855,0.05583757680864165,0.15554513273160875,NA
0.1,14,OnlineFPCA-adagrad,0.1,9100,100,face,3,5,0.140222787857056,0.09757042735521775,0.13023379918009662,0.19386713921812407,0.01505965211072599,0.05570756537790012,0.15526158928449985,NA
0.1,14,OnlineFPCA-adagrad,0.1,9200,100,face,3,5,0.134408473968506,0.10794866055292415,0.14916154329727052,0.16235891167643735,0.014270456794159992,0.05552501033706749,0.1554807071856026,NA
0.1,14,OnlineFPCA-adagrad,0.1,9300,100,face,3,5,0.131919145584106,0.07409438695004002,0.12348072422408546,0.20309439136653853,0.01433127289884677,0.055637985645316,0.1557642783991935,NA
0.1,14,OnlineFPCA-adagrad,0.1,9400,100,face,3,5,0.133166551589966,0.05798074033409898,0.11093730877900475,0.29606291045210215,0.014546611469401227,0.05522642613989405,0.15734361146210382,NA
0.1,14,OnlineFPCA-adagrad,0.1,9500,100,face,3,5,0.130990743637085,0.10304674409330818,0.1061821426878528,0.2573337445400208,0.015295443857644855,0.054923674959606546,0.15811523302645616,NA
0.1,14,OnlineFPCA-adagrad,0.1,9600,100,face,3,5,0.123780727386475,0.07153989955777594,0.10146138392341914,0.2010675293896717,0.0157981772286021,0.05495904813458602,0.15884548701735277,NA
0.1,14,OnlineFPCA-adagrad,0.1,9700,100,face,3,5,0.150155782699585,0.1016254837852047,0.0848523774059536,0.11108041380581889,0.015724922960832003,0.05475191775818467,0.15814362735989151,NA
0.1,14,OnlineFPCA-adagrad,0.1,9800,100,face,3,5,0.136732578277588,0.07256065297414568,0.11569938819019827,0.11303364942609781,0.015760289637257795,0.055229749805425506,0.1563764805080793,NA
0.1,14,OnlineFPCA-adagrad,0.1,9900,100,face,3,5,0.132987260818481,0.06892353511871788,0.11631682586711085,0.23336250837706932,0.015459427007827762,0.05564064321864973,0.1556962433044231,NA
0.1,14,OnlineFPCA-adagrad,0.1,10000,100,face,3,5,0.136750459671021,0.12487967904689551,0.17900147151168186,0.19729583281220234,0.015638736392736642,0.05570822720448539,0.15555163800054203,NA
0.1,14,OnlineFPCA-adagrad,0.1,10100,100,face,3,5,0.145520925521851,0.05282976269300675,0.10534543355335227,0.052521345248875174,0.01609012430911556,0.05477987117033098,0.1540279239333293,NA
0.1,14,OnlineFPCA-adagrad,0.1,10200,100,face,3,5,0.13701868057251,0.06358664502526555,0.08369989196465268,0.08782206312746388,0.016071072955469633,0.053342805364541175,0.1522269498702895,NA
0.1,14,OnlineFPCA-adagrad,0.1,10300,100,face,3,5,0.134758234024048,0.08646943384488821,0.08804323236334162,0.1537096970237485,0.01670067783464614,0.0526408959401923,0.15131944822685342,NA
0.1,14,OnlineFPCA-adagrad,0.1,10400,100,face,3,5,0.137426614761353,0.13210519178349736,0.09792919994696409,0.18978350817457182,0.017026126593071334,0.052346377362861615,0.15097718393328619,NA
0.1,14,OnlineFPCA-adagrad,0.1,10500,100,face,3,5,0.138528823852539,0.09889012430278772,0.1304920554363548,0.12148899154881139,0.01757171733855912,0.05250996797392837,0.15040872829666807,NA
0.1,14,OnlineFPCA-adagrad,0.1,10600,100,face,3,5,0.143780469894409,0.07650601509683386,0.18677923295262583,0.1495589092020007,0.016944255663295084,0.053672516209665636,0.15042837204225504,NA
0.1,14,OnlineFPCA-adagrad,0.1,10700,100,face,3,5,0.141030311584473,0.10451612367685169,0.18648184328802264,0.2842452142461012,0.016757712255168217,0.054784265054928394,0.1506166705597279,NA
0.1,14,OnlineFPCA-adagrad,0.1,10800,100,face,3,5,0.137047529220581,0.10598698366741616,0.1257499717869468,0.2038026427941058,0.01681655280635536,0.05598880089235944,0.15156187674416768,NA
0.1,14,OnlineFPCA-adagrad,0.1,10900,100,face,3,5,0.144506216049194,0.06782241159056221,0.19010049775546356,0.25950189438986354,0.016756044733775947,0.05670372468165206,0.15275375947400274,NA
0.1,14,OnlineFPCA-adagrad,0.1,11000,100,face,3,5,0.13738226890564,0.1008582148841079,0.17963994811196385,0.2341244548128298,0.016700983713451804,0.057903928296954864,0.15344197253963368,NA
0.1,14,OnlineFPCA-adagrad,0.1,11100,100,face,3,5,0.141193628311157,0.11477369966118589,0.1021672204187698,0.12396977169561797,0.01706251480339516,0.05882652483552135,0.15352002417390784,NA
0.1,14,OnlineFPCA-adagrad,0.1,11200,100,face,3,5,0.144714117050171,0.04615953849377092,0.14168833594729904,0.23608609268408748,0.01772592747746441,0.05891569423019926,0.1537306774760089,NA
0.1,14,OnlineFPCA-adagrad,0.1,11300,100,face,3,5,0.148151159286499,0.06452382871948513,0.12613066415561563,0.21518779171495153,0.01758743674349676,0.058508924768104376,0.154142113763345,NA
0.1,14,OnlineFPCA-adagrad,0.1,11400,100,face,3,5,0.137383937835693,0.07020533230584237,0.07172232091593987,0.15343565882210325,0.017485874369937027,0.0576988547014568,0.15413909118999083,NA
0.1,14,OnlineFPCA-adagrad,0.1,11500,100,face,3,5,0.135806560516357,0.07211319099906437,0.13260237025264687,0.28428128398075925,0.017347415538203022,0.057590433727248355,0.15314948480814627,NA
0.1,14,OnlineFPCA-adagrad,0.1,11600,100,face,3,5,0.141027927398682,0.06892742214687073,0.13969759677275614,0.1854457074232553,0.017338031545224425,0.05760356451573303,0.15223391589842228,NA
0.1,14,OnlineFPCA-adagrad,0.1,11700,100,face,3,5,0.14436674118042,0.08074606206681113,0.05427205436259272,0.07681090850034643,0.017708041924179543,0.056809531422500295,0.1514209747028653,NA
0.1,14,OnlineFPCA-adagrad,0.1,11800,100,face,3,5,0.136292219161987,0.10249922129965898,0.07337993760154916,0.15358989433247694,0.017491531526319652,0.0566349180233947,0.1503511295377898,NA
0.1,14,OnlineFPCA-adagrad,0.1,11900,100,face,3,5,0.302655220031738,0.12829707183364447,0.13263412137590103,0.08100870366645357,0.01759035955695817,0.05578412355983434,0.1488942649670412,NA
0.1,14,OnlineFPCA-adagrad,0.1,12000,100,face,3,5,0.122617959976196,0.07485662821429474,0.1449811543094763,0.16592162311369343,0.01759212389940375,0.05572263731130055,0.14837216885005136,NA
0.1,14,OnlineFPCA-adagrad,0.1,12100,100,face,3,5,0.123937368392944,0.10357660196085727,0.2220102017557225,0.16589502278715357,0.017534818782879373,0.05487844264353343,0.1483204584967138,NA
0.1,14,OnlineFPCA-adagrad,0.1,12200,100,face,3,5,0.13051176071167,0.08012039822628067,0.07977543305877753,0.24886328146710765,0.01766919614315461,0.05463253911455491,0.1486272416436587,NA
0.1,14,OnlineFPCA-adagrad,0.1,12300,100,face,3,5,0.124356508255005,0.045245969311832335,0.06705941783544314,0.25431276418631543,0.017860281752215983,0.0546520985664187,0.14936495429217955,NA
0.1,14,OnlineFPCA-adagrad,0.1,12400,100,face,3,5,0.119569778442383,0.05710150673254191,0.04410330495428091,0.17011442850449296,0.017502981486627878,0.05431553647493339,0.14926106421305066,NA
0.1,14,OnlineFPCA-adagrad,0.1,12500,100,face,3,5,0.134780168533325,0.0732378674166963,0.2069057268193996,0.11706935364045852,0.01775297795990176,0.05399179760816294,0.14852503102448128,NA
0.1,14,OnlineFPCA-adagrad,0.1,12600,100,face,3,5,0.12670373916626,0.08034817272867202,0.1609743725207273,0.04800077525006865,0.017566794499802436,0.05371162763334187,0.14752859114308967,NA
0.1,14,OnlineFPCA-adagrad,0.1,12700,100,face,3,5,0.142554998397827,0.07285722192075433,0.06991012573187931,0.2778936561276008,0.01729767042916511,0.05368266802036464,0.1473697068975555,NA
0.1,14,OnlineFPCA-adagrad,0.1,12800,100,face,3,5,0.139384508132935,0.07468084241140498,0.10955651251850615,0.2103332780186231,0.017060358689285363,0.05316789675930677,0.14787828518753562,NA
0.1,14,OnlineFPCA-adagrad,0.1,12900,100,face,3,5,0.135499000549316,0.09476293545410688,0.19776023210282626,0.2222784192429167,0.01655309027642244,0.053822715429419535,0.14844381525329683,NA
0.1,14,OnlineFPCA-adagrad,0.1,13000,100,face,3,5,0.138740301132202,0.10217117534616886,0.11739238077524614,0.15768781606637186,0.016280841923378035,0.05406044107088537,0.14838230640552502,NA
0.1,14,OnlineFPCA-adagrad,0.1,13100,100,face,3,5,0.131947755813599,0.12059025563259552,0.12564732407371174,0.23230851573884212,0.016217304982801536,0.05419031009949088,0.1482424452940483,NA
0.1,14,OnlineFPCA-adagrad,0.1,13200,100,face,3,5,0.142622947692871,0.06124453734111619,0.14271352877102472,0.15885913662141593,0.016210441009158236,0.054747449580348856,0.14795695520733196,NA
0.1,14,OnlineFPCA-adagrad,0.1,13300,100,face,3,5,0.135434150695801,0.08127408049788715,0.16613207013353887,0.25604944604373386,0.01609773657334088,0.05453474046174271,0.14819252950562756,NA
0.1,14,OnlineFPCA-adagrad,0.1,13400,100,face,3,5,0.133462429046631,0.08987571946907905,0.14334220465189218,0.21446703928452646,0.01588114345308217,0.05423301566757174,0.14858774040436365,NA
0.1,14,OnlineFPCA-adagrad,0.1,13500,100,face,3,5,0.142178535461426,0.019937237192712537,0.14121188909949378,0.1979689049182167,0.015428700964406818,0.05416296037121089,0.14856769833835187,NA
0.1,14,OnlineFPCA-adagrad,0.1,13600,100,face,3,5,0.135000944137573,0.03728363681142502,0.06568680621440472,0.2611643119956057,0.015297527082719743,0.05342342544754082,0.14952533456000788,NA
0.1,14,OnlineFPCA-adagrad,0.1,13700,100,face,3,5,0.134830951690674,0.08988119308521046,0.08399897647163936,0.27766973466710426,0.01521917131235653,0.05317629756366977,0.15031719904175914,NA
0.1,14,OnlineFPCA-adagrad,0.1,13800,100,face,3,5,0.149889469146729,0.055649186682770885,0.14805924103462018,0.2780586722430389,0.014804792329610711,0.053190972673957254,0.15142373862447325,NA
0.1,14,OnlineFPCA-adagrad,0.1,13900,100,face,3,5,0.299304723739624,0.11649590304892145,0.10908196208565936,0.16655331326803072,0.014527801881716497,0.053202690256697396,0.1520007508762391,NA
0.1,14,OnlineFPCA-adagrad,0.1,14000,100,face,3,5,0.134378433227539,0.09968235682771041,0.08674036531761067,0.15162257086324585,0.014257744811578602,0.05249822600779084,0.15181999639171506,NA
0.1,14,OnlineFPCA-adagrad,0.1,14100,100,face,3,5,0.133255004882812,0.08176004674262512,0.1155153086960145,0.1794918269634947,0.014273002811681899,0.05245262030249623,0.1517398456250851,NA
0.1,14,OnlineFPCA-adagrad,0.1,14200,100,face,3,5,0.134921073913574,0.09922105466944711,0.13373523063044504,0.1532275739077975,0.013950148624667471,0.05240356257426498,0.15180686432327725,NA
0.1,14,OnlineFPCA-adagrad,0.1,14300,100,face,3,5,0.128225326538086,0.06789531614272694,0.1215811046199919,0.18901098144779194,0.013892505813558774,0.052498850070199596,0.151879339900875,NA
0.1,14,OnlineFPCA-adagrad,0.1,14400,100,face,3,5,0.126584053039551,0.05304926886335045,0.10712058325762039,0.26470491749649017,0.013967805287259348,0.05237295602925387,0.15244731618295707,NA
0.1,14,OnlineFPCA-adagrad,0.1,14500,100,face,3,5,0.133895874023438,0.09212314803267382,0.10295272187352271,0.23462537258121732,0.014341187190208219,0.05224672052814338,0.15275427393832622,NA
0.1,14,OnlineFPCA-adagrad,0.1,14600,100,face,3,5,0.13224983215332,0.06581780423819661,0.08095409998742784,0.18590470395169914,0.014636800508681479,0.052273959850498736,0.15311265454512657,NA
0.1,14,OnlineFPCA-adagrad,0.1,14700,100,face,3,5,0.14188814163208,0.08853597518601676,0.07414985740697463,0.1153094757102754,0.014631496186692926,0.052153126408316375,0.15286066122533032,NA
0.1,14,OnlineFPCA-adagrad,0.1,14800,100,face,3,5,0.145593881607056,0.06881983690975545,0.10727768083072967,0.10671246947965031,0.014665405311985727,0.05237306033583387,0.15213266643907106,NA
0.1,14,OnlineFPCA-adagrad,0.1,14900,100,face,3,5,0.135407447814941,0.06386567668971577,0.11044565185205055,0.21575726836964298,0.014560616432897966,0.0525603982950208,0.1518344541616223,NA
0.1,14,OnlineFPCA-adagrad,0.1,15000,100,face,3,5,0.136372089385986,0.10673749520344727,0.16863832861744585,0.19407179095026825,0.014651833023580526,0.05252220368681262,0.15177155496119507,NA
0.1,14,OnlineCov,NA,100,NA,NA,3,NA,4.97095656394958,0.05756704517534618,0.25155897727231824,0.4626317881459858,0.05756704517534618,0.25155897727231824,0.4626317881459858,NA
0.1,14,OnlineCov,NA,200,NA,NA,3,NA,5.12515926361084,0.06200897129348676,0.1539844353786667,0.42755164745722685,0.06200897129348676,0.1539844353786667,0.42755164745722685,NA
0.1,14,OnlineCov,NA,300,NA,NA,3,NA,5.49432873725891,0.10598706053995989,0.180630372387508,0.4398935867097451,0.10598706053995989,0.180630372387508,0.4398935867097451,NA
0.1,14,OnlineCov,NA,400,NA,NA,3,NA,4.58493518829346,0.07955516578049394,0.17951250662556215,0.256603862080524,0.07955516578049394,0.17951250662556215,0.256603862080524,NA
0.1,14,OnlineCov,NA,500,NA,NA,3,NA,4.57119536399841,0.10260875080108176,0.1882445003133454,0.2212843568715673,0.10260875080108176,0.1882445003133454,0.2212843568715673,NA
0.1,14,OnlineCov,NA,600,NA,NA,3,NA,4.99843764305115,0.07025578710471195,0.19418033079275004,0.23759273655197327,0.07025578710471195,0.19418033079275004,0.23759273655197327,NA
0.1,14,OnlineCov,NA,700,NA,NA,3,NA,3.96158075332642,0.06995339648527324,0.18520410643068727,0.18547706589121354,0.06995339648527324,0.18520410643068727,0.18547706589121354,NA
0.1,14,OnlineCov,NA,800,NA,NA,3,NA,4.9604754447937,0.06220162794945049,0.15209029398611187,0.15129207557905777,0.06220162794945049,0.15209029398611187,0.15129207557905777,NA
0.1,14,OnlineCov,NA,900,NA,NA,3,NA,4.86750054359436,0.052557576821915454,0.11480520051789571,0.12915283426279195,0.052557576821915454,0.11480520051789571,0.12915283426279195,NA
0.1,14,OnlineCov,NA,1000,NA,NA,3,NA,4.8987033367157,0.05062321982421208,0.10687910366811296,0.12437706245201015,0.05062321982421208,0.10687910366811296,0.12437706245201015,NA
0.1,14,OnlineCov,NA,1100,NA,NA,3,NA,5.15587830543518,0.05895902678980274,0.09405800849082886,0.13996826881243357,0.05895902678980274,0.09405800849082886,0.13996826881243357,NA
0.1,14,OnlineCov,NA,1200,NA,NA,3,NA,4.5165867805481,0.05179512674105464,0.11354430993594665,0.17348082760912656,0.05179512674105464,0.11354430993594665,0.17348082760912656,NA
0.1,14,OnlineCov,NA,1300,NA,NA,3,NA,5.13969993591309,0.04407970601085925,0.11036344777258135,0.15574482386158658,0.04407970601085925,0.11036344777258135,0.15574482386158658,NA
0.1,14,OnlineCov,NA,1400,NA,NA,3,NA,4.31927847862244,0.041375119702126255,0.10189047663760874,0.1387156243455597,0.041375119702126255,0.10189047663760874,0.1387156243455597,NA
0.1,14,OnlineCov,NA,1500,NA,NA,3,NA,4.85525941848755,0.04140014118223722,0.10449913343147221,0.14530391903261058,0.04140014118223722,0.10449913343147221,0.14530391903261058,NA
0.1,14,OnlineCov,NA,1600,NA,NA,3,NA,4.50430774688721,0.03492858085337757,0.09299020573291293,0.15762145179027898,0.03492858085337757,0.09299020573291293,0.15762145179027898,NA
0.1,14,OnlineCov,NA,1700,NA,NA,3,NA,4.63188147544861,0.03329792706698424,0.08682561155769752,0.15669643499662533,0.03329792706698424,0.08682561155769752,0.15669643499662533,NA
0.1,14,OnlineCov,NA,1800,NA,NA,3,NA,5.28889083862305,0.028503424565615963,0.09694131445604956,0.16954975536911196,0.028503424565615963,0.09694131445604956,0.16954975536911196,NA
0.1,14,OnlineCov,NA,1900,NA,NA,3,NA,5.29957103729248,0.028638574123830078,0.06080836914496908,0.1821977737808368,0.028638574123830078,0.06080836914496908,0.1821977737808368,NA
0.1,14,OnlineCov,NA,2000,NA,NA,3,NA,4.87119269371033,0.028091793655077458,0.04737179422719061,0.18900791912900802,0.028091793655077458,0.04737179422719061,0.18900791912900802,NA
0.1,14,OnlineCov,NA,2100,NA,NA,3,NA,4.76185178756714,0.026139168230010258,0.0412242176399052,0.15808456163160467,0.026139168230010258,0.0412242176399052,0.15808456163160467,NA
0.1,14,OnlineCov,NA,2200,NA,NA,3,NA,5.02082133293152,0.02125284990944927,0.045848917334527645,0.1285271410280761,0.02125284990944927,0.045848917334527645,0.1285271410280761,NA
0.1,14,OnlineCov,NA,2300,NA,NA,3,NA,4.25839757919312,0.02205464222911912,0.06617233989283086,0.1297676748785839,0.02205464222911912,0.06617233989283086,0.1297676748785839,NA
0.1,14,OnlineCov,NA,2400,NA,NA,3,NA,5.40704274177551,0.023984991221983977,0.07195274914780526,0.1613046605714382,0.023984991221983977,0.07195274914780526,0.1613046605714382,NA
0.1,14,OnlineCov,NA,2500,NA,NA,3,NA,5.01161336898804,0.027170850726325607,0.0692418188307889,0.1213056500613392,0.027170850726325607,0.0692418188307889,0.1213056500613392,NA
0.1,14,OnlineCov,NA,2600,NA,NA,3,NA,5.01310467720032,0.027674450054983132,0.06643314360323671,0.12871130468472008,0.027674450054983132,0.06643314360323671,0.12871130468472008,NA
0.1,14,OnlineCov,NA,2700,NA,NA,3,NA,4.89419770240784,0.02875153935082389,0.0825797559098611,0.15107093585400072,0.02875153935082389,0.0825797559098611,0.15107093585400072,NA
0.1,14,OnlineCov,NA,2800,NA,NA,3,NA,4.22125673294067,0.031754851551779914,0.07796786649015795,0.14437416372214834,0.031754851551779914,0.07796786649015795,0.14437416372214834,NA
0.1,14,OnlineCov,NA,2900,NA,NA,3,NA,4.97630524635315,0.03094440444215637,0.06931471539589444,0.1309971121602406,0.03094440444215637,0.06931471539589444,0.1309971121602406,NA
0.1,14,OnlineCov,NA,3000,NA,NA,3,NA,4.9812536239624,0.033289417569337836,0.0740893181402006,0.13176974910131173,0.033289417569337836,0.0740893181402006,0.13176974910131173,NA
0.1,14,OnlineCov,NA,3100,NA,NA,3,NA,4.87124800682068,0.03409509607708376,0.07039332872366798,0.11470945683100613,0.03409509607708376,0.07039332872366798,0.11470945683100613,NA
0.1,14,OnlineCov,NA,3200,NA,NA,3,NA,5.76212644577026,0.03059819172842365,0.08145139856976888,0.12613651472116275,0.03059819172842365,0.08145139856976888,0.12613651472116275,NA
0.1,14,OnlineCov,NA,3300,NA,NA,3,NA,5.22629261016846,0.03258889328674414,0.06051932857183559,0.1131880425606601,0.03258889328674414,0.06051932857183559,0.1131880425606601,NA
0.1,14,OnlineCov,NA,3400,NA,NA,3,NA,4.5151526927948,0.029037496370083106,0.04373756979159691,0.07306208990065224,0.029037496370083106,0.04373756979159691,0.07306208990065224,NA
0.1,14,OnlineCov,NA,3500,NA,NA,3,NA,4.41991639137268,0.02573919246993134,0.0487075427005845,0.07566317894639296,0.02573919246993134,0.0487075427005845,0.07566317894639296,NA
0.1,14,OnlineCov,NA,3600,NA,NA,3,NA,4.7826361656189,0.028919013515746408,0.04604622233543772,0.07532284295848049,0.028919013515746408,0.04604622233543772,0.07532284295848049,NA
0.1,14,OnlineCov,NA,3700,NA,NA,3,NA,4.75973224639893,0.030096811112417056,0.04031141575467293,0.061401394214160764,0.030096811112417056,0.04031141575467293,0.061401394214160764,NA
0.1,14,OnlineCov,NA,3800,NA,NA,3,NA,4.58466911315918,0.03307444689660526,0.03377272330175348,0.05525595143333055,0.03307444689660526,0.03377272330175348,0.05525595143333055,NA
0.1,14,OnlineCov,NA,3900,NA,NA,3,NA,4.91926646232605,0.030165576498473363,0.035085960902599404,0.059687822475099246,0.030165576498473363,0.035085960902599404,0.059687822475099246,NA
0.1,14,OnlineCov,NA,4000,NA,NA,3,NA,5.04742074012756,0.0272882346044031,0.042279211782456076,0.04672701198827019,0.0272882346044031,0.042279211782456076,0.04672701198827019,NA
0.1,14,OnlineCov,NA,4100,NA,NA,3,NA,5.62337517738342,0.02768028131000769,0.04326778702893647,0.06296266030034481,0.02768028131000769,0.04326778702893647,0.06296266030034481,NA
0.1,14,OnlineCov,NA,4200,NA,NA,3,NA,4.12514853477478,0.024118573505509503,0.050284432599588716,0.07650149425008933,0.024118573505509503,0.050284432599588716,0.07650149425008933,NA
0.1,14,OnlineCov,NA,4300,NA,NA,3,NA,4.77045607566833,0.02255590190218601,0.059824681808941016,0.10360977956730646,0.02255590190218601,0.059824681808941016,0.10360977956730646,NA
0.1,14,OnlineCov,NA,4400,NA,NA,3,NA,4.87459206581116,0.021902763761295678,0.06507038887323033,0.12572872265689347,0.021902763761295678,0.06507038887323033,0.12572872265689347,NA
0.1,14,OnlineCov,NA,4500,NA,NA,3,NA,4.79580521583557,0.022019105938398828,0.06255453014589077,0.12242878269305965,0.022019105938398828,0.06255453014589077,0.12242878269305965,NA
0.1,14,OnlineCov,NA,4600,NA,NA,3,NA,4.91932201385498,0.02187758255917175,0.06015131444724941,0.11033289712740489,0.02187758255917175,0.06015131444724941,0.11033289712740489,NA
0.1,14,OnlineCov,NA,4700,NA,NA,3,NA,4.13535499572754,0.02229100814643285,0.05531303196742877,0.10478246897962243,0.02229100814643285,0.05531303196742877,0.10478246897962243,NA
0.1,14,OnlineCov,NA,4800,NA,NA,3,NA,5.07578063011169,0.016752286627372822,0.06803105837546738,0.10713206481882384,0.016752286627372822,0.06803105837546738,0.10713206481882384,NA
0.1,14,OnlineCov,NA,4900,NA,NA,3,NA,5.03975582122803,0.015923470003809115,0.07215285344729669,0.10682036254424651,0.015923470003809115,0.07215285344729669,0.10682036254424651,NA
0.1,14,OnlineCov,NA,5000,NA,NA,3,NA,4.40819692611694,0.01741334609661333,0.07814477716463995,0.11320489932110074,0.01741334609661333,0.07814477716463995,0.11320489932110074,NA
0.1,14,Batch-PACE,NA,5000,NA,NA,3,5000,7.9445378780365,0.023232288749102308,0.05871323863799203,0.09612332449753697,0.023232288749102308,0.05871323863799203,0.09612332449753697,NA
0.1,14,Batch-FACE,NA,5000,NA,NA,3,5000,68.9114775657654,0.021261089654157052,0.03589269536312807,0.05988362883346167,0.021261089654157052,0.03589269536312807,0.05988362883346167,NA
0.1,14,Batch-REML,NA,5000,NA,NA,3,5000,160.492829084396,0.012993556652079918,0.04208750031571404,0.11951970366722652,0.012993556652079918,0.04208750031571404,0.11951970366722652,NA
0.1,14,Batch-SOAP,NA,5000,NA,NA,3,5000,122.3378469944,0.035166330586247005,0.04651573115895472,0.07484658322521473,0.035166330586247005,0.04651573115895472,0.07484658322521473,NA
0.5,14,OnlineFPCA-sgd,0.1,0,100,face,3,5,1.01227784156799,0.011488913551722588,0.12793891021275938,0.62316145541387,0.011488913551722588,0.12793891021275938,0.62316145541387,1.0000000000000016e-5
0.5,14,OnlineFPCA-sgd,0.1,100,100,face,3,5,0.469965934753418,0.8311767790675815,0.8084781529180453,0.6622140036894317,NA,NA,NA,1.0000000000000016e-5
0.5,14,OnlineFPCA-sgd,0.1,200,100,face,3,5,0.44856858253479,0.7289186656936968,0.35647354652947233,0.7956749799924311,NA,NA,NA,1.0000000000000016e-5
0.5,14,OnlineFPCA-sgd,0.1,300,100,face,3,5,0.461562395095825,0.8459531755830003,0.7293955868371248,0.6203897805763645,NA,NA,NA,1.0000000000000016e-5
0.5,14,OnlineFPCA-sgd,0.1,400,100,face,3,5,0.453173398971558,0.5661302048672919,0.38968993065262914,0.25858625013254394,NA,NA,NA,1.0000000000000016e-5
0.5,14,OnlineFPCA-sgd,0.1,500,100,face,3,5,0.470703363418579,0.46105045180280185,0.425698508409474,0.6579178234144579,NA,NA,NA,2.5419332920197122e-5
0.5,14,OnlineFPCA-sgd,0.1,600,100,face,3,5,0.464493751525879,0.4477363219786608,0.44635874754297783,0.668090739053875,NA,NA,NA,5.778070944152673e-5
0.5,14,OnlineFPCA-sgd,0.1,700,100,face,3,5,0.454333782196045,0.43110649999747763,0.4345799849665418,0.6593083780823012,NA,NA,NA,1.207602308647921e-4
0.5,14,OnlineFPCA-sgd,0.1,800,100,face,3,5,0.442520141601562,0.41147954226707567,0.4186951132452138,0.6505946725558281,NA,NA,NA,2.3631796843995645e-4
0.5,14,OnlineFPCA-sgd,0.1,900,100,face,3,5,0.429708003997803,0.3936711112383548,0.40554795025665075,0.6444411118913898,NA,NA,NA,2.3631796843995645e-4
0.5,14,OnlineFPCA-sgd,0.1,1000,100,face,3,5,0.473094940185547,0.3841562102836443,0.3935412743721947,0.6356484269175111,NA,NA,NA,1.330726958470807e-4
0.5,14,OnlineFPCA-sgd,0.1,1100,100,face,3,5,0.697870492935181,0.5907173918591767,0.5834047886106762,0.4471907960872321,0.5701529552790304,0.5278604554186832,0.4790006194526825,1.330726958470807e-4
0.5,14,OnlineFPCA-sgd,0.1,1200,100,face,3,5,0.656731128692627,0.18297210864448618,0.2235655050145993,0.29147488720923537,0.25892075783047047,0.28418070548482177,0.43650572192234294,1.330726958470807e-4
0.5,14,OnlineFPCA-sgd,0.1,1300,100,face,3,5,0.6718590259552,0.19130121369275144,0.2080384091626125,0.22057207954186775,0.21537360053719506,0.2500176955485881,0.35609364580765795,2.1461092417922304e-4
0.5,14,OnlineFPCA-sgd,0.1,1400,100,face,3,5,0.651209831237793,0.2608798662660297,0.1645222645482137,0.21576572375334918,0.1719426712621109,0.21942961566646313,0.3147612279785086,1.3632700167116155e-4
0.5,14,OnlineFPCA-sgd,0.1,1500,100,face,3,5,0.670019626617432,0.1972391399773938,0.2674870231751647,0.347537444261849,0.057977273246908725,0.17845287820551098,0.31124140268157896,8.84714750237118e-5
0.5,14,OnlineFPCA-sgd,0.1,1600,100,face,3,5,0.897903919219971,0.18311648695032273,0.25904807763918736,0.34772588704873775,0.05993741904304411,0.18298704736279206,0.31411022377891273,5.852199868687029e-5
0.5,14,OnlineFPCA-sgd,0.1,1700,100,face,3,5,0.654551267623901,0.17445230275371762,0.24673658251183625,0.3453017434090735,0.0697962724973916,0.18820151678319755,0.31721711515064227,3.938152102631695e-5
0.5,14,OnlineFPCA-sgd,0.1,1800,100,face,3,5,0.687515020370483,0.1600467905392277,0.2360174614107751,0.33485339777703926,0.07918335957895031,0.1923399150590475,0.31885034717491845,2.6916146498967015e-5
0.5,14,OnlineFPCA-sgd,0.1,1900,100,face,3,5,0.670326471328735,0.15370807786294013,0.23175228061411443,0.32606000384341594,0.08674499397366199,0.19541318802106228,0.3194154347081748,1.8658285463913582e-5
0.5,14,OnlineFPCA-sgd,0.1,2000,100,face,3,5,0.598108768463135,0.14410687122684945,0.22417440361945262,0.32527980074950985,0.09271994172176354,0.19782787689327877,0.3194483855580612,9.200569849519446e-6
0.5,14,OnlineFPCA-sgd,0.1,2100,100,face,3,5,0.568994045257568,0.13343665283201844,0.2579026509062802,0.2361369736441483,0.09417494180690003,0.1986142610767869,0.3127524967177793,6.537943608024826e-6
0.5,14,OnlineFPCA-sgd,0.1,2200,100,face,3,5,0.618781566619873,0.2353050501033661,0.2612118643026331,0.30520210238496936,0.08446090389193446,0.19952886320777216,0.3070748246613272,6.537943608024826e-6
0.5,14,OnlineFPCA-sgd,0.1,2300,100,face,3,5,0.5533607006073,0.13657958100190604,0.19963880604484097,0.3843786860061277,0.07686215114914878,0.19720746344781417,0.31167760801797706,6.537943608024826e-6
0.5,14,OnlineFPCA-sgd,0.1,2400,100,face,3,5,0.525779485702515,0.1305250205982441,0.1666291835647853,0.2704260733093326,0.07107082749646125,0.19383987904090855,0.3089850022038526,4.789695942609626e-6
0.5,14,OnlineFPCA-sgd,0.1,2500,100,face,3,5,0.563930988311768,0.12379839006327374,0.18414169369566766,0.2661120307524462,0.07396405567457176,0.1884189542462202,0.3059065412414852,4.789695942609626e-6
0.5,14,OnlineFPCA-sgd,0.1,2600,100,face,3,5,0.57992148399353,0.14920806294824057,0.19783150907867217,0.3216901529020989,0.07405209011470815,0.18344252914589768,0.30261648768971894,4.789695942609626e-6
0.5,14,OnlineFPCA-sgd,0.1,2700,100,face,3,5,0.575255632400513,0.12045662712758252,0.19264898928716112,0.30604598851907067,0.07217496695262121,0.18203577924674566,0.2997779083920487,4.789695942609626e-6
0.5,14,OnlineFPCA-sgd,0.1,2800,100,face,3,5,0.588959217071533,0.22891866663506913,0.23231846528918274,0.2688093563935857,0.06696167565118144,0.18117656597538212,0.2974180799717342,2.7395951385465653e-6
0.5,14,OnlineFPCA-sgd,0.1,2900,100,face,3,5,0.587647914886475,0.2756363316933667,0.22346578058861735,0.2528521308101158,0.06464555512686174,0.1803552045247052,0.2928736110118085,1.5883710577444382e-6
0.5,14,OnlineFPCA-sgd,0.1,3000,100,face,3,5,0.584565877914429,0.3013003302507979,0.1807105786525452,0.23619064693932273,0.06367236964116128,0.17838345792393834,0.2887672993159757,1.5883710577444382e-6
0.5,14,OnlineFPCA-sgd,0.1,3100,100,face,3,5,0.668062210083008,0.16524771505105532,0.18150498927472944,0.3150279323613034,0.06113788020020334,0.17511383193849508,0.2880244518079323,1.2245699674559543e-6
0.5,14,OnlineFPCA-sgd,0.1,3200,100,face,3,5,0.635124683380127,0.16691247778289983,0.2523275090047263,0.19557709474465199,0.058139421003864315,0.17117667282775453,0.28411041471874865,9.495069973741998e-7
0.5,14,OnlineFPCA-sgd,0.1,3300,100,face,3,5,0.641043663024902,0.2449115264927974,0.21550306874147634,0.2760202081954839,0.05450439415755852,0.16857649674050532,0.2790662931424443,9.495069973741998e-7
0.5,14,OnlineFPCA-sgd,0.1,3400,100,face,3,5,0.611773729324341,0.2051159789683849,0.22649372266195297,0.23454116744051476,0.05068882299851296,0.16632978630154285,0.27425843388254134,9.495069973741998e-7
0.5,14,OnlineFPCA-sgd,0.1,3500,100,face,3,5,0.611038684844971,0.08509337545063306,0.15824805130531966,0.1955775982257128,0.04811461018496797,0.16447479892621658,0.2691192939622424,9.495069973741998e-7
0.5,14,OnlineFPCA-sgd,0.1,3600,100,face,3,5,0.627517461776733,0.13373812566121815,0.16457903353359588,0.2831779607446484,0.046342457403750925,0.16201241094496963,0.266877464618867,5.943128362703576e-7
0.5,14,OnlineFPCA-sgd,0.1,3700,100,face,3,5,0.63395619392395,0.22827118445633088,0.21422653516840312,0.30220577005576893,0.04870921039510593,0.16001146063858812,0.263457802977956,3.753163838858896e-7
0.5,14,OnlineFPCA-sgd,0.1,3800,100,face,3,5,0.629693984985352,0.18460340723766916,0.24062211019750174,0.36821892815828067,0.05117946203744536,0.157829325873282,0.26106168374962435,2.99526088001462e-7
0.5,14,OnlineFPCA-sgd,0.1,3900,100,face,3,5,0.621597528457642,0.3055516676336549,0.20069401197326514,0.29935054802373146,0.05176480304197411,0.1546216583165356,0.25781294416574857,2.400141975824441e-7
0.5,14,OnlineFPCA-sgd,0.1,4000,100,face,3,5,0.636594772338867,0.05132023476842559,0.1506647360241229,0.25561562869924215,0.05132023476842559,0.1506647360241229,0.25561562869924215,2.400141975824441e-7
0.5,14,OnlineFPCA-sgd,0.1,4100,100,face,3,5,0.637200593948364,0.20983507942825122,0.17117184293911367,0.236923073970368,0.12704115230360766,0.16072864908028872,0.22904572865673056,2.400141975824441e-7
0.5,14,OnlineFPCA-sgd,0.1,4200,100,face,3,5,0.638620615005493,0.20173552899125274,0.27453935463507867,0.2626134125321804,0.07266107849954254,0.16375257757323253,0.23329979512852644,2.400141975824441e-7
0.5,14,OnlineFPCA-sgd,0.1,4300,100,face,3,5,0.625149250030518,0.20385768322261583,0.2679880748330204,0.2010502001110344,0.07010512949682662,0.1884117219909085,0.22240381269715026,1.586908266119291e-7
0.5,14,OnlineFPCA-sgd,0.1,4400,100,face,3,5,0.619837284088135,0.0963362356736144,0.16267081164741534,0.1965664894257607,0.061511339022773184,0.17716096788716398,0.20654505468662507,1.2946235476115867e-7
0.5,14,OnlineFPCA-sgd,0.1,4500,100,face,3,5,0.616523265838623,0.2215438215353213,0.2346675687213735,0.2399517794627922,0.049412029309933346,0.17836731035466974,0.20149285156082164,1.2946235476115867e-7
0.5,14,OnlineFPCA-sgd,0.1,4600,100,face,3,5,0.587651968002319,0.12188138684946173,0.17672143069164387,0.2182143135597099,0.03175002550723754,0.17549846526138688,0.20041947877049401,1.2946235476115867e-7
0.5,14,OnlineFPCA-sgd,0.1,4700,100,face,3,5,0.603598833084106,0.19501675061889662,0.1501824802666699,0.1673349669714396,0.025992780530584625,0.1739140799036628,0.19781620412150255,1.2946235476115867e-7
0.5,14,OnlineFPCA-sgd,0.1,4800,100,face,3,5,0.624781847000122,0.05951821733766089,0.21019573392566746,0.1722438171632309,0.02288553046285203,0.1794822013110634,0.19378557249190448,1.2946235476115867e-7
0.5,14,OnlineFPCA-sgd,0.1,4900,100,face,3,5,0.598694801330566,0.15516458628353832,0.2089105343653386,0.25426859828919024,0.016303977052474935,0.17917453630478059,0.1893610898223401,1.0718925710459909e-7
0.5,14,OnlineFPCA-sgd,0.1,5000,100,face,3,5,0.573363304138184,0.2920150581039701,0.17588135942323402,0.2750681946803136,0.01810189556807794,0.17250260326918415,0.19317540321028484,1.0718925710459909e-7
0.5,14,OnlineFPCA-sgd,0.1,5100,100,face,3,5,0.118108510971069,0.168894419138098,0.12728462530046966,0.20963722708631702,0.02274758342124509,0.16444127724583626,0.19442971573257856,NA
0.5,14,OnlineFPCA-sgd,0.1,5200,100,face,3,5,0.127393007278442,0.13515456061754832,0.16149931749208843,0.17196411500345485,0.021482877214824895,0.1545240376590954,0.18827585125205196,NA
0.5,14,OnlineFPCA-sgd,0.1,5300,100,face,3,5,0.124525308609009,0.15720968245188055,0.15356694665775986,0.15070677327025583,0.03005310317098149,0.1479786020183599,0.18246595387937634,NA
0.5,14,OnlineFPCA-sgd,0.1,5400,100,face,3,5,0.123667240142822,0.26503730836101,0.15103137947381648,0.1738875069659781,0.03170491473571852,0.14597910138790773,0.17794896836473584,NA
0.5,14,OnlineFPCA-sgd,0.1,5500,100,face,3,5,0.125000953674316,0.15283703870558182,0.16598809951377214,0.1669642905474223,0.02876004935316105,0.1457938440074297,0.17411407003378362,NA
0.5,14,OnlineFPCA-sgd,0.1,5600,100,face,3,5,0.128369331359863,0.12701500858836665,0.24168832940064197,0.1976909800540729,0.025032297290554797,0.14542293658397157,0.17368959986823368,NA
0.5,14,OnlineFPCA-sgd,0.1,5700,100,face,3,5,0.129937887191772,0.18039048204981187,0.1772760423888778,0.21571395811571548,0.02849129872369918,0.14536201533216067,0.17282851471198712,NA
0.5,14,OnlineFPCA-sgd,0.1,5800,100,face,3,5,0.136821746826172,0.15349785798333873,0.21833995781722365,0.1834614600461905,0.02824750279049287,0.14697251825292665,0.17310050429853613,NA
0.5,14,OnlineFPCA-sgd,0.1,5900,100,face,3,5,0.1503005027771,0.21526107843808112,0.22724657527539568,0.21943534078977384,0.026871632292611906,0.1473237413610258,0.17313127758906088,NA
0.5,14,OnlineFPCA-sgd,0.1,6000,100,face,3,5,0.139239311218262,0.18777492202559756,0.18694635796943718,0.20654779129079373,0.02814677478811416,0.1493073685635351,0.1746854763098863,NA
0.5,14,OnlineFPCA-sgd,0.1,6100,100,face,3,5,0.127717018127441,0.1780034019880065,0.231365070709546,0.14915813509308584,0.030195437022366434,0.15032849625064743,0.17322862243012133,NA
0.5,14,OnlineFPCA-sgd,0.1,6200,100,face,3,5,0.123040199279785,0.142993191030145,0.22785651658595196,0.16298083949839148,0.032548444065073616,0.15200750181388342,0.1714788195977487,NA
0.5,14,OnlineFPCA-sgd,0.1,6300,100,face,3,5,0.123495101928711,0.187441694900091,0.2466249291126154,0.14279117080811654,0.033855876502811376,0.15359834161161426,0.16935064629090468,NA
0.5,14,OnlineFPCA-sgd,0.1,6400,100,face,3,5,0.12869119644165,0.11797698693894221,0.20465593520950012,0.1339902077323114,0.03387474924717394,0.1535110939397745,0.16652052936618922,NA
0.5,14,OnlineFPCA-sgd,0.1,6500,100,face,3,5,0.131942987442017,0.17836525985934987,0.1342884754918222,0.139416777610604,0.032393506457053446,0.15118781425903935,0.1621297961477112,NA
0.5,14,OnlineFPCA-sgd,0.1,6600,100,face,3,5,0.130457878112793,0.14975616757346052,0.16507019835772713,0.1146875524196945,0.0327778171635377,0.1472358799824319,0.1582739226246571,NA
0.5,14,OnlineFPCA-sgd,0.1,6700,100,face,3,5,0.13225531578064,0.19892058445658153,0.16344841408276178,0.09220883671360353,0.03511074695199278,0.1435617595889973,0.1551601748829016,NA
0.5,14,OnlineFPCA-sgd,0.1,6800,100,face,3,5,0.127935409545898,0.164083981281315,0.20520492816350122,0.13955100061342096,0.03613716938728424,0.13998032414521683,0.1516494522700522,NA
0.5,14,OnlineFPCA-sgd,0.1,6900,100,face,3,5,0.130082845687866,0.25357247493457113,0.0968063773202334,0.11960398012230676,0.03879138714009763,0.13565702525527235,0.14832958374989252,NA
0.5,14,OnlineFPCA-sgd,0.1,7000,100,face,3,5,0.157315254211426,0.1480423146400331,0.1989772238875721,0.23845829100147797,0.04013055634860292,0.13323198696787464,0.14590371202537003,NA
0.5,14,OnlineFPCA-sgd,0.1,7100,100,face,3,5,0.161712408065796,0.22184062369089141,0.15201743254142705,0.19055897890434165,0.04115975613822369,0.12938607212906517,0.14293452054273142,NA
0.5,14,OnlineFPCA-sgd,0.1,7200,100,face,3,5,0.124752998352051,0.18804466496408323,0.1629090548700381,0.16562883290220418,0.04094732224532857,0.12672637501894177,0.14020661640523677,NA
0.5,14,OnlineFPCA-sgd,0.1,7300,100,face,3,5,0.125619411468506,0.10335923932908675,0.05792803232812209,0.15325565866316782,0.04217218432659693,0.12337980971936112,0.13932390999103567,NA
0.5,14,OnlineFPCA-sgd,0.1,7400,100,face,3,5,0.114147663116455,0.10271762946734771,0.09246126117126909,0.1457761507656488,0.04058026540229741,0.12062568422844956,0.13829625669740148,NA
0.5,14,OnlineFPCA-sgd,0.1,7500,100,face,3,5,0.109253644943237,0.11940319253245729,0.1437834117503225,0.10134450778307087,0.04048266452012468,0.11946876891105006,0.1365069771537266,NA
0.5,14,OnlineFPCA-sgd,0.1,7600,100,face,3,5,0.10893177986145,0.12356967320385641,0.13038034733114764,0.1209774639682234,0.038411614997561634,0.1173654965680904,0.13374936126818904,NA
0.5,14,OnlineFPCA-sgd,0.1,7700,100,face,3,5,0.113249063491821,0.13591116811054998,0.09181095713591175,0.17775799558813396,0.037536898096456855,0.11569216665544559,0.13188488538712256,NA
0.5,14,OnlineFPCA-sgd,0.1,7800,100,face,3,5,0.112703800201416,0.2017712821550691,0.13164044780902323,0.14535935575532327,0.03622410756577063,0.11267424270747682,0.13138151330089887,NA
0.5,14,OnlineFPCA-sgd,0.1,7900,100,face,3,5,0.114061117172241,0.238961676805279,0.15421453051558803,0.1547049068184447,0.03356060013193624,0.11026847915740465,0.13117754697568637,NA
0.5,14,OnlineFPCA-sgd,0.1,8000,100,face,3,5,0.12942361831665,0.2501191532538684,0.11657331748787542,0.1494902784622569,0.03221094777153749,0.10743370354162941,0.1306875492148,NA
0.5,14,OnlineFPCA-sgd,0.1,8100,100,face,3,5,0.141707420349121,0.1666669466971451,0.10962360372427989,0.17732548556996686,0.031488580779125024,0.10587366471779372,0.13025807867786043,NA
0.5,14,OnlineFPCA-sgd,0.1,8200,100,face,3,5,0.144992828369141,0.12407490430330381,0.18107596639663806,0.0984438318700509,0.03277666573767691,0.10506194716545456,0.12884209309243855,NA
0.5,14,OnlineFPCA-sgd,0.1,8300,100,face,3,5,0.123520135879517,0.19724296332619276,0.13593626327535527,0.17990070206471925,0.034502940581492836,0.10468289066711757,0.12783739994235588,NA
0.5,14,OnlineFPCA-sgd,0.1,8400,100,face,3,5,0.122213125228882,0.14058140474923564,0.16082461399857073,0.17454159700153607,0.03378734875860334,0.1043858837019892,0.12740031782940597,NA
0.5,14,OnlineFPCA-sgd,0.1,8500,100,face,3,5,0.124113798141479,0.06771977298659024,0.10591716377284345,0.15375202440961416,0.03270603106214521,0.10312387973573267,0.12678021796118552,NA
0.5,14,OnlineFPCA-sgd,0.1,8600,100,face,3,5,0.127600193023682,0.11221949210044305,0.08601695728276641,0.23495700624578106,0.03266405577791886,0.10081942596100738,0.12712020414813863,NA
0.5,14,OnlineFPCA-sgd,0.1,8700,100,face,3,5,0.125261306762695,0.18915715551136272,0.15922237722436752,0.24701091206123033,0.03034869603348347,0.09755430366618079,0.1281634922075706,NA
0.5,14,OnlineFPCA-sgd,0.1,8800,100,face,3,5,0.124168872833252,0.15959509332671817,0.20026247668482355,0.31726750375555807,0.029066687254476493,0.09477908652102175,0.12990762520844903,NA
0.5,14,OnlineFPCA-sgd,0.1,8900,100,face,3,5,0.128978252410889,0.2776933212076145,0.16123631755692353,0.2749562500638642,0.027279858349197127,0.09323081804885193,0.1314389072006969,NA
0.5,14,OnlineFPCA-sgd,0.1,9000,100,face,3,5,0.126356363296509,0.17340261474968705,0.12640455221251748,0.2866588685208268,0.027281318784956914,0.09021648252415107,0.1332282918322784,NA
0.5,14,OnlineFPCA-sgd,0.1,9100,100,face,3,5,0.144251823425293,0.1970117472222823,0.1209093759412993,0.2922067658962095,0.02758297097904891,0.08850731796100213,0.13485644844276695,NA
0.5,14,OnlineFPCA-sgd,0.1,9200,100,face,3,5,0.341667890548706,0.18979830133962527,0.1799345592080246,0.2815507856549726,0.026281893914105688,0.08742355090045138,0.13634982725706543,NA
0.5,14,OnlineFPCA-sgd,0.1,9300,100,face,3,5,0.139999866485596,0.18514793223131887,0.21309774659366645,0.24928781670518235,0.024697716511283777,0.08763991781525853,0.13762857602336803,NA
0.5,14,OnlineFPCA-sgd,0.1,9400,100,face,3,5,0.120184898376465,0.0988048195025466,0.12864999031645413,0.2209319499656848,0.023707574448254137,0.08683256555158493,0.1384801547274846,NA
0.5,14,OnlineFPCA-sgd,0.1,9500,100,face,3,5,0.12173867225647,0.18142293063359713,0.18476181684118773,0.23968364437972817,0.024476327193990163,0.08669847993302786,0.13935571446166034,NA
0.5,14,OnlineFPCA-sgd,0.1,9600,100,face,3,5,0.123616456985474,0.12770105187978134,0.11855788420404677,0.21020839537605057,0.024106928094766673,0.0863643350699402,0.14022596792886788,NA
0.5,14,OnlineFPCA-sgd,0.1,9700,100,face,3,5,0.122215270996094,0.16544672784202166,0.10404492144146146,0.16581067402765237,0.023642233615398946,0.08648555332344594,0.14093964795506053,NA
0.5,14,OnlineFPCA-sgd,0.1,9800,100,face,3,5,0.122113227844238,0.05682788677060353,0.1524203231680494,0.18222649237150718,0.023647289624753893,0.08756031111512379,0.141405737192637,NA
0.5,14,OnlineFPCA-sgd,0.1,9900,100,face,3,5,0.1236252784729,0.12108775599331784,0.16184900652834328,0.2164208370457195,0.023024515292066793,0.08823875751542658,0.14163676382210236,NA
0.5,14,OnlineFPCA-sgd,0.1,10000,100,face,3,5,0.120436191558838,0.21476040967366428,0.14047633986958155,0.2270934212831048,0.023273161258306176,0.08827118295206296,0.1423357856991037,NA
0.5,14,OnlineFPCA-sgd,0.1,10100,100,face,3,5,0.119297742843628,0.15396412529993225,0.06692381512861603,0.18270707490281135,0.02405168317069923,0.08766740187253959,0.14304955003353348,NA
0.5,14,OnlineFPCA-sgd,0.1,10200,100,face,3,5,0.134052515029907,0.13455679768850407,0.1064592575498162,0.15552721792915025,0.02390142345829993,0.0861673002870339,0.14273320744089754,NA
0.5,14,OnlineFPCA-sgd,0.1,10300,100,face,3,5,0.147696495056152,0.1295225939815508,0.1274197370684835,0.13742471342002624,0.02517716680470643,0.08476741301421913,0.14233729816663188,NA
0.5,14,OnlineFPCA-sgd,0.1,10400,100,face,3,5,0.128798246383667,0.23585204871070217,0.09884888609139625,0.1524646389105711,0.025626180390470696,0.08439079553749697,0.14212731534759857,NA
0.5,14,OnlineFPCA-sgd,0.1,10500,100,face,3,5,0.127341270446777,0.14090126327093894,0.12382174717916106,0.14376203794491674,0.025789967726259435,0.08456026401073442,0.1417126258563016,NA
0.5,14,OnlineFPCA-sgd,0.1,10600,100,face,3,5,0.122613191604614,0.13002183257393493,0.17885761059857908,0.16203211211986038,0.025045947397145395,0.0848516002498917,0.14168126338240922,NA
0.5,14,OnlineFPCA-sgd,0.1,10700,100,face,3,5,0.122276782989502,0.1600998577196654,0.12864454626586813,0.1702944262222602,0.02578903461601723,0.08513198235640074,0.14159771931316192,NA
0.5,14,OnlineFPCA-sgd,0.1,10800,100,face,3,5,0.126833200454712,0.1324459918943709,0.17095846557219244,0.13890300547150514,0.025799937182007918,0.08578459326644562,0.1416219507311334,NA
0.5,14,OnlineFPCA-sgd,0.1,10900,100,face,3,5,0.129239082336426,0.18057561203431224,0.18805548038664288,0.17770964741434084,0.025394153126458728,0.0860819344752335,0.14147452598731494,NA
0.5,14,OnlineFPCA-sgd,0.1,11000,100,face,3,5,0.126827001571655,0.16391757851193478,0.1715518889235284,0.1730486481086367,0.02528554451103377,0.08708661225432913,0.14177543272686227,NA
0.5,14,OnlineFPCA-sgd,0.1,11100,100,face,3,5,0.124772548675537,0.1457188451884585,0.19425371734275745,0.13595680546416183,0.02577768638925409,0.08803070824735257,0.14154208230087634,NA
0.5,14,OnlineFPCA-sgd,0.1,11200,100,face,3,5,0.133030891418457,0.12920268792051204,0.19854043379627356,0.14904244307285827,0.0266321317331072,0.08910148143706935,0.14140762998175996,NA
0.5,14,OnlineFPCA-sgd,0.1,11300,100,face,3,5,0.159332752227783,0.16920680645029526,0.20921217978497547,0.1310348697361807,0.027088973114406816,0.09016442779238375,0.14113392471060313,NA
0.5,14,OnlineFPCA-sgd,0.1,11400,100,face,3,5,0.146975040435791,0.09620102538321934,0.17726912050970728,0.12181599603714047,0.027145645458347245,0.09063327768536979,0.140546521306311,NA
0.5,14,OnlineFPCA-sgd,0.1,11500,100,face,3,5,0.127948760986328,0.16322498299304383,0.09773386113245923,0.11237712519717973,0.026818686767443565,0.09052573276263086,0.13964274410973623,NA
0.5,14,OnlineFPCA-sgd,0.1,11600,100,face,3,5,0.125838041305542,0.12328357476885227,0.11973677220995362,0.09757915104071334,0.02682798798436122,0.08992486270077611,0.13873562804001294,NA
0.5,14,OnlineFPCA-sgd,0.1,11700,100,face,3,5,0.123486757278442,0.16836235156844317,0.12453361936693572,0.0874768880689528,0.02763326636028491,0.08938992474473216,0.13797225919895575,NA
0.5,14,OnlineFPCA-sgd,0.1,11800,100,face,3,5,0.125356197357178,0.1315409326580838,0.16277067900031006,0.12356347176035312,0.02816293939515265,0.08888106531158989,0.13719183882830932,NA
0.5,14,OnlineFPCA-sgd,0.1,11900,100,face,3,5,0.126821041107178,0.22507433340239072,0.09000150150850084,0.11846224918198228,0.02918025949699412,0.08789096812409533,0.13644930096321709,NA
0.5,14,OnlineFPCA-sgd,0.1,12000,100,face,3,5,0.123661756515503,0.130466395679965,0.16704857661042072,0.20165955861139315,0.029887960296671824,0.08744139587915806,0.13604567800316944,NA
0.5,14,OnlineFPCA-sgd,0.1,12100,100,face,3,5,0.119699478149414,0.17468217320917057,0.12556390280867197,0.15290964076262728,0.030202273986948455,0.08642675371084602,0.1355054706535751,NA
0.5,14,OnlineFPCA-sgd,0.1,12200,100,face,3,5,0.129735946655273,0.15711024582224106,0.13826783721750358,0.14591544446325605,0.030234012810446857,0.08569322405972642,0.13485890471680453,NA
0.5,14,OnlineFPCA-sgd,0.1,12300,100,face,3,5,0.146498441696167,0.07839220421680719,0.0579037224157011,0.14102770433666087,0.030484172467130425,0.08484201654186099,0.1346451760477526,NA
0.5,14,OnlineFPCA-sgd,0.1,12400,100,face,3,5,0.182590961456299,0.0837906094426153,0.09062591545417417,0.13802097674709182,0.029957459207416853,0.08420043236555924,0.13435849418969142,NA
0.5,14,OnlineFPCA-sgd,0.1,12500,100,face,3,5,0.146393537521362,0.1103176945758927,0.1264641606925323,0.10373933726007979,0.030277671036919536,0.0842169230048929,0.1338087988719615,NA
0.5,14,OnlineFPCA-sgd,0.1,12600,100,face,3,5,0.118811845779419,0.1087778092778105,0.11963338926188191,0.0968615476897356,0.029869860213660573,0.08385120802789636,0.13272776692778374,NA
0.5,14,OnlineFPCA-sgd,0.1,12700,100,face,3,5,0.123873710632324,0.12569594173473828,0.08324800897778789,0.1440307858627997,0.029611198858956352,0.0835041260866224,0.13196711684173895,NA
0.5,14,OnlineFPCA-sgd,0.1,12800,100,face,3,5,0.111961364746094,0.16519988051692322,0.09104045718955918,0.12374729565912838,0.02914766383386461,0.08263045168387713,0.13171132108073502,NA
0.5,14,OnlineFPCA-sgd,0.1,12900,100,face,3,5,0.108448028564453,0.2037385065273978,0.13154010233980562,0.1349724147149968,0.028129267091092494,0.08191953627764996,0.1314828751834022,NA
0.5,14,OnlineFPCA-sgd,0.1,13000,100,face,3,5,0.112037420272827,0.21647200792423907,0.10330991986953725,0.13249012516548564,0.027377519375613765,0.08108201610985785,0.13113544059442045,NA
0.5,14,OnlineFPCA-sgd,0.1,13100,100,face,3,5,0.116357088088989,0.15038736132973485,0.09376467452170177,0.14982428233639938,0.02687318435316966,0.08067090845452239,0.1306596853626369,NA
0.5,14,OnlineFPCA-sgd,0.1,13200,100,face,3,5,0.116524696350098,0.10495091082902938,0.1528316144470674,0.08506658080898798,0.027329231352678382,0.08055439133898643,0.12988872826750641,NA
0.5,14,OnlineFPCA-sgd,0.1,13300,100,face,3,5,0.115758657455444,0.16878169502512688,0.111046959582423,0.15026942678270663,0.02810034330959254,0.08057233026784588,0.12939138092501828,NA
0.5,14,OnlineFPCA-sgd,0.1,13400,100,face,3,5,0.122654676437378,0.10683270729999987,0.13656499148267018,0.14863140440234635,0.027945995309021417,0.08060495756013937,0.1292156786175238,NA
0.5,14,OnlineFPCA-sgd,0.1,13500,100,face,3,5,0.148496389389038,0.06156854963848948,0.09281530921504767,0.13216955450767362,0.027682757358091687,0.08020736454834117,0.12889854554701086,NA
0.5,14,OnlineFPCA-sgd,0.1,13600,100,face,3,5,0.154643058776855,0.09858182086969389,0.06656718556011058,0.20811942883171594,0.02766742530893488,0.07931352287007268,0.1290339721808565,NA
0.5,14,OnlineFPCA-sgd,0.1,13700,100,face,3,5,0.124661922454834,0.1665041138423201,0.1359704472267265,0.22112975692538603,0.026917697958829975,0.07792735436817641,0.1296242482320426,NA
0.5,14,OnlineFPCA-sgd,0.1,13800,100,face,3,5,0.12293529510498,0.14573206091120297,0.17594785356398834,0.2849021544488844,0.02650249448832557,0.07672242570596603,0.13056730411508466,NA
0.5,14,OnlineFPCA-sgd,0.1,13900,100,face,3,5,0.125610589981079,0.2608012917224742,0.14338219124987717,0.25153020017488775,0.025876196238892996,0.07616233105471304,0.131494306793355,NA
0.5,14,OnlineFPCA-sgd,0.1,14000,100,face,3,5,0.122849941253662,0.15242791584251936,0.11404170432929171,0.26056498563565206,0.025888081651517455,0.07489817917391056,0.13247812660079428,NA
0.5,14,OnlineFPCA-sgd,0.1,14100,100,face,3,5,0.122190713882446,0.17357556181735456,0.11352575010585489,0.26472144468571324,0.026105943368533738,0.0742726717091935,0.13337678415123996,NA
0.5,14,OnlineFPCA-sgd,0.1,14200,100,face,3,5,0.125576734542847,0.17160157805354187,0.15494224565150846,0.2578298497268759,0.025520991379631302,0.07389647283291732,0.13413675526958485,NA
0.5,14,OnlineFPCA-sgd,0.1,14300,100,face,3,5,0.127401113510132,0.16744358922278363,0.18843907538601826,0.23439907944902286,0.024652346597436082,0.07423152073334088,0.13482374703123953,NA
0.5,14,OnlineFPCA-sgd,0.1,14400,100,face,3,5,0.128566265106201,0.09767898337820015,0.12270631519125522,0.20173406812906478,0.024027024316885106,0.07404446545743275,0.1353014887193132,NA
0.5,14,OnlineFPCA-sgd,0.1,14500,100,face,3,5,0.147312164306641,0.16062937360090299,0.17122528331105263,0.22275758543467905,0.024276877225477465,0.07411016857020453,0.1357514420152186,NA
0.5,14,OnlineFPCA-sgd,0.1,14600,100,face,3,5,0.160505771636963,0.1211615113838621,0.11717822655809433,0.20343104937432946,0.024185799702907206,0.07401768018497638,0.13623014375843118,NA
0.5,14,OnlineFPCA-sgd,0.1,14700,100,face,3,5,0.144042253494263,0.1487413927338911,0.11001768581229333,0.17072788885701337,0.02390368653621981,0.07412739994657361,0.13666138041811954,NA
0.5,14,OnlineFPCA-sgd,0.1,14800,100,face,3,5,0.122257709503174,0.05285316305726046,0.14446814107686154,0.18899845809161336,0.023896369093879724,0.07474231169936636,0.13701680174783262,NA
0.5,14,OnlineFPCA-sgd,0.1,14900,100,face,3,5,0.123868703842163,0.10575620503180906,0.15326715124575488,0.2104181620480989,0.023606774855498384,0.07520166901320498,0.13726443899246538,NA
0.5,14,OnlineFPCA-sgd,0.1,15000,100,face,3,5,0.122291326522827,0.17972797136197782,0.13590118635530873,0.21682859074988933,0.02370141870886293,0.07535667651157035,0.13767779306093847,NA
0.5,14,OnlineFPCA-adagrad,0.1,0,100,face,3,5,1.01227784156799,0.011488913551722588,0.12793891021275938,0.62316145541387,0.011488913551722588,0.12793891021275938,0.62316145541387,1.0000000000000016e-5
0.5,14,OnlineFPCA-adagrad,0.1,100,100,face,3,5,0.445824861526489,0.8311767790675815,0.8084781529180453,0.6622140036894317,NA,NA,NA,1.0000000000000016e-5
0.5,14,OnlineFPCA-adagrad,0.1,200,100,face,3,5,0.443802118301392,0.7289186656936968,0.35647354652947233,0.7956749799924311,NA,NA,NA,1.0000000000000016e-5
0.5,14,OnlineFPCA-adagrad,0.1,300,100,face,3,5,0.437481164932251,0.8459531755830003,0.7293955868371248,0.6203897805763645,NA,NA,NA,1.0000000000000016e-5
0.5,14,OnlineFPCA-adagrad,0.1,400,100,face,3,5,0.427220821380615,0.5661302048672919,0.38968993065262914,0.25858625013254394,NA,NA,NA,1.0000000000000016e-5
0.5,14,OnlineFPCA-adagrad,0.1,500,100,face,3,5,0.428772211074829,0.46105045180280185,0.425698508409474,0.6579178234144579,NA,NA,NA,2.5419332920197122e-5
0.5,14,OnlineFPCA-adagrad,0.1,600,100,face,3,5,0.420093774795532,0.4477363219786608,0.44635874754297783,0.668090739053875,NA,NA,NA,5.778070944152673e-5
0.5,14,OnlineFPCA-adagrad,0.1,700,100,face,3,5,0.419789791107178,0.43110649999747763,0.4345799849665418,0.6593083780823012,NA,NA,NA,1.207602308647921e-4
0.5,14,OnlineFPCA-adagrad,0.1,800,100,face,3,5,0.477784872055054,0.41147954226707567,0.4186951132452138,0.6505946725558281,NA,NA,NA,2.3631796843995645e-4
0.5,14,OnlineFPCA-adagrad,0.1,900,100,face,3,5,0.487719535827637,0.3936711112383548,0.40554795025665075,0.6444411118913898,NA,NA,NA,2.3631796843995645e-4
0.5,14,OnlineFPCA-adagrad,0.1,1000,100,face,3,5,0.484007835388184,0.3841562102836443,0.3935412743721947,0.6356484269175111,NA,NA,NA,1.330726958470807e-4
0.5,14,OnlineFPCA-adagrad,0.1,1100,100,face,3,5,0.654804706573486,0.5907173918591767,0.5834047886106762,0.4471907960872321,0.5701529552790304,0.5278604554186832,0.4790006194526825,1.330726958470807e-4
0.5,14,OnlineFPCA-adagrad,0.1,1200,100,face,3,5,0.661706924438477,0.18297210864448618,0.2235655050145993,0.29147488720923537,0.25892075783047047,0.28418070548482177,0.43650572192234294,1.330726958470807e-4
0.5,14,OnlineFPCA-adagrad,0.1,1300,100,face,3,5,0.696223735809326,0.19130121369275144,0.2080384091626125,0.22057207954186775,0.21537360053719506,0.2500176955485881,0.35609364580765795,2.1461092417922304e-4
0.5,14,OnlineFPCA-adagrad,0.1,1400,100,face,3,5,0.703895807266235,0.2608798662660297,0.1645222645482137,0.21576572375334918,0.1719426712621109,0.21942961566646313,0.3147612279785086,1.3632700167116155e-4
0.5,14,OnlineFPCA-adagrad,0.1,1500,100,face,3,5,0.654990196228027,0.1972391399773938,0.2674870231751647,0.347537444261849,0.057977273246908725,0.17845287820551098,0.31124140268157896,8.84714750237118e-5
0.5,14,OnlineFPCA-adagrad,0.1,1600,100,face,3,5,0.652792692184448,0.18311648695032273,0.25904807763918736,0.34772588704873775,0.05993741904304411,0.18298704736279206,0.31411022377891273,5.852199868687029e-5
0.5,14,OnlineFPCA-adagrad,0.1,1700,100,face,3,5,0.660224914550781,0.17445230275371762,0.24673658251183625,0.3453017434090735,0.0697962724973916,0.18820151678319755,0.31721711515064227,3.938152102631695e-5
0.5,14,OnlineFPCA-adagrad,0.1,1800,100,face,3,5,0.705717325210571,0.1600467905392277,0.2360174614107751,0.33485339777703926,0.07918335957895031,0.1923399150590475,0.31885034717491845,2.6916146498967015e-5
0.5,14,OnlineFPCA-adagrad,0.1,1900,100,face,3,5,0.668130874633789,0.15370807786294013,0.23175228061411443,0.32606000384341594,0.08674499397366199,0.19541318802106228,0.3194154347081748,1.8658285463913582e-5
0.5,14,OnlineFPCA-adagrad,0.1,2000,100,face,3,5,0.864959955215454,0.14410687122684945,0.22417440361945262,0.32527980074950985,0.09271994172176354,0.19782787689327877,0.3194483855580612,9.200569849519446e-6
0.5,14,OnlineFPCA-adagrad,0.1,2100,100,face,3,5,0.652035474777222,0.13343665283201844,0.2579026509062802,0.2361369736441483,0.09417494180690003,0.1986142610767869,0.3127524967177793,6.537943608024826e-6
0.5,14,OnlineFPCA-adagrad,0.1,2200,100,face,3,5,0.655855894088745,0.2353050501033661,0.2612118643026331,0.30520210238496936,0.08446090389193446,0.19952886320777216,0.3070748246613272,6.537943608024826e-6
0.5,14,OnlineFPCA-adagrad,0.1,2300,100,face,3,5,0.672580242156982,0.13657958100190604,0.19963880604484097,0.3843786860061277,0.07686215114914878,0.19720746344781417,0.31167760801797706,6.537943608024826e-6
0.5,14,OnlineFPCA-adagrad,0.1,2400,100,face,3,5,0.650303602218628,0.1305250205982441,0.1666291835647853,0.2704260733093326,0.07107082749646125,0.19383987904090855,0.3089850022038526,4.789695942609626e-6
0.5,14,OnlineFPCA-adagrad,0.1,2500,100,face,3,5,0.665341854095459,0.12379839006327374,0.18414169369566766,0.2661120307524462,0.07396405567457176,0.1884189542462202,0.3059065412414852,4.789695942609626e-6
0.5,14,OnlineFPCA-adagrad,0.1,2600,100,face,3,5,0.765251398086548,0.12531153095747555,0.20248288028573572,0.3652550294967089,0.07445732256025481,0.18369245610350443,0.3032920903721156,4.789695942609626e-6
0.5,14,OnlineFPCA-adagrad,0.1,2700,100,face,3,5,0.700027227401733,0.09555182902894713,0.2227818140191349,0.3339367901152252,0.07355223319342809,0.18391202989039224,0.300706635459844,4.789695942609626e-6
0.5,14,OnlineFPCA-adagrad,0.1,2800,100,face,3,5,0.719927787780762,0.16455739961074786,0.2537550642665859,0.3160830108243884,0.06967315110174564,0.18442141957458125,0.29912333636329014,2.7395951385465653e-6
0.5,14,OnlineFPCA-adagrad,0.1,2900,100,face,3,5,0.750722169876099,0.17752940945345388,0.24144955477458185,0.27786135312266924,0.0674949352137782,0.18404189077667318,0.29462429489798797,2.0860234006368982e-6
0.5,14,OnlineFPCA-adagrad,0.1,3000,100,face,3,5,0.724488258361816,0.2057936429740644,0.19567208624432286,0.24160541104293354,0.0657087204557292,0.18205462613634846,0.28958590778780036,1.5985560905448086e-6
0.5,14,OnlineFPCA-adagrad,0.1,3100,100,face,3,5,0.636752367019653,0.12961046491180025,0.17062836287771407,0.3493617352735961,0.06356841772301498,0.1793014703039336,0.28914889873372385,9.501477795886188e-7
0.5,14,OnlineFPCA-adagrad,0.1,3200,100,face,3,5,0.623885869979858,0.12387241817226913,0.22139174984086055,0.17128393509249876,0.060399919451501714,0.17493578155404965,0.28443891499714963,9.501477795886188e-7
0.5,14,OnlineFPCA-adagrad,0.1,3300,100,face,3,5,0.637568473815918,0.1770999757622321,0.2233936100028798,0.270105929803578,0.05746261590455944,0.17323192965828899,0.2784650709167725,7.407303661933776e-7
0.5,14,OnlineFPCA-adagrad,0.1,3400,100,face,3,5,0.658471345901489,0.12092695181081761,0.24265315318135375,0.23741911609774874,0.053669250592021316,0.17010844044710402,0.2716805766608271,7.407303661933776e-7
0.5,14,OnlineFPCA-adagrad,0.1,3500,100,face,3,5,0.636098861694336,0.07186224709145546,0.12869198643331572,0.18340880363864015,0.05069452487549936,0.1664336904463014,0.26411319399035654,7.407303661933776e-7
0.5,14,OnlineFPCA-adagrad,0.1,3600,100,face,3,5,0.655361652374268,0.11276097765731417,0.10686095452887574,0.32471114293832964,0.048584672376880356,0.16108067994767186,0.2602555650389399,4.636359353447444e-7
0.5,14,OnlineFPCA-adagrad,0.1,3700,100,face,3,5,0.648712635040283,0.19010256142897453,0.19931525191161403,0.35392930337264605,0.05094380428355783,0.1561700886249226,0.2545438858020709,2.9279219978681896e-7
0.5,14,OnlineFPCA-adagrad,0.1,3800,100,face,3,5,0.901833772659302,0.1438200379177487,0.25859279810545516,0.44443271653992,0.053053047128178876,0.1507853909110294,0.2502362874154722,2.9279219978681896e-7
0.5,14,OnlineFPCA-adagrad,0.1,3900,100,face,3,5,0.679183006286621,0.25110982325101655,0.22289204975860374,0.3330259294829271,0.05269535873150493,0.14411426752945433,0.24468322149896876,2.3461824430427912e-7
0.5,14,OnlineFPCA-adagrad,0.1,4000,100,face,3,5,0.685604095458984,0.051333947177507284,0.13713571154499282,0.241894345981313,0.051333947177507284,0.13713571154499282,0.241894345981313,2.3461824430427912e-7
0.5,14,OnlineFPCA-adagrad,0.1,4100,100,face,3,5,0.725433349609375,0.18577750049096026,0.1476507771182414,0.24963093743896528,0.11841599498339632,0.1415853218078023,0.20442654732027454,2.3461824430427912e-7
0.5,14,OnlineFPCA-adagrad,0.1,4200,100,face,3,5,0.689434051513672,0.20028530551097148,0.3026876569757413,0.28753421457831485,0.09825369259290635,0.1364505490570719,0.22170676948870757,2.3461824430427912e-7
0.5,14,OnlineFPCA-adagrad,0.1,4300,100,face,3,5,0.690506219863892,0.1525756249637827,0.2845915913826321,0.2376610579961465,0.08174068157177392,0.16669306516929785,0.2099793079828159,1.907740174925921e-7
0.5,14,OnlineFPCA-adagrad,0.1,4400,100,face,3,5,0.666617155075073,0.12815513825790747,0.16112753379086567,0.23442392173684076,0.06213582353782187,0.1565271056681335,0.19124132616689082,1.556363027349739e-7
0.5,14,OnlineFPCA-adagrad,0.1,4500,100,face,3,5,0.649062156677246,0.1633837043875942,0.23029546181532282,0.289130854877823,0.049829639264314655,0.1635401869936838,0.19439784976914787,1.556363027349739e-7
0.5,14,OnlineFPCA-adagrad,0.1,4600,100,face,3,5,0.713386058807373,0.14315063841587222,0.17250247627334486,0.23519596447503416,0.03263860290288571,0.16021877817466737,0.19507603077802715,1.277647825113712e-7
0.5,14,OnlineFPCA-adagrad,0.1,4700,100,face,3,5,0.693616151809692,0.1363325802085898,0.1432727966467077,0.17818642592530118,0.022195442100531936,0.1596247840866348,0.19270459014296124,1.277647825113712e-7
0.5,14,OnlineFPCA-adagrad,0.1,4800,100,face,3,5,0.718874454498291,0.062348553463172,0.21083516114639564,0.18958000713244935,0.018852170975255676,0.1649071790559552,0.18789030776983406,1.277647825113712e-7
0.5,14,OnlineFPCA-adagrad,0.1,4900,100,face,3,5,0.702067375183105,0.1343116576492225,0.20618135064924392,0.3115728496860458,0.011957537392650052,0.16434423423207212,0.18236684333041997,8.758438360778995e-8
0.5,14,OnlineFPCA-adagrad,0.1,5000,100,face,3,5,0.728303909301758,0.17660498847595293,0.18871893956539162,0.3497018972384732,0.007854847686932469,0.15717984311650401,0.19014399475536414,8.758438360778995e-8
0.5,14,OnlineFPCA-adagrad,0.1,5100,100,face,3,5,0.142641544342041,0.14259750232724677,0.13490515647650994,0.24381276099804236,0.012693760209128338,0.14912036812633847,0.19411778353671066,NA
0.5,14,OnlineFPCA-adagrad,0.1,5200,100,face,3,5,0.135353565216064,0.12784616018730147,0.18734176133840583,0.22422673651213287,0.015199544924724858,0.1379746979697733,0.18458106040362474,NA
0.5,14,OnlineFPCA-adagrad,0.1,5300,100,face,3,5,0.139946460723877,0.12890900782237294,0.18370489121420677,0.1903609656400771,0.023825127767032404,0.13073087301467576,0.17988877765261893,NA
0.5,14,OnlineFPCA-adagrad,0.1,5400,100,face,3,5,0.14055323600769,0.21915977869409298,0.1447743229406482,0.20464495147880085,0.026024960906093464,0.1284786304209322,0.17881311619537016,NA
0.5,14,OnlineFPCA-adagrad,0.1,5500,100,face,3,5,0.138037443161011,0.13484585440029445,0.16787652627539987,0.19241271509467772,0.02525218757638232,0.12916236068659182,0.1765919868779694,NA
0.5,14,OnlineFPCA-adagrad,0.1,5600,100,face,3,5,0.137492418289185,0.13775401056916228,0.26195019627825084,0.2689353273080129,0.022260286975733696,0.12939414053530113,0.17783209616666276,NA
0.5,14,OnlineFPCA-adagrad,0.1,5700,100,face,3,5,0.153063058853149,0.1536714679343012,0.18142115155450067,0.3062817601258514,0.02405068060586781,0.13028329554289572,0.17757993569329245,NA
0.5,14,OnlineFPCA-adagrad,0.1,5800,100,face,3,5,0.1416015625,0.12551523466579612,0.26136048963723274,0.23635661928912924,0.023592685641037014,0.13320802946676105,0.18004773736776,NA
0.5,14,OnlineFPCA-adagrad,0.1,5900,100,face,3,5,0.139794111251831,0.14619054272491944,0.24753402398238628,0.2621874434209651,0.02243013712223775,0.13467885521559478,0.18138158303837604,NA
0.5,14,OnlineFPCA-adagrad,0.1,6000,100,face,3,5,0.148222684860229,0.1442592839499542,0.191198514103538,0.22317617928025957,0.022122269239110346,0.1373899596964631,0.18518646277752043,NA
0.5,14,OnlineFPCA-adagrad,0.1,6100,100,face,3,5,0.146604061126709,0.13921504999845838,0.24302228199467094,0.1752801773051292,0.024664820680945554,0.13871361503372243,0.18188304219426346,NA
0.5,14,OnlineFPCA-adagrad,0.1,6200,100,face,3,5,0.146026372909546,0.11375868430607268,0.24722727097699848,0.19815637483087536,0.02738945366107474,0.14075264589314973,0.17803379581614248,NA
0.5,14,OnlineFPCA-adagrad,0.1,6300,100,face,3,5,0.139322519302368,0.14852938314865086,0.26890456435594323,0.1453049091135477,0.029214716348053792,0.1428860004415625,0.17473944154862037,NA
0.5,14,OnlineFPCA-adagrad,0.1,6400,100,face,3,5,0.141729354858398,0.1053629634326442,0.1940972103648118,0.18997329408210994,0.029395159768952333,0.14299722118522806,0.16991193757517595,NA
0.5,14,OnlineFPCA-adagrad,0.1,6500,100,face,3,5,0.159048318862915,0.1653156840391299,0.13749548057308786,0.2393938445506978,0.027869936026107156,0.13959633615443925,0.16186035510974237,NA
0.5,14,OnlineFPCA-adagrad,0.1,6600,100,face,3,5,0.150935888290405,0.1132888466912267,0.19193761690281458,0.18343728064169332,0.027847899620050957,0.13437964152481496,0.1561886040303242,NA
0.5,14,OnlineFPCA-adagrad,0.1,6700,100,face,3,5,0.138712882995605,0.15998325380335163,0.18631991475032744,0.1430196935977348,0.02981523812509507,0.1296625686008291,0.15158738882592543,NA
0.5,14,OnlineFPCA-adagrad,0.1,6800,100,face,3,5,0.147791385650635,0.14923196468906283,0.22604059024576892,0.1748386021751058,0.03169861360082937,0.12502976439479463,0.14650063514242243,NA
0.5,14,OnlineFPCA-adagrad,0.1,6900,100,face,3,5,0.14181661605835,0.20178324637493025,0.1129530237715248,0.16371610713282425,0.03461630808221207,0.11995928283161902,0.1423925800622826,NA
0.5,14,OnlineFPCA-adagrad,0.1,7000,100,face,3,5,0.144790887832642,0.12517304115615177,0.24123803600609806,0.34432876778101534,0.03657237229273931,0.11682530713285012,0.14060820107459535,NA
0.5,14,OnlineFPCA-adagrad,0.1,7100,100,face,3,5,0.155048370361328,0.1786611687903786,0.2069757540163238,0.2545153712758866,0.0373465835191194,0.1125567350235356,0.13767214126884186,NA
0.5,14,OnlineFPCA-adagrad,0.1,7200,100,face,3,5,0.150049686431885,0.1405186733389913,0.1923142652879328,0.2099015318531018,0.03803457376738122,0.11043666446299484,0.1346150904285183,NA
0.5,14,OnlineFPCA-adagrad,0.1,7300,100,face,3,5,0.147179841995239,0.06252615948293354,0.07136003141213046,0.14384281861746376,0.0382890740157318,0.10799374579590325,0.13314307674449224,NA
0.5,14,OnlineFPCA-adagrad,0.1,7400,100,face,3,5,0.150484085083008,0.11275157712776497,0.12224442943695961,0.1584355002670289,0.03726337515809376,0.10611109702590955,0.13134805102345234,NA
0.5,14,OnlineFPCA-adagrad,0.1,7500,100,face,3,5,0.136975288391113,0.10867625324563968,0.16183093873260168,0.09303183599854165,0.03757845193200454,0.10557653360678154,0.12794967312587596,NA
0.5,14,OnlineFPCA-adagrad,0.1,7600,100,face,3,5,0.140010833740234,0.10268214803181892,0.11248515063955242,0.18091429679226304,0.03624100171603308,0.1037343285511383,0.12269944450501433,NA
0.5,14,OnlineFPCA-adagrad,0.1,7700,100,face,3,5,0.124939918518066,0.09198909588665413,0.09769516727824629,0.2765191717088898,0.03513139528891892,0.10249403411254777,0.12008127140364877,NA
0.5,14,OnlineFPCA-adagrad,0.1,7800,100,face,3,5,0.125459671020508,0.11999202546345816,0.16619222598034158,0.19152212590999038,0.03399208389618398,0.09959656390495827,0.12004799570992263,NA
0.5,14,OnlineFPCA-adagrad,0.1,7900,100,face,3,5,0.131700038909912,0.13879054384459316,0.17330805422032972,0.19878493973703024,0.03164480841620593,0.09748570033210861,0.12061549952158196,NA
0.5,14,OnlineFPCA-adagrad,0.1,8000,100,face,3,5,0.123304128646851,0.1842161854393265,0.13059319055612065,0.21216333158889653,0.029914517467757626,0.09495775344821854,0.12026348024021033,NA
0.5,14,OnlineFPCA-adagrad,0.1,8100,100,face,3,5,0.12842321395874,0.12187100819126968,0.11354821483170673,0.20374123586363296,0.02901687879308756,0.09395109237905797,0.11941213100857202,NA
0.5,14,OnlineFPCA-adagrad,0.1,8200,100,face,3,5,0.133413314819336,0.09546616816512206,0.1698239336430875,0.09134025410633274,0.029778219504694142,0.0935981929453213,0.11653525741954493,NA
0.5,14,OnlineFPCA-adagrad,0.1,8300,100,face,3,5,0.131983757019043,0.13552159927097937,0.15368137285586342,0.2002089789459669,0.031249830020594713,0.09379338130194713,0.11475646109129654,NA
0.5,14,OnlineFPCA-adagrad,0.1,8400,100,face,3,5,0.148488998413086,0.09126849013856199,0.18968396044075073,0.24291293094556332,0.031183418148557903,0.09402053059359318,0.11388358988570144,NA
0.5,14,OnlineFPCA-adagrad,0.1,8500,100,face,3,5,0.143026351928711,0.06972205380105559,0.10204234614743588,0.21316122766366674,0.03068593502174881,0.0930253869542243,0.1129297816779272,NA
0.5,14,OnlineFPCA-adagrad,0.1,8600,100,face,3,5,0.142658710479736,0.10262443826832338,0.05246613940220805,0.30095550536556825,0.030609138619811335,0.09110976451000626,0.11333204498943279,NA
0.5,14,OnlineFPCA-adagrad,0.1,8700,100,face,3,5,0.140311479568481,0.16952006052164717,0.16320888182406706,0.29807926272668867,0.029171715637932118,0.08746607068975636,0.11541053989224163,NA
0.5,14,OnlineFPCA-adagrad,0.1,8800,100,face,3,5,0.128788709640503,0.12600463217748623,0.2262969858905092,0.40256417193290994,0.02826364991234331,0.08433003064655394,0.11866378581916445,NA
0.5,14,OnlineFPCA-adagrad,0.1,8900,100,face,3,5,0.148437023162842,0.22515156265580766,0.16675402316594104,0.3147764506319601,0.027232358916498726,0.08258595038033664,0.12138867242461761,NA
0.5,14,OnlineFPCA-adagrad,0.1,9000,100,face,3,5,0.144446611404419,0.15517245203008861,0.1212934868058481,0.3071617043391519,0.02729541122164511,0.07924504743895242,0.12413010513530276,NA
0.5,14,OnlineFPCA-adagrad,0.1,9100,100,face,3,5,0.137306213378906,0.1626609375925174,0.15746714181286073,0.3208883503982598,0.027522569365490645,0.07791305735886958,0.1261577929820421,NA
0.5,14,OnlineFPCA-adagrad,0.1,9200,100,face,3,5,0.141474485397339,0.17529787621778656,0.2010337224109211,0.3041910913845452,0.0267880354375083,0.07680965370394414,0.12789721392944348,NA
0.5,14,OnlineFPCA-adagrad,0.1,9300,100,face,3,5,0.145725727081299,0.11900997259528028,0.2489089811380047,0.27361368407539643,0.025512139752401287,0.07752569133959668,0.1296348974129506,NA
0.5,14,OnlineFPCA-adagrad,0.1,9400,100,face,3,5,0.131941795349121,0.11003142023692912,0.15038523142386734,0.22843900187231075,0.024405965188605133,0.07668897935022954,0.1303789530360798,NA
0.5,14,OnlineFPCA-adagrad,0.1,9500,100,face,3,5,0.150025129318237,0.13127064271806393,0.1945212361399238,0.2572166010373631,0.024598529173267495,0.07695632761651602,0.1313602360477278,NA
0.5,14,OnlineFPCA-adagrad,0.1,9600,100,face,3,5,0.144789457321167,0.12007304568576588,0.10949901999807271,0.20724154001072312,0.024599828395929838,0.07677852926811188,0.13206731046493483,NA
0.5,14,OnlineFPCA-adagrad,0.1,9700,100,face,3,5,0.141140937805176,0.11665127272724954,0.09723854371947847,0.1495352047410462,0.024105204533844328,0.0773452866276534,0.13292056935267282,NA
0.5,14,OnlineFPCA-adagrad,0.1,9800,100,face,3,5,0.139026403427124,0.0543908729312729,0.1534984005621246,0.17158520809723904,0.02391248357483754,0.07897195267315281,0.1333038915888475,NA
0.5,14,OnlineFPCA-adagrad,0.1,9900,100,face,3,5,0.143155813217163,0.10224072298180797,0.17124094932868744,0.25405239840346994,0.023728737468574505,0.07995444790386681,0.13328944077305746,NA
0.5,14,OnlineFPCA-adagrad,0.1,10000,100,face,3,5,0.135035276412964,0.12503815536721147,0.1551849685805135,0.28043499944628164,0.02390786156928618,0.08005912657867086,0.13377196351925924,NA
0.5,14,OnlineFPCA-adagrad,0.1,10100,100,face,3,5,0.138324737548828,0.1228233375334943,0.08094989802653471,0.2083084562959493,0.024318640731941944,0.0794749826819179,0.1343123624915158,NA
0.5,14,OnlineFPCA-adagrad,0.1,10200,100,face,3,5,0.138783693313599,0.1133769060792828,0.1518172462208548,0.19319324453299108,0.02444349819162417,0.07781620108177954,0.13334570080119545,NA
0.5,14,OnlineFPCA-adagrad,0.1,10300,100,face,3,5,0.14470911026001,0.11213420968199897,0.1770250292521536,0.17227469083090677,0.02542289697660048,0.0763431233432659,0.1327320881332927,NA
0.5,14,OnlineFPCA-adagrad,0.1,10400,100,face,3,5,0.141431570053101,0.1867518209021355,0.12007191769770252,0.17734967777833738,0.025970974275289282,0.07604147173906854,0.1327306856535634,NA
0.5,14,OnlineFPCA-adagrad,0.1,10500,100,face,3,5,0.133700132369995,0.11614392356562236,0.13570851686113536,0.1644823595800496,0.026377524894694585,0.07663384258949699,0.13218786691046616,NA
0.5,14,OnlineFPCA-adagrad,0.1,10600,100,face,3,5,0.153089046478271,0.13312395383020512,0.20106186005925406,0.20486605336606323,0.02609569595997731,0.0772924638416311,0.13246247300226802,NA
0.5,14,OnlineFPCA-adagrad,0.1,10700,100,face,3,5,0.154590368270874,0.13395380910265242,0.14269063214266867,0.23939619756614305,0.02651071402812061,0.0779798686773643,0.13298552469839006,NA
0.5,14,OnlineFPCA-adagrad,0.1,10800,100,face,3,5,0.137428760528564,0.10620440688033517,0.21086620033869843,0.177135167621527,0.02647281381365358,0.07906178958853341,0.13385488158326866,NA
0.5,14,OnlineFPCA-adagrad,0.1,10900,100,face,3,5,0.140980958938599,0.11887018830418898,0.2122334131293064,0.2243063561005815,0.026192542547347052,0.07947883004043382,0.1341466723530525,NA
0.5,14,OnlineFPCA-adagrad,0.1,11000,100,face,3,5,0.14440393447876,0.12745208878638972,0.18478813359257804,0.19971237579930584,0.02569205442556589,0.08078458553901251,0.13512190666715254,NA
0.5,14,OnlineFPCA-adagrad,0.1,11100,100,face,3,5,0.139359951019287,0.11995566722621259,0.21010239056291155,0.15763953711974465,0.025827809361615703,0.08208707382634024,0.13494014340298072,NA
0.5,14,OnlineFPCA-adagrad,0.1,11200,100,face,3,5,0.149689435958862,0.10312158540958033,0.22541650374522126,0.18510461625344038,0.02646109183637818,0.0835041480391608,0.13500296623713387,NA
0.5,14,OnlineFPCA-adagrad,0.1,11300,100,face,3,5,0.138436317443848,0.12901685024840953,0.23852667174471212,0.13878790648297915,0.026816845262160927,0.0849122105176245,0.13475175162677758,NA
0.5,14,OnlineFPCA-adagrad,0.1,11400,100,face,3,5,0.154550075531006,0.08961617400764824,0.18327665120454206,0.1584192684338845,0.026856963681421552,0.08557086462647512,0.1339051685468736,NA
0.5,14,OnlineFPCA-adagrad,0.1,11500,100,face,3,5,0.145476102828979,0.13898210923946575,0.09722966394443659,0.19067892680190227,0.026616019453654813,0.08544727425269395,0.13246540645430246,NA
0.5,14,OnlineFPCA-adagrad,0.1,11600,100,face,3,5,0.143622159957886,0.09191049115435428,0.1397599732736177,0.15262363268059187,0.026566881537777233,0.08479494048468182,0.13139652274879113,NA
0.5,14,OnlineFPCA-adagrad,0.1,11700,100,face,3,5,0.151336431503296,0.1248171862531431,0.1395530361780595,0.12291992418931921,0.027160208749738932,0.08426952504551918,0.1304558341499516,NA
0.5,14,OnlineFPCA-adagrad,0.1,11800,100,face,3,5,0.149919509887695,0.12047176847644304,0.1785067726764197,0.1373522480679225,0.027863457942223297,0.08375025116988104,0.12954624473388138,NA
0.5,14,OnlineFPCA-adagrad,0.1,11900,100,face,3,5,0.150194644927979,0.16714545206424944,0.09893953232343031,0.1427291904658349,0.02882323695325312,0.0827212949138906,0.1288840032993597,NA
0.5,14,OnlineFPCA-adagrad,0.1,12000,100,face,3,5,0.139575481414795,0.11189841453989395,0.1929766954033793,0.2779536769189519,0.02981616059762148,0.08225431715967403,0.12898019708924305,NA
0.5,14,OnlineFPCA-adagrad,0.1,12100,100,face,3,5,0.129348039627075,0.13909861752850566,0.15875794914180322,0.1899440855114721,0.030179395618222277,0.08117323656769214,0.12876588499694075,NA
0.5,14,OnlineFPCA-adagrad,0.1,12200,100,face,3,5,0.128036499023438,0.11989291249500637,0.1654332403764733,0.17351567572701015,0.030396460005614568,0.08064740119587291,0.1281918197783598,NA
0.5,14,OnlineFPCA-adagrad,0.1,12300,100,face,3,5,0.123944044113159,0.05269082471203749,0.06274350230884111,0.13928217667525136,0.030404308727402726,0.0801166894232319,0.12795391314814727,NA
0.5,14,OnlineFPCA-adagrad,0.1,12400,100,face,3,5,0.135184764862061,0.09349437328156135,0.10734372523426672,0.13921132389255325,0.0302076270214683,0.07975754631302177,0.12754663973576658,NA
0.5,14,OnlineFPCA-adagrad,0.1,12500,100,face,3,5,0.308847665786743,0.1029191289939737,0.13473931560885136,0.09657622212015345,0.030589541955534004,0.07999441472242969,0.12660386374800342,NA
0.5,14,OnlineFPCA-adagrad,0.1,12600,100,face,3,5,0.125847816467285,0.08782075632861205,0.1068952327093082,0.16245626689291104,0.030416061356432433,0.07969486357788527,0.12470730386484469,NA
0.5,14,OnlineFPCA-adagrad,0.1,12700,100,face,3,5,0.134349822998047,0.07975701288457132,0.08417609513575301,0.22183411505411188,0.0301207255161363,0.07944174693755716,0.12367119970659547,NA
0.5,14,OnlineFPCA-adagrad,0.1,12800,100,face,3,5,0.147899627685547,0.0895927948136061,0.12227920154811547,0.16100674689421454,0.02970253091690129,0.07858124462934771,0.12348653337871227,NA
0.5,14,OnlineFPCA-adagrad,0.1,12900,100,face,3,5,0.134505748748779,0.1123181485053703,0.14497259659679995,0.17562390453002497,0.028832165004875374,0.07794292051866566,0.12334966982581858,NA
0.5,14,OnlineFPCA-adagrad,0.1,13000,100,face,3,5,0.134867906570435,0.15872002384276698,0.11572943980396734,0.18875786186116783,0.02796506850168823,0.07721650553443564,0.1228531032624843,NA
0.5,14,OnlineFPCA-adagrad,0.1,13100,100,face,3,5,0.148371934890747,0.1128124099080922,0.10353840641872601,0.1908048962727322,0.027378647403087087,0.07698350817745328,0.12210217716015298,NA
0.5,14,OnlineFPCA-adagrad,0.1,13200,100,face,3,5,0.143178462982178,0.08373680161617102,0.15091562502791467,0.08595950944493935,0.027430601271003847,0.07702585533320772,0.12079468377645336,NA
0.5,14,OnlineFPCA-adagrad,0.1,13300,100,face,3,5,0.14123010635376,0.11064460589044962,0.12829614956022184,0.16877936908330424,0.027949455070095826,0.07723312018836431,0.12008913532382065,NA
0.5,14,OnlineFPCA-adagrad,0.1,13400,100,face,3,5,0.136413812637329,0.07270160862281598,0.16091834013538214,0.20925819944917717,0.028066225123876208,0.07748697909114408,0.11990882408439564,NA
0.5,14,OnlineFPCA-adagrad,0.1,13500,100,face,3,5,0.139090776443481,0.06706325845099038,0.09673292807036257,0.1824436734576476,0.02805054986694222,0.07722025953839722,0.11955528923217532,NA
0.5,14,OnlineFPCA-adagrad,0.1,13600,100,face,3,5,0.137301921844482,0.083874061061319935,0.045160838265673874,0.26512970532172303,0.028033751411101055,0.07651916659413124,0.11987382042660667,NA
0.5,14,OnlineFPCA-adagrad,0.1,13700,100,face,3,5,0.139651775360107,0.14673408757906417,0.1412494217343184,0.2704244845372356,0.0276535934822632,0.07504803647805312,0.1210402942490837,NA
0.5,14,OnlineFPCA-adagrad,0.1,13800,100,face,3,5,0.1417396068573,0.1182394921042162,0.19575192143957398,0.3684150238430553,0.027384300872100517,0.07374872286134804,0.1227560552288274,NA
0.5,14,OnlineFPCA-adagrad,0.1,13900,100,face,3,5,0.137680292129517,0.20803788762209866,0.1400104387911246,0.29534719625651723,0.02701318715367795,0.07315269703186635,0.12433000324644643,NA
0.5,14,OnlineFPCA-adagrad,0.1,14000,100,face,3,5,0.138866424560547,0.1473791447829816,0.1084657585547002,0.295267115307671,0.02710972863275161,0.07181462237318244,0.12584147987235456,NA
0.5,14,OnlineFPCA-adagrad,0.1,14100,100,face,3,5,0.143622636795044,0.14471025950423813,0.13642894428123514,0.3053996520673551,0.027246044101292423,0.07133653786251043,0.12705557808973653,NA
0.5,14,OnlineFPCA-adagrad,0.1,14200,100,face,3,5,0.133930921554565,0.15544640226065976,0.1690719304763823,0.2889330294708455,0.02691541527911904,0.0709372915576827,0.12802212724680034,NA
0.5,14,OnlineFPCA-adagrad,0.1,14300,100,face,3,5,0.138303279876709,0.10386968147123811,0.22236767444065392,0.26298791318173464,0.02625943871748743,0.07143851376929075,0.1289638791733189,NA
0.5,14,OnlineFPCA-adagrad,0.1,14400,100,face,3,5,0.132821559906006,0.09997724853191105,0.14569634858200112,0.21141021177906963,0.025664297777295383,0.07119986923516108,0.1294474229713727,NA
0.5,14,OnlineFPCA-adagrad,0.1,14500,100,face,3,5,0.133515596389771,0.11173615183841448,0.182717048220977,0.24215355756805845,0.02562585904410873,0.07133459518465349,0.12994223295267263,NA
0.5,14,OnlineFPCA-adagrad,0.1,14600,100,face,3,5,0.134482145309448,0.10177038477824667,0.10334115874837986,0.2102495009870297,0.025651961661018897,0.07121246194708974,0.13040790726166654,NA
0.5,14,OnlineFPCA-adagrad,0.1,14700,100,face,3,5,0.140988349914551,0.10604542386667408,0.10106070954788496,0.15928143996954144,0.025419565863017007,0.0714232061109284,0.13092714550992207,NA
0.5,14,OnlineFPCA-adagrad,0.1,14800,100,face,3,5,0.146303653717041,0.05177953830222653,0.14334294947199994,0.18243911440903984,0.02531282772031684,0.0722110412392688,0.13128514999866023,NA
0.5,14,OnlineFPCA-adagrad,0.1,14900,100,face,3,5,0.144103288650513,0.08785844012477564,0.16088153064676727,0.24187571412366732,0.02521555274102525,0.07274754184692779,0.13144441244645633,NA
0.5,14,OnlineFPCA-adagrad,0.1,15000,100,face,3,5,0.143983125686646,0.10226066654107946,0.14622918898035445,0.2599941449853529,0.025285316319787948,0.07286753786212974,0.13177494409816554,NA
0.5,14,OnlineCov,NA,100,NA,NA,3,NA,4.10029530525208,0.06568382443113775,0.17445889173015502,0.5595123106717256,0.06568382443113775,0.17445889173015502,0.5595123106717256,NA
0.5,14,OnlineCov,NA,200,NA,NA,3,NA,4.46923017501831,0.1053329852352939,0.15861721058710554,0.4824353410027374,0.1053329852352939,0.15861721058710554,0.4824353410027374,NA
0.5,14,OnlineCov,NA,300,NA,NA,3,NA,4.5995512008667,0.10487727871853583,0.1902774269935953,0.42520487170813176,0.10487727871853583,0.1902774269935953,0.42520487170813176,NA
0.5,14,OnlineCov,NA,400,NA,NA,3,NA,4.14784026145935,0.09827649536997994,0.17841700937902014,0.34228058324640986,0.09827649536997994,0.17841700937902014,0.34228058324640986,NA
0.5,14,OnlineCov,NA,500,NA,NA,3,NA,3.80405402183533,0.08902177483825541,0.17810733351201266,0.2878942646194076,0.08902177483825541,0.17810733351201266,0.2878942646194076,NA
0.5,14,OnlineCov,NA,600,NA,NA,3,NA,4.42797994613647,0.06392054461571599,0.16420287868082242,0.26304687505496277,0.06392054461571599,0.16420287868082242,0.26304687505496277,NA
0.5,14,OnlineCov,NA,700,NA,NA,3,NA,3.48638319969177,0.06495646285140771,0.16285133129686696,0.20978545971501328,0.06495646285140771,0.16285133129686696,0.20978545971501328,NA
0.5,14,OnlineCov,NA,800,NA,NA,3,NA,4.1704421043396,0.0587674211805184,0.12519474324971155,0.15208554394479185,0.0587674211805184,0.12519474324971155,0.15208554394479185,NA
0.5,14,OnlineCov,NA,900,NA,NA,3,NA,3.83833694458008,0.04584656630999148,0.11317759429563322,0.20292049377920232,0.04584656630999148,0.11317759429563322,0.20292049377920232,NA
0.5,14,OnlineCov,NA,1000,NA,NA,3,NA,4.02854609489441,0.046311055983888585,0.1283116833472204,0.21463731925799087,0.046311055983888585,0.1283116833472204,0.21463731925799087,NA
0.5,14,OnlineCov,NA,1100,NA,NA,3,NA,4.28854823112488,0.05507121623787974,0.12025820932945236,0.2127298038473752,0.05507121623787974,0.12025820932945236,0.2127298038473752,NA
0.5,14,OnlineCov,NA,1200,NA,NA,3,NA,4.30224514007568,0.048146594412411904,0.13244170403804395,0.23978647310351792,0.048146594412411904,0.13244170403804395,0.23978647310351792,NA
0.5,14,OnlineCov,NA,1300,NA,NA,3,NA,4.52902579307556,0.04251992408186329,0.14952765945850738,0.20843303400106206,0.04251992408186329,0.14952765945850738,0.20843303400106206,NA
0.5,14,OnlineCov,NA,1400,NA,NA,3,NA,3.55541849136353,0.041561656574988524,0.13607305400428907,0.17948627287375943,0.041561656574988524,0.13607305400428907,0.17948627287375943,NA
0.5,14,OnlineCov,NA,1500,NA,NA,3,NA,4.28955626487732,0.04229687874691267,0.11566561953554426,0.1508152014460907,0.04229687874691267,0.11566561953554426,0.1508152014460907,NA
0.5,14,OnlineCov,NA,1600,NA,NA,3,NA,3.750812292099,0.034380170827168814,0.10000292383857047,0.16424133072758831,0.034380170827168814,0.10000292383857047,0.16424133072758831,NA
0.5,14,OnlineCov,NA,1700,NA,NA,3,NA,3.72315049171448,0.03347025160672462,0.11594927618224156,0.18161829464902673,0.03347025160672462,0.11594927618224156,0.18161829464902673,NA
0.5,14,OnlineCov,NA,1800,NA,NA,3,NA,4.38940453529358,0.030602904152755073,0.12858815745146884,0.1915884630491842,0.030602904152755073,0.12858815745146884,0.1915884630491842,NA
0.5,14,OnlineCov,NA,1900,NA,NA,3,NA,4.34980988502502,0.03348350714184194,0.07631205070559711,0.24916200735156593,0.03348350714184194,0.07631205070559711,0.24916200735156593,NA
0.5,14,OnlineCov,NA,2000,NA,NA,3,NA,4.72186708450317,0.035298281413886454,0.04778903298690382,0.2787603292039962,0.035298281413886454,0.04778903298690382,0.2787603292039962,NA
0.5,14,OnlineCov,NA,2100,NA,NA,3,NA,3.99621343612671,0.0308730786180356,0.041710420150867594,0.21075736416515597,0.0308730786180356,0.041710420150867594,0.21075736416515597,NA
0.5,14,OnlineCov,NA,2200,NA,NA,3,NA,4.4130117893219,0.02998382841509912,0.044753039538788945,0.17102467783009054,0.02998382841509912,0.044753039538788945,0.17102467783009054,NA
0.5,14,OnlineCov,NA,2300,NA,NA,3,NA,3.59271168708801,0.028412404347869142,0.05059057903680977,0.14735359235991793,0.028412404347869142,0.05059057903680977,0.14735359235991793,NA
0.5,14,OnlineCov,NA,2400,NA,NA,3,NA,4.70013427734375,0.02797598146460215,0.050182711840530476,0.18771863167219136,0.02797598146460215,0.050182711840530476,0.18771863167219136,NA
0.5,14,OnlineCov,NA,2500,NA,NA,3,NA,3.90626502037048,0.031049646030731466,0.04853506833994243,0.123844607403859,0.031049646030731466,0.04853506833994243,0.123844607403859,NA
0.5,14,OnlineCov,NA,2600,NA,NA,3,NA,4.00101017951965,0.031841834390889986,0.05789502333668201,0.1275370692726184,0.031841834390889986,0.05789502333668201,0.1275370692726184,NA
0.5,14,OnlineCov,NA,2700,NA,NA,3,NA,3.94741559028625,0.03468462073430546,0.0744805932210971,0.14810252461690818,0.03468462073430546,0.0744805932210971,0.14810252461690818,NA
0.5,14,OnlineCov,NA,2800,NA,NA,3,NA,3.8122546672821,0.03298499556417544,0.07627631170238061,0.1383571331325317,0.03298499556417544,0.07627631170238061,0.1383571331325317,NA
0.5,14,OnlineCov,NA,2900,NA,NA,3,NA,4.39064884185791,0.031581886669021605,0.0647821716522028,0.12979350057731948,0.031581886669021605,0.0647821716522028,0.12979350057731948,NA
0.5,14,OnlineCov,NA,3000,NA,NA,3,NA,4.18970036506653,0.031937545170182234,0.08304498148240788,0.12955660965638147,0.031937545170182234,0.08304498148240788,0.12955660965638147,NA
0.5,14,OnlineCov,NA,3100,NA,NA,3,NA,4.47224378585815,0.03185373442416462,0.08403782413763053,0.10990443232756644,0.03185373442416462,0.08403782413763053,0.10990443232756644,NA
0.5,14,OnlineCov,NA,3200,NA,NA,3,NA,4.28661322593689,0.03055157936903319,0.09416243319587343,0.11560040566280035,0.03055157936903319,0.09416243319587343,0.11560040566280035,NA
0.5,14,OnlineCov,NA,3300,NA,NA,3,NA,4.21213054656982,0.032638036885842166,0.06776613885713179,0.09768415172123616,0.032638036885842166,0.06776613885713179,0.09768415172123616,NA
0.5,14,OnlineCov,NA,3400,NA,NA,3,NA,3.77240514755249,0.030535264844009938,0.0452146855508797,0.06459162415199342,0.030535264844009938,0.0452146855508797,0.06459162415199342,NA
0.5,14,OnlineCov,NA,3500,NA,NA,3,NA,4.16435790061951,0.028960749844588147,0.0492858505204023,0.06924597693033671,0.028960749844588147,0.0492858505204023,0.06924597693033671,NA
0.5,14,OnlineCov,NA,3600,NA,NA,3,NA,4.0169837474823,0.028125765382022997,0.0423528301641236,0.07939007853303894,0.028125765382022997,0.0423528301641236,0.07939007853303894,NA
0.5,14,OnlineCov,NA,3700,NA,NA,3,NA,4.14324498176575,0.028816230863668763,0.03116024576555564,0.05825034906824731,0.028816230863668763,0.03116024576555564,0.05825034906824731,NA
0.5,14,OnlineCov,NA,3800,NA,NA,3,NA,4.00182676315308,0.03050321828313782,0.02192319566955817,0.06348145168451799,0.03050321828313782,0.02192319566955817,0.06348145168451799,NA
0.5,14,OnlineCov,NA,3900,NA,NA,3,NA,4.15977072715759,0.02961221206721075,0.02387917638927124,0.05835360547506057,0.02961221206721075,0.02387917638927124,0.05835360547506057,NA
0.5,14,OnlineCov,NA,4000,NA,NA,3,NA,4.14367318153381,0.028718925921925095,0.03500000788437972,0.052333267786617434,0.028718925921925095,0.03500000788437972,0.052333267786617434,NA
0.5,14,OnlineCov,NA,4100,NA,NA,3,NA,4.78328657150269,0.027694378361633812,0.03686434717039901,0.06279642488254888,0.027694378361633812,0.03686434717039901,0.06279642488254888,NA
0.5,14,OnlineCov,NA,4200,NA,NA,3,NA,3.40491962432861,0.024001892008265382,0.04252790539941896,0.07777162192775382,0.024001892008265382,0.04252790539941896,0.07777162192775382,NA
0.5,14,OnlineCov,NA,4300,NA,NA,3,NA,3.92890596389771,0.021371213291700185,0.051660104979158225,0.10688452796576416,0.021371213291700185,0.051660104979158225,0.10688452796576416,NA
0.5,14,OnlineCov,NA,4400,NA,NA,3,NA,4.04869151115417,0.023540355028228984,0.05712214501870467,0.12151473900777378,0.023540355028228984,0.05712214501870467,0.12151473900777378,NA
0.5,14,OnlineCov,NA,4500,NA,NA,3,NA,3.87971568107605,0.02135502553747244,0.05644382201095943,0.12651909390592622,0.02135502553747244,0.05644382201095943,0.12651909390592622,NA
0.5,14,OnlineCov,NA,4600,NA,NA,3,NA,4.35948014259338,0.01920285741077475,0.05525295261097938,0.10709131383764274,0.01920285741077475,0.05525295261097938,0.10709131383764274,NA
0.5,14,OnlineCov,NA,4700,NA,NA,3,NA,3.3695662021637,0.017028130642379704,0.046571107754280396,0.10688077184457113,0.017028130642379704,0.046571107754280396,0.10688077184457113,NA
0.5,14,OnlineCov,NA,4800,NA,NA,3,NA,4.12534546852112,0.014915315169409278,0.06559793700996193,0.11875361955125284,0.014915315169409278,0.06559793700996193,0.11875361955125284,NA
0.5,14,OnlineCov,NA,4900,NA,NA,3,NA,4.30157041549683,0.015030735492851966,0.07258695973618218,0.11699186042453495,0.015030735492851966,0.07258695973618218,0.11699186042453495,NA
0.5,14,OnlineCov,NA,5000,NA,NA,3,NA,3.69381165504456,0.01577827356879213,0.07424208395894097,0.1285428146990117,0.01577827356879213,0.07424208395894097,0.1285428146990117,NA
0.5,14,Batch-PACE,NA,5000,NA,NA,3,5000,7.16558313369751,0.021152774567783427,0.05300122638238919,0.0921305716682572,0.021152774567783427,0.05300122638238919,0.0921305716682572,NA
0.5,14,Batch-FACE,NA,5000,NA,NA,3,5000,68.9860231876373,0.0191358354314737,0.04453288460191858,0.08381249782467652,0.0191358354314737,0.04453288460191858,0.08381249782467652,NA
0.5,14,Batch-REML,NA,5000,NA,NA,3,5000,191.231980085373,0.024140820590970186,0.05906188647641112,0.10677534782986339,0.024140820590970186,0.05906188647641112,0.10677534782986339,NA
0.5,14,Batch-SOAP,NA,5000,NA,NA,3,5000,147.031370639801,0.04833896713223213,0.09556553992211352,0.05393661163740104,0.04833896713223213,0.09556553992211352,0.05393661163740104,NA
1,14,OnlineFPCA-sgd,0.1,0,100,face,3,5,1.04208660125732,0.10979831944812511,0.16601340602288037,1.1535418852191968,0.10979831944812511,0.16601340602288037,1.1535418852191968,1.0000000000000009e-4
1,14,OnlineFPCA-sgd,0.1,100,100,face,3,5,0.474756240844727,1.430414272425106,0.7363257989577172,1.3215249449198987,NA,NA,NA,5.6234132519034954e-6
1,14,OnlineFPCA-sgd,0.1,200,100,face,3,5,0.449312925338745,1.029303850414741,1.3453076042749192,1.3560373561852443,NA,NA,NA,9.561691813137649e-7
1,14,OnlineFPCA-sgd,0.1,300,100,face,3,5,0.433964014053345,0.45296743817590474,0.8783033213916197,1.0380590610605716,NA,NA,NA,9.561691813137649e-7
1,14,OnlineFPCA-sgd,0.1,400,100,face,3,5,0.459842443466187,0.5373554832461068,0.5279977163160955,0.8122992764051707,NA,NA,NA,2.845746226840949e-6
1,14,OnlineFPCA-sgd,0.1,500,100,face,3,5,0.458858013153076,0.5128496840294491,0.9616859753726061,1.0103479809377698,NA,NA,NA,7.233697074646477e-6
1,14,OnlineFPCA-sgd,0.1,600,100,face,3,5,0.44782543182373,0.5063688181569024,0.9608325627350449,1.01063240120815,NA,NA,NA,1.6442923587741764e-5
1,14,OnlineFPCA-sgd,0.1,700,100,face,3,5,0.439575672149658,0.49572834254634407,0.9599642078834164,1.0112613949081855,NA,NA,NA,3.436529713359235e-5
1,14,OnlineFPCA-sgd,0.1,800,100,face,3,5,0.431394577026367,0.48103415326116367,0.9586459919521768,1.0127731371871698,NA,NA,NA,6.725009670227234e-5
1,14,OnlineFPCA-sgd,0.1,900,100,face,3,5,0.454069375991821,0.4633134415309485,0.957714580096404,1.015713755438022,NA,NA,NA,6.725009670227234e-5
1,14,OnlineFPCA-sgd,0.1,1000,100,face,3,5,0.457572937011719,0.44894414488528855,0.9577570073165645,1.0196544699231154,NA,NA,NA,3.7869112210238246e-5
1,14,OnlineFPCA-sgd,0.1,1100,100,face,3,5,0.646027803421021,0.396061722586747,0.922849461285165,1.044391657627182,0.3973354115652877,0.9423166549642089,1.0317530559714,2.212963076281173e-5
1,14,OnlineFPCA-sgd,0.1,1200,100,face,3,5,0.658879518508911,0.17606935701990353,0.9319358701099557,1.0142279075556049,0.2897176766265779,0.9324299225997685,1.029519762153096,1.3349026489084056e-5
1,14,OnlineFPCA-sgd,0.1,1300,100,face,3,5,0.650290966033936,0.20664989375529103,0.8986759621928674,0.9626669187777939,0.2300312267147026,0.9345937038666343,1.0229936267187554,2.1528435217149067e-5
1,14,OnlineFPCA-sgd,0.1,1400,100,face,3,5,0.642755508422852,0.13497982207763476,0.872856045282385,0.9554794251351647,0.19917380393313305,0.9259677783820445,1.0096126992767158,3.3890845697828135e-5
1,14,OnlineFPCA-sgd,0.1,1500,100,face,3,5,0.67200756072998,0.1496316762679222,0.7954346079139671,0.9641348827826375,0.17809318388651812,0.9065056250968854,1.0035080517711485,5.22229043524661e-5
1,14,OnlineFPCA-sgd,0.1,1600,100,face,3,5,0.707459211349487,0.1760608304606669,0.8334331016405884,0.9565753044241596,0.15884536091594806,0.8941690170847526,0.9991522876057953,5.22229043524661e-5
1,14,OnlineFPCA-sgd,0.1,1700,100,face,3,5,0.692645788192749,0.22760212153955692,0.8613049748727584,0.9103654978044027,0.12541793093843354,0.8870380685773622,0.9887766190192023,2.3648722912113964e-5
1,14,OnlineFPCA-sgd,0.1,1800,100,face,3,5,0.593632459640503,0.2603919987438225,0.8240175918279259,0.9236608646384458,0.09558084202449542,0.8652478001047287,0.9808355049230484,1.6163227671947217e-5
1,14,OnlineFPCA-sgd,0.1,1900,100,face,3,5,0.691248893737793,0.3413349593221987,0.7216635457020373,1.0300927716981558,0.07261937783220379,0.8492368959169724,0.9794967423187088,1.6163227671947217e-5
1,14,OnlineFPCA-sgd,0.1,2000,100,face,3,5,0.629816293716431,0.2425513627908703,0.6333008425273728,1.117367298763129,0.07279390482141755,0.8275817008077554,0.9863942914780995,7.97023421455595e-6
1,14,OnlineFPCA-sgd,0.1,2100,100,face,3,5,0.574182748794556,0.34769129112908526,0.48046590680505535,1.0826586022022855,0.07694731977537327,0.7930458448484925,0.9951098495631425,5.663664608800132e-6
1,14,OnlineFPCA-sgd,0.1,2200,100,face,3,5,0.728830814361572,0.28949443918505724,0.4697929165159699,1.0973645200645297,0.08188267737879279,0.7495963207928438,1.007021494969054,5.663664608800132e-6
1,14,OnlineFPCA-sgd,0.1,2300,100,face,3,5,0.555381774902344,0.23985820787738135,0.46690947916305864,1.0502711058768683,0.0815638058514215,0.7131471884625425,1.0132089574292487,4.11034125957599e-6
1,14,OnlineFPCA-sgd,0.1,2400,100,face,3,5,0.573356151580811,0.24862029886349954,0.45929303754165873,1.0416697223344649,0.07836545418785831,0.6858365913927014,1.0160387977551735,3.011235035671984e-6
1,14,OnlineFPCA-sgd,0.1,2500,100,face,3,5,0.563416481018066,0.2145526668138511,0.4335923305724345,1.0255229850001344,0.0728797590533127,0.6567511559446771,1.0176911121549637,3.011235035671984e-6
1,14,OnlineFPCA-sgd,0.1,2600,100,face,3,5,0.549667596817017,0.23737994992600597,0.4323816046933315,0.9864764894239506,0.07113484889442333,0.626467979241363,1.0152511057913414,3.011235035671984e-6
1,14,OnlineFPCA-sgd,0.1,2700,100,face,3,5,0.586143493652344,0.17636769260703491,0.47902970270712597,0.9656430466731798,0.07119779622710833,0.5963271073186812,1.0119440214980466,3.011235035671984e-6
1,14,OnlineFPCA-sgd,0.1,2800,100,face,3,5,0.571654319763184,0.31225030860855246,0.47997126679674657,0.8628431076971423,0.06570348734887373,0.5705983550216079,1.0035095752935463,2.2773714712882135e-6
1,14,OnlineFPCA-sgd,0.1,2900,100,face,3,5,0.670627117156982,0.30511169849540926,0.42826530648391986,0.8325021723989526,0.05698788021410619,0.5463110345758763,0.9904033220032686,1.7340701602976465e-6
1,14,OnlineFPCA-sgd,0.1,3000,100,face,3,5,0.636826276779175,0.3116264076549075,0.4671562711752966,0.7917873975975643,0.05075142510168797,0.5249986640284048,0.9781993301246131,1.7340701602976465e-6
1,14,OnlineFPCA-sgd,0.1,3100,100,face,3,5,0.656937599182129,0.23293748047707125,0.45599657087471374,0.8212678298410825,0.05320890113241339,0.5068665945065113,0.9668842167350544,1.7340701602976465e-6
1,14,OnlineFPCA-sgd,0.1,3200,100,face,3,5,0.652475833892822,0.22542847285555986,0.4394552013428396,0.75947652325945,0.058200255494818144,0.49447558761026783,0.9565286195810037,1.7340701602976465e-6
1,14,OnlineFPCA-sgd,0.1,3300,100,face,3,5,0.634580373764038,0.38379660155473944,0.419367281712619,0.7404993941073945,0.06176327993703766,0.47892190056280015,0.9426331514318905,1.3518722586484595e-6
1,14,OnlineFPCA-sgd,0.1,3400,100,face,3,5,0.627474784851074,0.27719229692595265,0.3886942684003032,0.673830023886657,0.060638188184842755,0.46312844428965094,0.9278227895422894,8.301297714099053e-7
1,14,OnlineFPCA-sgd,0.1,3500,100,face,3,5,0.674278259277344,0.14794316603921642,0.374067728423572,0.6415710584180286,0.06300165643277877,0.4493312127721326,0.9133871446994667,6.5369963699625e-7
1,14,OnlineFPCA-sgd,0.1,3600,100,face,3,5,0.636625051498413,0.20903114252706656,0.40761609681069577,0.5839995109061652,0.06156840711317043,0.4378081698032456,0.8994292044645723,4.0916189812873624e-7
1,14,OnlineFPCA-sgd,0.1,3700,100,face,3,5,0.628818273544312,0.25178169629784886,0.4221573743219826,0.5557276141027893,0.0580806710957042,0.42222735930446,0.8793080030437196,2.5839112779941036e-7
1,14,OnlineFPCA-sgd,0.1,3800,100,face,3,5,0.624240636825562,0.2692145718816749,0.48059078555075013,0.5514597456282321,0.05659068100463585,0.4085393699611646,0.859296345315977,1.6457045112028436e-7
1,14,OnlineFPCA-sgd,0.1,3900,100,face,3,5,0.60278844833374,0.4487768488979093,0.4725771292545057,0.47783292581833275,0.056130815958516954,0.3952892839349496,0.8405737217571011,1.3187246905592774e-7
1,14,OnlineFPCA-sgd,0.1,4000,100,face,3,5,0.669561147689819,0.06049085013199857,0.38569217677140405,0.8232378940928337,0.06049085013199857,0.38569217677140405,0.8232378940928337,1.3187246905592774e-7
1,14,OnlineFPCA-sgd,0.1,4100,100,face,3,5,0.817987680435181,0.3034844456083965,0.38972693502182887,0.8338328982282462,0.2476900744159595,0.3677102744730815,0.8280760720660453,1.3187246905592774e-7
1,14,OnlineFPCA-sgd,0.1,4200,100,face,3,5,0.603931427001953,0.3121435638513407,0.4054986512121309,0.8754446994191375,0.22060032766452917,0.35851589215299207,0.8450268215445267,1.3187246905592774e-7
1,14,OnlineFPCA-sgd,0.1,4300,100,face,3,5,0.637962818145752,0.3050380175490063,0.4047943407450917,0.7866099333346823,0.21342030981267682,0.3639975523795223,0.8417152941442514,8.719047178304056e-8
1,14,OnlineFPCA-sgd,0.1,4400,100,face,3,5,0.601809024810791,0.33003654145220074,0.3527820783002085,0.8503629239321169,0.1609044905184976,0.3549076029999883,0.8386243995574366,8.719047178304056e-8
1,14,OnlineFPCA-sgd,0.1,4500,100,face,3,5,0.594686269760132,0.25561999280012937,0.3993849406778669,0.7714762777323902,0.13250132180317262,0.3550243127130925,0.8371431426011967,7.135765617192848e-8
1,14,OnlineFPCA-sgd,0.1,4600,100,face,3,5,0.598956346511841,0.14466698142332732,0.3614638096436063,0.768717937236795,0.10177647438162016,0.3489486749344661,0.8233304261350946,7.135765617192848e-8
1,14,OnlineFPCA-sgd,0.1,4700,100,face,3,5,0.612356662750244,0.16764439123579558,0.33954581181834065,0.7214208079235409,0.08033576112767059,0.3456346285492649,0.8111584401242795,7.135765617192848e-8
1,14,OnlineFPCA-sgd,0.1,4800,100,face,3,5,0.577038526535034,0.05061646332682009,0.3931577279476049,0.7042322004804468,0.07010094601551463,0.345967144379109,0.7976241794938117,5.8919129090664386e-8
1,14,OnlineFPCA-sgd,0.1,4900,100,face,3,5,0.667933225631714,0.2604838572744138,0.3768899885290002,0.7406639407858351,0.0617440488944965,0.34224524308745946,0.7863953939052996,5.8919129090664386e-8
1,14,OnlineFPCA-sgd,0.1,5000,100,face,3,5,0.648987054824829,0.2899802143617779,0.38140199219286935,0.7140835434574017,0.060689345829159476,0.33811372614607454,0.7805998144155425,5.8919129090664386e-8
1,14,OnlineFPCA-sgd,0.1,5100,100,face,3,5,0.127983093261719,0.25474220128440717,0.27922779185148117,0.6973816963049253,0.06606527714784312,0.33383424366261566,0.7730288238600268,NA
1,14,OnlineFPCA-sgd,0.1,5200,100,face,3,5,0.146129369735718,0.21843700179576406,0.326941094857861,0.6158202355517749,0.062404272435673466,0.32622278752331924,0.7599464267491991,NA
1,14,OnlineFPCA-sgd,0.1,5300,100,face,3,5,0.160079479217529,0.18460298282763316,0.31403326967307654,0.5161150990875591,0.06781638361509794,0.318564682880156,0.7445100734536241,NA
1,14,OnlineFPCA-sgd,0.1,5400,100,face,3,5,0.160695314407349,0.3373139669202658,0.29339365656447697,0.49346053746043267,0.06373783174235902,0.3100006587560592,0.7251337180123533,NA
1,14,OnlineFPCA-sgd,0.1,5500,100,face,3,5,0.12578272819519,0.13628965554476238,0.2866132278267719,0.48925348383184886,0.05984924184221882,0.3030521329464502,0.7070510355915882,NA
1,14,OnlineFPCA-sgd,0.1,5600,100,face,3,5,0.121801853179932,0.17573117761108276,0.2604172565057343,0.4664787830166804,0.05320828267699449,0.2980555428118498,0.6917228365748281,NA
1,14,OnlineFPCA-sgd,0.1,5700,100,face,3,5,0.12453031539917,0.19595328358990824,0.2511956684215249,0.5169170626290777,0.058069381364774644,0.29393423546709496,0.6785423915602921,NA
1,14,OnlineFPCA-sgd,0.1,5800,100,face,3,5,0.122913360595703,0.176083328648302,0.28300952134912427,0.5245310765568778,0.05633402082364561,0.29100822416096517,0.6676014900666483,NA
1,14,OnlineFPCA-sgd,0.1,5900,100,face,3,5,0.123196601867676,0.33552225573914346,0.2898002680943685,0.5451887707315444,0.05080062826482332,0.2885570703110965,0.6588229585858508,NA
1,14,OnlineFPCA-sgd,0.1,6000,100,face,3,5,0.124217748641968,0.229408834886892,0.31662304079069953,0.5538033114969519,0.050540741049446294,0.2858880258508053,0.6526220470995746,NA
1,14,OnlineFPCA-sgd,0.1,6100,100,face,3,5,0.124015331268311,0.13850954089670864,0.3042548939634769,0.5229024217032129,0.051499120297348606,0.28356153600481654,0.6455466926139024,NA
1,14,OnlineFPCA-sgd,0.1,6200,100,face,3,5,0.125449657440186,0.2209082241109857,0.34210146302199684,0.4830003919003796,0.05343441579780013,0.28280822027812086,0.6379575402785995,NA
1,14,OnlineFPCA-sgd,0.1,6300,100,face,3,5,0.131439924240112,0.24242032795330096,0.36574075259771005,0.4555207586689777,0.05723337296993829,0.283814649375815,0.6288826478858057,NA
1,14,OnlineFPCA-sgd,0.1,6400,100,face,3,5,0.140997886657715,0.18131624327622878,0.3754919029485383,0.4219314874090407,0.060652600787657676,0.2858980940351723,0.6206480472514075,NA
1,14,OnlineFPCA-sgd,0.1,6500,100,face,3,5,0.164050340652466,0.22280322380426618,0.24920147715325544,0.4808840435527166,0.059557901889616675,0.28536500529201747,0.6134311152662298,NA
1,14,OnlineFPCA-sgd,0.1,6600,100,face,3,5,0.148343086242676,0.2072681269487782,0.25476142696536913,0.4519319919820094,0.05846623968831888,0.28363630490779745,0.606955632757311,NA
1,14,OnlineFPCA-sgd,0.1,6700,100,face,3,5,0.124753952026367,0.2596431989544746,0.2881333848401001,0.4412724012361042,0.06041454566129144,0.28246356541095763,0.6005552033308975,NA
1,14,OnlineFPCA-sgd,0.1,6800,100,face,3,5,0.118552207946777,0.25141794422260744,0.32693226844846857,0.3965573827838957,0.0637336637435717,0.2801391061563056,0.5939867345962755,NA
1,14,OnlineFPCA-sgd,0.1,6900,100,face,3,5,0.128879547119141,0.4018437770460326,0.27552225527228025,0.3775789316723762,0.06816238972031072,0.2775537004713031,0.5860854475563411,NA
1,14,OnlineFPCA-sgd,0.1,7000,100,face,3,5,0.128123998641968,0.22994803021304375,0.27840951599780933,0.36201753142896553,0.0727967096092191,0.2749041902301592,0.5773648505948231,NA
1,14,OnlineFPCA-sgd,0.1,7100,100,face,3,5,0.126927614212036,0.23091085413171522,0.2444770175376263,0.36167175318239564,0.07528033838911048,0.2711805077740591,0.5682971374233207,NA
1,14,OnlineFPCA-sgd,0.1,7200,100,face,3,5,0.111117839813232,0.3299254187360845,0.30808169590841494,0.3609679299321576,0.07783931521681323,0.2682393328971564,0.5600245382542038,NA
1,14,OnlineFPCA-sgd,0.1,7300,100,face,3,5,0.109746932983398,0.1266872684101205,0.25540427610736494,0.4189837561933209,0.07773087541030377,0.265028101488934,0.5535425136476225,NA
1,14,OnlineFPCA-sgd,0.1,7400,100,face,3,5,0.110692739486694,0.1559836926671657,0.28087720203529704,0.3921714008925609,0.07577764164676934,0.2625994443212232,0.5466405152399563,NA
1,14,OnlineFPCA-sgd,0.1,7500,100,face,3,5,0.119087696075439,0.18724983672606255,0.31474339889898983,0.42483435874509506,0.07279949573760973,0.26053238164126263,0.5407434369218799,NA
1,14,OnlineFPCA-sgd,0.1,7600,100,face,3,5,0.136900663375854,0.22778453194676881,0.26914303365178344,0.4468865243661343,0.06886602746083643,0.25877755914338607,0.5369601034068472,NA
1,14,OnlineFPCA-sgd,0.1,7700,100,face,3,5,0.145513296127319,0.2004528958489463,0.21911340973653143,0.42589401792010445,0.06653234581923029,0.2573728221651933,0.5334907524227761,NA
1,14,OnlineFPCA-sgd,0.1,7800,100,face,3,5,0.116183519363403,0.24798305178218866,0.22226474021094655,0.4053689634842937,0.06448824067581647,0.2557888808916639,0.529847485587064,NA
1,14,OnlineFPCA-sgd,0.1,7900,100,face,3,5,0.113830327987671,0.2582163024823161,0.18521191067696757,0.4101002373984939,0.0599286718139859,0.2535681604185502,0.5252418613923951,NA
1,14,OnlineFPCA-sgd,0.1,8000,100,face,3,5,0.124170064926147,0.2959448348980907,0.20158957206475692,0.405094717410731,0.05641428329935669,0.250912626566485,0.5215941647849444,NA
1,14,OnlineFPCA-sgd,0.1,8100,100,face,3,5,0.120233774185181,0.20911120622603893,0.21330917364275104,0.41774010677287005,0.055249667624926536,0.24884710469750468,0.5183500981090028,NA
1,14,OnlineFPCA-sgd,0.1,8200,100,face,3,5,0.119815587997437,0.17963822501681437,0.2093460494133903,0.3580346890666698,0.05647882767763302,0.2467165108447792,0.5147514615178265,NA
1,14,OnlineFPCA-sgd,0.1,8300,100,face,3,5,0.126418590545654,0.29347445463327476,0.1980578695462804,0.36600621884601725,0.059189810053228674,0.24527538652216993,0.5101907264407041,NA
1,14,OnlineFPCA-sgd,0.1,8400,100,face,3,5,0.125328779220581,0.21228231773617387,0.20369592550562166,0.32304329895357764,0.05952230317930976,0.24363572867675173,0.5050680215971259,NA
1,14,OnlineFPCA-sgd,0.1,8500,100,face,3,5,0.122594356536865,0.15769609445562888,0.18768327326980214,0.30993884788445386,0.06056648907611364,0.24102368481673236,0.49996625319712945,NA
1,14,OnlineFPCA-sgd,0.1,8600,100,face,3,5,0.124641895294189,0.1722115028030792,0.18806523531607885,0.2862681451955478,0.0603195090040362,0.23818907145550655,0.4945925474186237,NA
1,14,OnlineFPCA-sgd,0.1,8700,100,face,3,5,0.137702465057373,0.22665060108460217,0.2751733119337361,0.3006092925806592,0.05752016070307625,0.23424927068642262,0.4875572165238189,NA
1,14,OnlineFPCA-sgd,0.1,8800,100,face,3,5,0.160528659820557,0.24170175573240507,0.34647345612618696,0.32595654023518594,0.055646989144768504,0.23005611023788894,0.4804777983268364,NA
1,14,OnlineFPCA-sgd,0.1,8900,100,face,3,5,0.152644157409668,0.411661631593479,0.33120641362024894,0.2865492403979898,0.053894737737992277,0.22612260354720726,0.47336144842440175,NA
1,14,OnlineFPCA-sgd,0.1,9000,100,face,3,5,0.122626066207886,0.21504714162740168,0.3056904176587286,0.31691471331246646,0.055045602729232077,0.2222474343147551,0.46672586652917497,NA
1,14,OnlineFPCA-sgd,0.1,9100,100,face,3,5,0.123956203460693,0.23979089102903986,0.1484979033365981,0.30348371716479317,0.055926573635184954,0.21856521241797777,0.46055045558619956,NA
1,14,OnlineFPCA-sgd,0.1,9200,100,face,3,5,0.124821186065674,0.21159862051883296,0.25461193415770955,0.3434604756899003,0.05547684724701086,0.21535663000273786,0.45512443942077657,NA
1,14,OnlineFPCA-sgd,0.1,9300,100,face,3,5,0.126676082611084,0.2614560762091242,0.2248471192401819,0.2864239143063704,0.05291379867256013,0.2135103309952022,0.44956592312013177,NA
1,14,OnlineFPCA-sgd,0.1,9400,100,face,3,5,0.123914003372192,0.2741416677351193,0.18964867568913651,0.20794809820194418,0.05028081696948157,0.2117027772351477,0.4440064860298864,NA
1,14,OnlineFPCA-sgd,0.1,9500,100,face,3,5,0.126284599304199,0.23266791347233298,0.24207766640266146,0.2394126123157852,0.0504659000065609,0.21065024065025684,0.4385652951550018,NA
1,14,OnlineFPCA-sgd,0.1,9600,100,face,3,5,0.1215980052948,0.10909410800293937,0.2100553600759856,0.24856337249649177,0.04983855997359308,0.20948470004964592,0.4335443192455267,NA
1,14,OnlineFPCA-sgd,0.1,9700,100,face,3,5,0.119951009750366,0.18054713270447992,0.21240554760162494,0.20103282550753102,0.04887288831148447,0.2084302030717512,0.42859630845240004,NA
1,14,OnlineFPCA-sgd,0.1,9800,100,face,3,5,0.125561714172363,0.038650474961979125,0.26110078795397373,0.21658236421762653,0.048447133056413724,0.20788947525432294,0.4233705523093926,NA
1,14,OnlineFPCA-sgd,0.1,9900,100,face,3,5,0.127969026565552,0.18439591519336307,0.22200860006444428,0.2399006864112092,0.04765124303516445,0.20716489625851076,0.4180179710673302,NA
1,14,OnlineFPCA-sgd,0.1,10000,100,face,3,5,0.132026433944702,0.20992663498281566,0.25643402277710736,0.24690948064337193,0.04688559680201643,0.20626285518687124,0.41349178732130865,NA
1,14,OnlineFPCA-sgd,0.1,10100,100,face,3,5,0.155072212219238,0.23831756943975685,0.1608755898874774,0.2197176680835543,0.047029999228356975,0.20534570502200541,0.4089106133429623,NA
1,14,OnlineFPCA-sgd,0.1,10200,100,face,3,5,0.12841010093689,0.1981482094766537,0.16560419558992148,0.17443026063209646,0.0464471313850844,0.20375411231835197,0.4038217125103631,NA
1,14,OnlineFPCA-sgd,0.1,10300,100,face,3,5,0.124861001968384,0.12974790362714983,0.21430123645772195,0.14926249222951105,0.047287149957574715,0.20198675416478462,0.39862763720341426,NA
1,14,OnlineFPCA-sgd,0.1,10400,100,face,3,5,0.123329877853394,0.31117519610854427,0.1755134357865224,0.13199294031145833,0.04723639443789131,0.20004620744275406,0.3931121261104973,NA
1,14,OnlineFPCA-sgd,0.1,10500,100,face,3,5,0.127928733825684,0.13815200172025358,0.155615055750541,0.1550442124441303,0.04736808779587876,0.19819165778663153,0.3877550424527352,NA
1,14,OnlineFPCA-sgd,0.1,10600,100,face,3,5,0.127334356307983,0.1686409308996886,0.1455774714419588,0.16432389080779247,0.047092600064780374,0.19663692999769644,0.3831293395828247,NA
1,14,OnlineFPCA-sgd,0.1,10700,100,face,3,5,0.128616809844971,0.18422334720288208,0.12305766495132238,0.19624288977442633,0.04789596611802669,0.19527819310349745,0.37869293081501637,NA
1,14,OnlineFPCA-sgd,0.1,10800,100,face,3,5,0.129375696182251,0.14784707856430715,0.18542184843896228,0.1838178369934681,0.047646729720690534,0.19428413050817328,0.3747492464381329,NA
1,14,OnlineFPCA-sgd,0.1,10900,100,face,3,5,0.128907918930054,0.2737538219837522,0.208472604991762,0.19857814941295523,0.04648155060177142,0.1934434107663163,0.37078715039213617,NA
1,14,OnlineFPCA-sgd,0.1,11000,100,face,3,5,0.130826950073242,0.21170848505536738,0.22360459542711308,0.20049468085986172,0.04551535234499458,0.19259026958106526,0.36723771044691944,NA
1,14,OnlineFPCA-sgd,0.1,11100,100,face,3,5,0.145308494567871,0.11939157486306673,0.2274599049262317,0.1753504004856319,0.04514131562908443,0.19173613569291753,0.363410522679247,NA
1,14,OnlineFPCA-sgd,0.1,11200,100,face,3,5,0.163240194320679,0.19199859793750268,0.24917809017372125,0.1917249581738225,0.046015136726226036,0.1912173732319194,0.35981204688780727,NA
1,14,OnlineFPCA-sgd,0.1,11300,100,face,3,5,0.133831977844238,0.24073825532312307,0.2962958296410985,0.15424945426001832,0.046695593789957295,0.1912004790003504,0.35580203293725515,NA
1,14,OnlineFPCA-sgd,0.1,11400,100,face,3,5,0.124900579452515,0.16271292547870744,0.286211023653149,0.15996356610859386,0.04704628032266635,0.19154135244336037,0.35216716470986137,NA
1,14,OnlineFPCA-sgd,0.1,11500,100,face,3,5,0.12541127204895,0.19064758750777958,0.16463255883302919,0.1806733585268297,0.04686489599783405,0.19117002414230128,0.34893997337822324,NA
1,14,OnlineFPCA-sgd,0.1,11600,100,face,3,5,0.125846147537231,0.150104388382822,0.1455611714540084,0.17361888784710966,0.0466477814811612,0.19035902355377488,0.34599834804555757,NA
1,14,OnlineFPCA-sgd,0.1,11700,100,face,3,5,0.12993860244751,0.21063133484020602,0.2102982292855632,0.1836897059742251,0.04720467352715866,0.18976739782836688,0.34318604078204434,NA
1,14,OnlineFPCA-sgd,0.1,11800,100,face,3,5,0.127526760101318,0.20092320397036698,0.24849091102328222,0.18908918938489613,0.04836350269782462,0.1889534636137796,0.3401278211514517,NA
1,14,OnlineFPCA-sgd,0.1,11900,100,face,3,5,0.12981128692627,0.30220863867935416,0.1904456711932268,0.21045531877057913,0.050062341853653686,0.18798773311236808,0.33689092021123573,NA
1,14,OnlineFPCA-sgd,0.1,12000,100,face,3,5,0.127179861068726,0.18196965999738537,0.20532173223333827,0.26022345319091084,0.05175360882463541,0.18692954756534735,0.33349952284701895,NA
1,14,OnlineFPCA-sgd,0.1,12100,100,face,3,5,0.12009596824646,0.19839382223422672,0.1690628602121659,0.2128154097981358,0.05268497132236663,0.18554134957859075,0.32999954274501075,NA
1,14,OnlineFPCA-sgd,0.1,12200,100,face,3,5,0.133051872253418,0.29144122167901443,0.2138863638592945,0.21326953954010452,0.05348342598474344,0.18437061709839103,0.3267025700883618,NA
1,14,OnlineFPCA-sgd,0.1,12300,100,face,3,5,0.160075664520264,0.09301364660778534,0.18673047374296226,0.24616221660765586,0.053489727764372504,0.1831153026207314,0.32407949212914683,NA
1,14,OnlineFPCA-sgd,0.1,12400,100,face,3,5,0.171500205993652,0.12203798122553539,0.23843237547832247,0.23329809324620784,0.053029125238819905,0.18216607787238523,0.32132894977564314,NA
1,14,OnlineFPCA-sgd,0.1,12500,100,face,3,5,0.113868713378906,0.1642549244236717,0.2688048334920608,0.2369826395910873,0.052689039115427536,0.1814419613120925,0.3188339262176816,NA
1,14,OnlineFPCA-sgd,0.1,12600,100,face,3,5,0.107845067977905,0.20419708574934975,0.22465826851980708,0.21870708688784388,0.05206266261621395,0.18077796073520616,0.31696366488173944,NA
1,14,OnlineFPCA-sgd,0.1,12700,100,face,3,5,0.107380151748657,0.17366534310626747,0.16303165824855173,0.23067839596117937,0.05147399132468376,0.18025724379725053,0.3153345253317693,NA
1,14,OnlineFPCA-sgd,0.1,12800,100,face,3,5,0.113265037536621,0.19651024188299998,0.14282018123415188,0.23330295714695565,0.05078168863387926,0.17965578355659162,0.31394731581739993,NA
1,14,OnlineFPCA-sgd,0.1,12900,100,face,3,5,0.111996650695801,0.21617474909232293,0.12747279307514586,0.23833801925821244,0.0492852982907445,0.17874012814451434,0.31234269786714153,NA
1,14,OnlineFPCA-sgd,0.1,13000,100,face,3,5,0.114072799682617,0.261152445287107,0.11285966791975688,0.23348974559200367,0.047716585763613144,0.17762501096663547,0.3110324830253147,NA
1,14,OnlineFPCA-sgd,0.1,13100,100,face,3,5,0.115002870559692,0.1860076306231513,0.1314209538458359,0.23455650606776388,0.0468190078478274,0.17671875869866244,0.30984377696321147,NA
1,14,OnlineFPCA-sgd,0.1,13200,100,face,3,5,0.114326000213623,0.1554766021669399,0.13101747084675266,0.1836743900191068,0.047223653520079886,0.17578669063448604,0.30829114653162754,NA
1,14,OnlineFPCA-sgd,0.1,13300,100,face,3,5,0.117366075515747,0.24319129737235629,0.12432598809036277,0.20523934431538096,0.04852470292498782,0.1750814118316448,0.30644812331535065,NA
1,14,OnlineFPCA-sgd,0.1,13400,100,face,3,5,0.139709234237671,0.17757408271303426,0.1320537291285887,0.17602279849664332,0.04896719732836335,0.17430922853803713,0.3044793986679138,NA
1,14,OnlineFPCA-sgd,0.1,13500,100,face,3,5,0.163559913635254,0.15729604115153054,0.11801918815399452,0.16646070489261966,0.04970855030684817,0.17307171096862026,0.30245090265597174,NA
1,14,OnlineFPCA-sgd,0.1,13600,100,face,3,5,0.34209132194519,0.154188221959983,0.10076539083299994,0.2013978424258722,0.049721866006541944,0.17171343201613337,0.3003505094458074,NA
1,14,OnlineFPCA-sgd,0.1,13700,100,face,3,5,0.129217147827148,0.20511292045074236,0.2063438778116296,0.22687686460828654,0.04883771354885258,0.1697754966339686,0.2978400996071712,NA
1,14,OnlineFPCA-sgd,0.1,13800,100,face,3,5,0.121888399124146,0.2172816159365379,0.28273097471492203,0.2678485009608407,0.048274193580289886,0.1676457723158842,0.2953749345102989,NA
1,14,OnlineFPCA-sgd,0.1,13900,100,face,3,5,0.124430656433105,0.378065824412759,0.2675286332077281,0.24028990460535998,0.04775291155722079,0.16566545130176075,0.29284841764395314,NA
1,14,OnlineFPCA-sgd,0.1,14000,100,face,3,5,0.120700597763062,0.23335787938518507,0.23344130297984744,0.2483734031248366,0.04839041192408071,0.1635780542219395,0.2905064411674259,NA
1,14,OnlineFPCA-sgd,0.1,14100,100,face,3,5,0.119824647903442,0.21857493234033598,0.13627517463293273,0.2354686014384968,0.04904160911814172,0.16166399159487183,0.2881978483339573,NA
1,14,OnlineFPCA-sgd,0.1,14200,100,face,3,5,0.128835439682007,0.1743849965027048,0.20634632796816732,0.2571629297245484,0.048924471679854205,0.16002163122808655,0.2860299223746512,NA
1,14,OnlineFPCA-sgd,0.1,14300,100,face,3,5,0.127391576766968,0.22362423016346122,0.17671266604693459,0.2310753758940441,0.047681607624079775,0.15923819212848922,0.2838393863571656,NA
1,14,OnlineFPCA-sgd,0.1,14400,100,face,3,5,0.127433061599731,0.26133533455753727,0.14899089894952502,0.14737821461987557,0.046291001116312715,0.15844477609150057,0.2815442100552337,NA
1,14,OnlineFPCA-sgd,0.1,14500,100,face,3,5,0.124598979949951,0.19890357339854886,0.19753805121451368,0.18343324759255128,0.046191524430487824,0.15801137235507134,0.2792271766306001,NA
1,14,OnlineFPCA-sgd,0.1,14600,100,face,3,5,0.138302326202393,0.09527542069940692,0.1705735922444164,0.18970794336862234,0.04591110398632661,0.157519692607579,0.2771922630864839,NA
1,14,OnlineFPCA-sgd,0.1,14700,100,face,3,5,0.149652242660522,0.17014293848888123,0.18010233043035576,0.15444941759484204,0.045429324887041773,0.15712078402815183,0.27519331550051473,NA
1,14,OnlineFPCA-sgd,0.1,14800,100,face,3,5,0.1337571144104,0.03414698051821477,0.22619329959680964,0.18858493692086867,0.04523187129739407,0.1570244758098391,0.27313728746059873,NA
1,14,OnlineFPCA-sgd,0.1,14900,100,face,3,5,0.11839485168457,0.15568111833330223,0.194943722642892,0.2001208692106261,0.044807740641993846,0.1568330386346137,0.27102241024147883,NA
1,14,OnlineFPCA-sgd,0.1,15000,100,face,3,5,0.118515968322754,0.17443812627983274,0.22995938210572453,0.20292126040910363,0.04440157281174262,0.15656550424698978,0.26924385247799637,NA
1,14,OnlineFPCA-adagrad,0.1,0,100,face,3,5,1.04208660125732,0.10979831944812511,0.16601340602288037,1.1535418852191968,0.10979831944812511,0.16601340602288037,1.1535418852191968,1.0000000000000009e-4
1,14,OnlineFPCA-adagrad,0.1,100,100,face,3,5,0.446060419082642,1.430414272425106,0.7363257989577172,1.3215249449198987,NA,NA,NA,5.6234132519034954e-6
1,14,OnlineFPCA-adagrad,0.1,200,100,face,3,5,0.448102951049805,1.029303850414741,1.3453076042749192,1.3560373561852443,NA,NA,NA,9.561691813137649e-7
1,14,OnlineFPCA-adagrad,0.1,300,100,face,3,5,0.428752183914185,0.45296743817590474,0.8783033213916197,1.0380590610605716,NA,NA,NA,9.561691813137649e-7
1,14,OnlineFPCA-adagrad,0.1,400,100,face,3,5,0.430859088897705,0.5373554832461068,0.5279977163160955,0.8122992764051707,NA,NA,NA,2.845746226840949e-6
1,14,OnlineFPCA-adagrad,0.1,500,100,face,3,5,0.43892502784729,0.5128496840294491,0.9616859753726061,1.0103479809377698,NA,NA,NA,7.233697074646477e-6
1,14,OnlineFPCA-adagrad,0.1,600,100,face,3,5,0.689515113830566,0.5063688181569024,0.9608325627350449,1.01063240120815,NA,NA,NA,1.6442923587741764e-5
1,14,OnlineFPCA-adagrad,0.1,700,100,face,3,5,0.460868835449219,0.49572834254634407,0.9599642078834164,1.0112613949081855,NA,NA,NA,3.436529713359235e-5
1,14,OnlineFPCA-adagrad,0.1,800,100,face,3,5,0.456742286682129,0.48103415326116367,0.9586459919521768,1.0127731371871698,NA,NA,NA,6.725009670227234e-5
1,14,OnlineFPCA-adagrad,0.1,900,100,face,3,5,0.439405918121338,0.4633134415309485,0.957714580096404,1.015713755438022,NA,NA,NA,6.725009670227234e-5
1,14,OnlineFPCA-adagrad,0.1,1000,100,face,3,5,0.44370174407959,0.44894414488528855,0.9577570073165645,1.0196544699231154,NA,NA,NA,3.7869112210238246e-5
1,14,OnlineFPCA-adagrad,0.1,1100,100,face,3,5,0.639057636260986,0.396061722586747,0.922849461285165,1.044391657627182,0.3973354115652877,0.9423166549642089,1.0317530559714,2.212963076281173e-5
1,14,OnlineFPCA-adagrad,0.1,1200,100,face,3,5,0.662058353424072,0.17606935701990353,0.9319358701099557,1.0142279075556049,0.2897176766265779,0.9324299225997685,1.029519762153096,1.3349026489084056e-5
1,14,OnlineFPCA-adagrad,0.1,1300,100,face,3,5,0.685258626937866,0.20664989375529103,0.8986759621928674,0.9626669187777939,0.2300312267147026,0.9345937038666343,1.0229936267187554,2.1528435217149067e-5
1,14,OnlineFPCA-adagrad,0.1,1400,100,face,3,5,0.668604373931885,0.13497982207763476,0.872856045282385,0.9554794251351647,0.19917380393313305,0.9259677783820445,1.0096126992767158,3.3890845697828135e-5
1,14,OnlineFPCA-adagrad,0.1,1500,100,face,3,5,0.643836498260498,0.1496316762679222,0.7954346079139671,0.9641348827826375,0.17809318388651812,0.9065056250968854,1.0035080517711485,5.22229043524661e-5
1,14,OnlineFPCA-adagrad,0.1,1600,100,face,3,5,0.662229299545288,0.1760608304606669,0.8334331016405884,0.9565753044241596,0.15884536091594806,0.8941690170847526,0.9991522876057953,5.22229043524661e-5
1,14,OnlineFPCA-adagrad,0.1,1700,100,face,3,5,0.668443441390991,0.22760212153955692,0.8613049748727584,0.9103654978044027,0.12541793093843354,0.8870380685773622,0.9887766190192023,2.3648722912113964e-5
1,14,OnlineFPCA-adagrad,0.1,1800,100,face,3,5,0.657278299331665,0.2603919987438225,0.8240175918279259,0.9236608646384458,0.09558084202449542,0.8652478001047287,0.9808355049230484,1.6163227671947217e-5
1,14,OnlineFPCA-adagrad,0.1,1900,100,face,3,5,0.646121740341187,0.3413349593221987,0.7216635457020373,1.0300927716981558,0.07261937783220379,0.8492368959169724,0.9794967423187088,1.6163227671947217e-5
1,14,OnlineFPCA-adagrad,0.1,2000,100,face,3,5,0.658113241195679,0.2425513627908703,0.6333008425273728,1.117367298763129,0.07279390482141755,0.8275817008077554,0.9863942914780995,7.97023421455595e-6
1,14,OnlineFPCA-adagrad,0.1,2100,100,face,3,5,0.663874626159668,0.34769129112908526,0.48046590680505535,1.0826586022022855,0.07694731977537327,0.7930458448484925,0.9951098495631425,5.663664608800132e-6
1,14,OnlineFPCA-adagrad,0.1,2200,100,face,3,5,0.723788261413574,0.28949443918505724,0.4697929165159699,1.0973645200645297,0.08188267737879279,0.7495963207928438,1.007021494969054,5.663664608800132e-6
1,14,OnlineFPCA-adagrad,0.1,2300,100,face,3,5,0.672550916671753,0.23985820787738135,0.46690947916305864,1.0502711058768683,0.0815638058514215,0.7131471884625425,1.0132089574292487,4.11034125957599e-6
1,14,OnlineFPCA-adagrad,0.1,2400,100,face,3,5,0.634830713272095,0.24862029886349954,0.45929303754165873,1.0416697223344649,0.07836545418785831,0.6858365913927014,1.0160387977551735,3.011235035671984e-6
1,14,OnlineFPCA-adagrad,0.1,2500,100,face,3,5,0.722582817077637,0.2145526668138511,0.4335923305724345,1.0255229850001344,0.0728797590533127,0.6567511559446771,1.0176911121549637,3.011235035671984e-6
1,14,OnlineFPCA-adagrad,0.1,2600,100,face,3,5,0.924548625946045,0.22091130333259096,0.4352927930325782,0.9493147006997742,0.07077031850669538,0.6244141348962774,1.0130689115902758,3.011235035671984e-6
1,14,OnlineFPCA-adagrad,0.1,2700,100,face,3,5,0.749169588088989,0.17594445964611172,0.5454203942191521,0.9070997144636984,0.07076117740107973,0.5930431274702012,1.0057997252523094,3.011235035671984e-6
1,14,OnlineFPCA-adagrad,0.1,2800,100,face,3,5,0.735596895217896,0.20279426189687316,0.5280302933918375,0.7415265590637377,0.06804670795843587,0.5683052769645369,0.9911263202963972,3.011235035671984e-6
1,14,OnlineFPCA-adagrad,0.1,2900,100,face,3,5,0.628013134002686,0.1807500699377113,0.4673695707544236,0.739449273613399,0.06035271942826782,0.541778516131225,0.966393187048303,2.292859503525753e-6
1,14,OnlineFPCA-adagrad,0.1,3000,100,face,3,5,0.612353086471558,0.22685847987461666,0.5065682420455013,0.700655971166028,0.05398852399747134,0.5183437828557107,0.9468138707172081,2.292859503525753e-6
1,14,OnlineFPCA-adagrad,0.1,3100,100,face,3,5,0.617844581604004,0.19586508935889865,0.4936119602916017,0.7320333682263078,0.05554584125084853,0.5006043340753025,0.9309100635200734,2.292859503525753e-6
1,14,OnlineFPCA-adagrad,0.1,3200,100,face,3,5,0.648032426834106,0.16593393140607265,0.43226011396487685,0.6607943346304551,0.05846081524116909,0.49151668359417156,0.9174514387731838,2.292859503525753e-6
1,14,OnlineFPCA-adagrad,0.1,3300,100,face,3,5,0.637421846389771,0.25744251950085795,0.3785810790131175,0.6284117388003275,0.06058161704608315,0.47764237822169925,0.8997239110597504,1.7875015825558648e-6
1,14,OnlineFPCA-adagrad,0.1,3400,100,face,3,5,0.6305992603302,0.1673338763975996,0.3354759429186306,0.5177767837223916,0.059621512111992944,0.4591256545439493,0.877423668226938,1.097632021538365e-6
1,14,OnlineFPCA-adagrad,0.1,3500,100,face,3,5,0.627547025680542,0.1567031371306149,0.29447178097271604,0.4735419583490598,0.06029122699258118,0.4414769484979578,0.856090791106493,8.643487786451018e-7
1,14,OnlineFPCA-adagrad,0.1,3600,100,face,3,5,0.678488254547119,0.15127359855286976,0.3133921651769585,0.4354513060166617,0.05966507558733476,0.4268403939812314,0.8358455037377017,6.838289662489099e-7
1,14,OnlineFPCA-adagrad,0.1,3700,100,face,3,5,0.755275249481201,0.23479389377467572,0.3387612977500194,0.4103692762089702,0.05674207791618114,0.4058144721188473,0.8036628070117655,4.318469989973661e-7
1,14,OnlineFPCA-adagrad,0.1,3800,100,face,3,5,0.707107543945312,0.20995439737874785,0.42435596173042084,0.45781891351486437,0.05471468221346177,0.38536438244244176,0.7705934206140377,2.750452619840289e-7
1,14,OnlineFPCA-adagrad,0.1,3900,100,face,3,5,0.71478533744812,0.36321453323594804,0.35253358302923365,0.41359256025967234,0.05328015151289572,0.3645241311301207,0.7393143231713778,2.2039738940411626e-7
1,14,OnlineFPCA-adagrad,0.1,4000,100,face,3,5,0.717197179794312,0.0577723265179048,0.3501690765944187,0.7154921870532414,0.0577723265179048,0.3501690765944187,0.7154921870532414,2.2039738940411626e-7
1,14,OnlineFPCA-adagrad,0.1,4100,100,face,3,5,0.684438943862915,0.23916310574975208,0.3049392112305589,0.7213058014311526,0.1828480612982757,0.29485352134798487,0.7273825966419687,2.2039738940411626e-7
1,14,OnlineFPCA-adagrad,0.1,4200,100,face,3,5,0.722789525985718,0.24927596046105746,0.39265960417040446,0.7804477610102291,0.1809866527901663,0.2740593170691928,0.7474983183903611,2.2039738940411626e-7
1,14,OnlineFPCA-adagrad,0.1,4300,100,face,3,5,0.851343870162964,0.19597978244949704,0.4123608563181024,0.6179186942988956,0.16785417917764653,0.29968338910356085,0.7312100886087892,1.457207292732615e-7
1,14,OnlineFPCA-adagrad,0.1,4400,100,face,3,5,0.678968191146851,0.28920829066953607,0.33678478578661897,0.7080914544952551,0.12335293628969968,0.2978427244892199,0.7148122502603247,1.1888115496029304e-7
1,14,OnlineFPCA-adagrad,0.1,4500,100,face,3,5,0.687945365905762,0.2182219410233942,0.37222228073716535,0.6320541583329476,0.10409373408700202,0.3055168597311218,0.7066825185295862,9.729366532259532e-8
1,14,OnlineFPCA-adagrad,0.1,4600,100,face,3,5,0.724403619766235,0.11021657978049908,0.3095283147499501,0.6191242128560243,0.08263481241118613,0.30194226833221105,0.688812869605301,6.556696395189148e-8
1,14,OnlineFPCA-adagrad,0.1,4700,100,face,3,5,0.681939363479614,0.16548941896105468,0.2849796373664748,0.5368899776670982,0.0635195056118371,0.29818845963350876,0.6704353139558051,6.556696395189148e-8
1,14,OnlineFPCA-adagrad,0.1,4800,100,face,3,5,0.710536003112793,0.04107162564655904,0.3620054594136319,0.4821157381348587,0.0528614993177516,0.2988000976304277,0.6474352622545566,5.413782655440081e-8
1,14,OnlineFPCA-adagrad,0.1,4900,100,face,3,5,0.688318014144897,0.17276889924560365,0.33089655815810887,0.5703945552293693,0.04352598687197121,0.29471878535749735,0.6301412681516911,4.482379005332967e-8
1,14,OnlineFPCA-adagrad,0.1,5000,100,face,3,5,0.680185556411743,0.1533393400315608,0.34645483719690523,0.5281851434372944,0.03978479680711698,0.28901327521974285,0.622270616355659,4.482379005332967e-8
1,14,OnlineFPCA-adagrad,0.1,5100,100,face,3,5,0.131341695785522,0.18559276051012882,0.23026086746699498,0.5017378313725817,0.042685496442421436,0.2848172878848721,0.6107318714888781,NA
1,14,OnlineFPCA-adagrad,0.1,5200,100,face,3,5,0.139628648757935,0.15863315139249262,0.2724102971910386,0.38002748090839866,0.04235350553566449,0.2760000548564583,0.5898063190410285,NA
1,14,OnlineFPCA-adagrad,0.1,5300,100,face,3,5,0.134490966796875,0.13495008336086625,0.3023057850802479,0.24433956445377195,0.04922555748255383,0.26520093127234257,0.5674169461311163,NA
1,14,OnlineFPCA-adagrad,0.1,5400,100,face,3,5,0.136815071105957,0.2727289685279499,0.2685263940151855,0.2552480405070048,0.04813488918473447,0.2543612300089551,0.5400870733734245,NA
1,14,OnlineFPCA-adagrad,0.1,5500,100,face,3,5,0.140236139297485,0.12032880859499265,0.24862084253847078,0.25268532007284633,0.04700433791292169,0.24590815436607266,0.5161414343642085,NA
1,14,OnlineFPCA-adagrad,0.1,5600,100,face,3,5,0.14686393737793,0.1729025641593834,0.1935867304153545,0.26721240732369567,0.04246697036608009,0.23941207028845932,0.4956828094146417,NA
1,14,OnlineFPCA-adagrad,0.1,5700,100,face,3,5,0.141948699951172,0.2067013093984561,0.17221263970431477,0.3512145581001107,0.04555456331192844,0.23409734033540078,0.47561460134787625,NA
1,14,OnlineFPCA-adagrad,0.1,5800,100,face,3,5,0.145272731781006,0.13901725563687525,0.24133767585958768,0.405935504819743,0.04445555752696011,0.23064122237277734,0.45963887551650445,NA
1,14,OnlineFPCA-adagrad,0.1,5900,100,face,3,5,0.141380071640015,0.23626826463564812,0.24498459368321374,0.41934909496555395,0.03976631847242984,0.22764979303219424,0.4467340079353777,NA
1,14,OnlineFPCA-adagrad,0.1,6000,100,face,3,5,0.141126394271851,0.17582061062174678,0.2775298433032643,0.43109568375647944,0.03887808543703424,0.2236450575959294,0.43732481681044594,NA
1,14,OnlineFPCA-adagrad,0.1,6100,100,face,3,5,0.348387002944946,0.12789316369646847,0.28712373972821137,0.3586629517956092,0.03973121830667527,0.2205213486918511,0.4270809126502523,NA
1,14,OnlineFPCA-adagrad,0.1,6200,100,face,3,5,0.137726068496704,0.15899239931472212,0.32611764458333936,0.3420257053203902,0.04202686758820596,0.22055747805689058,0.41736954033205376,NA
1,14,OnlineFPCA-adagrad,0.1,6300,100,face,3,5,0.140908479690552,0.20879782607932712,0.3824681905547655,0.257102339551644,0.0455956137681747,0.22286794039661945,0.40530559322061155,NA
1,14,OnlineFPCA-adagrad,0.1,6400,100,face,3,5,0.137802600860596,0.15041449268267992,0.3617038438898454,0.2524981465469855,0.04880573718171591,0.22635402095617327,0.39637709322865,NA
1,14,OnlineFPCA-adagrad,0.1,6500,100,face,3,5,0.142428159713745,0.18391644070078594,0.16479379483683534,0.37516739745859584,0.047819406066931164,0.2255678298210613,0.3908277745758785,NA
1,14,OnlineFPCA-adagrad,0.1,6600,100,face,3,5,0.150167465209961,0.14486913526774559,0.18277180478362043,0.33417510092847486,0.046921621937829595,0.22259951193187263,0.38664035233881516,NA
1,14,OnlineFPCA-adagrad,0.1,6700,100,face,3,5,0.141015291213989,0.19448830483362228,0.24940549404807827,0.3610113715660457,0.04864571203771335,0.2205496445869463,0.3830732275955269,NA
1,14,OnlineFPCA-adagrad,0.1,6800,100,face,3,5,0.13773250579834,0.22329090794143694,0.30495287301289814,0.3026003475848218,0.05193031378418414,0.218018235000738,0.378829412987719,NA
1,14,OnlineFPCA-adagrad,0.1,6900,100,face,3,5,0.145916223526001,0.26411924503693396,0.22425998782517376,0.3446255545324172,0.056173823679313374,0.21486109199891107,0.37295458575620283,NA
1,14,OnlineFPCA-adagrad,0.1,7000,100,face,3,5,0.146043062210083,0.18373450117637022,0.23366980589240088,0.40545241873987553,0.06008830532371499,0.2115736972594638,0.3659868276713745,NA
1,14,OnlineFPCA-adagrad,0.1,7100,100,face,3,5,0.142490148544312,0.22093047943720537,0.2380876698900498,0.3479052518589105,0.06185345670803432,0.20667267298290737,0.35870560399594253,NA
1,14,OnlineFPCA-adagrad,0.1,7200,100,face,3,5,0.154410123825073,0.2461060974392789,0.32734100524931875,0.35428719330286035,0.06418718991518042,0.2038275440802365,0.35344212267003167,NA
1,14,OnlineFPCA-adagrad,0.1,7300,100,face,3,5,0.149658203125,0.11141617904745259,0.23067611979630573,0.4287071633240142,0.06485549490926276,0.20108639614895957,0.3511375089247128,NA
1,14,OnlineFPCA-adagrad,0.1,7400,100,face,3,5,0.149887561798096,0.14533988002851317,0.28488865530672003,0.41054272402920183,0.06375050985386685,0.19966602523948473,0.34811837273866325,NA
1,14,OnlineFPCA-adagrad,0.1,7500,100,face,3,5,0.14192795753479,0.16636010399400258,0.34023618197217054,0.42044126311556046,0.0617351292589808,0.19960015848027046,0.3465576685835074,NA
1,14,OnlineFPCA-adagrad,0.1,7600,100,face,3,5,0.152787208557129,0.18358008172669513,0.26055507723589905,0.42256975737082086,0.05896575289503989,0.1996725307039414,0.3474507072206462,NA
1,14,OnlineFPCA-adagrad,0.1,7700,100,face,3,5,0.14201807975769,0.13505005781922083,0.1970460403762568,0.41097348636283687,0.056901691601145526,0.19966117657875762,0.3486439937416058,NA
1,14,OnlineFPCA-adagrad,0.1,7800,100,face,3,5,0.296831607818604,0.13676139957467573,0.1998054629001859,0.3796021939004513,0.05575065093126218,0.19883217059854633,0.34950776200516037,NA
1,14,OnlineFPCA-adagrad,0.1,7900,100,face,3,5,0.122917175292969,0.15088997682057706,0.1571831668629642,0.4185528731102909,0.05247447998818699,0.19706305751599432,0.348714520765327,NA
1,14,OnlineFPCA-adagrad,0.1,8000,100,face,3,5,0.125421524047852,0.1977173153805554,0.18871689778837936,0.4084757227164807,0.04943237720922711,0.19467423783809507,0.3495416390464358,NA
1,14,OnlineFPCA-adagrad,0.1,8100,100,face,3,5,0.136873006820679,0.16538209923038785,0.20989342644565623,0.3840204368508369,0.048074334848065295,0.192969135163548,0.3503691255419854,NA
1,14,OnlineFPCA-adagrad,0.1,8200,100,face,3,5,0.127748250961304,0.1419067714611059,0.18469635265679926,0.3191762545045265,0.049021947187406004,0.19077363864768956,0.3493702996215374,NA
1,14,OnlineFPCA-adagrad,0.1,8300,100,face,3,5,0.129763603210449,0.20275171496812233,0.16515060607771176,0.30214057819141354,0.05157399776306562,0.18971350209383817,0.34705005722580123,NA
1,14,OnlineFPCA-adagrad,0.1,8400,100,face,3,5,0.140952110290527,0.1519451063146516,0.19922420408835462,0.2819072401042323,0.0526189683884571,0.1883991193636511,0.3439120539069308,NA
1,14,OnlineFPCA-adagrad,0.1,8500,100,face,3,5,0.143664836883545,0.16507373696120076,0.15602528555411604,0.2729548620451271,0.05378636694204324,0.18542717615389956,0.34052538346235434,NA
1,14,OnlineFPCA-adagrad,0.1,8600,100,face,3,5,0.141863822937012,0.1416426432487769,0.12957097249434285,0.30298820472609433,0.05409920772754609,0.18220883417450218,0.3368484084676383,NA
1,14,OnlineFPCA-adagrad,0.1,8700,100,face,3,5,0.145658731460571,0.21154871695469624,0.2775732275744047,0.3255655108728787,0.052223073349308445,0.17700186347285599,0.33172016558634737,NA
1,14,OnlineFPCA-adagrad,0.1,8800,100,face,3,5,0.139569520950317,0.1827471818393479,0.3762166169547967,0.3932768956812325,0.05081683902526845,0.17098215580904247,0.32628765068226256,NA
1,14,OnlineFPCA-adagrad,0.1,8900,100,face,3,5,0.136746168136597,0.31440112501725387,0.32562466555817127,0.36411197948423596,0.04988120980994736,0.16556488557852206,0.3209105886706281,NA
1,14,OnlineFPCA-adagrad,0.1,9000,100,face,3,5,0.148696422576904,0.2543395697753847,0.29397037826150396,0.3802920789966004,0.051313324390995875,0.1597856294294675,0.3165044621732827,NA
1,14,OnlineFPCA-adagrad,0.1,9100,100,face,3,5,0.145869731903076,0.22827746225420578,0.18117019570737955,0.3896161448817237,0.0529553454853582,0.15502494435736783,0.3124738318571005,NA
1,14,OnlineFPCA-adagrad,0.1,9200,100,face,3,5,0.146537303924561,0.21986026662398722,0.27763178454832627,0.42467290548354264,0.05388351297998948,0.1511870979746301,0.30932874634236796,NA
1,14,OnlineFPCA-adagrad,0.1,9300,100,face,3,5,0.144576787948608,0.14803975726816201,0.3084653137612439,0.35660908034377936,0.05341114048010145,0.15019858818269366,0.3065113075220317,NA
1,14,OnlineFPCA-adagrad,0.1,9400,100,face,3,5,0.141151189804077,0.23136264904945836,0.25312732876990424,0.24897244938468635,0.05181194082496106,0.14935089772647125,0.3031486996485369,NA
1,14,OnlineFPCA-adagrad,0.1,9500,100,face,3,5,0.325433731079102,0.15559204122205247,0.2762622321721724,0.31330506168655076,0.05168615803585526,0.14948230009819072,0.2998152624703715,NA
1,14,OnlineFPCA-adagrad,0.1,9600,100,face,3,5,0.144594192504883,0.09466639358132736,0.20927127635327258,0.35927575372477555,0.05145295037400012,0.14898358797033917,0.2969361057910752,NA
1,14,OnlineFPCA-adagrad,0.1,9700,100,face,3,5,0.131117582321167,0.13784411396993473,0.22175951491962312,0.23872955716842534,0.050633796139095084,0.14869144938823328,0.2938852563377065,NA
1,14,OnlineFPCA-adagrad,0.1,9800,100,face,3,5,0.143329381942749,0.05153065906013868,0.27093808691544896,0.28702183657395963,0.050085286288968495,0.14932766477866397,0.2903059295763241,NA
1,14,OnlineFPCA-adagrad,0.1,9900,100,face,3,5,0.14406943321228,0.13104259737423077,0.22475888880451458,0.3001231145121993,0.04955507191639606,0.14970061713265095,0.2862646741428754,NA
1,14,OnlineFPCA-adagrad,0.1,10000,100,face,3,5,0.128742694854736,0.10114371199103163,0.2560275900198938,0.28536926186795963,0.04898172305874267,0.1497204054296667,0.2837311665969693,NA
1,14,OnlineFPCA-adagrad,0.1,10100,100,face,3,5,0.136224746704102,0.15030253998625326,0.16929483674126164,0.25122272889506475,0.04867861793948687,0.14962060622337042,0.28122528181656004,NA
1,14,OnlineFPCA-adagrad,0.1,10200,100,face,3,5,0.135017871856689,0.13457539897447682,0.15580504375769047,0.18586333907804664,0.048087872403332003,0.1486612031716654,0.2777230001965651,NA
1,14,OnlineFPCA-adagrad,0.1,10300,100,face,3,5,0.148114442825317,0.11329246085760727,0.25040993484113294,0.1328353721817366,0.04859133330825155,0.14728536145814308,0.2739921631101171,NA
1,14,OnlineFPCA-adagrad,0.1,10400,100,face,3,5,0.145140647888184,0.22434356266083574,0.2130060672363401,0.10218841652423329,0.04872493384749256,0.14580875003862948,0.2697437472752638,NA
1,14,OnlineFPCA-adagrad,0.1,10500,100,face,3,5,0.145934343338013,0.09705634639181843,0.18158810064464592,0.1532467950911392,0.048924470869400306,0.14444717275317673,0.26533135953546744,NA
1,14,OnlineFPCA-adagrad,0.1,10600,100,face,3,5,0.140499830245972,0.1548326756286856,0.14204755510223765,0.20572795347436806,0.048866284932596635,0.14325935513365443,0.26227788018606296,NA
1,14,OnlineFPCA-adagrad,0.1,10700,100,face,3,5,0.164851427078247,0.17638206871919293,0.12348330138684058,0.25560569211659734,0.04941841155222501,0.14224415609967553,0.2594074193691729,NA
1,14,OnlineFPCA-adagrad,0.1,10800,100,face,3,5,0.148516178131104,0.1226841514600704,0.20356037792621365,0.27051011740888997,0.049198688775547894,0.14161490296123874,0.2574613958780327,NA
1,14,OnlineFPCA-adagrad,0.1,10900,100,face,3,5,0.141620874404907,0.18728715157463566,0.21425037638371466,0.31498075634192785,0.0482510729507051,0.14101035700312237,0.2551335460337068,NA
1,14,OnlineFPCA-adagrad,0.1,11000,100,face,3,5,0.150449991226196,0.1637486024514831,0.23858345719579277,0.31826116289406314,0.047242250536210006,0.14068063047884688,0.2536724867548778,NA
1,14,OnlineFPCA-adagrad,0.1,11100,100,face,3,5,0.149357795715332,0.12433279606118787,0.2484527847633194,0.2518393659237568,0.04652959624886019,0.14058034692706603,0.25166908786806064,NA
1,14,OnlineFPCA-adagrad,0.1,11200,100,face,3,5,0.141724109649658,0.13278605324733633,0.27941724180534006,0.2777051372685076,0.04685625277711896,0.1411549345566642,0.25007243845611493,NA
1,14,OnlineFPCA-adagrad,0.1,11300,100,face,3,5,0.336975336074829,0.18023768234267254,0.33983879745209405,0.19329923879034902,0.047157948268459496,0.14234374049890575,0.24768534706634907,NA
1,14,OnlineFPCA-adagrad,0.1,11400,100,face,3,5,0.146233558654785,0.14383731119248547,0.31260696271626787,0.18026431563203668,0.04722045055774842,0.14374650345688547,0.2454934204697752,NA
1,14,OnlineFPCA-adagrad,0.1,11500,100,face,3,5,0.148113012313843,0.14824547565459723,0.15497694889216337,0.19057670579819702,0.04698161951852953,0.1441074647351056,0.24370019421302053,NA
1,14,OnlineFPCA-adagrad,0.1,11600,100,face,3,5,0.150664806365967,0.11117330233392841,0.14067987245522418,0.1867759472887209,0.04678988118216292,0.14375474048278328,0.24240071936393523,NA
1,14,OnlineFPCA-adagrad,0.1,11700,100,face,3,5,0.141331672668457,0.15285544626821956,0.2165443371414012,0.2265989782666503,0.04730432277835278,0.14365481226932433,0.24150466165169554,NA
1,14,OnlineFPCA-adagrad,0.1,11800,100,face,3,5,0.14400839805603,0.1833247843721142,0.25993937018032814,0.2296592787608568,0.04839464492535741,0.1433831729061271,0.24043026554343386,NA
1,14,OnlineFPCA-adagrad,0.1,11900,100,face,3,5,0.154597043991089,0.2101654849604561,0.1879811089768258,0.28368349211929,0.0498828020061499,0.14272630079002235,0.23941654412581193,NA
1,14,OnlineFPCA-adagrad,0.1,12000,100,face,3,5,0.13665509223938,0.15735525075837162,0.19273072610800976,0.3620998772583899,0.051482237987346,0.14202996744506965,0.23850237988409345,NA
1,14,OnlineFPCA-adagrad,0.1,12100,100,face,3,5,0.155437707901001,0.18828004762239717,0.18756051174640664,0.2811481203096649,0.0523153391753938,0.1408100415363414,0.23740563780420795,NA
1,14,OnlineFPCA-adagrad,0.1,12200,100,face,3,5,0.125792264938354,0.22244374003949158,0.2649406144683681,0.2787674989142237,0.05316364598954297,0.1401457510374355,0.23655984244036815,NA
1,14,OnlineFPCA-adagrad,0.1,12300,100,face,3,5,0.124284267425537,0.1022976426191224,0.19830845998689117,0.30803484580851703,0.05340316895752871,0.1395686716712267,0.23638374200875373,NA
1,14,OnlineFPCA-adagrad,0.1,12400,100,face,3,5,0.140240907669067,0.12036702959692912,0.25698375923527966,0.29338442382941793,0.053321579689471786,0.13944166785256792,0.2359216618450882,NA
1,14,OnlineFPCA-adagrad,0.1,12500,100,face,3,5,0.129695892333984,0.1450789162073759,0.2981790744877501,0.28307532125079465,0.05303864305923476,0.1398920957375254,0.23559875366823452,NA
1,14,OnlineFPCA-adagrad,0.1,12600,100,face,3,5,0.124326229095459,0.1538530678557911,0.23171004817315882,0.26562994887714,0.05253765804890497,0.1402430719359885,0.23568043462195648,NA
1,14,OnlineFPCA-adagrad,0.1,12700,100,face,3,5,0.138318538665771,0.11476405573793907,0.1635249921035828,0.2800691029236211,0.05202788868515613,0.1405024805382216,0.23588885114066635,NA
1,14,OnlineFPCA-adagrad,0.1,12800,100,face,3,5,0.130975246429443,0.10246308574126808,0.14601410486198724,0.2767110976532289,0.05159373806805557,0.14049937056919462,0.2362965640870369,NA
1,14,OnlineFPCA-adagrad,0.1,12900,100,face,3,5,0.139898300170898,0.12325375464770857,0.12645617307102575,0.3088871404716479,0.05053864779516821,0.14006285737075866,0.23640463746808446,NA
1,14,OnlineFPCA-adagrad,0.1,13000,100,face,3,5,0.323339700698853,0.16017145270882727,0.13265987376300661,0.3081408997909812,0.0492424102123818,0.1393802215979452,0.23687180012570136,NA
1,14,OnlineFPCA-adagrad,0.1,13100,100,face,3,5,0.141367673873901,0.1482217989630258,0.1499127507348448,0.29210682648702385,0.048315531756035084,0.1388704415286549,0.23728614608039186,NA
1,14,OnlineFPCA-adagrad,0.1,13200,100,face,3,5,0.141711711883545,0.12255550122412154,0.14035108175406116,0.23975419727348965,0.048299120111000425,0.13813065797451174,0.23681191349333852,NA
1,14,OnlineFPCA-adagrad,0.1,13300,100,face,3,5,0.136040925979614,0.16499623845366793,0.12982578886905835,0.2165599598849404,0.04915722442600686,0.1378067254738405,0.2359058702957398,NA
1,14,OnlineFPCA-adagrad,0.1,13400,100,face,3,5,0.135225772857666,0.13185645694256282,0.1565833408118747,0.21988831831769923,0.04977733349647935,0.1374715605311999,0.2350151581834572,NA
1,14,OnlineFPCA-adagrad,0.1,13500,100,face,3,5,0.138506889343262,0.15357093609172504,0.1283085516029155,0.21028888344762056,0.05046508855545897,0.136458901562881,0.23402170285486038,NA
1,14,OnlineFPCA-adagrad,0.1,13600,100,face,3,5,0.15744161605835,0.12403892098126094,0.09800845606668922,0.2551544849207396,0.05073583334497464,0.13530384345538365,0.23305501172380771,NA
1,14,OnlineFPCA-adagrad,0.1,13700,100,face,3,5,0.139890909194946,0.18308621904220906,0.23282275745129638,0.2791436209979731,0.050328615404265524,0.13323009583216275,0.23206780329793303,NA
1,14,OnlineFPCA-adagrad,0.1,13800,100,face,3,5,0.137556314468384,0.17029001599212995,0.32443120544890863,0.34194106898667875,0.04996063023873241,0.13081136736785143,0.23118380720798506,NA
1,14,OnlineFPCA-adagrad,0.1,13900,100,face,3,5,0.141509294509888,0.27957967989771604,0.2861170543732635,0.31438665393697157,0.04968199410082648,0.12871955615976557,0.23033740618994109,NA
1,14,OnlineFPCA-adagrad,0.1,14000,100,face,3,5,0.14260196685791,0.24785582988983745,0.255735424787317,0.3196693915446679,0.05035003431398347,0.1263537571635428,0.22972058994361239,NA
1,14,OnlineFPCA-adagrad,0.1,14100,100,face,3,5,0.136390924453735,0.21137428640250644,0.17282676284283582,0.3260960986837821,0.051111639537563,0.12454811901050754,0.22900329789522725,NA
1,14,OnlineFPCA-adagrad,0.1,14200,100,face,3,5,0.147692918777466,0.19467788393191393,0.24527804596333594,0.34922105433555073,0.05152725416785856,0.12313089653208995,0.22839576214357482,NA
1,14,OnlineFPCA-adagrad,0.1,14300,100,face,3,5,0.130143404006958,0.12260777835640636,0.2589535204093744,0.3075050263591865,0.0512752078275397,0.1231474403459835,0.2278525874767772,NA
1,14,OnlineFPCA-adagrad,0.1,14400,100,face,3,5,0.128017902374268,0.1947361316719016,0.22150285277683252,0.2006956128543061,0.050546719300749575,0.12306455400449769,0.2269160023406982,NA
1,14,OnlineFPCA-adagrad,0.1,14500,100,face,3,5,0.137883186340332,0.12821184649104334,0.2469859200690248,0.2611779924133258,0.05039163358609516,0.12331243116756063,0.2258842547724299,NA
1,14,OnlineFPCA-adagrad,0.1,14600,100,face,3,5,0.125022411346436,0.08022158538603483,0.19360481038432142,0.3020056075053317,0.05027597974548388,0.12321818907045175,0.2250584024212125,NA
1,14,OnlineFPCA-adagrad,0.1,14700,100,face,3,5,0.147148370742798,0.12458829086348482,0.20892739493795714,0.21430394550306944,0.04991823184664952,0.12327319172482279,0.22417205987818536,NA
1,14,OnlineFPCA-adagrad,0.1,14800,100,face,3,5,0.36728572845459,0.05294719416927908,0.25213877457084644,0.2677590984533994,0.049677410570893865,0.12383779307209296,0.2231540969627784,NA
1,14,OnlineFPCA-adagrad,0.1,14900,100,face,3,5,0.140431642532349,0.11086554206255096,0.21266127458459866,0.27446157822796097,0.04943639379038844,0.1242699534452635,0.2219003443715363,NA
1,14,OnlineFPCA-adagrad,0.1,15000,100,face,3,5,0.146177291870117,0.08041765297989917,0.24444207743292468,0.26271984921458674,0.049162098578547725,0.12456280233747653,0.22121225382843068,NA
1,14,OnlineCov,NA,100,NA,NA,3,NA,4.11879444122314,0.2061012688528471,0.2563376750315615,0.6177775521150017,0.2061012688528471,0.2563376750315615,0.6177775521150017,NA
1,14,OnlineCov,NA,200,NA,NA,3,NA,4.3868305683136,0.18779537308085684,0.22667956688027754,0.6096487080307973,0.18779537308085684,0.22667956688027754,0.6096487080307973,NA
1,14,OnlineCov,NA,300,NA,NA,3,NA,4.48547720909119,0.1446730954188906,0.2270449951208084,0.41666683284271666,0.1446730954188906,0.2270449951208084,0.41666683284271666,NA
1,14,OnlineCov,NA,400,NA,NA,3,NA,4.14370608329773,0.14919904068926076,0.1948291539245197,0.4471515000077414,0.14919904068926076,0.1948291539245197,0.4471515000077414,NA
1,14,OnlineCov,NA,500,NA,NA,3,NA,3.84668517112732,0.08670070052382982,0.16771124635987314,0.3313254296896024,0.08670070052382982,0.16771124635987314,0.3313254296896024,NA
1,14,OnlineCov,NA,600,NA,NA,3,NA,4.40866637229919,0.06948307178589841,0.15816906130592254,0.3254907102013459,0.06948307178589841,0.15816906130592254,0.3254907102013459,NA
1,14,OnlineCov,NA,700,NA,NA,3,NA,3.51336932182312,0.07727521704494392,0.17721715430165264,0.2661777835246905,0.07727521704494392,0.17721715430165264,0.2661777835246905,NA
1,14,OnlineCov,NA,800,NA,NA,3,NA,4.02595067024231,0.07020189029756287,0.13733988351187115,0.15408232060697416,0.07020189029756287,0.13733988351187115,0.15408232060697416,NA
1,14,OnlineCov,NA,900,NA,NA,3,NA,3.98027205467224,0.052949817516003264,0.16872168108125424,0.3776633520149236,0.052949817516003264,0.16872168108125424,0.3776633520149236,NA
1,14,OnlineCov,NA,1000,NA,NA,3,NA,4.06363916397095,0.05484788898546323,0.1789804412758068,0.5217811411866183,0.05484788898546323,0.1789804412758068,0.5217811411866183,NA
1,14,OnlineCov,NA,1100,NA,NA,3,NA,4.19723558425903,0.06534467592922306,0.1654851698490564,0.4239429313141857,0.06534467592922306,0.1654851698490564,0.4239429313141857,NA
1,14,OnlineCov,NA,1200,NA,NA,3,NA,4.47244358062744,0.05595068555529542,0.1831676229946851,0.3814089956374667,0.05595068555529542,0.1831676229946851,0.3814089956374667,NA
1,14,OnlineCov,NA,1300,NA,NA,3,NA,4.26199126243591,0.06181719015195398,0.22928678982527792,0.3093505510053513,0.06181719015195398,0.22928678982527792,0.3093505510053513,NA
1,14,OnlineCov,NA,1400,NA,NA,3,NA,3.73169422149658,0.05850206441350542,0.2166208450548631,0.24078678779579038,0.05850206441350542,0.2166208450548631,0.24078678779579038,NA
1,14,OnlineCov,NA,1500,NA,NA,3,NA,4.05749535560608,0.05438526593438868,0.1719604116500593,0.15727028937491194,0.05438526593438868,0.1719604116500593,0.15727028937491194,NA
1,14,OnlineCov,NA,1600,NA,NA,3,NA,3.95262360572815,0.042451802464555634,0.14643456907790853,0.19902842485140967,0.042451802464555634,0.14643456907790853,0.19902842485140967,NA
1,14,OnlineCov,NA,1700,NA,NA,3,NA,3.68570280075073,0.03895339243198781,0.21868418617991997,0.27271324007587744,0.03895339243198781,0.21868418617991997,0.27271324007587744,NA
1,14,OnlineCov,NA,1800,NA,NA,3,NA,4.24090123176575,0.038654572993473676,0.2191160803076943,0.28532989128900416,0.038654572993473676,0.2191160803076943,0.28532989128900416,NA
1,14,OnlineCov,NA,1900,NA,NA,3,NA,4.49374604225159,0.04603636970755425,0.13316252786933122,0.4830242351742215,0.04603636970755425,0.13316252786933122,0.4830242351742215,NA
1,14,OnlineCov,NA,2000,NA,NA,3,NA,4.77166342735291,0.05000704045774756,0.08398453008997567,0.5762206744510437,0.05000704045774756,0.08398453008997567,0.5762206744510437,NA
1,14,OnlineCov,NA,2100,NA,NA,3,NA,4.0608069896698,0.048689874472982717,0.06838219277593519,0.44360007033037285,0.048689874472982717,0.06838219277593519,0.44360007033037285,NA
1,14,OnlineCov,NA,2200,NA,NA,3,NA,4.21813106536865,0.05290866650885587,0.05248001315613729,0.36383304629662766,0.05290866650885587,0.05248001315613729,0.36383304629662766,NA
1,14,OnlineCov,NA,2300,NA,NA,3,NA,3.8243522644043,0.05148716938124968,0.04767002470777211,0.2829559069312784,0.05148716938124968,0.04767002470777211,0.2829559069312784,NA
1,14,OnlineCov,NA,2400,NA,NA,3,NA,4.4942524433136,0.04168731293767082,0.049428925174412976,0.29616464260869085,0.04168731293767082,0.049428925174412976,0.29616464260869085,NA
1,14,OnlineCov,NA,2500,NA,NA,3,NA,4.08962202072144,0.043048050739250214,0.04779920305831557,0.20753594019573737,0.043048050739250214,0.04779920305831557,0.20753594019573737,NA
1,14,OnlineCov,NA,2600,NA,NA,3,NA,3.85716509819031,0.043669644568779524,0.05341465094224457,0.17528839254177284,0.043669644568779524,0.05341465094224457,0.17528839254177284,NA
1,14,OnlineCov,NA,2700,NA,NA,3,NA,4.34766840934753,0.0481428461477123,0.08783459332964477,0.18610724434328046,0.0481428461477123,0.08783459332964477,0.18610724434328046,NA
1,14,OnlineCov,NA,2800,NA,NA,3,NA,3.82850360870361,0.04083995757974339,0.09755208123874098,0.1635672826842092,0.04083995757974339,0.09755208123874098,0.1635672826842092,NA
1,14,OnlineCov,NA,2900,NA,NA,3,NA,4.19996786117554,0.03927327214721502,0.0920084476036723,0.16080701249888768,0.03927327214721502,0.0920084476036723,0.16080701249888768,NA
1,14,OnlineCov,NA,3000,NA,NA,3,NA,4.47406554222107,0.03616883616196539,0.1270210805165089,0.16547824108871498,0.03616883616196539,0.1270210805165089,0.16547824108871498,NA
1,14,OnlineCov,NA,3100,NA,NA,3,NA,4.02176189422607,0.03791239285850612,0.12822593724545134,0.14844632264738422,0.03791239285850612,0.12822593724545134,0.14844632264738422,NA
1,14,OnlineCov,NA,3200,NA,NA,3,NA,4.54511475563049,0.04171044563924857,0.13404144148675015,0.1481895584092834,0.04171044563924857,0.13404144148675015,0.1481895584092834,NA
1,14,OnlineCov,NA,3300,NA,NA,3,NA,4.24612641334534,0.044963527138611056,0.10581999659532546,0.13543404632402004,0.044963527138611056,0.10581999659532546,0.13543404632402004,NA
1,14,OnlineCov,NA,3400,NA,NA,3,NA,3.92159342765808,0.045080300161444764,0.09576167148969321,0.11969160361623148,0.045080300161444764,0.09576167148969321,0.11969160361623148,NA
1,14,OnlineCov,NA,3500,NA,NA,3,NA,3.9560923576355,0.04506443785640802,0.09476166480397374,0.13753631105832864,0.04506443785640802,0.09476166480397374,0.13753631105832864,NA
1,14,OnlineCov,NA,3600,NA,NA,3,NA,4.24581503868103,0.039652875695410573,0.08069004545477028,0.14994886391613357,0.039652875695410573,0.08069004545477028,0.14994886391613357,NA
1,14,OnlineCov,NA,3700,NA,NA,3,NA,4.08140897750854,0.03981370241952293,0.059783386958523616,0.1308996109133952,0.03981370241952293,0.059783386958523616,0.1308996109133952,NA
1,14,OnlineCov,NA,3800,NA,NA,3,NA,4.22332763671875,0.03767128296681632,0.04700447930221511,0.14284895144882445,0.03767128296681632,0.04700447930221511,0.14284895144882445,NA
1,14,OnlineCov,NA,3900,NA,NA,3,NA,4.14889001846313,0.04131985897633997,0.04417920948222196,0.13335115113252505,0.04131985897633997,0.04417920948222196,0.13335115113252505,NA
1,14,OnlineCov,NA,4000,NA,NA,3,NA,4.10293221473694,0.04443417666088447,0.04980950141942339,0.1381801840822077,0.04443417666088447,0.04980950141942339,0.1381801840822077,NA
1,14,OnlineCov,NA,4100,NA,NA,3,NA,4.44776058197021,0.0427957936777239,0.044058121487583916,0.14228056784585003,0.0427957936777239,0.044058121487583916,0.14228056784585003,NA
1,14,OnlineCov,NA,4200,NA,NA,3,NA,3.74010181427002,0.03870289543515569,0.03497078312720638,0.1425083119711042,0.03870289543515569,0.03497078312720638,0.1425083119711042,NA
1,14,OnlineCov,NA,4300,NA,NA,3,NA,4.3128387928009,0.0355034675179175,0.03661939237261701,0.1297871705140954,0.0355034675179175,0.03661939237261701,0.1297871705140954,NA
1,14,OnlineCov,NA,4400,NA,NA,3,NA,3.97578835487366,0.03857800640853512,0.05125906846004283,0.14565503823534073,0.03857800640853512,0.05125906846004283,0.14565503823534073,NA
1,14,OnlineCov,NA,4500,NA,NA,3,NA,4.04676008224487,0.03653916032926891,0.057223449381809094,0.1471546859346034,0.03653916032926891,0.057223449381809094,0.1471546859346034,NA
1,14,OnlineCov,NA,4600,NA,NA,3,NA,4.37962698936462,0.032251376016064134,0.05694537668162961,0.12605464879798048,0.032251376016064134,0.05694537668162961,0.12605464879798048,NA
1,14,OnlineCov,NA,4700,NA,NA,3,NA,3.48496794700623,0.025367101021562095,0.03910277945921281,0.13237405346320155,0.025367101021562095,0.03910277945921281,0.13237405346320155,NA
1,14,OnlineCov,NA,4800,NA,NA,3,NA,4.40124750137329,0.027472817092391803,0.0651740268463189,0.16043868118489327,0.027472817092391803,0.0651740268463189,0.16043868118489327,NA
1,14,OnlineCov,NA,4900,NA,NA,3,NA,4.116055727005,0.02752691342799871,0.07631590474226035,0.15350927755622323,0.02752691342799871,0.07631590474226035,0.15350927755622323,NA
1,14,OnlineCov,NA,5000,NA,NA,3,NA,3.6127758026123,0.02844606792374954,0.07397580668667483,0.1638821567765678,0.02844606792374954,0.07397580668667483,0.1638821567765678,NA
1,14,Batch-PACE,NA,5000,NA,NA,3,5000,7.23212504386902,0.028943905084376217,0.05281709560251075,0.11106545010652821,0.028943905084376217,0.05281709560251075,0.11106545010652821,NA
1,14,Batch-FACE,NA,5000,NA,NA,3,5000,69.2007558345795,0.02341813944879967,0.0666366475125031,0.11343195385990543,0.02341813944879967,0.0666366475125031,0.11343195385990543,NA
1,14,Batch-REML,NA,5000,NA,NA,3,5000,208.003946304321,0.03659247712114387,0.04803893041459306,0.12788134308529234,0.03659247712114387,0.04803893041459306,0.12788134308529234,NA
1,14,Batch-SOAP,NA,5000,NA,NA,3,5000,425.029040813446,0.06003140268870105,0.1445462922130557,0.12615718147918567,0.06003140268870105,0.1445462922130557,0.12615718147918567,NA
