noise,seed,Method,StepSize,N,Ninit,initMethod,npc,nBatch,Time,RMSEphi1,RMSEphi2,RMSEphi3,RMSEphi1.avg,RMSEphi2.avg,RMSEphi3.avg,tau
0.1,11,OnlineFPCA-sgd,0.1,0,100,face,3,5,1.97621488571167,0.2579884919657441,1.3832634278307743,1.3845506248678836,0.2579884919657441,1.3832634278307743,1.3845506248678836,1.0000000000000016e-5
0.1,11,OnlineFPCA-sgd,0.1,100,100,face,3,5,0.684749364852905,1.1927506143120863,1.2985479289304436,1.5087905348590218,NA,NA,NA,5.6234132519035e-7
0.1,11,OnlineFPCA-sgd,0.1,200,100,face,3,5,0.506472587585449,0.7557162620900861,1.2012231881841882,1.3855782997474935,NA,NA,NA,3.3072365455488284e-6
0.1,11,OnlineFPCA-sgd,0.1,300,100,face,3,5,0.471199750900269,0.5189058494072935,1.257950362370791,0.99979299108447,NA,NA,NA,1.25543455835315e-5
0.1,11,OnlineFPCA-sgd,0.1,400,100,face,3,5,0.482905626296997,0.6353981825758823,0.6813384654376052,0.7991906952455918,NA,NA,NA,4.218253274066912e-6
0.1,11,OnlineFPCA-sgd,0.1,500,100,face,3,5,0.650230646133423,0.9519949060936492,0.4016864657074502,0.6321412192246811,NA,NA,NA,1.0722518431521818e-5
0.1,11,OnlineFPCA-sgd,0.1,600,100,face,3,5,0.503167390823364,0.8430868424875658,0.37033459825415715,0.6145957895875671,NA,NA,NA,2.437336667796287e-5
0.1,11,OnlineFPCA-sgd,0.1,700,100,face,3,5,0.448771238327026,0.7327772455828141,0.36700595308392137,0.6210364319018752,NA,NA,NA,5.093972392224847e-5
0.1,11,OnlineFPCA-sgd,0.1,800,100,face,3,5,0.453677177429199,0.6259918050689444,0.35916469508440196,0.6184699685806837,NA,NA,NA,9.96849044092686e-5
0.1,11,OnlineFPCA-sgd,0.1,900,100,face,3,5,0.438667297363281,0.5059894095507933,0.3570554478549525,0.6148652845988605,NA,NA,NA,1.849809063331478e-4
0.1,11,OnlineFPCA-sgd,0.1,1000,100,face,3,5,0.450986385345459,0.4296547462376675,0.3527444927698072,0.5985461700784304,NA,NA,NA,1.849809063331478e-4
0.1,11,OnlineFPCA-sgd,0.1,1100,100,face,3,5,0.664228200912476,0.1872955894368053,0.21573378435954912,0.44450995893442175,0.18919770906218047,0.2645215982764469,0.46424919096526146,1.0809757389073656e-4
0.1,11,OnlineFPCA-sgd,0.1,1200,100,face,3,5,0.645584583282471,0.22874016995686522,0.18861500975909534,0.31465845986781615,0.16206826013584788,0.22601622922474784,0.4264523065045433,1.0809757389073656e-4
0.1,11,OnlineFPCA-sgd,0.1,1300,100,face,3,5,0.637249231338501,0.1718886065842195,0.18885757128129071,0.2950397415260259,0.13213202330549606,0.18534674702979667,0.38024890766273683,1.743326840006432e-4
0.1,11,OnlineFPCA-sgd,0.1,1400,100,face,3,5,0.654521465301514,0.7207564557530481,0.22764955342180979,0.4458604641187612,0.07428173249469515,0.17854909096676266,0.31883325115744376,1.1074111065868392e-4
0.1,11,OnlineFPCA-sgd,0.1,1500,100,face,3,5,0.640244245529175,0.18197911927122354,0.26560326167661474,0.2653533267774886,0.055375584052044693,0.15242043339961656,0.2861954273842166,1.706426119128956e-4
0.1,11,OnlineFPCA-sgd,0.1,1600,100,face,3,5,0.637429714202881,0.07051595788163462,0.17195904248045074,0.25801752093001157,0.04396606062396049,0.15047099206251377,0.2629473659553921,1.1287645772396231e-4
0.1,11,OnlineFPCA-sgd,0.1,1700,100,face,3,5,0.676131963729858,0.06983206685118785,0.16610243935296104,0.25718944200926436,0.032730636924585166,0.14974920432247557,0.25371410826907775,5.111519753858492e-5
0.1,11,OnlineFPCA-sgd,0.1,1800,100,face,3,5,0.662587404251099,0.06976337411892666,0.16398893393336275,0.25650074660751754,0.025165618743429173,0.14953418766739768,0.24826413601154565,2.3877609133078676e-5
0.1,11,OnlineFPCA-sgd,0.1,1900,100,face,3,5,0.633986949920654,0.07101286412692207,0.16099662741451645,0.24477447182878256,0.02174863842653642,0.14985907901421874,0.24333889397640035,1.65519699269667e-5
0.1,11,OnlineFPCA-sgd,0.1,2000,100,face,3,5,0.663838624954224,0.06949559834083051,0.15524206604842852,0.2626023267947786,0.019376090218370296,0.1498807769538976,0.2411251965221079,1.1623078884771449e-5
0.1,11,OnlineFPCA-sgd,0.1,2100,100,face,3,5,0.653808832168579,0.43117318408189287,0.29663322215991256,0.2715608503582962,0.019561766285973968,0.15094518475626215,0.23251997124439122,1.1623078884771449e-5
0.1,11,OnlineFPCA-sgd,0.1,2200,100,face,3,5,0.644503355026245,0.2503551710886459,0.16611390911329146,0.19945031609392222,0.026137447630736065,0.1537831529277356,0.2216290877529588,8.350287822353268e-6
0.1,11,OnlineFPCA-sgd,0.1,2300,100,face,3,5,0.63417911529541,0.26493738603925604,0.12556294395465023,0.33461770822713016,0.026211804392356097,0.15481467113261693,0.22518183685697243,4.398070143712218e-6
0.1,11,OnlineFPCA-sgd,0.1,2400,100,face,3,5,0.642756938934326,0.3507045332118502,0.18347853512520035,0.3609508752166383,0.022616863810305875,0.1500496994102826,0.23098185892353165,4.398070143712218e-6
0.1,11,OnlineFPCA-sgd,0.1,2500,100,face,3,5,0.641587018966675,0.235662654896924,0.3201612680068441,0.3458864894348587,0.02236064365887631,0.1479421191495185,0.23623539036330007,3.2503921563996778e-6
0.1,11,OnlineFPCA-sgd,0.1,2600,100,face,3,5,0.64682936668396,0.170717384355994,0.22423477862213972,0.26442672070887485,0.02418529907468327,0.14585477362499846,0.23691730754212925,3.2503921563996778e-6
0.1,11,OnlineFPCA-sgd,0.1,2700,100,face,3,5,0.633316993713379,0.07143716376422053,0.13753197239952847,0.2839011150736738,0.020344285940580617,0.14256932135328912,0.23494815535526187,3.2503921563996778e-6
0.1,11,OnlineFPCA-sgd,0.1,2800,100,face,3,5,0.807867527008057,0.2236633029778631,0.20226270468223648,0.20066267292768156,0.017945519137336025,0.13914193513527326,0.2323917482460083,1.8591490267314884e-6
0.1,11,OnlineFPCA-sgd,0.1,2900,100,face,3,5,0.636085271835327,0.18155127471525317,0.17591823891689182,0.17850554226919899,0.01315828897628784,0.13559534369396584,0.22868569393144084,1.0779032509382754e-6
0.1,11,OnlineFPCA-sgd,0.1,3000,100,face,3,5,0.64787745475769,0.16929858796546154,0.11862557681012725,0.26569626564381915,0.010277928310170936,0.13201240384936222,0.22387635007910256,8.26016048659541e-7
0.1,11,OnlineFPCA-sgd,0.1,3100,100,face,3,5,0.651806116104126,0.28832968686344446,0.10862426681901909,0.36911040321836286,0.015463170839441792,0.12866412330834948,0.22731488845870987,8.26016048659541e-7
0.1,11,OnlineFPCA-sgd,0.1,3200,100,face,3,5,0.629129409790039,0.3336351816631723,0.1743415028237566,0.3298285562967224,0.015292278704219711,0.12658446520704614,0.22934547497433774,4.966124650173548e-7
0.1,11,OnlineFPCA-sgd,0.1,3300,100,face,3,5,0.622807264328003,0.21439087379836982,0.16487535553685248,0.32170021541132016,0.01636754841645481,0.1250702747566371,0.22980906692440448,3.8715654656138866e-7
0.1,11,OnlineFPCA-sgd,0.1,3400,100,face,3,5,0.668000221252441,0.1584329647284221,0.1874639479704652,0.36389497874179993,0.017560242068992215,0.12430039553399565,0.2314996813139327,3.8715654656138866e-7
0.1,11,OnlineFPCA-sgd,0.1,3500,100,face,3,5,0.644408226013184,0.16188926302317977,0.13356604757155677,0.2446526267924114,0.020392354528026402,0.12231312857090292,0.23181847827338883,3.048729279014528e-7
0.1,11,OnlineFPCA-sgd,0.1,3600,100,face,3,5,0.659945249557495,0.2401645736196886,0.2734407232048149,0.3805395122534317,0.02489946107201421,0.12033393482865207,0.23069061994969162,3.048729279014528e-7
0.1,11,OnlineFPCA-sgd,0.1,3700,100,face,3,5,0.647881269454956,0.18501523023886535,0.1647805606316829,0.3162486080561318,0.024847993681820158,0.11968666260741738,0.23333522758960332,2.422758177031181e-7
0.1,11,OnlineFPCA-sgd,0.1,3800,100,face,3,5,0.661105871200562,0.20654679596319642,0.14976953649598926,0.259990934242215,0.024854406231296165,0.11801538888221652,0.23421211028755223,2.422758177031181e-7
0.1,11,OnlineFPCA-sgd,0.1,3900,100,face,3,5,0.631144285202026,0.21330892485441558,0.2793520061332453,0.3055876469818598,0.026021352583873933,0.11694477606717135,0.2338550273170558,2.422758177031181e-7
0.1,11,OnlineFPCA-sgd,0.1,4000,100,face,3,5,0.620911598205566,0.027032402834224957,0.11546922740756349,0.23265951544556485,0.027032402834224957,0.11546922740756349,0.23265951544556485,1.5678131723212199e-7
0.1,11,OnlineFPCA-sgd,0.1,4100,100,face,3,5,0.65137767791748,0.2656256690433907,0.25826454453001774,0.15971072134351055,0.07623455672156278,0.19594905797562484,0.1792068442582412,1.5678131723212199e-7
0.1,11,OnlineFPCA-sgd,0.1,4200,100,face,3,5,0.638919591903687,0.28850188675923505,0.16134258859919914,0.22676654291118903,0.05721760365130165,0.1633947913683982,0.17165175580425054,1.5678131723212199e-7
0.1,11,OnlineFPCA-sgd,0.1,4300,100,face,3,5,0.636691093444824,0.12643400603173302,0.14442140434437517,0.2397455506272596,0.03170124359544046,0.11986662907049148,0.17924045949385065,1.2748284706010374e-7
0.1,11,OnlineFPCA-sgd,0.1,4400,100,face,3,5,0.621198177337646,0.17483622253890702,0.29593399660677006,0.14881791819540746,0.0296000410153229,0.11679955260323943,0.1736548246356632,1.2748284706010374e-7
0.1,11,OnlineFPCA-sgd,0.1,4500,100,face,3,5,0.637730598449707,0.09704031183398681,0.23105389075996635,0.20873946059425877,0.043250897062556005,0.12740116303143423,0.15423271653447443,1.2748284706010374e-7
0.1,11,OnlineFPCA-sgd,0.1,4600,100,face,3,5,0.639732122421265,0.12211333312922566,0.18231465846637976,0.1985664636611711,0.034264057054848085,0.13094536267318782,0.14900258200618388,1.2748284706010374e-7
0.1,11,OnlineFPCA-sgd,0.1,4700,100,face,3,5,0.636479377746582,0.1255138938538826,0.28752960229568597,0.35260691057813454,0.03564012610188496,0.13297178806960627,0.16519007302967975,1.2748284706010374e-7
0.1,11,OnlineFPCA-sgd,0.1,4800,100,face,3,5,0.647572994232178,0.2436343190500232,0.34142116404371015,0.44907226989024907,0.03486679523562751,0.13628272127557461,0.1926833533135145,1.2748284706010374e-7
0.1,11,OnlineFPCA-sgd,0.1,4900,100,face,3,5,0.634176254272461,0.273010955723003,0.23519354873768317,0.29975383866115657,0.03380428226851205,0.1373288841604272,0.20422960226728729,1.2748284706010374e-7
0.1,11,OnlineFPCA-sgd,0.1,5000,100,face,3,5,0.670522928237915,0.2289463216024474,0.19273678441896158,0.2539922566796889,0.03262735682959119,0.13546655885476946,0.21363230056946364,1.2748284706010374e-7
0.1,11,OnlineFPCA-sgd,0.1,5100,100,face,3,5,0.13011622428894,0.21964263968923398,0.13927288238442193,0.29654868433969406,0.02826611218680256,0.1353851583194616,0.20693115916377341,NA
0.1,11,OnlineFPCA-sgd,0.1,5200,100,face,3,5,0.130926132202148,0.14660503554067414,0.12945689114303588,0.2694930531997168,0.027448823303208303,0.13450290931052702,0.19749707937519312,NA
0.1,11,OnlineFPCA-sgd,0.1,5300,100,face,3,5,0.129831790924072,0.09997540474732788,0.2559531612248494,0.26866146919066475,0.02897322134503366,0.1290127217988623,0.1956613635711983,NA
0.1,11,OnlineFPCA-sgd,0.1,5400,100,face,3,5,0.129889488220215,0.23840877854488118,0.19109055480173948,0.25373174098638446,0.03313510256153472,0.12221012367860415,0.19965302980567426,NA
0.1,11,OnlineFPCA-sgd,0.1,5500,100,face,3,5,0.130456924438477,0.275351271875941,0.13174621801639189,0.2717686052880688,0.03153613521112664,0.11842997331423268,0.2031081835204503,NA
0.1,11,OnlineFPCA-sgd,0.1,5600,100,face,3,5,0.135301113128662,0.10005150900000317,0.09863013063304053,0.27382253657667616,0.026464422846238723,0.11324284726086355,0.20533614600608296,NA
0.1,11,OnlineFPCA-sgd,0.1,5700,100,face,3,5,0.136401176452637,0.16753474324712342,0.1827233123452561,0.2417010946546343,0.023307556592290925,0.10842587381219924,0.20005338916901025,NA
0.1,11,OnlineFPCA-sgd,0.1,5800,100,face,3,5,0.129258871078491,0.07217171290198614,0.19943026888349424,0.19362557571835554,0.022186987365737605,0.10585208421888932,0.19688254483644313,NA
0.1,11,OnlineFPCA-sgd,0.1,5900,100,face,3,5,0.133707046508789,0.17343700500609455,0.1854901501367695,0.16763425342116756,0.022997877298166797,0.104490199840641,0.19313973859689337,NA
0.1,11,OnlineFPCA-sgd,0.1,6000,100,face,3,5,0.130808115005493,0.13684672047977184,0.18393827093040793,0.13648844861717765,0.022532659225496025,0.10127637616299177,0.18625922254176047,NA
0.1,11,OnlineFPCA-sgd,0.1,6100,100,face,3,5,0.136947631835938,0.1307711108217581,0.12817840275180828,0.1850627014609089,0.022006460770024754,0.09936339002347722,0.18098425919187153,NA
0.1,11,OnlineFPCA-sgd,0.1,6200,100,face,3,5,0.133917808532715,0.18935692961385006,0.16130472745509647,0.18590583762842341,0.019635121207432285,0.09622834009719879,0.17881942760508118,NA
0.1,11,OnlineFPCA-sgd,0.1,6300,100,face,3,5,0.133445501327515,0.09388966502268312,0.10933630238141397,0.29539702370470194,0.0181818246540269,0.0909675249225651,0.17938467215126813,NA
0.1,11,OnlineFPCA-sgd,0.1,6400,100,face,3,5,0.131685018539429,0.1704464407775325,0.13994577056410681,0.38057159855932726,0.016371170939552333,0.0856751095487497,0.18311869900242714,NA
0.1,11,OnlineFPCA-sgd,0.1,6500,100,face,3,5,0.143250703811646,0.09801049886212171,0.11922009876955297,0.3625640531362202,0.014044797945344639,0.08185379139595164,0.18860514908927486,NA
0.1,11,OnlineFPCA-sgd,0.1,6600,100,face,3,5,0.136963367462158,0.3064910459789074,0.14974389362912982,0.44305619071724955,0.013482686717544564,0.07994445046266933,0.19560626532107178,NA
0.1,11,OnlineFPCA-sgd,0.1,6700,100,face,3,5,0.132801532745361,0.11388451833850226,0.09902487567034587,0.32682685134676565,0.013146931576707164,0.07674892251239555,0.20235614947302288,NA
0.1,11,OnlineFPCA-sgd,0.1,6800,100,face,3,5,0.127148151397705,0.1372073706216004,0.1607671367791506,0.2977275760187463,0.011217422302070085,0.07123399977804831,0.20494601065414628,NA
0.1,11,OnlineFPCA-sgd,0.1,6900,100,face,3,5,0.134854555130005,0.10650720249661515,0.07546538786778699,0.21919421468393935,0.010401954137303751,0.06784932024431901,0.2037793764071314,NA
0.1,11,OnlineFPCA-sgd,0.1,7000,100,face,3,5,0.133600950241089,0.1579028832552881,0.19799648068376077,0.3406602536629992,0.010760617466841909,0.06536616529301296,0.20465523470819322,NA
0.1,11,OnlineFPCA-sgd,0.1,7100,100,face,3,5,0.133220195770264,0.2736736149946033,0.18976597317579427,0.24449212271392345,0.010071195311863427,0.06331002561117217,0.2049354870048806,NA
0.1,11,OnlineFPCA-sgd,0.1,7200,100,face,3,5,0.134637117385864,0.1606021399838389,0.15345851304094127,0.15767401194294284,0.011989970061484634,0.06164438155083446,0.1992948568290519,NA
0.1,11,OnlineFPCA-sgd,0.1,7300,100,face,3,5,0.130703926086426,0.24670930950768477,0.10894035223326753,0.24005801225139994,0.013577363965726032,0.06038849723237089,0.1966326907896449,NA
0.1,11,OnlineFPCA-sgd,0.1,7400,100,face,3,5,0.135194778442383,0.2829755612535151,0.15576393616094786,0.31904417510460786,0.011859270385115585,0.05798279637387765,0.19768019186120683,NA
0.1,11,OnlineFPCA-sgd,0.1,7500,100,face,3,5,0.136048793792725,0.18301617397943332,0.27406203010673463,0.28145656878543296,0.012453352875598084,0.058898267826584104,0.19925376390719163,NA
0.1,11,OnlineFPCA-sgd,0.1,7600,100,face,3,5,0.136567115783691,0.13665540125331713,0.22019394578768503,0.2928534384423165,0.013428931475828652,0.060156110476911634,0.20080201568830874,NA
0.1,11,OnlineFPCA-sgd,0.1,7700,100,face,3,5,0.132538557052612,0.06860042714624445,0.0687558990656955,0.31204749745125354,0.011987417313733923,0.059663035399028175,0.2021145419744816,NA
0.1,11,OnlineFPCA-sgd,0.1,7800,100,face,3,5,0.141600131988525,0.1815367952007824,0.18083335180656185,0.2637858346592462,0.011768319813274386,0.05881818774111354,0.20367360625064745,NA
0.1,11,OnlineFPCA-sgd,0.1,7900,100,face,3,5,0.134259462356567,0.1364883673295291,0.15214102542597666,0.21477532586428769,0.011723537272460975,0.057970453837824044,0.203052113880234,NA
0.1,11,OnlineFPCA-sgd,0.1,8000,100,face,3,5,0.138440608978271,0.13050337325881795,0.15200430730792122,0.20702758462153806,0.012078056049008525,0.05828107642743999,0.20105449611282403,NA
0.1,11,OnlineFPCA-sgd,0.1,8100,100,face,3,5,0.134397268295288,0.2308684819133521,0.12847119271616048,0.30135271923419477,0.011788404682905844,0.05840510624797592,0.2018165360946426,NA
0.1,11,OnlineFPCA-sgd,0.1,8200,100,face,3,5,0.134312629699707,0.2206007423092601,0.1670434532245921,0.24499871967718742,0.011555817237789095,0.05912005717796409,0.2012192530838108,NA
0.1,11,OnlineFPCA-sgd,0.1,8300,100,face,3,5,0.131938457489014,0.16875319504592295,0.08592528112847424,0.2596205778247348,0.011786943504260045,0.05893711290675881,0.20037652444454673,NA
0.1,11,OnlineFPCA-sgd,0.1,8400,100,face,3,5,0.136253118515015,0.1455972785276802,0.11486964169564584,0.3049092331005239,0.012375178540181051,0.059080751578484005,0.20071069834193245,NA
0.1,11,OnlineFPCA-sgd,0.1,8500,100,face,3,5,0.13377857208252,0.13935969738872597,0.11282690664375346,0.2130902235456861,0.012073429052244277,0.0583632148063359,0.20142368509601588,NA
0.1,11,OnlineFPCA-sgd,0.1,8600,100,face,3,5,0.134990692138672,0.21225467293045727,0.21628921485120034,0.29865989754412325,0.01286940215601826,0.05672211077845048,0.2008334880231214,NA
0.1,11,OnlineFPCA-sgd,0.1,8700,100,face,3,5,0.132684469223022,0.15490156983624936,0.11819770459029351,0.26689436686388446,0.012388640640382009,0.05549420036821851,0.20065867906881224,NA
0.1,11,OnlineFPCA-sgd,0.1,8800,100,face,3,5,0.134377241134644,0.1739435094514725,0.12671409126054017,0.2281502912122813,0.012033032614612117,0.05375145640821549,0.19978397117554764,NA
0.1,11,OnlineFPCA-sgd,0.1,8900,100,face,3,5,0.134669542312622,0.1217466466417915,0.20789831625884844,0.22016829257922685,0.012052919053519247,0.05403336639998731,0.19878709972066078,NA
0.1,11,OnlineFPCA-sgd,0.1,9000,100,face,3,5,0.135979890823364,0.11463322933224168,0.054763100818911066,0.12429254260785615,0.012237384340717318,0.054266176011906815,0.19800859106285035,NA
0.1,11,OnlineFPCA-sgd,0.1,9100,100,face,3,5,0.135221242904663,0.20801234464300475,0.19084208275215928,0.08385365830405879,0.01244626215931633,0.054962682938397435,0.19530820018748482,NA
0.1,11,OnlineFPCA-sgd,0.1,9200,100,face,3,5,0.130983591079712,0.2247306563329149,0.07008765382485752,0.16691859124916636,0.010936541018012358,0.05503531684903362,0.1932267379865423,NA
0.1,11,OnlineFPCA-sgd,0.1,9300,100,face,3,5,0.133549690246582,0.1275608729270073,0.09794368871363983,0.17788892814005292,0.010626956600541327,0.053018297838699616,0.19176168291928508,NA
0.1,11,OnlineFPCA-sgd,0.1,9400,100,face,3,5,0.13372015953064,0.12203333564601199,0.21116264641195784,0.11880225027805336,0.010115932258041067,0.05258643592808328,0.1905863963000008,NA
0.1,11,OnlineFPCA-sgd,0.1,9500,100,face,3,5,0.134576559066772,0.09276422821243246,0.18194390316896014,0.1393899039227187,0.010697025754726835,0.05292716755051529,0.18856383330652368,NA
0.1,11,OnlineFPCA-sgd,0.1,9600,100,face,3,5,0.135481119155884,0.0932670364302593,0.10930947148050564,0.1541474594788294,0.011256447855172129,0.05377296888472808,0.18670879372286742,NA
0.1,11,OnlineFPCA-sgd,0.1,9700,100,face,3,5,0.133358478546143,0.09018963017597043,0.1998166537700744,0.27770203433561574,0.011552361334500895,0.05413465063636396,0.18710032903486468,NA
0.1,11,OnlineFPCA-sgd,0.1,9800,100,face,3,5,0.13154149055481,0.19810196413947556,0.21039580466663238,0.3152317213119094,0.011265508524034023,0.05469250713172637,0.18867191044968137,NA
0.1,11,OnlineFPCA-sgd,0.1,9900,100,face,3,5,0.131860017776489,0.1921701131087571,0.1747875021924614,0.24561347857395494,0.011055172667689744,0.05331858613843028,0.18889873799425494,NA
0.1,11,OnlineFPCA-sgd,0.1,10000,100,face,3,5,0.133471250534058,0.1882936973180006,0.14533456914640594,0.1585668196204303,0.010960220517951477,0.053266460777126934,0.1894186828192447,NA
0.1,11,OnlineFPCA-sgd,0.1,10100,100,face,3,5,0.135100603103638,0.1605022393561284,0.09998590718021187,0.19946885409965245,0.010372289705277633,0.05410532666847981,0.18809441676448713,NA
0.1,11,OnlineFPCA-sgd,0.1,10200,100,face,3,5,0.133068323135376,0.11582764179753463,0.061034964562487665,0.1761687632664395,0.010726941281373123,0.05449177025563101,0.18610061074195305,NA
0.1,11,OnlineFPCA-sgd,0.1,10300,100,face,3,5,0.128953695297241,0.06780699016522866,0.19879945826298764,0.21768426861982332,0.010752909087958758,0.053093042297145066,0.1853582903100851,NA
0.1,11,OnlineFPCA-sgd,0.1,10400,100,face,3,5,0.13428783416748,0.18789932398219303,0.1690435459686085,0.22837875252142817,0.010777346945856133,0.05013829880170483,0.18591387998056927,NA
0.1,11,OnlineFPCA-sgd,0.1,10500,100,face,3,5,0.134855985641479,0.18044958763173932,0.10870097701837243,0.24773995414778197,0.009715962805413807,0.049190833139039464,0.1866808249156387,NA
0.1,11,OnlineFPCA-sgd,0.1,10600,100,face,3,5,0.138525724411011,0.07627328754289266,0.08964412928395227,0.24406832755863786,0.00954138095161362,0.049227326805882696,0.1872047942013905,NA
0.1,11,OnlineFPCA-sgd,0.1,10700,100,face,3,5,0.131814956665039,0.15203786062522504,0.13709549877415972,0.20938269690195682,0.00856035424574323,0.04928310090079887,0.1862990147508108,NA
0.1,11,OnlineFPCA-sgd,0.1,10800,100,face,3,5,0.13129997253418,0.07211184658165179,0.17675930299182546,0.20151526929391825,0.00871900947572228,0.05033309423719765,0.18576752539791588,NA
0.1,11,OnlineFPCA-sgd,0.1,10900,100,face,3,5,0.129928588867188,0.13908715603047908,0.1807069847112804,0.1730249739999268,0.009433631465874826,0.05163885670292403,0.18515319222997254,NA
0.1,11,OnlineFPCA-sgd,0.1,11000,100,face,3,5,0.142856121063232,0.1066988633918434,0.1640758286824102,0.16055605768387265,0.009376413356133139,0.0520213939112717,0.18360351287513307,NA
0.1,11,OnlineFPCA-sgd,0.1,11100,100,face,3,5,0.135247945785522,0.11007094901073712,0.13453817092969475,0.1939782511313901,0.009000217837531842,0.05241726022379282,0.18236209750887278,NA
0.1,11,OnlineFPCA-sgd,0.1,11200,100,face,3,5,0.133071184158325,0.1448549930221841,0.15487586012051863,0.18632182741565984,0.009054328696263785,0.052788810116298344,0.18191851383795848,NA
0.1,11,OnlineFPCA-sgd,0.1,11300,100,face,3,5,0.139776468276978,0.07332680693338084,0.13037706255585851,0.25042484899376033,0.008636343741235949,0.05299749796320901,0.18208869770935124,NA
0.1,11,OnlineFPCA-sgd,0.1,11400,100,face,3,5,0.136567115783691,0.16334853862759494,0.15583030254307742,0.3467452747563829,0.00836716209245071,0.052733378758187906,0.1831779658042301,NA
0.1,11,OnlineFPCA-sgd,0.1,11500,100,face,3,5,0.13735294342041,0.08933062259613371,0.13353370547009655,0.33514696892497153,0.00837798134887747,0.052820168194569445,0.1850274897713522,NA
0.1,11,OnlineFPCA-sgd,0.1,11600,100,face,3,5,0.145264148712158,0.2446085874353049,0.14215391977484018,0.4019527420275408,0.008835031847326178,0.05347415408844535,0.18725949773762005,NA
0.1,11,OnlineFPCA-sgd,0.1,11700,100,face,3,5,0.13460636138916,0.09236789847864016,0.10300423945135719,0.3208560653427304,0.008997164180668255,0.053503940354085185,0.1896017045308544,NA
0.1,11,OnlineFPCA-sgd,0.1,11800,100,face,3,5,0.131514549255371,0.11973399847635532,0.15571479259217066,0.30019438285349065,0.008753422527447041,0.05241512869997844,0.19092339110965661,NA
0.1,11,OnlineFPCA-sgd,0.1,11900,100,face,3,5,0.131390810012817,0.09473952544837212,0.09195929931326313,0.23413068414039018,0.008686242040699892,0.051949941976108714,0.19122784711857382,NA
0.1,11,OnlineFPCA-sgd,0.1,12000,100,face,3,5,0.143401622772217,0.1415357486750877,0.1741038970530461,0.3336734577489753,0.008893615204924956,0.052157294593423185,0.1921038691091042,NA
0.1,11,OnlineFPCA-sgd,0.1,12100,100,face,3,5,0.135928153991699,0.23445906737837915,0.17996783999809773,0.24124520835948024,0.009227384997253809,0.05252065388591357,0.19262005561664436,NA
0.1,11,OnlineFPCA-sgd,0.1,12200,100,face,3,5,0.135107755661011,0.13652096872809322,0.1607059738843807,0.17146587729732837,0.009895818006228602,0.052916407899534036,0.19105684012444657,NA
0.1,11,OnlineFPCA-sgd,0.1,12300,100,face,3,5,0.1339271068573,0.20400477478852552,0.12792253913546991,0.22612205190657664,0.010424901547464978,0.053242832196218226,0.1903753795673478,NA
0.1,11,OnlineFPCA-sgd,0.1,12400,100,face,3,5,0.132869958877563,0.24425518692645734,0.1432718193169657,0.28505120427853675,0.010223410980680669,0.0531276320272464,0.1907325257760964,NA
0.1,11,OnlineFPCA-sgd,0.1,12500,100,face,3,5,0.138823747634888,0.15660980693814547,0.24976881800528264,0.24123650027270643,0.010293316009783454,0.05418950769093876,0.1913330357060484,NA
0.1,11,OnlineFPCA-sgd,0.1,12600,100,face,3,5,0.142595291137695,0.1195903299543934,0.20908031930436172,0.2529704052076606,0.010909945010776087,0.05530315515681457,0.1917727959000757,NA
0.1,11,OnlineFPCA-sgd,0.1,12700,100,face,3,5,0.132511377334595,0.06779057687161154,0.08347480820543346,0.286602819179883,0.01042119907718605,0.0554633376313826,0.19220251428041812,NA
0.1,11,OnlineFPCA-sgd,0.1,12800,100,face,3,5,0.129913330078125,0.15820908884729587,0.16768549111224046,0.25204835845680584,0.010321997873073802,0.05548973674633725,0.19284251597422955,NA
0.1,11,OnlineFPCA-sgd,0.1,12900,100,face,3,5,0.138238906860352,0.10550953462804942,0.13285352691363375,0.21272503568978535,0.00993442886967624,0.055529795307235834,0.1927622242969547,NA
0.1,11,OnlineFPCA-sgd,0.1,13000,100,face,3,5,0.134544610977173,0.10339356046922177,0.1511599095022921,0.18790738430011975,0.009664957847466123,0.05612660473442903,0.19212507938028608,NA
0.1,11,OnlineFPCA-sgd,0.1,13100,100,face,3,5,0.137406349182129,0.19372411077490354,0.14011143470086532,0.2533801152511778,0.009776122346834228,0.056655442738391085,0.19221075545084643,NA
0.1,11,OnlineFPCA-sgd,0.1,13200,100,face,3,5,0.135875701904297,0.15869544306776465,0.16307909281788346,0.19782627471599024,0.009848848682601566,0.057277442289012666,0.19174150617395036,NA
0.1,11,OnlineFPCA-sgd,0.1,13300,100,face,3,5,0.135863542556763,0.15104758512322977,0.07750288376507589,0.2234727513397834,0.010118239317433388,0.05748284112852665,0.19115838473341185,NA
0.1,11,OnlineFPCA-sgd,0.1,13400,100,face,3,5,0.134534358978271,0.13666470730692284,0.10374103856055486,0.2690487047119695,0.010513853039387814,0.057771517390530464,0.19114546427244436,NA
0.1,11,OnlineFPCA-sgd,0.1,13500,100,face,3,5,0.138386011123657,0.1327275231476868,0.10658592966408853,0.1946015230919839,0.010689101859478946,0.05774539807115753,0.1913691178657115,NA
0.1,11,OnlineFPCA-sgd,0.1,13600,100,face,3,5,0.135720729827881,0.19041781799865132,0.19757491433214897,0.2557158855717117,0.01122610969302618,0.05721386858700182,0.19110655521570122,NA
0.1,11,OnlineFPCA-sgd,0.1,13700,100,face,3,5,0.132776498794556,0.13520629159381192,0.11208104016906219,0.23944428186466338,0.0110911060315333,0.05660532657031776,0.19102918590175594,NA
0.1,11,OnlineFPCA-sgd,0.1,13800,100,face,3,5,0.132253646850586,0.15577185444247818,0.13117289198511561,0.21750266197489887,0.010969420237427162,0.05575998571519339,0.19066133184262604,NA
0.1,11,OnlineFPCA-sgd,0.1,13900,100,face,3,5,0.135349988937378,0.09324918502850815,0.16433579188893305,0.19849193382161778,0.010904799854809298,0.05589714022578637,0.19009289164069357,NA
0.1,11,OnlineFPCA-sgd,0.1,14000,100,face,3,5,0.139520883560181,0.10293315888141805,0.05559750471734708,0.13661522106197316,0.010900894023863208,0.05599956334773916,0.18960399833124525,NA
0.1,11,OnlineFPCA-sgd,0.1,14100,100,face,3,5,0.138463258743286,0.1801456784328325,0.17165853810322151,0.09259981425108343,0.010966166212246319,0.05622701890488035,0.18836121523798985,NA
0.1,11,OnlineFPCA-sgd,0.1,14200,100,face,3,5,0.133622646331787,0.19842675232159063,0.05969324110478145,0.15712889654014886,0.010177280580814477,0.05627025791896913,0.18740085142809,NA
0.1,11,OnlineFPCA-sgd,0.1,14300,100,face,3,5,0.136526346206665,0.12464784735730933,0.0971714951318162,0.16769864432473097,0.010072262821074904,0.05544673717671458,0.1866947823309394,NA
0.1,11,OnlineFPCA-sgd,0.1,14400,100,face,3,5,0.133246660232544,0.10477329198344092,0.17058344335840228,0.11833820599635823,0.009713673134652913,0.05516856012263142,0.18612299590003903,NA
0.1,11,OnlineFPCA-sgd,0.1,14500,100,face,3,5,0.138916730880737,0.09118898930041681,0.1634193722353842,0.1157937300327937,0.009844830121166345,0.05516395473366081,0.1852416030858255,NA
0.1,11,OnlineFPCA-sgd,0.1,14600,100,face,3,5,0.137126684188843,0.07746476251204759,0.09366542398968744,0.14671125371981486,0.01017879274609963,0.05544798061386409,0.18437617668558043,NA
0.1,11,OnlineFPCA-sgd,0.1,14700,100,face,3,5,0.137397766113281,0.07320055235771478,0.16991765031245123,0.2487968153038019,0.010338457973087299,0.05560009789753116,0.18449177429155678,NA
0.1,11,OnlineFPCA-sgd,0.1,14800,100,face,3,5,0.130120277404785,0.18114270879403296,0.18423838334046677,0.27285855289632943,0.010186091535229222,0.05590576123060008,0.18505415036476475,NA
0.1,11,OnlineFPCA-sgd,0.1,14900,100,face,3,5,0.137480497360229,0.15537570497881945,0.16571527393250404,0.2263893177133177,0.010103806186074768,0.05523090063828827,0.18503789493389605,NA
0.1,11,OnlineFPCA-sgd,0.1,15000,100,face,3,5,0.136707305908203,0.1514936025107181,0.14280079800745057,0.1408282592774697,0.009993815060621686,0.05522565502494202,0.185149555381608,NA
0.1,11,OnlineFPCA-adagrad,0.1,0,100,face,3,5,1.97621488571167,0.2579884919657441,1.3832634278307743,1.3845506248678836,0.2579884919657441,1.3832634278307743,1.3845506248678836,1.0000000000000016e-5
0.1,11,OnlineFPCA-adagrad,0.1,100,100,face,3,5,0.468875408172607,1.1927506143120863,1.2985479289304436,1.5087905348590218,NA,NA,NA,5.6234132519035e-7
0.1,11,OnlineFPCA-adagrad,0.1,200,100,face,3,5,0.467445135116577,0.7557162620900861,1.2012231881841882,1.3855782997474935,NA,NA,NA,3.3072365455488284e-6
0.1,11,OnlineFPCA-adagrad,0.1,300,100,face,3,5,0.497025966644287,0.5189058494072935,1.257950362370791,0.99979299108447,NA,NA,NA,1.25543455835315e-5
0.1,11,OnlineFPCA-adagrad,0.1,400,100,face,3,5,0.467679262161255,0.6353981825758823,0.6813384654376052,0.7991906952455918,NA,NA,NA,4.218253274066912e-6
0.1,11,OnlineFPCA-adagrad,0.1,500,100,face,3,5,0.480014085769653,0.9519949060936492,0.4016864657074502,0.6321412192246811,NA,NA,NA,1.0722518431521818e-5
0.1,11,OnlineFPCA-adagrad,0.1,600,100,face,3,5,0.475081205368042,0.8430868424875658,0.37033459825415715,0.6145957895875671,NA,NA,NA,2.437336667796287e-5
0.1,11,OnlineFPCA-adagrad,0.1,700,100,face,3,5,0.483790397644043,0.7327772455828141,0.36700595308392137,0.6210364319018752,NA,NA,NA,5.093972392224847e-5
0.1,11,OnlineFPCA-adagrad,0.1,800,100,face,3,5,0.46697473526001,0.6259918050689444,0.35916469508440196,0.6184699685806837,NA,NA,NA,9.96849044092686e-5
0.1,11,OnlineFPCA-adagrad,0.1,900,100,face,3,5,0.482488632202148,0.5059894095507933,0.3570554478549525,0.6148652845988605,NA,NA,NA,1.849809063331478e-4
0.1,11,OnlineFPCA-adagrad,0.1,1000,100,face,3,5,0.473896741867065,0.4296547462376675,0.3527444927698072,0.5985461700784304,NA,NA,NA,1.849809063331478e-4
0.1,11,OnlineFPCA-adagrad,0.1,1100,100,face,3,5,0.659553527832031,0.1872955894368053,0.21573378435954912,0.44450995893442175,0.18919770906218047,0.2645215982764469,0.46424919096526146,1.0809757389073656e-4
0.1,11,OnlineFPCA-adagrad,0.1,1200,100,face,3,5,0.683043241500854,0.22874016995686522,0.18861500975909534,0.31465845986781615,0.16206826013584788,0.22601622922474784,0.4264523065045433,1.0809757389073656e-4
0.1,11,OnlineFPCA-adagrad,0.1,1300,100,face,3,5,0.654871225357056,0.1718886065842195,0.18885757128129071,0.2950397415260259,0.13213202330549606,0.18534674702979667,0.38024890766273683,1.743326840006432e-4
0.1,11,OnlineFPCA-adagrad,0.1,1400,100,face,3,5,0.691240072250366,0.7207564557530481,0.22764955342180979,0.4458604641187612,0.07428173249469515,0.17854909096676266,0.31883325115744376,1.1074111065868392e-4
0.1,11,OnlineFPCA-adagrad,0.1,1500,100,face,3,5,0.837931156158447,0.18197911927122354,0.26560326167661474,0.2653533267774886,0.055375584052044693,0.15242043339961656,0.2861954273842166,1.706426119128956e-4
0.1,11,OnlineFPCA-adagrad,0.1,1600,100,face,3,5,0.651532411575317,0.07051595788163462,0.17195904248045074,0.25801752093001157,0.04396606062396049,0.15047099206251377,0.2629473659553921,1.1287645772396231e-4
0.1,11,OnlineFPCA-adagrad,0.1,1700,100,face,3,5,0.659199237823486,0.06983206685118785,0.16610243935296104,0.25718944200926436,0.032730636924585166,0.14974920432247557,0.25371410826907775,5.111519753858492e-5
0.1,11,OnlineFPCA-adagrad,0.1,1800,100,face,3,5,0.665590047836304,0.06976337411892666,0.16398893393336275,0.25650074660751754,0.025165618743429173,0.14953418766739768,0.24826413601154565,2.3877609133078676e-5
0.1,11,OnlineFPCA-adagrad,0.1,1900,100,face,3,5,0.654406547546387,0.07101286412692207,0.16099662741451645,0.24477447182878256,0.02174863842653642,0.14985907901421874,0.24333889397640035,1.65519699269667e-5
0.1,11,OnlineFPCA-adagrad,0.1,2000,100,face,3,5,0.664543151855469,0.06949559834083051,0.15524206604842852,0.2626023267947786,0.019376090218370296,0.1498807769538976,0.2411251965221079,1.1623078884771449e-5
0.1,11,OnlineFPCA-adagrad,0.1,2100,100,face,3,5,0.654666423797607,0.43117318408189287,0.29663322215991256,0.2715608503582962,0.019561766285973968,0.15094518475626215,0.23251997124439122,1.1623078884771449e-5
0.1,11,OnlineFPCA-adagrad,0.1,2200,100,face,3,5,0.672306060791016,0.2503551710886459,0.16611390911329146,0.19945031609392222,0.026137447630736065,0.1537831529277356,0.2216290877529588,8.350287822353268e-6
0.1,11,OnlineFPCA-adagrad,0.1,2300,100,face,3,5,0.656917810440063,0.26493738603925604,0.12556294395465023,0.33461770822713016,0.026211804392356097,0.15481467113261693,0.22518183685697243,4.398070143712218e-6
0.1,11,OnlineFPCA-adagrad,0.1,2400,100,face,3,5,0.631773233413696,0.3507045332118502,0.18347853512520035,0.3609508752166383,0.022616863810305875,0.1500496994102826,0.23098185892353165,4.398070143712218e-6
0.1,11,OnlineFPCA-adagrad,0.1,2500,100,face,3,5,0.630735158920288,0.235662654896924,0.3201612680068441,0.3458864894348587,0.02236064365887631,0.1479421191495185,0.23623539036330007,2.4022011530418785e-6
0.1,11,OnlineFPCA-adagrad,0.1,2600,100,face,3,5,0.735787153244019,0.1092070014269992,0.21579481666651265,0.2832802765817534,0.02434735885133279,0.14610162487356051,0.23659782831725207,1.78994397318806e-6
0.1,11,OnlineFPCA-adagrad,0.1,2700,100,face,3,5,0.70409369468689,0.05887656103298618,0.12446313489056478,0.30301744200323116,0.021590622423562827,0.14170994924122632,0.23341717390660027,1.78994397318806e-6
0.1,11,OnlineFPCA-adagrad,0.1,2800,100,face,3,5,0.728637933731079,0.12294453976911819,0.22445058616300162,0.18550674873781414,0.018094136499675215,0.13823234490905686,0.23111627276142127,1.3537194179308175e-6
0.1,11,OnlineFPCA-adagrad,0.1,2900,100,face,3,5,0.718692302703857,0.08609253028201982,0.13536735423097931,0.20436502657312205,0.01591672671291737,0.13439946710563772,0.22513769792019067,7.848636878837163e-7
0.1,11,OnlineFPCA-adagrad,0.1,3000,100,face,3,5,0.698877334594727,0.09769394123300598,0.1568468743854236,0.20017885779909236,0.011693707023394496,0.13120882910381587,0.21808790869647265,6.014547239167638e-7
0.1,11,OnlineFPCA-adagrad,0.1,3100,100,face,3,5,0.693934917449951,0.12375924005362396,0.1327692362289384,0.36544461706572906,0.01743849858297996,0.12852463323830532,0.21919268816410464,6.014547239167638e-7
0.1,11,OnlineFPCA-adagrad,0.1,3200,100,face,3,5,0.723324537277222,0.16913777579064473,0.17489365951437752,0.23171309635290388,0.017107462488857056,0.12672268902380088,0.2177774691253625,6.014547239167638e-7
0.1,11,OnlineFPCA-adagrad,0.1,3300,100,face,3,5,0.713424682617188,0.14487696635822184,0.1730898507983338,0.3378615326370742,0.01568303741400838,0.12635220428721747,0.21439214956592215,4.6889103723264423e-7
0.1,11,OnlineFPCA-adagrad,0.1,3400,100,face,3,5,0.709206104278564,0.12809706474878346,0.16350576267239492,0.4265281232207409,0.016631020263374183,0.12656338576325227,0.2171038773887086,4.6889103723264423e-7
0.1,11,OnlineFPCA-adagrad,0.1,3500,100,face,3,5,0.724902391433716,0.13157390787489925,0.1742026934208178,0.20203095022356696,0.018663825859202385,0.12614737478230253,0.21770805512815083,3.692361259483402e-7
0.1,11,OnlineFPCA-adagrad,0.1,3600,100,face,3,5,0.867661476135254,0.17293038209146067,0.2815806200930125,0.4264076419106808,0.02381117361816791,0.12631849566024986,0.215595454334852,3.692361259483402e-7
0.1,11,OnlineFPCA-adagrad,0.1,3700,100,face,3,5,0.67900562286377,0.11445224026939974,0.2141870227835432,0.31930194670586914,0.025186671446853895,0.12736153700191946,0.21913185773059193,2.331774767993142e-7
0.1,11,OnlineFPCA-adagrad,0.1,3800,100,face,3,5,0.732221841812134,0.13132833509321132,0.19107284206788988,0.29527987904902114,0.024320994032539737,0.1269407887810534,0.22041149972806556,2.331774767993142e-7
0.1,11,OnlineFPCA-adagrad,0.1,3900,100,face,3,5,0.711177587509155,0.0995227342078825,0.23215087836903447,0.2677126584923869,0.02356174168108533,0.12724278251585097,0.2204833373767436,2.331774767993142e-7
0.1,11,OnlineFPCA-adagrad,0.1,4000,100,face,3,5,0.707237482070923,0.02368475384764997,0.1274957179861533,0.22010663276270012,0.02368475384764997,0.1274957179861533,0.22010663276270012,1.508936067497113e-7
0.1,11,OnlineFPCA-adagrad,0.1,4100,100,face,3,5,0.691543579101562,0.159967028151793,0.2714347297297336,0.15614168143155666,0.08079341209762313,0.20116924691962199,0.18396696703582877,1.508936067497113e-7
0.1,11,OnlineFPCA-adagrad,0.1,4200,100,face,3,5,0.683698177337646,0.15403079763945934,0.19115818473199864,0.24932990037258643,0.06050706269450616,0.1763433600042419,0.1706643453520666,1.508936067497113e-7
0.1,11,OnlineFPCA-adagrad,0.1,4300,100,face,3,5,0.733206272125244,0.09175521170974094,0.19915581909131364,0.2398422770901241,0.03202435628919354,0.13282929071371888,0.17962752054484624,1.226954010288138e-7
0.1,11,OnlineFPCA-adagrad,0.1,4400,100,face,3,5,0.705112218856812,0.076179778525854,0.2754914006020769,0.19515304220052984,0.02993491278551744,0.13197322197896033,0.18002549750955182,1.226954010288138e-7
0.1,11,OnlineFPCA-adagrad,0.1,4500,100,face,3,5,0.708205699920654,0.10661465720359511,0.22809692179346072,0.25241236239277504,0.03771963781752836,0.13810269253461296,0.1653220543620619,1.226954010288138e-7
0.1,11,OnlineFPCA-adagrad,0.1,4600,100,face,3,5,0.709429264068604,0.0637784989477927,0.2015596407215861,0.23952611949867741,0.03206231056780411,0.14318422679716705,0.16642963848562053,1.226954010288138e-7
0.1,11,OnlineFPCA-adagrad,0.1,4700,100,face,3,5,0.709878921508789,0.06393689863759698,0.29162680268849855,0.38300943656970776,0.031168744644774517,0.1469460828664102,0.18496927887649245,1.226954010288138e-7
0.1,11,OnlineFPCA-adagrad,0.1,4800,100,face,3,5,0.703824043273926,0.15267005071235115,0.2702130020781154,0.3807540861988041,0.02578592745755908,0.15261841618287003,0.20717537581979933,1.013080664341017e-7
0.1,11,OnlineFPCA-adagrad,0.1,4900,100,face,3,5,0.715823888778687,0.1378310665351431,0.27511811639332007,0.3081634460483649,0.024438845320951766,0.15655475695771442,0.21185427367181509,1.013080664341017e-7
0.1,11,OnlineFPCA-adagrad,0.1,5000,100,face,3,5,0.722981214523315,0.12102756683467399,0.21869122106258485,0.21573001353256044,0.022626530120996233,0.1606780445182119,0.21869972789120132,1.013080664341017e-7
0.1,11,OnlineFPCA-adagrad,0.1,5100,100,face,3,5,0.14712929725647,0.1389672108536383,0.18315310233405405,0.28050692841795144,0.020484121609290397,0.1615791927483434,0.20762788553181064,NA
0.1,11,OnlineFPCA-adagrad,0.1,5200,100,face,3,5,0.146597385406494,0.09066395931873242,0.1545705395779553,0.2872813769212149,0.02012246307116241,0.16141773429888348,0.19631733173490826,NA
0.1,11,OnlineFPCA-adagrad,0.1,5300,100,face,3,5,0.145041942596436,0.04947221901095639,0.26328325474620684,0.25835185278256295,0.020986338421285097,0.15475938265706887,0.19341100883912596,NA
0.1,11,OnlineFPCA-adagrad,0.1,5400,100,face,3,5,0.144938230514526,0.13242213060025318,0.1963279591055996,0.23937260678566658,0.022891233416598294,0.1474376208201475,0.19656588345706982,NA
0.1,11,OnlineFPCA-adagrad,0.1,5500,100,face,3,5,0.152932643890381,0.09561125583292782,0.14449415237386457,0.23929093948426253,0.02176217409607399,0.1446050939117693,0.19732157275682916,NA
0.1,11,OnlineFPCA-adagrad,0.1,5600,100,face,3,5,0.144416570663452,0.07571325114972682,0.09184639770168203,0.23382004734412046,0.01975010429842397,0.14060083508792356,0.19522464968425704,NA
0.1,11,OnlineFPCA-adagrad,0.1,5700,100,face,3,5,0.145802736282349,0.15372820702107595,0.1247759235406965,0.21513434579338384,0.017074293999249167,0.1347472735320781,0.18595707593813504,NA
0.1,11,OnlineFPCA-adagrad,0.1,5800,100,face,3,5,0.144412755966187,0.06713412025971593,0.19383117332142824,0.19503821331737384,0.017667663567072677,0.1289922694742446,0.18168369246162822,NA
0.1,11,OnlineFPCA-adagrad,0.1,5900,100,face,3,5,0.148158073425293,0.11632865135424363,0.19709519686630142,0.1925702222218211,0.019948136168059443,0.1251402453698478,0.1770208810657048,NA
0.1,11,OnlineFPCA-adagrad,0.1,6000,100,face,3,5,0.145934820175171,0.07288872316541704,0.16742516312434316,0.1048085870331343,0.020718587681171893,0.12139253706056155,0.16995409012257404,NA
0.1,11,OnlineFPCA-adagrad,0.1,6100,100,face,3,5,0.142315149307251,0.08197950836932923,0.1533047254009066,0.22160721717130938,0.018855180811190433,0.11897378751041977,0.16553335128806504,NA
0.1,11,OnlineFPCA-adagrad,0.1,6200,100,face,3,5,0.149341106414795,0.08487579438305742,0.13446397039236252,0.21513446388592786,0.017161153655706855,0.11485457786024786,0.16457558590747545,NA
0.1,11,OnlineFPCA-adagrad,0.1,6300,100,face,3,5,0.14772629737854,0.06751436481710626,0.11256487986334136,0.24071166558546717,0.01720274210366877,0.10985049174952251,0.16372464174405313,NA
0.1,11,OnlineFPCA-adagrad,0.1,6400,100,face,3,5,0.144042015075684,0.12418629883507044,0.1641905809729824,0.43276693206874567,0.015784945476248636,0.10459567140641839,0.1665419759838174,NA
0.1,11,OnlineFPCA-adagrad,0.1,6500,100,face,3,5,0.149513959884644,0.08045061667752759,0.13615436702619374,0.39258305363567253,0.01451586385102271,0.10033746039645929,0.17300999275219903,NA
0.1,11,OnlineFPCA-adagrad,0.1,6600,100,face,3,5,0.143637418746948,0.149579940107938,0.13433000158627353,0.457009910637374,0.014577806797399173,0.09846221633930767,0.18013836127362215,NA
0.1,11,OnlineFPCA-adagrad,0.1,6700,100,face,3,5,0.145013570785522,0.05357049370783594,0.10280229808771063,0.3223417309212003,0.015125795679557118,0.09501803610504692,0.18615251154020437,NA
0.1,11,OnlineFPCA-adagrad,0.1,6800,100,face,3,5,0.150291919708252,0.10694292364946928,0.15742123946306877,0.3034522786263595,0.013623567024562253,0.08972693310677668,0.18826672469219521,NA
0.1,11,OnlineFPCA-adagrad,0.1,6900,100,face,3,5,0.142971277236938,0.08076394844178471,0.07980685382278231,0.24580590818749998,0.012929769137210546,0.08567227314241338,0.18748388816785022,NA
0.1,11,OnlineFPCA-adagrad,0.1,7000,100,face,3,5,0.146518707275391,0.11463016251965662,0.17259247000415717,0.3747972845268821,0.012728775631977772,0.08200050441598618,0.18956575851318738,NA
0.1,11,OnlineFPCA-adagrad,0.1,7100,100,face,3,5,0.145955324172974,0.15785629153570988,0.17521212598750213,0.2667539247992502,0.012712949158767202,0.07822397101099052,0.19056820817609887,NA
0.1,11,OnlineFPCA-adagrad,0.1,7200,100,face,3,5,0.146664619445801,0.12723257425084147,0.14374774983728822,0.1795310346897899,0.01409918369013975,0.07599946612085497,0.18476876885521737,NA
0.1,11,OnlineFPCA-adagrad,0.1,7300,100,face,3,5,0.144961833953857,0.13671768546932153,0.10329854326110087,0.2706777779584843,0.014857141958273099,0.07321776853534633,0.18267177710921728,NA
0.1,11,OnlineFPCA-adagrad,0.1,7400,100,face,3,5,0.143799543380737,0.1526499855896807,0.12326737812339397,0.3601674094352804,0.014416134608805304,0.07027119455276078,0.18300481757685683,NA
0.1,11,OnlineFPCA-adagrad,0.1,7500,100,face,3,5,0.145738363265991,0.10432806128827436,0.28131418021969673,0.24783751748826427,0.013726578418926022,0.07032541030527051,0.1838728995264278,NA
0.1,11,OnlineFPCA-adagrad,0.1,7600,100,face,3,5,0.147178411483765,0.085473096118022035,0.21452458323630733,0.2645506463169076,0.014590393015178975,0.07096973240945552,0.1845027634211144,NA
0.1,11,OnlineFPCA-adagrad,0.1,7700,100,face,3,5,0.144818305969238,0.05137323958213397,0.049100038387099885,0.31177812242241437,0.013506911312229485,0.06886882755112018,0.18545446100333096,NA
0.1,11,OnlineFPCA-adagrad,0.1,7800,100,face,3,5,0.144491672515869,0.09427784811896718,0.1818035113852446,0.24518029898441665,0.013012563349563357,0.0672887859697624,0.18693149363578607,NA
0.1,11,OnlineFPCA-adagrad,0.1,7900,100,face,3,5,0.139516592025757,0.04991336579485335,0.10614618431659988,0.21047717257139262,0.01286105193253983,0.06576906021068725,0.18562227296361739,NA
0.1,11,OnlineFPCA-adagrad,0.1,8000,100,face,3,5,0.148388862609863,0.09215991701778906,0.1604690047360066,0.20065059149658243,0.012485119131064815,0.06592572266606771,0.1831157531791428,NA
0.1,11,OnlineFPCA-adagrad,0.1,8100,100,face,3,5,0.147566080093384,0.11454532483583456,0.14598645247834327,0.2955543717049433,0.013121305601898867,0.06665210413249557,0.18312414256119236,NA
0.1,11,OnlineFPCA-adagrad,0.1,8200,100,face,3,5,0.138450860977173,0.11349626946394796,0.15300853069984205,0.18594338517442263,0.012544543037401943,0.06733192598147275,0.18128313598255055,NA
0.1,11,OnlineFPCA-adagrad,0.1,8300,100,face,3,5,0.14839506149292,0.12978812665953823,0.08366224194782836,0.25708436667188295,0.011525054026605447,0.06744711743352368,0.1792558212001853,NA
0.1,11,OnlineFPCA-adagrad,0.1,8400,100,face,3,5,0.145126342773438,0.11476767569138377,0.09222474224037384,0.3323771946685043,0.011452444743745498,0.06739118260911321,0.17965873460480578,NA
0.1,11,OnlineFPCA-adagrad,0.1,8500,100,face,3,5,0.1423659324646,0.11519999906433571,0.10981253968211312,0.15205971412498995,0.01109167997766719,0.06676291670618073,0.18030642872805977,NA
0.1,11,OnlineFPCA-adagrad,0.1,8600,100,face,3,5,0.152254819869995,0.14954299891927184,0.1976154434738574,0.32007051046180685,0.012137240718270367,0.06604645002069195,0.17845477766801604,NA
0.1,11,OnlineFPCA-adagrad,0.1,8700,100,face,3,5,0.145615816116333,0.09993959475361602,0.13050339177907724,0.2640927079529252,0.012156818465339603,0.06493346815675179,0.1775560127287173,NA
0.1,11,OnlineFPCA-adagrad,0.1,8800,100,face,3,5,0.140698671340942,0.11081802564354641,0.15287843198543052,0.25223263489874403,0.01108258493713263,0.06261359891087559,0.17627191520428304,NA
0.1,11,OnlineFPCA-adagrad,0.1,8900,100,face,3,5,0.147689342498779,0.08104715832523118,0.1721288562850185,0.20912668356774236,0.01036351075540531,0.06275559413219987,0.17454179661153224,NA
0.1,11,OnlineFPCA-adagrad,0.1,9000,100,face,3,5,0.14551854133606,0.0816299876445281,0.07609280754159933,0.10917133496113916,0.01020004173880117,0.06308126539239482,0.1735904500439293,NA
0.1,11,OnlineFPCA-adagrad,0.1,9100,100,face,3,5,0.14398980140686,0.13068444943488186,0.1876403534074279,0.0815426179477288,0.010541996481624929,0.06369237010966025,0.1706246503152021,NA
0.1,11,OnlineFPCA-adagrad,0.1,9200,100,face,3,5,0.148390293121338,0.10985375453864904,0.0811873655611408,0.17834481731974236,0.010093122892667748,0.06375928342834085,0.16856147562573676,NA
0.1,11,OnlineFPCA-adagrad,0.1,9300,100,face,3,5,0.143174648284912,0.08700597802893362,0.13932460532421054,0.17530698911458223,0.010141030514634405,0.062467736559380864,0.16727743507772175,NA
0.1,11,OnlineFPCA-adagrad,0.1,9400,100,face,3,5,0.145878314971924,0.06703716650653613,0.166072390536288,0.1422221655716948,0.009608197717704157,0.06225161314053353,0.1664780289505358,NA
0.1,11,OnlineFPCA-adagrad,0.1,9500,100,face,3,5,0.144808530807495,0.09075037674900015,0.1574314219172769,0.15241356708574766,0.009461888006205545,0.0620415539995657,0.1650790451069191,NA
0.1,11,OnlineFPCA-adagrad,0.1,9600,100,face,3,5,0.146399021148682,0.04134323279024827,0.10680325481859133,0.18333368901490035,0.0101157668997924,0.062484895566663846,0.16407062151071022,NA
0.1,11,OnlineFPCA-adagrad,0.1,9700,100,face,3,5,0.142191886901855,0.04720249742899658,0.2017982243131931,0.3090006073810806,0.010685292798736175,0.06310891541676086,0.1654651062820273,NA
0.1,11,OnlineFPCA-adagrad,0.1,9800,100,face,3,5,0.148616790771484,0.12424897460498949,0.2029936535782519,0.29853067809209755,0.010718498743601527,0.0643177529325622,0.16727892125576374,NA
0.1,11,OnlineFPCA-adagrad,0.1,9900,100,face,3,5,0.141128301620483,0.09957407524612005,0.19327407975218028,0.23286263181181954,0.011100570751497896,0.06379239640267562,0.1672201288604544,NA
0.1,11,OnlineFPCA-adagrad,0.1,10000,100,face,3,5,0.14484167098999,0.07421521901978204,0.1515549678727833,0.12625288676536522,0.0112396315415359,0.06439389134751577,0.16785761026961976,NA
0.1,11,OnlineFPCA-adagrad,0.1,10100,100,face,3,5,0.149013996124268,0.10264565035008492,0.11549167681604489,0.2037298147654686,0.011375135598409759,0.06507702586730016,0.16623251499308508,NA
0.1,11,OnlineFPCA-adagrad,0.1,10200,100,face,3,5,0.145678520202637,0.08472924832760632,0.06956606970751952,0.20251143098740668,0.011923048547827353,0.06554353891633401,0.16385243766684082,NA
0.1,11,OnlineFPCA-adagrad,0.1,10300,100,face,3,5,0.143388509750366,0.044968135110903834,0.17474946283930687,0.20167602639814006,0.012171730926253668,0.06389172542834376,0.16293724188488484,NA
0.1,11,OnlineFPCA-adagrad,0.1,10400,100,face,3,5,0.149144649505615,0.10609462184955494,0.1444747103227336,0.21301874223950648,0.012067903841204472,0.06115710853799512,0.1635768441953856,NA
0.1,11,OnlineFPCA-adagrad,0.1,10500,100,face,3,5,0.144192695617676,0.05958565821138938,0.09768825360059256,0.2206039329758983,0.011730032273604196,0.06040688141386836,0.1639847121866022,NA
0.1,11,OnlineFPCA-adagrad,0.1,10600,100,face,3,5,0.145104885101318,0.06935835963378306,0.07698929991985147,0.20389911945061467,0.011428716210288027,0.06060166926895794,0.16377424778108868,NA
0.1,11,OnlineFPCA-adagrad,0.1,10700,100,face,3,5,0.146922588348389,0.12184804172483955,0.08636826397913767,0.18570179869960815,0.010772862757089675,0.06014833840507633,0.16216602222051546,NA
0.1,11,OnlineFPCA-adagrad,0.1,10800,100,face,3,5,0.145650386810303,0.06342209715316618,0.16616414259895562,0.18792390813979173,0.010494760653259433,0.06032230877031159,0.16169879342587765,NA
0.1,11,OnlineFPCA-adagrad,0.1,10900,100,face,3,5,0.145499467849731,0.10374315364449943,0.18600724019206857,0.1703357836175873,0.01085861337451523,0.06100168007661058,0.16125695494618353,NA
0.1,11,OnlineFPCA-adagrad,0.1,11000,100,face,3,5,0.146029233932495,0.07548692316276429,0.16575878747131836,0.11460015578843624,0.011519186831055843,0.06142744646892907,0.15961520591832523,NA
0.1,11,OnlineFPCA-adagrad,0.1,11100,100,face,3,5,0.144179105758667,0.06861766846888731,0.14819160297188785,0.1990522256857618,0.011548331092681196,0.061853315283726056,0.15842615120227713,NA
0.1,11,OnlineFPCA-adagrad,0.1,11200,100,face,3,5,0.147480249404907,0.07420132756404099,0.1278806376036545,0.19483235631576373,0.011624977458402904,0.06176992614789697,0.15837439644644857,NA
0.1,11,OnlineFPCA-adagrad,0.1,11300,100,face,3,5,0.148202180862427,0.06311697235530206,0.12344700455517535,0.2229960558642852,0.011578166589208622,0.061678832367784195,0.15861199968009435,NA
0.1,11,OnlineFPCA-adagrad,0.1,11400,100,face,3,5,0.146881103515625,0.10448283306517439,0.170793991187435,0.39420908100270047,0.011436492506744781,0.06127870751238171,0.15982459190945025,NA
0.1,11,OnlineFPCA-adagrad,0.1,11500,100,face,3,5,0.146225929260254,0.07143763176581895,0.1378333187208536,0.3665859480363855,0.011274588555066046,0.06116125809036439,0.16235202093227516,NA
0.1,11,OnlineFPCA-adagrad,0.1,11600,100,face,3,5,0.147282838821411,0.1268822190786978,0.13459956288521588,0.419641576570948,0.01117135567717093,0.061742196656197144,0.16499890673819748,NA
0.1,11,OnlineFPCA-adagrad,0.1,11700,100,face,3,5,0.14275336265564,0.04640624377711651,0.09159245867055248,0.32071140488685995,0.011084460295728961,0.06152038673167753,0.16754338408106156,NA
0.1,11,OnlineFPCA-adagrad,0.1,11800,100,face,3,5,0.13947319984436,0.09590247416245247,0.13911857688065396,0.30035110721411074,0.010926154164879078,0.060203704505414755,0.16901614068670084,NA
0.1,11,OnlineFPCA-adagrad,0.1,11900,100,face,3,5,0.304849624633789,0.07406900268978127,0.07597735930599635,0.24218745496295843,0.01072442897613606,0.05927850559764097,0.169442911908495,NA
0.1,11,OnlineFPCA-adagrad,0.1,12000,100,face,3,5,0.142650842666626,0.09575079720512852,0.1455008034133657,0.3524170156551193,0.010315758416767191,0.05883693092206131,0.170751318254647,NA
0.1,11,OnlineFPCA-adagrad,0.1,12100,100,face,3,5,0.1476149559021,0.13015217819194586,0.16290711695355392,0.25393412700023116,0.010154708315536078,0.058376990497459556,0.1715814855961352,NA
0.1,11,OnlineFPCA-adagrad,0.1,12200,100,face,3,5,0.150510787963867,0.10963366977372961,0.1448777258400113,0.1853589471013526,0.010621116077153107,0.05836347828860018,0.17006957647899745,NA
0.1,11,OnlineFPCA-adagrad,0.1,12300,100,face,3,5,0.1489417552948,0.12263519169361302,0.12093911257103251,0.2485606384488536,0.010938445531071385,0.05804778710247011,0.16979338277635708,NA
0.1,11,OnlineFPCA-adagrad,0.1,12400,100,face,3,5,0.145546913146973,0.13298662442627449,0.11696079738752062,0.3251856196068534,0.010881854067721259,0.057535329993166864,0.17034687625870265,NA
0.1,11,OnlineFPCA-adagrad,0.1,12500,100,face,3,5,0.158603191375732,0.08742642362954754,0.24724842446452266,0.23270104632560054,0.010440078896499913,0.05812906367478787,0.17109847712239543,NA
0.1,11,OnlineFPCA-adagrad,0.1,12600,100,face,3,5,0.149503946304321,0.07904909594012643,0.1987958112426078,0.23138534974478014,0.010833003149755532,0.05894471276529538,0.1714262092052258,NA
0.1,11,OnlineFPCA-adagrad,0.1,12700,100,face,3,5,0.144359111785889,0.04658978552386665,0.06230139043793248,0.28631050272038366,0.010419906392938664,0.05847371375152442,0.17178651125423505,NA
0.1,11,OnlineFPCA-adagrad,0.1,12800,100,face,3,5,0.15038537979126,0.07987825957310869,0.16285664765516783,0.23712867567799334,0.01007978126191114,0.058050632207833915,0.1724773008298859,NA
0.1,11,OnlineFPCA-adagrad,0.1,12900,100,face,3,5,0.147599697113037,0.041507022655192585,0.09662902996252055,0.20649187020453286,0.009853119845851462,0.05767126741366199,0.17220669020135204,NA
0.1,11,OnlineFPCA-adagrad,0.1,13000,100,face,3,5,0.147718667984009,0.09157284394542525,0.1556647768196546,0.19876393716526308,0.009408519500236327,0.05804689439078473,0.1714228902847685,NA
0.1,11,OnlineFPCA-adagrad,0.1,13100,100,face,3,5,0.144417524337769,0.10636985155275565,0.1484300434683935,0.2648476602879938,0.009998533284269345,0.05875020186617802,0.1715322359892685,NA
0.1,11,OnlineFPCA-adagrad,0.1,13200,100,face,3,5,0.159694671630859,0.08077409563836858,0.14552931236086047,0.1681006562072245,0.009971870158407684,0.05939058961844496,0.17089240023146737,NA
0.1,11,OnlineFPCA-adagrad,0.1,13300,100,face,3,5,0.143653631210327,0.11452189013873028,0.07527733468811235,0.22956345286667826,0.00969767721559079,0.05967366330106907,0.17002492505647457,NA
0.1,11,OnlineFPCA-adagrad,0.1,13400,100,face,3,5,0.148675441741943,0.10049294599604584,0.0908927455149346,0.2921865116679804,0.009768142268050846,0.05981802243486289,0.1701666261947983,NA
0.1,11,OnlineFPCA-adagrad,0.1,13500,100,face,3,5,0.147391796112061,0.10548965190713402,0.09797932856172321,0.14704239138260713,0.009884747457703007,0.05972791935073361,0.17044797835683587,NA
0.1,11,OnlineFPCA-adagrad,0.1,13600,100,face,3,5,0.140633106231689,0.13470879692304724,0.17394708360483596,0.27345771484186704,0.010589350785832393,0.059499010665065785,0.16980031508010135,NA
0.1,11,OnlineFPCA-adagrad,0.1,13700,100,face,3,5,0.15143084526062,0.08968834502044185,0.1146764050367886,0.2403623912583207,0.010794913750288238,0.05891318709368205,0.16952071484129164,NA
0.1,11,OnlineFPCA-adagrad,0.1,13800,100,face,3,5,0.146645784378052,0.10052421853569998,0.14863449222413647,0.2386802919142525,0.010379817644849288,0.057727803735889746,0.16903776722554592,NA
0.1,11,OnlineFPCA-adagrad,0.1,13900,100,face,3,5,0.145441293716431,0.07328415674921694,0.14127207540647282,0.2011570647086611,0.010106544841557675,0.057736074528285275,0.16818752036421444,NA
0.1,11,OnlineFPCA-adagrad,0.1,14000,100,face,3,5,0.149603843688965,0.07220436795555635,0.06450143578838158,0.12002833877158454,0.010080934226315256,0.057912967438164126,0.16760911196277092,NA
0.1,11,OnlineFPCA-adagrad,0.1,14100,100,face,3,5,0.145252466201782,0.11724831470010051,0.16492448829683357,0.07883180110723902,0.01027354098931181,0.05814094194416818,0.1661611994933445,NA
0.1,11,OnlineFPCA-adagrad,0.1,14200,100,face,3,5,0.138910293579102,0.091675330066002,0.06626892192572895,0.15942444518777193,0.010069538667459762,0.05819358334778046,0.16509021852987665,NA
0.1,11,OnlineFPCA-adagrad,0.1,14300,100,face,3,5,0.146771669387817,0.07705985859698049,0.12185712527671867,0.16206611373542487,0.010103629330585602,0.057607432164801096,0.16431644243608387,NA
0.1,11,OnlineFPCA-adagrad,0.1,14400,100,face,3,5,0.144905567169189,0.062001261140584865,0.13425609613502346,0.13247819664489863,0.009844270920746186,0.05744386816838962,0.1637919306996299,NA
0.1,11,OnlineFPCA-adagrad,0.1,14500,100,face,3,5,0.145083665847778,0.08200072328980057,0.13684493815400608,0.11909843143628919,0.009675250632005488,0.05722115269445385,0.16305708129788382,NA
0.1,11,OnlineFPCA-adagrad,0.1,14600,100,face,3,5,0.15081000328064,0.0353006224842285,0.08591450851302351,0.16481911718873707,0.00994447773673546,0.05732322795325867,0.16247088274581864,NA
0.1,11,OnlineFPCA-adagrad,0.1,14700,100,face,3,5,0.145104646682739,0.043670982916862604,0.17022126778039207,0.27575211162220375,0.010219126515095225,0.05760045523023606,0.1630273340625508,NA
0.1,11,OnlineFPCA-adagrad,0.1,14800,100,face,3,5,0.144722938537598,0.10953054737789872,0.1878993062326793,0.2730710829628178,0.010274577093736246,0.05824561215771889,0.16376886421946407,NA
0.1,11,OnlineFPCA-adagrad,0.1,14900,100,face,3,5,0.145324468612671,0.0867334137983348,0.17347880271361055,0.2121837518149614,0.010499906348306741,0.05792944863428178,0.16370493537357064,NA
0.1,11,OnlineFPCA-adagrad,0.1,15000,100,face,3,5,0.145552158355713,0.0576923618742412,0.14552926399225388,0.11597307199302284,0.010613936503156804,0.05817356808251959,0.16392656772855946,NA
0.1,11,OnlineCov,NA,100,NA,NA,3,NA,5.47126531600952,0.20671147406411391,0.23626083774676376,0.4140644108602163,0.20671147406411391,0.23626083774676376,0.4140644108602163,NA
0.1,11,OnlineCov,NA,200,NA,NA,3,NA,4.80487489700317,0.09665364936860296,0.1312022400683506,1.379993493592303,0.09665364936860296,0.1312022400683506,1.379993493592303,NA
0.1,11,OnlineCov,NA,300,NA,NA,3,NA,4.88866639137268,0.09376181897508117,0.12616136443989917,0.28216483665585146,0.09376181897508117,0.12616136443989917,0.28216483665585146,NA
0.1,11,OnlineCov,NA,400,NA,NA,3,NA,5.387042760849,0.1188445120047825,0.2597860099376937,0.48942676374576705,0.1188445120047825,0.2597860099376937,0.48942676374576705,NA
0.1,11,OnlineCov,NA,500,NA,NA,3,NA,5.76568961143494,0.09754298426992915,0.24594531137568088,0.4722376475155533,0.09754298426992915,0.24594531137568088,0.4722376475155533,NA
0.1,11,OnlineCov,NA,600,NA,NA,3,NA,5.24674534797668,0.059585147420870205,0.21439411742230283,0.31372193089994194,0.059585147420870205,0.21439411742230283,0.31372193089994194,NA
0.1,11,OnlineCov,NA,700,NA,NA,3,NA,5.97265243530273,0.047449928540113984,0.20260641467883267,0.258559876305811,0.047449928540113984,0.20260641467883267,0.258559876305811,NA
0.1,11,OnlineCov,NA,800,NA,NA,3,NA,5.12435936927795,0.04242492802511232,0.17173369453921894,0.22839752635683006,0.04242492802511232,0.17173369453921894,0.22839752635683006,NA
0.1,11,OnlineCov,NA,900,NA,NA,3,NA,5.07127261161804,0.05537611488762991,0.11351436955993681,0.2846223712018024,0.05537611488762991,0.11351436955993681,0.2846223712018024,NA
0.1,11,OnlineCov,NA,1000,NA,NA,3,NA,4.5064492225647,0.03654970363996725,0.11674831120199321,0.33268194773920406,0.03654970363996725,0.11674831120199321,0.33268194773920406,NA
0.1,11,OnlineCov,NA,1100,NA,NA,3,NA,5.19954991340637,0.0308061238005217,0.14359090864697183,0.29295627251477097,0.0308061238005217,0.14359090864697183,0.29295627251477097,NA
0.1,11,OnlineCov,NA,1200,NA,NA,3,NA,4.92047190666199,0.02199599059643592,0.14111548508540447,0.27025900319468255,0.02199599059643592,0.14111548508540447,0.27025900319468255,NA
0.1,11,OnlineCov,NA,1300,NA,NA,3,NA,5.4826967716217,0.026268143906250024,0.15434589289683145,0.33304104604764273,0.026268143906250024,0.15434589289683145,0.33304104604764273,NA
0.1,11,OnlineCov,NA,1400,NA,NA,3,NA,5.36956477165222,0.038733272806242815,0.1463930333669635,0.30096632331078105,0.038733272806242815,0.1463930333669635,0.30096632331078105,NA
0.1,11,OnlineCov,NA,1500,NA,NA,3,NA,5.05357670783997,0.0312736998116555,0.1351817134018799,0.2561487234369955,0.0312736998116555,0.1351817134018799,0.2561487234369955,NA
0.1,11,OnlineCov,NA,1600,NA,NA,3,NA,5.41622734069824,0.038701801001703104,0.1734854777093619,0.2820798199728405,0.038701801001703104,0.1734854777093619,0.2820798199728405,NA
0.1,11,OnlineCov,NA,1700,NA,NA,3,NA,5.03675389289856,0.03204471816039078,0.1460449150128375,0.251492644688215,0.03204471816039078,0.1460449150128375,0.251492644688215,NA
0.1,11,OnlineCov,NA,1800,NA,NA,3,NA,5.20874762535095,0.027347829631192765,0.1274423758368047,0.2396804174563195,0.027347829631192765,0.1274423758368047,0.2396804174563195,NA
0.1,11,OnlineCov,NA,1900,NA,NA,3,NA,5.14596629142761,0.031011708126812566,0.12688083602034753,0.2023380752938889,0.031011708126812566,0.12688083602034753,0.2023380752938889,NA
0.1,11,OnlineCov,NA,2000,NA,NA,3,NA,4.87953615188599,0.03167468503127447,0.11805497268978511,0.20461257841243977,0.03167468503127447,0.11805497268978511,0.20461257841243977,NA
0.1,11,OnlineCov,NA,2100,NA,NA,3,NA,5.20051622390747,0.02646063019757917,0.1052270458243626,0.17402030157316445,0.02646063019757917,0.1052270458243626,0.17402030157316445,NA
0.1,11,OnlineCov,NA,2200,NA,NA,3,NA,4.46436142921448,0.01941105153279344,0.08815193409150004,0.2272466567259707,0.01941105153279344,0.08815193409150004,0.2272466567259707,NA
0.1,11,OnlineCov,NA,2300,NA,NA,3,NA,4.30635023117065,0.017684001764611428,0.11788159858594771,0.2281995093683527,0.017684001764611428,0.11788159858594771,0.2281995093683527,NA
0.1,11,OnlineCov,NA,2400,NA,NA,3,NA,5.3033881187439,0.01935977015057631,0.09009299297278009,0.18157109980180391,0.01935977015057631,0.09009299297278009,0.18157109980180391,NA
0.1,11,OnlineCov,NA,2500,NA,NA,3,NA,4.89799809455872,0.018032582608611986,0.0749151035420199,0.15209799525786827,0.018032582608611986,0.0749151035420199,0.15209799525786827,NA
0.1,11,OnlineCov,NA,2600,NA,NA,3,NA,5.07915449142456,0.013213235630305572,0.06745384986475268,0.15535370075078578,0.013213235630305572,0.06745384986475268,0.15535370075078578,NA
0.1,11,OnlineCov,NA,2700,NA,NA,3,NA,4.66571140289307,0.014302593826558789,0.08897641901753052,0.1588486096834186,0.014302593826558789,0.08897641901753052,0.1588486096834186,NA
0.1,11,OnlineCov,NA,2800,NA,NA,3,NA,4.95102405548096,0.01625920768314485,0.08306384681786703,0.1539438444823683,0.01625920768314485,0.08306384681786703,0.1539438444823683,NA
0.1,11,OnlineCov,NA,2900,NA,NA,3,NA,4.87749886512756,0.01771031626233188,0.0744795344464686,0.1538320434710302,0.01771031626233188,0.0744795344464686,0.1538320434710302,NA
0.1,11,OnlineCov,NA,3000,NA,NA,3,NA,4.87785053253174,0.01669008543883991,0.0671293952154547,0.1795618237797841,0.01669008543883991,0.0671293952154547,0.1795618237797841,NA
0.1,11,OnlineCov,NA,3100,NA,NA,3,NA,4.64271712303162,0.01669592719832578,0.07421225512424676,0.19784015222281146,0.01669592719832578,0.07421225512424676,0.19784015222281146,NA
0.1,11,OnlineCov,NA,3200,NA,NA,3,NA,5.49108409881592,0.016972903006034244,0.08022623826626883,0.2179391206705718,0.016972903006034244,0.08022623826626883,0.2179391206705718,NA
0.1,11,OnlineCov,NA,3300,NA,NA,3,NA,4.94440698623657,0.013164852637783855,0.07424962604935391,0.19869428778884085,0.013164852637783855,0.07424962604935391,0.19869428778884085,NA
0.1,11,OnlineCov,NA,3400,NA,NA,3,NA,5.23509001731873,0.014239603308753533,0.07533755972596293,0.17277815348061135,0.014239603308753533,0.07533755972596293,0.17277815348061135,NA
0.1,11,OnlineCov,NA,3500,NA,NA,3,NA,5.21248197555542,0.013140352893412404,0.06287182694710769,0.16232304916508372,0.013140352893412404,0.06287182694710769,0.16232304916508372,NA
0.1,11,OnlineCov,NA,3600,NA,NA,3,NA,4.73102426528931,0.01104032062414083,0.06351812529414506,0.16768463828305613,0.01104032062414083,0.06351812529414506,0.16768463828305613,NA
0.1,11,OnlineCov,NA,3700,NA,NA,3,NA,4.69067192077637,0.009091360895387143,0.06960798591882875,0.15631803706326222,0.009091360895387143,0.06960798591882875,0.15631803706326222,NA
0.1,11,OnlineCov,NA,3800,NA,NA,3,NA,5.23363208770752,0.009186584786379137,0.06898791088959098,0.14084614574083662,0.009186584786379137,0.06898791088959098,0.14084614574083662,NA
0.1,11,OnlineCov,NA,3900,NA,NA,3,NA,4.56184554100037,0.010266420711588944,0.06082902878745228,0.1236610160755404,0.010266420711588944,0.06082902878745228,0.1236610160755404,NA
0.1,11,OnlineCov,NA,4000,NA,NA,3,NA,5.44327783584595,0.013689422888270103,0.06188093481963433,0.12501497476205686,0.013689422888270103,0.06188093481963433,0.12501497476205686,NA
0.1,11,OnlineCov,NA,4100,NA,NA,3,NA,5.22496199607849,0.016938537892621553,0.062101130809413374,0.11877321595841782,0.016938537892621553,0.062101130809413374,0.11877321595841782,NA
0.1,11,OnlineCov,NA,4200,NA,NA,3,NA,4.72032999992371,0.014167661603460032,0.05458445829941994,0.11910741101978115,0.014167661603460032,0.05458445829941994,0.11910741101978115,NA
0.1,11,OnlineCov,NA,4300,NA,NA,3,NA,5.01117277145386,0.013973751894332044,0.0523576495394177,0.1262689534710752,0.013973751894332044,0.0523576495394177,0.1262689534710752,NA
0.1,11,OnlineCov,NA,4400,NA,NA,3,NA,4.76150250434875,0.0148013526230459,0.04779725914947014,0.11382993586864343,0.0148013526230459,0.04779725914947014,0.11382993586864343,NA
0.1,11,OnlineCov,NA,4500,NA,NA,3,NA,5.34685158729553,0.01626453960673418,0.04545670420038065,0.11093484304728382,0.01626453960673418,0.04545670420038065,0.11093484304728382,NA
0.1,11,OnlineCov,NA,4600,NA,NA,3,NA,5.42850518226624,0.014424384799190256,0.04637599216018319,0.11108724310597072,0.014424384799190256,0.04637599216018319,0.11108724310597072,NA
0.1,11,OnlineCov,NA,4700,NA,NA,3,NA,5.05816006660461,0.017406414068467685,0.042053631403126006,0.11427181931278542,0.017406414068467685,0.042053631403126006,0.11427181931278542,NA
0.1,11,OnlineCov,NA,4800,NA,NA,3,NA,5.2211287021637,0.021081607819485107,0.047538898756876315,0.12259151713236896,0.021081607819485107,0.047538898756876315,0.12259151713236896,NA
0.1,11,OnlineCov,NA,4900,NA,NA,3,NA,5.37496304512024,0.019190911604742737,0.04212766589509576,0.13144515230409717,0.019190911604742737,0.04212766589509576,0.13144515230409717,NA
0.1,11,OnlineCov,NA,5000,NA,NA,3,NA,5.66025996208191,0.02171302248275609,0.04277784157301045,0.12534816664466994,0.02171302248275609,0.04277784157301045,0.12534816664466994,NA
0.1,11,Batch-PACE,NA,5000,NA,NA,3,5000,8.53885889053345,0.023932789054890075,0.04140460940296366,0.10597759837941734,0.023932789054890075,0.04140460940296366,0.10597759837941734,NA
0.1,11,Batch-FACE,NA,5000,NA,NA,3,5000,72.2062306404114,0.022830959632124125,0.032921162663762576,0.1079710816945517,0.022830959632124125,0.032921162663762576,0.1079710816945517,NA
0.1,11,Batch-REML,NA,5000,NA,NA,3,5000,172.230843067169,0.010435117046636515,0.09186520125705575,0.15078191952184072,0.010435117046636515,0.09186520125705575,0.15078191952184072,NA
0.1,11,Batch-SOAP,NA,5000,NA,NA,3,5000,128.762598514557,0.03213233620322939,0.055413397366643004,0.12417591326210778,0.03213233620322939,0.055413397366643004,0.12417591326210778,NA
0.5,11,OnlineFPCA-sgd,0.1,0,100,face,3,5,1.04529428482056,0.2570427630092802,1.428822454486776,1.343290160053517,0.2570427630092802,1.428822454486776,1.343290160053517,0.010000000000000014
0.5,11,OnlineFPCA-sgd,0.1,100,100,face,3,5,0.493993282318115,1.139858968685923,0.767903293696973,0.6002527394662359,NA,NA,NA,5.623413251903499e-4
0.5,11,OnlineFPCA-sgd,0.1,200,100,face,3,5,0.49311637878418,1.413632523581281,1.4102283124094688,0.49598713331481503,NA,NA,NA,5.623413251903499e-4
0.5,11,OnlineFPCA-sgd,0.1,300,100,face,3,5,0.477442741394043,1.4204101080841156,1.4154490801025021,0.571615154739319,NA,NA,NA,1.481396038819833e-4
0.5,11,OnlineFPCA-sgd,0.1,400,100,face,3,5,0.499377012252808,0.699673657905562,1.014150787833326,1.1672113723987452,NA,NA,NA,1.481396038819833e-4
0.5,11,OnlineFPCA-sgd,0.1,500,100,face,3,5,0.475260496139526,0.4485699937496312,0.9154010941443611,0.7029780586055512,NA,NA,NA,5.827832081473629e-5
0.5,11,OnlineFPCA-sgd,0.1,600,100,face,3,5,0.490564584732056,1.4047669598665222,1.3522782453909974,0.7564225779940295,NA,NA,NA,1.3247250556527366e-4
0.5,11,OnlineFPCA-sgd,0.1,700,100,face,3,5,0.472683191299438,1.395398860168238,1.3460101743644812,0.6693782519626047,NA,NA,NA,2.768642079670043e-4
0.5,11,OnlineFPCA-sgd,0.1,800,100,face,3,5,0.494247436523438,1.3895958569041857,1.3501239116845252,0.6169807569125719,NA,NA,NA,5.418007790474978e-4
0.5,11,OnlineFPCA-sgd,0.1,900,100,face,3,5,0.476349830627441,1.3882498499200604,1.3511336654470383,0.5936220280845913,NA,NA,NA,5.418007790474978e-4
0.5,11,OnlineFPCA-sgd,0.1,1000,100,face,3,5,0.497031927108765,1.387695157018292,1.3527404856731942,0.5822027318814768,NA,NA,NA,3.05092713668186e-4
0.5,11,OnlineFPCA-sgd,0.1,1100,100,face,3,5,0.689715623855591,0.423574128157054,0.32679309892828223,0.3519330685144121,0.5048289730487052,0.6384554397996721,0.44768880094149477,1.7828749362853687e-4
0.5,11,OnlineFPCA-sgd,0.1,1200,100,face,3,5,0.693693161010742,0.4741636121666616,1.0899813941790388,1.0128950671619166,0.6985875648747097,1.1243455255408454,0.9093766920005976,1.0754650633932907e-4
0.5,11,OnlineFPCA-sgd,0.1,1300,100,face,3,5,0.686330080032349,0.54503664641748,1.0943689253955473,0.9730503466977944,0.6321291619259147,1.1111337677060327,0.9338693588302358,6.668581099607977e-5
0.5,11,OnlineFPCA-sgd,0.1,1400,100,face,3,5,0.678865671157837,0.5777910477752766,1.0681705287461944,0.9425840486478702,0.6104831778543708,1.104875761620494,0.9371414921267189,1.0497922900138948e-4
0.5,11,OnlineFPCA-sgd,0.1,1500,100,face,3,5,0.870497941970825,0.5920235699246689,1.0481366099290013,0.9138493879428747,0.6005086740729664,1.0953810595256672,0.9325862243003922,1.6176404342387146e-4
0.5,11,OnlineFPCA-sgd,0.1,1600,100,face,3,5,0.669568300247192,0.5578385345326016,1.017813469366103,0.9216802687235083,0.5936228743027213,1.0850238023096932,0.9281634270402265,7.078052147745605e-5
0.5,11,OnlineFPCA-sgd,0.1,1700,100,face,3,5,0.665674924850464,0.5731150707640181,1.0101964794173464,0.9245011260814431,0.5866428000229446,1.0756962344112742,0.9263033339006805,3.2052390818747045e-5
0.5,11,OnlineFPCA-sgd,0.1,1800,100,face,3,5,0.677898645401001,0.5528379279950185,0.9807065194662646,0.8942389124860992,0.581386011974548,1.065648621935121,0.9228308895688727,3.2052390818747045e-5
0.5,11,OnlineFPCA-sgd,0.1,1900,100,face,3,5,0.672139406204224,0.5388704246216268,0.9606299023382149,0.8779642563255128,0.5751316405356255,1.0543922598427917,0.9184329775829146,3.2052390818747045e-5
0.5,11,OnlineFPCA-sgd,0.1,2000,100,face,3,5,0.655609130859375,0.505760257223782,0.920739714148663,0.8571262916782827,0.568520724972035,1.0423400431875396,0.9118559182570986,2.2507741892695294e-5
0.5,11,OnlineFPCA-sgd,0.1,2100,100,face,3,5,0.66367244720459,0.48538608398594507,0.8824634549794352,0.8271517716643412,0.5583838752406324,1.0298355033878648,0.904429153510434,1.599404706938949e-5
0.5,11,OnlineFPCA-sgd,0.1,2200,100,face,3,5,0.636114120483398,0.36701241819502106,0.8228875362200537,0.798567504644819,0.5392754268025156,1.0135207307370195,0.8951217103464262,1.599404706938949e-5
0.5,11,OnlineFPCA-sgd,0.1,2300,100,face,3,5,0.647682666778564,0.3732492281589853,0.8527061593353965,0.8163257147434365,0.5154585322085476,0.9965327640383397,0.8892161930462585,1.599404706938949e-5
0.5,11,OnlineFPCA-sgd,0.1,2400,100,face,3,5,0.657086372375488,0.16733452173956823,0.755229998242682,0.784906894263297,0.4773245551714024,0.9711120445593464,0.8823488850600281,1.599404706938949e-5
0.5,11,OnlineFPCA-sgd,0.1,2500,100,face,3,5,0.677825212478638,0.21436412063802718,0.7135893063875189,0.7331385823481927,0.44594110457649616,0.9467695196720456,0.8726581286684936,1.599404706938949e-5
0.5,11,OnlineFPCA-sgd,0.1,2600,100,face,3,5,0.669995546340942,0.15835123649470045,0.7155471915600492,0.7277524969154456,0.42135846787331704,0.9280372719153495,0.8621809523740377,1.191758988313198e-5
0.5,11,OnlineFPCA-sgd,0.1,2700,100,face,3,5,0.668929100036621,0.078461517329796,0.686615302337224,0.7527985050559493,0.4001413612307512,0.9110382712729852,0.8540922613078634,1.191758988313198e-5
0.5,11,OnlineFPCA-sgd,0.1,2800,100,face,3,5,0.681958913803101,0.26350324555241283,0.6941182029041355,0.773766278101196,0.3770123581490497,0.8948309191404504,0.8482273045043665,9.01317196593427e-6
0.5,11,OnlineFPCA-sgd,0.1,2900,100,face,3,5,0.634158849716187,0.1610020008500235,0.6964525498091159,0.7442899221685769,0.35183832785448876,0.8793065396822332,0.8421995465192249,9.01317196593427e-6
0.5,11,OnlineFPCA-sgd,0.1,3000,100,face,3,5,0.689789056777954,0.2634734728424437,0.6994762535153665,0.7395217241109667,0.33118794357552783,0.8667699014226065,0.8359809747171254,6.906950773837402e-6
0.5,11,OnlineFPCA-sgd,0.1,3100,100,face,3,5,0.699088573455811,0.20322293519270848,0.7266908464409654,0.659917581208676,0.3178561590761158,0.85546701914861345,0.8284254258768118,4.105344804793726e-6
0.5,11,OnlineFPCA-sgd,0.1,3200,100,face,3,5,0.650679588317871,0.2731850387229719,0.6965224708727787,0.6347340839655587,0.3022063531899044,0.842067193299559,0.818415349653296,3.1832020402098156e-6
0.5,11,OnlineFPCA-sgd,0.1,3300,100,face,3,5,0.630404472351074,0.30317759592794064,0.6243285537978838,0.6624651878765621,0.2937652759509684,0.8314050685485532,0.810311263754115,3.1832020402098156e-6
0.5,11,OnlineFPCA-sgd,0.1,3400,100,face,3,5,0.618381261825562,0.2722610953192733,0.6928604615069056,0.6611569860259031,0.2882714843682085,0.8215470590781105,0.8026654139671235,3.1832020402098156e-6
0.5,11,OnlineFPCA-sgd,0.1,3500,100,face,3,5,0.677556037902832,0.16046234682161992,0.623630372906426,0.6019122442331218,0.28357857903559414,0.813289127287101,0.7952102224370623,2.506665933251276e-6
0.5,11,OnlineFPCA-sgd,0.1,3600,100,face,3,5,0.654780626296997,0.34532226566569796,0.6764076587751705,0.5932394350407413,0.28171975898987534,0.8049225318423775,0.7861638181850228,2.506665933251276e-6
0.5,11,OnlineFPCA-sgd,0.1,3700,100,face,3,5,0.687847375869751,0.2305797214664823,0.5372317054784442,0.5682487423287839,0.27422462706643486,0.7935000268038903,0.7762896008689144,1.5829925525112562e-6
0.5,11,OnlineFPCA-sgd,0.1,3800,100,face,3,5,0.659257411956787,0.24235327315501087,0.5267099412017439,0.5766320459580668,0.26408812940492715,0.781961580789217,0.7671717080107499,1.0082149519044839e-6
0.5,11,OnlineFPCA-sgd,0.1,3900,100,face,3,5,0.683163404464722,0.18064634059380363,0.6193325271953561,0.5695065569893953,0.25655562340799465,0.7733345037905307,0.7591415139965143,6.473776319587346e-7
0.5,11,OnlineFPCA-sgd,0.1,4000,100,face,3,5,0.666435480117798,0.24851030741113445,0.7645171189675305,0.7517081843390004,0.24851030741113445,0.7645171189675305,0.7517081843390004,5.207746193390128e-7
0.5,11,OnlineFPCA-sgd,0.1,4100,100,face,3,5,0.680294275283813,0.34994737989624825,0.7599946326794379,0.6935953045746478,0.25704452955925106,0.7690388919632412,0.7209249958631553,5.207746193390128e-7
0.5,11,OnlineFPCA-sgd,0.1,4200,100,face,3,5,0.666657447814941,0.2543845105620679,0.6900448084494885,0.7098037296221164,0.17613193381916864,0.7221043707495541,0.7026156554523587,4.220026445799961e-7
0.5,11,OnlineFPCA-sgd,0.1,4300,100,face,3,5,0.655293941497803,0.19964943272152896,0.6818684507690964,0.6642049404767597,0.14513285296098652,0.6971286025790453,0.6895557442590166,3.4314100396477976e-7
0.5,11,OnlineFPCA-sgd,0.1,4400,100,face,3,5,0.64740252494812,0.2834862107260567,0.6665039850837412,0.6703536253268769,0.13183705694537648,0.6869710453450176,0.6796835230104759,3.4314100396477976e-7
0.5,11,OnlineFPCA-sgd,0.1,4500,100,face,3,5,0.634561777114868,0.22783807446642101,0.6786449442624988,0.6360821878152599,0.123994221565931,0.6787699658093096,0.6762392324362467,3.4314100396477976e-7
0.5,11,OnlineFPCA-sgd,0.1,4600,100,face,3,5,0.667044162750244,0.0602139589185003,0.6806165405017383,0.6545302048176294,0.11959966943255167,0.6751539306250295,0.6750039875255843,3.4314100396477976e-7
0.5,11,OnlineFPCA-sgd,0.1,4700,100,face,3,5,0.659845590591431,0.2339937917111465,0.6588809056045268,0.6682195126045102,0.11687806300665735,0.6706166222761921,0.6711609112271567,3.4314100396477976e-7
0.5,11,OnlineFPCA-sgd,0.1,4800,100,face,3,5,0.645496368408203,0.333588027478782,0.6201009411740518,0.7031581107659329,0.11011618975922519,0.6649168989734706,0.6654103597874496,2.8332725867829815e-7
0.5,11,OnlineFPCA-sgd,0.1,4900,100,face,3,5,0.674045324325562,0.27622721673463185,0.636317680668558,0.7029548663242595,0.1034493890692402,0.6578626773234704,0.6656408965293747,2.3458277451570704e-7
0.5,11,OnlineFPCA-sgd,0.1,5000,100,face,3,5,0.676621913909912,0.22576215089311216,0.6571730127860589,0.6746867260422328,0.09362820269802195,0.6531114301286155,0.6652628564159115,2.3458277451570704e-7
0.5,11,OnlineFPCA-sgd,0.1,5100,100,face,3,5,0.131761312484741,0.19079336928371052,0.6504134269016543,0.6365282128513408,0.07840707422668661,0.6498860366857141,0.6638803688496956,NA
0.5,11,OnlineFPCA-sgd,0.1,5200,100,face,3,5,0.132362365722656,0.12858868641940843,0.6047137438178982,0.6071781693183773,0.07028401949743482,0.6456753624802821,0.658901552049657,NA
0.5,11,OnlineFPCA-sgd,0.1,5300,100,face,3,5,0.131238222122192,0.22215577492743693,0.6624267595865178,0.6789677137280902,0.06921709579713933,0.6416234426629454,0.657801383717488,NA
0.5,11,OnlineFPCA-sgd,0.1,5400,100,face,3,5,0.135368824005127,0.26503185625771625,0.6262314233802456,0.65064205623453,0.06491120999586017,0.6377844951484599,0.6566812641516873,NA
0.5,11,OnlineFPCA-sgd,0.1,5500,100,face,3,5,0.134564399719238,0.2720892508562154,0.6192991163061614,0.616931145198833,0.05951037898888488,0.6355128590730186,0.6553416537508253,NA
0.5,11,OnlineFPCA-sgd,0.1,5600,100,face,3,5,0.146149635314941,0.18059095856977234,0.588933992593362,0.6548096053375217,0.052389187785883445,0.6324305188434548,0.652863982199549,NA
0.5,11,OnlineFPCA-sgd,0.1,5700,100,face,3,5,0.166107416152954,0.2922605097074441,0.579679935043855,0.6046259547653071,0.044713155837647046,0.6282420239032729,0.6496318316118818,NA
0.5,11,OnlineFPCA-sgd,0.1,5800,100,face,3,5,0.130767107009888,0.13870326381165338,0.5345292126083332,0.5971709107242215,0.0433090546442739,0.6220409250034974,0.6456514104437322,NA
0.5,11,OnlineFPCA-sgd,0.1,5900,100,face,3,5,0.12971305847168,0.22546325426629896,0.5333417633047458,0.5627827480511182,0.04670683551810676,0.6158042862354989,0.6419579528198979,NA
0.5,11,OnlineFPCA-sgd,0.1,6000,100,face,3,5,0.133349657058716,0.18785976720046313,0.49170977386365877,0.5548992262574294,0.04482576416887006,0.608932847965767,0.6365812693608287,NA
0.5,11,OnlineFPCA-sgd,0.1,6100,100,face,3,5,0.133143901824951,0.22267273088896075,0.4966444006618528,0.5635571426535323,0.04351874487693246,0.6034025689890454,0.6313322211228934,NA
0.5,11,OnlineFPCA-sgd,0.1,6200,100,face,3,5,0.131452322006226,0.25093131454680373,0.4994616599040888,0.5775718402324274,0.039158535970089385,0.5976621239197397,0.6269111726300746,NA
0.5,11,OnlineFPCA-sgd,0.1,6300,100,face,3,5,0.132920980453491,0.1182699847886776,0.4700210540955034,0.5963800133105893,0.03449018221392455,0.5921886735860864,0.6229152819992753,NA
0.5,11,OnlineFPCA-sgd,0.1,6400,100,face,3,5,0.135981559753418,0.2685883550575008,0.46659687979200787,0.5772305932290465,0.03182530522364553,0.5867728200113986,0.6182205400830317,NA
0.5,11,OnlineFPCA-sgd,0.1,6500,100,face,3,5,0.13277530670166,0.22780237575741147,0.4308963678108844,0.4946849299659059,0.03208205183348611,0.5804997307813398,0.6119012769303052,NA
0.5,11,OnlineFPCA-sgd,0.1,6600,100,face,3,5,0.147995471954346,0.18022035051224986,0.45634362133788653,0.6148560736099121,0.028679778621983888,0.5745366021936674,0.6068136245904155,NA
0.5,11,OnlineFPCA-sgd,0.1,6700,100,face,3,5,0.163943767547607,0.15743917987843567,0.4357925750126921,0.5574856459703944,0.026526706265475677,0.5688450488744463,0.6036402704875692,NA
0.5,11,OnlineFPCA-sgd,0.1,6800,100,face,3,5,0.149580240249634,0.2099474588062213,0.42955105074983796,0.5194680439258391,0.02340499143482999,0.5621131464755462,0.5997935045100083,NA
0.5,11,OnlineFPCA-sgd,0.1,6900,100,face,3,5,0.129209995269775,0.1903566364291051,0.4156896541445249,0.4716859954554637,0.02206286299512141,0.555968694302779,0.5959869584315619,NA
0.5,11,OnlineFPCA-sgd,0.1,7000,100,face,3,5,0.131612777709961,0.15240564579950638,0.40925720898040013,0.47645185244716093,0.019917985132038636,0.5499853781299401,0.5907808473886482,NA
0.5,11,OnlineFPCA-sgd,0.1,7100,100,face,3,5,0.137421846389771,0.23636789537121317,0.37528632931879535,0.42952539714569704,0.018572660451506184,0.5439131053646017,0.585285228659216,NA
0.5,11,OnlineFPCA-sgd,0.1,7200,100,face,3,5,0.131823539733887,0.23596073970705578,0.3510744021772984,0.3700095922592225,0.019904175873232104,0.5376790183667888,0.5779284797694039,NA
0.5,11,OnlineFPCA-sgd,0.1,7300,100,face,3,5,0.130121231079102,0.23759823690536147,0.391023453796136,0.41634456399744063,0.022214252781355442,0.5312650736346854,0.571866385114214,NA
0.5,11,OnlineFPCA-sgd,0.1,7400,100,face,3,5,0.132049798965454,0.19310624675561977,0.33839959980000844,0.43145790620058316,0.020618019669104624,0.5250542724813991,0.5664682068251137,NA
0.5,11,OnlineFPCA-sgd,0.1,7500,100,face,3,5,0.132813453674316,0.178059173674592,0.32544410002653656,0.3885348342619618,0.019632150522371414,0.5184038289791874,0.5604713192501937,NA
0.5,11,OnlineFPCA-sgd,0.1,7600,100,face,3,5,0.139237642288208,0.12206643648028628,0.33227794981556225,0.3847908109529003,0.019824370301009957,0.5113879864591157,0.5537552227780151,NA
0.5,11,OnlineFPCA-sgd,0.1,7700,100,face,3,5,0.163949489593506,0.07764803399688391,0.29314903485416066,0.4300714216906763,0.017825518747838946,0.5042470732792529,0.5474144893043534,NA
0.5,11,OnlineFPCA-sgd,0.1,7800,100,face,3,5,0.152498722076416,0.2301103711196047,0.32866344823966603,0.4497134494885928,0.018855057210934924,0.4968632045297515,0.5418095629157934,NA
0.5,11,OnlineFPCA-sgd,0.1,7900,100,face,3,5,0.129734992980957,0.14501103523603684,0.29755177420057327,0.4182973085489667,0.016893229851108877,0.48986807459081716,0.5364117846111461,NA
0.5,11,OnlineFPCA-sgd,0.1,8000,100,face,3,5,0.132192373275757,0.23381221862303941,0.2594070680138879,0.4775645607340187,0.017053326453619337,0.48361375312298976,0.5318475279839003,NA
0.5,11,OnlineFPCA-sgd,0.1,8100,100,face,3,5,0.129983901977539,0.22339260260316202,0.3467680227207295,0.41605369219596233,0.015795073337687326,0.47695053498743734,0.52687859516415,NA
0.5,11,OnlineFPCA-sgd,0.1,8200,100,face,3,5,0.132105588912964,0.16643607258150026,0.29402813332980093,0.347626409135713,0.016501978799326474,0.47050276919929085,0.5211213831506494,NA
0.5,11,OnlineFPCA-sgd,0.1,8300,100,face,3,5,0.128207445144653,0.21300024413521748,0.25595326334608365,0.3477495376194753,0.016724284862716224,0.46396791337919846,0.5151256363022331,NA
0.5,11,OnlineFPCA-sgd,0.1,8400,100,face,3,5,0.132267475128174,0.2349610244846742,0.2820575642913207,0.428634433563376,0.015693005124865298,0.45759515123194217,0.5100864042158897,NA
0.5,11,OnlineFPCA-sgd,0.1,8500,100,face,3,5,0.136496543884277,0.14321056115725334,0.24307040482165695,0.33555443518172334,0.01610376950874273,0.4516270640632093,0.5056014467234232,NA
0.5,11,OnlineFPCA-sgd,0.1,8600,100,face,3,5,0.134179592132568,0.29658331272156513,0.38327028049146245,0.2610385752782231,0.01927755640680939,0.44517159041802284,0.4997896848460566,NA
0.5,11,OnlineFPCA-sgd,0.1,8700,100,face,3,5,0.170242547988892,0.1947282035971922,0.16650775772436355,0.22865571272197585,0.01998233722807509,0.4374511014938924,0.4928805737054818,NA
0.5,11,OnlineFPCA-sgd,0.1,8800,100,face,3,5,0.154053211212158,0.20360781629648084,0.1726314278784956,0.27849807028494733,0.019587811793913723,0.43011498497333156,0.486038219414528,NA
0.5,11,OnlineFPCA-sgd,0.1,8900,100,face,3,5,0.131252288818359,0.1544086316990847,0.2828839788570869,0.3208063330370165,0.02023364459950965,0.42370865748241526,0.48007291737645796,NA
0.5,11,OnlineFPCA-sgd,0.1,9000,100,face,3,5,0.131789445877075,0.2532254127394703,0.16194534364084426,0.2745261281896298,0.020934607316977525,0.4174339722804805,0.4744893160150824,NA
0.5,11,OnlineFPCA-sgd,0.1,9100,100,face,3,5,0.134809732437134,0.2838624232158445,0.28564848681112204,0.23236662132705194,0.023603016059628692,0.41138865635193544,0.46785501730513235,NA
0.5,11,OnlineFPCA-sgd,0.1,9200,100,face,3,5,0.127975225448608,0.22242850373046433,0.1511128018675969,0.18891454571237928,0.023649649097513138,0.40513787558421477,0.46086848869928126,NA
0.5,11,OnlineFPCA-sgd,0.1,9300,100,face,3,5,0.134929895401001,0.1568089044623107,0.20800390951453937,0.2140273496226501,0.022699885085517228,0.39937370432892677,0.454652333820781,NA
0.5,11,OnlineFPCA-sgd,0.1,9400,100,face,3,5,0.131775856018066,0.21692228679756767,0.16250284562418058,0.15619286026196957,0.02340915068834083,0.393537472838468,0.4485972386103889,NA
0.5,11,OnlineFPCA-sgd,0.1,9500,100,face,3,5,0.131808757781982,0.17376417861086094,0.22034101691287547,0.18153376521092215,0.023949551625595075,0.38787705716137627,0.4431425482945827,NA
0.5,11,OnlineFPCA-sgd,0.1,9600,100,face,3,5,0.138354778289795,0.03393578106903237,0.18040943383573224,0.21538864239510552,0.024739130161611122,0.3824778725690178,0.4382843880596741,NA
0.5,11,OnlineFPCA-sgd,0.1,9700,100,face,3,5,0.151134729385376,0.16925679518051728,0.22883428639343428,0.2485054260830763,0.026032125349865026,0.37741972632931725,0.4337553020898809,NA
0.5,11,OnlineFPCA-sgd,0.1,9800,100,face,3,5,0.160537958145142,0.29040990745944484,0.18677944710308902,0.2952989287383795,0.026647950105171212,0.37215490752293384,0.42927849633861437,NA
0.5,11,OnlineFPCA-sgd,0.1,9900,100,face,3,5,0.129309892654419,0.22133176236854787,0.18488660020475586,0.28013835063113124,0.027518287487766052,0.36684984917558355,0.4252985452175858,NA
0.5,11,OnlineFPCA-sgd,0.1,10000,100,face,3,5,0.136651277542114,0.160809966579007,0.2030667958678914,0.2834317037410729,0.02755193706309708,0.36208697100338294,0.42146264939555844,NA
0.5,11,OnlineFPCA-sgd,0.1,10100,100,face,3,5,0.130342245101929,0.1558412111144204,0.19468283985516857,0.2113845713177652,0.02672557077746869,0.3578865769212641,0.4176397442207167,NA
0.5,11,OnlineFPCA-sgd,0.1,10200,100,face,3,5,0.13160252571106,0.11813951668364725,0.1309091060208735,0.17732186075939613,0.025895551956328318,0.3537216883473634,0.4132984668454388,NA
0.5,11,OnlineFPCA-sgd,0.1,10300,100,face,3,5,0.132915735244751,0.1638080737534856,0.289880977512285,0.27370203139384364,0.02586288660572786,0.3493924654696747,0.40968469859541334,NA
0.5,11,OnlineFPCA-sgd,0.1,10400,100,face,3,5,0.133280754089355,0.20508953737023491,0.18341528470510818,0.29601160244410796,0.025837191028251015,0.3451926628292047,0.4064139116760822,NA
0.5,11,OnlineFPCA-sgd,0.1,10500,100,face,3,5,0.135197401046753,0.1764201738429396,0.20120143081143002,0.2646229412261518,0.025371129322650388,0.3414922491729691,0.4036160311947011,NA
0.5,11,OnlineFPCA-sgd,0.1,10600,100,face,3,5,0.132850170135498,0.13599620568534174,0.1279294798107845,0.326407471826106,0.02515758224822156,0.3377914224804635,0.40077724885228855,NA
0.5,11,OnlineFPCA-sgd,0.1,10700,100,face,3,5,0.159886837005615,0.23129397573338845,0.17954985325324666,0.24216942015423928,0.024212088902387456,0.33409085391465276,0.3976027134453329,NA
0.5,11,OnlineFPCA-sgd,0.1,10800,100,face,3,5,0.162719964981079,0.14197426707182553,0.19534289296719726,0.2704127548087673,0.02448258011888682,0.33016995814459493,0.3943149785025772,NA
0.5,11,OnlineFPCA-sgd,0.1,10900,100,face,3,5,0.130141973495483,0.17563964613936212,0.1959979948716644,0.26460122425632404,0.0258563691330153,0.32641256873236135,0.3912104386262038,NA
0.5,11,OnlineFPCA-sgd,0.1,11000,100,face,3,5,0.132731914520264,0.13403384011278574,0.13832028175867148,0.23103231369703012,0.025510239543384338,0.3226008998087453,0.38754773473558446,NA
0.5,11,OnlineFPCA-sgd,0.1,11100,100,face,3,5,0.132643938064575,0.18032477208453584,0.1677151623343542,0.2476553905422265,0.024867005106598342,0.31899872321974776,0.3839834579485961,NA
0.5,11,OnlineFPCA-sgd,0.1,11200,100,face,3,5,0.128737926483154,0.19799347893177582,0.1965657411898782,0.23999621543289895,0.02389788949835541,0.31537655312100843,0.3805869031833877,NA
0.5,11,OnlineFPCA-sgd,0.1,11300,100,face,3,5,0.129800081253052,0.1128993180657392,0.12439925687621223,0.2767821740556255,0.02320790780607843,0.3119065095887523,0.37787143786142946,NA
0.5,11,OnlineFPCA-sgd,0.1,11400,100,face,3,5,0.136195659637451,0.2376927074562047,0.11935062648343339,0.3064910387653886,0.0224143530267933,0.30858584585325516,0.3755058895953539,NA
0.5,11,OnlineFPCA-sgd,0.1,11500,100,face,3,5,0.134995460510254,0.20947130973529446,0.1372703286322914,0.2535567344359091,0.02241444836718688,0.3052181008691353,0.3730278659389207,NA
0.5,11,OnlineFPCA-sgd,0.1,11600,100,face,3,5,0.13382363319397,0.1600506190724191,0.12544420095833758,0.4110914441494986,0.021665323887155297,0.3019130536221651,0.37120440536109917,NA
0.5,11,OnlineFPCA-sgd,0.1,11700,100,face,3,5,0.156946420669556,0.12982628887550246,0.13681548124794504,0.36081714390383657,0.021308922365301672,0.29866329910114603,0.3700400193081068,NA
0.5,11,OnlineFPCA-sgd,0.1,11800,100,face,3,5,0.167123556137085,0.1783801822052007,0.15240273789123224,0.32218947874689147,0.020328496178769685,0.29510981569135725,0.3683416519088654,NA
0.5,11,OnlineFPCA-sgd,0.1,11900,100,face,3,5,0.138307571411133,0.15963054478467747,0.13990082547433863,0.2759911745376912,0.01969415960111825,0.29176320277208356,0.36667579774377573,NA
0.5,11,OnlineFPCA-sgd,0.1,12000,100,face,3,5,0.127895355224609,0.13791005494945033,0.15483811295269484,0.3231394810504622,0.0187681453665673,0.28854382629390224,0.36465800663735626,NA
0.5,11,OnlineFPCA-sgd,0.1,12100,100,face,3,5,0.132651329040527,0.18916344713300495,0.10269973367715454,0.26891343268572815,0.018251907628968413,0.28532525154084304,0.3625159579341429,NA
0.5,11,OnlineFPCA-sgd,0.1,12200,100,face,3,5,0.125628232955933,0.21879146141457345,0.07526909145833913,0.19075674269066784,0.01878273084879096,0.2819121284208385,0.3595344283667702,NA
0.5,11,OnlineFPCA-sgd,0.1,12300,100,face,3,5,0.133765459060669,0.1798714860174967,0.14454628507812087,0.2422970244299147,0.01920470717887021,0.2784923998086784,0.3569855692706981,NA
0.5,11,OnlineFPCA-sgd,0.1,12400,100,face,3,5,0.131619215011597,0.1709532355906407,0.11048052126153655,0.2763260625743517,0.01860942233708288,0.2752610873880069,0.35476665980416844,NA
0.5,11,OnlineFPCA-sgd,0.1,12500,100,face,3,5,0.13090705871582,0.15632838881833197,0.16409696057280582,0.23817508660375405,0.018131532710095835,0.27212698556233106,0.35252007119207873,NA
0.5,11,OnlineFPCA-sgd,0.1,12600,100,face,3,5,0.1340172290802,0.09817424990535245,0.1819413122826895,0.24147837174755715,0.01844214218902431,0.2689728080853855,0.3501051164790293,NA
0.5,11,OnlineFPCA-sgd,0.1,12700,100,face,3,5,0.134563446044922,0.0730414613869768,0.19047012614353084,0.3035545531515079,0.01757220436605336,0.2658511967727347,0.3478275534949319,NA
0.5,11,OnlineFPCA-sgd,0.1,12800,100,face,3,5,0.164387464523315,0.20024184192442054,0.23557932225336936,0.31546879365856567,0.017704238851051494,0.2624548944446893,0.3457291704706191,NA
0.5,11,OnlineFPCA-sgd,0.1,12900,100,face,3,5,0.326064109802246,0.10659795632616144,0.19410520585811655,0.3032103546198539,0.016654274033680305,0.25922292861491936,0.34375463484791496,NA
0.5,11,OnlineFPCA-sgd,0.1,13000,100,face,3,5,0.134235382080078,0.21009179698862807,0.12050166501809707,0.3657487887550214,0.01643843179403248,0.2563013817997445,0.3420947834717046,NA
0.5,11,OnlineFPCA-sgd,0.1,13100,100,face,3,5,0.133804798126221,0.204432113472282,0.23741655561321537,0.33452346715860315,0.016340582049618597,0.253295114124181,0.3404151474880062,NA
0.5,11,OnlineFPCA-sgd,0.1,13200,100,face,3,5,0.131478309631348,0.11875676144478518,0.18958964757659666,0.27528367704192735,0.016683628053675216,0.25037546765214547,0.33844292582722585,NA
0.5,11,OnlineFPCA-sgd,0.1,13300,100,face,3,5,0.134096145629883,0.1691233261769812,0.1726954059413721,0.2874901417756849,0.016865919500898077,0.2475881459715414,0.33632516107597366,NA
0.5,11,OnlineFPCA-sgd,0.1,13400,100,face,3,5,0.134945631027222,0.21504644103286719,0.18451095960790534,0.36303295520272455,0.01637607538180879,0.24500107621486897,0.3347157256522286,NA
0.5,11,OnlineFPCA-sgd,0.1,13500,100,face,3,5,0.131834506988525,0.12745682134104078,0.14695989072278154,0.27558381804404164,0.016508994941704488,0.24254040439460123,0.3334186483314716,NA
0.5,11,OnlineFPCA-sgd,0.1,13600,100,face,3,5,0.134240865707397,0.2564637715903209,0.3113807518120595,0.20625378182331924,0.017781797822240264,0.2399680801540808,0.33144730464960304,NA
0.5,11,OnlineFPCA-sgd,0.1,13700,100,face,3,5,0.138570785522461,0.158101134740333,0.16113378391195177,0.21115386112292311,0.018111329516131553,0.23691736069509856,0.32900420341660847,NA
0.5,11,OnlineFPCA-sgd,0.1,13800,100,face,3,5,0.164122104644775,0.18259263117684008,0.14808604783238052,0.2603151417169063,0.018027819694666117,0.23407686548913365,0.32669428490591873,NA
0.5,11,OnlineFPCA-sgd,0.1,13900,100,face,3,5,0.153532266616821,0.14272468103599495,0.2136975527181648,0.29957029842089355,0.018347078831100778,0.23153830236244843,0.32475197854489124,NA
0.5,11,OnlineFPCA-sgd,0.1,14000,100,face,3,5,0.131890773773193,0.22042093207244196,0.11619107137826193,0.2613674595600386,0.018782536234664714,0.22903880499806492,0.32299996670037495,NA
0.5,11,OnlineFPCA-sgd,0.1,14100,100,face,3,5,0.13101863861084,0.26278032515863414,0.24510164350017175,0.23482245569225985,0.02026260697720602,0.2266481169966169,0.32064933702028375,NA
0.5,11,OnlineFPCA-sgd,0.1,14200,100,face,3,5,0.130562543869019,0.17936819548417757,0.09828802416890024,0.16120912246554422,0.020320146014812954,0.22426653023247312,0.31794827524670205,NA
0.5,11,OnlineFPCA-sgd,0.1,14300,100,face,3,5,0.129549026489258,0.14300542447802553,0.1540251170677687,0.1740473180812002,0.019859342726003527,0.22198773822255422,0.31543814292082406,NA
0.5,11,OnlineFPCA-sgd,0.1,14400,100,face,3,5,0.129942655563354,0.1882218331887916,0.11789767328462317,0.13153503515776457,0.02010293568049089,0.21966371828843737,0.31302071481027743,NA
0.5,11,OnlineFPCA-sgd,0.1,14500,100,face,3,5,0.131787300109863,0.1573646961432828,0.1774167420021697,0.15109023161176982,0.02020098395423267,0.21742535460119952,0.31086200211685444,NA
0.5,11,OnlineFPCA-sgd,0.1,14600,100,face,3,5,0.132104873657227,0.04377707915165131,0.14298324316685618,0.17254144061880713,0.020559918825800008,0.2152728618234959,0.3089795677799474,NA
0.5,11,OnlineFPCA-sgd,0.1,14700,100,face,3,5,0.134655237197876,0.1415325759789813,0.18288135852627146,0.20097858787377623,0.02126546404404423,0.21328651591351802,0.3072685330029453,NA
0.5,11,OnlineFPCA-sgd,0.1,14800,100,face,3,5,0.152971506118774,0.26193212445262837,0.16867903050817623,0.237865489212467,0.021649636866038283,0.21120799962441542,0.30560955025158937,NA
0.5,11,OnlineFPCA-sgd,0.1,14900,100,face,3,5,0.148177862167358,0.1958669057920938,0.14242451609183587,0.22034199200632695,0.022207746668630353,0.2090773521211174,0.3041849092266369,NA
0.5,11,OnlineFPCA-sgd,0.1,15000,100,face,3,5,0.131648302078247,0.13454502806059013,0.16435611303109166,0.23767415719167861,0.022382602185116365,0.2071803408115924,0.30280992002072,NA
0.5,11,OnlineFPCA-adagrad,0.1,0,100,face,3,5,1.04529428482056,0.2570427630092802,1.428822454486776,1.343290160053517,0.2570427630092802,1.428822454486776,1.343290160053517,0.010000000000000014
0.5,11,OnlineFPCA-adagrad,0.1,100,100,face,3,5,0.489245891571045,1.139858968685923,0.767903293696973,0.6002527394662359,NA,NA,NA,5.623413251903499e-4
0.5,11,OnlineFPCA-adagrad,0.1,200,100,face,3,5,0.474581480026245,1.413632523581281,1.4102283124094688,0.49598713331481503,NA,NA,NA,5.623413251903499e-4
0.5,11,OnlineFPCA-adagrad,0.1,300,100,face,3,5,0.464003562927246,1.4204101080841156,1.4154490801025021,0.571615154739319,NA,NA,NA,1.481396038819833e-4
0.5,11,OnlineFPCA-adagrad,0.1,400,100,face,3,5,0.478747129440308,0.699673657905562,1.014150787833326,1.1672113723987452,NA,NA,NA,1.481396038819833e-4
0.5,11,OnlineFPCA-adagrad,0.1,500,100,face,3,5,0.482784748077393,0.4485699937496312,0.9154010941443611,0.7029780586055512,NA,NA,NA,5.827832081473629e-5
0.5,11,OnlineFPCA-adagrad,0.1,600,100,face,3,5,0.480118274688721,1.4047669598665222,1.3522782453909974,0.7564225779940295,NA,NA,NA,1.3247250556527366e-4
0.5,11,OnlineFPCA-adagrad,0.1,700,100,face,3,5,0.48157525062561,1.395398860168238,1.3460101743644812,0.6693782519626047,NA,NA,NA,2.768642079670043e-4
0.5,11,OnlineFPCA-adagrad,0.1,800,100,face,3,5,0.488345146179199,1.3895958569041857,1.3501239116845252,0.6169807569125719,NA,NA,NA,5.418007790474978e-4
0.5,11,OnlineFPCA-adagrad,0.1,900,100,face,3,5,0.47958517074585,1.3882498499200604,1.3511336654470383,0.5936220280845913,NA,NA,NA,5.418007790474978e-4
0.5,11,OnlineFPCA-adagrad,0.1,1000,100,face,3,5,0.495695352554321,1.387695157018292,1.3527404856731942,0.5822027318814768,NA,NA,NA,3.05092713668186e-4
0.5,11,OnlineFPCA-adagrad,0.1,1100,100,face,3,5,0.674511671066284,0.423574128157054,0.32679309892828223,0.3519330685144121,0.5048289730487052,0.6384554397996721,0.44768880094149477,1.7828749362853687e-4
0.5,11,OnlineFPCA-adagrad,0.1,1200,100,face,3,5,0.675542593002319,0.4741636121666616,1.0899813941790388,1.0128950671619166,0.6985875648747097,1.1243455255408454,0.9093766920005976,1.0754650633932907e-4
0.5,11,OnlineFPCA-adagrad,0.1,1300,100,face,3,5,0.68551778793335,0.54503664641748,1.0943689253955473,0.9730503466977944,0.6321291619259147,1.1111337677060327,0.9338693588302358,6.668581099607977e-5
0.5,11,OnlineFPCA-adagrad,0.1,1400,100,face,3,5,0.678911447525024,0.5777910477752766,1.0681705287461944,0.9425840486478702,0.6104831778543708,1.104875761620494,0.9371414921267189,1.0497922900138948e-4
0.5,11,OnlineFPCA-adagrad,0.1,1500,100,face,3,5,0.691823482513428,0.5920235699246689,1.0481366099290013,0.9138493879428747,0.6005086740729664,1.0953810595256672,0.9325862243003922,1.6176404342387146e-4
0.5,11,OnlineFPCA-adagrad,0.1,1600,100,face,3,5,0.692086696624756,0.5578385345326016,1.017813469366103,0.9216802687235083,0.5936228743027213,1.0850238023096932,0.9281634270402265,7.078052147745605e-5
0.5,11,OnlineFPCA-adagrad,0.1,1700,100,face,3,5,0.667619943618774,0.5731150707640181,1.0101964794173464,0.9245011260814431,0.5866428000229446,1.0756962344112742,0.9263033339006805,3.2052390818747045e-5
0.5,11,OnlineFPCA-adagrad,0.1,1800,100,face,3,5,0.862021684646606,0.5528379279950185,0.9807065194662646,0.8942389124860992,0.581386011974548,1.065648621935121,0.9228308895688727,3.2052390818747045e-5
0.5,11,OnlineFPCA-adagrad,0.1,1900,100,face,3,5,0.663281202316284,0.5388704246216268,0.9606299023382149,0.8779642563255128,0.5751316405356255,1.0543922598427917,0.9184329775829146,3.2052390818747045e-5
0.5,11,OnlineFPCA-adagrad,0.1,2000,100,face,3,5,0.675476789474487,0.505760257223782,0.920739714148663,0.8571262916782827,0.568520724972035,1.0423400431875396,0.9118559182570986,2.2507741892695294e-5
0.5,11,OnlineFPCA-adagrad,0.1,2100,100,face,3,5,0.681051015853882,0.48538608398594507,0.8824634549794352,0.8271517716643412,0.5583838752406324,1.0298355033878648,0.904429153510434,1.599404706938949e-5
0.5,11,OnlineFPCA-adagrad,0.1,2200,100,face,3,5,0.685940980911255,0.36701241819502106,0.8228875362200537,0.798567504644819,0.5392754268025156,1.0135207307370195,0.8951217103464262,1.599404706938949e-5
0.5,11,OnlineFPCA-adagrad,0.1,2300,100,face,3,5,0.665294885635376,0.3732492281589853,0.8527061593353965,0.8163257147434365,0.5154585322085476,0.9965327640383397,0.8892161930462585,1.599404706938949e-5
0.5,11,OnlineFPCA-adagrad,0.1,2400,100,face,3,5,0.655651569366455,0.16733452173956823,0.755229998242682,0.784906894263297,0.4773245551714024,0.9711120445593464,0.8823488850600281,1.599404706938949e-5
0.5,11,OnlineFPCA-adagrad,0.1,2500,100,face,3,5,0.686440706253052,0.21436412063802718,0.7135893063875189,0.7331385823481927,0.44594110457649616,0.9467695196720456,0.8726581286684936,1.1820394728755048e-5
0.5,11,OnlineFPCA-adagrad,0.1,2600,100,face,3,5,0.710325956344604,0.10708978325176234,0.7199601545174452,0.7288835179933508,0.42133922926265016,0.9278782074394613,0.8623121455078001,1.1820394728755048e-5
0.5,11,OnlineFPCA-adagrad,0.1,2700,100,face,3,5,0.750615119934082,0.07322300666290538,0.697844024344084,0.7594283434112619,0.3999593246743825,0.9114323456688967,0.8548327838387211,6.6643013898906405e-6
0.5,11,OnlineFPCA-adagrad,0.1,2800,100,face,3,5,0.743740797042847,0.12377744356780562,0.7109639643595322,0.7897089630590723,0.3779836143685691,0.8963835491771358,0.8495270394277514,6.6643013898906405e-6
0.5,11,OnlineFPCA-adagrad,0.1,2900,100,face,3,5,0.733376741409302,0.09332371831675154,0.714973437321064,0.7732857531017588,0.3551290503993928,0.8826542797015793,0.8445750271219084,5.074431784684885e-6
0.5,11,OnlineFPCA-adagrad,0.1,3000,100,face,3,5,0.717672348022461,0.22022823535554542,0.7276631309664652,0.7410231801115358,0.33552446045859086,0.8705971944972151,0.8388439659665516,3.888625522122871e-6
0.5,11,OnlineFPCA-adagrad,0.1,3100,100,face,3,5,0.715212821960449,0.16541398423813042,0.75250469060074,0.6745629982375329,0.32294182598514104,0.8596096071725409,0.8316025240655215,2.9979733046990365e-6
0.5,11,OnlineFPCA-adagrad,0.1,3200,100,face,3,5,0.744353055953979,0.12814555519651694,0.7545817971411096,0.7156818453733786,0.3079993536461741,0.8497346879029413,0.8252902613953518,1.8024237123708295e-6
0.5,11,OnlineFPCA-adagrad,0.1,3300,100,face,3,5,0.74551248550415,0.17312156426861613,0.7171890545960645,0.7529713783546474,0.29859790598312336,0.8425354589846266,0.8210117548005142,1.4051603394559614e-6
0.5,11,OnlineFPCA-adagrad,0.1,3400,100,face,3,5,0.723238706588745,0.20403023044494895,0.7725326973625263,0.7294844151509984,0.2914387238510481,0.8358998750566722,0.8166355183267853,1.4051603394559614e-6
0.5,11,OnlineFPCA-adagrad,0.1,3500,100,face,3,5,0.734150648117065,0.13202883939675586,0.7024952712221106,0.6709073607965941,0.28524380132819405,0.8302342583550428,0.8119482886617129,1.10651711992428e-6
0.5,11,OnlineFPCA-adagrad,0.1,3600,100,face,3,5,0.931009292602539,0.2640630417411664,0.7015682842132567,0.6683808225127112,0.2810496649083306,0.8235396072992249,0.8052371351579186,1.10651711992428e-6
0.5,11,OnlineFPCA-adagrad,0.1,3700,100,face,3,5,0.696788549423218,0.11421982800805593,0.6388623541952815,0.6559496590134027,0.2742076981400427,0.8152903397559537,0.7982493668037653,6.987801353307629e-7
0.5,11,OnlineFPCA-adagrad,0.1,3800,100,face,3,5,0.771772623062134,0.15559306682798876,0.6749188918187621,0.6883974931731088,0.26515858087659977,0.808014649492872,0.7933050575668811,4.4505615608656134e-7
0.5,11,OnlineFPCA-adagrad,0.1,3900,100,face,3,5,0.739632368087769,0.13747299317987635,0.7538042042806562,0.6706589404237971,0.2571992345410991,0.8030120358262606,0.7882475284935084,4.4505615608656134e-7
0.5,11,OnlineFPCA-adagrad,0.1,4000,100,face,3,5,0.738925457000732,0.2494349463038379,0.7984201889714289,0.7840261582541276,0.2494349463038379,0.7984201889714289,0.7840261582541276,3.5801970724443727e-7
0.5,11,OnlineFPCA-adagrad,0.1,4100,100,face,3,5,0.718872308731079,0.28999776375803415,0.7842777576231021,0.7204126543508628,0.24159054435015298,0.7974585740390515,0.7509822800464404,3.5801970724443727e-7
0.5,11,OnlineFPCA-adagrad,0.1,4200,100,face,3,5,0.7445387840271,0.1510936034556399,0.7013277400909075,0.7480350147075174,0.1850231888299016,0.7561547343912574,0.7324024756802454,2.901164105514047e-7
0.5,11,OnlineFPCA-adagrad,0.1,4300,100,face,3,5,0.743738412857056,0.13301723000373222,0.7181409788194648,0.7014841197579263,0.14545021873460845,0.7291347569677287,0.7195524907013782,2.901164105514047e-7
0.5,11,OnlineFPCA-adagrad,0.1,4400,100,face,3,5,0.730217695236206,0.15204098341923258,0.7146590193046631,0.7244675694952559,0.12162050647089302,0.7217635267346896,0.7131073207296731,2.901164105514047e-7
0.5,11,OnlineFPCA-adagrad,0.1,4500,100,face,3,5,0.74467945098877,0.15234401188063304,0.7302589127661762,0.684510540529867,0.10589934917244213,0.7171164219549276,0.7114789791162445,2.901164105514047e-7
0.5,11,OnlineFPCA-adagrad,0.1,4600,100,face,3,5,0.743544578552246,0.05862308068332835,0.7618030771719162,0.7096677977429082,0.0998271978309881,0.7183270943879809,0.7134215174033165,2.901164105514047e-7
0.5,11,OnlineFPCA-adagrad,0.1,4700,100,face,3,5,0.722954988479614,0.11167412012596366,0.7349735100372184,0.7457627191683243,0.09632313867345979,0.7188249816863849,0.7130721674457606,2.901164105514047e-7
0.5,11,OnlineFPCA-adagrad,0.1,4800,100,face,3,5,0.737655639648438,0.23201277897284844,0.7007522024011337,0.7495029491773956,0.0904251351509595,0.7162723263001718,0.7090918114034431,2.901164105514047e-7
0.5,11,OnlineFPCA-adagrad,0.1,4900,100,face,3,5,0.729210615158081,0.1667266861950644,0.7195219236858139,0.7709574914123617,0.08923581027920686,0.7143913868440513,0.7124419133795292,2.4020390003123736e-7
0.5,11,OnlineFPCA-adagrad,0.1,5000,100,face,3,5,0.735737800598145,0.11626744641469776,0.7483458776249241,0.7543227727056695,0.081687477138241385,0.7135818390671524,0.7152688370295156,2.4020390003123736e-7
0.5,11,OnlineFPCA-adagrad,0.1,5100,100,face,3,5,0.149572610855103,0.15130083723554663,0.7380677747477606,0.7153818189842993,0.06961104203696176,0.7141386718006493,0.7162914503119079,NA
0.5,11,OnlineFPCA-adagrad,0.1,5200,100,face,3,5,0.147271156311035,0.09402223868682215,0.6957622039328032,0.695996200276851,0.062370507566969505,0.7127166367954676,0.713989292361303,NA
0.5,11,OnlineFPCA-adagrad,0.1,5300,100,face,3,5,0.14728832244873,0.12929934093744916,0.7348414287345567,0.7547217256937537,0.06018700792624469,0.7099473565099954,0.7152121515320196,NA
0.5,11,OnlineFPCA-adagrad,0.1,5400,100,face,3,5,0.150540828704834,0.16169875131192304,0.7015151116624715,0.7186689248924168,0.055642378976345774,0.7066197205313268,0.7153656174211883,NA
0.5,11,OnlineFPCA-adagrad,0.1,5500,100,face,3,5,0.147165298461914,0.0937357282503984,0.6876603188177279,0.6814414730153281,0.051839764447134305,0.7049512423186216,0.7146895392975305,NA
0.5,11,OnlineFPCA-adagrad,0.1,5600,100,face,3,5,0.140843868255615,0.10987656146131926,0.6581287647702633,0.7173055852373355,0.04691565506492803,0.7021870206422589,0.7122850195377001,NA
0.5,11,OnlineFPCA-adagrad,0.1,5700,100,face,3,5,0.151873350143433,0.1799025862776099,0.6336375659495537,0.6832465753517987,0.041287017292377215,0.6987162578825938,0.7104387116053472,NA
0.5,11,OnlineFPCA-adagrad,0.1,5800,100,face,3,5,0.144964456558228,0.1281049000855648,0.6289000620884531,0.7037611518802268,0.03974746021753358,0.6941299214246146,0.708467664913899,NA
0.5,11,OnlineFPCA-adagrad,0.1,5900,100,face,3,5,0.147438287734985,0.12369196284428968,0.6339397381299359,0.638535187338499,0.043181028187059385,0.6901469884741648,0.7067589293628354,NA
0.5,11,OnlineFPCA-adagrad,0.1,6000,100,face,3,5,0.154361486434937,0.06472794958112592,0.5982800000461241,0.6573609903118978,0.0426108341740756,0.6853582044243121,0.7029803490111085,NA
0.5,11,OnlineFPCA-adagrad,0.1,6100,100,face,3,5,0.141393184661865,0.10570177981978718,0.6142409411717327,0.6629339089666239,0.040997538612781347,0.6815836186604962,0.6996756330939975,NA
0.5,11,OnlineFPCA-adagrad,0.1,6200,100,face,3,5,0.148727416992188,0.12269922038175382,0.6123702999831214,0.692205820686883,0.03676734194065625,0.6780411901799362,0.6974264955217107,NA
0.5,11,OnlineFPCA-adagrad,0.1,6300,100,face,3,5,0.145987272262573,0.10115100386392939,0.5990232641824532,0.6444061802197635,0.0338806405219082,0.6748005821573845,0.6952474004307853,NA
0.5,11,OnlineFPCA-adagrad,0.1,6400,100,face,3,5,0.155531167984009,0.15611658666092743,0.5951691502969109,0.6264198966739785,0.03163498026648235,0.6713806129706938,0.6921296889084906,NA
0.5,11,OnlineFPCA-adagrad,0.1,6500,100,face,3,5,0.148562431335449,0.12457592270257124,0.5384692298424111,0.5288023311230747,0.03127003919292204,0.6662296657562851,0.6864284494553553,NA
0.5,11,OnlineFPCA-adagrad,0.1,6600,100,face,3,5,0.144163370132446,0.10691740303557266,0.5763944524460515,0.6330465107684268,0.028816725406197057,0.6616167305713234,0.6809213533333667,NA
0.5,11,OnlineFPCA-adagrad,0.1,6700,100,face,3,5,0.152832984924316,0.10535689595870135,0.5432678320949711,0.6398941851101483,0.026952837145619746,0.657081815817658,0.677339395363351,NA
0.5,11,OnlineFPCA-adagrad,0.1,6800,100,face,3,5,0.150220155715942,0.140259235166608,0.5347281954659657,0.5924545038744653,0.02458964929675392,0.6514342095105885,0.673720100157424,NA
0.5,11,OnlineFPCA-adagrad,0.1,6900,100,face,3,5,0.146093606948853,0.10319677095171251,0.5227493441673865,0.5612603000089116,0.022740390347753138,0.6462643771464772,0.6703043202239409,NA
0.5,11,OnlineFPCA-adagrad,0.1,7000,100,face,3,5,0.153937339782715,0.09425024908041255,0.5303515350509108,0.5620524033971582,0.02127095208005081,0.6412065528918413,0.665669562848047,NA
0.5,11,OnlineFPCA-adagrad,0.1,7100,100,face,3,5,0.1477370262146,0.11230723306939762,0.4923259203856185,0.5358360659520035,0.020118386623451362,0.6359581125699789,0.6611339565155885,NA
0.5,11,OnlineFPCA-adagrad,0.1,7200,100,face,3,5,0.151549339294434,0.18290598941755035,0.47318738552614875,0.4920445067763381,0.02142966750247265,0.6305322592998492,0.6548798882129537,NA
0.5,11,OnlineFPCA-adagrad,0.1,7300,100,face,3,5,0.148694515228271,0.09733786601701026,0.511886983889029,0.5443787293357492,0.023698354050234426,0.625155760970039,0.6499705166098035,NA
0.5,11,OnlineFPCA-adagrad,0.1,7400,100,face,3,5,0.146321535110474,0.10104333082188284,0.4296566848547949,0.5399179624495853,0.022689184423241186,0.6196567743236209,0.6454645424400812,NA
0.5,11,OnlineFPCA-adagrad,0.1,7500,100,face,3,5,0.157574653625488,0.11320003574991835,0.410218463253755,0.4536002962489281,0.022008228457460918,0.6128853571020826,0.6394609929556212,NA
0.5,11,OnlineFPCA-adagrad,0.1,7600,100,face,3,5,0.142058134078979,0.09107140109167756,0.3819595335907655,0.4363408774547093,0.02193775449355886,0.6051393651233945,0.6319974228617576,NA
0.5,11,OnlineFPCA-adagrad,0.1,7700,100,face,3,5,0.148926973342896,0.05748979175578184,0.32559613194495046,0.47969055789362625,0.020659588347185773,0.5967225666688544,0.6245986099091222,NA
0.5,11,OnlineFPCA-adagrad,0.1,7800,100,face,3,5,0.14765453338623,0.0983468087841844,0.3598114353052362,0.5217290470800078,0.020113192649746627,0.5881960715065204,0.6181324906605052,NA
0.5,11,OnlineFPCA-adagrad,0.1,7900,100,face,3,5,0.14412522315979,0.06391575850117823,0.3268750006013323,0.4784737272165902,0.0186645528888104,0.5799354330074189,0.6115730283044762,NA
0.5,11,OnlineFPCA-adagrad,0.1,8000,100,face,3,5,0.151828765869141,0.18876498249132967,0.3108288837577011,0.5366097664784696,0.017389164028065413,0.5726703732957082,0.6058370432664402,NA
0.5,11,OnlineFPCA-adagrad,0.1,8100,100,face,3,5,0.148371458053589,0.16828289294651896,0.3846296288105351,0.47550940683145526,0.017311423604584972,0.5649784948567353,0.5995384858907126,NA
0.5,11,OnlineFPCA-adagrad,0.1,8200,100,face,3,5,0.158061742782593,0.0926688517300998,0.31753360403648057,0.40785965670376884,0.017128385095590948,0.5573517866810805,0.592953909895342,NA
0.5,11,OnlineFPCA-adagrad,0.1,8300,100,face,3,5,0.1471107006073,0.14572772695084757,0.27277755269799686,0.4063521938990501,0.017389886157756836,0.5494333077866357,0.5859699758771855,NA
0.5,11,OnlineFPCA-adagrad,0.1,8400,100,face,3,5,0.146153688430786,0.17179515706962467,0.29428895203060335,0.47413799368138826,0.017218737299028262,0.5417732794136241,0.5798936501088459,NA
0.5,11,OnlineFPCA-adagrad,0.1,8500,100,face,3,5,0.158149719238281,0.11394785353410912,0.24900831380788457,0.3179213772932292,0.017772055692058884,0.5345569112586276,0.5739504060654956,NA
0.5,11,OnlineFPCA-adagrad,0.1,8600,100,face,3,5,0.143985033035278,0.2113976112239392,0.32772633023422026,0.24140800847614466,0.020200380386003393,0.5267116767033092,0.5664088728729759,NA
0.5,11,OnlineFPCA-adagrad,0.1,8700,100,face,3,5,0.148361682891846,0.10902763856607046,0.1688752918724741,0.20921573757502412,0.02134325876543732,0.517335569920706,0.5576560067371867,NA
0.5,11,OnlineFPCA-adagrad,0.1,8800,100,face,3,5,0.161276340484619,0.13428294965077545,0.2228837642604847,0.2717644407666751,0.021047662982292003,0.5081998748046178,0.548908543747827,NA
0.5,11,OnlineFPCA-adagrad,0.1,8900,100,face,3,5,0.153343677520752,0.11945256179490818,0.3144699629944923,0.3147199076222045,0.020981178968593767,0.500477029207783,0.5412322722674897,NA
0.5,11,OnlineFPCA-adagrad,0.1,9000,100,face,3,5,0.146702289581299,0.15798163465051573,0.1708975032390253,0.2584912440308732,0.021481191551983598,0.49283184484893866,0.5338605804166292,NA
0.5,11,OnlineFPCA-adagrad,0.1,9100,100,face,3,5,0.148910045623779,0.2189597430372213,0.29381899610687845,0.21499960568668483,0.02371990919488368,0.4852848241527765,0.5253376534230388,NA
0.5,11,OnlineFPCA-adagrad,0.1,9200,100,face,3,5,0.148464918136597,0.10004140659052646,0.13639733816990637,0.18336255012296837,0.024443253384965422,0.47750646260080765,0.5162535034094835,NA
0.5,11,OnlineFPCA-adagrad,0.1,9300,100,face,3,5,0.152575254440308,0.10392563483900769,0.21083040934545225,0.22846699877043522,0.024178500021820388,0.4705765765995532,0.5082324243323146,NA
0.5,11,OnlineFPCA-adagrad,0.1,9400,100,face,3,5,0.142094612121582,0.11306049306977362,0.16323618383728453,0.17069656520006,0.02416904289635759,0.46369442353777673,0.5009726293293406,NA
0.5,11,OnlineFPCA-adagrad,0.1,9500,100,face,3,5,0.1545569896698,0.12756719412685222,0.22300245157377208,0.1798294450286177,0.02397631724704823,0.457053408110192,0.4946713831858341,NA
0.5,11,OnlineFPCA-adagrad,0.1,9600,100,face,3,5,0.149421691894531,0.05942632699558205,0.20809040380601398,0.24949196365659515,0.02444542078208549,0.4507720034506131,0.4891397234506544,NA
0.5,11,OnlineFPCA-adagrad,0.1,9700,100,face,3,5,0.143837451934814,0.08859523979520426,0.2538370977249968,0.26280057255900413,0.025453634833976755,0.4448754491119122,0.4839250090866951,NA
0.5,11,OnlineFPCA-adagrad,0.1,9800,100,face,3,5,0.150178194046021,0.18617647089378972,0.21710061977311057,0.30521712258801903,0.026093094981022434,0.438686863817979,0.47841789270476054,NA
0.5,11,OnlineFPCA-adagrad,0.1,9900,100,face,3,5,0.147469520568848,0.15046459831575157,0.2006034885793664,0.27970908645969117,0.02718995307435095,0.43247588280586674,0.47362190217214145,NA
0.5,11,OnlineFPCA-adagrad,0.1,10000,100,face,3,5,0.145815134048462,0.08608988739401686,0.22535060259779216,0.27612622599678327,0.027532666611027566,0.4267834247505888,0.46885488896152716,NA
0.5,11,OnlineFPCA-adagrad,0.1,10100,100,face,3,5,0.154058456420898,0.10650921991136093,0.20052614688495102,0.18557473109663425,0.027043189624337424,0.421798420872987,0.46394007025310613,NA
0.5,11,OnlineFPCA-adagrad,0.1,10200,100,face,3,5,0.13895845413208,0.08634630299044929,0.14037866770466123,0.15589341571596654,0.02657699670544774,0.41690130507243717,0.45840714847696895,NA
0.5,11,OnlineFPCA-adagrad,0.1,10300,100,face,3,5,0.168828010559082,0.10351465856472343,0.2839535815052941,0.23395655833685433,0.02650919742583633,0.41152850677594577,0.4535157245325269,NA
0.5,11,OnlineFPCA-adagrad,0.1,10400,100,face,3,5,0.149328708648682,0.12865485856172457,0.17195848178019615,0.25303468721586375,0.02619342493502991,0.40628707322858065,0.44889459391815933,NA
0.5,11,OnlineFPCA-adagrad,0.1,10500,100,face,3,5,0.150297164916992,0.0899425858876599,0.19362691362283643,0.22221487676425625,0.02598412848594682,0.4016840854761445,0.4447415125341099,NA
0.5,11,OnlineFPCA-adagrad,0.1,10600,100,face,3,5,0.340189933776855,0.09828183662475722,0.11370473124410704,0.2970906362924172,0.02575706840991914,0.3969733385282977,0.44038358464778665,NA
0.5,11,OnlineFPCA-adagrad,0.1,10700,100,face,3,5,0.143327713012695,0.1498207449930707,0.12523981990676086,0.2425916495838571,0.025174529641553912,0.39227184429904083,0.43609277208032127,NA
0.5,11,OnlineFPCA-adagrad,0.1,10800,100,face,3,5,0.153766632080078,0.12432598763146537,0.1947344663771937,0.27877847150405194,0.02502241394896372,0.38728638698267315,0.43181085980125455,NA
0.5,11,OnlineFPCA-adagrad,0.1,10900,100,face,3,5,0.154131650924683,0.10054119175452358,0.18526681531073896,0.2636110436383187,0.025996623851409738,0.38251900245620174,0.4277559726858985,NA
0.5,11,OnlineFPCA-adagrad,0.1,11000,100,face,3,5,0.150941848754883,0.05495840301077738,0.13471954304226968,0.2386877729810656,0.02614101821337018,0.37776155148423485,0.42321495086451666,NA
0.5,11,OnlineFPCA-adagrad,0.1,11100,100,face,3,5,0.147662162780762,0.08782458688599366,0.16622357278866523,0.2562009610329206,0.025715395150643413,0.37323582658794313,0.41895867192332886,NA
0.5,11,OnlineFPCA-adagrad,0.1,11200,100,face,3,5,0.153806447982788,0.09547619622309597,0.18174880476698838,0.24203284494981397,0.02488085004691105,0.36867857846233737,0.41486540281444156,NA
0.5,11,OnlineFPCA-adagrad,0.1,11300,100,face,3,5,0.153799533843994,0.10432206701427632,0.11904391036135874,0.23379298758697864,0.02437939569842182,0.3643989913453275,0.41129010623289125,NA
0.5,11,OnlineFPCA-adagrad,0.1,11400,100,face,3,5,0.160564661026001,0.13011033791844165,0.1087990479333473,0.2800942829492433,0.0238238081377898,0.36038355989082055,0.4080496529925841,NA
0.5,11,OnlineFPCA-adagrad,0.1,11500,100,face,3,5,0.14228630065918,0.10727889303500536,0.13465320449388007,0.20523797171759692,0.023514499032965812,0.3563890392610143,0.40481045331639237,NA
0.5,11,OnlineFPCA-adagrad,0.1,11600,100,face,3,5,0.151840448379517,0.08815758208308436,0.1346593018788914,0.38439367991824447,0.02300508864019071,0.3525383537098837,0.40207766114140386,NA
0.5,11,OnlineFPCA-adagrad,0.1,11700,100,face,3,5,0.151907682418823,0.0872589942338425,0.11715044446067074,0.34609291282256804,0.02269368273282856,0.34866763265511264,0.39998522246240537,NA
0.5,11,OnlineFPCA-adagrad,0.1,11800,100,face,3,5,0.143968343734741,0.10957426536483315,0.13620243752314062,0.30467516391304067,0.022129145533849363,0.3443741565002085,0.3973624618388406,NA
0.5,11,OnlineFPCA-adagrad,0.1,11900,100,face,3,5,0.15288257598877,0.08695511297230867,0.12282979256378763,0.2460782757244155,0.021485347111829308,0.34027706451762096,0.3947829357505211,NA
0.5,11,OnlineFPCA-adagrad,0.1,12000,100,face,3,5,0.151129484176636,0.08393437558395708,0.1568136320533761,0.3121522954850807,0.020787747541951583,0.3363953312043296,0.3919013602993542,NA
0.5,11,OnlineFPCA-adagrad,0.1,12100,100,face,3,5,0.145722389221191,0.10788300681477776,0.1143929638695609,0.2725671905812981,0.020210421225160872,0.33245083240331613,0.3890740204185531,NA
0.5,11,OnlineFPCA-adagrad,0.1,12200,100,face,3,5,0.148698806762695,0.1635373364108321,0.08447519564430789,0.21528910796834244,0.020560343172118547,0.32832902383494994,0.38552509848921923,NA
0.5,11,OnlineFPCA-adagrad,0.1,12300,100,face,3,5,0.147265434265137,0.09517518692102069,0.14462188877568363,0.25958858409549285,0.02103546650104644,0.32426063873709854,0.38248406151798986,NA
0.5,11,OnlineFPCA-adagrad,0.1,12400,100,face,3,5,0.151494026184082,0.1037402101798899,0.08499784930707573,0.30167198289084196,0.020649988153373787,0.3204397177727034,0.37980281603052984,NA
0.5,11,OnlineFPCA-adagrad,0.1,12500,100,face,3,5,0.14670729637146,0.10544938046552989,0.1928725919823529,0.2424874575199274,0.020330354371531956,0.3167560817085724,0.3770595888127532,NA
0.5,11,OnlineFPCA-adagrad,0.1,12600,100,face,3,5,0.145014762878418,0.08367966836372485,0.18791185604818586,0.25577935020672177,0.020440082523876833,0.31302799310848256,0.37407635950653134,NA
0.5,11,OnlineFPCA-adagrad,0.1,12700,100,face,3,5,0.150400161743164,0.050035419120053735,0.18474358222674067,0.3304058648589529,0.019955872203229297,0.3091751841002057,0.3711659623200515,NA
0.5,11,OnlineFPCA-adagrad,0.1,12800,100,face,3,5,0.143274545669556,0.0932684558404173,0.23548459989908926,0.34991481088804943,0.01960600830881661,0.3049326230150376,0.3684142002139181,NA
0.5,11,OnlineFPCA-adagrad,0.1,12900,100,face,3,5,0.15349555015564,0.058599078078350825,0.18948592129555522,0.33119811056212956,0.018944046582337788,0.30088608177117426,0.365738822521519,NA
0.5,11,OnlineFPCA-adagrad,0.1,13000,100,face,3,5,0.145890951156616,0.1636357473722379,0.12375260485939349,0.4315505053023349,0.01838146254764505,0.2972363779819513,0.36351255834252694,NA
0.5,11,OnlineFPCA-adagrad,0.1,13100,100,face,3,5,0.148992538452148,0.14376355688652417,0.23872513979966628,0.4052848801996747,0.01842351729910857,0.2936268284404351,0.36133521637040905,NA
0.5,11,OnlineFPCA-adagrad,0.1,13200,100,face,3,5,0.149760484695435,0.07259726177760338,0.1932493269494142,0.32260769204123046,0.0184615136837083,0.2901469373649254,0.35893524459474413,NA
0.5,11,OnlineFPCA-adagrad,0.1,13300,100,face,3,5,0.149476766586304,0.1308801348322675,0.17258806277567887,0.3324626623566713,0.018547856706859562,0.28677332651305815,0.3563814564595982,NA
0.5,11,OnlineFPCA-adagrad,0.1,13400,100,face,3,5,0.148627281188965,0.16265976563322576,0.17465615207568197,0.4131671438413688,0.018399616097298243,0.2836226430222592,0.3544675701722591,NA
0.5,11,OnlineFPCA-adagrad,0.1,13500,100,face,3,5,0.145823001861572,0.10824982189366791,0.1306544262358831,0.25158961110774336,0.018607415055536782,0.28059411696100617,0.35266961635671323,NA
0.5,11,OnlineFPCA-adagrad,0.1,13600,100,face,3,5,0.131675481796265,0.18296891167932425,0.2518425302002023,0.16725093478712055,0.019555542563736473,0.2774363475552046,0.3498894311543862,NA
0.5,11,OnlineFPCA-adagrad,0.1,13700,100,face,3,5,0.151129007339478,0.10855519644548677,0.1647573747619129,0.18901458773415078,0.020105234501180198,0.27377022444949756,0.3466730747302108,NA
0.5,11,OnlineFPCA-adagrad,0.1,13800,100,face,3,5,0.142592191696167,0.11804714175427719,0.1789766408087792,0.2532257859416352,0.02009197214868125,0.27034107067232266,0.3435978591917622,NA
0.5,11,OnlineFPCA-adagrad,0.1,13900,100,face,3,5,0.13933539390564,0.11458088009046019,0.22160838257040197,0.2995378736456568,0.02018484059585924,0.2674073913815668,0.3409587729319284,NA
0.5,11,OnlineFPCA-adagrad,0.1,14000,100,face,3,5,0.147675752639771,0.1388756386716763,0.11951978948415123,0.24464034807861967,0.020490911092648955,0.2645103109393995,0.33852954267326757,NA
0.5,11,OnlineFPCA-adagrad,0.1,14100,100,face,3,5,0.139948844909668,0.20112505133297853,0.2479490840525998,0.22640752320283317,0.021621126878482992,0.2616661480412019,0.33538277948841827,NA
0.5,11,OnlineFPCA-adagrad,0.1,14200,100,face,3,5,0.144033670425415,0.08911661141479972,0.09287201687151637,0.1588543725381669,0.022021704418012395,0.25881215590392903,0.3317026194095521,NA
0.5,11,OnlineFPCA-adagrad,0.1,14300,100,face,3,5,0.146254539489746,0.09599812235472314,0.14279701041153858,0.1799463089350773,0.021990334583182964,0.2561336117595161,0.32820431291874863,NA
0.5,11,OnlineFPCA-adagrad,0.1,14400,100,face,3,5,0.140161514282227,0.09542633866055476,0.10492684790638405,0.12138138800490476,0.022019449946324827,0.25347310184149424,0.3252089664322886,NA
0.5,11,OnlineFPCA-adagrad,0.1,14500,100,face,3,5,0.144782304763794,0.1152084219008526,0.16941594193184914,0.1365018625190541,0.021911486794088643,0.25090702940694776,0.3227291528244518,NA
0.5,11,OnlineFPCA-adagrad,0.1,14600,100,face,3,5,0.143799543380737,0.05833278327329844,0.1585630197481844,0.20107191279570433,0.022100888693333143,0.24847542587260152,0.32072872588343004,NA
0.5,11,OnlineFPCA-adagrad,0.1,14700,100,face,3,5,0.143509864807129,0.08341496334433766,0.19648420646969506,0.2023948539429445,0.02262872705634183,0.2462214049500279,0.31889383002524324,NA
0.5,11,OnlineFPCA-adagrad,0.1,14800,100,face,3,5,0.14641284942627,0.16064738564655398,0.18474876581076655,0.2508468245136448,0.023029643960086187,0.24383758150798585,0.31690583012725465,NA
0.5,11,OnlineFPCA-adagrad,0.1,14900,100,face,3,5,0.137186765670776,0.1442811200040654,0.1557040233600521,0.21639950422802606,0.023625138239820587,0.24136035120045252,0.3152783870160482,NA
0.5,11,OnlineFPCA-adagrad,0.1,15000,100,face,3,5,0.145488262176514,0.07107212436309784,0.18298067857858202,0.2310629364319879,0.023940147951923212,0.23908209562358018,0.3135893636226402,NA
0.5,11,OnlineCov,NA,100,NA,NA,3,NA,4.76559829711914,0.22887839110224434,0.302268736379582,0.5903814432611694,0.22887839110224434,0.302268736379582,0.5903814432611694,NA
0.5,11,OnlineCov,NA,200,NA,NA,3,NA,3.90953135490417,0.07118969494792873,0.02836212457467423,1.2850311942625776,0.07118969494792873,0.02836212457467423,1.2850311942625776,NA
0.5,11,OnlineCov,NA,300,NA,NA,3,NA,4.33484411239624,0.103126721029396,0.186413372101459,0.5820421468093298,0.103126721029396,0.186413372101459,0.5820421468093298,NA
0.5,11,OnlineCov,NA,400,NA,NA,3,NA,4.41221642494202,0.10142166486446443,0.34573983776794615,0.634349267579022,0.10142166486446443,0.34573983776794615,0.634349267579022,NA
0.5,11,OnlineCov,NA,500,NA,NA,3,NA,4.8329918384552,0.10388616026157203,0.29522196758915464,0.5152851299945163,0.10388616026157203,0.29522196758915464,0.5152851299945163,NA
0.5,11,OnlineCov,NA,600,NA,NA,3,NA,4.24811387062073,0.07921152841031108,0.2975812772412895,0.4417508005765345,0.07921152841031108,0.2975812772412895,0.4417508005765345,NA
0.5,11,OnlineCov,NA,700,NA,NA,3,NA,5.07794141769409,0.071112941601521,0.25443580420258344,0.33322489922154025,0.071112941601521,0.25443580420258344,0.33322489922154025,NA
0.5,11,OnlineCov,NA,800,NA,NA,3,NA,4.32830238342285,0.07368835981614966,0.2271978252170822,0.31688356606965906,0.07368835981614966,0.2271978252170822,0.31688356606965906,NA
0.5,11,OnlineCov,NA,900,NA,NA,3,NA,4.21953511238098,0.0718310114875756,0.15301717311065413,0.39293350133606,0.0718310114875756,0.15301717311065413,0.39293350133606,NA
0.5,11,OnlineCov,NA,1000,NA,NA,3,NA,3.79994463920593,0.05313405038961885,0.15355781201287608,0.4434914558126973,0.05313405038961885,0.15355781201287608,0.4434914558126973,NA
0.5,11,OnlineCov,NA,1100,NA,NA,3,NA,4.52976822853088,0.041932137111128615,0.16846122873990596,0.4003156605607727,0.041932137111128615,0.16846122873990596,0.4003156605607727,NA
0.5,11,OnlineCov,NA,1200,NA,NA,3,NA,4.01529979705811,0.03198067582213281,0.17473364728518137,0.3730096482668475,0.03198067582213281,0.17473364728518137,0.3730096482668475,NA
0.5,11,OnlineCov,NA,1300,NA,NA,3,NA,4.59559464454651,0.04297099661584441,0.18746541270882866,0.40521569084738396,0.04297099661584441,0.18746541270882866,0.40521569084738396,NA
0.5,11,OnlineCov,NA,1400,NA,NA,3,NA,4.52709293365479,0.0542418931949587,0.17877793919147036,0.3610642030639576,0.0542418931949587,0.17877793919147036,0.3610642030639576,NA
0.5,11,OnlineCov,NA,1500,NA,NA,3,NA,4.21468925476074,0.04812110806939426,0.14561464784264275,0.3188729816571479,0.04812110806939426,0.14561464784264275,0.3188729816571479,NA
0.5,11,OnlineCov,NA,1600,NA,NA,3,NA,4.6283712387085,0.04842669801736206,0.17972355969102094,0.3472003892480705,0.04842669801736206,0.17972355969102094,0.3472003892480705,NA
0.5,11,OnlineCov,NA,1700,NA,NA,3,NA,4.07341575622559,0.04293420209095734,0.16354307892696923,0.29631434798171385,0.04293420209095734,0.16354307892696923,0.29631434798171385,NA
0.5,11,OnlineCov,NA,1800,NA,NA,3,NA,4.46961379051208,0.036788421124328514,0.1373218732046947,0.26456258203822053,0.036788421124328514,0.1373218732046947,0.26456258203822053,NA
0.5,11,OnlineCov,NA,1900,NA,NA,3,NA,4.22758221626282,0.04235198629991186,0.14456018996341938,0.23480866440511594,0.04235198629991186,0.14456018996341938,0.23480866440511594,NA
0.5,11,OnlineCov,NA,2000,NA,NA,3,NA,4.24109077453613,0.04128841383281632,0.13634509885463125,0.2370845449000195,0.04128841383281632,0.13634509885463125,0.2370845449000195,NA
0.5,11,OnlineCov,NA,2100,NA,NA,3,NA,4.32736539840698,0.03666474621208352,0.14056505110584525,0.25143746974938297,0.03666474621208352,0.14056505110584525,0.25143746974938297,NA
0.5,11,OnlineCov,NA,2200,NA,NA,3,NA,4.11331152915955,0.027826469048271595,0.11418321256842458,0.28006614852661166,0.027826469048271595,0.11418321256842458,0.28006614852661166,NA
0.5,11,OnlineCov,NA,2300,NA,NA,3,NA,3.79787087440491,0.025789562910884856,0.13735614819482783,0.28725106003106227,0.025789562910884856,0.13735614819482783,0.28725106003106227,NA
0.5,11,OnlineCov,NA,2400,NA,NA,3,NA,4.62691068649292,0.0259101388680048,0.09757040610591748,0.26198298968643513,0.0259101388680048,0.09757040610591748,0.26198298968643513,NA
0.5,11,OnlineCov,NA,2500,NA,NA,3,NA,4.45109558105469,0.02162257828559166,0.090871929327204,0.23279119660961084,0.02162257828559166,0.090871929327204,0.23279119660961084,NA
0.5,11,OnlineCov,NA,2600,NA,NA,3,NA,4.28987240791321,0.018668572045700556,0.09786631190529284,0.23818594381210306,0.018668572045700556,0.09786631190529284,0.23818594381210306,NA
0.5,11,OnlineCov,NA,2700,NA,NA,3,NA,4.20708274841309,0.017199518181946847,0.12098732226977264,0.2541633129725159,0.017199518181946847,0.12098732226977264,0.2541633129725159,NA
0.5,11,OnlineCov,NA,2800,NA,NA,3,NA,4.15054392814636,0.014482532516171147,0.12108133317410799,0.25695784151852763,0.014482532516171147,0.12108133317410799,0.25695784151852763,NA
0.5,11,OnlineCov,NA,2900,NA,NA,3,NA,4.38329696655273,0.014379938276034513,0.11740941409808395,0.2548158474875663,0.014379938276034513,0.11740941409808395,0.2548158474875663,NA
0.5,11,OnlineCov,NA,3000,NA,NA,3,NA,4.34548306465149,0.019598807433624292,0.10061459493126948,0.2539311583377215,0.019598807433624292,0.10061459493126948,0.2539311583377215,NA
0.5,11,OnlineCov,NA,3100,NA,NA,3,NA,4.12056612968445,0.016350575963029926,0.09657154049604663,0.24823584836061044,0.016350575963029926,0.09657154049604663,0.24823584836061044,NA
0.5,11,OnlineCov,NA,3200,NA,NA,3,NA,4.70570492744446,0.015233647843333213,0.08346950933957034,0.24027504504335018,0.015233647843333213,0.08346950933957034,0.24027504504335018,NA
0.5,11,OnlineCov,NA,3300,NA,NA,3,NA,4.3810658454895,0.011072529400259233,0.0783751373602947,0.24582434559344682,0.011072529400259233,0.0783751373602947,0.24582434559344682,NA
0.5,11,OnlineCov,NA,3400,NA,NA,3,NA,4.42373967170715,0.011533656304007702,0.07082217288146368,0.24557612832146802,0.011533656304007702,0.07082217288146368,0.24557612832146802,NA
0.5,11,OnlineCov,NA,3500,NA,NA,3,NA,4.67846179008484,0.014679092403009299,0.060785655989853436,0.2489599585048643,0.014679092403009299,0.060785655989853436,0.2489599585048643,NA
0.5,11,OnlineCov,NA,3600,NA,NA,3,NA,4.02423691749573,0.01603728854256494,0.06420579342561268,0.24078362029298825,0.01603728854256494,0.06420579342561268,0.24078362029298825,NA
0.5,11,OnlineCov,NA,3700,NA,NA,3,NA,3.96212315559387,0.016258022806444374,0.07306503348867817,0.2263508506107404,0.016258022806444374,0.07306503348867817,0.2263508506107404,NA
0.5,11,OnlineCov,NA,3800,NA,NA,3,NA,4.60679364204407,0.013884349496309295,0.07686083998919875,0.21265703890169133,0.013884349496309295,0.07686083998919875,0.21265703890169133,NA
0.5,11,OnlineCov,NA,3900,NA,NA,3,NA,3.96398496627808,0.01670805951745011,0.06915190078357024,0.21779109027843574,0.01670805951745011,0.06915190078357024,0.21779109027843574,NA
0.5,11,OnlineCov,NA,4000,NA,NA,3,NA,4.78761672973633,0.01676863261835801,0.06845590302878848,0.20489019723166313,0.01676863261835801,0.06845590302878848,0.20489019723166313,NA
0.5,11,OnlineCov,NA,4100,NA,NA,3,NA,4.29107427597046,0.022258255118591783,0.07123834872913917,0.1851883237152278,0.022258255118591783,0.07123834872913917,0.1851883237152278,NA
0.5,11,OnlineCov,NA,4200,NA,NA,3,NA,4.16655468940735,0.020441143598420992,0.06826561828822306,0.17283347804944935,0.020441143598420992,0.06826561828822306,0.17283347804944935,NA
0.5,11,OnlineCov,NA,4300,NA,NA,3,NA,4.20126104354858,0.01962829602626434,0.06600337585378338,0.1776538272047348,0.01962829602626434,0.06600337585378338,0.1776538272047348,NA
0.5,11,OnlineCov,NA,4400,NA,NA,3,NA,4.28530931472778,0.021694248072330037,0.06220796382735671,0.16148817537351148,0.021694248072330037,0.06220796382735671,0.16148817537351148,NA
0.5,11,OnlineCov,NA,4500,NA,NA,3,NA,4.58146786689758,0.02298157653493585,0.05986361955103275,0.1735720425049405,0.02298157653493585,0.05986361955103275,0.1735720425049405,NA
0.5,11,OnlineCov,NA,4600,NA,NA,3,NA,4.78987646102905,0.02176966801736939,0.05494929609407413,0.17061067493802126,0.02176966801736939,0.05494929609407413,0.17061067493802126,NA
0.5,11,OnlineCov,NA,4700,NA,NA,3,NA,4.21808338165283,0.026003319451809396,0.04831028655062309,0.17042958251997362,0.026003319451809396,0.04831028655062309,0.17042958251997362,NA
0.5,11,OnlineCov,NA,4800,NA,NA,3,NA,4.62093758583069,0.030388076345339493,0.05160086871272923,0.1731249237035821,0.030388076345339493,0.05160086871272923,0.1731249237035821,NA
0.5,11,OnlineCov,NA,4900,NA,NA,3,NA,4.62268781661987,0.026873383967682934,0.05355906642689733,0.1865399769519476,0.026873383967682934,0.05355906642689733,0.1865399769519476,NA
0.5,11,OnlineCov,NA,5000,NA,NA,3,NA,5.01725649833679,0.02720626667431851,0.054245382525537025,0.1907340679143331,0.02720626667431851,0.054245382525537025,0.1907340679143331,NA
0.5,11,Batch-PACE,NA,5000,NA,NA,3,5000,7.96653628349304,0.02786790196990387,0.045124055318235004,0.18379139546295115,0.02786790196990387,0.045124055318235004,0.18379139546295115,NA
0.5,11,Batch-FACE,NA,5000,NA,NA,3,5000,70.250960111618,0.027944177784947653,0.03569733290934279,0.14983259677309094,0.027944177784947653,0.03569733290934279,0.14983259677309094,NA
0.5,11,Batch-REML,NA,5000,NA,NA,3,5000,193.632954597473,0.02031613188026534,0.05929317171568117,0.17725509840582135,0.02031613188026534,0.05929317171568117,0.17725509840582135,NA
0.5,11,Batch-SOAP,NA,5000,NA,NA,3,5000,203.637217760086,0.03492332465746136,0.06398638541224376,0.11593715841543387,0.03492332465746136,0.06398638541224376,0.11593715841543387,NA
1,11,OnlineFPCA-sgd,0.1,0,100,face,3,5,1.05377078056335,0.23747736953192664,0.26403917466209137,1.0060797607081817,0.23747736953192664,0.26403917466209137,1.0060797607081817,0.10000000000000002
1,11,OnlineFPCA-sgd,0.1,100,100,face,3,5,0.674710750579834,1.29025146586624,1.2050594586602519,1.1849279237330872,NA,NA,NA,0.005623413251903492
1,11,OnlineFPCA-sgd,0.1,200,100,face,3,5,0.462499380111694,1.2759717683212144,1.1971747609182184,1.156650336678363,NA,NA,NA,9.561691813137642e-4
1,11,OnlineFPCA-sgd,0.1,300,100,face,3,5,0.467399597167969,1.23980280424475,1.177173811936499,1.2577497295864497,NA,NA,NA,0.0036296400856756185
1,11,OnlineFPCA-sgd,0.1,400,100,face,3,5,0.458442211151123,1.2693319616246288,1.1895713562892778,1.344156323604292,NA,NA,NA,0.0012195570906674705
1,11,OnlineFPCA-sgd,0.1,500,100,face,3,5,0.461271286010742,1.2591820707123331,1.1625385190747821,1.310264775815393,NA,NA,NA,0.003100032770286341
1,11,OnlineFPCA-sgd,0.1,600,100,face,3,5,0.45294189453125,0.9182791181486567,1.140545111601933,1.329136614425729,NA,NA,NA,0.007046687390321068
1,11,OnlineFPCA-sgd,0.1,700,100,face,3,5,0.462230682373047,0.732200089689278,1.086374836833685,1.3012274163459787,NA,NA,NA,0.014727399582179772
1,11,OnlineFPCA-sgd,0.1,800,100,face,3,5,0.463550567626953,0.7315459449368887,1.055508377618203,1.2554681448994964,NA,NA,NA,0.028820325406308
1,11,OnlineFPCA-sgd,0.1,900,100,face,3,5,0.462190866470337,0.7293430521843637,1.0518417949810228,1.2280945971560357,NA,NA,NA,0.05348061420199757
1,11,OnlineFPCA-sgd,0.1,1000,100,face,3,5,0.457099676132202,0.6473865541641955,1.3178655585515355,1.291022349670093,NA,NA,NA,0.05348061420199757
1,11,OnlineFPCA-sgd,0.1,1100,100,face,3,5,0.662760734558105,0.5153788918465491,1.3333831274011778,1.314850739601235,0.23667979315263726,1.3239994002085687,1.3049121459991802,0.05348061420199757
1,11,OnlineFPCA-sgd,0.1,1200,100,face,3,5,0.6412034034729,0.5045040455819175,1.3324646155248518,1.314121694878729,0.26706973779453824,1.3284725974513574,1.3093829957671814,0.08865861838137663
1,11,OnlineFPCA-sgd,0.1,1300,100,face,3,5,0.649802446365356,0.7057720850746106,1.331440104578138,1.3133734292301844,0.2722859716662546,1.3296847243914955,1.3107990726592393,0.0549740951128597
1,11,OnlineFPCA-sgd,0.1,1400,100,face,3,5,0.665471315383911,0.32195884314773493,0.6905688649660185,0.7396992682882207,0.2686563855933183,1.248177218869856,1.275333379238514,0.08654221990846495
1,11,OnlineFPCA-sgd,0.1,1500,100,face,3,5,0.652625560760498,0.7932309135846675,0.7916030693789995,0.5201313103734275,0.26513363860024064,1.0988411833880096,1.1305733602184564,0.13335418398896665
1,11,OnlineFPCA-sgd,0.1,1600,100,face,3,5,0.674339771270752,0.6465590282861401,0.7095383668273283,0.8180592668844756,0.27272787518871794,1.0560417596371163,1.0915661401076189,0.058349670817802936
1,11,OnlineFPCA-sgd,0.1,1700,100,face,3,5,0.679129123687744,0.2183158838459988,0.41521550914321953,0.47195343310471916,0.25261170957815027,0.8902214563862079,0.9272731179937794,0.058349670817802936
1,11,OnlineFPCA-sgd,0.1,1800,100,face,3,5,0.640361547470093,0.4966563639354371,0.41711934086724844,0.4671867418291871,0.24678459460333718,0.8276182012639183,0.8658153936758735,0.058349670817802936
1,11,OnlineFPCA-sgd,0.1,1900,100,face,3,5,0.649818181991577,0.49145908594655424,0.4181846796565209,0.4635317187301091,0.24060960381611254,0.7800012558225343,0.818705376083126,0.028038586125494487
1,11,OnlineFPCA-sgd,0.1,2000,100,face,3,5,0.684782266616821,0.1872393551255324,0.418086622763187,0.4638041146400759,0.23491393069233132,0.7424662895431017,0.7814409337711519,0.01382608121353447
1,11,OnlineFPCA-sgd,0.1,2100,100,face,3,5,0.65565299987793,0.18717811618705565,0.41808626744451527,0.46380936559934155,0.23050943877548674,0.712057993493687,0.7512761161344478,0.006981552218153918
1,11,OnlineFPCA-sgd,0.1,2200,100,face,3,5,0.857571840286255,0.18711755526403376,0.41807264759712703,0.46377705758413784,0.22684065245700336,0.686896606701099,0.7263437883613235,0.00360340030093241
1,11,OnlineFPCA-sgd,0.1,2300,100,face,3,5,0.643036127090454,0.18704464664901316,0.4180772861413497,0.46382123321303753,0.2237385932508603,0.665723060087681,0.7053899710620578,0.00360340030093241
1,11,OnlineFPCA-sgd,0.1,2400,100,face,3,5,0.655474424362183,0.18700540090723117,0.41804254084693604,0.46378597930562654,0.22107986525247514,0.6476493958167209,0.6875250191526703,0.00360340030093241
1,11,OnlineFPCA-sgd,0.1,2500,100,face,3,5,0.669673681259155,0.18695091190647495,0.41807936576361165,0.46377198280563753,0.21877726551569202,0.6320419139811517,0.6721144666359354,0.0026630916951754136
1,11,OnlineFPCA-sgd,0.1,2600,100,face,3,5,0.617596864700317,0.18688459977383629,0.41809252630698746,0.4637481117652321,0.21676120604350058,0.6184255368768486,0.658683767240337,0.0026630916951754136
1,11,OnlineFPCA-sgd,0.1,2700,100,face,3,5,0.644471883773804,0.18691389741404724,0.4181217808000636,0.4638119633456653,0.2149848574676383,0.6064419530416171,0.6468777259093335,0.001501442726137535
1,11,OnlineFPCA-sgd,0.1,2800,100,face,3,5,0.668008089065552,0.18691128791540143,0.4181306687686305,0.4638239746927854,0.21340801865186246,0.5958128725289271,0.6364174815740778,8.587904624048789e-4
1,11,OnlineFPCA-sgd,0.1,2900,100,face,3,5,0.636124849319458,0.18686789953019928,0.41817467511139195,0.46389192056852385,0.2119954495203027,0.5863222281635811,0.6270864102420401,4.979122265031306e-4
1,11,OnlineFPCA-sgd,0.1,3000,100,face,3,5,0.652693510055542,0.18672498335293133,0.4181494162294881,0.4639084467588359,0.21072221863140378,0.5777928444630037,0.6187095081263072,3.8155881760017246e-4
1,11,OnlineFPCA-sgd,0.1,3100,100,face,3,5,0.647084474563599,0.18666068792292417,0.4181400437298257,0.4638554805758707,0.20956694146924992,0.5700880034429835,0.6111483848680562,2.9416644591515425e-4
1,11,OnlineFPCA-sgd,0.1,3200,100,face,3,5,0.676302671432495,0.18669606066141453,0.41817290729444484,0.4638378707907162,0.20851700007677876,0.5630939476685399,0.6042879252690492,2.280907634615696e-4
1,11,OnlineFPCA-sgd,0.1,3300,100,face,3,5,0.658764362335205,0.1866598006680752,0.418178336009649,0.4639427821734459,0.20755858223600981,0.5567160466998965,0.598037621778396,1.386263157098854e-4
1,11,OnlineFPCA-sgd,0.1,3400,100,face,3,5,0.63950514793396,0.18655223921334838,0.4181428117855428,0.46399448262745085,0.20667860258360798,0.5508752184512052,0.5923212980904474,1.086302671987786e-4
1,11,OnlineFPCA-sgd,0.1,3500,100,face,3,5,0.642713785171509,0.1864799615494327,0.41812185572881944,0.46396095878107124,0.20586582423744412,0.5455064283912525,0.5870710458592302,8.554272919767722e-5
1,11,OnlineFPCA-sgd,0.1,3600,100,face,3,5,0.631977558135986,0.18639811485220584,0.41812746049186,0.4639927707305289,0.2051125999596287,0.5405544506244594,0.5822318656838414,6.767707379543429e-5
1,11,OnlineFPCA-sgd,0.1,3700,100,face,3,5,0.628856420516968,0.18629628805734863,0.41817777984816157,0.4639864715766556,0.20441225566436144,0.5359741106901146,0.5777594128811022,4.273896348643914e-5
1,11,OnlineFPCA-sgd,0.1,3800,100,face,3,5,0.607232809066772,0.18633269862751445,0.41824392763697216,0.46400542406114187,0.20376139118950343,0.5317266452362077,0.5736123831904137,2.7220634707074103e-5
1,11,OnlineFPCA-sgd,0.1,3900,100,face,3,5,0.65892767906189,0.18630647747302886,0.41821884022443523,0.46402307537512566,0.2031558181744768,0.5277747357290181,0.5697556084973358,1.7478445448355984e-5
1,11,OnlineFPCA-sgd,0.1,4000,100,face,3,5,0.67125940322876,0.20259107173935068,0.5240902042108978,0.566161359815969,0.20259107173935068,0.5240902042108978,0.566161359815969,1.4060310899937753e-5
1,11,OnlineFPCA-sgd,0.1,4100,100,face,3,5,0.839871168136597,0.20253310515327513,0.5241099214318304,0.5660986228491207,0.20255957790292434,0.5241036112419588,0.5660970464571079,1.4060310899937753e-5
1,11,OnlineFPCA-sgd,0.1,4200,100,face,3,5,0.647681951522827,0.20248583719905783,0.5241166126597938,0.5660966666572681,0.20252579192843412,0.5241139354144108,0.5660942405138972,1.1393582104522854e-5
1,11,OnlineFPCA-sgd,0.1,4300,100,face,3,5,0.660404443740845,0.20242569382351205,0.5240769143447891,0.566073685769352,0.20250093247119333,0.5241069617460339,0.5660872365759995,9.264409245568136e-6
1,11,OnlineFPCA-sgd,0.1,4400,100,face,3,5,0.636832714080811,0.20237684243491808,0.5240766710326067,0.5659369100972272,0.20248340422957561,0.5241017241173366,0.5660731598223223,6.165965503385549e-6
1,11,OnlineFPCA-sgd,0.1,4500,100,face,3,5,0.669358968734741,0.20236794520989315,0.5240661592680445,0.5659486154487015,0.2024595400139728,0.52409397995639,0.5660471345418421,4.129944246358594e-6
1,11,OnlineFPCA-sgd,0.1,4600,100,face,3,5,0.645883321762085,0.20233358348752783,0.5240261520746821,0.5659354772607436,0.20244388508408048,0.524086136841213,0.5660335291345044,2.7832018109963038e-6
1,11,OnlineFPCA-sgd,0.1,4700,100,face,3,5,0.677984952926636,0.20231912869553048,0.5239986044649954,0.5658931446253253,0.20243010961725275,0.5240762312017291,0.5660196049148201,1.88671450973288e-6
1,11,OnlineFPCA-sgd,0.1,4800,100,face,3,5,0.649954795837402,0.2022073525930109,0.5239900242149714,0.5659721518514588,0.20241213043953496,0.5240651068026595,0.5660058557154076,1.286286387104983e-6
1,11,OnlineFPCA-sgd,0.1,4900,100,face,3,5,0.612822294235229,0.2022322683340978,0.5239974664175312,0.5660252271215608,0.20239007969743394,0.5240580035536913,0.5660061964946643,1.0649897610151267e-6
1,11,OnlineFPCA-sgd,0.1,5000,100,face,3,5,0.617066621780396,0.2022077434868843,0.523983208990583,0.5659641340323899,0.2023715257772425,0.5240519965434635,0.5660081389769354,7.339452781319689e-7
1,11,OnlineFPCA-sgd,0.1,5100,100,face,3,5,0.157853841781616,0.20217596005380825,0.5240403949404403,0.565925817550444,0.20235348422321336,0.5240474737985539,0.5660018424673835,NA
1,11,OnlineFPCA-sgd,0.1,5200,100,face,3,5,0.150674819946289,0.2021017417697386,0.5240335306517441,0.5659582585396634,0.20233469758996844,0.5240461637587074,0.5659969260543165,NA
1,11,OnlineFPCA-sgd,0.1,5300,100,face,3,5,0.126122236251831,0.20200388871675926,0.5240500838472958,0.5660047811009145,0.20231282313386278,0.5240452980133391,0.5659970722473503,NA
1,11,OnlineFPCA-sgd,0.1,5400,100,face,3,5,0.127501487731934,0.20191851874961003,0.5240456656905317,0.5659417432760123,0.20228738054095977,0.5240455005930856,0.5659951741432769,NA
1,11,OnlineFPCA-sgd,0.1,5500,100,face,3,5,0.125648498535156,0.2018350053443179,0.5241003803506267,0.5659322091446312,0.20225932625391702,0.5240468544121173,0.5659918578246875,NA
1,11,OnlineFPCA-sgd,0.1,5600,100,face,3,5,0.132887601852417,0.2017441882950201,0.5241542553053631,0.5659398478919541,0.20222822265931528,0.524052233736917,0.5659875588717542,NA
1,11,OnlineFPCA-sgd,0.1,5700,100,face,3,5,0.129371166229248,0.2016336086539604,0.5241764574894676,0.5659131699436055,0.20219830894603474,0.5240597861621433,0.565985438781153,NA
1,11,OnlineFPCA-sgd,0.1,5800,100,face,3,5,0.129163980484009,0.20161443270900037,0.5242413150920869,0.565986208215368,0.2021672822885589,0.524068542518979,0.5659848318558636,NA
1,11,OnlineFPCA-sgd,0.1,5900,100,face,3,5,0.12837290763855,0.2016009072557081,0.5242554057493032,0.5660910490694627,0.2021375229488787,0.5240774105511149,0.5659881587076873,NA
1,11,OnlineFPCA-sgd,0.1,6000,100,face,3,5,0.132074117660522,0.20161812508461194,0.5242864081935636,0.5660704658920339,0.20211160166183606,0.5240871876068928,0.5659918247865805,NA
1,11,OnlineFPCA-sgd,0.1,6100,100,face,3,5,0.137560606002808,0.20153281749453,0.5242648102722912,0.5661110570619449,0.20208529864862693,0.5240954243847054,0.5659954995514088,NA
1,11,OnlineFPCA-sgd,0.1,6200,100,face,3,5,0.162790298461914,0.20151339284005798,0.5243049162830159,0.5661512541909564,0.20205905200320284,0.5241042762731594,0.5660007642333067,NA
1,11,OnlineFPCA-sgd,0.1,6300,100,face,3,5,0.145817518234253,0.2014986922877786,0.52427434307181,0.5661282243746067,0.20203530432265238,0.5241119601210823,0.5660065952924931,NA
1,11,OnlineFPCA-sgd,0.1,6400,100,face,3,5,0.128524303436279,0.20144536218088854,0.5242943097786532,0.5660757158281801,0.20201106341366282,0.5241189882885634,0.566010312762875,NA
1,11,OnlineFPCA-sgd,0.1,6500,100,face,3,5,0.127122640609741,0.20139523600094433,0.5243058645047032,0.5659764643985908,0.20198780616038062,0.5241267860383135,0.566011466448514,NA
1,11,OnlineFPCA-sgd,0.1,6600,100,face,3,5,0.125554323196411,0.20143745047573494,0.5243135805130089,0.5660765368030486,0.20196648459825323,0.5241334993433698,0.56601240242667,NA
1,11,OnlineFPCA-sgd,0.1,6700,100,face,3,5,0.130379199981689,0.201373767305871,0.5243033607880803,0.5660839857594984,0.20194550307774287,0.5241395062720778,0.5660142884414985,NA
1,11,OnlineFPCA-sgd,0.1,6800,100,face,3,5,0.128805160522461,0.20131260223547648,0.524320935344756,0.5660787517713908,0.20192385731960233,0.5241460518473021,0.566016590224179,NA
1,11,OnlineFPCA-sgd,0.1,6900,100,face,3,5,0.128751993179321,0.2012656305827403,0.524374041358396,0.5660875266614033,0.20190147164077876,0.5241537703736545,0.5660191339032156,NA
1,11,OnlineFPCA-sgd,0.1,7000,100,face,3,5,0.132559299468994,0.2011936319891307,0.5244114156876157,0.5661138915770895,0.20187821002174738,0.5241619102812566,0.5660215118068385,NA
1,11,OnlineFPCA-sgd,0.1,7100,100,face,3,5,0.137732744216919,0.2011382076970855,0.5244165294542202,0.5661250620050552,0.20185621972193923,0.524170567116372,0.5660247363111293,NA
1,11,OnlineFPCA-sgd,0.1,7200,100,face,3,5,0.133615255355835,0.20109006707699728,0.5244152149397319,0.5660592845157254,0.20183211342273766,0.5241779492097637,0.5660262321052113,NA
1,11,OnlineFPCA-sgd,0.1,7300,100,face,3,5,0.161844968795776,0.20097459429202416,0.5244228252753798,0.5661079560534461,0.2018076189717931,0.5241857374208351,0.5660288529383062,NA
1,11,OnlineFPCA-sgd,0.1,7400,100,face,3,5,0.145984888076782,0.20090820065953294,0.5244001576091856,0.5660764435901391,0.20178112451673993,0.524192057056152,0.5660301060178985,NA
1,11,OnlineFPCA-sgd,0.1,7500,100,face,3,5,0.128369331359863,0.20090023270832105,0.5244677669925011,0.5660858123870037,0.20175601343576893,0.5241992854274931,0.5660315960975708,NA
1,11,OnlineFPCA-sgd,0.1,7600,100,face,3,5,0.1260666847229,0.20081167834747238,0.5244976506015364,0.5660710774593765,0.2017303451628231,0.5242068296507065,0.5660329102201233,NA
1,11,OnlineFPCA-sgd,0.1,7700,100,face,3,5,0.128350973129272,0.2008135955991715,0.5245204111977231,0.5661147482684825,0.20170542570776176,0.5242150803069036,0.5660354417715437,NA
1,11,OnlineFPCA-sgd,0.1,7800,100,face,3,5,0.128027439117432,0.20080793827617574,0.5245287930607224,0.5661372514618893,0.20168147876991563,0.5242232776803851,0.5660385104681478,NA
1,11,OnlineFPCA-sgd,0.1,7900,100,face,3,5,0.127540111541748,0.20073871465002976,0.5245740477681828,0.5662076001152203,0.20165692987194947,0.5242324578009521,0.5660428536493197,NA
1,11,OnlineFPCA-sgd,0.1,8000,100,face,3,5,0.134278535842896,0.2005653308094962,0.5245754634447081,0.5662369299044026,0.20163160844957975,0.5242405377272883,0.5660473841241729,NA
1,11,OnlineFPCA-sgd,0.1,8100,100,face,3,5,0.125710010528564,0.20049594362372739,0.5245793247178202,0.5662024141851084,0.20160481597980268,0.524248950403659,0.5660522592065788,NA
1,11,OnlineFPCA-sgd,0.1,8200,100,face,3,5,0.132823467254639,0.20053019589387605,0.5246224340094965,0.566210782868023,0.2015787265101251,0.5242576785437367,0.5660558780051868,NA
1,11,OnlineFPCA-sgd,0.1,8300,100,face,3,5,0.138805389404297,0.20051815435575324,0.5246446752789565,0.5663044360549507,0.20155381629245936,0.5242666315556391,0.5660603839750815,NA
1,11,OnlineFPCA-sgd,0.1,8400,100,face,3,5,0.161651372909546,0.20042056783839948,0.5246259416905458,0.5663493977399414,0.2015290658322162,0.5242750115548759,0.5660664150129171,NA
1,11,OnlineFPCA-sgd,0.1,8500,100,face,3,5,0.158053398132324,0.2003449397531737,0.5246317905755008,0.566318594287765,0.20150329670604755,0.5242831507402995,0.5660722914471825,NA
1,11,OnlineFPCA-sgd,0.1,8600,100,face,3,5,0.127566576004028,0.2002833127585103,0.5246600520462023,0.5663665594173332,0.2014767707400472,0.5242909845897086,0.5660779225261715,NA
1,11,OnlineFPCA-sgd,0.1,8700,100,face,3,5,0.128481388092041,0.20016201511761234,0.5247260169055455,0.5663686696572218,0.2014494011721981,0.5242993878582749,0.56608443044686,NA
1,11,OnlineFPCA-sgd,0.1,8800,100,face,3,5,0.126100540161133,0.20019889944020375,0.5248061836084488,0.5663905999110815,0.2014224721657654,0.5243093942266304,0.566090900195552,NA
1,11,OnlineFPCA-sgd,0.1,8900,100,face,3,5,0.13071346282959,0.2001794799217753,0.5247894038995976,0.5663856083281619,0.20139673324981366,0.5243192798385256,0.5660966269298899,NA
1,11,OnlineFPCA-sgd,0.1,9000,100,face,3,5,0.132068634033203,0.20013782833450583,0.5248640050689122,0.5664106098699718,0.20137205059983113,0.5243299043726196,0.5661026343740482,NA
1,11,OnlineFPCA-sgd,0.1,9100,100,face,3,5,0.13030219078064,0.2000817504050314,0.5248876602333785,0.5663389250457196,0.20134700112576454,0.5243406679577284,0.5661072259148674,NA
1,11,OnlineFPCA-sgd,0.1,9200,100,face,3,5,0.126784324645996,0.20002783114218886,0.5248954496660687,0.5663425728991583,0.2013215038089605,0.5243514779648147,0.5661115697520572,NA
1,11,OnlineFPCA-sgd,0.1,9300,100,face,3,5,0.130157470703125,0.19995504906427788,0.524848517814567,0.566314666668266,0.2012960764331358,0.5243612054723501,0.5661153825628684,NA
1,11,OnlineFPCA-sgd,0.1,9400,100,face,3,5,0.130673408508301,0.19990584838554087,0.524847712013301,0.5661609634594045,0.20127119867779733,0.524370386065252,0.566118149088449,NA
1,11,OnlineFPCA-sgd,0.1,9500,100,face,3,5,0.171676397323608,0.19989411647962355,0.5248357730338837,0.5661726476143268,0.20124584338167079,0.5243787549719353,0.5661190262851806,NA
1,11,OnlineFPCA-sgd,0.1,9600,100,face,3,5,0.155125141143799,0.19985598628258336,0.524788446773574,0.5661561031295221,0.20122141624370754,0.5243864880932437,0.5661202735377633,NA
1,11,OnlineFPCA-sgd,0.1,9700,100,face,3,5,0.125478982925415,0.19985029320648257,0.5247567907961185,0.5661120844822201,0.20119754004875168,0.5243933187067792,0.5661209245602306,NA
1,11,OnlineFPCA-sgd,0.1,9800,100,face,3,5,0.130486965179443,0.19972106244619692,0.5247453076259168,0.5662004716548125,0.2011733184544268,0.5243993307456541,0.5661210798574572,NA
1,11,OnlineFPCA-sgd,0.1,9900,100,face,3,5,0.129183292388916,0.19976835022940384,0.5247530712510665,0.5662570458347428,0.2011485717428487,0.5244053911150088,0.5661230909374633,NA
1,11,OnlineFPCA-sgd,0.1,10000,100,face,3,5,0.129638671875,0.19974047949049958,0.524737404379776,0.566186484985521,0.2011245348361839,0.5244111817414268,0.5661253202137092,NA
1,11,OnlineFPCA-sgd,0.1,10100,100,face,3,5,0.129916906356812,0.19970617964033313,0.5248038296062412,0.5661464992265792,0.20110068513160745,0.5244168824158604,0.5661258751581595,NA
1,11,OnlineFPCA-sgd,0.1,10200,100,face,3,5,0.128805875778198,0.19961973574111405,0.5247941003249569,0.5661811752850835,0.20107676418619624,0.5244229211949453,0.5661264805194931,NA
1,11,OnlineFPCA-sgd,0.1,10300,100,face,3,5,0.127769947052002,0.199498492905489,0.5248127311909541,0.5662346987639251,0.20105213361644672,0.524428821609743,0.56612806900535,NA
1,11,OnlineFPCA-sgd,0.1,10400,100,face,3,5,0.138030529022217,0.19939383712736203,0.5248093452879858,0.5661654053585359,0.20102649367037217,0.5244347810501027,0.5661291342836817,NA
1,11,OnlineFPCA-sgd,0.1,10500,100,face,3,5,0.142977952957153,0.19930025356395012,0.5248697767296829,0.5661582832588445,0.2010000536741022,0.5244408707185557,0.5661297495218403,NA
1,11,OnlineFPCA-sgd,0.1,10600,100,face,3,5,0.162935018539429,0.1991901774626851,0.5249289176961796,0.5661693240080311,0.2009725524465755,0.5244479045306341,0.5661300315000306,NA
1,11,OnlineFPCA-sgd,0.1,10700,100,face,3,5,0.154516220092773,0.1990565005090056,0.5249534526064249,0.5661379235722772,0.2009451171067965,0.5244555023242697,0.5661307623170554,NA
1,11,OnlineFPCA-sgd,0.1,10800,100,face,3,5,0.125542402267456,0.19903323394551076,0.5250245844891818,0.5662221124051559,0.2009171197888948,0.5244634657694194,0.5661318567508962,NA
1,11,OnlineFPCA-sgd,0.1,10900,100,face,3,5,0.128123760223389,0.19902341414351138,0.5250366713660796,0.5663359853043956,0.2008893514938075,0.5244714865073451,0.5661340924019702,NA
1,11,OnlineFPCA-sgd,0.1,11000,100,face,3,5,0.131798028945923,0.19904294256899613,0.525071195183258,0.5663139903501306,0.20086264730090359,0.5244798241791975,0.5661364844851486,NA
1,11,OnlineFPCA-sgd,0.1,11100,100,face,3,5,0.12648344039917,0.19894116564201944,0.5250442098932353,0.5663542221427594,0.20083569313272115,0.524487704008554,0.5661388770702289,NA
1,11,OnlineFPCA-sgd,0.1,11200,100,face,3,5,0.126110315322876,0.19891843128254927,0.5250890298808514,0.5663962762551975,0.20080865360261196,0.5244958074996096,0.5661418155720812,NA
1,11,OnlineFPCA-sgd,0.1,11300,100,face,3,5,0.129832983016968,0.19889375542997356,0.5250544718624647,0.5663694800247486,0.20078239737426715,0.5245035513792604,0.5661450126466249,NA
1,11,OnlineFPCA-sgd,0.1,11400,100,face,3,5,0.129854917526245,0.19882131314639492,0.5250759407710318,0.5663126394164266,0.20075589657893364,0.5245110586406886,0.5661475182887514,NA
1,11,OnlineFPCA-sgd,0.1,11500,100,face,3,5,0.129238367080688,0.19876775065978136,0.5250875645481936,0.5662043696817122,0.20072971804564407,0.5245188560104738,0.5661491494117429,NA
1,11,OnlineFPCA-sgd,0.1,11600,100,face,3,5,0.138303518295288,0.19882200408040718,0.5250974161539415,0.5663144721173217,0.2007042982228686,0.524526269228479,0.5661506852152015,NA
1,11,OnlineFPCA-sgd,0.1,11700,100,face,3,5,0.347829103469849,0.19875322439807355,0.5250874268195558,0.5663249220968798,0.20067905259748858,0.524533429085667,0.5661526044479355,NA
1,11,OnlineFPCA-sgd,0.1,11800,100,face,3,5,0.136120796203613,0.19867875227563642,0.5251057854181647,0.5663170529042794,0.2006535798425078,0.5245407826069899,0.566154687904067,NA
1,11,OnlineFPCA-sgd,0.1,11900,100,face,3,5,0.128430604934692,0.19862269237689473,0.5251655704438685,0.5663279887298722,0.20062778389462868,0.5245486171742623,0.5661568833401177,NA
1,11,OnlineFPCA-sgd,0.1,12000,100,face,3,5,0.126626491546631,0.19853469968083004,0.5252079446759896,0.5663560711571569,0.2006016094341892,0.5245566470191704,0.5661590136347598,NA
1,11,OnlineFPCA-sgd,0.1,12100,100,face,3,5,0.134660482406616,0.1984668491919869,0.5252149963944,0.5663683181038802,0.20057593671478116,0.5245649317113946,0.5661615075030816,NA
1,11,OnlineFPCA-sgd,0.1,12200,100,face,3,5,0.12535285949707,0.19842636786743253,0.525213944668984,0.5662979359395045,0.20054934930822735,0.5245727062335246,0.5661632977042345,NA
1,11,OnlineFPCA-sgd,0.1,12300,100,face,3,5,0.127485036849976,0.19828792188810712,0.5252231625340081,0.5663511357759469,0.2005225765129964,0.524580682032222,0.5661655869084413,NA
1,11,OnlineFPCA-sgd,0.1,12400,100,face,3,5,0.129437208175659,0.19821596265157995,0.5251973286930806,0.566316853367042,0.20049482742669156,0.5245880186018359,0.566167287032666,NA
1,11,OnlineFPCA-sgd,0.1,12500,100,face,3,5,0.135830163955688,0.1982154174396749,0.5252723984749588,0.5663260389792537,0.20046771062778024,0.5245957528606069,0.5661690675616257,NA
1,11,OnlineFPCA-sgd,0.1,12600,100,face,3,5,0.127910137176514,0.1981113759556556,0.5253050862742764,0.5663105460827232,0.20044030646862193,0.5246036324386726,0.5661707534473935,NA
1,11,OnlineFPCA-sgd,0.1,12700,100,face,3,5,0.153405666351318,0.19810849626115729,0.5253292431918428,0.5663545066070843,0.20041318063980898,0.5246118545558334,0.5661729847373667,NA
1,11,OnlineFPCA-sgd,0.1,12800,100,face,3,5,0.161849498748779,0.19810480614732798,0.5253372190309563,0.5663769164696106,0.20038650479530543,0.5246200531451409,0.5661754686405973,NA
1,11,OnlineFPCA-sgd,0.1,12900,100,face,3,5,0.125700712203979,0.19802196602721767,0.5253856401062579,0.5664524054608495,0.20035949353067853,0.5246287340567597,0.5661785528171304,NA
1,11,OnlineFPCA-sgd,0.1,13000,100,face,3,5,0.131042957305908,0.19781035544591077,0.5253860658481428,0.5664833661657273,0.20033201287900687,0.5246368955775348,0.5661817484020626,NA
1,11,OnlineFPCA-sgd,0.1,13100,100,face,3,5,0.127265691757202,0.19774131783992305,0.5253893401686618,0.5664495633155926,0.20030374505897708,0.5246452200259129,0.5661851713386867,NA
1,11,OnlineFPCA-sgd,0.1,13200,100,face,3,5,0.127184629440308,0.1977852934593929,0.5254351167546109,0.566455632438572,0.20027582970344496,0.5246537136611934,0.566188004016335,NA
1,11,OnlineFPCA-sgd,0.1,13300,100,face,3,5,0.128626823425293,0.1977694825533945,0.5254581303551912,0.5665557248466132,0.20024849361220676,0.5246623201721226,0.5661912766421584,NA
1,11,OnlineFPCA-sgd,0.1,13400,100,face,3,5,0.122059345245361,0.19766193514856376,0.5254352826910224,0.5666028552214107,0.20022120346008004,0.5246706397566057,0.5661953514727757,NA
1,11,OnlineFPCA-sgd,0.1,13500,100,face,3,5,0.125580787658691,0.19757819872202328,0.525440133422998,0.5665664339812849,0.20019339207212303,0.5246788272697511,0.5661993846045632,NA
1,11,OnlineFPCA-sgd,0.1,13600,100,face,3,5,0.128694772720337,0.1975209106876862,0.5254705769525688,0.5666182980863342,0.20016518858541302,0.5246868616729771,0.56620330976011235,NA
1,11,OnlineFPCA-sgd,0.1,13700,100,face,3,5,0.13396430015564,0.1973724365286307,0.5255415007599812,0.5666168963700504,0.20013645000085695,0.5246951964005618,0.5662077234507966,NA
1,11,OnlineFPCA-sgd,0.1,13800,100,face,3,5,0.149298429489136,0.19740862697301276,0.5256284389834325,0.566638441548587,0.20010786440445233,0.5247044014655029,0.5662121460543189,NA
1,11,OnlineFPCA-sgd,0.1,13900,100,face,3,5,0.150476455688477,0.19738545750118727,0.5256095378798099,0.5666317478790274,0.20007987384483117,0.524713562174058,0.5662161927334879,NA
1,11,OnlineFPCA-sgd,0.1,14000,100,face,3,5,0.125706195831299,0.19733978489815254,0.52569051488605,0.5666573920920852,0.2000524539055651,0.5247231618071324,0.5662204283321577,NA
1,11,OnlineFPCA-sgd,0.1,14100,100,face,3,5,0.125012636184692,0.19728654300100615,0.5257171068186136,0.5665781931284756,0.2000248576048847,0.5247328759346961,0.5662239152232976,NA
1,11,OnlineFPCA-sgd,0.1,14200,100,face,3,5,0.124394655227661,0.19722387877187536,0.5257252265820124,0.5665866212412068,0.19999701269557044,0.5247426546831927,0.5662273097199857,NA
1,11,OnlineFPCA-sgd,0.1,14300,100,face,3,5,0.129293203353882,0.19713717572131528,0.5256727426126889,0.5665553182585777,0.1999691710365388,0.5247518612663398,0.5662304461197781,NA
1,11,OnlineFPCA-sgd,0.1,14400,100,face,3,5,0.125476598739624,0.19708726911833074,0.5256713648283938,0.5663887850153513,0.19994165206423417,0.5247607685758648,0.5662330015928341,NA
1,11,OnlineFPCA-sgd,0.1,14500,100,face,3,5,0.127604722976685,0.19707101449389927,0.5256582822506976,0.5664002993835181,0.19991384090287895,0.5247692311527283,0.5662344973467955,NA
1,11,OnlineFPCA-sgd,0.1,14600,100,face,3,5,0.127211332321167,0.19703040719069378,0.525605511680456,0.5663810510524029,0.19988656287853032,0.5247773353301587,0.5662361737754351,NA
1,11,OnlineFPCA-sgd,0.1,14700,100,face,3,5,0.129755735397339,0.19703373734093738,0.5255705312812142,0.5663355678403741,0.1998596398719648,0.5247849081952273,0.5662375103502628,NA
1,11,OnlineFPCA-sgd,0.1,14800,100,face,3,5,0.152047157287598,0.19688991941404246,0.5255564557702624,0.566430256602382,0.19983253651306718,0.5247919959772757,0.566238559736482,NA
1,11,OnlineFPCA-sgd,0.1,14900,100,face,3,5,0.160692691802979,0.19696179366864547,0.5255642476445826,0.5664894212369626,0.19980517029612052,0.5247990938894488,0.5662406646467816,NA
1,11,OnlineFPCA-sgd,0.1,15000,100,face,3,5,0.133382320404053,0.19693036658185786,0.5255478979145235,0.5664116045702208,0.19977827527927058,0.5248060200758465,0.5662428866030966,NA
1,11,OnlineFPCA-adagrad,0.1,0,100,face,3,5,1.05377078056335,0.23747736953192664,0.26403917466209137,1.0060797607081817,0.23747736953192664,0.26403917466209137,1.0060797607081817,0.10000000000000002
1,11,OnlineFPCA-adagrad,0.1,100,100,face,3,5,0.468090057373047,1.29025146586624,1.2050594586602519,1.1849279237330872,NA,NA,NA,0.005623413251903492
1,11,OnlineFPCA-adagrad,0.1,200,100,face,3,5,0.470290660858154,1.2759717683212144,1.1971747609182184,1.156650336678363,NA,NA,NA,9.561691813137642e-4
1,11,OnlineFPCA-adagrad,0.1,300,100,face,3,5,0.466485023498535,1.23980280424475,1.177173811936499,1.2577497295864497,NA,NA,NA,0.0036296400856756185
1,11,OnlineFPCA-adagrad,0.1,400,100,face,3,5,0.469130277633667,1.2693319616246288,1.1895713562892778,1.344156323604292,NA,NA,NA,0.0012195570906674705
1,11,OnlineFPCA-adagrad,0.1,500,100,face,3,5,0.462731599807739,1.2591820707123331,1.1625385190747821,1.310264775815393,NA,NA,NA,0.003100032770286341
1,11,OnlineFPCA-adagrad,0.1,600,100,face,3,5,0.635896921157837,0.9182791181486567,1.140545111601933,1.329136614425729,NA,NA,NA,0.007046687390321068
1,11,OnlineFPCA-adagrad,0.1,700,100,face,3,5,0.480631113052368,0.732200089689278,1.086374836833685,1.3012274163459787,NA,NA,NA,0.014727399582179772
1,11,OnlineFPCA-adagrad,0.1,800,100,face,3,5,0.467574119567871,0.7315459449368887,1.055508377618203,1.2554681448994964,NA,NA,NA,0.028820325406308
1,11,OnlineFPCA-adagrad,0.1,900,100,face,3,5,0.470058917999268,0.7293430521843637,1.0518417949810228,1.2280945971560357,NA,NA,NA,0.05348061420199757
1,11,OnlineFPCA-adagrad,0.1,1000,100,face,3,5,0.471562623977661,0.6473865541641955,1.3178655585515355,1.291022349670093,NA,NA,NA,0.05348061420199757
1,11,OnlineFPCA-adagrad,0.1,1100,100,face,3,5,0.684635877609253,0.5153788918465491,1.3333831274011778,1.314850739601235,0.23667979315263726,1.3239994002085687,1.3049121459991802,0.05348061420199757
1,11,OnlineFPCA-adagrad,0.1,1200,100,face,3,5,0.648029565811157,0.5045040455819175,1.3324646155248518,1.314121694878729,0.26706973779453824,1.3284725974513574,1.3093829957671814,0.08865861838137663
1,11,OnlineFPCA-adagrad,0.1,1300,100,face,3,5,0.650627613067627,0.7057720850746106,1.331440104578138,1.3133734292301844,0.2722859716662546,1.3296847243914955,1.3107990726592393,0.0549740951128597
1,11,OnlineFPCA-adagrad,0.1,1400,100,face,3,5,0.676380157470703,0.32195884314773493,0.6905688649660185,0.7396992682882207,0.2686563855933183,1.248177218869856,1.275333379238514,0.08654221990846495
1,11,OnlineFPCA-adagrad,0.1,1500,100,face,3,5,0.665506839752197,0.7932309135846675,0.7916030693789995,0.5201313103734275,0.26513363860024064,1.0988411833880096,1.1305733602184564,0.13335418398896665
1,11,OnlineFPCA-adagrad,0.1,1600,100,face,3,5,0.669432401657104,0.6465590282861401,0.7095383668273283,0.8180592668844756,0.27272787518871794,1.0560417596371163,1.0915661401076189,0.058349670817802936
1,11,OnlineFPCA-adagrad,0.1,1700,100,face,3,5,0.683099269866943,0.2183158838459988,0.41521550914321953,0.47195343310471916,0.25261170957815027,0.8902214563862079,0.9272731179937794,0.058349670817802936
1,11,OnlineFPCA-adagrad,0.1,1800,100,face,3,5,0.665002107620239,0.4966563639354371,0.41711934086724844,0.4671867418291871,0.24678459460333718,0.8276182012639183,0.8658153936758735,0.058349670817802936
1,11,OnlineFPCA-adagrad,0.1,1900,100,face,3,5,0.680431365966797,0.49145908594655424,0.4181846796565209,0.4635317187301091,0.24060960381611254,0.7800012558225343,0.818705376083126,0.028038586125494487
1,11,OnlineFPCA-adagrad,0.1,2000,100,face,3,5,0.686834335327148,0.1872393551255324,0.418086622763187,0.4638041146400759,0.23491393069233132,0.7424662895431017,0.7814409337711519,0.01382608121353447
1,11,OnlineFPCA-adagrad,0.1,2100,100,face,3,5,0.665265798568726,0.18717811618705565,0.41808626744451527,0.46380936559934155,0.23050943877548674,0.712057993493687,0.7512761161344478,0.006981552218153918
1,11,OnlineFPCA-adagrad,0.1,2200,100,face,3,5,0.662755727767944,0.18711755526403376,0.41807264759712703,0.46377705758413784,0.22684065245700336,0.686896606701099,0.7263437883613235,0.00360340030093241
1,11,OnlineFPCA-adagrad,0.1,2300,100,face,3,5,0.660099506378174,0.18704464664901316,0.4180772861413497,0.46382123321303753,0.2237385932508603,0.665723060087681,0.7053899710620578,0.00360340030093241
1,11,OnlineFPCA-adagrad,0.1,2400,100,face,3,5,0.661221981048584,0.18700540090723117,0.41804254084693604,0.46378597930562654,0.22107986525247514,0.6476493958167209,0.6875250191526703,0.002639850209137615
1,11,OnlineFPCA-adagrad,0.1,2500,100,face,3,5,0.874109029769897,0.18695123416932372,0.418079421921309,0.4637721298100033,0.21877726701022102,0.6320419140675038,0.672114466992479,0.002639850209137615
1,11,OnlineFPCA-adagrad,0.1,2600,100,face,3,5,0.708791971206665,0.2087819867236583,0.7355783237633691,0.7371306085477114,0.21590874560563764,0.6342707773870394,0.6721402876837448,0.001465680862781375
1,11,OnlineFPCA-adagrad,0.1,2700,100,face,3,5,0.719731092453003,0.20589671602668258,0.7396589829342042,0.7416066982298335,0.2133536666514507,0.6405220280598308,0.6762454494145729,8.263462629727926e-4
1,11,OnlineFPCA-adagrad,0.1,2800,100,face,3,5,0.706971406936646,0.20434869066158057,0.740218454656527,0.7419785330979175,0.21125963142610044,0.6458323965701384,0.6796308041806439,8.263462629727926e-4
1,11,OnlineFPCA-adagrad,0.1,2900,100,face,3,5,0.721242666244507,0.20270569984419678,0.7405379914041014,0.7423859588930894,0.2093851458458644,0.6506563584175185,0.6826900151633382,6.292088992772164e-4
1,11,OnlineFPCA-adagrad,0.1,3000,100,face,3,5,0.717931985855103,0.19405191287138426,0.7389462444780721,0.7411447124634111,0.20754626673843973,0.6549388597010487,0.6854043431611023,4.8217374640068455e-4
1,11,OnlineFPCA-adagrad,0.1,3100,100,face,3,5,0.725538730621338,0.1892405561255215,0.7387762162049613,0.7405661966847746,0.2056816318839389,0.6588029986832,0.6878349109693674,2.865938312883331e-4
1,11,OnlineFPCA-adagrad,0.1,3200,100,face,3,5,0.714082002639771,0.1889963274918158,0.7395815924665389,0.7411074185038341,0.20395135501729825,0.6623558869666821,0.6900185346029699,2.865938312883331e-4
1,11,OnlineFPCA-adagrad,0.1,3300,100,face,3,5,0.720695018768311,0.18214549745489134,0.738002139111852,0.7418529953887214,0.20236459578790836,0.6655982626428737,0.6920664458160468,1.7418262069772943e-4
1,11,OnlineFPCA-adagrad,0.1,3400,100,face,3,5,0.699013710021973,0.17390004891190738,0.7353229141388277,0.7412022688324467,0.20083278740073793,0.6685055390416763,0.6939743091433798,1.7418262069772943e-4
1,11,OnlineFPCA-adagrad,0.1,3500,100,face,3,5,0.738134384155273,0.16603301582833746,0.7341537681431869,0.7397930659326046,0.1991811252004131,0.6711099731996943,0.6956825591723611,1.3716303142311635e-4
1,11,OnlineFPCA-adagrad,0.1,3600,100,face,3,5,0.704970121383667,0.1547925119040533,0.7319352792692283,0.7387532488837006,0.19729945651893505,0.67343874853530306,0.697193329798541,1.0851644186119535e-4
1,11,OnlineFPCA-adagrad,0.1,3700,100,face,3,5,0.750971555709839,0.1477528478402632,0.7320911416504375,0.7382036461643666,0.19523854464792195,0.6755592274470312,0.698565698824373,8.623563222593598e-5
1,11,OnlineFPCA-adagrad,0.1,3800,100,face,3,5,0.709946632385254,0.1500413071255972,0.7336402410418088,0.7390649661501523,0.1932739017557407,0.6775908142639898,0.6998518380974501,8.623563222593598e-5
1,11,OnlineFPCA-adagrad,0.1,3900,100,face,3,5,0.71701979637146,0.1438818468297452,0.7326549470776899,0.7383284223423668,0.19137364476536517,0.6794867110254881,0.701040992084187,5.537213991464362e-5
1,11,OnlineFPCA-adagrad,0.1,4000,100,face,3,5,0.738784790039062,0.18958952781332047,0.681251264215503,0.7021461792686601,0.18958952781332047,0.681251264215503,0.7021461792686601,3.583237120436497e-5
1,11,OnlineFPCA-adagrad,0.1,4100,100,face,3,5,0.705911159515381,0.21785434806966286,0.6698874823094979,0.6815366857095874,0.11089586132913551,0.6848367067161188,0.6806676182906143,3.583237120436497e-5
1,11,OnlineFPCA-adagrad,0.1,4200,100,face,3,5,0.745553970336914,0.10603252068922348,0.679531303026241,0.7022756696791255,0.11829917304473489,0.6823237999567432,0.679060496644181,2.9036275671434842e-5
1,11,OnlineFPCA-adagrad,0.1,4300,100,face,3,5,0.895804882049561,0.11167781280883081,0.6755900034527036,0.6950224806301302,0.08434004097151145,0.6777543179043707,0.6847521148053345,2.3610128782985726e-5
1,11,OnlineFPCA-adagrad,0.1,4400,100,face,3,5,0.706103563308716,0.15512158210969876,0.6991303452775531,0.6762296456569932,0.07570747229453767,0.6773163999776821,0.6834713570423594,1.5713817875221965e-5
1,11,OnlineFPCA-adagrad,0.1,4500,100,face,3,5,0.710041999816895,0.17317037009483738,0.7157745635858497,0.6729554463017776,0.06736772069037425,0.6778962251298984,0.6810098752029958,1.2860364098941567e-5
1,11,OnlineFPCA-adagrad,0.1,4600,100,face,3,5,0.732213735580444,0.038407641675124414,0.7250599828655374,0.6558989120585128,0.06532977044374007,0.6806134690140675,0.6810739236819283,1.0557315955495807e-5
1,11,OnlineFPCA-adagrad,0.1,4700,100,face,3,5,0.708590269088745,0.17452070359718472,0.7284401543748142,0.6658177260619368,0.059944266298906285,0.6809899785275995,0.6802947499692217,1.0557315955495807e-5
1,11,OnlineFPCA-adagrad,0.1,4800,100,face,3,5,0.705959796905518,0.28029991285339073,0.708557574086001,0.7084862443805863,0.043995830053024466,0.6806197094850847,0.6784306324081937,7.197555182762179e-6
1,11,OnlineFPCA-adagrad,0.1,4900,100,face,3,5,0.784029483795166,0.21924567649845036,0.6915081918033098,0.7667182622604012,0.0504755335085615,0.6810396949771663,0.6840854697604138,5.959265876423721e-6
1,11,OnlineFPCA-adagrad,0.1,5000,100,face,3,5,0.732036828994751,0.17359735983260557,0.7346564169321795,0.755742155984621,0.04926501777264541,0.6824731046832273,0.6923557840777192,4.106870517670672e-6
1,11,OnlineFPCA-adagrad,0.1,5100,100,face,3,5,0.138045310974121,0.20734425815175286,0.7148966574088544,0.707760126798983,0.04358769057693331,0.6843678922196237,0.6971849665169054,NA
1,11,OnlineFPCA-adagrad,0.1,5200,100,face,3,5,0.150161504745483,0.09894030367925286,0.6776547106633182,0.7022820865846114,0.04179594333568762,0.6828794611088523,0.6968887831886191,NA
1,11,OnlineFPCA-adagrad,0.1,5300,100,face,3,5,0.144666433334351,0.21086896366736033,0.7274330208399606,0.7813222410259011,0.03540111876511462,0.6823103486128286,0.7011401507028138,NA
1,11,OnlineFPCA-adagrad,0.1,5400,100,face,3,5,0.14700984954834,0.23426901490094268,0.7029418084337535,0.7593537780421804,0.026532003138736708,0.6820295622436997,0.7052922382034551,NA
1,11,OnlineFPCA-adagrad,0.1,5500,100,face,3,5,0.153239250183105,0.14764357792756516,0.6792066142159586,0.7134724014767189,0.02591586274026909,0.6813901876878935,0.7066306326115493,NA
1,11,OnlineFPCA-adagrad,0.1,5600,100,face,3,5,0.146677255630493,0.1446109423541594,0.6476551470056848,0.7082834427187852,0.028359973831095817,0.6790505001633029,0.7058336044403103,NA
1,11,OnlineFPCA-adagrad,0.1,5700,100,face,3,5,0.145522832870483,0.19251539086201908,0.6295670782473444,0.6586736172329536,0.030949524925861522,0.6754527789390725,0.7035444832141525,NA
1,11,OnlineFPCA-adagrad,0.1,5800,100,face,3,5,0.151586294174194,0.18756939362028768,0.5693033091537856,0.6048173751219359,0.036741490799252534,0.6692877469695021,0.6987695632553459,NA
1,11,OnlineFPCA-adagrad,0.1,5900,100,face,3,5,0.146462678909302,0.09021101616254447,0.53579666914227575,0.6313160183287644,0.042232440467807005,0.6625346778419495,0.6940642435004283,NA
1,11,OnlineFPCA-adagrad,0.1,6000,100,face,3,5,0.146882057189941,0.09333476610013776,0.526092425572989,0.6128418237485427,0.04021738741041562,0.6554177916508174,0.6894319073490894,NA
1,11,OnlineFPCA-adagrad,0.1,6100,100,face,3,5,0.151057958602905,0.12836864650149038,0.5268629037747359,0.6049493801762439,0.03706648896057979,0.6490669413755757,0.6842432718230423,NA
1,11,OnlineFPCA-adagrad,0.1,6200,100,face,3,5,0.144171953201294,0.15051023491208124,0.5347465245893482,0.6394979217346589,0.033493675217577804,0.6431381407339054,0.6795511618891892,NA
1,11,OnlineFPCA-adagrad,0.1,6300,100,face,3,5,0.142794370651245,0.11077429416862916,0.5363210896934696,0.5849236347468924,0.03305504204892181,0.6378868207943473,0.6758262732986536,NA
1,11,OnlineFPCA-adagrad,0.1,6400,100,face,3,5,0.14655876159668,0.16618953602636888,0.5217590760900528,0.5638442656035474,0.03220515953733132,0.6334812954978241,0.6714886018256943,NA
1,11,OnlineFPCA-adagrad,0.1,6500,100,face,3,5,0.150720357894897,0.08151029728902096,0.501599980132121,0.5249911661448224,0.03343387562240022,0.6282096009156299,0.6656985554506154,NA
1,11,OnlineFPCA-adagrad,0.1,6600,100,face,3,5,0.146083831787109,0.10554238618107029,0.5150439878967908,0.6157089103725292,0.03028786844591213,0.6231583558049577,0.6608456229314655,NA
1,11,OnlineFPCA-adagrad,0.1,6700,100,face,3,5,0.151415109634399,0.14042124005620002,0.5117110609004027,0.6222582508759938,0.030494438414130774,0.6187554035966203,0.6578720103718871,NA
1,11,OnlineFPCA-adagrad,0.1,6800,100,face,3,5,0.139621496200562,0.10665363214925344,0.5031921967839073,0.604875515299743,0.030526699413002248,0.6144182848806581,0.655105782305311,NA
1,11,OnlineFPCA-adagrad,0.1,6900,100,face,3,5,0.149383306503296,0.1412203881872717,0.4846224994891895,0.5492684265535258,0.03175582804733529,0.6101778685734118,0.6520632971503183,NA
1,11,OnlineFPCA-adagrad,0.1,7000,100,face,3,5,0.15023136138916,0.08980664067764796,0.4772092033327001,0.539947612074632,0.03420529066906135,0.6055127992244064,0.647712840033556,NA
1,11,OnlineFPCA-adagrad,0.1,7100,100,face,3,5,0.140320301055908,0.11110361451258943,0.44841702846032006,0.5356158640173238,0.03377537438661768,0.6007291882106675,0.6433558263053282,NA
1,11,OnlineFPCA-adagrad,0.1,7200,100,face,3,5,0.145923137664795,0.1323711658393494,0.4613064136017219,0.5205490659642367,0.03229089725307929,0.5960869730605894,0.6390902067610138,NA
1,11,OnlineFPCA-adagrad,0.1,7300,100,face,3,5,0.151483535766602,0.09316722478115964,0.4878497186325841,0.5389379424032901,0.032309453989275635,0.5922061309978573,0.6363310974277998,NA
1,11,OnlineFPCA-adagrad,0.1,7400,100,face,3,5,0.143241167068481,0.11602227194857802,0.4435767205400703,0.5314645809120285,0.03291725403653313,0.5880033962069005,0.6328104476273192,NA
1,11,OnlineFPCA-adagrad,0.1,7500,100,face,3,5,0.143485069274902,0.12891325705469853,0.39994001120772865,0.4457458498902188,0.03323481073139803,0.583023822745947,0.628095708717465,NA
1,11,OnlineFPCA-adagrad,0.1,7600,100,face,3,5,0.155210494995117,0.09455249929119747,0.4086950193099122,0.4336608534355998,0.030776987502214102,0.5773635826277591,0.6226694766108266,NA
1,11,OnlineFPCA-adagrad,0.1,7700,100,face,3,5,0.140566825866699,0.11045077262386076,0.38691419120600107,0.49007911446680996,0.02845097008661854,0.5715732298513736,0.6178785345463935,NA
1,11,OnlineFPCA-adagrad,0.1,7800,100,face,3,5,0.142883539199829,0.14799938185094116,0.4263977889206886,0.5168798047339037,0.027111061001299563,0.5660421327661298,0.6137586824600207,NA
1,11,OnlineFPCA-adagrad,0.1,7900,100,face,3,5,0.147684574127197,0.1007797669439752,0.43821206951752373,0.534732617634352,0.025683158334762674,0.5615849530300072,0.6107587510972666,NA
1,11,OnlineFPCA-adagrad,0.1,8000,100,face,3,5,0.143477916717529,0.1655060768498005,0.34090943399635204,0.5029777919253311,0.024926820001966405,0.5562540931779473,0.6070480608376068,NA
1,11,OnlineFPCA-adagrad,0.1,8100,100,face,3,5,0.151938199996948,0.13959206374297728,0.33827924715543123,0.42679173458669906,0.024569319906546466,0.5495887709791991,0.6020311071236488,NA
1,11,OnlineFPCA-adagrad,0.1,8200,100,face,3,5,0.139634370803833,0.09868158829044012,0.33756147713441403,0.41601651737415096,0.024741905668383177,0.5427237864801818,0.5966200552986941,NA
1,11,OnlineFPCA-adagrad,0.1,8300,100,face,3,5,0.149580717086792,0.13873426880963913,0.2935301835950155,0.4236992774542672,0.02385099181601178,0.5364833897168598,0.5914822587222655,NA
1,11,OnlineFPCA-adagrad,0.1,8400,100,face,3,5,0.150354385375977,0.1994809053778037,0.33973021359362626,0.43512373576567087,0.021166029934992468,0.53009668175286,0.5867355335754381,NA
1,11,OnlineFPCA-adagrad,0.1,8500,100,face,3,5,0.144269227981567,0.13769690903807844,0.31736206696456415,0.39137950903260155,0.019172083763046195,0.5241608530327956,0.5822079948794463,NA
1,11,OnlineFPCA-adagrad,0.1,8600,100,face,3,5,0.142921686172485,0.2104389093221442,0.36335969491146775,0.3454414650556218,0.019662868004204987,0.5184393105244617,0.577372044314061,NA
1,11,OnlineFPCA-adagrad,0.1,8700,100,face,3,5,0.153326272964478,0.1537817834526693,0.23895250963657602,0.33430145593311866,0.019867375208217648,0.5117453817659962,0.5719434953925249,NA
1,11,OnlineFPCA-adagrad,0.1,8800,100,face,3,5,0.145529985427856,0.13565017770162627,0.2949083259349543,0.3540273511004121,0.01939610022072797,0.5050407213412074,0.5660980035176421,NA
1,11,OnlineFPCA-adagrad,0.1,8900,100,face,3,5,0.146572113037109,0.15755942442562734,0.29975828472958443,0.3978490255964329,0.019308317456526884,0.49924049197569753,0.5613282131934205,NA
1,11,OnlineFPCA-adagrad,0.1,9000,100,face,3,5,0.146524667739868,0.1451506010092693,0.24556557067879975,0.31938822198694783,0.019007819722404375,0.4932506300333618,0.5562008195087118,NA
1,11,OnlineFPCA-adagrad,0.1,9100,100,face,3,5,0.144065618515015,0.2257315061443372,0.25905511528341607,0.27710878497058233,0.021418908678510554,0.48753335233583994,0.5504616391956583,NA
1,11,OnlineFPCA-adagrad,0.1,9200,100,face,3,5,0.148945569992065,0.07424612348951505,0.25808868107552235,0.30088167427193657,0.022765855170660276,0.4816723552756462,0.5444147412571751,NA
1,11,OnlineFPCA-adagrad,0.1,9300,100,face,3,5,0.144142866134644,0.09700058824295492,0.282652286129243,0.33507419661042503,0.022470766413536354,0.4771732498036537,0.5393721189518667,NA
1,11,OnlineFPCA-adagrad,0.1,9400,100,face,3,5,0.153677940368652,0.12927464343884182,0.2528387796353671,0.2568645326005501,0.02232971720110916,0.4727591849518015,0.5347310325202698,NA
1,11,OnlineFPCA-adagrad,0.1,9500,100,face,3,5,0.149654865264893,0.1384897470102846,0.29852639441366724,0.30026970847678874,0.021646954864272965,0.4683274707091229,0.5303972551886539,NA
1,11,OnlineFPCA-adagrad,0.1,9600,100,face,3,5,0.137724876403809,0.05320792643618484,0.3694192801871118,0.2925112509935444,0.021246151178230192,0.4641532842491845,0.5266621531101755,NA
1,11,OnlineFPCA-adagrad,0.1,9700,100,face,3,5,0.147978782653809,0.11689047524090733,0.37047806810770717,0.3055815148326421,0.022165350639337233,0.4600015911130382,0.5227719684254423,NA
1,11,OnlineFPCA-adagrad,0.1,9800,100,face,3,5,0.149245738983154,0.21464412717517106,0.34202252477724926,0.3621849859600679,0.023514231362437545,0.4558666555230949,0.5188939046171982,NA
1,11,OnlineFPCA-adagrad,0.1,9900,100,face,3,5,0.140142202377319,0.19854304969236278,0.28082665293408215,0.4009176002504537,0.024959932572099264,0.4517519786098335,0.5161178119029387,NA
1,11,OnlineFPCA-adagrad,0.1,10000,100,face,3,5,0.147490739822388,0.09741572476721709,0.31565954750104375,0.3604153081088393,0.025367237019283922,0.4480640673002991,0.5134711713168532,NA
1,11,OnlineFPCA-adagrad,0.1,10100,100,face,3,5,0.156099081039429,0.13175892152881757,0.28959922528207727,0.31934210634869736,0.024860454822381858,0.4447833074539208,0.5105128360725958,NA
1,11,OnlineFPCA-adagrad,0.1,10200,100,face,3,5,0.144600868225098,0.07989102229152475,0.26047308415038667,0.3455335066925581,0.024407110986047652,0.44155085056468063,0.5073456460281546,NA
1,11,OnlineFPCA-adagrad,0.1,10300,100,face,3,5,0.146015167236328,0.17381332795877288,0.3598105287233685,0.41559593285728036,0.024691796325271832,0.438269311614373,0.504851669978095,NA
1,11,OnlineFPCA-adagrad,0.1,10400,100,face,3,5,0.14618444442749,0.20505585970495485,0.3123085924788189,0.41496824578396974,0.02465303281721967,0.43502194957401674,0.5021843408862255,NA
1,11,OnlineFPCA-adagrad,0.1,10500,100,face,3,5,0.150237798690796,0.13931369731916649,0.30856831633909504,0.3820094968150025,0.02532837625151289,0.43198981802457237,0.499555338601188,NA
1,11,OnlineFPCA-adagrad,0.1,10600,100,face,3,5,0.151031732559204,0.13899514104179694,0.27686613289615297,0.39535091246111487,0.0259231944514259,0.4287401027083176,0.49684347399291645,NA
1,11,OnlineFPCA-adagrad,0.1,10700,100,face,3,5,0.141133785247803,0.17500875809843036,0.26202157735005216,0.37120826328332124,0.026270273258696082,0.4253606330883343,0.49418476507209974,NA
1,11,OnlineFPCA-adagrad,0.1,10800,100,face,3,5,0.150037288665771,0.1734587694880808,0.18653878707105398,0.3424039324308056,0.027274495431549,0.4212969335018271,0.49094370376792723,NA
1,11,OnlineFPCA-adagrad,0.1,10900,100,face,3,5,0.146514177322388,0.09358655219174901,0.15135885263636387,0.3495606763485309,0.028877251348722453,0.417082104321024,0.4877111220358007,NA
1,11,OnlineFPCA-adagrad,0.1,11000,100,face,3,5,0.142156362533569,0.06646888795755758,0.12978152518622768,0.3319577382397058,0.028787194742839885,0.4127234934671526,0.4843740151341484,NA
1,11,OnlineFPCA-adagrad,0.1,11100,100,face,3,5,0.148306846618652,0.10888102435636285,0.1427734554480432,0.31059692889543283,0.028410091600824795,0.408410357654676,0.4808524494493544,NA
1,11,OnlineFPCA-adagrad,0.1,11200,100,face,3,5,0.152358055114746,0.11030548579243785,0.2182899988032883,0.30281572920589095,0.027701878714138525,0.4039450634103927,0.47717190700711704,NA
1,11,OnlineFPCA-adagrad,0.1,11300,100,face,3,5,0.146745443344116,0.11656226872919204,0.15316953545031606,0.2792883109894862,0.027178242881314464,0.39970457954960004,0.4738278424072005,NA
1,11,OnlineFPCA-adagrad,0.1,11400,100,face,3,5,0.143343687057495,0.1457448793003933,0.1184384039044617,0.25204660686526204,0.02681854178838081,0.3958139360258275,0.4704884383612079,NA
1,11,OnlineFPCA-adagrad,0.1,11500,100,face,3,5,0.147243976593018,0.06844292459713397,0.14123659426245203,0.24081193317434685,0.026950305427048703,0.3920027838498816,0.46705586135456284,NA
1,11,OnlineFPCA-adagrad,0.1,11600,100,face,3,5,0.153028964996338,0.08736686557357656,0.1286231520348162,0.3554384691404113,0.026114737715052704,0.3882375552321319,0.4642618241127187,NA
1,11,OnlineFPCA-adagrad,0.1,11700,100,face,3,5,0.149152755737305,0.11513924267395206,0.13395131369051813,0.32886777965226055,0.02574769700836576,0.38456963408977984,0.4618719029785748,NA
1,11,OnlineFPCA-adagrad,0.1,11800,100,face,3,5,0.134971618652344,0.09333633235366653,0.12622764049328,0.3220729663460935,0.025307604495953435,0.3808991674145226,0.45931128922610887,NA
1,11,OnlineFPCA-adagrad,0.1,11900,100,face,3,5,0.150705814361572,0.12750332350251556,0.1368010588584242,0.2552904113862536,0.025032258988150667,0.3775116939319634,0.4567211392982903,NA
1,11,OnlineFPCA-adagrad,0.1,12000,100,face,3,5,0.148477077484131,0.09321038311453389,0.1567711941504408,0.29064026383842745,0.025122144437229307,0.3739605064843791,0.45371703674243197,NA
1,11,OnlineFPCA-adagrad,0.1,12100,100,face,3,5,0.139877796173096,0.10752798165328793,0.10139456931843271,0.29047668359251616,0.024728986216685882,0.37022609089511854,0.4506498582422476,NA
1,11,OnlineFPCA-adagrad,0.1,12200,100,face,3,5,0.151489019393921,0.1266652967446083,0.0979431117885382,0.27718647496155996,0.024725291308022975,0.36642805730074085,0.44750828727621433,NA
1,11,OnlineFPCA-adagrad,0.1,12300,100,face,3,5,0.144640207290649,0.08250792045780236,0.16522665390634195,0.2830542930887474,0.02497305957771467,0.3628289715512494,0.44488825391137854,NA
1,11,OnlineFPCA-adagrad,0.1,12400,100,face,3,5,0.140381097793579,0.10964913695576801,0.12427642121174631,0.2894045311611967,0.02513296132205928,0.35953752089374036,0.44226877898928807,NA
1,11,OnlineFPCA-adagrad,0.1,12500,100,face,3,5,0.14892315864563,0.12026444763712198,0.15151237311496973,0.22477513882415087,0.025312494322194245,0.35641391751784623,0.43954276607174536,NA
1,11,OnlineFPCA-adagrad,0.1,12600,100,face,3,5,0.144656896591187,0.0800984616626222,0.18969416929254657,0.22850910906251704,0.024959938424530256,0.3533220946965651,0.436749503895378,NA
1,11,OnlineFPCA-adagrad,0.1,12700,100,face,3,5,0.142530918121338,0.08902673610863951,0.2237132241020701,0.29165290951382344,0.024319206044321043,0.35007960540458866,0.43414766406871064,NA
1,11,OnlineFPCA-adagrad,0.1,12800,100,face,3,5,0.146484375,0.1258857745760851,0.27910047134073485,0.3094196817973358,0.023739094110256237,0.3467166396854382,0.43164695191007735,NA
1,11,OnlineFPCA-adagrad,0.1,12900,100,face,3,5,0.145412921905518,0.08607782380991788,0.28769130657239145,0.3280256869102894,0.023170872390748373,0.34359859955061234,0.4294266203054568,NA
1,11,OnlineFPCA-adagrad,0.1,13000,100,face,3,5,0.145186185836792,0.1437766840649303,0.12073098857016397,0.31446177579997253,0.02289126560410387,0.3403441037715617,0.427134738341884,NA
1,11,OnlineFPCA-adagrad,0.1,13100,100,face,3,5,0.148693323135376,0.12440062178131968,0.08182634145970444,0.27751113719140497,0.023199083103216722,0.3367154298759373,0.42445882533096246,NA
1,11,OnlineFPCA-adagrad,0.1,13200,100,face,3,5,0.139132738113403,0.0797579951341206,0.11649657096230677,0.2673386565699365,0.023383060240241376,0.3328750531167137,0.4217144449613093,NA
1,11,OnlineFPCA-adagrad,0.1,13300,100,face,3,5,0.14754843711853,0.12385309795860995,0.12061517281717768,0.287945434062486,0.02328669155305158,0.32947318658786334,0.4191268175804564,NA
1,11,OnlineFPCA-adagrad,0.1,13400,100,face,3,5,0.144250154495239,0.17570651442316132,0.15369044270205387,0.3154281941699433,0.022696324950767108,0.3259947683092364,0.41678515463852994,NA
1,11,OnlineFPCA-adagrad,0.1,13500,100,face,3,5,0.138427495956421,0.12771690725865484,0.12625716612915913,0.2627742011343819,0.02248821324105004,0.3227216840429021,0.41451599344250367,NA
1,11,OnlineFPCA-adagrad,0.1,13600,100,face,3,5,0.160574436187744,0.18466983722618013,0.24249287360160457,0.233506798249804,0.023235249641127616,0.31961750585797516,0.41209849421252487,NA
1,11,OnlineFPCA-adagrad,0.1,13700,100,face,3,5,0.145329475402832,0.1550006302707765,0.148046014767388,0.2634944579600391,0.02380831017162207,0.3161577934166879,0.40954103356443733,NA
1,11,OnlineFPCA-adagrad,0.1,13800,100,face,3,5,0.143934011459351,0.13423881642326896,0.2033924765412492,0.27085253597887565,0.023919548125294166,0.3128739306305155,0.40694635580561944,NA
1,11,OnlineFPCA-adagrad,0.1,13900,100,face,3,5,0.146167993545532,0.15300310947206522,0.17577808447367116,0.322954813001515,0.0240864694158434,0.3099684250108958,0.40482171441335624,NA
1,11,OnlineFPCA-adagrad,0.1,14000,100,face,3,5,0.146640777587891,0.12676415311901856,0.12578980797575728,0.24679137850169156,0.02411609450371569,0.30699272534564054,0.4025785933933032,NA
1,11,OnlineFPCA-adagrad,0.1,14100,100,face,3,5,0.149903774261475,0.20350304030850486,0.164704470647917,0.1916963595580562,0.025185737880552055,0.30421263158997247,0.3999682902011922,NA
1,11,OnlineFPCA-adagrad,0.1,14200,100,face,3,5,0.149349927902222,0.08049364732074414,0.14109531102603712,0.21598575997541924,0.025837777624870946,0.30142976189122306,0.39718122658187505,NA
1,11,OnlineFPCA-adagrad,0.1,14300,100,face,3,5,0.140762329101562,0.09301445481315945,0.14009686555764864,0.23459551681073587,0.02588125353663616,0.29921659872345574,0.3947929141771521,NA
1,11,OnlineFPCA-adagrad,0.1,14400,100,face,3,5,0.151494979858398,0.11275346542201432,0.0888821296416016,0.14130236863117096,0.025945272125545635,0.2968715438268989,0.392480401629104,NA
1,11,OnlineFPCA-adagrad,0.1,14500,100,face,3,5,0.148036003112793,0.11960232345924732,0.1525490206193639,0.21884732692713543,0.02571619265799728,0.29442202005439977,0.3903088784461465,NA
1,11,OnlineFPCA-adagrad,0.1,14600,100,face,3,5,0.138415575027466,0.05393752579719287,0.23619656890650942,0.2066969918632649,0.025494985364174036,0.29203284643967936,0.38851828024159374,NA
1,11,OnlineFPCA-adagrad,0.1,14700,100,face,3,5,0.358423948287964,0.10042615542443423,0.24459993690071247,0.21462923149322538,0.0258000026407703,0.2897161070638073,0.3866215422769886,NA
1,11,OnlineFPCA-adagrad,0.1,14800,100,face,3,5,0.147611856460571,0.18222172225338198,0.22931729532832856,0.2694687391682828,0.026440829604183553,0.28741383973599116,0.3846944622211035,NA
1,11,OnlineFPCA-adagrad,0.1,14900,100,face,3,5,0.139917612075806,0.18515285327646241,0.16513365945254418,0.29865882848974706,0.027123964767187324,0.28510921899655056,0.3833435205004233,NA
1,11,OnlineFPCA-adagrad,0.1,15000,100,face,3,5,0.14759349822998,0.07360878076311916,0.197332222997124,0.2485073535082364,0.02739002992341921,0.28304926364215377,0.3819449248598225,NA
1,11,OnlineCov,NA,100,NA,NA,3,NA,4.61100459098816,0.28396456978447243,0.5151462399345519,1.3084935315436108,0.28396456978447243,0.5151462399345519,1.3084935315436108,NA
1,11,OnlineCov,NA,200,NA,NA,3,NA,4.11353039741516,0.06997430827296136,0.2613990843445393,1.267936497061379,0.06997430827296136,0.2613990843445393,1.267936497061379,NA
1,11,OnlineCov,NA,300,NA,NA,3,NA,4.21006989479065,0.1450351930396955,0.38673788192083847,0.8132161938734984,0.1450351930396955,0.38673788192083847,0.8132161938734984,NA
1,11,OnlineCov,NA,400,NA,NA,3,NA,4.69843435287476,0.11947048248664968,0.6200077921811556,0.8468138574862487,0.11947048248664968,0.6200077921811556,0.8468138574862487,NA
1,11,OnlineCov,NA,500,NA,NA,3,NA,4.96291041374207,0.1335953982212318,0.44897878682017467,0.6434987019632767,0.1335953982212318,0.44897878682017467,0.6434987019632767,NA
1,11,OnlineCov,NA,600,NA,NA,3,NA,4.496173620224,0.12318495064727135,0.4375885831133546,0.5780554504532261,0.12318495064727135,0.4375885831133546,0.5780554504532261,NA
1,11,OnlineCov,NA,700,NA,NA,3,NA,5.30207705497742,0.11448139360213645,0.35013905414786684,0.47773240307264525,0.11448139360213645,0.35013905414786684,0.47773240307264525,NA
1,11,OnlineCov,NA,800,NA,NA,3,NA,4.28106760978699,0.1194596645611817,0.31144374704532235,0.4362296883044802,0.1194596645611817,0.31144374704532235,0.4362296883044802,NA
1,11,OnlineCov,NA,900,NA,NA,3,NA,4.55000042915344,0.09293944024746192,0.20607025451292935,0.5341368787374562,0.09293944024746192,0.20607025451292935,0.5341368787374562,NA
1,11,OnlineCov,NA,1000,NA,NA,3,NA,3.97659230232239,0.07343071572358148,0.20419574737293922,0.5778877742559119,0.07343071572358148,0.20419574737293922,0.5778877742559119,NA
1,11,OnlineCov,NA,1100,NA,NA,3,NA,4.67608118057251,0.05669744375161912,0.21166472161826927,0.5525005335153494,0.05669744375161912,0.21166472161826927,0.5525005335153494,NA
1,11,OnlineCov,NA,1200,NA,NA,3,NA,4.14914441108704,0.052181006253327444,0.22522649029349479,0.5326553320493661,0.052181006253327444,0.22522649029349479,0.5326553320493661,NA
1,11,OnlineCov,NA,1300,NA,NA,3,NA,4.89904260635376,0.06901736890920572,0.23313059584930448,0.49210909955321497,0.06901736890920572,0.23313059584930448,0.49210909955321497,NA
1,11,OnlineCov,NA,1400,NA,NA,3,NA,4.62954878807068,0.07893116699112052,0.23453148515300862,0.4433397905314357,0.07893116699112052,0.23453148515300862,0.4433397905314357,NA
1,11,OnlineCov,NA,1500,NA,NA,3,NA,4.56154918670654,0.0743444173879635,0.1954798990389802,0.4076015370730086,0.0743444173879635,0.1954798990389802,0.4076015370730086,NA
1,11,OnlineCov,NA,1600,NA,NA,3,NA,4.7688844203949,0.06345650361810808,0.1977042932980107,0.4616533314997879,0.06345650361810808,0.1977042932980107,0.4616533314997879,NA
1,11,OnlineCov,NA,1700,NA,NA,3,NA,4.24616360664368,0.05820736678984904,0.1914144717498298,0.3968955739304858,0.05820736678984904,0.1914144717498298,0.3968955739304858,NA
1,11,OnlineCov,NA,1800,NA,NA,3,NA,4.65078258514404,0.05321055622041994,0.15814304140668722,0.38273324701835176,0.05321055622041994,0.15814304140668722,0.38273324701835176,NA
1,11,OnlineCov,NA,1900,NA,NA,3,NA,4.37692809104919,0.0618933683174992,0.17757251501295307,0.3775027612136913,0.0618933683174992,0.17757251501295307,0.3775027612136913,NA
1,11,OnlineCov,NA,2000,NA,NA,3,NA,4.31242680549622,0.05909836292822262,0.17031044566559736,0.36631999296476786,0.05909836292822262,0.17031044566559736,0.36631999296476786,NA
1,11,OnlineCov,NA,2100,NA,NA,3,NA,4.42049860954285,0.055301669817100295,0.19538002209875327,0.41286862743848946,0.055301669817100295,0.19538002209875327,0.41286862743848946,NA
1,11,OnlineCov,NA,2200,NA,NA,3,NA,4.07012414932251,0.04374251711037185,0.1703680833670661,0.41243301252095343,0.04374251711037185,0.1703680833670661,0.41243301252095343,NA
1,11,OnlineCov,NA,2300,NA,NA,3,NA,3.81948709487915,0.041973815477946874,0.17798965973340644,0.40877560439642047,0.041973815477946874,0.17798965973340644,0.40877560439642047,NA
1,11,OnlineCov,NA,2400,NA,NA,3,NA,4.84931182861328,0.04141029600816167,0.11559913541128085,0.4068594136583315,0.04141029600816167,0.11559913541128085,0.4068594136583315,NA
1,11,OnlineCov,NA,2500,NA,NA,3,NA,4.29630494117737,0.034843020541076464,0.12464354360560044,0.40615430008087433,0.034843020541076464,0.12464354360560044,0.40615430008087433,NA
1,11,OnlineCov,NA,2600,NA,NA,3,NA,4.40188431739807,0.03317322071150794,0.14913226609003624,0.41484901447194544,0.03317322071150794,0.14913226609003624,0.41484901447194544,NA
1,11,OnlineCov,NA,2700,NA,NA,3,NA,3.97626781463623,0.029781300049863516,0.18035194366947227,0.4339912841768862,0.029781300049863516,0.18035194366947227,0.4339912841768862,NA
1,11,OnlineCov,NA,2800,NA,NA,3,NA,4.15466117858887,0.02040532356767258,0.1951782517083344,0.44995847805525047,0.02040532356767258,0.1951782517083344,0.44995847805525047,NA
1,11,OnlineCov,NA,2900,NA,NA,3,NA,4.41138601303101,0.017435579601944785,0.19866928313952562,0.4347328475591434,0.017435579601944785,0.19866928313952562,0.4347328475591434,NA
1,11,OnlineCov,NA,3000,NA,NA,3,NA,4.33712005615234,0.027434801790061802,0.1780960684330045,0.4411676326585863,0.027434801790061802,0.1780960684330045,0.4411676326585863,NA
1,11,OnlineCov,NA,3100,NA,NA,3,NA,4.10365915298462,0.020916339221454906,0.15760175475898042,0.4362190769409653,0.020916339221454906,0.15760175475898042,0.4362190769409653,NA
1,11,OnlineCov,NA,3200,NA,NA,3,NA,4.76265239715576,0.01804129149594973,0.12201534119374141,0.3993589430508778,0.01804129149594973,0.12201534119374141,0.3993589430508778,NA
1,11,OnlineCov,NA,3300,NA,NA,3,NA,4.36287665367126,0.020350087772204747,0.13041688170103996,0.39349683687142734,0.020350087772204747,0.13041688170103996,0.39349683687142734,NA
1,11,OnlineCov,NA,3400,NA,NA,3,NA,4.44110321998596,0.027735588674040777,0.1183768269989284,0.4012960534533828,0.027735588674040777,0.1183768269989284,0.4012960534533828,NA
1,11,OnlineCov,NA,3500,NA,NA,3,NA,4.67349720001221,0.026458800040963376,0.10867243760470643,0.41543139575368054,0.026458800040963376,0.10867243760470643,0.41543139575368054,NA
1,11,OnlineCov,NA,3600,NA,NA,3,NA,3.97702670097351,0.03251258363446799,0.11250649578596995,0.3885470095282296,0.03251258363446799,0.11250649578596995,0.3885470095282296,NA
1,11,OnlineCov,NA,3700,NA,NA,3,NA,4.09859156608582,0.03407973159737445,0.10910531151719216,0.3845594670768343,0.03407973159737445,0.10910531151719216,0.3845594670768343,NA
1,11,OnlineCov,NA,3800,NA,NA,3,NA,4.39209413528442,0.03011014118798921,0.1210314040275596,0.3946060336634235,0.03011014118798921,0.1210314040275596,0.3946060336634235,NA
1,11,OnlineCov,NA,3900,NA,NA,3,NA,4.08248019218445,0.0332449327778547,0.11549810635029138,0.4175794314557865,0.0332449327778547,0.11549810635029138,0.4175794314557865,NA
1,11,OnlineCov,NA,4000,NA,NA,3,NA,4.62368655204773,0.0277364875400804,0.11293412006943172,0.3946920780567346,0.0277364875400804,0.11293412006943172,0.3946920780567346,NA
1,11,OnlineCov,NA,4100,NA,NA,3,NA,4.58398246765137,0.03482047356251135,0.12280741626851965,0.3700596466928266,0.03482047356251135,0.12280741626851965,0.3700596466928266,NA
1,11,OnlineCov,NA,4200,NA,NA,3,NA,3.98472619056702,0.033101780628860544,0.12255136378174689,0.34027458841229363,0.033101780628860544,0.12255136378174689,0.34027458841229363,NA
1,11,OnlineCov,NA,4300,NA,NA,3,NA,4.26448845863342,0.03019880223420523,0.11488380392940885,0.3371089574797277,0.03019880223420523,0.11488380392940885,0.3371089574797277,NA
1,11,OnlineCov,NA,4400,NA,NA,3,NA,4.07567262649536,0.03297907718626211,0.10129366174139655,0.31896532226155905,0.03297907718626211,0.10129366174139655,0.31896532226155905,NA
1,11,OnlineCov,NA,4500,NA,NA,3,NA,4.77905941009521,0.03369737485243367,0.10027879211552472,0.3320642391241317,0.03369737485243367,0.10027879211552472,0.3320642391241317,NA
1,11,OnlineCov,NA,4600,NA,NA,3,NA,4.68509840965271,0.03381755118591988,0.08947042623407965,0.3364311647115034,0.03381755118591988,0.08947042623407965,0.3364311647115034,NA
1,11,OnlineCov,NA,4700,NA,NA,3,NA,4.42474293708801,0.03919648116944952,0.08350691747271995,0.33740621829179196,0.03919648116944952,0.08350691747271995,0.33740621829179196,NA
1,11,OnlineCov,NA,4800,NA,NA,3,NA,4.41073155403137,0.04449786581139226,0.08092030933485117,0.358267587193611,0.04449786581139226,0.08092030933485117,0.358267587193611,NA
1,11,OnlineCov,NA,4900,NA,NA,3,NA,4.80790114402771,0.04106561388607498,0.08734909112517321,0.33494832984620354,0.04106561388607498,0.08734909112517321,0.33494832984620354,NA
1,11,OnlineCov,NA,5000,NA,NA,3,NA,5.06846523284912,0.036729512025238144,0.0897968571406532,0.33639419822649375,0.036729512025238144,0.0897968571406532,0.33639419822649375,NA
1,11,Batch-PACE,NA,5000,NA,NA,3,5000,7.71398305892944,0.03450679928461426,0.08365181723885375,0.3770450584011696,0.03450679928461426,0.08365181723885375,0.3770450584011696,NA
1,11,Batch-FACE,NA,5000,NA,NA,3,5000,69.465719461441,0.04066401789398245,0.06334945605073178,0.2477632275141548,0.04066401789398245,0.06334945605073178,0.2477632275141548,NA
1,11,Batch-REML,NA,5000,NA,NA,3,5000,216.671323776245,0.03353362463494735,0.04840678058810276,0.2928866059169245,0.03353362463494735,0.04840678058810276,0.2928866059169245,NA
1,11,Batch-SOAP,NA,5000,NA,NA,3,5000,472.407034397125,0.04198759940813201,0.10570012707203867,0.827299826378187,0.04198759940813201,0.10570012707203867,0.827299826378187,NA
